REGION,TECHNOLOGY,TIMESLICE,YEAR,VALUE
RE1,BACKSTOP_1,S101,2022,1.0
RE1,BACKSTOP_1,S101,2023,1.0
RE1,BACKSTOP_1,S101,2024,1.0
RE1,BACKSTOP_1,S101,2025,1.0
RE1,BACKSTOP_1,S101,2026,1.0
RE1,BACKSTOP_1,S101,2027,1.0
RE1,BACKSTOP_1,S101,2028,1.0
RE1,BACKSTOP_1,S101,2029,1.0
RE1,BACKSTOP_1,S101,2030,1.0
RE1,BACKSTOP_1,S101,2031,1.0
RE1,BACKSTOP_1,S101,2032,1.0
RE1,BACKSTOP_1,S101,2033,1.0
RE1,BACKSTOP_1,S101,2034,1.0
RE1,BACKSTOP_1,S101,2035,1.0
RE1,BACKSTOP_1,S101,2036,1.0
RE1,BACKSTOP_1,S101,2037,1.0
RE1,BACKSTOP_1,S101,2038,1.0
RE1,BACKSTOP_1,S101,2039,1.0
RE1,BACKSTOP_1,S101,2040,1.0
RE1,BACKSTOP_1,S101,2041,1.0
RE1,BACKSTOP_1,S101,2042,1.0
RE1,BACKSTOP_1,S101,2043,1.0
RE1,BACKSTOP_1,S101,2044,1.0
RE1,BACKSTOP_1,S101,2045,1.0
RE1,BACKSTOP_1,S101,2046,1.0
RE1,BACKSTOP_1,S101,2047,1.0
RE1,BACKSTOP_1,S101,2048,1.0
RE1,BACKSTOP_1,S101,2049,1.0
RE1,BACKSTOP_1,S101,2050,1.0
RE1,BACKSTOP_1,S101,2051,1.0
RE1,BACKSTOP_1,S101,2052,1.0
RE1,BACKSTOP_1,S101,2053,1.0
RE1,BACKSTOP_1,S101,2054,1.0
RE1,BACKSTOP_1,S101,2055,1.0
RE1,BACKSTOP_1,S102,2022,1.0
RE1,BACKSTOP_1,S102,2023,1.0
RE1,BACKSTOP_1,S102,2024,1.0
RE1,BACKSTOP_1,S102,2025,1.0
RE1,BACKSTOP_1,S102,2026,1.0
RE1,BACKSTOP_1,S102,2027,1.0
RE1,BACKSTOP_1,S102,2028,1.0
RE1,BACKSTOP_1,S102,2029,1.0
RE1,BACKSTOP_1,S102,2030,1.0
RE1,BACKSTOP_1,S102,2031,1.0
RE1,BACKSTOP_1,S102,2032,1.0
RE1,BACKSTOP_1,S102,2033,1.0
RE1,BACKSTOP_1,S102,2034,1.0
RE1,BACKSTOP_1,S102,2035,1.0
RE1,BACKSTOP_1,S102,2036,1.0
RE1,BACKSTOP_1,S102,2037,1.0
RE1,BACKSTOP_1,S102,2038,1.0
RE1,BACKSTOP_1,S102,2039,1.0
RE1,BACKSTOP_1,S102,2040,1.0
RE1,BACKSTOP_1,S102,2041,1.0
RE1,BACKSTOP_1,S102,2042,1.0
RE1,BACKSTOP_1,S102,2043,1.0
RE1,BACKSTOP_1,S102,2044,1.0
RE1,BACKSTOP_1,S102,2045,1.0
RE1,BACKSTOP_1,S102,2046,1.0
RE1,BACKSTOP_1,S102,2047,1.0
RE1,BACKSTOP_1,S102,2048,1.0
RE1,BACKSTOP_1,S102,2049,1.0
RE1,BACKSTOP_1,S102,2050,1.0
RE1,BACKSTOP_1,S102,2051,1.0
RE1,BACKSTOP_1,S102,2052,1.0
RE1,BACKSTOP_1,S102,2053,1.0
RE1,BACKSTOP_1,S102,2054,1.0
RE1,BACKSTOP_1,S102,2055,1.0
RE1,BACKSTOP_2,S101,2022,1.0
RE1,BACKSTOP_2,S101,2023,1.0
RE1,BACKSTOP_2,S101,2024,1.0
RE1,BACKSTOP_2,S101,2025,1.0
RE1,BACKSTOP_2,S101,2026,1.0
RE1,BACKSTOP_2,S101,2027,1.0
RE1,BACKSTOP_2,S101,2028,1.0
RE1,BACKSTOP_2,S101,2029,1.0
RE1,BACKSTOP_2,S101,2030,1.0
RE1,BACKSTOP_2,S101,2031,1.0
RE1,BACKSTOP_2,S101,2032,1.0
RE1,BACKSTOP_2,S101,2033,1.0
RE1,BACKSTOP_2,S101,2034,1.0
RE1,BACKSTOP_2,S101,2035,1.0
RE1,BACKSTOP_2,S101,2036,1.0
RE1,BACKSTOP_2,S101,2037,1.0
RE1,BACKSTOP_2,S101,2038,1.0
RE1,BACKSTOP_2,S101,2039,1.0
RE1,BACKSTOP_2,S101,2040,1.0
RE1,BACKSTOP_2,S101,2041,1.0
RE1,BACKSTOP_2,S101,2042,1.0
RE1,BACKSTOP_2,S101,2043,1.0
RE1,BACKSTOP_2,S101,2044,1.0
RE1,BACKSTOP_2,S101,2045,1.0
RE1,BACKSTOP_2,S101,2046,1.0
RE1,BACKSTOP_2,S101,2047,1.0
RE1,BACKSTOP_2,S101,2048,1.0
RE1,BACKSTOP_2,S101,2049,1.0
RE1,BACKSTOP_2,S101,2050,1.0
RE1,BACKSTOP_2,S101,2051,1.0
RE1,BACKSTOP_2,S101,2052,1.0
RE1,BACKSTOP_2,S101,2053,1.0
RE1,BACKSTOP_2,S101,2054,1.0
RE1,BACKSTOP_2,S101,2055,1.0
RE1,BACKSTOP_2,S102,2022,1.0
RE1,BACKSTOP_2,S102,2023,1.0
RE1,BACKSTOP_2,S102,2024,1.0
RE1,BACKSTOP_2,S102,2025,1.0
RE1,BACKSTOP_2,S102,2026,1.0
RE1,BACKSTOP_2,S102,2027,1.0
RE1,BACKSTOP_2,S102,2028,1.0
RE1,BACKSTOP_2,S102,2029,1.0
RE1,BACKSTOP_2,S102,2030,1.0
RE1,BACKSTOP_2,S102,2031,1.0
RE1,BACKSTOP_2,S102,2032,1.0
RE1,BACKSTOP_2,S102,2033,1.0
RE1,BACKSTOP_2,S102,2034,1.0
RE1,BACKSTOP_2,S102,2035,1.0
RE1,BACKSTOP_2,S102,2036,1.0
RE1,BACKSTOP_2,S102,2037,1.0
RE1,BACKSTOP_2,S102,2038,1.0
RE1,BACKSTOP_2,S102,2039,1.0
RE1,BACKSTOP_2,S102,2040,1.0
RE1,BACKSTOP_2,S102,2041,1.0
RE1,BACKSTOP_2,S102,2042,1.0
RE1,BACKSTOP_2,S102,2043,1.0
RE1,BACKSTOP_2,S102,2044,1.0
RE1,BACKSTOP_2,S102,2045,1.0
RE1,BACKSTOP_2,S102,2046,1.0
RE1,BACKSTOP_2,S102,2047,1.0
RE1,BACKSTOP_2,S102,2048,1.0
RE1,BACKSTOP_2,S102,2049,1.0
RE1,BACKSTOP_2,S102,2050,1.0
RE1,BACKSTOP_2,S102,2051,1.0
RE1,BACKSTOP_2,S102,2052,1.0
RE1,BACKSTOP_2,S102,2053,1.0
RE1,BACKSTOP_2,S102,2054,1.0
RE1,BACKSTOP_2,S102,2055,1.0
RE1,BBGDST,S101,2022,1.0
RE1,BBGDST,S101,2023,1.0
RE1,BBGDST,S101,2024,1.0
RE1,BBGDST,S101,2025,1.0
RE1,BBGDST,S101,2026,1.0
RE1,BBGDST,S101,2027,1.0
RE1,BBGDST,S101,2028,1.0
RE1,BBGDST,S101,2029,1.0
RE1,BBGDST,S101,2030,1.0
RE1,BBGDST,S101,2031,1.0
RE1,BBGDST,S101,2032,1.0
RE1,BBGDST,S101,2033,1.0
RE1,BBGDST,S101,2034,1.0
RE1,BBGDST,S101,2035,1.0
RE1,BBGDST,S101,2036,1.0
RE1,BBGDST,S101,2037,1.0
RE1,BBGDST,S101,2038,1.0
RE1,BBGDST,S101,2039,1.0
RE1,BBGDST,S101,2040,1.0
RE1,BBGDST,S101,2041,1.0
RE1,BBGDST,S101,2042,1.0
RE1,BBGDST,S101,2043,1.0
RE1,BBGDST,S101,2044,1.0
RE1,BBGDST,S101,2045,1.0
RE1,BBGDST,S101,2046,1.0
RE1,BBGDST,S101,2047,1.0
RE1,BBGDST,S101,2048,1.0
RE1,BBGDST,S101,2049,1.0
RE1,BBGDST,S101,2050,1.0
RE1,BBGDST,S101,2051,1.0
RE1,BBGDST,S101,2052,1.0
RE1,BBGDST,S101,2053,1.0
RE1,BBGDST,S101,2054,1.0
RE1,BBGDST,S101,2055,1.0
RE1,BBGDST,S102,2022,1.0
RE1,BBGDST,S102,2023,1.0
RE1,BBGDST,S102,2024,1.0
RE1,BBGDST,S102,2025,1.0
RE1,BBGDST,S102,2026,1.0
RE1,BBGDST,S102,2027,1.0
RE1,BBGDST,S102,2028,1.0
RE1,BBGDST,S102,2029,1.0
RE1,BBGDST,S102,2030,1.0
RE1,BBGDST,S102,2031,1.0
RE1,BBGDST,S102,2032,1.0
RE1,BBGDST,S102,2033,1.0
RE1,BBGDST,S102,2034,1.0
RE1,BBGDST,S102,2035,1.0
RE1,BBGDST,S102,2036,1.0
RE1,BBGDST,S102,2037,1.0
RE1,BBGDST,S102,2038,1.0
RE1,BBGDST,S102,2039,1.0
RE1,BBGDST,S102,2040,1.0
RE1,BBGDST,S102,2041,1.0
RE1,BBGDST,S102,2042,1.0
RE1,BBGDST,S102,2043,1.0
RE1,BBGDST,S102,2044,1.0
RE1,BBGDST,S102,2045,1.0
RE1,BBGDST,S102,2046,1.0
RE1,BBGDST,S102,2047,1.0
RE1,BBGDST,S102,2048,1.0
RE1,BBGDST,S102,2049,1.0
RE1,BBGDST,S102,2050,1.0
RE1,BBGDST,S102,2051,1.0
RE1,BBGDST,S102,2052,1.0
RE1,BBGDST,S102,2053,1.0
RE1,BBGDST,S102,2054,1.0
RE1,BBGDST,S102,2055,1.0
RE1,DEMAGFDSL,S101,2022,1.0
RE1,DEMAGFDSL,S101,2023,1.0
RE1,DEMAGFDSL,S101,2024,1.0
RE1,DEMAGFDSL,S101,2025,1.0
RE1,DEMAGFDSL,S101,2026,1.0
RE1,DEMAGFDSL,S101,2027,1.0
RE1,DEMAGFDSL,S101,2028,1.0
RE1,DEMAGFDSL,S101,2029,1.0
RE1,DEMAGFDSL,S101,2030,1.0
RE1,DEMAGFDSL,S101,2031,1.0
RE1,DEMAGFDSL,S101,2032,1.0
RE1,DEMAGFDSL,S101,2033,1.0
RE1,DEMAGFDSL,S101,2034,1.0
RE1,DEMAGFDSL,S101,2035,1.0
RE1,DEMAGFDSL,S101,2036,1.0
RE1,DEMAGFDSL,S101,2037,1.0
RE1,DEMAGFDSL,S101,2038,1.0
RE1,DEMAGFDSL,S101,2039,1.0
RE1,DEMAGFDSL,S101,2040,1.0
RE1,DEMAGFDSL,S101,2041,1.0
RE1,DEMAGFDSL,S101,2042,1.0
RE1,DEMAGFDSL,S101,2043,1.0
RE1,DEMAGFDSL,S101,2044,1.0
RE1,DEMAGFDSL,S101,2045,1.0
RE1,DEMAGFDSL,S101,2046,1.0
RE1,DEMAGFDSL,S101,2047,1.0
RE1,DEMAGFDSL,S101,2048,1.0
RE1,DEMAGFDSL,S101,2049,1.0
RE1,DEMAGFDSL,S101,2050,1.0
RE1,DEMAGFDSL,S101,2051,1.0
RE1,DEMAGFDSL,S101,2052,1.0
RE1,DEMAGFDSL,S101,2053,1.0
RE1,DEMAGFDSL,S101,2054,1.0
RE1,DEMAGFDSL,S101,2055,1.0
RE1,DEMAGFDSL,S102,2022,1.0
RE1,DEMAGFDSL,S102,2023,1.0
RE1,DEMAGFDSL,S102,2024,1.0
RE1,DEMAGFDSL,S102,2025,1.0
RE1,DEMAGFDSL,S102,2026,1.0
RE1,DEMAGFDSL,S102,2027,1.0
RE1,DEMAGFDSL,S102,2028,1.0
RE1,DEMAGFDSL,S102,2029,1.0
RE1,DEMAGFDSL,S102,2030,1.0
RE1,DEMAGFDSL,S102,2031,1.0
RE1,DEMAGFDSL,S102,2032,1.0
RE1,DEMAGFDSL,S102,2033,1.0
RE1,DEMAGFDSL,S102,2034,1.0
RE1,DEMAGFDSL,S102,2035,1.0
RE1,DEMAGFDSL,S102,2036,1.0
RE1,DEMAGFDSL,S102,2037,1.0
RE1,DEMAGFDSL,S102,2038,1.0
RE1,DEMAGFDSL,S102,2039,1.0
RE1,DEMAGFDSL,S102,2040,1.0
RE1,DEMAGFDSL,S102,2041,1.0
RE1,DEMAGFDSL,S102,2042,1.0
RE1,DEMAGFDSL,S102,2043,1.0
RE1,DEMAGFDSL,S102,2044,1.0
RE1,DEMAGFDSL,S102,2045,1.0
RE1,DEMAGFDSL,S102,2046,1.0
RE1,DEMAGFDSL,S102,2047,1.0
RE1,DEMAGFDSL,S102,2048,1.0
RE1,DEMAGFDSL,S102,2049,1.0
RE1,DEMAGFDSL,S102,2050,1.0
RE1,DEMAGFDSL,S102,2051,1.0
RE1,DEMAGFDSL,S102,2052,1.0
RE1,DEMAGFDSL,S102,2053,1.0
RE1,DEMAGFDSL,S102,2054,1.0
RE1,DEMAGFDSL,S102,2055,1.0
RE1,DEMAGFELC,S101,2022,1.0
RE1,DEMAGFELC,S101,2023,1.0
RE1,DEMAGFELC,S101,2024,1.0
RE1,DEMAGFELC,S101,2025,1.0
RE1,DEMAGFELC,S101,2026,1.0
RE1,DEMAGFELC,S101,2027,1.0
RE1,DEMAGFELC,S101,2028,1.0
RE1,DEMAGFELC,S101,2029,1.0
RE1,DEMAGFELC,S101,2030,1.0
RE1,DEMAGFELC,S101,2031,1.0
RE1,DEMAGFELC,S101,2032,1.0
RE1,DEMAGFELC,S101,2033,1.0
RE1,DEMAGFELC,S101,2034,1.0
RE1,DEMAGFELC,S101,2035,1.0
RE1,DEMAGFELC,S101,2036,1.0
RE1,DEMAGFELC,S101,2037,1.0
RE1,DEMAGFELC,S101,2038,1.0
RE1,DEMAGFELC,S101,2039,1.0
RE1,DEMAGFELC,S101,2040,1.0
RE1,DEMAGFELC,S101,2041,1.0
RE1,DEMAGFELC,S101,2042,1.0
RE1,DEMAGFELC,S101,2043,1.0
RE1,DEMAGFELC,S101,2044,1.0
RE1,DEMAGFELC,S101,2045,1.0
RE1,DEMAGFELC,S101,2046,1.0
RE1,DEMAGFELC,S101,2047,1.0
RE1,DEMAGFELC,S101,2048,1.0
RE1,DEMAGFELC,S101,2049,1.0
RE1,DEMAGFELC,S101,2050,1.0
RE1,DEMAGFELC,S101,2051,1.0
RE1,DEMAGFELC,S101,2052,1.0
RE1,DEMAGFELC,S101,2053,1.0
RE1,DEMAGFELC,S101,2054,1.0
RE1,DEMAGFELC,S101,2055,1.0
RE1,DEMAGFELC,S102,2022,1.0
RE1,DEMAGFELC,S102,2023,1.0
RE1,DEMAGFELC,S102,2024,1.0
RE1,DEMAGFELC,S102,2025,1.0
RE1,DEMAGFELC,S102,2026,1.0
RE1,DEMAGFELC,S102,2027,1.0
RE1,DEMAGFELC,S102,2028,1.0
RE1,DEMAGFELC,S102,2029,1.0
RE1,DEMAGFELC,S102,2030,1.0
RE1,DEMAGFELC,S102,2031,1.0
RE1,DEMAGFELC,S102,2032,1.0
RE1,DEMAGFELC,S102,2033,1.0
RE1,DEMAGFELC,S102,2034,1.0
RE1,DEMAGFELC,S102,2035,1.0
RE1,DEMAGFELC,S102,2036,1.0
RE1,DEMAGFELC,S102,2037,1.0
RE1,DEMAGFELC,S102,2038,1.0
RE1,DEMAGFELC,S102,2039,1.0
RE1,DEMAGFELC,S102,2040,1.0
RE1,DEMAGFELC,S102,2041,1.0
RE1,DEMAGFELC,S102,2042,1.0
RE1,DEMAGFELC,S102,2043,1.0
RE1,DEMAGFELC,S102,2044,1.0
RE1,DEMAGFELC,S102,2045,1.0
RE1,DEMAGFELC,S102,2046,1.0
RE1,DEMAGFELC,S102,2047,1.0
RE1,DEMAGFELC,S102,2048,1.0
RE1,DEMAGFELC,S102,2049,1.0
RE1,DEMAGFELC,S102,2050,1.0
RE1,DEMAGFELC,S102,2051,1.0
RE1,DEMAGFELC,S102,2052,1.0
RE1,DEMAGFELC,S102,2053,1.0
RE1,DEMAGFELC,S102,2054,1.0
RE1,DEMAGFELC,S102,2055,1.0
RE1,DEMAGFGSL,S101,2022,1.0
RE1,DEMAGFGSL,S101,2023,1.0
RE1,DEMAGFGSL,S101,2024,1.0
RE1,DEMAGFGSL,S101,2025,1.0
RE1,DEMAGFGSL,S101,2026,1.0
RE1,DEMAGFGSL,S101,2027,1.0
RE1,DEMAGFGSL,S101,2028,1.0
RE1,DEMAGFGSL,S101,2029,1.0
RE1,DEMAGFGSL,S101,2030,1.0
RE1,DEMAGFGSL,S101,2031,1.0
RE1,DEMAGFGSL,S101,2032,1.0
RE1,DEMAGFGSL,S101,2033,1.0
RE1,DEMAGFGSL,S101,2034,1.0
RE1,DEMAGFGSL,S101,2035,1.0
RE1,DEMAGFGSL,S101,2036,1.0
RE1,DEMAGFGSL,S101,2037,1.0
RE1,DEMAGFGSL,S101,2038,1.0
RE1,DEMAGFGSL,S101,2039,1.0
RE1,DEMAGFGSL,S101,2040,1.0
RE1,DEMAGFGSL,S101,2041,1.0
RE1,DEMAGFGSL,S101,2042,1.0
RE1,DEMAGFGSL,S101,2043,1.0
RE1,DEMAGFGSL,S101,2044,1.0
RE1,DEMAGFGSL,S101,2045,1.0
RE1,DEMAGFGSL,S101,2046,1.0
RE1,DEMAGFGSL,S101,2047,1.0
RE1,DEMAGFGSL,S101,2048,1.0
RE1,DEMAGFGSL,S101,2049,1.0
RE1,DEMAGFGSL,S101,2050,1.0
RE1,DEMAGFGSL,S101,2051,1.0
RE1,DEMAGFGSL,S101,2052,1.0
RE1,DEMAGFGSL,S101,2053,1.0
RE1,DEMAGFGSL,S101,2054,1.0
RE1,DEMAGFGSL,S101,2055,1.0
RE1,DEMAGFGSL,S102,2022,1.0
RE1,DEMAGFGSL,S102,2023,1.0
RE1,DEMAGFGSL,S102,2024,1.0
RE1,DEMAGFGSL,S102,2025,1.0
RE1,DEMAGFGSL,S102,2026,1.0
RE1,DEMAGFGSL,S102,2027,1.0
RE1,DEMAGFGSL,S102,2028,1.0
RE1,DEMAGFGSL,S102,2029,1.0
RE1,DEMAGFGSL,S102,2030,1.0
RE1,DEMAGFGSL,S102,2031,1.0
RE1,DEMAGFGSL,S102,2032,1.0
RE1,DEMAGFGSL,S102,2033,1.0
RE1,DEMAGFGSL,S102,2034,1.0
RE1,DEMAGFGSL,S102,2035,1.0
RE1,DEMAGFGSL,S102,2036,1.0
RE1,DEMAGFGSL,S102,2037,1.0
RE1,DEMAGFGSL,S102,2038,1.0
RE1,DEMAGFGSL,S102,2039,1.0
RE1,DEMAGFGSL,S102,2040,1.0
RE1,DEMAGFGSL,S102,2041,1.0
RE1,DEMAGFGSL,S102,2042,1.0
RE1,DEMAGFGSL,S102,2043,1.0
RE1,DEMAGFGSL,S102,2044,1.0
RE1,DEMAGFGSL,S102,2045,1.0
RE1,DEMAGFGSL,S102,2046,1.0
RE1,DEMAGFGSL,S102,2047,1.0
RE1,DEMAGFGSL,S102,2048,1.0
RE1,DEMAGFGSL,S102,2049,1.0
RE1,DEMAGFGSL,S102,2050,1.0
RE1,DEMAGFGSL,S102,2051,1.0
RE1,DEMAGFGSL,S102,2052,1.0
RE1,DEMAGFGSL,S102,2053,1.0
RE1,DEMAGFGSL,S102,2054,1.0
RE1,DEMAGFGSL,S102,2055,1.0
RE1,DEMAGFNGS,S101,2022,1.0
RE1,DEMAGFNGS,S101,2023,1.0
RE1,DEMAGFNGS,S101,2024,1.0
RE1,DEMAGFNGS,S101,2025,1.0
RE1,DEMAGFNGS,S101,2026,1.0
RE1,DEMAGFNGS,S101,2027,1.0
RE1,DEMAGFNGS,S101,2028,1.0
RE1,DEMAGFNGS,S101,2029,1.0
RE1,DEMAGFNGS,S101,2030,1.0
RE1,DEMAGFNGS,S101,2031,1.0
RE1,DEMAGFNGS,S101,2032,1.0
RE1,DEMAGFNGS,S101,2033,1.0
RE1,DEMAGFNGS,S101,2034,1.0
RE1,DEMAGFNGS,S101,2035,1.0
RE1,DEMAGFNGS,S101,2036,1.0
RE1,DEMAGFNGS,S101,2037,1.0
RE1,DEMAGFNGS,S101,2038,1.0
RE1,DEMAGFNGS,S101,2039,1.0
RE1,DEMAGFNGS,S101,2040,1.0
RE1,DEMAGFNGS,S101,2041,1.0
RE1,DEMAGFNGS,S101,2042,1.0
RE1,DEMAGFNGS,S101,2043,1.0
RE1,DEMAGFNGS,S101,2044,1.0
RE1,DEMAGFNGS,S101,2045,1.0
RE1,DEMAGFNGS,S101,2046,1.0
RE1,DEMAGFNGS,S101,2047,1.0
RE1,DEMAGFNGS,S101,2048,1.0
RE1,DEMAGFNGS,S101,2049,1.0
RE1,DEMAGFNGS,S101,2050,1.0
RE1,DEMAGFNGS,S101,2051,1.0
RE1,DEMAGFNGS,S101,2052,1.0
RE1,DEMAGFNGS,S101,2053,1.0
RE1,DEMAGFNGS,S101,2054,1.0
RE1,DEMAGFNGS,S101,2055,1.0
RE1,DEMAGFNGS,S102,2022,1.0
RE1,DEMAGFNGS,S102,2023,1.0
RE1,DEMAGFNGS,S102,2024,1.0
RE1,DEMAGFNGS,S102,2025,1.0
RE1,DEMAGFNGS,S102,2026,1.0
RE1,DEMAGFNGS,S102,2027,1.0
RE1,DEMAGFNGS,S102,2028,1.0
RE1,DEMAGFNGS,S102,2029,1.0
RE1,DEMAGFNGS,S102,2030,1.0
RE1,DEMAGFNGS,S102,2031,1.0
RE1,DEMAGFNGS,S102,2032,1.0
RE1,DEMAGFNGS,S102,2033,1.0
RE1,DEMAGFNGS,S102,2034,1.0
RE1,DEMAGFNGS,S102,2035,1.0
RE1,DEMAGFNGS,S102,2036,1.0
RE1,DEMAGFNGS,S102,2037,1.0
RE1,DEMAGFNGS,S102,2038,1.0
RE1,DEMAGFNGS,S102,2039,1.0
RE1,DEMAGFNGS,S102,2040,1.0
RE1,DEMAGFNGS,S102,2041,1.0
RE1,DEMAGFNGS,S102,2042,1.0
RE1,DEMAGFNGS,S102,2043,1.0
RE1,DEMAGFNGS,S102,2044,1.0
RE1,DEMAGFNGS,S102,2045,1.0
RE1,DEMAGFNGS,S102,2046,1.0
RE1,DEMAGFNGS,S102,2047,1.0
RE1,DEMAGFNGS,S102,2048,1.0
RE1,DEMAGFNGS,S102,2049,1.0
RE1,DEMAGFNGS,S102,2050,1.0
RE1,DEMAGFNGS,S102,2051,1.0
RE1,DEMAGFNGS,S102,2052,1.0
RE1,DEMAGFNGS,S102,2053,1.0
RE1,DEMAGFNGS,S102,2054,1.0
RE1,DEMAGFNGS,S102,2055,1.0
RE1,DEMAGFWOO,S101,2022,1.0
RE1,DEMAGFWOO,S101,2023,1.0
RE1,DEMAGFWOO,S101,2024,1.0
RE1,DEMAGFWOO,S101,2025,1.0
RE1,DEMAGFWOO,S101,2026,1.0
RE1,DEMAGFWOO,S101,2027,1.0
RE1,DEMAGFWOO,S101,2028,1.0
RE1,DEMAGFWOO,S101,2029,1.0
RE1,DEMAGFWOO,S101,2030,1.0
RE1,DEMAGFWOO,S101,2031,1.0
RE1,DEMAGFWOO,S101,2032,1.0
RE1,DEMAGFWOO,S101,2033,1.0
RE1,DEMAGFWOO,S101,2034,1.0
RE1,DEMAGFWOO,S101,2035,1.0
RE1,DEMAGFWOO,S101,2036,1.0
RE1,DEMAGFWOO,S101,2037,1.0
RE1,DEMAGFWOO,S101,2038,1.0
RE1,DEMAGFWOO,S101,2039,1.0
RE1,DEMAGFWOO,S101,2040,1.0
RE1,DEMAGFWOO,S101,2041,1.0
RE1,DEMAGFWOO,S101,2042,1.0
RE1,DEMAGFWOO,S101,2043,1.0
RE1,DEMAGFWOO,S101,2044,1.0
RE1,DEMAGFWOO,S101,2045,1.0
RE1,DEMAGFWOO,S101,2046,1.0
RE1,DEMAGFWOO,S101,2047,1.0
RE1,DEMAGFWOO,S101,2048,1.0
RE1,DEMAGFWOO,S101,2049,1.0
RE1,DEMAGFWOO,S101,2050,1.0
RE1,DEMAGFWOO,S101,2051,1.0
RE1,DEMAGFWOO,S101,2052,1.0
RE1,DEMAGFWOO,S101,2053,1.0
RE1,DEMAGFWOO,S101,2054,1.0
RE1,DEMAGFWOO,S101,2055,1.0
RE1,DEMAGFWOO,S102,2022,1.0
RE1,DEMAGFWOO,S102,2023,1.0
RE1,DEMAGFWOO,S102,2024,1.0
RE1,DEMAGFWOO,S102,2025,1.0
RE1,DEMAGFWOO,S102,2026,1.0
RE1,DEMAGFWOO,S102,2027,1.0
RE1,DEMAGFWOO,S102,2028,1.0
RE1,DEMAGFWOO,S102,2029,1.0
RE1,DEMAGFWOO,S102,2030,1.0
RE1,DEMAGFWOO,S102,2031,1.0
RE1,DEMAGFWOO,S102,2032,1.0
RE1,DEMAGFWOO,S102,2033,1.0
RE1,DEMAGFWOO,S102,2034,1.0
RE1,DEMAGFWOO,S102,2035,1.0
RE1,DEMAGFWOO,S102,2036,1.0
RE1,DEMAGFWOO,S102,2037,1.0
RE1,DEMAGFWOO,S102,2038,1.0
RE1,DEMAGFWOO,S102,2039,1.0
RE1,DEMAGFWOO,S102,2040,1.0
RE1,DEMAGFWOO,S102,2041,1.0
RE1,DEMAGFWOO,S102,2042,1.0
RE1,DEMAGFWOO,S102,2043,1.0
RE1,DEMAGFWOO,S102,2044,1.0
RE1,DEMAGFWOO,S102,2045,1.0
RE1,DEMAGFWOO,S102,2046,1.0
RE1,DEMAGFWOO,S102,2047,1.0
RE1,DEMAGFWOO,S102,2048,1.0
RE1,DEMAGFWOO,S102,2049,1.0
RE1,DEMAGFWOO,S102,2050,1.0
RE1,DEMAGFWOO,S102,2051,1.0
RE1,DEMAGFWOO,S102,2052,1.0
RE1,DEMAGFWOO,S102,2053,1.0
RE1,DEMAGFWOO,S102,2054,1.0
RE1,DEMAGFWOO,S102,2055,1.0
RE1,DEMCONSDSL,S101,2022,1.0
RE1,DEMCONSDSL,S101,2023,1.0
RE1,DEMCONSDSL,S101,2024,1.0
RE1,DEMCONSDSL,S101,2025,1.0
RE1,DEMCONSDSL,S101,2026,1.0
RE1,DEMCONSDSL,S101,2027,1.0
RE1,DEMCONSDSL,S101,2028,1.0
RE1,DEMCONSDSL,S101,2029,1.0
RE1,DEMCONSDSL,S101,2030,1.0
RE1,DEMCONSDSL,S101,2031,1.0
RE1,DEMCONSDSL,S101,2032,1.0
RE1,DEMCONSDSL,S101,2033,1.0
RE1,DEMCONSDSL,S101,2034,1.0
RE1,DEMCONSDSL,S101,2035,1.0
RE1,DEMCONSDSL,S101,2036,1.0
RE1,DEMCONSDSL,S101,2037,1.0
RE1,DEMCONSDSL,S101,2038,1.0
RE1,DEMCONSDSL,S101,2039,1.0
RE1,DEMCONSDSL,S101,2040,1.0
RE1,DEMCONSDSL,S101,2041,1.0
RE1,DEMCONSDSL,S101,2042,1.0
RE1,DEMCONSDSL,S101,2043,1.0
RE1,DEMCONSDSL,S101,2044,1.0
RE1,DEMCONSDSL,S101,2045,1.0
RE1,DEMCONSDSL,S101,2046,1.0
RE1,DEMCONSDSL,S101,2047,1.0
RE1,DEMCONSDSL,S101,2048,1.0
RE1,DEMCONSDSL,S101,2049,1.0
RE1,DEMCONSDSL,S101,2050,1.0
RE1,DEMCONSDSL,S101,2051,1.0
RE1,DEMCONSDSL,S101,2052,1.0
RE1,DEMCONSDSL,S101,2053,1.0
RE1,DEMCONSDSL,S101,2054,1.0
RE1,DEMCONSDSL,S101,2055,1.0
RE1,DEMCONSDSL,S102,2022,1.0
RE1,DEMCONSDSL,S102,2023,1.0
RE1,DEMCONSDSL,S102,2024,1.0
RE1,DEMCONSDSL,S102,2025,1.0
RE1,DEMCONSDSL,S102,2026,1.0
RE1,DEMCONSDSL,S102,2027,1.0
RE1,DEMCONSDSL,S102,2028,1.0
RE1,DEMCONSDSL,S102,2029,1.0
RE1,DEMCONSDSL,S102,2030,1.0
RE1,DEMCONSDSL,S102,2031,1.0
RE1,DEMCONSDSL,S102,2032,1.0
RE1,DEMCONSDSL,S102,2033,1.0
RE1,DEMCONSDSL,S102,2034,1.0
RE1,DEMCONSDSL,S102,2035,1.0
RE1,DEMCONSDSL,S102,2036,1.0
RE1,DEMCONSDSL,S102,2037,1.0
RE1,DEMCONSDSL,S102,2038,1.0
RE1,DEMCONSDSL,S102,2039,1.0
RE1,DEMCONSDSL,S102,2040,1.0
RE1,DEMCONSDSL,S102,2041,1.0
RE1,DEMCONSDSL,S102,2042,1.0
RE1,DEMCONSDSL,S102,2043,1.0
RE1,DEMCONSDSL,S102,2044,1.0
RE1,DEMCONSDSL,S102,2045,1.0
RE1,DEMCONSDSL,S102,2046,1.0
RE1,DEMCONSDSL,S102,2047,1.0
RE1,DEMCONSDSL,S102,2048,1.0
RE1,DEMCONSDSL,S102,2049,1.0
RE1,DEMCONSDSL,S102,2050,1.0
RE1,DEMCONSDSL,S102,2051,1.0
RE1,DEMCONSDSL,S102,2052,1.0
RE1,DEMCONSDSL,S102,2053,1.0
RE1,DEMCONSDSL,S102,2054,1.0
RE1,DEMCONSDSL,S102,2055,1.0
RE1,DEMCONSELC,S101,2022,1.0
RE1,DEMCONSELC,S101,2023,1.0
RE1,DEMCONSELC,S101,2024,1.0
RE1,DEMCONSELC,S101,2025,1.0
RE1,DEMCONSELC,S101,2026,1.0
RE1,DEMCONSELC,S101,2027,1.0
RE1,DEMCONSELC,S101,2028,1.0
RE1,DEMCONSELC,S101,2029,1.0
RE1,DEMCONSELC,S101,2030,1.0
RE1,DEMCONSELC,S101,2031,1.0
RE1,DEMCONSELC,S101,2032,1.0
RE1,DEMCONSELC,S101,2033,1.0
RE1,DEMCONSELC,S101,2034,1.0
RE1,DEMCONSELC,S101,2035,1.0
RE1,DEMCONSELC,S101,2036,1.0
RE1,DEMCONSELC,S101,2037,1.0
RE1,DEMCONSELC,S101,2038,1.0
RE1,DEMCONSELC,S101,2039,1.0
RE1,DEMCONSELC,S101,2040,1.0
RE1,DEMCONSELC,S101,2041,1.0
RE1,DEMCONSELC,S101,2042,1.0
RE1,DEMCONSELC,S101,2043,1.0
RE1,DEMCONSELC,S101,2044,1.0
RE1,DEMCONSELC,S101,2045,1.0
RE1,DEMCONSELC,S101,2046,1.0
RE1,DEMCONSELC,S101,2047,1.0
RE1,DEMCONSELC,S101,2048,1.0
RE1,DEMCONSELC,S101,2049,1.0
RE1,DEMCONSELC,S101,2050,1.0
RE1,DEMCONSELC,S101,2051,1.0
RE1,DEMCONSELC,S101,2052,1.0
RE1,DEMCONSELC,S101,2053,1.0
RE1,DEMCONSELC,S101,2054,1.0
RE1,DEMCONSELC,S101,2055,1.0
RE1,DEMCONSELC,S102,2022,1.0
RE1,DEMCONSELC,S102,2023,1.0
RE1,DEMCONSELC,S102,2024,1.0
RE1,DEMCONSELC,S102,2025,1.0
RE1,DEMCONSELC,S102,2026,1.0
RE1,DEMCONSELC,S102,2027,1.0
RE1,DEMCONSELC,S102,2028,1.0
RE1,DEMCONSELC,S102,2029,1.0
RE1,DEMCONSELC,S102,2030,1.0
RE1,DEMCONSELC,S102,2031,1.0
RE1,DEMCONSELC,S102,2032,1.0
RE1,DEMCONSELC,S102,2033,1.0
RE1,DEMCONSELC,S102,2034,1.0
RE1,DEMCONSELC,S102,2035,1.0
RE1,DEMCONSELC,S102,2036,1.0
RE1,DEMCONSELC,S102,2037,1.0
RE1,DEMCONSELC,S102,2038,1.0
RE1,DEMCONSELC,S102,2039,1.0
RE1,DEMCONSELC,S102,2040,1.0
RE1,DEMCONSELC,S102,2041,1.0
RE1,DEMCONSELC,S102,2042,1.0
RE1,DEMCONSELC,S102,2043,1.0
RE1,DEMCONSELC,S102,2044,1.0
RE1,DEMCONSELC,S102,2045,1.0
RE1,DEMCONSELC,S102,2046,1.0
RE1,DEMCONSELC,S102,2047,1.0
RE1,DEMCONSELC,S102,2048,1.0
RE1,DEMCONSELC,S102,2049,1.0
RE1,DEMCONSELC,S102,2050,1.0
RE1,DEMCONSELC,S102,2051,1.0
RE1,DEMCONSELC,S102,2052,1.0
RE1,DEMCONSELC,S102,2053,1.0
RE1,DEMCONSELC,S102,2054,1.0
RE1,DEMCONSELC,S102,2055,1.0
RE1,DEMCONSGSL,S101,2022,1.0
RE1,DEMCONSGSL,S101,2023,1.0
RE1,DEMCONSGSL,S101,2024,1.0
RE1,DEMCONSGSL,S101,2025,1.0
RE1,DEMCONSGSL,S101,2026,1.0
RE1,DEMCONSGSL,S101,2027,1.0
RE1,DEMCONSGSL,S101,2028,1.0
RE1,DEMCONSGSL,S101,2029,1.0
RE1,DEMCONSGSL,S101,2030,1.0
RE1,DEMCONSGSL,S101,2031,1.0
RE1,DEMCONSGSL,S101,2032,1.0
RE1,DEMCONSGSL,S101,2033,1.0
RE1,DEMCONSGSL,S101,2034,1.0
RE1,DEMCONSGSL,S101,2035,1.0
RE1,DEMCONSGSL,S101,2036,1.0
RE1,DEMCONSGSL,S101,2037,1.0
RE1,DEMCONSGSL,S101,2038,1.0
RE1,DEMCONSGSL,S101,2039,1.0
RE1,DEMCONSGSL,S101,2040,1.0
RE1,DEMCONSGSL,S101,2041,1.0
RE1,DEMCONSGSL,S101,2042,1.0
RE1,DEMCONSGSL,S101,2043,1.0
RE1,DEMCONSGSL,S101,2044,1.0
RE1,DEMCONSGSL,S101,2045,1.0
RE1,DEMCONSGSL,S101,2046,1.0
RE1,DEMCONSGSL,S101,2047,1.0
RE1,DEMCONSGSL,S101,2048,1.0
RE1,DEMCONSGSL,S101,2049,1.0
RE1,DEMCONSGSL,S101,2050,1.0
RE1,DEMCONSGSL,S101,2051,1.0
RE1,DEMCONSGSL,S101,2052,1.0
RE1,DEMCONSGSL,S101,2053,1.0
RE1,DEMCONSGSL,S101,2054,1.0
RE1,DEMCONSGSL,S101,2055,1.0
RE1,DEMCONSGSL,S102,2022,1.0
RE1,DEMCONSGSL,S102,2023,1.0
RE1,DEMCONSGSL,S102,2024,1.0
RE1,DEMCONSGSL,S102,2025,1.0
RE1,DEMCONSGSL,S102,2026,1.0
RE1,DEMCONSGSL,S102,2027,1.0
RE1,DEMCONSGSL,S102,2028,1.0
RE1,DEMCONSGSL,S102,2029,1.0
RE1,DEMCONSGSL,S102,2030,1.0
RE1,DEMCONSGSL,S102,2031,1.0
RE1,DEMCONSGSL,S102,2032,1.0
RE1,DEMCONSGSL,S102,2033,1.0
RE1,DEMCONSGSL,S102,2034,1.0
RE1,DEMCONSGSL,S102,2035,1.0
RE1,DEMCONSGSL,S102,2036,1.0
RE1,DEMCONSGSL,S102,2037,1.0
RE1,DEMCONSGSL,S102,2038,1.0
RE1,DEMCONSGSL,S102,2039,1.0
RE1,DEMCONSGSL,S102,2040,1.0
RE1,DEMCONSGSL,S102,2041,1.0
RE1,DEMCONSGSL,S102,2042,1.0
RE1,DEMCONSGSL,S102,2043,1.0
RE1,DEMCONSGSL,S102,2044,1.0
RE1,DEMCONSGSL,S102,2045,1.0
RE1,DEMCONSGSL,S102,2046,1.0
RE1,DEMCONSGSL,S102,2047,1.0
RE1,DEMCONSGSL,S102,2048,1.0
RE1,DEMCONSGSL,S102,2049,1.0
RE1,DEMCONSGSL,S102,2050,1.0
RE1,DEMCONSGSL,S102,2051,1.0
RE1,DEMCONSGSL,S102,2052,1.0
RE1,DEMCONSGSL,S102,2053,1.0
RE1,DEMCONSGSL,S102,2054,1.0
RE1,DEMCONSGSL,S102,2055,1.0
RE1,DEMCONSNGS,S101,2022,1.0
RE1,DEMCONSNGS,S101,2023,1.0
RE1,DEMCONSNGS,S101,2024,1.0
RE1,DEMCONSNGS,S101,2025,1.0
RE1,DEMCONSNGS,S101,2026,1.0
RE1,DEMCONSNGS,S101,2027,1.0
RE1,DEMCONSNGS,S101,2028,1.0
RE1,DEMCONSNGS,S101,2029,1.0
RE1,DEMCONSNGS,S101,2030,1.0
RE1,DEMCONSNGS,S101,2031,1.0
RE1,DEMCONSNGS,S101,2032,1.0
RE1,DEMCONSNGS,S101,2033,1.0
RE1,DEMCONSNGS,S101,2034,1.0
RE1,DEMCONSNGS,S101,2035,1.0
RE1,DEMCONSNGS,S101,2036,1.0
RE1,DEMCONSNGS,S101,2037,1.0
RE1,DEMCONSNGS,S101,2038,1.0
RE1,DEMCONSNGS,S101,2039,1.0
RE1,DEMCONSNGS,S101,2040,1.0
RE1,DEMCONSNGS,S101,2041,1.0
RE1,DEMCONSNGS,S101,2042,1.0
RE1,DEMCONSNGS,S101,2043,1.0
RE1,DEMCONSNGS,S101,2044,1.0
RE1,DEMCONSNGS,S101,2045,1.0
RE1,DEMCONSNGS,S101,2046,1.0
RE1,DEMCONSNGS,S101,2047,1.0
RE1,DEMCONSNGS,S101,2048,1.0
RE1,DEMCONSNGS,S101,2049,1.0
RE1,DEMCONSNGS,S101,2050,1.0
RE1,DEMCONSNGS,S101,2051,1.0
RE1,DEMCONSNGS,S101,2052,1.0
RE1,DEMCONSNGS,S101,2053,1.0
RE1,DEMCONSNGS,S101,2054,1.0
RE1,DEMCONSNGS,S101,2055,1.0
RE1,DEMCONSNGS,S102,2022,1.0
RE1,DEMCONSNGS,S102,2023,1.0
RE1,DEMCONSNGS,S102,2024,1.0
RE1,DEMCONSNGS,S102,2025,1.0
RE1,DEMCONSNGS,S102,2026,1.0
RE1,DEMCONSNGS,S102,2027,1.0
RE1,DEMCONSNGS,S102,2028,1.0
RE1,DEMCONSNGS,S102,2029,1.0
RE1,DEMCONSNGS,S102,2030,1.0
RE1,DEMCONSNGS,S102,2031,1.0
RE1,DEMCONSNGS,S102,2032,1.0
RE1,DEMCONSNGS,S102,2033,1.0
RE1,DEMCONSNGS,S102,2034,1.0
RE1,DEMCONSNGS,S102,2035,1.0
RE1,DEMCONSNGS,S102,2036,1.0
RE1,DEMCONSNGS,S102,2037,1.0
RE1,DEMCONSNGS,S102,2038,1.0
RE1,DEMCONSNGS,S102,2039,1.0
RE1,DEMCONSNGS,S102,2040,1.0
RE1,DEMCONSNGS,S102,2041,1.0
RE1,DEMCONSNGS,S102,2042,1.0
RE1,DEMCONSNGS,S102,2043,1.0
RE1,DEMCONSNGS,S102,2044,1.0
RE1,DEMCONSNGS,S102,2045,1.0
RE1,DEMCONSNGS,S102,2046,1.0
RE1,DEMCONSNGS,S102,2047,1.0
RE1,DEMCONSNGS,S102,2048,1.0
RE1,DEMCONSNGS,S102,2049,1.0
RE1,DEMCONSNGS,S102,2050,1.0
RE1,DEMCONSNGS,S102,2051,1.0
RE1,DEMCONSNGS,S102,2052,1.0
RE1,DEMCONSNGS,S102,2053,1.0
RE1,DEMCONSNGS,S102,2054,1.0
RE1,DEMCONSNGS,S102,2055,1.0
RE1,DEMCOQDSL,S101,2022,1.0
RE1,DEMCOQDSL,S101,2023,1.0
RE1,DEMCOQDSL,S101,2024,1.0
RE1,DEMCOQDSL,S101,2025,1.0
RE1,DEMCOQDSL,S101,2026,1.0
RE1,DEMCOQDSL,S101,2027,1.0
RE1,DEMCOQDSL,S101,2028,1.0
RE1,DEMCOQDSL,S101,2029,1.0
RE1,DEMCOQDSL,S101,2030,1.0
RE1,DEMCOQDSL,S101,2031,1.0
RE1,DEMCOQDSL,S101,2032,1.0
RE1,DEMCOQDSL,S101,2033,1.0
RE1,DEMCOQDSL,S101,2034,1.0
RE1,DEMCOQDSL,S101,2035,1.0
RE1,DEMCOQDSL,S101,2036,1.0
RE1,DEMCOQDSL,S101,2037,1.0
RE1,DEMCOQDSL,S101,2038,1.0
RE1,DEMCOQDSL,S101,2039,1.0
RE1,DEMCOQDSL,S101,2040,1.0
RE1,DEMCOQDSL,S101,2041,1.0
RE1,DEMCOQDSL,S101,2042,1.0
RE1,DEMCOQDSL,S101,2043,1.0
RE1,DEMCOQDSL,S101,2044,1.0
RE1,DEMCOQDSL,S101,2045,1.0
RE1,DEMCOQDSL,S101,2046,1.0
RE1,DEMCOQDSL,S101,2047,1.0
RE1,DEMCOQDSL,S101,2048,1.0
RE1,DEMCOQDSL,S101,2049,1.0
RE1,DEMCOQDSL,S101,2050,1.0
RE1,DEMCOQDSL,S101,2051,1.0
RE1,DEMCOQDSL,S101,2052,1.0
RE1,DEMCOQDSL,S101,2053,1.0
RE1,DEMCOQDSL,S101,2054,1.0
RE1,DEMCOQDSL,S101,2055,1.0
RE1,DEMCOQDSL,S102,2022,1.0
RE1,DEMCOQDSL,S102,2023,1.0
RE1,DEMCOQDSL,S102,2024,1.0
RE1,DEMCOQDSL,S102,2025,1.0
RE1,DEMCOQDSL,S102,2026,1.0
RE1,DEMCOQDSL,S102,2027,1.0
RE1,DEMCOQDSL,S102,2028,1.0
RE1,DEMCOQDSL,S102,2029,1.0
RE1,DEMCOQDSL,S102,2030,1.0
RE1,DEMCOQDSL,S102,2031,1.0
RE1,DEMCOQDSL,S102,2032,1.0
RE1,DEMCOQDSL,S102,2033,1.0
RE1,DEMCOQDSL,S102,2034,1.0
RE1,DEMCOQDSL,S102,2035,1.0
RE1,DEMCOQDSL,S102,2036,1.0
RE1,DEMCOQDSL,S102,2037,1.0
RE1,DEMCOQDSL,S102,2038,1.0
RE1,DEMCOQDSL,S102,2039,1.0
RE1,DEMCOQDSL,S102,2040,1.0
RE1,DEMCOQDSL,S102,2041,1.0
RE1,DEMCOQDSL,S102,2042,1.0
RE1,DEMCOQDSL,S102,2043,1.0
RE1,DEMCOQDSL,S102,2044,1.0
RE1,DEMCOQDSL,S102,2045,1.0
RE1,DEMCOQDSL,S102,2046,1.0
RE1,DEMCOQDSL,S102,2047,1.0
RE1,DEMCOQDSL,S102,2048,1.0
RE1,DEMCOQDSL,S102,2049,1.0
RE1,DEMCOQDSL,S102,2050,1.0
RE1,DEMCOQDSL,S102,2051,1.0
RE1,DEMCOQDSL,S102,2052,1.0
RE1,DEMCOQDSL,S102,2053,1.0
RE1,DEMCOQDSL,S102,2054,1.0
RE1,DEMCOQDSL,S102,2055,1.0
RE1,DEMCOQGSL,S101,2022,1.0
RE1,DEMCOQGSL,S101,2023,1.0
RE1,DEMCOQGSL,S101,2024,1.0
RE1,DEMCOQGSL,S101,2025,1.0
RE1,DEMCOQGSL,S101,2026,1.0
RE1,DEMCOQGSL,S101,2027,1.0
RE1,DEMCOQGSL,S101,2028,1.0
RE1,DEMCOQGSL,S101,2029,1.0
RE1,DEMCOQGSL,S101,2030,1.0
RE1,DEMCOQGSL,S101,2031,1.0
RE1,DEMCOQGSL,S101,2032,1.0
RE1,DEMCOQGSL,S101,2033,1.0
RE1,DEMCOQGSL,S101,2034,1.0
RE1,DEMCOQGSL,S101,2035,1.0
RE1,DEMCOQGSL,S101,2036,1.0
RE1,DEMCOQGSL,S101,2037,1.0
RE1,DEMCOQGSL,S101,2038,1.0
RE1,DEMCOQGSL,S101,2039,1.0
RE1,DEMCOQGSL,S101,2040,1.0
RE1,DEMCOQGSL,S101,2041,1.0
RE1,DEMCOQGSL,S101,2042,1.0
RE1,DEMCOQGSL,S101,2043,1.0
RE1,DEMCOQGSL,S101,2044,1.0
RE1,DEMCOQGSL,S101,2045,1.0
RE1,DEMCOQGSL,S101,2046,1.0
RE1,DEMCOQGSL,S101,2047,1.0
RE1,DEMCOQGSL,S101,2048,1.0
RE1,DEMCOQGSL,S101,2049,1.0
RE1,DEMCOQGSL,S101,2050,1.0
RE1,DEMCOQGSL,S101,2051,1.0
RE1,DEMCOQGSL,S101,2052,1.0
RE1,DEMCOQGSL,S101,2053,1.0
RE1,DEMCOQGSL,S101,2054,1.0
RE1,DEMCOQGSL,S101,2055,1.0
RE1,DEMCOQGSL,S102,2022,1.0
RE1,DEMCOQGSL,S102,2023,1.0
RE1,DEMCOQGSL,S102,2024,1.0
RE1,DEMCOQGSL,S102,2025,1.0
RE1,DEMCOQGSL,S102,2026,1.0
RE1,DEMCOQGSL,S102,2027,1.0
RE1,DEMCOQGSL,S102,2028,1.0
RE1,DEMCOQGSL,S102,2029,1.0
RE1,DEMCOQGSL,S102,2030,1.0
RE1,DEMCOQGSL,S102,2031,1.0
RE1,DEMCOQGSL,S102,2032,1.0
RE1,DEMCOQGSL,S102,2033,1.0
RE1,DEMCOQGSL,S102,2034,1.0
RE1,DEMCOQGSL,S102,2035,1.0
RE1,DEMCOQGSL,S102,2036,1.0
RE1,DEMCOQGSL,S102,2037,1.0
RE1,DEMCOQGSL,S102,2038,1.0
RE1,DEMCOQGSL,S102,2039,1.0
RE1,DEMCOQGSL,S102,2040,1.0
RE1,DEMCOQGSL,S102,2041,1.0
RE1,DEMCOQGSL,S102,2042,1.0
RE1,DEMCOQGSL,S102,2043,1.0
RE1,DEMCOQGSL,S102,2044,1.0
RE1,DEMCOQGSL,S102,2045,1.0
RE1,DEMCOQGSL,S102,2046,1.0
RE1,DEMCOQGSL,S102,2047,1.0
RE1,DEMCOQGSL,S102,2048,1.0
RE1,DEMCOQGSL,S102,2049,1.0
RE1,DEMCOQGSL,S102,2050,1.0
RE1,DEMCOQGSL,S102,2051,1.0
RE1,DEMCOQGSL,S102,2052,1.0
RE1,DEMCOQGSL,S102,2053,1.0
RE1,DEMCOQGSL,S102,2054,1.0
RE1,DEMCOQGSL,S102,2055,1.0
RE1,DEMINDAUTBOI,S101,2022,1.0
RE1,DEMINDAUTBOI,S101,2023,1.0
RE1,DEMINDAUTBOI,S101,2024,1.0
RE1,DEMINDAUTBOI,S101,2025,1.0
RE1,DEMINDAUTBOI,S101,2026,1.0
RE1,DEMINDAUTBOI,S101,2027,1.0
RE1,DEMINDAUTBOI,S101,2028,1.0
RE1,DEMINDAUTBOI,S101,2029,1.0
RE1,DEMINDAUTBOI,S101,2030,1.0
RE1,DEMINDAUTBOI,S101,2031,1.0
RE1,DEMINDAUTBOI,S101,2032,1.0
RE1,DEMINDAUTBOI,S101,2033,1.0
RE1,DEMINDAUTBOI,S101,2034,1.0
RE1,DEMINDAUTBOI,S101,2035,1.0
RE1,DEMINDAUTBOI,S101,2036,1.0
RE1,DEMINDAUTBOI,S101,2037,1.0
RE1,DEMINDAUTBOI,S101,2038,1.0
RE1,DEMINDAUTBOI,S101,2039,1.0
RE1,DEMINDAUTBOI,S101,2040,1.0
RE1,DEMINDAUTBOI,S101,2041,1.0
RE1,DEMINDAUTBOI,S101,2042,1.0
RE1,DEMINDAUTBOI,S101,2043,1.0
RE1,DEMINDAUTBOI,S101,2044,1.0
RE1,DEMINDAUTBOI,S101,2045,1.0
RE1,DEMINDAUTBOI,S101,2046,1.0
RE1,DEMINDAUTBOI,S101,2047,1.0
RE1,DEMINDAUTBOI,S101,2048,1.0
RE1,DEMINDAUTBOI,S101,2049,1.0
RE1,DEMINDAUTBOI,S101,2050,1.0
RE1,DEMINDAUTBOI,S101,2051,1.0
RE1,DEMINDAUTBOI,S101,2052,1.0
RE1,DEMINDAUTBOI,S101,2053,1.0
RE1,DEMINDAUTBOI,S101,2054,1.0
RE1,DEMINDAUTBOI,S101,2055,1.0
RE1,DEMINDAUTBOI,S102,2022,1.0
RE1,DEMINDAUTBOI,S102,2023,1.0
RE1,DEMINDAUTBOI,S102,2024,1.0
RE1,DEMINDAUTBOI,S102,2025,1.0
RE1,DEMINDAUTBOI,S102,2026,1.0
RE1,DEMINDAUTBOI,S102,2027,1.0
RE1,DEMINDAUTBOI,S102,2028,1.0
RE1,DEMINDAUTBOI,S102,2029,1.0
RE1,DEMINDAUTBOI,S102,2030,1.0
RE1,DEMINDAUTBOI,S102,2031,1.0
RE1,DEMINDAUTBOI,S102,2032,1.0
RE1,DEMINDAUTBOI,S102,2033,1.0
RE1,DEMINDAUTBOI,S102,2034,1.0
RE1,DEMINDAUTBOI,S102,2035,1.0
RE1,DEMINDAUTBOI,S102,2036,1.0
RE1,DEMINDAUTBOI,S102,2037,1.0
RE1,DEMINDAUTBOI,S102,2038,1.0
RE1,DEMINDAUTBOI,S102,2039,1.0
RE1,DEMINDAUTBOI,S102,2040,1.0
RE1,DEMINDAUTBOI,S102,2041,1.0
RE1,DEMINDAUTBOI,S102,2042,1.0
RE1,DEMINDAUTBOI,S102,2043,1.0
RE1,DEMINDAUTBOI,S102,2044,1.0
RE1,DEMINDAUTBOI,S102,2045,1.0
RE1,DEMINDAUTBOI,S102,2046,1.0
RE1,DEMINDAUTBOI,S102,2047,1.0
RE1,DEMINDAUTBOI,S102,2048,1.0
RE1,DEMINDAUTBOI,S102,2049,1.0
RE1,DEMINDAUTBOI,S102,2050,1.0
RE1,DEMINDAUTBOI,S102,2051,1.0
RE1,DEMINDAUTBOI,S102,2052,1.0
RE1,DEMINDAUTBOI,S102,2053,1.0
RE1,DEMINDAUTBOI,S102,2054,1.0
RE1,DEMINDAUTBOI,S102,2055,1.0
RE1,DEMINDAUTFUR,S101,2022,1.0
RE1,DEMINDAUTFUR,S101,2023,1.0
RE1,DEMINDAUTFUR,S101,2024,1.0
RE1,DEMINDAUTFUR,S101,2025,1.0
RE1,DEMINDAUTFUR,S101,2026,1.0
RE1,DEMINDAUTFUR,S101,2027,1.0
RE1,DEMINDAUTFUR,S101,2028,1.0
RE1,DEMINDAUTFUR,S101,2029,1.0
RE1,DEMINDAUTFUR,S101,2030,1.0
RE1,DEMINDAUTFUR,S101,2031,1.0
RE1,DEMINDAUTFUR,S101,2032,1.0
RE1,DEMINDAUTFUR,S101,2033,1.0
RE1,DEMINDAUTFUR,S101,2034,1.0
RE1,DEMINDAUTFUR,S101,2035,1.0
RE1,DEMINDAUTFUR,S101,2036,1.0
RE1,DEMINDAUTFUR,S101,2037,1.0
RE1,DEMINDAUTFUR,S101,2038,1.0
RE1,DEMINDAUTFUR,S101,2039,1.0
RE1,DEMINDAUTFUR,S101,2040,1.0
RE1,DEMINDAUTFUR,S101,2041,1.0
RE1,DEMINDAUTFUR,S101,2042,1.0
RE1,DEMINDAUTFUR,S101,2043,1.0
RE1,DEMINDAUTFUR,S101,2044,1.0
RE1,DEMINDAUTFUR,S101,2045,1.0
RE1,DEMINDAUTFUR,S101,2046,1.0
RE1,DEMINDAUTFUR,S101,2047,1.0
RE1,DEMINDAUTFUR,S101,2048,1.0
RE1,DEMINDAUTFUR,S101,2049,1.0
RE1,DEMINDAUTFUR,S101,2050,1.0
RE1,DEMINDAUTFUR,S101,2051,1.0
RE1,DEMINDAUTFUR,S101,2052,1.0
RE1,DEMINDAUTFUR,S101,2053,1.0
RE1,DEMINDAUTFUR,S101,2054,1.0
RE1,DEMINDAUTFUR,S101,2055,1.0
RE1,DEMINDAUTFUR,S102,2022,1.0
RE1,DEMINDAUTFUR,S102,2023,1.0
RE1,DEMINDAUTFUR,S102,2024,1.0
RE1,DEMINDAUTFUR,S102,2025,1.0
RE1,DEMINDAUTFUR,S102,2026,1.0
RE1,DEMINDAUTFUR,S102,2027,1.0
RE1,DEMINDAUTFUR,S102,2028,1.0
RE1,DEMINDAUTFUR,S102,2029,1.0
RE1,DEMINDAUTFUR,S102,2030,1.0
RE1,DEMINDAUTFUR,S102,2031,1.0
RE1,DEMINDAUTFUR,S102,2032,1.0
RE1,DEMINDAUTFUR,S102,2033,1.0
RE1,DEMINDAUTFUR,S102,2034,1.0
RE1,DEMINDAUTFUR,S102,2035,1.0
RE1,DEMINDAUTFUR,S102,2036,1.0
RE1,DEMINDAUTFUR,S102,2037,1.0
RE1,DEMINDAUTFUR,S102,2038,1.0
RE1,DEMINDAUTFUR,S102,2039,1.0
RE1,DEMINDAUTFUR,S102,2040,1.0
RE1,DEMINDAUTFUR,S102,2041,1.0
RE1,DEMINDAUTFUR,S102,2042,1.0
RE1,DEMINDAUTFUR,S102,2043,1.0
RE1,DEMINDAUTFUR,S102,2044,1.0
RE1,DEMINDAUTFUR,S102,2045,1.0
RE1,DEMINDAUTFUR,S102,2046,1.0
RE1,DEMINDAUTFUR,S102,2047,1.0
RE1,DEMINDAUTFUR,S102,2048,1.0
RE1,DEMINDAUTFUR,S102,2049,1.0
RE1,DEMINDAUTFUR,S102,2050,1.0
RE1,DEMINDAUTFUR,S102,2051,1.0
RE1,DEMINDAUTFUR,S102,2052,1.0
RE1,DEMINDAUTFUR,S102,2053,1.0
RE1,DEMINDAUTFUR,S102,2054,1.0
RE1,DEMINDAUTFUR,S102,2055,1.0
RE1,DEMINDBAGBOI_HIG,S101,2022,1.0
RE1,DEMINDBAGBOI_HIG,S101,2023,1.0
RE1,DEMINDBAGBOI_HIG,S101,2024,1.0
RE1,DEMINDBAGBOI_HIG,S101,2025,1.0
RE1,DEMINDBAGBOI_HIG,S101,2026,1.0
RE1,DEMINDBAGBOI_HIG,S101,2027,1.0
RE1,DEMINDBAGBOI_HIG,S101,2028,1.0
RE1,DEMINDBAGBOI_HIG,S101,2029,1.0
RE1,DEMINDBAGBOI_HIG,S101,2030,1.0
RE1,DEMINDBAGBOI_HIG,S101,2031,1.0
RE1,DEMINDBAGBOI_HIG,S101,2032,1.0
RE1,DEMINDBAGBOI_HIG,S101,2033,1.0
RE1,DEMINDBAGBOI_HIG,S101,2034,1.0
RE1,DEMINDBAGBOI_HIG,S101,2035,1.0
RE1,DEMINDBAGBOI_HIG,S101,2036,1.0
RE1,DEMINDBAGBOI_HIG,S101,2037,1.0
RE1,DEMINDBAGBOI_HIG,S101,2038,1.0
RE1,DEMINDBAGBOI_HIG,S101,2039,1.0
RE1,DEMINDBAGBOI_HIG,S101,2040,1.0
RE1,DEMINDBAGBOI_HIG,S101,2041,1.0
RE1,DEMINDBAGBOI_HIG,S101,2042,1.0
RE1,DEMINDBAGBOI_HIG,S101,2043,1.0
RE1,DEMINDBAGBOI_HIG,S101,2044,1.0
RE1,DEMINDBAGBOI_HIG,S101,2045,1.0
RE1,DEMINDBAGBOI_HIG,S101,2046,1.0
RE1,DEMINDBAGBOI_HIG,S101,2047,1.0
RE1,DEMINDBAGBOI_HIG,S101,2048,1.0
RE1,DEMINDBAGBOI_HIG,S101,2049,1.0
RE1,DEMINDBAGBOI_HIG,S101,2050,1.0
RE1,DEMINDBAGBOI_HIG,S101,2051,1.0
RE1,DEMINDBAGBOI_HIG,S101,2052,1.0
RE1,DEMINDBAGBOI_HIG,S101,2053,1.0
RE1,DEMINDBAGBOI_HIG,S101,2054,1.0
RE1,DEMINDBAGBOI_HIG,S101,2055,1.0
RE1,DEMINDBAGBOI_HIG,S102,2022,1.0
RE1,DEMINDBAGBOI_HIG,S102,2023,1.0
RE1,DEMINDBAGBOI_HIG,S102,2024,1.0
RE1,DEMINDBAGBOI_HIG,S102,2025,1.0
RE1,DEMINDBAGBOI_HIG,S102,2026,1.0
RE1,DEMINDBAGBOI_HIG,S102,2027,1.0
RE1,DEMINDBAGBOI_HIG,S102,2028,1.0
RE1,DEMINDBAGBOI_HIG,S102,2029,1.0
RE1,DEMINDBAGBOI_HIG,S102,2030,1.0
RE1,DEMINDBAGBOI_HIG,S102,2031,1.0
RE1,DEMINDBAGBOI_HIG,S102,2032,1.0
RE1,DEMINDBAGBOI_HIG,S102,2033,1.0
RE1,DEMINDBAGBOI_HIG,S102,2034,1.0
RE1,DEMINDBAGBOI_HIG,S102,2035,1.0
RE1,DEMINDBAGBOI_HIG,S102,2036,1.0
RE1,DEMINDBAGBOI_HIG,S102,2037,1.0
RE1,DEMINDBAGBOI_HIG,S102,2038,1.0
RE1,DEMINDBAGBOI_HIG,S102,2039,1.0
RE1,DEMINDBAGBOI_HIG,S102,2040,1.0
RE1,DEMINDBAGBOI_HIG,S102,2041,1.0
RE1,DEMINDBAGBOI_HIG,S102,2042,1.0
RE1,DEMINDBAGBOI_HIG,S102,2043,1.0
RE1,DEMINDBAGBOI_HIG,S102,2044,1.0
RE1,DEMINDBAGBOI_HIG,S102,2045,1.0
RE1,DEMINDBAGBOI_HIG,S102,2046,1.0
RE1,DEMINDBAGBOI_HIG,S102,2047,1.0
RE1,DEMINDBAGBOI_HIG,S102,2048,1.0
RE1,DEMINDBAGBOI_HIG,S102,2049,1.0
RE1,DEMINDBAGBOI_HIG,S102,2050,1.0
RE1,DEMINDBAGBOI_HIG,S102,2051,1.0
RE1,DEMINDBAGBOI_HIG,S102,2052,1.0
RE1,DEMINDBAGBOI_HIG,S102,2053,1.0
RE1,DEMINDBAGBOI_HIG,S102,2054,1.0
RE1,DEMINDBAGBOI_HIG,S102,2055,1.0
RE1,DEMINDBAGBOI_LOW,S101,2022,1.0
RE1,DEMINDBAGBOI_LOW,S101,2023,1.0
RE1,DEMINDBAGBOI_LOW,S101,2024,1.0
RE1,DEMINDBAGBOI_LOW,S101,2025,1.0
RE1,DEMINDBAGBOI_LOW,S101,2026,1.0
RE1,DEMINDBAGBOI_LOW,S101,2027,1.0
RE1,DEMINDBAGBOI_LOW,S101,2028,1.0
RE1,DEMINDBAGBOI_LOW,S101,2029,1.0
RE1,DEMINDBAGBOI_LOW,S101,2030,1.0
RE1,DEMINDBAGBOI_LOW,S101,2031,1.0
RE1,DEMINDBAGBOI_LOW,S101,2032,1.0
RE1,DEMINDBAGBOI_LOW,S101,2033,1.0
RE1,DEMINDBAGBOI_LOW,S101,2034,1.0
RE1,DEMINDBAGBOI_LOW,S101,2035,1.0
RE1,DEMINDBAGBOI_LOW,S101,2036,1.0
RE1,DEMINDBAGBOI_LOW,S101,2037,1.0
RE1,DEMINDBAGBOI_LOW,S101,2038,1.0
RE1,DEMINDBAGBOI_LOW,S101,2039,1.0
RE1,DEMINDBAGBOI_LOW,S101,2040,1.0
RE1,DEMINDBAGBOI_LOW,S101,2041,1.0
RE1,DEMINDBAGBOI_LOW,S101,2042,1.0
RE1,DEMINDBAGBOI_LOW,S101,2043,1.0
RE1,DEMINDBAGBOI_LOW,S101,2044,1.0
RE1,DEMINDBAGBOI_LOW,S101,2045,1.0
RE1,DEMINDBAGBOI_LOW,S101,2046,1.0
RE1,DEMINDBAGBOI_LOW,S101,2047,1.0
RE1,DEMINDBAGBOI_LOW,S101,2048,1.0
RE1,DEMINDBAGBOI_LOW,S101,2049,1.0
RE1,DEMINDBAGBOI_LOW,S101,2050,1.0
RE1,DEMINDBAGBOI_LOW,S101,2051,1.0
RE1,DEMINDBAGBOI_LOW,S101,2052,1.0
RE1,DEMINDBAGBOI_LOW,S101,2053,1.0
RE1,DEMINDBAGBOI_LOW,S101,2054,1.0
RE1,DEMINDBAGBOI_LOW,S101,2055,1.0
RE1,DEMINDBAGBOI_LOW,S102,2022,1.0
RE1,DEMINDBAGBOI_LOW,S102,2023,1.0
RE1,DEMINDBAGBOI_LOW,S102,2024,1.0
RE1,DEMINDBAGBOI_LOW,S102,2025,1.0
RE1,DEMINDBAGBOI_LOW,S102,2026,1.0
RE1,DEMINDBAGBOI_LOW,S102,2027,1.0
RE1,DEMINDBAGBOI_LOW,S102,2028,1.0
RE1,DEMINDBAGBOI_LOW,S102,2029,1.0
RE1,DEMINDBAGBOI_LOW,S102,2030,1.0
RE1,DEMINDBAGBOI_LOW,S102,2031,1.0
RE1,DEMINDBAGBOI_LOW,S102,2032,1.0
RE1,DEMINDBAGBOI_LOW,S102,2033,1.0
RE1,DEMINDBAGBOI_LOW,S102,2034,1.0
RE1,DEMINDBAGBOI_LOW,S102,2035,1.0
RE1,DEMINDBAGBOI_LOW,S102,2036,1.0
RE1,DEMINDBAGBOI_LOW,S102,2037,1.0
RE1,DEMINDBAGBOI_LOW,S102,2038,1.0
RE1,DEMINDBAGBOI_LOW,S102,2039,1.0
RE1,DEMINDBAGBOI_LOW,S102,2040,1.0
RE1,DEMINDBAGBOI_LOW,S102,2041,1.0
RE1,DEMINDBAGBOI_LOW,S102,2042,1.0
RE1,DEMINDBAGBOI_LOW,S102,2043,1.0
RE1,DEMINDBAGBOI_LOW,S102,2044,1.0
RE1,DEMINDBAGBOI_LOW,S102,2045,1.0
RE1,DEMINDBAGBOI_LOW,S102,2046,1.0
RE1,DEMINDBAGBOI_LOW,S102,2047,1.0
RE1,DEMINDBAGBOI_LOW,S102,2048,1.0
RE1,DEMINDBAGBOI_LOW,S102,2049,1.0
RE1,DEMINDBAGBOI_LOW,S102,2050,1.0
RE1,DEMINDBAGBOI_LOW,S102,2051,1.0
RE1,DEMINDBAGBOI_LOW,S102,2052,1.0
RE1,DEMINDBAGBOI_LOW,S102,2053,1.0
RE1,DEMINDBAGBOI_LOW,S102,2054,1.0
RE1,DEMINDBAGBOI_LOW,S102,2055,1.0
RE1,DEMINDBAGBOI_MID,S101,2022,1.0
RE1,DEMINDBAGBOI_MID,S101,2023,1.0
RE1,DEMINDBAGBOI_MID,S101,2024,1.0
RE1,DEMINDBAGBOI_MID,S101,2025,1.0
RE1,DEMINDBAGBOI_MID,S101,2026,1.0
RE1,DEMINDBAGBOI_MID,S101,2027,1.0
RE1,DEMINDBAGBOI_MID,S101,2028,1.0
RE1,DEMINDBAGBOI_MID,S101,2029,1.0
RE1,DEMINDBAGBOI_MID,S101,2030,1.0
RE1,DEMINDBAGBOI_MID,S101,2031,1.0
RE1,DEMINDBAGBOI_MID,S101,2032,1.0
RE1,DEMINDBAGBOI_MID,S101,2033,1.0
RE1,DEMINDBAGBOI_MID,S101,2034,1.0
RE1,DEMINDBAGBOI_MID,S101,2035,1.0
RE1,DEMINDBAGBOI_MID,S101,2036,1.0
RE1,DEMINDBAGBOI_MID,S101,2037,1.0
RE1,DEMINDBAGBOI_MID,S101,2038,1.0
RE1,DEMINDBAGBOI_MID,S101,2039,1.0
RE1,DEMINDBAGBOI_MID,S101,2040,1.0
RE1,DEMINDBAGBOI_MID,S101,2041,1.0
RE1,DEMINDBAGBOI_MID,S101,2042,1.0
RE1,DEMINDBAGBOI_MID,S101,2043,1.0
RE1,DEMINDBAGBOI_MID,S101,2044,1.0
RE1,DEMINDBAGBOI_MID,S101,2045,1.0
RE1,DEMINDBAGBOI_MID,S101,2046,1.0
RE1,DEMINDBAGBOI_MID,S101,2047,1.0
RE1,DEMINDBAGBOI_MID,S101,2048,1.0
RE1,DEMINDBAGBOI_MID,S101,2049,1.0
RE1,DEMINDBAGBOI_MID,S101,2050,1.0
RE1,DEMINDBAGBOI_MID,S101,2051,1.0
RE1,DEMINDBAGBOI_MID,S101,2052,1.0
RE1,DEMINDBAGBOI_MID,S101,2053,1.0
RE1,DEMINDBAGBOI_MID,S101,2054,1.0
RE1,DEMINDBAGBOI_MID,S101,2055,1.0
RE1,DEMINDBAGBOI_MID,S102,2022,1.0
RE1,DEMINDBAGBOI_MID,S102,2023,1.0
RE1,DEMINDBAGBOI_MID,S102,2024,1.0
RE1,DEMINDBAGBOI_MID,S102,2025,1.0
RE1,DEMINDBAGBOI_MID,S102,2026,1.0
RE1,DEMINDBAGBOI_MID,S102,2027,1.0
RE1,DEMINDBAGBOI_MID,S102,2028,1.0
RE1,DEMINDBAGBOI_MID,S102,2029,1.0
RE1,DEMINDBAGBOI_MID,S102,2030,1.0
RE1,DEMINDBAGBOI_MID,S102,2031,1.0
RE1,DEMINDBAGBOI_MID,S102,2032,1.0
RE1,DEMINDBAGBOI_MID,S102,2033,1.0
RE1,DEMINDBAGBOI_MID,S102,2034,1.0
RE1,DEMINDBAGBOI_MID,S102,2035,1.0
RE1,DEMINDBAGBOI_MID,S102,2036,1.0
RE1,DEMINDBAGBOI_MID,S102,2037,1.0
RE1,DEMINDBAGBOI_MID,S102,2038,1.0
RE1,DEMINDBAGBOI_MID,S102,2039,1.0
RE1,DEMINDBAGBOI_MID,S102,2040,1.0
RE1,DEMINDBAGBOI_MID,S102,2041,1.0
RE1,DEMINDBAGBOI_MID,S102,2042,1.0
RE1,DEMINDBAGBOI_MID,S102,2043,1.0
RE1,DEMINDBAGBOI_MID,S102,2044,1.0
RE1,DEMINDBAGBOI_MID,S102,2045,1.0
RE1,DEMINDBAGBOI_MID,S102,2046,1.0
RE1,DEMINDBAGBOI_MID,S102,2047,1.0
RE1,DEMINDBAGBOI_MID,S102,2048,1.0
RE1,DEMINDBAGBOI_MID,S102,2049,1.0
RE1,DEMINDBAGBOI_MID,S102,2050,1.0
RE1,DEMINDBAGBOI_MID,S102,2051,1.0
RE1,DEMINDBAGBOI_MID,S102,2052,1.0
RE1,DEMINDBAGBOI_MID,S102,2053,1.0
RE1,DEMINDBAGBOI_MID,S102,2054,1.0
RE1,DEMINDBAGBOI_MID,S102,2055,1.0
RE1,DEMINDBAGFURCCS,S101,2022,1.0
RE1,DEMINDBAGFURCCS,S101,2023,1.0
RE1,DEMINDBAGFURCCS,S101,2024,1.0
RE1,DEMINDBAGFURCCS,S101,2025,1.0
RE1,DEMINDBAGFURCCS,S101,2026,1.0
RE1,DEMINDBAGFURCCS,S101,2027,1.0
RE1,DEMINDBAGFURCCS,S101,2028,1.0
RE1,DEMINDBAGFURCCS,S101,2029,1.0
RE1,DEMINDBAGFURCCS,S101,2030,1.0
RE1,DEMINDBAGFURCCS,S101,2031,1.0
RE1,DEMINDBAGFURCCS,S101,2032,1.0
RE1,DEMINDBAGFURCCS,S101,2033,1.0
RE1,DEMINDBAGFURCCS,S101,2034,1.0
RE1,DEMINDBAGFURCCS,S101,2035,1.0
RE1,DEMINDBAGFURCCS,S101,2036,1.0
RE1,DEMINDBAGFURCCS,S101,2037,1.0
RE1,DEMINDBAGFURCCS,S101,2038,1.0
RE1,DEMINDBAGFURCCS,S101,2039,1.0
RE1,DEMINDBAGFURCCS,S101,2040,1.0
RE1,DEMINDBAGFURCCS,S101,2041,1.0
RE1,DEMINDBAGFURCCS,S101,2042,1.0
RE1,DEMINDBAGFURCCS,S101,2043,1.0
RE1,DEMINDBAGFURCCS,S101,2044,1.0
RE1,DEMINDBAGFURCCS,S101,2045,1.0
RE1,DEMINDBAGFURCCS,S101,2046,1.0
RE1,DEMINDBAGFURCCS,S101,2047,1.0
RE1,DEMINDBAGFURCCS,S101,2048,1.0
RE1,DEMINDBAGFURCCS,S101,2049,1.0
RE1,DEMINDBAGFURCCS,S101,2050,1.0
RE1,DEMINDBAGFURCCS,S101,2051,1.0
RE1,DEMINDBAGFURCCS,S101,2052,1.0
RE1,DEMINDBAGFURCCS,S101,2053,1.0
RE1,DEMINDBAGFURCCS,S101,2054,1.0
RE1,DEMINDBAGFURCCS,S101,2055,1.0
RE1,DEMINDBAGFURCCS,S102,2022,1.0
RE1,DEMINDBAGFURCCS,S102,2023,1.0
RE1,DEMINDBAGFURCCS,S102,2024,1.0
RE1,DEMINDBAGFURCCS,S102,2025,1.0
RE1,DEMINDBAGFURCCS,S102,2026,1.0
RE1,DEMINDBAGFURCCS,S102,2027,1.0
RE1,DEMINDBAGFURCCS,S102,2028,1.0
RE1,DEMINDBAGFURCCS,S102,2029,1.0
RE1,DEMINDBAGFURCCS,S102,2030,1.0
RE1,DEMINDBAGFURCCS,S102,2031,1.0
RE1,DEMINDBAGFURCCS,S102,2032,1.0
RE1,DEMINDBAGFURCCS,S102,2033,1.0
RE1,DEMINDBAGFURCCS,S102,2034,1.0
RE1,DEMINDBAGFURCCS,S102,2035,1.0
RE1,DEMINDBAGFURCCS,S102,2036,1.0
RE1,DEMINDBAGFURCCS,S102,2037,1.0
RE1,DEMINDBAGFURCCS,S102,2038,1.0
RE1,DEMINDBAGFURCCS,S102,2039,1.0
RE1,DEMINDBAGFURCCS,S102,2040,1.0
RE1,DEMINDBAGFURCCS,S102,2041,1.0
RE1,DEMINDBAGFURCCS,S102,2042,1.0
RE1,DEMINDBAGFURCCS,S102,2043,1.0
RE1,DEMINDBAGFURCCS,S102,2044,1.0
RE1,DEMINDBAGFURCCS,S102,2045,1.0
RE1,DEMINDBAGFURCCS,S102,2046,1.0
RE1,DEMINDBAGFURCCS,S102,2047,1.0
RE1,DEMINDBAGFURCCS,S102,2048,1.0
RE1,DEMINDBAGFURCCS,S102,2049,1.0
RE1,DEMINDBAGFURCCS,S102,2050,1.0
RE1,DEMINDBAGFURCCS,S102,2051,1.0
RE1,DEMINDBAGFURCCS,S102,2052,1.0
RE1,DEMINDBAGFURCCS,S102,2053,1.0
RE1,DEMINDBAGFURCCS,S102,2054,1.0
RE1,DEMINDBAGFURCCS,S102,2055,1.0
RE1,DEMINDBAGFUR_HIG,S101,2022,1.0
RE1,DEMINDBAGFUR_HIG,S101,2023,1.0
RE1,DEMINDBAGFUR_HIG,S101,2024,1.0
RE1,DEMINDBAGFUR_HIG,S101,2025,1.0
RE1,DEMINDBAGFUR_HIG,S101,2026,1.0
RE1,DEMINDBAGFUR_HIG,S101,2027,1.0
RE1,DEMINDBAGFUR_HIG,S101,2028,1.0
RE1,DEMINDBAGFUR_HIG,S101,2029,1.0
RE1,DEMINDBAGFUR_HIG,S101,2030,1.0
RE1,DEMINDBAGFUR_HIG,S101,2031,1.0
RE1,DEMINDBAGFUR_HIG,S101,2032,1.0
RE1,DEMINDBAGFUR_HIG,S101,2033,1.0
RE1,DEMINDBAGFUR_HIG,S101,2034,1.0
RE1,DEMINDBAGFUR_HIG,S101,2035,1.0
RE1,DEMINDBAGFUR_HIG,S101,2036,1.0
RE1,DEMINDBAGFUR_HIG,S101,2037,1.0
RE1,DEMINDBAGFUR_HIG,S101,2038,1.0
RE1,DEMINDBAGFUR_HIG,S101,2039,1.0
RE1,DEMINDBAGFUR_HIG,S101,2040,1.0
RE1,DEMINDBAGFUR_HIG,S101,2041,1.0
RE1,DEMINDBAGFUR_HIG,S101,2042,1.0
RE1,DEMINDBAGFUR_HIG,S101,2043,1.0
RE1,DEMINDBAGFUR_HIG,S101,2044,1.0
RE1,DEMINDBAGFUR_HIG,S101,2045,1.0
RE1,DEMINDBAGFUR_HIG,S101,2046,1.0
RE1,DEMINDBAGFUR_HIG,S101,2047,1.0
RE1,DEMINDBAGFUR_HIG,S101,2048,1.0
RE1,DEMINDBAGFUR_HIG,S101,2049,1.0
RE1,DEMINDBAGFUR_HIG,S101,2050,1.0
RE1,DEMINDBAGFUR_HIG,S101,2051,1.0
RE1,DEMINDBAGFUR_HIG,S101,2052,1.0
RE1,DEMINDBAGFUR_HIG,S101,2053,1.0
RE1,DEMINDBAGFUR_HIG,S101,2054,1.0
RE1,DEMINDBAGFUR_HIG,S101,2055,1.0
RE1,DEMINDBAGFUR_HIG,S102,2022,1.0
RE1,DEMINDBAGFUR_HIG,S102,2023,1.0
RE1,DEMINDBAGFUR_HIG,S102,2024,1.0
RE1,DEMINDBAGFUR_HIG,S102,2025,1.0
RE1,DEMINDBAGFUR_HIG,S102,2026,1.0
RE1,DEMINDBAGFUR_HIG,S102,2027,1.0
RE1,DEMINDBAGFUR_HIG,S102,2028,1.0
RE1,DEMINDBAGFUR_HIG,S102,2029,1.0
RE1,DEMINDBAGFUR_HIG,S102,2030,1.0
RE1,DEMINDBAGFUR_HIG,S102,2031,1.0
RE1,DEMINDBAGFUR_HIG,S102,2032,1.0
RE1,DEMINDBAGFUR_HIG,S102,2033,1.0
RE1,DEMINDBAGFUR_HIG,S102,2034,1.0
RE1,DEMINDBAGFUR_HIG,S102,2035,1.0
RE1,DEMINDBAGFUR_HIG,S102,2036,1.0
RE1,DEMINDBAGFUR_HIG,S102,2037,1.0
RE1,DEMINDBAGFUR_HIG,S102,2038,1.0
RE1,DEMINDBAGFUR_HIG,S102,2039,1.0
RE1,DEMINDBAGFUR_HIG,S102,2040,1.0
RE1,DEMINDBAGFUR_HIG,S102,2041,1.0
RE1,DEMINDBAGFUR_HIG,S102,2042,1.0
RE1,DEMINDBAGFUR_HIG,S102,2043,1.0
RE1,DEMINDBAGFUR_HIG,S102,2044,1.0
RE1,DEMINDBAGFUR_HIG,S102,2045,1.0
RE1,DEMINDBAGFUR_HIG,S102,2046,1.0
RE1,DEMINDBAGFUR_HIG,S102,2047,1.0
RE1,DEMINDBAGFUR_HIG,S102,2048,1.0
RE1,DEMINDBAGFUR_HIG,S102,2049,1.0
RE1,DEMINDBAGFUR_HIG,S102,2050,1.0
RE1,DEMINDBAGFUR_HIG,S102,2051,1.0
RE1,DEMINDBAGFUR_HIG,S102,2052,1.0
RE1,DEMINDBAGFUR_HIG,S102,2053,1.0
RE1,DEMINDBAGFUR_HIG,S102,2054,1.0
RE1,DEMINDBAGFUR_HIG,S102,2055,1.0
RE1,DEMINDBAGFUR_LOW,S101,2022,1.0
RE1,DEMINDBAGFUR_LOW,S101,2023,1.0
RE1,DEMINDBAGFUR_LOW,S101,2024,1.0
RE1,DEMINDBAGFUR_LOW,S101,2025,1.0
RE1,DEMINDBAGFUR_LOW,S101,2026,1.0
RE1,DEMINDBAGFUR_LOW,S101,2027,1.0
RE1,DEMINDBAGFUR_LOW,S101,2028,1.0
RE1,DEMINDBAGFUR_LOW,S101,2029,1.0
RE1,DEMINDBAGFUR_LOW,S101,2030,1.0
RE1,DEMINDBAGFUR_LOW,S101,2031,1.0
RE1,DEMINDBAGFUR_LOW,S101,2032,1.0
RE1,DEMINDBAGFUR_LOW,S101,2033,1.0
RE1,DEMINDBAGFUR_LOW,S101,2034,1.0
RE1,DEMINDBAGFUR_LOW,S101,2035,1.0
RE1,DEMINDBAGFUR_LOW,S101,2036,1.0
RE1,DEMINDBAGFUR_LOW,S101,2037,1.0
RE1,DEMINDBAGFUR_LOW,S101,2038,1.0
RE1,DEMINDBAGFUR_LOW,S101,2039,1.0
RE1,DEMINDBAGFUR_LOW,S101,2040,1.0
RE1,DEMINDBAGFUR_LOW,S101,2041,1.0
RE1,DEMINDBAGFUR_LOW,S101,2042,1.0
RE1,DEMINDBAGFUR_LOW,S101,2043,1.0
RE1,DEMINDBAGFUR_LOW,S101,2044,1.0
RE1,DEMINDBAGFUR_LOW,S101,2045,1.0
RE1,DEMINDBAGFUR_LOW,S101,2046,1.0
RE1,DEMINDBAGFUR_LOW,S101,2047,1.0
RE1,DEMINDBAGFUR_LOW,S101,2048,1.0
RE1,DEMINDBAGFUR_LOW,S101,2049,1.0
RE1,DEMINDBAGFUR_LOW,S101,2050,1.0
RE1,DEMINDBAGFUR_LOW,S101,2051,1.0
RE1,DEMINDBAGFUR_LOW,S101,2052,1.0
RE1,DEMINDBAGFUR_LOW,S101,2053,1.0
RE1,DEMINDBAGFUR_LOW,S101,2054,1.0
RE1,DEMINDBAGFUR_LOW,S101,2055,1.0
RE1,DEMINDBAGFUR_LOW,S102,2022,1.0
RE1,DEMINDBAGFUR_LOW,S102,2023,1.0
RE1,DEMINDBAGFUR_LOW,S102,2024,1.0
RE1,DEMINDBAGFUR_LOW,S102,2025,1.0
RE1,DEMINDBAGFUR_LOW,S102,2026,1.0
RE1,DEMINDBAGFUR_LOW,S102,2027,1.0
RE1,DEMINDBAGFUR_LOW,S102,2028,1.0
RE1,DEMINDBAGFUR_LOW,S102,2029,1.0
RE1,DEMINDBAGFUR_LOW,S102,2030,1.0
RE1,DEMINDBAGFUR_LOW,S102,2031,1.0
RE1,DEMINDBAGFUR_LOW,S102,2032,1.0
RE1,DEMINDBAGFUR_LOW,S102,2033,1.0
RE1,DEMINDBAGFUR_LOW,S102,2034,1.0
RE1,DEMINDBAGFUR_LOW,S102,2035,1.0
RE1,DEMINDBAGFUR_LOW,S102,2036,1.0
RE1,DEMINDBAGFUR_LOW,S102,2037,1.0
RE1,DEMINDBAGFUR_LOW,S102,2038,1.0
RE1,DEMINDBAGFUR_LOW,S102,2039,1.0
RE1,DEMINDBAGFUR_LOW,S102,2040,1.0
RE1,DEMINDBAGFUR_LOW,S102,2041,1.0
RE1,DEMINDBAGFUR_LOW,S102,2042,1.0
RE1,DEMINDBAGFUR_LOW,S102,2043,1.0
RE1,DEMINDBAGFUR_LOW,S102,2044,1.0
RE1,DEMINDBAGFUR_LOW,S102,2045,1.0
RE1,DEMINDBAGFUR_LOW,S102,2046,1.0
RE1,DEMINDBAGFUR_LOW,S102,2047,1.0
RE1,DEMINDBAGFUR_LOW,S102,2048,1.0
RE1,DEMINDBAGFUR_LOW,S102,2049,1.0
RE1,DEMINDBAGFUR_LOW,S102,2050,1.0
RE1,DEMINDBAGFUR_LOW,S102,2051,1.0
RE1,DEMINDBAGFUR_LOW,S102,2052,1.0
RE1,DEMINDBAGFUR_LOW,S102,2053,1.0
RE1,DEMINDBAGFUR_LOW,S102,2054,1.0
RE1,DEMINDBAGFUR_LOW,S102,2055,1.0
RE1,DEMINDBAGFUR_MID,S101,2022,1.0
RE1,DEMINDBAGFUR_MID,S101,2023,1.0
RE1,DEMINDBAGFUR_MID,S101,2024,1.0
RE1,DEMINDBAGFUR_MID,S101,2025,1.0
RE1,DEMINDBAGFUR_MID,S101,2026,1.0
RE1,DEMINDBAGFUR_MID,S101,2027,1.0
RE1,DEMINDBAGFUR_MID,S101,2028,1.0
RE1,DEMINDBAGFUR_MID,S101,2029,1.0
RE1,DEMINDBAGFUR_MID,S101,2030,1.0
RE1,DEMINDBAGFUR_MID,S101,2031,1.0
RE1,DEMINDBAGFUR_MID,S101,2032,1.0
RE1,DEMINDBAGFUR_MID,S101,2033,1.0
RE1,DEMINDBAGFUR_MID,S101,2034,1.0
RE1,DEMINDBAGFUR_MID,S101,2035,1.0
RE1,DEMINDBAGFUR_MID,S101,2036,1.0
RE1,DEMINDBAGFUR_MID,S101,2037,1.0
RE1,DEMINDBAGFUR_MID,S101,2038,1.0
RE1,DEMINDBAGFUR_MID,S101,2039,1.0
RE1,DEMINDBAGFUR_MID,S101,2040,1.0
RE1,DEMINDBAGFUR_MID,S101,2041,1.0
RE1,DEMINDBAGFUR_MID,S101,2042,1.0
RE1,DEMINDBAGFUR_MID,S101,2043,1.0
RE1,DEMINDBAGFUR_MID,S101,2044,1.0
RE1,DEMINDBAGFUR_MID,S101,2045,1.0
RE1,DEMINDBAGFUR_MID,S101,2046,1.0
RE1,DEMINDBAGFUR_MID,S101,2047,1.0
RE1,DEMINDBAGFUR_MID,S101,2048,1.0
RE1,DEMINDBAGFUR_MID,S101,2049,1.0
RE1,DEMINDBAGFUR_MID,S101,2050,1.0
RE1,DEMINDBAGFUR_MID,S101,2051,1.0
RE1,DEMINDBAGFUR_MID,S101,2052,1.0
RE1,DEMINDBAGFUR_MID,S101,2053,1.0
RE1,DEMINDBAGFUR_MID,S101,2054,1.0
RE1,DEMINDBAGFUR_MID,S101,2055,1.0
RE1,DEMINDBAGFUR_MID,S102,2022,1.0
RE1,DEMINDBAGFUR_MID,S102,2023,1.0
RE1,DEMINDBAGFUR_MID,S102,2024,1.0
RE1,DEMINDBAGFUR_MID,S102,2025,1.0
RE1,DEMINDBAGFUR_MID,S102,2026,1.0
RE1,DEMINDBAGFUR_MID,S102,2027,1.0
RE1,DEMINDBAGFUR_MID,S102,2028,1.0
RE1,DEMINDBAGFUR_MID,S102,2029,1.0
RE1,DEMINDBAGFUR_MID,S102,2030,1.0
RE1,DEMINDBAGFUR_MID,S102,2031,1.0
RE1,DEMINDBAGFUR_MID,S102,2032,1.0
RE1,DEMINDBAGFUR_MID,S102,2033,1.0
RE1,DEMINDBAGFUR_MID,S102,2034,1.0
RE1,DEMINDBAGFUR_MID,S102,2035,1.0
RE1,DEMINDBAGFUR_MID,S102,2036,1.0
RE1,DEMINDBAGFUR_MID,S102,2037,1.0
RE1,DEMINDBAGFUR_MID,S102,2038,1.0
RE1,DEMINDBAGFUR_MID,S102,2039,1.0
RE1,DEMINDBAGFUR_MID,S102,2040,1.0
RE1,DEMINDBAGFUR_MID,S102,2041,1.0
RE1,DEMINDBAGFUR_MID,S102,2042,1.0
RE1,DEMINDBAGFUR_MID,S102,2043,1.0
RE1,DEMINDBAGFUR_MID,S102,2044,1.0
RE1,DEMINDBAGFUR_MID,S102,2045,1.0
RE1,DEMINDBAGFUR_MID,S102,2046,1.0
RE1,DEMINDBAGFUR_MID,S102,2047,1.0
RE1,DEMINDBAGFUR_MID,S102,2048,1.0
RE1,DEMINDBAGFUR_MID,S102,2049,1.0
RE1,DEMINDBAGFUR_MID,S102,2050,1.0
RE1,DEMINDBAGFUR_MID,S102,2051,1.0
RE1,DEMINDBAGFUR_MID,S102,2052,1.0
RE1,DEMINDBAGFUR_MID,S102,2053,1.0
RE1,DEMINDBAGFUR_MID,S102,2054,1.0
RE1,DEMINDBAGFUR_MID,S102,2055,1.0
RE1,DEMINDBGSBOI_HIG,S101,2022,1.0
RE1,DEMINDBGSBOI_HIG,S101,2023,1.0
RE1,DEMINDBGSBOI_HIG,S101,2024,1.0
RE1,DEMINDBGSBOI_HIG,S101,2025,1.0
RE1,DEMINDBGSBOI_HIG,S101,2026,1.0
RE1,DEMINDBGSBOI_HIG,S101,2027,1.0
RE1,DEMINDBGSBOI_HIG,S101,2028,1.0
RE1,DEMINDBGSBOI_HIG,S101,2029,1.0
RE1,DEMINDBGSBOI_HIG,S101,2030,1.0
RE1,DEMINDBGSBOI_HIG,S101,2031,1.0
RE1,DEMINDBGSBOI_HIG,S101,2032,1.0
RE1,DEMINDBGSBOI_HIG,S101,2033,1.0
RE1,DEMINDBGSBOI_HIG,S101,2034,1.0
RE1,DEMINDBGSBOI_HIG,S101,2035,1.0
RE1,DEMINDBGSBOI_HIG,S101,2036,1.0
RE1,DEMINDBGSBOI_HIG,S101,2037,1.0
RE1,DEMINDBGSBOI_HIG,S101,2038,1.0
RE1,DEMINDBGSBOI_HIG,S101,2039,1.0
RE1,DEMINDBGSBOI_HIG,S101,2040,1.0
RE1,DEMINDBGSBOI_HIG,S101,2041,1.0
RE1,DEMINDBGSBOI_HIG,S101,2042,1.0
RE1,DEMINDBGSBOI_HIG,S101,2043,1.0
RE1,DEMINDBGSBOI_HIG,S101,2044,1.0
RE1,DEMINDBGSBOI_HIG,S101,2045,1.0
RE1,DEMINDBGSBOI_HIG,S101,2046,1.0
RE1,DEMINDBGSBOI_HIG,S101,2047,1.0
RE1,DEMINDBGSBOI_HIG,S101,2048,1.0
RE1,DEMINDBGSBOI_HIG,S101,2049,1.0
RE1,DEMINDBGSBOI_HIG,S101,2050,1.0
RE1,DEMINDBGSBOI_HIG,S101,2051,1.0
RE1,DEMINDBGSBOI_HIG,S101,2052,1.0
RE1,DEMINDBGSBOI_HIG,S101,2053,1.0
RE1,DEMINDBGSBOI_HIG,S101,2054,1.0
RE1,DEMINDBGSBOI_HIG,S101,2055,1.0
RE1,DEMINDBGSBOI_HIG,S102,2022,1.0
RE1,DEMINDBGSBOI_HIG,S102,2023,1.0
RE1,DEMINDBGSBOI_HIG,S102,2024,1.0
RE1,DEMINDBGSBOI_HIG,S102,2025,1.0
RE1,DEMINDBGSBOI_HIG,S102,2026,1.0
RE1,DEMINDBGSBOI_HIG,S102,2027,1.0
RE1,DEMINDBGSBOI_HIG,S102,2028,1.0
RE1,DEMINDBGSBOI_HIG,S102,2029,1.0
RE1,DEMINDBGSBOI_HIG,S102,2030,1.0
RE1,DEMINDBGSBOI_HIG,S102,2031,1.0
RE1,DEMINDBGSBOI_HIG,S102,2032,1.0
RE1,DEMINDBGSBOI_HIG,S102,2033,1.0
RE1,DEMINDBGSBOI_HIG,S102,2034,1.0
RE1,DEMINDBGSBOI_HIG,S102,2035,1.0
RE1,DEMINDBGSBOI_HIG,S102,2036,1.0
RE1,DEMINDBGSBOI_HIG,S102,2037,1.0
RE1,DEMINDBGSBOI_HIG,S102,2038,1.0
RE1,DEMINDBGSBOI_HIG,S102,2039,1.0
RE1,DEMINDBGSBOI_HIG,S102,2040,1.0
RE1,DEMINDBGSBOI_HIG,S102,2041,1.0
RE1,DEMINDBGSBOI_HIG,S102,2042,1.0
RE1,DEMINDBGSBOI_HIG,S102,2043,1.0
RE1,DEMINDBGSBOI_HIG,S102,2044,1.0
RE1,DEMINDBGSBOI_HIG,S102,2045,1.0
RE1,DEMINDBGSBOI_HIG,S102,2046,1.0
RE1,DEMINDBGSBOI_HIG,S102,2047,1.0
RE1,DEMINDBGSBOI_HIG,S102,2048,1.0
RE1,DEMINDBGSBOI_HIG,S102,2049,1.0
RE1,DEMINDBGSBOI_HIG,S102,2050,1.0
RE1,DEMINDBGSBOI_HIG,S102,2051,1.0
RE1,DEMINDBGSBOI_HIG,S102,2052,1.0
RE1,DEMINDBGSBOI_HIG,S102,2053,1.0
RE1,DEMINDBGSBOI_HIG,S102,2054,1.0
RE1,DEMINDBGSBOI_HIG,S102,2055,1.0
RE1,DEMINDBGSBOI_LOW,S101,2022,1.0
RE1,DEMINDBGSBOI_LOW,S101,2023,1.0
RE1,DEMINDBGSBOI_LOW,S101,2024,1.0
RE1,DEMINDBGSBOI_LOW,S101,2025,1.0
RE1,DEMINDBGSBOI_LOW,S101,2026,1.0
RE1,DEMINDBGSBOI_LOW,S101,2027,1.0
RE1,DEMINDBGSBOI_LOW,S101,2028,1.0
RE1,DEMINDBGSBOI_LOW,S101,2029,1.0
RE1,DEMINDBGSBOI_LOW,S101,2030,1.0
RE1,DEMINDBGSBOI_LOW,S101,2031,1.0
RE1,DEMINDBGSBOI_LOW,S101,2032,1.0
RE1,DEMINDBGSBOI_LOW,S101,2033,1.0
RE1,DEMINDBGSBOI_LOW,S101,2034,1.0
RE1,DEMINDBGSBOI_LOW,S101,2035,1.0
RE1,DEMINDBGSBOI_LOW,S101,2036,1.0
RE1,DEMINDBGSBOI_LOW,S101,2037,1.0
RE1,DEMINDBGSBOI_LOW,S101,2038,1.0
RE1,DEMINDBGSBOI_LOW,S101,2039,1.0
RE1,DEMINDBGSBOI_LOW,S101,2040,1.0
RE1,DEMINDBGSBOI_LOW,S101,2041,1.0
RE1,DEMINDBGSBOI_LOW,S101,2042,1.0
RE1,DEMINDBGSBOI_LOW,S101,2043,1.0
RE1,DEMINDBGSBOI_LOW,S101,2044,1.0
RE1,DEMINDBGSBOI_LOW,S101,2045,1.0
RE1,DEMINDBGSBOI_LOW,S101,2046,1.0
RE1,DEMINDBGSBOI_LOW,S101,2047,1.0
RE1,DEMINDBGSBOI_LOW,S101,2048,1.0
RE1,DEMINDBGSBOI_LOW,S101,2049,1.0
RE1,DEMINDBGSBOI_LOW,S101,2050,1.0
RE1,DEMINDBGSBOI_LOW,S101,2051,1.0
RE1,DEMINDBGSBOI_LOW,S101,2052,1.0
RE1,DEMINDBGSBOI_LOW,S101,2053,1.0
RE1,DEMINDBGSBOI_LOW,S101,2054,1.0
RE1,DEMINDBGSBOI_LOW,S101,2055,1.0
RE1,DEMINDBGSBOI_LOW,S102,2022,1.0
RE1,DEMINDBGSBOI_LOW,S102,2023,1.0
RE1,DEMINDBGSBOI_LOW,S102,2024,1.0
RE1,DEMINDBGSBOI_LOW,S102,2025,1.0
RE1,DEMINDBGSBOI_LOW,S102,2026,1.0
RE1,DEMINDBGSBOI_LOW,S102,2027,1.0
RE1,DEMINDBGSBOI_LOW,S102,2028,1.0
RE1,DEMINDBGSBOI_LOW,S102,2029,1.0
RE1,DEMINDBGSBOI_LOW,S102,2030,1.0
RE1,DEMINDBGSBOI_LOW,S102,2031,1.0
RE1,DEMINDBGSBOI_LOW,S102,2032,1.0
RE1,DEMINDBGSBOI_LOW,S102,2033,1.0
RE1,DEMINDBGSBOI_LOW,S102,2034,1.0
RE1,DEMINDBGSBOI_LOW,S102,2035,1.0
RE1,DEMINDBGSBOI_LOW,S102,2036,1.0
RE1,DEMINDBGSBOI_LOW,S102,2037,1.0
RE1,DEMINDBGSBOI_LOW,S102,2038,1.0
RE1,DEMINDBGSBOI_LOW,S102,2039,1.0
RE1,DEMINDBGSBOI_LOW,S102,2040,1.0
RE1,DEMINDBGSBOI_LOW,S102,2041,1.0
RE1,DEMINDBGSBOI_LOW,S102,2042,1.0
RE1,DEMINDBGSBOI_LOW,S102,2043,1.0
RE1,DEMINDBGSBOI_LOW,S102,2044,1.0
RE1,DEMINDBGSBOI_LOW,S102,2045,1.0
RE1,DEMINDBGSBOI_LOW,S102,2046,1.0
RE1,DEMINDBGSBOI_LOW,S102,2047,1.0
RE1,DEMINDBGSBOI_LOW,S102,2048,1.0
RE1,DEMINDBGSBOI_LOW,S102,2049,1.0
RE1,DEMINDBGSBOI_LOW,S102,2050,1.0
RE1,DEMINDBGSBOI_LOW,S102,2051,1.0
RE1,DEMINDBGSBOI_LOW,S102,2052,1.0
RE1,DEMINDBGSBOI_LOW,S102,2053,1.0
RE1,DEMINDBGSBOI_LOW,S102,2054,1.0
RE1,DEMINDBGSBOI_LOW,S102,2055,1.0
RE1,DEMINDBGSBOI_MID,S101,2022,1.0
RE1,DEMINDBGSBOI_MID,S101,2023,1.0
RE1,DEMINDBGSBOI_MID,S101,2024,1.0
RE1,DEMINDBGSBOI_MID,S101,2025,1.0
RE1,DEMINDBGSBOI_MID,S101,2026,1.0
RE1,DEMINDBGSBOI_MID,S101,2027,1.0
RE1,DEMINDBGSBOI_MID,S101,2028,1.0
RE1,DEMINDBGSBOI_MID,S101,2029,1.0
RE1,DEMINDBGSBOI_MID,S101,2030,1.0
RE1,DEMINDBGSBOI_MID,S101,2031,1.0
RE1,DEMINDBGSBOI_MID,S101,2032,1.0
RE1,DEMINDBGSBOI_MID,S101,2033,1.0
RE1,DEMINDBGSBOI_MID,S101,2034,1.0
RE1,DEMINDBGSBOI_MID,S101,2035,1.0
RE1,DEMINDBGSBOI_MID,S101,2036,1.0
RE1,DEMINDBGSBOI_MID,S101,2037,1.0
RE1,DEMINDBGSBOI_MID,S101,2038,1.0
RE1,DEMINDBGSBOI_MID,S101,2039,1.0
RE1,DEMINDBGSBOI_MID,S101,2040,1.0
RE1,DEMINDBGSBOI_MID,S101,2041,1.0
RE1,DEMINDBGSBOI_MID,S101,2042,1.0
RE1,DEMINDBGSBOI_MID,S101,2043,1.0
RE1,DEMINDBGSBOI_MID,S101,2044,1.0
RE1,DEMINDBGSBOI_MID,S101,2045,1.0
RE1,DEMINDBGSBOI_MID,S101,2046,1.0
RE1,DEMINDBGSBOI_MID,S101,2047,1.0
RE1,DEMINDBGSBOI_MID,S101,2048,1.0
RE1,DEMINDBGSBOI_MID,S101,2049,1.0
RE1,DEMINDBGSBOI_MID,S101,2050,1.0
RE1,DEMINDBGSBOI_MID,S101,2051,1.0
RE1,DEMINDBGSBOI_MID,S101,2052,1.0
RE1,DEMINDBGSBOI_MID,S101,2053,1.0
RE1,DEMINDBGSBOI_MID,S101,2054,1.0
RE1,DEMINDBGSBOI_MID,S101,2055,1.0
RE1,DEMINDBGSBOI_MID,S102,2022,1.0
RE1,DEMINDBGSBOI_MID,S102,2023,1.0
RE1,DEMINDBGSBOI_MID,S102,2024,1.0
RE1,DEMINDBGSBOI_MID,S102,2025,1.0
RE1,DEMINDBGSBOI_MID,S102,2026,1.0
RE1,DEMINDBGSBOI_MID,S102,2027,1.0
RE1,DEMINDBGSBOI_MID,S102,2028,1.0
RE1,DEMINDBGSBOI_MID,S102,2029,1.0
RE1,DEMINDBGSBOI_MID,S102,2030,1.0
RE1,DEMINDBGSBOI_MID,S102,2031,1.0
RE1,DEMINDBGSBOI_MID,S102,2032,1.0
RE1,DEMINDBGSBOI_MID,S102,2033,1.0
RE1,DEMINDBGSBOI_MID,S102,2034,1.0
RE1,DEMINDBGSBOI_MID,S102,2035,1.0
RE1,DEMINDBGSBOI_MID,S102,2036,1.0
RE1,DEMINDBGSBOI_MID,S102,2037,1.0
RE1,DEMINDBGSBOI_MID,S102,2038,1.0
RE1,DEMINDBGSBOI_MID,S102,2039,1.0
RE1,DEMINDBGSBOI_MID,S102,2040,1.0
RE1,DEMINDBGSBOI_MID,S102,2041,1.0
RE1,DEMINDBGSBOI_MID,S102,2042,1.0
RE1,DEMINDBGSBOI_MID,S102,2043,1.0
RE1,DEMINDBGSBOI_MID,S102,2044,1.0
RE1,DEMINDBGSBOI_MID,S102,2045,1.0
RE1,DEMINDBGSBOI_MID,S102,2046,1.0
RE1,DEMINDBGSBOI_MID,S102,2047,1.0
RE1,DEMINDBGSBOI_MID,S102,2048,1.0
RE1,DEMINDBGSBOI_MID,S102,2049,1.0
RE1,DEMINDBGSBOI_MID,S102,2050,1.0
RE1,DEMINDBGSBOI_MID,S102,2051,1.0
RE1,DEMINDBGSBOI_MID,S102,2052,1.0
RE1,DEMINDBGSBOI_MID,S102,2053,1.0
RE1,DEMINDBGSBOI_MID,S102,2054,1.0
RE1,DEMINDBGSBOI_MID,S102,2055,1.0
RE1,DEMINDBGSFUR_HIG,S101,2022,1.0
RE1,DEMINDBGSFUR_HIG,S101,2023,1.0
RE1,DEMINDBGSFUR_HIG,S101,2024,1.0
RE1,DEMINDBGSFUR_HIG,S101,2025,1.0
RE1,DEMINDBGSFUR_HIG,S101,2026,1.0
RE1,DEMINDBGSFUR_HIG,S101,2027,1.0
RE1,DEMINDBGSFUR_HIG,S101,2028,1.0
RE1,DEMINDBGSFUR_HIG,S101,2029,1.0
RE1,DEMINDBGSFUR_HIG,S101,2030,1.0
RE1,DEMINDBGSFUR_HIG,S101,2031,1.0
RE1,DEMINDBGSFUR_HIG,S101,2032,1.0
RE1,DEMINDBGSFUR_HIG,S101,2033,1.0
RE1,DEMINDBGSFUR_HIG,S101,2034,1.0
RE1,DEMINDBGSFUR_HIG,S101,2035,1.0
RE1,DEMINDBGSFUR_HIG,S101,2036,1.0
RE1,DEMINDBGSFUR_HIG,S101,2037,1.0
RE1,DEMINDBGSFUR_HIG,S101,2038,1.0
RE1,DEMINDBGSFUR_HIG,S101,2039,1.0
RE1,DEMINDBGSFUR_HIG,S101,2040,1.0
RE1,DEMINDBGSFUR_HIG,S101,2041,1.0
RE1,DEMINDBGSFUR_HIG,S101,2042,1.0
RE1,DEMINDBGSFUR_HIG,S101,2043,1.0
RE1,DEMINDBGSFUR_HIG,S101,2044,1.0
RE1,DEMINDBGSFUR_HIG,S101,2045,1.0
RE1,DEMINDBGSFUR_HIG,S101,2046,1.0
RE1,DEMINDBGSFUR_HIG,S101,2047,1.0
RE1,DEMINDBGSFUR_HIG,S101,2048,1.0
RE1,DEMINDBGSFUR_HIG,S101,2049,1.0
RE1,DEMINDBGSFUR_HIG,S101,2050,1.0
RE1,DEMINDBGSFUR_HIG,S101,2051,1.0
RE1,DEMINDBGSFUR_HIG,S101,2052,1.0
RE1,DEMINDBGSFUR_HIG,S101,2053,1.0
RE1,DEMINDBGSFUR_HIG,S101,2054,1.0
RE1,DEMINDBGSFUR_HIG,S101,2055,1.0
RE1,DEMINDBGSFUR_HIG,S102,2022,1.0
RE1,DEMINDBGSFUR_HIG,S102,2023,1.0
RE1,DEMINDBGSFUR_HIG,S102,2024,1.0
RE1,DEMINDBGSFUR_HIG,S102,2025,1.0
RE1,DEMINDBGSFUR_HIG,S102,2026,1.0
RE1,DEMINDBGSFUR_HIG,S102,2027,1.0
RE1,DEMINDBGSFUR_HIG,S102,2028,1.0
RE1,DEMINDBGSFUR_HIG,S102,2029,1.0
RE1,DEMINDBGSFUR_HIG,S102,2030,1.0
RE1,DEMINDBGSFUR_HIG,S102,2031,1.0
RE1,DEMINDBGSFUR_HIG,S102,2032,1.0
RE1,DEMINDBGSFUR_HIG,S102,2033,1.0
RE1,DEMINDBGSFUR_HIG,S102,2034,1.0
RE1,DEMINDBGSFUR_HIG,S102,2035,1.0
RE1,DEMINDBGSFUR_HIG,S102,2036,1.0
RE1,DEMINDBGSFUR_HIG,S102,2037,1.0
RE1,DEMINDBGSFUR_HIG,S102,2038,1.0
RE1,DEMINDBGSFUR_HIG,S102,2039,1.0
RE1,DEMINDBGSFUR_HIG,S102,2040,1.0
RE1,DEMINDBGSFUR_HIG,S102,2041,1.0
RE1,DEMINDBGSFUR_HIG,S102,2042,1.0
RE1,DEMINDBGSFUR_HIG,S102,2043,1.0
RE1,DEMINDBGSFUR_HIG,S102,2044,1.0
RE1,DEMINDBGSFUR_HIG,S102,2045,1.0
RE1,DEMINDBGSFUR_HIG,S102,2046,1.0
RE1,DEMINDBGSFUR_HIG,S102,2047,1.0
RE1,DEMINDBGSFUR_HIG,S102,2048,1.0
RE1,DEMINDBGSFUR_HIG,S102,2049,1.0
RE1,DEMINDBGSFUR_HIG,S102,2050,1.0
RE1,DEMINDBGSFUR_HIG,S102,2051,1.0
RE1,DEMINDBGSFUR_HIG,S102,2052,1.0
RE1,DEMINDBGSFUR_HIG,S102,2053,1.0
RE1,DEMINDBGSFUR_HIG,S102,2054,1.0
RE1,DEMINDBGSFUR_HIG,S102,2055,1.0
RE1,DEMINDBGSFUR_LOW,S101,2022,1.0
RE1,DEMINDBGSFUR_LOW,S101,2023,1.0
RE1,DEMINDBGSFUR_LOW,S101,2024,1.0
RE1,DEMINDBGSFUR_LOW,S101,2025,1.0
RE1,DEMINDBGSFUR_LOW,S101,2026,1.0
RE1,DEMINDBGSFUR_LOW,S101,2027,1.0
RE1,DEMINDBGSFUR_LOW,S101,2028,1.0
RE1,DEMINDBGSFUR_LOW,S101,2029,1.0
RE1,DEMINDBGSFUR_LOW,S101,2030,1.0
RE1,DEMINDBGSFUR_LOW,S101,2031,1.0
RE1,DEMINDBGSFUR_LOW,S101,2032,1.0
RE1,DEMINDBGSFUR_LOW,S101,2033,1.0
RE1,DEMINDBGSFUR_LOW,S101,2034,1.0
RE1,DEMINDBGSFUR_LOW,S101,2035,1.0
RE1,DEMINDBGSFUR_LOW,S101,2036,1.0
RE1,DEMINDBGSFUR_LOW,S101,2037,1.0
RE1,DEMINDBGSFUR_LOW,S101,2038,1.0
RE1,DEMINDBGSFUR_LOW,S101,2039,1.0
RE1,DEMINDBGSFUR_LOW,S101,2040,1.0
RE1,DEMINDBGSFUR_LOW,S101,2041,1.0
RE1,DEMINDBGSFUR_LOW,S101,2042,1.0
RE1,DEMINDBGSFUR_LOW,S101,2043,1.0
RE1,DEMINDBGSFUR_LOW,S101,2044,1.0
RE1,DEMINDBGSFUR_LOW,S101,2045,1.0
RE1,DEMINDBGSFUR_LOW,S101,2046,1.0
RE1,DEMINDBGSFUR_LOW,S101,2047,1.0
RE1,DEMINDBGSFUR_LOW,S101,2048,1.0
RE1,DEMINDBGSFUR_LOW,S101,2049,1.0
RE1,DEMINDBGSFUR_LOW,S101,2050,1.0
RE1,DEMINDBGSFUR_LOW,S101,2051,1.0
RE1,DEMINDBGSFUR_LOW,S101,2052,1.0
RE1,DEMINDBGSFUR_LOW,S101,2053,1.0
RE1,DEMINDBGSFUR_LOW,S101,2054,1.0
RE1,DEMINDBGSFUR_LOW,S101,2055,1.0
RE1,DEMINDBGSFUR_LOW,S102,2022,1.0
RE1,DEMINDBGSFUR_LOW,S102,2023,1.0
RE1,DEMINDBGSFUR_LOW,S102,2024,1.0
RE1,DEMINDBGSFUR_LOW,S102,2025,1.0
RE1,DEMINDBGSFUR_LOW,S102,2026,1.0
RE1,DEMINDBGSFUR_LOW,S102,2027,1.0
RE1,DEMINDBGSFUR_LOW,S102,2028,1.0
RE1,DEMINDBGSFUR_LOW,S102,2029,1.0
RE1,DEMINDBGSFUR_LOW,S102,2030,1.0
RE1,DEMINDBGSFUR_LOW,S102,2031,1.0
RE1,DEMINDBGSFUR_LOW,S102,2032,1.0
RE1,DEMINDBGSFUR_LOW,S102,2033,1.0
RE1,DEMINDBGSFUR_LOW,S102,2034,1.0
RE1,DEMINDBGSFUR_LOW,S102,2035,1.0
RE1,DEMINDBGSFUR_LOW,S102,2036,1.0
RE1,DEMINDBGSFUR_LOW,S102,2037,1.0
RE1,DEMINDBGSFUR_LOW,S102,2038,1.0
RE1,DEMINDBGSFUR_LOW,S102,2039,1.0
RE1,DEMINDBGSFUR_LOW,S102,2040,1.0
RE1,DEMINDBGSFUR_LOW,S102,2041,1.0
RE1,DEMINDBGSFUR_LOW,S102,2042,1.0
RE1,DEMINDBGSFUR_LOW,S102,2043,1.0
RE1,DEMINDBGSFUR_LOW,S102,2044,1.0
RE1,DEMINDBGSFUR_LOW,S102,2045,1.0
RE1,DEMINDBGSFUR_LOW,S102,2046,1.0
RE1,DEMINDBGSFUR_LOW,S102,2047,1.0
RE1,DEMINDBGSFUR_LOW,S102,2048,1.0
RE1,DEMINDBGSFUR_LOW,S102,2049,1.0
RE1,DEMINDBGSFUR_LOW,S102,2050,1.0
RE1,DEMINDBGSFUR_LOW,S102,2051,1.0
RE1,DEMINDBGSFUR_LOW,S102,2052,1.0
RE1,DEMINDBGSFUR_LOW,S102,2053,1.0
RE1,DEMINDBGSFUR_LOW,S102,2054,1.0
RE1,DEMINDBGSFUR_LOW,S102,2055,1.0
RE1,DEMINDBGSFUR_MID,S101,2022,1.0
RE1,DEMINDBGSFUR_MID,S101,2023,1.0
RE1,DEMINDBGSFUR_MID,S101,2024,1.0
RE1,DEMINDBGSFUR_MID,S101,2025,1.0
RE1,DEMINDBGSFUR_MID,S101,2026,1.0
RE1,DEMINDBGSFUR_MID,S101,2027,1.0
RE1,DEMINDBGSFUR_MID,S101,2028,1.0
RE1,DEMINDBGSFUR_MID,S101,2029,1.0
RE1,DEMINDBGSFUR_MID,S101,2030,1.0
RE1,DEMINDBGSFUR_MID,S101,2031,1.0
RE1,DEMINDBGSFUR_MID,S101,2032,1.0
RE1,DEMINDBGSFUR_MID,S101,2033,1.0
RE1,DEMINDBGSFUR_MID,S101,2034,1.0
RE1,DEMINDBGSFUR_MID,S101,2035,1.0
RE1,DEMINDBGSFUR_MID,S101,2036,1.0
RE1,DEMINDBGSFUR_MID,S101,2037,1.0
RE1,DEMINDBGSFUR_MID,S101,2038,1.0
RE1,DEMINDBGSFUR_MID,S101,2039,1.0
RE1,DEMINDBGSFUR_MID,S101,2040,1.0
RE1,DEMINDBGSFUR_MID,S101,2041,1.0
RE1,DEMINDBGSFUR_MID,S101,2042,1.0
RE1,DEMINDBGSFUR_MID,S101,2043,1.0
RE1,DEMINDBGSFUR_MID,S101,2044,1.0
RE1,DEMINDBGSFUR_MID,S101,2045,1.0
RE1,DEMINDBGSFUR_MID,S101,2046,1.0
RE1,DEMINDBGSFUR_MID,S101,2047,1.0
RE1,DEMINDBGSFUR_MID,S101,2048,1.0
RE1,DEMINDBGSFUR_MID,S101,2049,1.0
RE1,DEMINDBGSFUR_MID,S101,2050,1.0
RE1,DEMINDBGSFUR_MID,S101,2051,1.0
RE1,DEMINDBGSFUR_MID,S101,2052,1.0
RE1,DEMINDBGSFUR_MID,S101,2053,1.0
RE1,DEMINDBGSFUR_MID,S101,2054,1.0
RE1,DEMINDBGSFUR_MID,S101,2055,1.0
RE1,DEMINDBGSFUR_MID,S102,2022,1.0
RE1,DEMINDBGSFUR_MID,S102,2023,1.0
RE1,DEMINDBGSFUR_MID,S102,2024,1.0
RE1,DEMINDBGSFUR_MID,S102,2025,1.0
RE1,DEMINDBGSFUR_MID,S102,2026,1.0
RE1,DEMINDBGSFUR_MID,S102,2027,1.0
RE1,DEMINDBGSFUR_MID,S102,2028,1.0
RE1,DEMINDBGSFUR_MID,S102,2029,1.0
RE1,DEMINDBGSFUR_MID,S102,2030,1.0
RE1,DEMINDBGSFUR_MID,S102,2031,1.0
RE1,DEMINDBGSFUR_MID,S102,2032,1.0
RE1,DEMINDBGSFUR_MID,S102,2033,1.0
RE1,DEMINDBGSFUR_MID,S102,2034,1.0
RE1,DEMINDBGSFUR_MID,S102,2035,1.0
RE1,DEMINDBGSFUR_MID,S102,2036,1.0
RE1,DEMINDBGSFUR_MID,S102,2037,1.0
RE1,DEMINDBGSFUR_MID,S102,2038,1.0
RE1,DEMINDBGSFUR_MID,S102,2039,1.0
RE1,DEMINDBGSFUR_MID,S102,2040,1.0
RE1,DEMINDBGSFUR_MID,S102,2041,1.0
RE1,DEMINDBGSFUR_MID,S102,2042,1.0
RE1,DEMINDBGSFUR_MID,S102,2043,1.0
RE1,DEMINDBGSFUR_MID,S102,2044,1.0
RE1,DEMINDBGSFUR_MID,S102,2045,1.0
RE1,DEMINDBGSFUR_MID,S102,2046,1.0
RE1,DEMINDBGSFUR_MID,S102,2047,1.0
RE1,DEMINDBGSFUR_MID,S102,2048,1.0
RE1,DEMINDBGSFUR_MID,S102,2049,1.0
RE1,DEMINDBGSFUR_MID,S102,2050,1.0
RE1,DEMINDBGSFUR_MID,S102,2051,1.0
RE1,DEMINDBGSFUR_MID,S102,2052,1.0
RE1,DEMINDBGSFUR_MID,S102,2053,1.0
RE1,DEMINDBGSFUR_MID,S102,2054,1.0
RE1,DEMINDBGSFUR_MID,S102,2055,1.0
RE1,DEMINDCOABOI_HIG,S101,2022,1.0
RE1,DEMINDCOABOI_HIG,S101,2023,1.0
RE1,DEMINDCOABOI_HIG,S101,2024,1.0
RE1,DEMINDCOABOI_HIG,S101,2025,1.0
RE1,DEMINDCOABOI_HIG,S101,2026,1.0
RE1,DEMINDCOABOI_HIG,S101,2027,1.0
RE1,DEMINDCOABOI_HIG,S101,2028,1.0
RE1,DEMINDCOABOI_HIG,S101,2029,1.0
RE1,DEMINDCOABOI_HIG,S101,2030,1.0
RE1,DEMINDCOABOI_HIG,S101,2031,1.0
RE1,DEMINDCOABOI_HIG,S101,2032,1.0
RE1,DEMINDCOABOI_HIG,S101,2033,1.0
RE1,DEMINDCOABOI_HIG,S101,2034,1.0
RE1,DEMINDCOABOI_HIG,S101,2035,1.0
RE1,DEMINDCOABOI_HIG,S101,2036,1.0
RE1,DEMINDCOABOI_HIG,S101,2037,1.0
RE1,DEMINDCOABOI_HIG,S101,2038,1.0
RE1,DEMINDCOABOI_HIG,S101,2039,1.0
RE1,DEMINDCOABOI_HIG,S101,2040,1.0
RE1,DEMINDCOABOI_HIG,S101,2041,1.0
RE1,DEMINDCOABOI_HIG,S101,2042,1.0
RE1,DEMINDCOABOI_HIG,S101,2043,1.0
RE1,DEMINDCOABOI_HIG,S101,2044,1.0
RE1,DEMINDCOABOI_HIG,S101,2045,1.0
RE1,DEMINDCOABOI_HIG,S101,2046,1.0
RE1,DEMINDCOABOI_HIG,S101,2047,1.0
RE1,DEMINDCOABOI_HIG,S101,2048,1.0
RE1,DEMINDCOABOI_HIG,S101,2049,1.0
RE1,DEMINDCOABOI_HIG,S101,2050,1.0
RE1,DEMINDCOABOI_HIG,S101,2051,1.0
RE1,DEMINDCOABOI_HIG,S101,2052,1.0
RE1,DEMINDCOABOI_HIG,S101,2053,1.0
RE1,DEMINDCOABOI_HIG,S101,2054,1.0
RE1,DEMINDCOABOI_HIG,S101,2055,1.0
RE1,DEMINDCOABOI_HIG,S102,2022,1.0
RE1,DEMINDCOABOI_HIG,S102,2023,1.0
RE1,DEMINDCOABOI_HIG,S102,2024,1.0
RE1,DEMINDCOABOI_HIG,S102,2025,1.0
RE1,DEMINDCOABOI_HIG,S102,2026,1.0
RE1,DEMINDCOABOI_HIG,S102,2027,1.0
RE1,DEMINDCOABOI_HIG,S102,2028,1.0
RE1,DEMINDCOABOI_HIG,S102,2029,1.0
RE1,DEMINDCOABOI_HIG,S102,2030,1.0
RE1,DEMINDCOABOI_HIG,S102,2031,1.0
RE1,DEMINDCOABOI_HIG,S102,2032,1.0
RE1,DEMINDCOABOI_HIG,S102,2033,1.0
RE1,DEMINDCOABOI_HIG,S102,2034,1.0
RE1,DEMINDCOABOI_HIG,S102,2035,1.0
RE1,DEMINDCOABOI_HIG,S102,2036,1.0
RE1,DEMINDCOABOI_HIG,S102,2037,1.0
RE1,DEMINDCOABOI_HIG,S102,2038,1.0
RE1,DEMINDCOABOI_HIG,S102,2039,1.0
RE1,DEMINDCOABOI_HIG,S102,2040,1.0
RE1,DEMINDCOABOI_HIG,S102,2041,1.0
RE1,DEMINDCOABOI_HIG,S102,2042,1.0
RE1,DEMINDCOABOI_HIG,S102,2043,1.0
RE1,DEMINDCOABOI_HIG,S102,2044,1.0
RE1,DEMINDCOABOI_HIG,S102,2045,1.0
RE1,DEMINDCOABOI_HIG,S102,2046,1.0
RE1,DEMINDCOABOI_HIG,S102,2047,1.0
RE1,DEMINDCOABOI_HIG,S102,2048,1.0
RE1,DEMINDCOABOI_HIG,S102,2049,1.0
RE1,DEMINDCOABOI_HIG,S102,2050,1.0
RE1,DEMINDCOABOI_HIG,S102,2051,1.0
RE1,DEMINDCOABOI_HIG,S102,2052,1.0
RE1,DEMINDCOABOI_HIG,S102,2053,1.0
RE1,DEMINDCOABOI_HIG,S102,2054,1.0
RE1,DEMINDCOABOI_HIG,S102,2055,1.0
RE1,DEMINDCOABOI_LOW,S101,2022,1.0
RE1,DEMINDCOABOI_LOW,S101,2023,1.0
RE1,DEMINDCOABOI_LOW,S101,2024,1.0
RE1,DEMINDCOABOI_LOW,S101,2025,1.0
RE1,DEMINDCOABOI_LOW,S101,2026,1.0
RE1,DEMINDCOABOI_LOW,S101,2027,1.0
RE1,DEMINDCOABOI_LOW,S101,2028,1.0
RE1,DEMINDCOABOI_LOW,S101,2029,1.0
RE1,DEMINDCOABOI_LOW,S101,2030,1.0
RE1,DEMINDCOABOI_LOW,S101,2031,1.0
RE1,DEMINDCOABOI_LOW,S101,2032,1.0
RE1,DEMINDCOABOI_LOW,S101,2033,1.0
RE1,DEMINDCOABOI_LOW,S101,2034,1.0
RE1,DEMINDCOABOI_LOW,S101,2035,1.0
RE1,DEMINDCOABOI_LOW,S101,2036,1.0
RE1,DEMINDCOABOI_LOW,S101,2037,1.0
RE1,DEMINDCOABOI_LOW,S101,2038,1.0
RE1,DEMINDCOABOI_LOW,S101,2039,1.0
RE1,DEMINDCOABOI_LOW,S101,2040,1.0
RE1,DEMINDCOABOI_LOW,S101,2041,1.0
RE1,DEMINDCOABOI_LOW,S101,2042,1.0
RE1,DEMINDCOABOI_LOW,S101,2043,1.0
RE1,DEMINDCOABOI_LOW,S101,2044,1.0
RE1,DEMINDCOABOI_LOW,S101,2045,1.0
RE1,DEMINDCOABOI_LOW,S101,2046,1.0
RE1,DEMINDCOABOI_LOW,S101,2047,1.0
RE1,DEMINDCOABOI_LOW,S101,2048,1.0
RE1,DEMINDCOABOI_LOW,S101,2049,1.0
RE1,DEMINDCOABOI_LOW,S101,2050,1.0
RE1,DEMINDCOABOI_LOW,S101,2051,1.0
RE1,DEMINDCOABOI_LOW,S101,2052,1.0
RE1,DEMINDCOABOI_LOW,S101,2053,1.0
RE1,DEMINDCOABOI_LOW,S101,2054,1.0
RE1,DEMINDCOABOI_LOW,S101,2055,1.0
RE1,DEMINDCOABOI_LOW,S102,2022,1.0
RE1,DEMINDCOABOI_LOW,S102,2023,1.0
RE1,DEMINDCOABOI_LOW,S102,2024,1.0
RE1,DEMINDCOABOI_LOW,S102,2025,1.0
RE1,DEMINDCOABOI_LOW,S102,2026,1.0
RE1,DEMINDCOABOI_LOW,S102,2027,1.0
RE1,DEMINDCOABOI_LOW,S102,2028,1.0
RE1,DEMINDCOABOI_LOW,S102,2029,1.0
RE1,DEMINDCOABOI_LOW,S102,2030,1.0
RE1,DEMINDCOABOI_LOW,S102,2031,1.0
RE1,DEMINDCOABOI_LOW,S102,2032,1.0
RE1,DEMINDCOABOI_LOW,S102,2033,1.0
RE1,DEMINDCOABOI_LOW,S102,2034,1.0
RE1,DEMINDCOABOI_LOW,S102,2035,1.0
RE1,DEMINDCOABOI_LOW,S102,2036,1.0
RE1,DEMINDCOABOI_LOW,S102,2037,1.0
RE1,DEMINDCOABOI_LOW,S102,2038,1.0
RE1,DEMINDCOABOI_LOW,S102,2039,1.0
RE1,DEMINDCOABOI_LOW,S102,2040,1.0
RE1,DEMINDCOABOI_LOW,S102,2041,1.0
RE1,DEMINDCOABOI_LOW,S102,2042,1.0
RE1,DEMINDCOABOI_LOW,S102,2043,1.0
RE1,DEMINDCOABOI_LOW,S102,2044,1.0
RE1,DEMINDCOABOI_LOW,S102,2045,1.0
RE1,DEMINDCOABOI_LOW,S102,2046,1.0
RE1,DEMINDCOABOI_LOW,S102,2047,1.0
RE1,DEMINDCOABOI_LOW,S102,2048,1.0
RE1,DEMINDCOABOI_LOW,S102,2049,1.0
RE1,DEMINDCOABOI_LOW,S102,2050,1.0
RE1,DEMINDCOABOI_LOW,S102,2051,1.0
RE1,DEMINDCOABOI_LOW,S102,2052,1.0
RE1,DEMINDCOABOI_LOW,S102,2053,1.0
RE1,DEMINDCOABOI_LOW,S102,2054,1.0
RE1,DEMINDCOABOI_LOW,S102,2055,1.0
RE1,DEMINDCOABOI_MID,S101,2022,1.0
RE1,DEMINDCOABOI_MID,S101,2023,1.0
RE1,DEMINDCOABOI_MID,S101,2024,1.0
RE1,DEMINDCOABOI_MID,S101,2025,1.0
RE1,DEMINDCOABOI_MID,S101,2026,1.0
RE1,DEMINDCOABOI_MID,S101,2027,1.0
RE1,DEMINDCOABOI_MID,S101,2028,1.0
RE1,DEMINDCOABOI_MID,S101,2029,1.0
RE1,DEMINDCOABOI_MID,S101,2030,1.0
RE1,DEMINDCOABOI_MID,S101,2031,1.0
RE1,DEMINDCOABOI_MID,S101,2032,1.0
RE1,DEMINDCOABOI_MID,S101,2033,1.0
RE1,DEMINDCOABOI_MID,S101,2034,1.0
RE1,DEMINDCOABOI_MID,S101,2035,1.0
RE1,DEMINDCOABOI_MID,S101,2036,1.0
RE1,DEMINDCOABOI_MID,S101,2037,1.0
RE1,DEMINDCOABOI_MID,S101,2038,1.0
RE1,DEMINDCOABOI_MID,S101,2039,1.0
RE1,DEMINDCOABOI_MID,S101,2040,1.0
RE1,DEMINDCOABOI_MID,S101,2041,1.0
RE1,DEMINDCOABOI_MID,S101,2042,1.0
RE1,DEMINDCOABOI_MID,S101,2043,1.0
RE1,DEMINDCOABOI_MID,S101,2044,1.0
RE1,DEMINDCOABOI_MID,S101,2045,1.0
RE1,DEMINDCOABOI_MID,S101,2046,1.0
RE1,DEMINDCOABOI_MID,S101,2047,1.0
RE1,DEMINDCOABOI_MID,S101,2048,1.0
RE1,DEMINDCOABOI_MID,S101,2049,1.0
RE1,DEMINDCOABOI_MID,S101,2050,1.0
RE1,DEMINDCOABOI_MID,S101,2051,1.0
RE1,DEMINDCOABOI_MID,S101,2052,1.0
RE1,DEMINDCOABOI_MID,S101,2053,1.0
RE1,DEMINDCOABOI_MID,S101,2054,1.0
RE1,DEMINDCOABOI_MID,S101,2055,1.0
RE1,DEMINDCOABOI_MID,S102,2022,1.0
RE1,DEMINDCOABOI_MID,S102,2023,1.0
RE1,DEMINDCOABOI_MID,S102,2024,1.0
RE1,DEMINDCOABOI_MID,S102,2025,1.0
RE1,DEMINDCOABOI_MID,S102,2026,1.0
RE1,DEMINDCOABOI_MID,S102,2027,1.0
RE1,DEMINDCOABOI_MID,S102,2028,1.0
RE1,DEMINDCOABOI_MID,S102,2029,1.0
RE1,DEMINDCOABOI_MID,S102,2030,1.0
RE1,DEMINDCOABOI_MID,S102,2031,1.0
RE1,DEMINDCOABOI_MID,S102,2032,1.0
RE1,DEMINDCOABOI_MID,S102,2033,1.0
RE1,DEMINDCOABOI_MID,S102,2034,1.0
RE1,DEMINDCOABOI_MID,S102,2035,1.0
RE1,DEMINDCOABOI_MID,S102,2036,1.0
RE1,DEMINDCOABOI_MID,S102,2037,1.0
RE1,DEMINDCOABOI_MID,S102,2038,1.0
RE1,DEMINDCOABOI_MID,S102,2039,1.0
RE1,DEMINDCOABOI_MID,S102,2040,1.0
RE1,DEMINDCOABOI_MID,S102,2041,1.0
RE1,DEMINDCOABOI_MID,S102,2042,1.0
RE1,DEMINDCOABOI_MID,S102,2043,1.0
RE1,DEMINDCOABOI_MID,S102,2044,1.0
RE1,DEMINDCOABOI_MID,S102,2045,1.0
RE1,DEMINDCOABOI_MID,S102,2046,1.0
RE1,DEMINDCOABOI_MID,S102,2047,1.0
RE1,DEMINDCOABOI_MID,S102,2048,1.0
RE1,DEMINDCOABOI_MID,S102,2049,1.0
RE1,DEMINDCOABOI_MID,S102,2050,1.0
RE1,DEMINDCOABOI_MID,S102,2051,1.0
RE1,DEMINDCOABOI_MID,S102,2052,1.0
RE1,DEMINDCOABOI_MID,S102,2053,1.0
RE1,DEMINDCOABOI_MID,S102,2054,1.0
RE1,DEMINDCOABOI_MID,S102,2055,1.0
RE1,DEMINDCOAFUR_HIG,S101,2022,1.0
RE1,DEMINDCOAFUR_HIG,S101,2023,1.0
RE1,DEMINDCOAFUR_HIG,S101,2024,1.0
RE1,DEMINDCOAFUR_HIG,S101,2025,1.0
RE1,DEMINDCOAFUR_HIG,S101,2026,1.0
RE1,DEMINDCOAFUR_HIG,S101,2027,1.0
RE1,DEMINDCOAFUR_HIG,S101,2028,1.0
RE1,DEMINDCOAFUR_HIG,S101,2029,1.0
RE1,DEMINDCOAFUR_HIG,S101,2030,1.0
RE1,DEMINDCOAFUR_HIG,S101,2031,1.0
RE1,DEMINDCOAFUR_HIG,S101,2032,1.0
RE1,DEMINDCOAFUR_HIG,S101,2033,1.0
RE1,DEMINDCOAFUR_HIG,S101,2034,1.0
RE1,DEMINDCOAFUR_HIG,S101,2035,1.0
RE1,DEMINDCOAFUR_HIG,S101,2036,1.0
RE1,DEMINDCOAFUR_HIG,S101,2037,1.0
RE1,DEMINDCOAFUR_HIG,S101,2038,1.0
RE1,DEMINDCOAFUR_HIG,S101,2039,1.0
RE1,DEMINDCOAFUR_HIG,S101,2040,1.0
RE1,DEMINDCOAFUR_HIG,S101,2041,1.0
RE1,DEMINDCOAFUR_HIG,S101,2042,1.0
RE1,DEMINDCOAFUR_HIG,S101,2043,1.0
RE1,DEMINDCOAFUR_HIG,S101,2044,1.0
RE1,DEMINDCOAFUR_HIG,S101,2045,1.0
RE1,DEMINDCOAFUR_HIG,S101,2046,1.0
RE1,DEMINDCOAFUR_HIG,S101,2047,1.0
RE1,DEMINDCOAFUR_HIG,S101,2048,1.0
RE1,DEMINDCOAFUR_HIG,S101,2049,1.0
RE1,DEMINDCOAFUR_HIG,S101,2050,1.0
RE1,DEMINDCOAFUR_HIG,S101,2051,1.0
RE1,DEMINDCOAFUR_HIG,S101,2052,1.0
RE1,DEMINDCOAFUR_HIG,S101,2053,1.0
RE1,DEMINDCOAFUR_HIG,S101,2054,1.0
RE1,DEMINDCOAFUR_HIG,S101,2055,1.0
RE1,DEMINDCOAFUR_HIG,S102,2022,1.0
RE1,DEMINDCOAFUR_HIG,S102,2023,1.0
RE1,DEMINDCOAFUR_HIG,S102,2024,1.0
RE1,DEMINDCOAFUR_HIG,S102,2025,1.0
RE1,DEMINDCOAFUR_HIG,S102,2026,1.0
RE1,DEMINDCOAFUR_HIG,S102,2027,1.0
RE1,DEMINDCOAFUR_HIG,S102,2028,1.0
RE1,DEMINDCOAFUR_HIG,S102,2029,1.0
RE1,DEMINDCOAFUR_HIG,S102,2030,1.0
RE1,DEMINDCOAFUR_HIG,S102,2031,1.0
RE1,DEMINDCOAFUR_HIG,S102,2032,1.0
RE1,DEMINDCOAFUR_HIG,S102,2033,1.0
RE1,DEMINDCOAFUR_HIG,S102,2034,1.0
RE1,DEMINDCOAFUR_HIG,S102,2035,1.0
RE1,DEMINDCOAFUR_HIG,S102,2036,1.0
RE1,DEMINDCOAFUR_HIG,S102,2037,1.0
RE1,DEMINDCOAFUR_HIG,S102,2038,1.0
RE1,DEMINDCOAFUR_HIG,S102,2039,1.0
RE1,DEMINDCOAFUR_HIG,S102,2040,1.0
RE1,DEMINDCOAFUR_HIG,S102,2041,1.0
RE1,DEMINDCOAFUR_HIG,S102,2042,1.0
RE1,DEMINDCOAFUR_HIG,S102,2043,1.0
RE1,DEMINDCOAFUR_HIG,S102,2044,1.0
RE1,DEMINDCOAFUR_HIG,S102,2045,1.0
RE1,DEMINDCOAFUR_HIG,S102,2046,1.0
RE1,DEMINDCOAFUR_HIG,S102,2047,1.0
RE1,DEMINDCOAFUR_HIG,S102,2048,1.0
RE1,DEMINDCOAFUR_HIG,S102,2049,1.0
RE1,DEMINDCOAFUR_HIG,S102,2050,1.0
RE1,DEMINDCOAFUR_HIG,S102,2051,1.0
RE1,DEMINDCOAFUR_HIG,S102,2052,1.0
RE1,DEMINDCOAFUR_HIG,S102,2053,1.0
RE1,DEMINDCOAFUR_HIG,S102,2054,1.0
RE1,DEMINDCOAFUR_HIG,S102,2055,1.0
RE1,DEMINDCOAFUR_LOW,S101,2022,1.0
RE1,DEMINDCOAFUR_LOW,S101,2023,1.0
RE1,DEMINDCOAFUR_LOW,S101,2024,1.0
RE1,DEMINDCOAFUR_LOW,S101,2025,1.0
RE1,DEMINDCOAFUR_LOW,S101,2026,1.0
RE1,DEMINDCOAFUR_LOW,S101,2027,1.0
RE1,DEMINDCOAFUR_LOW,S101,2028,1.0
RE1,DEMINDCOAFUR_LOW,S101,2029,1.0
RE1,DEMINDCOAFUR_LOW,S101,2030,1.0
RE1,DEMINDCOAFUR_LOW,S101,2031,1.0
RE1,DEMINDCOAFUR_LOW,S101,2032,1.0
RE1,DEMINDCOAFUR_LOW,S101,2033,1.0
RE1,DEMINDCOAFUR_LOW,S101,2034,1.0
RE1,DEMINDCOAFUR_LOW,S101,2035,1.0
RE1,DEMINDCOAFUR_LOW,S101,2036,1.0
RE1,DEMINDCOAFUR_LOW,S101,2037,1.0
RE1,DEMINDCOAFUR_LOW,S101,2038,1.0
RE1,DEMINDCOAFUR_LOW,S101,2039,1.0
RE1,DEMINDCOAFUR_LOW,S101,2040,1.0
RE1,DEMINDCOAFUR_LOW,S101,2041,1.0
RE1,DEMINDCOAFUR_LOW,S101,2042,1.0
RE1,DEMINDCOAFUR_LOW,S101,2043,1.0
RE1,DEMINDCOAFUR_LOW,S101,2044,1.0
RE1,DEMINDCOAFUR_LOW,S101,2045,1.0
RE1,DEMINDCOAFUR_LOW,S101,2046,1.0
RE1,DEMINDCOAFUR_LOW,S101,2047,1.0
RE1,DEMINDCOAFUR_LOW,S101,2048,1.0
RE1,DEMINDCOAFUR_LOW,S101,2049,1.0
RE1,DEMINDCOAFUR_LOW,S101,2050,1.0
RE1,DEMINDCOAFUR_LOW,S101,2051,1.0
RE1,DEMINDCOAFUR_LOW,S101,2052,1.0
RE1,DEMINDCOAFUR_LOW,S101,2053,1.0
RE1,DEMINDCOAFUR_LOW,S101,2054,1.0
RE1,DEMINDCOAFUR_LOW,S101,2055,1.0
RE1,DEMINDCOAFUR_LOW,S102,2022,1.0
RE1,DEMINDCOAFUR_LOW,S102,2023,1.0
RE1,DEMINDCOAFUR_LOW,S102,2024,1.0
RE1,DEMINDCOAFUR_LOW,S102,2025,1.0
RE1,DEMINDCOAFUR_LOW,S102,2026,1.0
RE1,DEMINDCOAFUR_LOW,S102,2027,1.0
RE1,DEMINDCOAFUR_LOW,S102,2028,1.0
RE1,DEMINDCOAFUR_LOW,S102,2029,1.0
RE1,DEMINDCOAFUR_LOW,S102,2030,1.0
RE1,DEMINDCOAFUR_LOW,S102,2031,1.0
RE1,DEMINDCOAFUR_LOW,S102,2032,1.0
RE1,DEMINDCOAFUR_LOW,S102,2033,1.0
RE1,DEMINDCOAFUR_LOW,S102,2034,1.0
RE1,DEMINDCOAFUR_LOW,S102,2035,1.0
RE1,DEMINDCOAFUR_LOW,S102,2036,1.0
RE1,DEMINDCOAFUR_LOW,S102,2037,1.0
RE1,DEMINDCOAFUR_LOW,S102,2038,1.0
RE1,DEMINDCOAFUR_LOW,S102,2039,1.0
RE1,DEMINDCOAFUR_LOW,S102,2040,1.0
RE1,DEMINDCOAFUR_LOW,S102,2041,1.0
RE1,DEMINDCOAFUR_LOW,S102,2042,1.0
RE1,DEMINDCOAFUR_LOW,S102,2043,1.0
RE1,DEMINDCOAFUR_LOW,S102,2044,1.0
RE1,DEMINDCOAFUR_LOW,S102,2045,1.0
RE1,DEMINDCOAFUR_LOW,S102,2046,1.0
RE1,DEMINDCOAFUR_LOW,S102,2047,1.0
RE1,DEMINDCOAFUR_LOW,S102,2048,1.0
RE1,DEMINDCOAFUR_LOW,S102,2049,1.0
RE1,DEMINDCOAFUR_LOW,S102,2050,1.0
RE1,DEMINDCOAFUR_LOW,S102,2051,1.0
RE1,DEMINDCOAFUR_LOW,S102,2052,1.0
RE1,DEMINDCOAFUR_LOW,S102,2053,1.0
RE1,DEMINDCOAFUR_LOW,S102,2054,1.0
RE1,DEMINDCOAFUR_LOW,S102,2055,1.0
RE1,DEMINDCOAFUR_MID,S101,2022,1.0
RE1,DEMINDCOAFUR_MID,S101,2023,1.0
RE1,DEMINDCOAFUR_MID,S101,2024,1.0
RE1,DEMINDCOAFUR_MID,S101,2025,1.0
RE1,DEMINDCOAFUR_MID,S101,2026,1.0
RE1,DEMINDCOAFUR_MID,S101,2027,1.0
RE1,DEMINDCOAFUR_MID,S101,2028,1.0
RE1,DEMINDCOAFUR_MID,S101,2029,1.0
RE1,DEMINDCOAFUR_MID,S101,2030,1.0
RE1,DEMINDCOAFUR_MID,S101,2031,1.0
RE1,DEMINDCOAFUR_MID,S101,2032,1.0
RE1,DEMINDCOAFUR_MID,S101,2033,1.0
RE1,DEMINDCOAFUR_MID,S101,2034,1.0
RE1,DEMINDCOAFUR_MID,S101,2035,1.0
RE1,DEMINDCOAFUR_MID,S101,2036,1.0
RE1,DEMINDCOAFUR_MID,S101,2037,1.0
RE1,DEMINDCOAFUR_MID,S101,2038,1.0
RE1,DEMINDCOAFUR_MID,S101,2039,1.0
RE1,DEMINDCOAFUR_MID,S101,2040,1.0
RE1,DEMINDCOAFUR_MID,S101,2041,1.0
RE1,DEMINDCOAFUR_MID,S101,2042,1.0
RE1,DEMINDCOAFUR_MID,S101,2043,1.0
RE1,DEMINDCOAFUR_MID,S101,2044,1.0
RE1,DEMINDCOAFUR_MID,S101,2045,1.0
RE1,DEMINDCOAFUR_MID,S101,2046,1.0
RE1,DEMINDCOAFUR_MID,S101,2047,1.0
RE1,DEMINDCOAFUR_MID,S101,2048,1.0
RE1,DEMINDCOAFUR_MID,S101,2049,1.0
RE1,DEMINDCOAFUR_MID,S101,2050,1.0
RE1,DEMINDCOAFUR_MID,S101,2051,1.0
RE1,DEMINDCOAFUR_MID,S101,2052,1.0
RE1,DEMINDCOAFUR_MID,S101,2053,1.0
RE1,DEMINDCOAFUR_MID,S101,2054,1.0
RE1,DEMINDCOAFUR_MID,S101,2055,1.0
RE1,DEMINDCOAFUR_MID,S102,2022,1.0
RE1,DEMINDCOAFUR_MID,S102,2023,1.0
RE1,DEMINDCOAFUR_MID,S102,2024,1.0
RE1,DEMINDCOAFUR_MID,S102,2025,1.0
RE1,DEMINDCOAFUR_MID,S102,2026,1.0
RE1,DEMINDCOAFUR_MID,S102,2027,1.0
RE1,DEMINDCOAFUR_MID,S102,2028,1.0
RE1,DEMINDCOAFUR_MID,S102,2029,1.0
RE1,DEMINDCOAFUR_MID,S102,2030,1.0
RE1,DEMINDCOAFUR_MID,S102,2031,1.0
RE1,DEMINDCOAFUR_MID,S102,2032,1.0
RE1,DEMINDCOAFUR_MID,S102,2033,1.0
RE1,DEMINDCOAFUR_MID,S102,2034,1.0
RE1,DEMINDCOAFUR_MID,S102,2035,1.0
RE1,DEMINDCOAFUR_MID,S102,2036,1.0
RE1,DEMINDCOAFUR_MID,S102,2037,1.0
RE1,DEMINDCOAFUR_MID,S102,2038,1.0
RE1,DEMINDCOAFUR_MID,S102,2039,1.0
RE1,DEMINDCOAFUR_MID,S102,2040,1.0
RE1,DEMINDCOAFUR_MID,S102,2041,1.0
RE1,DEMINDCOAFUR_MID,S102,2042,1.0
RE1,DEMINDCOAFUR_MID,S102,2043,1.0
RE1,DEMINDCOAFUR_MID,S102,2044,1.0
RE1,DEMINDCOAFUR_MID,S102,2045,1.0
RE1,DEMINDCOAFUR_MID,S102,2046,1.0
RE1,DEMINDCOAFUR_MID,S102,2047,1.0
RE1,DEMINDCOAFUR_MID,S102,2048,1.0
RE1,DEMINDCOAFUR_MID,S102,2049,1.0
RE1,DEMINDCOAFUR_MID,S102,2050,1.0
RE1,DEMINDCOAFUR_MID,S102,2051,1.0
RE1,DEMINDCOAFUR_MID,S102,2052,1.0
RE1,DEMINDCOAFUR_MID,S102,2053,1.0
RE1,DEMINDCOAFUR_MID,S102,2054,1.0
RE1,DEMINDCOAFUR_MID,S102,2055,1.0
RE1,DEMINDCOAOTH_LOW,S101,2022,1.0
RE1,DEMINDCOAOTH_LOW,S101,2023,1.0
RE1,DEMINDCOAOTH_LOW,S101,2024,1.0
RE1,DEMINDCOAOTH_LOW,S101,2025,1.0
RE1,DEMINDCOAOTH_LOW,S101,2026,1.0
RE1,DEMINDCOAOTH_LOW,S101,2027,1.0
RE1,DEMINDCOAOTH_LOW,S101,2028,1.0
RE1,DEMINDCOAOTH_LOW,S101,2029,1.0
RE1,DEMINDCOAOTH_LOW,S101,2030,1.0
RE1,DEMINDCOAOTH_LOW,S101,2031,1.0
RE1,DEMINDCOAOTH_LOW,S101,2032,1.0
RE1,DEMINDCOAOTH_LOW,S101,2033,1.0
RE1,DEMINDCOAOTH_LOW,S101,2034,1.0
RE1,DEMINDCOAOTH_LOW,S101,2035,1.0
RE1,DEMINDCOAOTH_LOW,S101,2036,1.0
RE1,DEMINDCOAOTH_LOW,S101,2037,1.0
RE1,DEMINDCOAOTH_LOW,S101,2038,1.0
RE1,DEMINDCOAOTH_LOW,S101,2039,1.0
RE1,DEMINDCOAOTH_LOW,S101,2040,1.0
RE1,DEMINDCOAOTH_LOW,S101,2041,1.0
RE1,DEMINDCOAOTH_LOW,S101,2042,1.0
RE1,DEMINDCOAOTH_LOW,S101,2043,1.0
RE1,DEMINDCOAOTH_LOW,S101,2044,1.0
RE1,DEMINDCOAOTH_LOW,S101,2045,1.0
RE1,DEMINDCOAOTH_LOW,S101,2046,1.0
RE1,DEMINDCOAOTH_LOW,S101,2047,1.0
RE1,DEMINDCOAOTH_LOW,S101,2048,1.0
RE1,DEMINDCOAOTH_LOW,S101,2049,1.0
RE1,DEMINDCOAOTH_LOW,S101,2050,1.0
RE1,DEMINDCOAOTH_LOW,S101,2051,1.0
RE1,DEMINDCOAOTH_LOW,S101,2052,1.0
RE1,DEMINDCOAOTH_LOW,S101,2053,1.0
RE1,DEMINDCOAOTH_LOW,S101,2054,1.0
RE1,DEMINDCOAOTH_LOW,S101,2055,1.0
RE1,DEMINDCOAOTH_LOW,S102,2022,1.0
RE1,DEMINDCOAOTH_LOW,S102,2023,1.0
RE1,DEMINDCOAOTH_LOW,S102,2024,1.0
RE1,DEMINDCOAOTH_LOW,S102,2025,1.0
RE1,DEMINDCOAOTH_LOW,S102,2026,1.0
RE1,DEMINDCOAOTH_LOW,S102,2027,1.0
RE1,DEMINDCOAOTH_LOW,S102,2028,1.0
RE1,DEMINDCOAOTH_LOW,S102,2029,1.0
RE1,DEMINDCOAOTH_LOW,S102,2030,1.0
RE1,DEMINDCOAOTH_LOW,S102,2031,1.0
RE1,DEMINDCOAOTH_LOW,S102,2032,1.0
RE1,DEMINDCOAOTH_LOW,S102,2033,1.0
RE1,DEMINDCOAOTH_LOW,S102,2034,1.0
RE1,DEMINDCOAOTH_LOW,S102,2035,1.0
RE1,DEMINDCOAOTH_LOW,S102,2036,1.0
RE1,DEMINDCOAOTH_LOW,S102,2037,1.0
RE1,DEMINDCOAOTH_LOW,S102,2038,1.0
RE1,DEMINDCOAOTH_LOW,S102,2039,1.0
RE1,DEMINDCOAOTH_LOW,S102,2040,1.0
RE1,DEMINDCOAOTH_LOW,S102,2041,1.0
RE1,DEMINDCOAOTH_LOW,S102,2042,1.0
RE1,DEMINDCOAOTH_LOW,S102,2043,1.0
RE1,DEMINDCOAOTH_LOW,S102,2044,1.0
RE1,DEMINDCOAOTH_LOW,S102,2045,1.0
RE1,DEMINDCOAOTH_LOW,S102,2046,1.0
RE1,DEMINDCOAOTH_LOW,S102,2047,1.0
RE1,DEMINDCOAOTH_LOW,S102,2048,1.0
RE1,DEMINDCOAOTH_LOW,S102,2049,1.0
RE1,DEMINDCOAOTH_LOW,S102,2050,1.0
RE1,DEMINDCOAOTH_LOW,S102,2051,1.0
RE1,DEMINDCOAOTH_LOW,S102,2052,1.0
RE1,DEMINDCOAOTH_LOW,S102,2053,1.0
RE1,DEMINDCOAOTH_LOW,S102,2054,1.0
RE1,DEMINDCOAOTH_LOW,S102,2055,1.0
RE1,DEMINDDSLBOI_HIG,S101,2022,1.0
RE1,DEMINDDSLBOI_HIG,S101,2023,1.0
RE1,DEMINDDSLBOI_HIG,S101,2024,1.0
RE1,DEMINDDSLBOI_HIG,S101,2025,1.0
RE1,DEMINDDSLBOI_HIG,S101,2026,1.0
RE1,DEMINDDSLBOI_HIG,S101,2027,1.0
RE1,DEMINDDSLBOI_HIG,S101,2028,1.0
RE1,DEMINDDSLBOI_HIG,S101,2029,1.0
RE1,DEMINDDSLBOI_HIG,S101,2030,1.0
RE1,DEMINDDSLBOI_HIG,S101,2031,1.0
RE1,DEMINDDSLBOI_HIG,S101,2032,1.0
RE1,DEMINDDSLBOI_HIG,S101,2033,1.0
RE1,DEMINDDSLBOI_HIG,S101,2034,1.0
RE1,DEMINDDSLBOI_HIG,S101,2035,1.0
RE1,DEMINDDSLBOI_HIG,S101,2036,1.0
RE1,DEMINDDSLBOI_HIG,S101,2037,1.0
RE1,DEMINDDSLBOI_HIG,S101,2038,1.0
RE1,DEMINDDSLBOI_HIG,S101,2039,1.0
RE1,DEMINDDSLBOI_HIG,S101,2040,1.0
RE1,DEMINDDSLBOI_HIG,S101,2041,1.0
RE1,DEMINDDSLBOI_HIG,S101,2042,1.0
RE1,DEMINDDSLBOI_HIG,S101,2043,1.0
RE1,DEMINDDSLBOI_HIG,S101,2044,1.0
RE1,DEMINDDSLBOI_HIG,S101,2045,1.0
RE1,DEMINDDSLBOI_HIG,S101,2046,1.0
RE1,DEMINDDSLBOI_HIG,S101,2047,1.0
RE1,DEMINDDSLBOI_HIG,S101,2048,1.0
RE1,DEMINDDSLBOI_HIG,S101,2049,1.0
RE1,DEMINDDSLBOI_HIG,S101,2050,1.0
RE1,DEMINDDSLBOI_HIG,S101,2051,1.0
RE1,DEMINDDSLBOI_HIG,S101,2052,1.0
RE1,DEMINDDSLBOI_HIG,S101,2053,1.0
RE1,DEMINDDSLBOI_HIG,S101,2054,1.0
RE1,DEMINDDSLBOI_HIG,S101,2055,1.0
RE1,DEMINDDSLBOI_HIG,S102,2022,1.0
RE1,DEMINDDSLBOI_HIG,S102,2023,1.0
RE1,DEMINDDSLBOI_HIG,S102,2024,1.0
RE1,DEMINDDSLBOI_HIG,S102,2025,1.0
RE1,DEMINDDSLBOI_HIG,S102,2026,1.0
RE1,DEMINDDSLBOI_HIG,S102,2027,1.0
RE1,DEMINDDSLBOI_HIG,S102,2028,1.0
RE1,DEMINDDSLBOI_HIG,S102,2029,1.0
RE1,DEMINDDSLBOI_HIG,S102,2030,1.0
RE1,DEMINDDSLBOI_HIG,S102,2031,1.0
RE1,DEMINDDSLBOI_HIG,S102,2032,1.0
RE1,DEMINDDSLBOI_HIG,S102,2033,1.0
RE1,DEMINDDSLBOI_HIG,S102,2034,1.0
RE1,DEMINDDSLBOI_HIG,S102,2035,1.0
RE1,DEMINDDSLBOI_HIG,S102,2036,1.0
RE1,DEMINDDSLBOI_HIG,S102,2037,1.0
RE1,DEMINDDSLBOI_HIG,S102,2038,1.0
RE1,DEMINDDSLBOI_HIG,S102,2039,1.0
RE1,DEMINDDSLBOI_HIG,S102,2040,1.0
RE1,DEMINDDSLBOI_HIG,S102,2041,1.0
RE1,DEMINDDSLBOI_HIG,S102,2042,1.0
RE1,DEMINDDSLBOI_HIG,S102,2043,1.0
RE1,DEMINDDSLBOI_HIG,S102,2044,1.0
RE1,DEMINDDSLBOI_HIG,S102,2045,1.0
RE1,DEMINDDSLBOI_HIG,S102,2046,1.0
RE1,DEMINDDSLBOI_HIG,S102,2047,1.0
RE1,DEMINDDSLBOI_HIG,S102,2048,1.0
RE1,DEMINDDSLBOI_HIG,S102,2049,1.0
RE1,DEMINDDSLBOI_HIG,S102,2050,1.0
RE1,DEMINDDSLBOI_HIG,S102,2051,1.0
RE1,DEMINDDSLBOI_HIG,S102,2052,1.0
RE1,DEMINDDSLBOI_HIG,S102,2053,1.0
RE1,DEMINDDSLBOI_HIG,S102,2054,1.0
RE1,DEMINDDSLBOI_HIG,S102,2055,1.0
RE1,DEMINDDSLBOI_LOW,S101,2022,1.0
RE1,DEMINDDSLBOI_LOW,S101,2023,1.0
RE1,DEMINDDSLBOI_LOW,S101,2024,1.0
RE1,DEMINDDSLBOI_LOW,S101,2025,1.0
RE1,DEMINDDSLBOI_LOW,S101,2026,1.0
RE1,DEMINDDSLBOI_LOW,S101,2027,1.0
RE1,DEMINDDSLBOI_LOW,S101,2028,1.0
RE1,DEMINDDSLBOI_LOW,S101,2029,1.0
RE1,DEMINDDSLBOI_LOW,S101,2030,1.0
RE1,DEMINDDSLBOI_LOW,S101,2031,1.0
RE1,DEMINDDSLBOI_LOW,S101,2032,1.0
RE1,DEMINDDSLBOI_LOW,S101,2033,1.0
RE1,DEMINDDSLBOI_LOW,S101,2034,1.0
RE1,DEMINDDSLBOI_LOW,S101,2035,1.0
RE1,DEMINDDSLBOI_LOW,S101,2036,1.0
RE1,DEMINDDSLBOI_LOW,S101,2037,1.0
RE1,DEMINDDSLBOI_LOW,S101,2038,1.0
RE1,DEMINDDSLBOI_LOW,S101,2039,1.0
RE1,DEMINDDSLBOI_LOW,S101,2040,1.0
RE1,DEMINDDSLBOI_LOW,S101,2041,1.0
RE1,DEMINDDSLBOI_LOW,S101,2042,1.0
RE1,DEMINDDSLBOI_LOW,S101,2043,1.0
RE1,DEMINDDSLBOI_LOW,S101,2044,1.0
RE1,DEMINDDSLBOI_LOW,S101,2045,1.0
RE1,DEMINDDSLBOI_LOW,S101,2046,1.0
RE1,DEMINDDSLBOI_LOW,S101,2047,1.0
RE1,DEMINDDSLBOI_LOW,S101,2048,1.0
RE1,DEMINDDSLBOI_LOW,S101,2049,1.0
RE1,DEMINDDSLBOI_LOW,S101,2050,1.0
RE1,DEMINDDSLBOI_LOW,S101,2051,1.0
RE1,DEMINDDSLBOI_LOW,S101,2052,1.0
RE1,DEMINDDSLBOI_LOW,S101,2053,1.0
RE1,DEMINDDSLBOI_LOW,S101,2054,1.0
RE1,DEMINDDSLBOI_LOW,S101,2055,1.0
RE1,DEMINDDSLBOI_LOW,S102,2022,1.0
RE1,DEMINDDSLBOI_LOW,S102,2023,1.0
RE1,DEMINDDSLBOI_LOW,S102,2024,1.0
RE1,DEMINDDSLBOI_LOW,S102,2025,1.0
RE1,DEMINDDSLBOI_LOW,S102,2026,1.0
RE1,DEMINDDSLBOI_LOW,S102,2027,1.0
RE1,DEMINDDSLBOI_LOW,S102,2028,1.0
RE1,DEMINDDSLBOI_LOW,S102,2029,1.0
RE1,DEMINDDSLBOI_LOW,S102,2030,1.0
RE1,DEMINDDSLBOI_LOW,S102,2031,1.0
RE1,DEMINDDSLBOI_LOW,S102,2032,1.0
RE1,DEMINDDSLBOI_LOW,S102,2033,1.0
RE1,DEMINDDSLBOI_LOW,S102,2034,1.0
RE1,DEMINDDSLBOI_LOW,S102,2035,1.0
RE1,DEMINDDSLBOI_LOW,S102,2036,1.0
RE1,DEMINDDSLBOI_LOW,S102,2037,1.0
RE1,DEMINDDSLBOI_LOW,S102,2038,1.0
RE1,DEMINDDSLBOI_LOW,S102,2039,1.0
RE1,DEMINDDSLBOI_LOW,S102,2040,1.0
RE1,DEMINDDSLBOI_LOW,S102,2041,1.0
RE1,DEMINDDSLBOI_LOW,S102,2042,1.0
RE1,DEMINDDSLBOI_LOW,S102,2043,1.0
RE1,DEMINDDSLBOI_LOW,S102,2044,1.0
RE1,DEMINDDSLBOI_LOW,S102,2045,1.0
RE1,DEMINDDSLBOI_LOW,S102,2046,1.0
RE1,DEMINDDSLBOI_LOW,S102,2047,1.0
RE1,DEMINDDSLBOI_LOW,S102,2048,1.0
RE1,DEMINDDSLBOI_LOW,S102,2049,1.0
RE1,DEMINDDSLBOI_LOW,S102,2050,1.0
RE1,DEMINDDSLBOI_LOW,S102,2051,1.0
RE1,DEMINDDSLBOI_LOW,S102,2052,1.0
RE1,DEMINDDSLBOI_LOW,S102,2053,1.0
RE1,DEMINDDSLBOI_LOW,S102,2054,1.0
RE1,DEMINDDSLBOI_LOW,S102,2055,1.0
RE1,DEMINDDSLBOI_MID,S101,2022,1.0
RE1,DEMINDDSLBOI_MID,S101,2023,1.0
RE1,DEMINDDSLBOI_MID,S101,2024,1.0
RE1,DEMINDDSLBOI_MID,S101,2025,1.0
RE1,DEMINDDSLBOI_MID,S101,2026,1.0
RE1,DEMINDDSLBOI_MID,S101,2027,1.0
RE1,DEMINDDSLBOI_MID,S101,2028,1.0
RE1,DEMINDDSLBOI_MID,S101,2029,1.0
RE1,DEMINDDSLBOI_MID,S101,2030,1.0
RE1,DEMINDDSLBOI_MID,S101,2031,1.0
RE1,DEMINDDSLBOI_MID,S101,2032,1.0
RE1,DEMINDDSLBOI_MID,S101,2033,1.0
RE1,DEMINDDSLBOI_MID,S101,2034,1.0
RE1,DEMINDDSLBOI_MID,S101,2035,1.0
RE1,DEMINDDSLBOI_MID,S101,2036,1.0
RE1,DEMINDDSLBOI_MID,S101,2037,1.0
RE1,DEMINDDSLBOI_MID,S101,2038,1.0
RE1,DEMINDDSLBOI_MID,S101,2039,1.0
RE1,DEMINDDSLBOI_MID,S101,2040,1.0
RE1,DEMINDDSLBOI_MID,S101,2041,1.0
RE1,DEMINDDSLBOI_MID,S101,2042,1.0
RE1,DEMINDDSLBOI_MID,S101,2043,1.0
RE1,DEMINDDSLBOI_MID,S101,2044,1.0
RE1,DEMINDDSLBOI_MID,S101,2045,1.0
RE1,DEMINDDSLBOI_MID,S101,2046,1.0
RE1,DEMINDDSLBOI_MID,S101,2047,1.0
RE1,DEMINDDSLBOI_MID,S101,2048,1.0
RE1,DEMINDDSLBOI_MID,S101,2049,1.0
RE1,DEMINDDSLBOI_MID,S101,2050,1.0
RE1,DEMINDDSLBOI_MID,S101,2051,1.0
RE1,DEMINDDSLBOI_MID,S101,2052,1.0
RE1,DEMINDDSLBOI_MID,S101,2053,1.0
RE1,DEMINDDSLBOI_MID,S101,2054,1.0
RE1,DEMINDDSLBOI_MID,S101,2055,1.0
RE1,DEMINDDSLBOI_MID,S102,2022,1.0
RE1,DEMINDDSLBOI_MID,S102,2023,1.0
RE1,DEMINDDSLBOI_MID,S102,2024,1.0
RE1,DEMINDDSLBOI_MID,S102,2025,1.0
RE1,DEMINDDSLBOI_MID,S102,2026,1.0
RE1,DEMINDDSLBOI_MID,S102,2027,1.0
RE1,DEMINDDSLBOI_MID,S102,2028,1.0
RE1,DEMINDDSLBOI_MID,S102,2029,1.0
RE1,DEMINDDSLBOI_MID,S102,2030,1.0
RE1,DEMINDDSLBOI_MID,S102,2031,1.0
RE1,DEMINDDSLBOI_MID,S102,2032,1.0
RE1,DEMINDDSLBOI_MID,S102,2033,1.0
RE1,DEMINDDSLBOI_MID,S102,2034,1.0
RE1,DEMINDDSLBOI_MID,S102,2035,1.0
RE1,DEMINDDSLBOI_MID,S102,2036,1.0
RE1,DEMINDDSLBOI_MID,S102,2037,1.0
RE1,DEMINDDSLBOI_MID,S102,2038,1.0
RE1,DEMINDDSLBOI_MID,S102,2039,1.0
RE1,DEMINDDSLBOI_MID,S102,2040,1.0
RE1,DEMINDDSLBOI_MID,S102,2041,1.0
RE1,DEMINDDSLBOI_MID,S102,2042,1.0
RE1,DEMINDDSLBOI_MID,S102,2043,1.0
RE1,DEMINDDSLBOI_MID,S102,2044,1.0
RE1,DEMINDDSLBOI_MID,S102,2045,1.0
RE1,DEMINDDSLBOI_MID,S102,2046,1.0
RE1,DEMINDDSLBOI_MID,S102,2047,1.0
RE1,DEMINDDSLBOI_MID,S102,2048,1.0
RE1,DEMINDDSLBOI_MID,S102,2049,1.0
RE1,DEMINDDSLBOI_MID,S102,2050,1.0
RE1,DEMINDDSLBOI_MID,S102,2051,1.0
RE1,DEMINDDSLBOI_MID,S102,2052,1.0
RE1,DEMINDDSLBOI_MID,S102,2053,1.0
RE1,DEMINDDSLBOI_MID,S102,2054,1.0
RE1,DEMINDDSLBOI_MID,S102,2055,1.0
RE1,DEMINDDSLFUR_HIG,S101,2022,1.0
RE1,DEMINDDSLFUR_HIG,S101,2023,1.0
RE1,DEMINDDSLFUR_HIG,S101,2024,1.0
RE1,DEMINDDSLFUR_HIG,S101,2025,1.0
RE1,DEMINDDSLFUR_HIG,S101,2026,1.0
RE1,DEMINDDSLFUR_HIG,S101,2027,1.0
RE1,DEMINDDSLFUR_HIG,S101,2028,1.0
RE1,DEMINDDSLFUR_HIG,S101,2029,1.0
RE1,DEMINDDSLFUR_HIG,S101,2030,1.0
RE1,DEMINDDSLFUR_HIG,S101,2031,1.0
RE1,DEMINDDSLFUR_HIG,S101,2032,1.0
RE1,DEMINDDSLFUR_HIG,S101,2033,1.0
RE1,DEMINDDSLFUR_HIG,S101,2034,1.0
RE1,DEMINDDSLFUR_HIG,S101,2035,1.0
RE1,DEMINDDSLFUR_HIG,S101,2036,1.0
RE1,DEMINDDSLFUR_HIG,S101,2037,1.0
RE1,DEMINDDSLFUR_HIG,S101,2038,1.0
RE1,DEMINDDSLFUR_HIG,S101,2039,1.0
RE1,DEMINDDSLFUR_HIG,S101,2040,1.0
RE1,DEMINDDSLFUR_HIG,S101,2041,1.0
RE1,DEMINDDSLFUR_HIG,S101,2042,1.0
RE1,DEMINDDSLFUR_HIG,S101,2043,1.0
RE1,DEMINDDSLFUR_HIG,S101,2044,1.0
RE1,DEMINDDSLFUR_HIG,S101,2045,1.0
RE1,DEMINDDSLFUR_HIG,S101,2046,1.0
RE1,DEMINDDSLFUR_HIG,S101,2047,1.0
RE1,DEMINDDSLFUR_HIG,S101,2048,1.0
RE1,DEMINDDSLFUR_HIG,S101,2049,1.0
RE1,DEMINDDSLFUR_HIG,S101,2050,1.0
RE1,DEMINDDSLFUR_HIG,S101,2051,1.0
RE1,DEMINDDSLFUR_HIG,S101,2052,1.0
RE1,DEMINDDSLFUR_HIG,S101,2053,1.0
RE1,DEMINDDSLFUR_HIG,S101,2054,1.0
RE1,DEMINDDSLFUR_HIG,S101,2055,1.0
RE1,DEMINDDSLFUR_HIG,S102,2022,1.0
RE1,DEMINDDSLFUR_HIG,S102,2023,1.0
RE1,DEMINDDSLFUR_HIG,S102,2024,1.0
RE1,DEMINDDSLFUR_HIG,S102,2025,1.0
RE1,DEMINDDSLFUR_HIG,S102,2026,1.0
RE1,DEMINDDSLFUR_HIG,S102,2027,1.0
RE1,DEMINDDSLFUR_HIG,S102,2028,1.0
RE1,DEMINDDSLFUR_HIG,S102,2029,1.0
RE1,DEMINDDSLFUR_HIG,S102,2030,1.0
RE1,DEMINDDSLFUR_HIG,S102,2031,1.0
RE1,DEMINDDSLFUR_HIG,S102,2032,1.0
RE1,DEMINDDSLFUR_HIG,S102,2033,1.0
RE1,DEMINDDSLFUR_HIG,S102,2034,1.0
RE1,DEMINDDSLFUR_HIG,S102,2035,1.0
RE1,DEMINDDSLFUR_HIG,S102,2036,1.0
RE1,DEMINDDSLFUR_HIG,S102,2037,1.0
RE1,DEMINDDSLFUR_HIG,S102,2038,1.0
RE1,DEMINDDSLFUR_HIG,S102,2039,1.0
RE1,DEMINDDSLFUR_HIG,S102,2040,1.0
RE1,DEMINDDSLFUR_HIG,S102,2041,1.0
RE1,DEMINDDSLFUR_HIG,S102,2042,1.0
RE1,DEMINDDSLFUR_HIG,S102,2043,1.0
RE1,DEMINDDSLFUR_HIG,S102,2044,1.0
RE1,DEMINDDSLFUR_HIG,S102,2045,1.0
RE1,DEMINDDSLFUR_HIG,S102,2046,1.0
RE1,DEMINDDSLFUR_HIG,S102,2047,1.0
RE1,DEMINDDSLFUR_HIG,S102,2048,1.0
RE1,DEMINDDSLFUR_HIG,S102,2049,1.0
RE1,DEMINDDSLFUR_HIG,S102,2050,1.0
RE1,DEMINDDSLFUR_HIG,S102,2051,1.0
RE1,DEMINDDSLFUR_HIG,S102,2052,1.0
RE1,DEMINDDSLFUR_HIG,S102,2053,1.0
RE1,DEMINDDSLFUR_HIG,S102,2054,1.0
RE1,DEMINDDSLFUR_HIG,S102,2055,1.0
RE1,DEMINDDSLFUR_LOW,S101,2022,1.0
RE1,DEMINDDSLFUR_LOW,S101,2023,1.0
RE1,DEMINDDSLFUR_LOW,S101,2024,1.0
RE1,DEMINDDSLFUR_LOW,S101,2025,1.0
RE1,DEMINDDSLFUR_LOW,S101,2026,1.0
RE1,DEMINDDSLFUR_LOW,S101,2027,1.0
RE1,DEMINDDSLFUR_LOW,S101,2028,1.0
RE1,DEMINDDSLFUR_LOW,S101,2029,1.0
RE1,DEMINDDSLFUR_LOW,S101,2030,1.0
RE1,DEMINDDSLFUR_LOW,S101,2031,1.0
RE1,DEMINDDSLFUR_LOW,S101,2032,1.0
RE1,DEMINDDSLFUR_LOW,S101,2033,1.0
RE1,DEMINDDSLFUR_LOW,S101,2034,1.0
RE1,DEMINDDSLFUR_LOW,S101,2035,1.0
RE1,DEMINDDSLFUR_LOW,S101,2036,1.0
RE1,DEMINDDSLFUR_LOW,S101,2037,1.0
RE1,DEMINDDSLFUR_LOW,S101,2038,1.0
RE1,DEMINDDSLFUR_LOW,S101,2039,1.0
RE1,DEMINDDSLFUR_LOW,S101,2040,1.0
RE1,DEMINDDSLFUR_LOW,S101,2041,1.0
RE1,DEMINDDSLFUR_LOW,S101,2042,1.0
RE1,DEMINDDSLFUR_LOW,S101,2043,1.0
RE1,DEMINDDSLFUR_LOW,S101,2044,1.0
RE1,DEMINDDSLFUR_LOW,S101,2045,1.0
RE1,DEMINDDSLFUR_LOW,S101,2046,1.0
RE1,DEMINDDSLFUR_LOW,S101,2047,1.0
RE1,DEMINDDSLFUR_LOW,S101,2048,1.0
RE1,DEMINDDSLFUR_LOW,S101,2049,1.0
RE1,DEMINDDSLFUR_LOW,S101,2050,1.0
RE1,DEMINDDSLFUR_LOW,S101,2051,1.0
RE1,DEMINDDSLFUR_LOW,S101,2052,1.0
RE1,DEMINDDSLFUR_LOW,S101,2053,1.0
RE1,DEMINDDSLFUR_LOW,S101,2054,1.0
RE1,DEMINDDSLFUR_LOW,S101,2055,1.0
RE1,DEMINDDSLFUR_LOW,S102,2022,1.0
RE1,DEMINDDSLFUR_LOW,S102,2023,1.0
RE1,DEMINDDSLFUR_LOW,S102,2024,1.0
RE1,DEMINDDSLFUR_LOW,S102,2025,1.0
RE1,DEMINDDSLFUR_LOW,S102,2026,1.0
RE1,DEMINDDSLFUR_LOW,S102,2027,1.0
RE1,DEMINDDSLFUR_LOW,S102,2028,1.0
RE1,DEMINDDSLFUR_LOW,S102,2029,1.0
RE1,DEMINDDSLFUR_LOW,S102,2030,1.0
RE1,DEMINDDSLFUR_LOW,S102,2031,1.0
RE1,DEMINDDSLFUR_LOW,S102,2032,1.0
RE1,DEMINDDSLFUR_LOW,S102,2033,1.0
RE1,DEMINDDSLFUR_LOW,S102,2034,1.0
RE1,DEMINDDSLFUR_LOW,S102,2035,1.0
RE1,DEMINDDSLFUR_LOW,S102,2036,1.0
RE1,DEMINDDSLFUR_LOW,S102,2037,1.0
RE1,DEMINDDSLFUR_LOW,S102,2038,1.0
RE1,DEMINDDSLFUR_LOW,S102,2039,1.0
RE1,DEMINDDSLFUR_LOW,S102,2040,1.0
RE1,DEMINDDSLFUR_LOW,S102,2041,1.0
RE1,DEMINDDSLFUR_LOW,S102,2042,1.0
RE1,DEMINDDSLFUR_LOW,S102,2043,1.0
RE1,DEMINDDSLFUR_LOW,S102,2044,1.0
RE1,DEMINDDSLFUR_LOW,S102,2045,1.0
RE1,DEMINDDSLFUR_LOW,S102,2046,1.0
RE1,DEMINDDSLFUR_LOW,S102,2047,1.0
RE1,DEMINDDSLFUR_LOW,S102,2048,1.0
RE1,DEMINDDSLFUR_LOW,S102,2049,1.0
RE1,DEMINDDSLFUR_LOW,S102,2050,1.0
RE1,DEMINDDSLFUR_LOW,S102,2051,1.0
RE1,DEMINDDSLFUR_LOW,S102,2052,1.0
RE1,DEMINDDSLFUR_LOW,S102,2053,1.0
RE1,DEMINDDSLFUR_LOW,S102,2054,1.0
RE1,DEMINDDSLFUR_LOW,S102,2055,1.0
RE1,DEMINDDSLFUR_MID,S101,2022,1.0
RE1,DEMINDDSLFUR_MID,S101,2023,1.0
RE1,DEMINDDSLFUR_MID,S101,2024,1.0
RE1,DEMINDDSLFUR_MID,S101,2025,1.0
RE1,DEMINDDSLFUR_MID,S101,2026,1.0
RE1,DEMINDDSLFUR_MID,S101,2027,1.0
RE1,DEMINDDSLFUR_MID,S101,2028,1.0
RE1,DEMINDDSLFUR_MID,S101,2029,1.0
RE1,DEMINDDSLFUR_MID,S101,2030,1.0
RE1,DEMINDDSLFUR_MID,S101,2031,1.0
RE1,DEMINDDSLFUR_MID,S101,2032,1.0
RE1,DEMINDDSLFUR_MID,S101,2033,1.0
RE1,DEMINDDSLFUR_MID,S101,2034,1.0
RE1,DEMINDDSLFUR_MID,S101,2035,1.0
RE1,DEMINDDSLFUR_MID,S101,2036,1.0
RE1,DEMINDDSLFUR_MID,S101,2037,1.0
RE1,DEMINDDSLFUR_MID,S101,2038,1.0
RE1,DEMINDDSLFUR_MID,S101,2039,1.0
RE1,DEMINDDSLFUR_MID,S101,2040,1.0
RE1,DEMINDDSLFUR_MID,S101,2041,1.0
RE1,DEMINDDSLFUR_MID,S101,2042,1.0
RE1,DEMINDDSLFUR_MID,S101,2043,1.0
RE1,DEMINDDSLFUR_MID,S101,2044,1.0
RE1,DEMINDDSLFUR_MID,S101,2045,1.0
RE1,DEMINDDSLFUR_MID,S101,2046,1.0
RE1,DEMINDDSLFUR_MID,S101,2047,1.0
RE1,DEMINDDSLFUR_MID,S101,2048,1.0
RE1,DEMINDDSLFUR_MID,S101,2049,1.0
RE1,DEMINDDSLFUR_MID,S101,2050,1.0
RE1,DEMINDDSLFUR_MID,S101,2051,1.0
RE1,DEMINDDSLFUR_MID,S101,2052,1.0
RE1,DEMINDDSLFUR_MID,S101,2053,1.0
RE1,DEMINDDSLFUR_MID,S101,2054,1.0
RE1,DEMINDDSLFUR_MID,S101,2055,1.0
RE1,DEMINDDSLFUR_MID,S102,2022,1.0
RE1,DEMINDDSLFUR_MID,S102,2023,1.0
RE1,DEMINDDSLFUR_MID,S102,2024,1.0
RE1,DEMINDDSLFUR_MID,S102,2025,1.0
RE1,DEMINDDSLFUR_MID,S102,2026,1.0
RE1,DEMINDDSLFUR_MID,S102,2027,1.0
RE1,DEMINDDSLFUR_MID,S102,2028,1.0
RE1,DEMINDDSLFUR_MID,S102,2029,1.0
RE1,DEMINDDSLFUR_MID,S102,2030,1.0
RE1,DEMINDDSLFUR_MID,S102,2031,1.0
RE1,DEMINDDSLFUR_MID,S102,2032,1.0
RE1,DEMINDDSLFUR_MID,S102,2033,1.0
RE1,DEMINDDSLFUR_MID,S102,2034,1.0
RE1,DEMINDDSLFUR_MID,S102,2035,1.0
RE1,DEMINDDSLFUR_MID,S102,2036,1.0
RE1,DEMINDDSLFUR_MID,S102,2037,1.0
RE1,DEMINDDSLFUR_MID,S102,2038,1.0
RE1,DEMINDDSLFUR_MID,S102,2039,1.0
RE1,DEMINDDSLFUR_MID,S102,2040,1.0
RE1,DEMINDDSLFUR_MID,S102,2041,1.0
RE1,DEMINDDSLFUR_MID,S102,2042,1.0
RE1,DEMINDDSLFUR_MID,S102,2043,1.0
RE1,DEMINDDSLFUR_MID,S102,2044,1.0
RE1,DEMINDDSLFUR_MID,S102,2045,1.0
RE1,DEMINDDSLFUR_MID,S102,2046,1.0
RE1,DEMINDDSLFUR_MID,S102,2047,1.0
RE1,DEMINDDSLFUR_MID,S102,2048,1.0
RE1,DEMINDDSLFUR_MID,S102,2049,1.0
RE1,DEMINDDSLFUR_MID,S102,2050,1.0
RE1,DEMINDDSLFUR_MID,S102,2051,1.0
RE1,DEMINDDSLFUR_MID,S102,2052,1.0
RE1,DEMINDDSLFUR_MID,S102,2053,1.0
RE1,DEMINDDSLFUR_MID,S102,2054,1.0
RE1,DEMINDDSLFUR_MID,S102,2055,1.0
RE1,DEMINDELCAIR_HIG,S101,2022,1.0
RE1,DEMINDELCAIR_HIG,S101,2023,1.0
RE1,DEMINDELCAIR_HIG,S101,2024,1.0
RE1,DEMINDELCAIR_HIG,S101,2025,1.0
RE1,DEMINDELCAIR_HIG,S101,2026,1.0
RE1,DEMINDELCAIR_HIG,S101,2027,1.0
RE1,DEMINDELCAIR_HIG,S101,2028,1.0
RE1,DEMINDELCAIR_HIG,S101,2029,1.0
RE1,DEMINDELCAIR_HIG,S101,2030,1.0
RE1,DEMINDELCAIR_HIG,S101,2031,1.0
RE1,DEMINDELCAIR_HIG,S101,2032,1.0
RE1,DEMINDELCAIR_HIG,S101,2033,1.0
RE1,DEMINDELCAIR_HIG,S101,2034,1.0
RE1,DEMINDELCAIR_HIG,S101,2035,1.0
RE1,DEMINDELCAIR_HIG,S101,2036,1.0
RE1,DEMINDELCAIR_HIG,S101,2037,1.0
RE1,DEMINDELCAIR_HIG,S101,2038,1.0
RE1,DEMINDELCAIR_HIG,S101,2039,1.0
RE1,DEMINDELCAIR_HIG,S101,2040,1.0
RE1,DEMINDELCAIR_HIG,S101,2041,1.0
RE1,DEMINDELCAIR_HIG,S101,2042,1.0
RE1,DEMINDELCAIR_HIG,S101,2043,1.0
RE1,DEMINDELCAIR_HIG,S101,2044,1.0
RE1,DEMINDELCAIR_HIG,S101,2045,1.0
RE1,DEMINDELCAIR_HIG,S101,2046,1.0
RE1,DEMINDELCAIR_HIG,S101,2047,1.0
RE1,DEMINDELCAIR_HIG,S101,2048,1.0
RE1,DEMINDELCAIR_HIG,S101,2049,1.0
RE1,DEMINDELCAIR_HIG,S101,2050,1.0
RE1,DEMINDELCAIR_HIG,S101,2051,1.0
RE1,DEMINDELCAIR_HIG,S101,2052,1.0
RE1,DEMINDELCAIR_HIG,S101,2053,1.0
RE1,DEMINDELCAIR_HIG,S101,2054,1.0
RE1,DEMINDELCAIR_HIG,S101,2055,1.0
RE1,DEMINDELCAIR_HIG,S102,2022,1.0
RE1,DEMINDELCAIR_HIG,S102,2023,1.0
RE1,DEMINDELCAIR_HIG,S102,2024,1.0
RE1,DEMINDELCAIR_HIG,S102,2025,1.0
RE1,DEMINDELCAIR_HIG,S102,2026,1.0
RE1,DEMINDELCAIR_HIG,S102,2027,1.0
RE1,DEMINDELCAIR_HIG,S102,2028,1.0
RE1,DEMINDELCAIR_HIG,S102,2029,1.0
RE1,DEMINDELCAIR_HIG,S102,2030,1.0
RE1,DEMINDELCAIR_HIG,S102,2031,1.0
RE1,DEMINDELCAIR_HIG,S102,2032,1.0
RE1,DEMINDELCAIR_HIG,S102,2033,1.0
RE1,DEMINDELCAIR_HIG,S102,2034,1.0
RE1,DEMINDELCAIR_HIG,S102,2035,1.0
RE1,DEMINDELCAIR_HIG,S102,2036,1.0
RE1,DEMINDELCAIR_HIG,S102,2037,1.0
RE1,DEMINDELCAIR_HIG,S102,2038,1.0
RE1,DEMINDELCAIR_HIG,S102,2039,1.0
RE1,DEMINDELCAIR_HIG,S102,2040,1.0
RE1,DEMINDELCAIR_HIG,S102,2041,1.0
RE1,DEMINDELCAIR_HIG,S102,2042,1.0
RE1,DEMINDELCAIR_HIG,S102,2043,1.0
RE1,DEMINDELCAIR_HIG,S102,2044,1.0
RE1,DEMINDELCAIR_HIG,S102,2045,1.0
RE1,DEMINDELCAIR_HIG,S102,2046,1.0
RE1,DEMINDELCAIR_HIG,S102,2047,1.0
RE1,DEMINDELCAIR_HIG,S102,2048,1.0
RE1,DEMINDELCAIR_HIG,S102,2049,1.0
RE1,DEMINDELCAIR_HIG,S102,2050,1.0
RE1,DEMINDELCAIR_HIG,S102,2051,1.0
RE1,DEMINDELCAIR_HIG,S102,2052,1.0
RE1,DEMINDELCAIR_HIG,S102,2053,1.0
RE1,DEMINDELCAIR_HIG,S102,2054,1.0
RE1,DEMINDELCAIR_HIG,S102,2055,1.0
RE1,DEMINDELCAIR_LOW,S101,2022,1.0
RE1,DEMINDELCAIR_LOW,S101,2023,1.0
RE1,DEMINDELCAIR_LOW,S101,2024,1.0
RE1,DEMINDELCAIR_LOW,S101,2025,1.0
RE1,DEMINDELCAIR_LOW,S101,2026,1.0
RE1,DEMINDELCAIR_LOW,S101,2027,1.0
RE1,DEMINDELCAIR_LOW,S101,2028,1.0
RE1,DEMINDELCAIR_LOW,S101,2029,1.0
RE1,DEMINDELCAIR_LOW,S101,2030,1.0
RE1,DEMINDELCAIR_LOW,S101,2031,1.0
RE1,DEMINDELCAIR_LOW,S101,2032,1.0
RE1,DEMINDELCAIR_LOW,S101,2033,1.0
RE1,DEMINDELCAIR_LOW,S101,2034,1.0
RE1,DEMINDELCAIR_LOW,S101,2035,1.0
RE1,DEMINDELCAIR_LOW,S101,2036,1.0
RE1,DEMINDELCAIR_LOW,S101,2037,1.0
RE1,DEMINDELCAIR_LOW,S101,2038,1.0
RE1,DEMINDELCAIR_LOW,S101,2039,1.0
RE1,DEMINDELCAIR_LOW,S101,2040,1.0
RE1,DEMINDELCAIR_LOW,S101,2041,1.0
RE1,DEMINDELCAIR_LOW,S101,2042,1.0
RE1,DEMINDELCAIR_LOW,S101,2043,1.0
RE1,DEMINDELCAIR_LOW,S101,2044,1.0
RE1,DEMINDELCAIR_LOW,S101,2045,1.0
RE1,DEMINDELCAIR_LOW,S101,2046,1.0
RE1,DEMINDELCAIR_LOW,S101,2047,1.0
RE1,DEMINDELCAIR_LOW,S101,2048,1.0
RE1,DEMINDELCAIR_LOW,S101,2049,1.0
RE1,DEMINDELCAIR_LOW,S101,2050,1.0
RE1,DEMINDELCAIR_LOW,S101,2051,1.0
RE1,DEMINDELCAIR_LOW,S101,2052,1.0
RE1,DEMINDELCAIR_LOW,S101,2053,1.0
RE1,DEMINDELCAIR_LOW,S101,2054,1.0
RE1,DEMINDELCAIR_LOW,S101,2055,1.0
RE1,DEMINDELCAIR_LOW,S102,2022,1.0
RE1,DEMINDELCAIR_LOW,S102,2023,1.0
RE1,DEMINDELCAIR_LOW,S102,2024,1.0
RE1,DEMINDELCAIR_LOW,S102,2025,1.0
RE1,DEMINDELCAIR_LOW,S102,2026,1.0
RE1,DEMINDELCAIR_LOW,S102,2027,1.0
RE1,DEMINDELCAIR_LOW,S102,2028,1.0
RE1,DEMINDELCAIR_LOW,S102,2029,1.0
RE1,DEMINDELCAIR_LOW,S102,2030,1.0
RE1,DEMINDELCAIR_LOW,S102,2031,1.0
RE1,DEMINDELCAIR_LOW,S102,2032,1.0
RE1,DEMINDELCAIR_LOW,S102,2033,1.0
RE1,DEMINDELCAIR_LOW,S102,2034,1.0
RE1,DEMINDELCAIR_LOW,S102,2035,1.0
RE1,DEMINDELCAIR_LOW,S102,2036,1.0
RE1,DEMINDELCAIR_LOW,S102,2037,1.0
RE1,DEMINDELCAIR_LOW,S102,2038,1.0
RE1,DEMINDELCAIR_LOW,S102,2039,1.0
RE1,DEMINDELCAIR_LOW,S102,2040,1.0
RE1,DEMINDELCAIR_LOW,S102,2041,1.0
RE1,DEMINDELCAIR_LOW,S102,2042,1.0
RE1,DEMINDELCAIR_LOW,S102,2043,1.0
RE1,DEMINDELCAIR_LOW,S102,2044,1.0
RE1,DEMINDELCAIR_LOW,S102,2045,1.0
RE1,DEMINDELCAIR_LOW,S102,2046,1.0
RE1,DEMINDELCAIR_LOW,S102,2047,1.0
RE1,DEMINDELCAIR_LOW,S102,2048,1.0
RE1,DEMINDELCAIR_LOW,S102,2049,1.0
RE1,DEMINDELCAIR_LOW,S102,2050,1.0
RE1,DEMINDELCAIR_LOW,S102,2051,1.0
RE1,DEMINDELCAIR_LOW,S102,2052,1.0
RE1,DEMINDELCAIR_LOW,S102,2053,1.0
RE1,DEMINDELCAIR_LOW,S102,2054,1.0
RE1,DEMINDELCAIR_LOW,S102,2055,1.0
RE1,DEMINDELCAIR_MID,S101,2022,1.0
RE1,DEMINDELCAIR_MID,S101,2023,1.0
RE1,DEMINDELCAIR_MID,S101,2024,1.0
RE1,DEMINDELCAIR_MID,S101,2025,1.0
RE1,DEMINDELCAIR_MID,S101,2026,1.0
RE1,DEMINDELCAIR_MID,S101,2027,1.0
RE1,DEMINDELCAIR_MID,S101,2028,1.0
RE1,DEMINDELCAIR_MID,S101,2029,1.0
RE1,DEMINDELCAIR_MID,S101,2030,1.0
RE1,DEMINDELCAIR_MID,S101,2031,1.0
RE1,DEMINDELCAIR_MID,S101,2032,1.0
RE1,DEMINDELCAIR_MID,S101,2033,1.0
RE1,DEMINDELCAIR_MID,S101,2034,1.0
RE1,DEMINDELCAIR_MID,S101,2035,1.0
RE1,DEMINDELCAIR_MID,S101,2036,1.0
RE1,DEMINDELCAIR_MID,S101,2037,1.0
RE1,DEMINDELCAIR_MID,S101,2038,1.0
RE1,DEMINDELCAIR_MID,S101,2039,1.0
RE1,DEMINDELCAIR_MID,S101,2040,1.0
RE1,DEMINDELCAIR_MID,S101,2041,1.0
RE1,DEMINDELCAIR_MID,S101,2042,1.0
RE1,DEMINDELCAIR_MID,S101,2043,1.0
RE1,DEMINDELCAIR_MID,S101,2044,1.0
RE1,DEMINDELCAIR_MID,S101,2045,1.0
RE1,DEMINDELCAIR_MID,S101,2046,1.0
RE1,DEMINDELCAIR_MID,S101,2047,1.0
RE1,DEMINDELCAIR_MID,S101,2048,1.0
RE1,DEMINDELCAIR_MID,S101,2049,1.0
RE1,DEMINDELCAIR_MID,S101,2050,1.0
RE1,DEMINDELCAIR_MID,S101,2051,1.0
RE1,DEMINDELCAIR_MID,S101,2052,1.0
RE1,DEMINDELCAIR_MID,S101,2053,1.0
RE1,DEMINDELCAIR_MID,S101,2054,1.0
RE1,DEMINDELCAIR_MID,S101,2055,1.0
RE1,DEMINDELCAIR_MID,S102,2022,1.0
RE1,DEMINDELCAIR_MID,S102,2023,1.0
RE1,DEMINDELCAIR_MID,S102,2024,1.0
RE1,DEMINDELCAIR_MID,S102,2025,1.0
RE1,DEMINDELCAIR_MID,S102,2026,1.0
RE1,DEMINDELCAIR_MID,S102,2027,1.0
RE1,DEMINDELCAIR_MID,S102,2028,1.0
RE1,DEMINDELCAIR_MID,S102,2029,1.0
RE1,DEMINDELCAIR_MID,S102,2030,1.0
RE1,DEMINDELCAIR_MID,S102,2031,1.0
RE1,DEMINDELCAIR_MID,S102,2032,1.0
RE1,DEMINDELCAIR_MID,S102,2033,1.0
RE1,DEMINDELCAIR_MID,S102,2034,1.0
RE1,DEMINDELCAIR_MID,S102,2035,1.0
RE1,DEMINDELCAIR_MID,S102,2036,1.0
RE1,DEMINDELCAIR_MID,S102,2037,1.0
RE1,DEMINDELCAIR_MID,S102,2038,1.0
RE1,DEMINDELCAIR_MID,S102,2039,1.0
RE1,DEMINDELCAIR_MID,S102,2040,1.0
RE1,DEMINDELCAIR_MID,S102,2041,1.0
RE1,DEMINDELCAIR_MID,S102,2042,1.0
RE1,DEMINDELCAIR_MID,S102,2043,1.0
RE1,DEMINDELCAIR_MID,S102,2044,1.0
RE1,DEMINDELCAIR_MID,S102,2045,1.0
RE1,DEMINDELCAIR_MID,S102,2046,1.0
RE1,DEMINDELCAIR_MID,S102,2047,1.0
RE1,DEMINDELCAIR_MID,S102,2048,1.0
RE1,DEMINDELCAIR_MID,S102,2049,1.0
RE1,DEMINDELCAIR_MID,S102,2050,1.0
RE1,DEMINDELCAIR_MID,S102,2051,1.0
RE1,DEMINDELCAIR_MID,S102,2052,1.0
RE1,DEMINDELCAIR_MID,S102,2053,1.0
RE1,DEMINDELCAIR_MID,S102,2054,1.0
RE1,DEMINDELCAIR_MID,S102,2055,1.0
RE1,DEMINDELCBOI_HIG,S101,2022,1.0
RE1,DEMINDELCBOI_HIG,S101,2023,1.0
RE1,DEMINDELCBOI_HIG,S101,2024,1.0
RE1,DEMINDELCBOI_HIG,S101,2025,1.0
RE1,DEMINDELCBOI_HIG,S101,2026,1.0
RE1,DEMINDELCBOI_HIG,S101,2027,1.0
RE1,DEMINDELCBOI_HIG,S101,2028,1.0
RE1,DEMINDELCBOI_HIG,S101,2029,1.0
RE1,DEMINDELCBOI_HIG,S101,2030,1.0
RE1,DEMINDELCBOI_HIG,S101,2031,1.0
RE1,DEMINDELCBOI_HIG,S101,2032,1.0
RE1,DEMINDELCBOI_HIG,S101,2033,1.0
RE1,DEMINDELCBOI_HIG,S101,2034,1.0
RE1,DEMINDELCBOI_HIG,S101,2035,1.0
RE1,DEMINDELCBOI_HIG,S101,2036,1.0
RE1,DEMINDELCBOI_HIG,S101,2037,1.0
RE1,DEMINDELCBOI_HIG,S101,2038,1.0
RE1,DEMINDELCBOI_HIG,S101,2039,1.0
RE1,DEMINDELCBOI_HIG,S101,2040,1.0
RE1,DEMINDELCBOI_HIG,S101,2041,1.0
RE1,DEMINDELCBOI_HIG,S101,2042,1.0
RE1,DEMINDELCBOI_HIG,S101,2043,1.0
RE1,DEMINDELCBOI_HIG,S101,2044,1.0
RE1,DEMINDELCBOI_HIG,S101,2045,1.0
RE1,DEMINDELCBOI_HIG,S101,2046,1.0
RE1,DEMINDELCBOI_HIG,S101,2047,1.0
RE1,DEMINDELCBOI_HIG,S101,2048,1.0
RE1,DEMINDELCBOI_HIG,S101,2049,1.0
RE1,DEMINDELCBOI_HIG,S101,2050,1.0
RE1,DEMINDELCBOI_HIG,S101,2051,1.0
RE1,DEMINDELCBOI_HIG,S101,2052,1.0
RE1,DEMINDELCBOI_HIG,S101,2053,1.0
RE1,DEMINDELCBOI_HIG,S101,2054,1.0
RE1,DEMINDELCBOI_HIG,S101,2055,1.0
RE1,DEMINDELCBOI_HIG,S102,2022,1.0
RE1,DEMINDELCBOI_HIG,S102,2023,1.0
RE1,DEMINDELCBOI_HIG,S102,2024,1.0
RE1,DEMINDELCBOI_HIG,S102,2025,1.0
RE1,DEMINDELCBOI_HIG,S102,2026,1.0
RE1,DEMINDELCBOI_HIG,S102,2027,1.0
RE1,DEMINDELCBOI_HIG,S102,2028,1.0
RE1,DEMINDELCBOI_HIG,S102,2029,1.0
RE1,DEMINDELCBOI_HIG,S102,2030,1.0
RE1,DEMINDELCBOI_HIG,S102,2031,1.0
RE1,DEMINDELCBOI_HIG,S102,2032,1.0
RE1,DEMINDELCBOI_HIG,S102,2033,1.0
RE1,DEMINDELCBOI_HIG,S102,2034,1.0
RE1,DEMINDELCBOI_HIG,S102,2035,1.0
RE1,DEMINDELCBOI_HIG,S102,2036,1.0
RE1,DEMINDELCBOI_HIG,S102,2037,1.0
RE1,DEMINDELCBOI_HIG,S102,2038,1.0
RE1,DEMINDELCBOI_HIG,S102,2039,1.0
RE1,DEMINDELCBOI_HIG,S102,2040,1.0
RE1,DEMINDELCBOI_HIG,S102,2041,1.0
RE1,DEMINDELCBOI_HIG,S102,2042,1.0
RE1,DEMINDELCBOI_HIG,S102,2043,1.0
RE1,DEMINDELCBOI_HIG,S102,2044,1.0
RE1,DEMINDELCBOI_HIG,S102,2045,1.0
RE1,DEMINDELCBOI_HIG,S102,2046,1.0
RE1,DEMINDELCBOI_HIG,S102,2047,1.0
RE1,DEMINDELCBOI_HIG,S102,2048,1.0
RE1,DEMINDELCBOI_HIG,S102,2049,1.0
RE1,DEMINDELCBOI_HIG,S102,2050,1.0
RE1,DEMINDELCBOI_HIG,S102,2051,1.0
RE1,DEMINDELCBOI_HIG,S102,2052,1.0
RE1,DEMINDELCBOI_HIG,S102,2053,1.0
RE1,DEMINDELCBOI_HIG,S102,2054,1.0
RE1,DEMINDELCBOI_HIG,S102,2055,1.0
RE1,DEMINDELCBOI_LOW,S101,2022,1.0
RE1,DEMINDELCBOI_LOW,S101,2023,1.0
RE1,DEMINDELCBOI_LOW,S101,2024,1.0
RE1,DEMINDELCBOI_LOW,S101,2025,1.0
RE1,DEMINDELCBOI_LOW,S101,2026,1.0
RE1,DEMINDELCBOI_LOW,S101,2027,1.0
RE1,DEMINDELCBOI_LOW,S101,2028,1.0
RE1,DEMINDELCBOI_LOW,S101,2029,1.0
RE1,DEMINDELCBOI_LOW,S101,2030,1.0
RE1,DEMINDELCBOI_LOW,S101,2031,1.0
RE1,DEMINDELCBOI_LOW,S101,2032,1.0
RE1,DEMINDELCBOI_LOW,S101,2033,1.0
RE1,DEMINDELCBOI_LOW,S101,2034,1.0
RE1,DEMINDELCBOI_LOW,S101,2035,1.0
RE1,DEMINDELCBOI_LOW,S101,2036,1.0
RE1,DEMINDELCBOI_LOW,S101,2037,1.0
RE1,DEMINDELCBOI_LOW,S101,2038,1.0
RE1,DEMINDELCBOI_LOW,S101,2039,1.0
RE1,DEMINDELCBOI_LOW,S101,2040,1.0
RE1,DEMINDELCBOI_LOW,S101,2041,1.0
RE1,DEMINDELCBOI_LOW,S101,2042,1.0
RE1,DEMINDELCBOI_LOW,S101,2043,1.0
RE1,DEMINDELCBOI_LOW,S101,2044,1.0
RE1,DEMINDELCBOI_LOW,S101,2045,1.0
RE1,DEMINDELCBOI_LOW,S101,2046,1.0
RE1,DEMINDELCBOI_LOW,S101,2047,1.0
RE1,DEMINDELCBOI_LOW,S101,2048,1.0
RE1,DEMINDELCBOI_LOW,S101,2049,1.0
RE1,DEMINDELCBOI_LOW,S101,2050,1.0
RE1,DEMINDELCBOI_LOW,S101,2051,1.0
RE1,DEMINDELCBOI_LOW,S101,2052,1.0
RE1,DEMINDELCBOI_LOW,S101,2053,1.0
RE1,DEMINDELCBOI_LOW,S101,2054,1.0
RE1,DEMINDELCBOI_LOW,S101,2055,1.0
RE1,DEMINDELCBOI_LOW,S102,2022,1.0
RE1,DEMINDELCBOI_LOW,S102,2023,1.0
RE1,DEMINDELCBOI_LOW,S102,2024,1.0
RE1,DEMINDELCBOI_LOW,S102,2025,1.0
RE1,DEMINDELCBOI_LOW,S102,2026,1.0
RE1,DEMINDELCBOI_LOW,S102,2027,1.0
RE1,DEMINDELCBOI_LOW,S102,2028,1.0
RE1,DEMINDELCBOI_LOW,S102,2029,1.0
RE1,DEMINDELCBOI_LOW,S102,2030,1.0
RE1,DEMINDELCBOI_LOW,S102,2031,1.0
RE1,DEMINDELCBOI_LOW,S102,2032,1.0
RE1,DEMINDELCBOI_LOW,S102,2033,1.0
RE1,DEMINDELCBOI_LOW,S102,2034,1.0
RE1,DEMINDELCBOI_LOW,S102,2035,1.0
RE1,DEMINDELCBOI_LOW,S102,2036,1.0
RE1,DEMINDELCBOI_LOW,S102,2037,1.0
RE1,DEMINDELCBOI_LOW,S102,2038,1.0
RE1,DEMINDELCBOI_LOW,S102,2039,1.0
RE1,DEMINDELCBOI_LOW,S102,2040,1.0
RE1,DEMINDELCBOI_LOW,S102,2041,1.0
RE1,DEMINDELCBOI_LOW,S102,2042,1.0
RE1,DEMINDELCBOI_LOW,S102,2043,1.0
RE1,DEMINDELCBOI_LOW,S102,2044,1.0
RE1,DEMINDELCBOI_LOW,S102,2045,1.0
RE1,DEMINDELCBOI_LOW,S102,2046,1.0
RE1,DEMINDELCBOI_LOW,S102,2047,1.0
RE1,DEMINDELCBOI_LOW,S102,2048,1.0
RE1,DEMINDELCBOI_LOW,S102,2049,1.0
RE1,DEMINDELCBOI_LOW,S102,2050,1.0
RE1,DEMINDELCBOI_LOW,S102,2051,1.0
RE1,DEMINDELCBOI_LOW,S102,2052,1.0
RE1,DEMINDELCBOI_LOW,S102,2053,1.0
RE1,DEMINDELCBOI_LOW,S102,2054,1.0
RE1,DEMINDELCBOI_LOW,S102,2055,1.0
RE1,DEMINDELCBOI_MID,S101,2022,1.0
RE1,DEMINDELCBOI_MID,S101,2023,1.0
RE1,DEMINDELCBOI_MID,S101,2024,1.0
RE1,DEMINDELCBOI_MID,S101,2025,1.0
RE1,DEMINDELCBOI_MID,S101,2026,1.0
RE1,DEMINDELCBOI_MID,S101,2027,1.0
RE1,DEMINDELCBOI_MID,S101,2028,1.0
RE1,DEMINDELCBOI_MID,S101,2029,1.0
RE1,DEMINDELCBOI_MID,S101,2030,1.0
RE1,DEMINDELCBOI_MID,S101,2031,1.0
RE1,DEMINDELCBOI_MID,S101,2032,1.0
RE1,DEMINDELCBOI_MID,S101,2033,1.0
RE1,DEMINDELCBOI_MID,S101,2034,1.0
RE1,DEMINDELCBOI_MID,S101,2035,1.0
RE1,DEMINDELCBOI_MID,S101,2036,1.0
RE1,DEMINDELCBOI_MID,S101,2037,1.0
RE1,DEMINDELCBOI_MID,S101,2038,1.0
RE1,DEMINDELCBOI_MID,S101,2039,1.0
RE1,DEMINDELCBOI_MID,S101,2040,1.0
RE1,DEMINDELCBOI_MID,S101,2041,1.0
RE1,DEMINDELCBOI_MID,S101,2042,1.0
RE1,DEMINDELCBOI_MID,S101,2043,1.0
RE1,DEMINDELCBOI_MID,S101,2044,1.0
RE1,DEMINDELCBOI_MID,S101,2045,1.0
RE1,DEMINDELCBOI_MID,S101,2046,1.0
RE1,DEMINDELCBOI_MID,S101,2047,1.0
RE1,DEMINDELCBOI_MID,S101,2048,1.0
RE1,DEMINDELCBOI_MID,S101,2049,1.0
RE1,DEMINDELCBOI_MID,S101,2050,1.0
RE1,DEMINDELCBOI_MID,S101,2051,1.0
RE1,DEMINDELCBOI_MID,S101,2052,1.0
RE1,DEMINDELCBOI_MID,S101,2053,1.0
RE1,DEMINDELCBOI_MID,S101,2054,1.0
RE1,DEMINDELCBOI_MID,S101,2055,1.0
RE1,DEMINDELCBOI_MID,S102,2022,1.0
RE1,DEMINDELCBOI_MID,S102,2023,1.0
RE1,DEMINDELCBOI_MID,S102,2024,1.0
RE1,DEMINDELCBOI_MID,S102,2025,1.0
RE1,DEMINDELCBOI_MID,S102,2026,1.0
RE1,DEMINDELCBOI_MID,S102,2027,1.0
RE1,DEMINDELCBOI_MID,S102,2028,1.0
RE1,DEMINDELCBOI_MID,S102,2029,1.0
RE1,DEMINDELCBOI_MID,S102,2030,1.0
RE1,DEMINDELCBOI_MID,S102,2031,1.0
RE1,DEMINDELCBOI_MID,S102,2032,1.0
RE1,DEMINDELCBOI_MID,S102,2033,1.0
RE1,DEMINDELCBOI_MID,S102,2034,1.0
RE1,DEMINDELCBOI_MID,S102,2035,1.0
RE1,DEMINDELCBOI_MID,S102,2036,1.0
RE1,DEMINDELCBOI_MID,S102,2037,1.0
RE1,DEMINDELCBOI_MID,S102,2038,1.0
RE1,DEMINDELCBOI_MID,S102,2039,1.0
RE1,DEMINDELCBOI_MID,S102,2040,1.0
RE1,DEMINDELCBOI_MID,S102,2041,1.0
RE1,DEMINDELCBOI_MID,S102,2042,1.0
RE1,DEMINDELCBOI_MID,S102,2043,1.0
RE1,DEMINDELCBOI_MID,S102,2044,1.0
RE1,DEMINDELCBOI_MID,S102,2045,1.0
RE1,DEMINDELCBOI_MID,S102,2046,1.0
RE1,DEMINDELCBOI_MID,S102,2047,1.0
RE1,DEMINDELCBOI_MID,S102,2048,1.0
RE1,DEMINDELCBOI_MID,S102,2049,1.0
RE1,DEMINDELCBOI_MID,S102,2050,1.0
RE1,DEMINDELCBOI_MID,S102,2051,1.0
RE1,DEMINDELCBOI_MID,S102,2052,1.0
RE1,DEMINDELCBOI_MID,S102,2053,1.0
RE1,DEMINDELCBOI_MID,S102,2054,1.0
RE1,DEMINDELCBOI_MID,S102,2055,1.0
RE1,DEMINDELCFUR_HIG,S101,2022,1.0
RE1,DEMINDELCFUR_HIG,S101,2023,1.0
RE1,DEMINDELCFUR_HIG,S101,2024,1.0
RE1,DEMINDELCFUR_HIG,S101,2025,1.0
RE1,DEMINDELCFUR_HIG,S101,2026,1.0
RE1,DEMINDELCFUR_HIG,S101,2027,1.0
RE1,DEMINDELCFUR_HIG,S101,2028,1.0
RE1,DEMINDELCFUR_HIG,S101,2029,1.0
RE1,DEMINDELCFUR_HIG,S101,2030,1.0
RE1,DEMINDELCFUR_HIG,S101,2031,1.0
RE1,DEMINDELCFUR_HIG,S101,2032,1.0
RE1,DEMINDELCFUR_HIG,S101,2033,1.0
RE1,DEMINDELCFUR_HIG,S101,2034,1.0
RE1,DEMINDELCFUR_HIG,S101,2035,1.0
RE1,DEMINDELCFUR_HIG,S101,2036,1.0
RE1,DEMINDELCFUR_HIG,S101,2037,1.0
RE1,DEMINDELCFUR_HIG,S101,2038,1.0
RE1,DEMINDELCFUR_HIG,S101,2039,1.0
RE1,DEMINDELCFUR_HIG,S101,2040,1.0
RE1,DEMINDELCFUR_HIG,S101,2041,1.0
RE1,DEMINDELCFUR_HIG,S101,2042,1.0
RE1,DEMINDELCFUR_HIG,S101,2043,1.0
RE1,DEMINDELCFUR_HIG,S101,2044,1.0
RE1,DEMINDELCFUR_HIG,S101,2045,1.0
RE1,DEMINDELCFUR_HIG,S101,2046,1.0
RE1,DEMINDELCFUR_HIG,S101,2047,1.0
RE1,DEMINDELCFUR_HIG,S101,2048,1.0
RE1,DEMINDELCFUR_HIG,S101,2049,1.0
RE1,DEMINDELCFUR_HIG,S101,2050,1.0
RE1,DEMINDELCFUR_HIG,S101,2051,1.0
RE1,DEMINDELCFUR_HIG,S101,2052,1.0
RE1,DEMINDELCFUR_HIG,S101,2053,1.0
RE1,DEMINDELCFUR_HIG,S101,2054,1.0
RE1,DEMINDELCFUR_HIG,S101,2055,1.0
RE1,DEMINDELCFUR_HIG,S102,2022,1.0
RE1,DEMINDELCFUR_HIG,S102,2023,1.0
RE1,DEMINDELCFUR_HIG,S102,2024,1.0
RE1,DEMINDELCFUR_HIG,S102,2025,1.0
RE1,DEMINDELCFUR_HIG,S102,2026,1.0
RE1,DEMINDELCFUR_HIG,S102,2027,1.0
RE1,DEMINDELCFUR_HIG,S102,2028,1.0
RE1,DEMINDELCFUR_HIG,S102,2029,1.0
RE1,DEMINDELCFUR_HIG,S102,2030,1.0
RE1,DEMINDELCFUR_HIG,S102,2031,1.0
RE1,DEMINDELCFUR_HIG,S102,2032,1.0
RE1,DEMINDELCFUR_HIG,S102,2033,1.0
RE1,DEMINDELCFUR_HIG,S102,2034,1.0
RE1,DEMINDELCFUR_HIG,S102,2035,1.0
RE1,DEMINDELCFUR_HIG,S102,2036,1.0
RE1,DEMINDELCFUR_HIG,S102,2037,1.0
RE1,DEMINDELCFUR_HIG,S102,2038,1.0
RE1,DEMINDELCFUR_HIG,S102,2039,1.0
RE1,DEMINDELCFUR_HIG,S102,2040,1.0
RE1,DEMINDELCFUR_HIG,S102,2041,1.0
RE1,DEMINDELCFUR_HIG,S102,2042,1.0
RE1,DEMINDELCFUR_HIG,S102,2043,1.0
RE1,DEMINDELCFUR_HIG,S102,2044,1.0
RE1,DEMINDELCFUR_HIG,S102,2045,1.0
RE1,DEMINDELCFUR_HIG,S102,2046,1.0
RE1,DEMINDELCFUR_HIG,S102,2047,1.0
RE1,DEMINDELCFUR_HIG,S102,2048,1.0
RE1,DEMINDELCFUR_HIG,S102,2049,1.0
RE1,DEMINDELCFUR_HIG,S102,2050,1.0
RE1,DEMINDELCFUR_HIG,S102,2051,1.0
RE1,DEMINDELCFUR_HIG,S102,2052,1.0
RE1,DEMINDELCFUR_HIG,S102,2053,1.0
RE1,DEMINDELCFUR_HIG,S102,2054,1.0
RE1,DEMINDELCFUR_HIG,S102,2055,1.0
RE1,DEMINDELCFUR_LOW,S101,2022,1.0
RE1,DEMINDELCFUR_LOW,S101,2023,1.0
RE1,DEMINDELCFUR_LOW,S101,2024,1.0
RE1,DEMINDELCFUR_LOW,S101,2025,1.0
RE1,DEMINDELCFUR_LOW,S101,2026,1.0
RE1,DEMINDELCFUR_LOW,S101,2027,1.0
RE1,DEMINDELCFUR_LOW,S101,2028,1.0
RE1,DEMINDELCFUR_LOW,S101,2029,1.0
RE1,DEMINDELCFUR_LOW,S101,2030,1.0
RE1,DEMINDELCFUR_LOW,S101,2031,1.0
RE1,DEMINDELCFUR_LOW,S101,2032,1.0
RE1,DEMINDELCFUR_LOW,S101,2033,1.0
RE1,DEMINDELCFUR_LOW,S101,2034,1.0
RE1,DEMINDELCFUR_LOW,S101,2035,1.0
RE1,DEMINDELCFUR_LOW,S101,2036,1.0
RE1,DEMINDELCFUR_LOW,S101,2037,1.0
RE1,DEMINDELCFUR_LOW,S101,2038,1.0
RE1,DEMINDELCFUR_LOW,S101,2039,1.0
RE1,DEMINDELCFUR_LOW,S101,2040,1.0
RE1,DEMINDELCFUR_LOW,S101,2041,1.0
RE1,DEMINDELCFUR_LOW,S101,2042,1.0
RE1,DEMINDELCFUR_LOW,S101,2043,1.0
RE1,DEMINDELCFUR_LOW,S101,2044,1.0
RE1,DEMINDELCFUR_LOW,S101,2045,1.0
RE1,DEMINDELCFUR_LOW,S101,2046,1.0
RE1,DEMINDELCFUR_LOW,S101,2047,1.0
RE1,DEMINDELCFUR_LOW,S101,2048,1.0
RE1,DEMINDELCFUR_LOW,S101,2049,1.0
RE1,DEMINDELCFUR_LOW,S101,2050,1.0
RE1,DEMINDELCFUR_LOW,S101,2051,1.0
RE1,DEMINDELCFUR_LOW,S101,2052,1.0
RE1,DEMINDELCFUR_LOW,S101,2053,1.0
RE1,DEMINDELCFUR_LOW,S101,2054,1.0
RE1,DEMINDELCFUR_LOW,S101,2055,1.0
RE1,DEMINDELCFUR_LOW,S102,2022,1.0
RE1,DEMINDELCFUR_LOW,S102,2023,1.0
RE1,DEMINDELCFUR_LOW,S102,2024,1.0
RE1,DEMINDELCFUR_LOW,S102,2025,1.0
RE1,DEMINDELCFUR_LOW,S102,2026,1.0
RE1,DEMINDELCFUR_LOW,S102,2027,1.0
RE1,DEMINDELCFUR_LOW,S102,2028,1.0
RE1,DEMINDELCFUR_LOW,S102,2029,1.0
RE1,DEMINDELCFUR_LOW,S102,2030,1.0
RE1,DEMINDELCFUR_LOW,S102,2031,1.0
RE1,DEMINDELCFUR_LOW,S102,2032,1.0
RE1,DEMINDELCFUR_LOW,S102,2033,1.0
RE1,DEMINDELCFUR_LOW,S102,2034,1.0
RE1,DEMINDELCFUR_LOW,S102,2035,1.0
RE1,DEMINDELCFUR_LOW,S102,2036,1.0
RE1,DEMINDELCFUR_LOW,S102,2037,1.0
RE1,DEMINDELCFUR_LOW,S102,2038,1.0
RE1,DEMINDELCFUR_LOW,S102,2039,1.0
RE1,DEMINDELCFUR_LOW,S102,2040,1.0
RE1,DEMINDELCFUR_LOW,S102,2041,1.0
RE1,DEMINDELCFUR_LOW,S102,2042,1.0
RE1,DEMINDELCFUR_LOW,S102,2043,1.0
RE1,DEMINDELCFUR_LOW,S102,2044,1.0
RE1,DEMINDELCFUR_LOW,S102,2045,1.0
RE1,DEMINDELCFUR_LOW,S102,2046,1.0
RE1,DEMINDELCFUR_LOW,S102,2047,1.0
RE1,DEMINDELCFUR_LOW,S102,2048,1.0
RE1,DEMINDELCFUR_LOW,S102,2049,1.0
RE1,DEMINDELCFUR_LOW,S102,2050,1.0
RE1,DEMINDELCFUR_LOW,S102,2051,1.0
RE1,DEMINDELCFUR_LOW,S102,2052,1.0
RE1,DEMINDELCFUR_LOW,S102,2053,1.0
RE1,DEMINDELCFUR_LOW,S102,2054,1.0
RE1,DEMINDELCFUR_LOW,S102,2055,1.0
RE1,DEMINDELCFUR_MID,S101,2022,1.0
RE1,DEMINDELCFUR_MID,S101,2023,1.0
RE1,DEMINDELCFUR_MID,S101,2024,1.0
RE1,DEMINDELCFUR_MID,S101,2025,1.0
RE1,DEMINDELCFUR_MID,S101,2026,1.0
RE1,DEMINDELCFUR_MID,S101,2027,1.0
RE1,DEMINDELCFUR_MID,S101,2028,1.0
RE1,DEMINDELCFUR_MID,S101,2029,1.0
RE1,DEMINDELCFUR_MID,S101,2030,1.0
RE1,DEMINDELCFUR_MID,S101,2031,1.0
RE1,DEMINDELCFUR_MID,S101,2032,1.0
RE1,DEMINDELCFUR_MID,S101,2033,1.0
RE1,DEMINDELCFUR_MID,S101,2034,1.0
RE1,DEMINDELCFUR_MID,S101,2035,1.0
RE1,DEMINDELCFUR_MID,S101,2036,1.0
RE1,DEMINDELCFUR_MID,S101,2037,1.0
RE1,DEMINDELCFUR_MID,S101,2038,1.0
RE1,DEMINDELCFUR_MID,S101,2039,1.0
RE1,DEMINDELCFUR_MID,S101,2040,1.0
RE1,DEMINDELCFUR_MID,S101,2041,1.0
RE1,DEMINDELCFUR_MID,S101,2042,1.0
RE1,DEMINDELCFUR_MID,S101,2043,1.0
RE1,DEMINDELCFUR_MID,S101,2044,1.0
RE1,DEMINDELCFUR_MID,S101,2045,1.0
RE1,DEMINDELCFUR_MID,S101,2046,1.0
RE1,DEMINDELCFUR_MID,S101,2047,1.0
RE1,DEMINDELCFUR_MID,S101,2048,1.0
RE1,DEMINDELCFUR_MID,S101,2049,1.0
RE1,DEMINDELCFUR_MID,S101,2050,1.0
RE1,DEMINDELCFUR_MID,S101,2051,1.0
RE1,DEMINDELCFUR_MID,S101,2052,1.0
RE1,DEMINDELCFUR_MID,S101,2053,1.0
RE1,DEMINDELCFUR_MID,S101,2054,1.0
RE1,DEMINDELCFUR_MID,S101,2055,1.0
RE1,DEMINDELCFUR_MID,S102,2022,1.0
RE1,DEMINDELCFUR_MID,S102,2023,1.0
RE1,DEMINDELCFUR_MID,S102,2024,1.0
RE1,DEMINDELCFUR_MID,S102,2025,1.0
RE1,DEMINDELCFUR_MID,S102,2026,1.0
RE1,DEMINDELCFUR_MID,S102,2027,1.0
RE1,DEMINDELCFUR_MID,S102,2028,1.0
RE1,DEMINDELCFUR_MID,S102,2029,1.0
RE1,DEMINDELCFUR_MID,S102,2030,1.0
RE1,DEMINDELCFUR_MID,S102,2031,1.0
RE1,DEMINDELCFUR_MID,S102,2032,1.0
RE1,DEMINDELCFUR_MID,S102,2033,1.0
RE1,DEMINDELCFUR_MID,S102,2034,1.0
RE1,DEMINDELCFUR_MID,S102,2035,1.0
RE1,DEMINDELCFUR_MID,S102,2036,1.0
RE1,DEMINDELCFUR_MID,S102,2037,1.0
RE1,DEMINDELCFUR_MID,S102,2038,1.0
RE1,DEMINDELCFUR_MID,S102,2039,1.0
RE1,DEMINDELCFUR_MID,S102,2040,1.0
RE1,DEMINDELCFUR_MID,S102,2041,1.0
RE1,DEMINDELCFUR_MID,S102,2042,1.0
RE1,DEMINDELCFUR_MID,S102,2043,1.0
RE1,DEMINDELCFUR_MID,S102,2044,1.0
RE1,DEMINDELCFUR_MID,S102,2045,1.0
RE1,DEMINDELCFUR_MID,S102,2046,1.0
RE1,DEMINDELCFUR_MID,S102,2047,1.0
RE1,DEMINDELCFUR_MID,S102,2048,1.0
RE1,DEMINDELCFUR_MID,S102,2049,1.0
RE1,DEMINDELCFUR_MID,S102,2050,1.0
RE1,DEMINDELCFUR_MID,S102,2051,1.0
RE1,DEMINDELCFUR_MID,S102,2052,1.0
RE1,DEMINDELCFUR_MID,S102,2053,1.0
RE1,DEMINDELCFUR_MID,S102,2054,1.0
RE1,DEMINDELCFUR_MID,S102,2055,1.0
RE1,DEMINDELCILU_HIG,S101,2022,1.0
RE1,DEMINDELCILU_HIG,S101,2023,1.0
RE1,DEMINDELCILU_HIG,S101,2024,1.0
RE1,DEMINDELCILU_HIG,S101,2025,1.0
RE1,DEMINDELCILU_HIG,S101,2026,1.0
RE1,DEMINDELCILU_HIG,S101,2027,1.0
RE1,DEMINDELCILU_HIG,S101,2028,1.0
RE1,DEMINDELCILU_HIG,S101,2029,1.0
RE1,DEMINDELCILU_HIG,S101,2030,1.0
RE1,DEMINDELCILU_HIG,S101,2031,1.0
RE1,DEMINDELCILU_HIG,S101,2032,1.0
RE1,DEMINDELCILU_HIG,S101,2033,1.0
RE1,DEMINDELCILU_HIG,S101,2034,1.0
RE1,DEMINDELCILU_HIG,S101,2035,1.0
RE1,DEMINDELCILU_HIG,S101,2036,1.0
RE1,DEMINDELCILU_HIG,S101,2037,1.0
RE1,DEMINDELCILU_HIG,S101,2038,1.0
RE1,DEMINDELCILU_HIG,S101,2039,1.0
RE1,DEMINDELCILU_HIG,S101,2040,1.0
RE1,DEMINDELCILU_HIG,S101,2041,1.0
RE1,DEMINDELCILU_HIG,S101,2042,1.0
RE1,DEMINDELCILU_HIG,S101,2043,1.0
RE1,DEMINDELCILU_HIG,S101,2044,1.0
RE1,DEMINDELCILU_HIG,S101,2045,1.0
RE1,DEMINDELCILU_HIG,S101,2046,1.0
RE1,DEMINDELCILU_HIG,S101,2047,1.0
RE1,DEMINDELCILU_HIG,S101,2048,1.0
RE1,DEMINDELCILU_HIG,S101,2049,1.0
RE1,DEMINDELCILU_HIG,S101,2050,1.0
RE1,DEMINDELCILU_HIG,S101,2051,1.0
RE1,DEMINDELCILU_HIG,S101,2052,1.0
RE1,DEMINDELCILU_HIG,S101,2053,1.0
RE1,DEMINDELCILU_HIG,S101,2054,1.0
RE1,DEMINDELCILU_HIG,S101,2055,1.0
RE1,DEMINDELCILU_HIG,S102,2022,1.0
RE1,DEMINDELCILU_HIG,S102,2023,1.0
RE1,DEMINDELCILU_HIG,S102,2024,1.0
RE1,DEMINDELCILU_HIG,S102,2025,1.0
RE1,DEMINDELCILU_HIG,S102,2026,1.0
RE1,DEMINDELCILU_HIG,S102,2027,1.0
RE1,DEMINDELCILU_HIG,S102,2028,1.0
RE1,DEMINDELCILU_HIG,S102,2029,1.0
RE1,DEMINDELCILU_HIG,S102,2030,1.0
RE1,DEMINDELCILU_HIG,S102,2031,1.0
RE1,DEMINDELCILU_HIG,S102,2032,1.0
RE1,DEMINDELCILU_HIG,S102,2033,1.0
RE1,DEMINDELCILU_HIG,S102,2034,1.0
RE1,DEMINDELCILU_HIG,S102,2035,1.0
RE1,DEMINDELCILU_HIG,S102,2036,1.0
RE1,DEMINDELCILU_HIG,S102,2037,1.0
RE1,DEMINDELCILU_HIG,S102,2038,1.0
RE1,DEMINDELCILU_HIG,S102,2039,1.0
RE1,DEMINDELCILU_HIG,S102,2040,1.0
RE1,DEMINDELCILU_HIG,S102,2041,1.0
RE1,DEMINDELCILU_HIG,S102,2042,1.0
RE1,DEMINDELCILU_HIG,S102,2043,1.0
RE1,DEMINDELCILU_HIG,S102,2044,1.0
RE1,DEMINDELCILU_HIG,S102,2045,1.0
RE1,DEMINDELCILU_HIG,S102,2046,1.0
RE1,DEMINDELCILU_HIG,S102,2047,1.0
RE1,DEMINDELCILU_HIG,S102,2048,1.0
RE1,DEMINDELCILU_HIG,S102,2049,1.0
RE1,DEMINDELCILU_HIG,S102,2050,1.0
RE1,DEMINDELCILU_HIG,S102,2051,1.0
RE1,DEMINDELCILU_HIG,S102,2052,1.0
RE1,DEMINDELCILU_HIG,S102,2053,1.0
RE1,DEMINDELCILU_HIG,S102,2054,1.0
RE1,DEMINDELCILU_HIG,S102,2055,1.0
RE1,DEMINDELCILU_LOW,S101,2022,1.0
RE1,DEMINDELCILU_LOW,S101,2023,1.0
RE1,DEMINDELCILU_LOW,S101,2024,1.0
RE1,DEMINDELCILU_LOW,S101,2025,1.0
RE1,DEMINDELCILU_LOW,S101,2026,1.0
RE1,DEMINDELCILU_LOW,S101,2027,1.0
RE1,DEMINDELCILU_LOW,S101,2028,1.0
RE1,DEMINDELCILU_LOW,S101,2029,1.0
RE1,DEMINDELCILU_LOW,S101,2030,1.0
RE1,DEMINDELCILU_LOW,S101,2031,1.0
RE1,DEMINDELCILU_LOW,S101,2032,1.0
RE1,DEMINDELCILU_LOW,S101,2033,1.0
RE1,DEMINDELCILU_LOW,S101,2034,1.0
RE1,DEMINDELCILU_LOW,S101,2035,1.0
RE1,DEMINDELCILU_LOW,S101,2036,1.0
RE1,DEMINDELCILU_LOW,S101,2037,1.0
RE1,DEMINDELCILU_LOW,S101,2038,1.0
RE1,DEMINDELCILU_LOW,S101,2039,1.0
RE1,DEMINDELCILU_LOW,S101,2040,1.0
RE1,DEMINDELCILU_LOW,S101,2041,1.0
RE1,DEMINDELCILU_LOW,S101,2042,1.0
RE1,DEMINDELCILU_LOW,S101,2043,1.0
RE1,DEMINDELCILU_LOW,S101,2044,1.0
RE1,DEMINDELCILU_LOW,S101,2045,1.0
RE1,DEMINDELCILU_LOW,S101,2046,1.0
RE1,DEMINDELCILU_LOW,S101,2047,1.0
RE1,DEMINDELCILU_LOW,S101,2048,1.0
RE1,DEMINDELCILU_LOW,S101,2049,1.0
RE1,DEMINDELCILU_LOW,S101,2050,1.0
RE1,DEMINDELCILU_LOW,S101,2051,1.0
RE1,DEMINDELCILU_LOW,S101,2052,1.0
RE1,DEMINDELCILU_LOW,S101,2053,1.0
RE1,DEMINDELCILU_LOW,S101,2054,1.0
RE1,DEMINDELCILU_LOW,S101,2055,1.0
RE1,DEMINDELCILU_LOW,S102,2022,1.0
RE1,DEMINDELCILU_LOW,S102,2023,1.0
RE1,DEMINDELCILU_LOW,S102,2024,1.0
RE1,DEMINDELCILU_LOW,S102,2025,1.0
RE1,DEMINDELCILU_LOW,S102,2026,1.0
RE1,DEMINDELCILU_LOW,S102,2027,1.0
RE1,DEMINDELCILU_LOW,S102,2028,1.0
RE1,DEMINDELCILU_LOW,S102,2029,1.0
RE1,DEMINDELCILU_LOW,S102,2030,1.0
RE1,DEMINDELCILU_LOW,S102,2031,1.0
RE1,DEMINDELCILU_LOW,S102,2032,1.0
RE1,DEMINDELCILU_LOW,S102,2033,1.0
RE1,DEMINDELCILU_LOW,S102,2034,1.0
RE1,DEMINDELCILU_LOW,S102,2035,1.0
RE1,DEMINDELCILU_LOW,S102,2036,1.0
RE1,DEMINDELCILU_LOW,S102,2037,1.0
RE1,DEMINDELCILU_LOW,S102,2038,1.0
RE1,DEMINDELCILU_LOW,S102,2039,1.0
RE1,DEMINDELCILU_LOW,S102,2040,1.0
RE1,DEMINDELCILU_LOW,S102,2041,1.0
RE1,DEMINDELCILU_LOW,S102,2042,1.0
RE1,DEMINDELCILU_LOW,S102,2043,1.0
RE1,DEMINDELCILU_LOW,S102,2044,1.0
RE1,DEMINDELCILU_LOW,S102,2045,1.0
RE1,DEMINDELCILU_LOW,S102,2046,1.0
RE1,DEMINDELCILU_LOW,S102,2047,1.0
RE1,DEMINDELCILU_LOW,S102,2048,1.0
RE1,DEMINDELCILU_LOW,S102,2049,1.0
RE1,DEMINDELCILU_LOW,S102,2050,1.0
RE1,DEMINDELCILU_LOW,S102,2051,1.0
RE1,DEMINDELCILU_LOW,S102,2052,1.0
RE1,DEMINDELCILU_LOW,S102,2053,1.0
RE1,DEMINDELCILU_LOW,S102,2054,1.0
RE1,DEMINDELCILU_LOW,S102,2055,1.0
RE1,DEMINDELCILU_MID,S101,2022,1.0
RE1,DEMINDELCILU_MID,S101,2023,1.0
RE1,DEMINDELCILU_MID,S101,2024,1.0
RE1,DEMINDELCILU_MID,S101,2025,1.0
RE1,DEMINDELCILU_MID,S101,2026,1.0
RE1,DEMINDELCILU_MID,S101,2027,1.0
RE1,DEMINDELCILU_MID,S101,2028,1.0
RE1,DEMINDELCILU_MID,S101,2029,1.0
RE1,DEMINDELCILU_MID,S101,2030,1.0
RE1,DEMINDELCILU_MID,S101,2031,1.0
RE1,DEMINDELCILU_MID,S101,2032,1.0
RE1,DEMINDELCILU_MID,S101,2033,1.0
RE1,DEMINDELCILU_MID,S101,2034,1.0
RE1,DEMINDELCILU_MID,S101,2035,1.0
RE1,DEMINDELCILU_MID,S101,2036,1.0
RE1,DEMINDELCILU_MID,S101,2037,1.0
RE1,DEMINDELCILU_MID,S101,2038,1.0
RE1,DEMINDELCILU_MID,S101,2039,1.0
RE1,DEMINDELCILU_MID,S101,2040,1.0
RE1,DEMINDELCILU_MID,S101,2041,1.0
RE1,DEMINDELCILU_MID,S101,2042,1.0
RE1,DEMINDELCILU_MID,S101,2043,1.0
RE1,DEMINDELCILU_MID,S101,2044,1.0
RE1,DEMINDELCILU_MID,S101,2045,1.0
RE1,DEMINDELCILU_MID,S101,2046,1.0
RE1,DEMINDELCILU_MID,S101,2047,1.0
RE1,DEMINDELCILU_MID,S101,2048,1.0
RE1,DEMINDELCILU_MID,S101,2049,1.0
RE1,DEMINDELCILU_MID,S101,2050,1.0
RE1,DEMINDELCILU_MID,S101,2051,1.0
RE1,DEMINDELCILU_MID,S101,2052,1.0
RE1,DEMINDELCILU_MID,S101,2053,1.0
RE1,DEMINDELCILU_MID,S101,2054,1.0
RE1,DEMINDELCILU_MID,S101,2055,1.0
RE1,DEMINDELCILU_MID,S102,2022,1.0
RE1,DEMINDELCILU_MID,S102,2023,1.0
RE1,DEMINDELCILU_MID,S102,2024,1.0
RE1,DEMINDELCILU_MID,S102,2025,1.0
RE1,DEMINDELCILU_MID,S102,2026,1.0
RE1,DEMINDELCILU_MID,S102,2027,1.0
RE1,DEMINDELCILU_MID,S102,2028,1.0
RE1,DEMINDELCILU_MID,S102,2029,1.0
RE1,DEMINDELCILU_MID,S102,2030,1.0
RE1,DEMINDELCILU_MID,S102,2031,1.0
RE1,DEMINDELCILU_MID,S102,2032,1.0
RE1,DEMINDELCILU_MID,S102,2033,1.0
RE1,DEMINDELCILU_MID,S102,2034,1.0
RE1,DEMINDELCILU_MID,S102,2035,1.0
RE1,DEMINDELCILU_MID,S102,2036,1.0
RE1,DEMINDELCILU_MID,S102,2037,1.0
RE1,DEMINDELCILU_MID,S102,2038,1.0
RE1,DEMINDELCILU_MID,S102,2039,1.0
RE1,DEMINDELCILU_MID,S102,2040,1.0
RE1,DEMINDELCILU_MID,S102,2041,1.0
RE1,DEMINDELCILU_MID,S102,2042,1.0
RE1,DEMINDELCILU_MID,S102,2043,1.0
RE1,DEMINDELCILU_MID,S102,2044,1.0
RE1,DEMINDELCILU_MID,S102,2045,1.0
RE1,DEMINDELCILU_MID,S102,2046,1.0
RE1,DEMINDELCILU_MID,S102,2047,1.0
RE1,DEMINDELCILU_MID,S102,2048,1.0
RE1,DEMINDELCILU_MID,S102,2049,1.0
RE1,DEMINDELCILU_MID,S102,2050,1.0
RE1,DEMINDELCILU_MID,S102,2051,1.0
RE1,DEMINDELCILU_MID,S102,2052,1.0
RE1,DEMINDELCILU_MID,S102,2053,1.0
RE1,DEMINDELCILU_MID,S102,2054,1.0
RE1,DEMINDELCILU_MID,S102,2055,1.0
RE1,DEMINDELCMPW_HIG,S101,2022,1.0
RE1,DEMINDELCMPW_HIG,S101,2023,1.0
RE1,DEMINDELCMPW_HIG,S101,2024,1.0
RE1,DEMINDELCMPW_HIG,S101,2025,1.0
RE1,DEMINDELCMPW_HIG,S101,2026,1.0
RE1,DEMINDELCMPW_HIG,S101,2027,1.0
RE1,DEMINDELCMPW_HIG,S101,2028,1.0
RE1,DEMINDELCMPW_HIG,S101,2029,1.0
RE1,DEMINDELCMPW_HIG,S101,2030,1.0
RE1,DEMINDELCMPW_HIG,S101,2031,1.0
RE1,DEMINDELCMPW_HIG,S101,2032,1.0
RE1,DEMINDELCMPW_HIG,S101,2033,1.0
RE1,DEMINDELCMPW_HIG,S101,2034,1.0
RE1,DEMINDELCMPW_HIG,S101,2035,1.0
RE1,DEMINDELCMPW_HIG,S101,2036,1.0
RE1,DEMINDELCMPW_HIG,S101,2037,1.0
RE1,DEMINDELCMPW_HIG,S101,2038,1.0
RE1,DEMINDELCMPW_HIG,S101,2039,1.0
RE1,DEMINDELCMPW_HIG,S101,2040,1.0
RE1,DEMINDELCMPW_HIG,S101,2041,1.0
RE1,DEMINDELCMPW_HIG,S101,2042,1.0
RE1,DEMINDELCMPW_HIG,S101,2043,1.0
RE1,DEMINDELCMPW_HIG,S101,2044,1.0
RE1,DEMINDELCMPW_HIG,S101,2045,1.0
RE1,DEMINDELCMPW_HIG,S101,2046,1.0
RE1,DEMINDELCMPW_HIG,S101,2047,1.0
RE1,DEMINDELCMPW_HIG,S101,2048,1.0
RE1,DEMINDELCMPW_HIG,S101,2049,1.0
RE1,DEMINDELCMPW_HIG,S101,2050,1.0
RE1,DEMINDELCMPW_HIG,S101,2051,1.0
RE1,DEMINDELCMPW_HIG,S101,2052,1.0
RE1,DEMINDELCMPW_HIG,S101,2053,1.0
RE1,DEMINDELCMPW_HIG,S101,2054,1.0
RE1,DEMINDELCMPW_HIG,S101,2055,1.0
RE1,DEMINDELCMPW_HIG,S102,2022,1.0
RE1,DEMINDELCMPW_HIG,S102,2023,1.0
RE1,DEMINDELCMPW_HIG,S102,2024,1.0
RE1,DEMINDELCMPW_HIG,S102,2025,1.0
RE1,DEMINDELCMPW_HIG,S102,2026,1.0
RE1,DEMINDELCMPW_HIG,S102,2027,1.0
RE1,DEMINDELCMPW_HIG,S102,2028,1.0
RE1,DEMINDELCMPW_HIG,S102,2029,1.0
RE1,DEMINDELCMPW_HIG,S102,2030,1.0
RE1,DEMINDELCMPW_HIG,S102,2031,1.0
RE1,DEMINDELCMPW_HIG,S102,2032,1.0
RE1,DEMINDELCMPW_HIG,S102,2033,1.0
RE1,DEMINDELCMPW_HIG,S102,2034,1.0
RE1,DEMINDELCMPW_HIG,S102,2035,1.0
RE1,DEMINDELCMPW_HIG,S102,2036,1.0
RE1,DEMINDELCMPW_HIG,S102,2037,1.0
RE1,DEMINDELCMPW_HIG,S102,2038,1.0
RE1,DEMINDELCMPW_HIG,S102,2039,1.0
RE1,DEMINDELCMPW_HIG,S102,2040,1.0
RE1,DEMINDELCMPW_HIG,S102,2041,1.0
RE1,DEMINDELCMPW_HIG,S102,2042,1.0
RE1,DEMINDELCMPW_HIG,S102,2043,1.0
RE1,DEMINDELCMPW_HIG,S102,2044,1.0
RE1,DEMINDELCMPW_HIG,S102,2045,1.0
RE1,DEMINDELCMPW_HIG,S102,2046,1.0
RE1,DEMINDELCMPW_HIG,S102,2047,1.0
RE1,DEMINDELCMPW_HIG,S102,2048,1.0
RE1,DEMINDELCMPW_HIG,S102,2049,1.0
RE1,DEMINDELCMPW_HIG,S102,2050,1.0
RE1,DEMINDELCMPW_HIG,S102,2051,1.0
RE1,DEMINDELCMPW_HIG,S102,2052,1.0
RE1,DEMINDELCMPW_HIG,S102,2053,1.0
RE1,DEMINDELCMPW_HIG,S102,2054,1.0
RE1,DEMINDELCMPW_HIG,S102,2055,1.0
RE1,DEMINDELCMPW_LOW,S101,2022,1.0
RE1,DEMINDELCMPW_LOW,S101,2023,1.0
RE1,DEMINDELCMPW_LOW,S101,2024,1.0
RE1,DEMINDELCMPW_LOW,S101,2025,1.0
RE1,DEMINDELCMPW_LOW,S101,2026,1.0
RE1,DEMINDELCMPW_LOW,S101,2027,1.0
RE1,DEMINDELCMPW_LOW,S101,2028,1.0
RE1,DEMINDELCMPW_LOW,S101,2029,1.0
RE1,DEMINDELCMPW_LOW,S101,2030,1.0
RE1,DEMINDELCMPW_LOW,S101,2031,1.0
RE1,DEMINDELCMPW_LOW,S101,2032,1.0
RE1,DEMINDELCMPW_LOW,S101,2033,1.0
RE1,DEMINDELCMPW_LOW,S101,2034,1.0
RE1,DEMINDELCMPW_LOW,S101,2035,1.0
RE1,DEMINDELCMPW_LOW,S101,2036,1.0
RE1,DEMINDELCMPW_LOW,S101,2037,1.0
RE1,DEMINDELCMPW_LOW,S101,2038,1.0
RE1,DEMINDELCMPW_LOW,S101,2039,1.0
RE1,DEMINDELCMPW_LOW,S101,2040,1.0
RE1,DEMINDELCMPW_LOW,S101,2041,1.0
RE1,DEMINDELCMPW_LOW,S101,2042,1.0
RE1,DEMINDELCMPW_LOW,S101,2043,1.0
RE1,DEMINDELCMPW_LOW,S101,2044,1.0
RE1,DEMINDELCMPW_LOW,S101,2045,1.0
RE1,DEMINDELCMPW_LOW,S101,2046,1.0
RE1,DEMINDELCMPW_LOW,S101,2047,1.0
RE1,DEMINDELCMPW_LOW,S101,2048,1.0
RE1,DEMINDELCMPW_LOW,S101,2049,1.0
RE1,DEMINDELCMPW_LOW,S101,2050,1.0
RE1,DEMINDELCMPW_LOW,S101,2051,1.0
RE1,DEMINDELCMPW_LOW,S101,2052,1.0
RE1,DEMINDELCMPW_LOW,S101,2053,1.0
RE1,DEMINDELCMPW_LOW,S101,2054,1.0
RE1,DEMINDELCMPW_LOW,S101,2055,1.0
RE1,DEMINDELCMPW_LOW,S102,2022,1.0
RE1,DEMINDELCMPW_LOW,S102,2023,1.0
RE1,DEMINDELCMPW_LOW,S102,2024,1.0
RE1,DEMINDELCMPW_LOW,S102,2025,1.0
RE1,DEMINDELCMPW_LOW,S102,2026,1.0
RE1,DEMINDELCMPW_LOW,S102,2027,1.0
RE1,DEMINDELCMPW_LOW,S102,2028,1.0
RE1,DEMINDELCMPW_LOW,S102,2029,1.0
RE1,DEMINDELCMPW_LOW,S102,2030,1.0
RE1,DEMINDELCMPW_LOW,S102,2031,1.0
RE1,DEMINDELCMPW_LOW,S102,2032,1.0
RE1,DEMINDELCMPW_LOW,S102,2033,1.0
RE1,DEMINDELCMPW_LOW,S102,2034,1.0
RE1,DEMINDELCMPW_LOW,S102,2035,1.0
RE1,DEMINDELCMPW_LOW,S102,2036,1.0
RE1,DEMINDELCMPW_LOW,S102,2037,1.0
RE1,DEMINDELCMPW_LOW,S102,2038,1.0
RE1,DEMINDELCMPW_LOW,S102,2039,1.0
RE1,DEMINDELCMPW_LOW,S102,2040,1.0
RE1,DEMINDELCMPW_LOW,S102,2041,1.0
RE1,DEMINDELCMPW_LOW,S102,2042,1.0
RE1,DEMINDELCMPW_LOW,S102,2043,1.0
RE1,DEMINDELCMPW_LOW,S102,2044,1.0
RE1,DEMINDELCMPW_LOW,S102,2045,1.0
RE1,DEMINDELCMPW_LOW,S102,2046,1.0
RE1,DEMINDELCMPW_LOW,S102,2047,1.0
RE1,DEMINDELCMPW_LOW,S102,2048,1.0
RE1,DEMINDELCMPW_LOW,S102,2049,1.0
RE1,DEMINDELCMPW_LOW,S102,2050,1.0
RE1,DEMINDELCMPW_LOW,S102,2051,1.0
RE1,DEMINDELCMPW_LOW,S102,2052,1.0
RE1,DEMINDELCMPW_LOW,S102,2053,1.0
RE1,DEMINDELCMPW_LOW,S102,2054,1.0
RE1,DEMINDELCMPW_LOW,S102,2055,1.0
RE1,DEMINDELCMPW_MID,S101,2022,1.0
RE1,DEMINDELCMPW_MID,S101,2023,1.0
RE1,DEMINDELCMPW_MID,S101,2024,1.0
RE1,DEMINDELCMPW_MID,S101,2025,1.0
RE1,DEMINDELCMPW_MID,S101,2026,1.0
RE1,DEMINDELCMPW_MID,S101,2027,1.0
RE1,DEMINDELCMPW_MID,S101,2028,1.0
RE1,DEMINDELCMPW_MID,S101,2029,1.0
RE1,DEMINDELCMPW_MID,S101,2030,1.0
RE1,DEMINDELCMPW_MID,S101,2031,1.0
RE1,DEMINDELCMPW_MID,S101,2032,1.0
RE1,DEMINDELCMPW_MID,S101,2033,1.0
RE1,DEMINDELCMPW_MID,S101,2034,1.0
RE1,DEMINDELCMPW_MID,S101,2035,1.0
RE1,DEMINDELCMPW_MID,S101,2036,1.0
RE1,DEMINDELCMPW_MID,S101,2037,1.0
RE1,DEMINDELCMPW_MID,S101,2038,1.0
RE1,DEMINDELCMPW_MID,S101,2039,1.0
RE1,DEMINDELCMPW_MID,S101,2040,1.0
RE1,DEMINDELCMPW_MID,S101,2041,1.0
RE1,DEMINDELCMPW_MID,S101,2042,1.0
RE1,DEMINDELCMPW_MID,S101,2043,1.0
RE1,DEMINDELCMPW_MID,S101,2044,1.0
RE1,DEMINDELCMPW_MID,S101,2045,1.0
RE1,DEMINDELCMPW_MID,S101,2046,1.0
RE1,DEMINDELCMPW_MID,S101,2047,1.0
RE1,DEMINDELCMPW_MID,S101,2048,1.0
RE1,DEMINDELCMPW_MID,S101,2049,1.0
RE1,DEMINDELCMPW_MID,S101,2050,1.0
RE1,DEMINDELCMPW_MID,S101,2051,1.0
RE1,DEMINDELCMPW_MID,S101,2052,1.0
RE1,DEMINDELCMPW_MID,S101,2053,1.0
RE1,DEMINDELCMPW_MID,S101,2054,1.0
RE1,DEMINDELCMPW_MID,S101,2055,1.0
RE1,DEMINDELCMPW_MID,S102,2022,1.0
RE1,DEMINDELCMPW_MID,S102,2023,1.0
RE1,DEMINDELCMPW_MID,S102,2024,1.0
RE1,DEMINDELCMPW_MID,S102,2025,1.0
RE1,DEMINDELCMPW_MID,S102,2026,1.0
RE1,DEMINDELCMPW_MID,S102,2027,1.0
RE1,DEMINDELCMPW_MID,S102,2028,1.0
RE1,DEMINDELCMPW_MID,S102,2029,1.0
RE1,DEMINDELCMPW_MID,S102,2030,1.0
RE1,DEMINDELCMPW_MID,S102,2031,1.0
RE1,DEMINDELCMPW_MID,S102,2032,1.0
RE1,DEMINDELCMPW_MID,S102,2033,1.0
RE1,DEMINDELCMPW_MID,S102,2034,1.0
RE1,DEMINDELCMPW_MID,S102,2035,1.0
RE1,DEMINDELCMPW_MID,S102,2036,1.0
RE1,DEMINDELCMPW_MID,S102,2037,1.0
RE1,DEMINDELCMPW_MID,S102,2038,1.0
RE1,DEMINDELCMPW_MID,S102,2039,1.0
RE1,DEMINDELCMPW_MID,S102,2040,1.0
RE1,DEMINDELCMPW_MID,S102,2041,1.0
RE1,DEMINDELCMPW_MID,S102,2042,1.0
RE1,DEMINDELCMPW_MID,S102,2043,1.0
RE1,DEMINDELCMPW_MID,S102,2044,1.0
RE1,DEMINDELCMPW_MID,S102,2045,1.0
RE1,DEMINDELCMPW_MID,S102,2046,1.0
RE1,DEMINDELCMPW_MID,S102,2047,1.0
RE1,DEMINDELCMPW_MID,S102,2048,1.0
RE1,DEMINDELCMPW_MID,S102,2049,1.0
RE1,DEMINDELCMPW_MID,S102,2050,1.0
RE1,DEMINDELCMPW_MID,S102,2051,1.0
RE1,DEMINDELCMPW_MID,S102,2052,1.0
RE1,DEMINDELCMPW_MID,S102,2053,1.0
RE1,DEMINDELCMPW_MID,S102,2054,1.0
RE1,DEMINDELCMPW_MID,S102,2055,1.0
RE1,DEMINDELCOTH_HIG,S101,2022,1.0
RE1,DEMINDELCOTH_HIG,S101,2023,1.0
RE1,DEMINDELCOTH_HIG,S101,2024,1.0
RE1,DEMINDELCOTH_HIG,S101,2025,1.0
RE1,DEMINDELCOTH_HIG,S101,2026,1.0
RE1,DEMINDELCOTH_HIG,S101,2027,1.0
RE1,DEMINDELCOTH_HIG,S101,2028,1.0
RE1,DEMINDELCOTH_HIG,S101,2029,1.0
RE1,DEMINDELCOTH_HIG,S101,2030,1.0
RE1,DEMINDELCOTH_HIG,S101,2031,1.0
RE1,DEMINDELCOTH_HIG,S101,2032,1.0
RE1,DEMINDELCOTH_HIG,S101,2033,1.0
RE1,DEMINDELCOTH_HIG,S101,2034,1.0
RE1,DEMINDELCOTH_HIG,S101,2035,1.0
RE1,DEMINDELCOTH_HIG,S101,2036,1.0
RE1,DEMINDELCOTH_HIG,S101,2037,1.0
RE1,DEMINDELCOTH_HIG,S101,2038,1.0
RE1,DEMINDELCOTH_HIG,S101,2039,1.0
RE1,DEMINDELCOTH_HIG,S101,2040,1.0
RE1,DEMINDELCOTH_HIG,S101,2041,1.0
RE1,DEMINDELCOTH_HIG,S101,2042,1.0
RE1,DEMINDELCOTH_HIG,S101,2043,1.0
RE1,DEMINDELCOTH_HIG,S101,2044,1.0
RE1,DEMINDELCOTH_HIG,S101,2045,1.0
RE1,DEMINDELCOTH_HIG,S101,2046,1.0
RE1,DEMINDELCOTH_HIG,S101,2047,1.0
RE1,DEMINDELCOTH_HIG,S101,2048,1.0
RE1,DEMINDELCOTH_HIG,S101,2049,1.0
RE1,DEMINDELCOTH_HIG,S101,2050,1.0
RE1,DEMINDELCOTH_HIG,S101,2051,1.0
RE1,DEMINDELCOTH_HIG,S101,2052,1.0
RE1,DEMINDELCOTH_HIG,S101,2053,1.0
RE1,DEMINDELCOTH_HIG,S101,2054,1.0
RE1,DEMINDELCOTH_HIG,S101,2055,1.0
RE1,DEMINDELCOTH_HIG,S102,2022,1.0
RE1,DEMINDELCOTH_HIG,S102,2023,1.0
RE1,DEMINDELCOTH_HIG,S102,2024,1.0
RE1,DEMINDELCOTH_HIG,S102,2025,1.0
RE1,DEMINDELCOTH_HIG,S102,2026,1.0
RE1,DEMINDELCOTH_HIG,S102,2027,1.0
RE1,DEMINDELCOTH_HIG,S102,2028,1.0
RE1,DEMINDELCOTH_HIG,S102,2029,1.0
RE1,DEMINDELCOTH_HIG,S102,2030,1.0
RE1,DEMINDELCOTH_HIG,S102,2031,1.0
RE1,DEMINDELCOTH_HIG,S102,2032,1.0
RE1,DEMINDELCOTH_HIG,S102,2033,1.0
RE1,DEMINDELCOTH_HIG,S102,2034,1.0
RE1,DEMINDELCOTH_HIG,S102,2035,1.0
RE1,DEMINDELCOTH_HIG,S102,2036,1.0
RE1,DEMINDELCOTH_HIG,S102,2037,1.0
RE1,DEMINDELCOTH_HIG,S102,2038,1.0
RE1,DEMINDELCOTH_HIG,S102,2039,1.0
RE1,DEMINDELCOTH_HIG,S102,2040,1.0
RE1,DEMINDELCOTH_HIG,S102,2041,1.0
RE1,DEMINDELCOTH_HIG,S102,2042,1.0
RE1,DEMINDELCOTH_HIG,S102,2043,1.0
RE1,DEMINDELCOTH_HIG,S102,2044,1.0
RE1,DEMINDELCOTH_HIG,S102,2045,1.0
RE1,DEMINDELCOTH_HIG,S102,2046,1.0
RE1,DEMINDELCOTH_HIG,S102,2047,1.0
RE1,DEMINDELCOTH_HIG,S102,2048,1.0
RE1,DEMINDELCOTH_HIG,S102,2049,1.0
RE1,DEMINDELCOTH_HIG,S102,2050,1.0
RE1,DEMINDELCOTH_HIG,S102,2051,1.0
RE1,DEMINDELCOTH_HIG,S102,2052,1.0
RE1,DEMINDELCOTH_HIG,S102,2053,1.0
RE1,DEMINDELCOTH_HIG,S102,2054,1.0
RE1,DEMINDELCOTH_HIG,S102,2055,1.0
RE1,DEMINDELCOTH_LOW,S101,2022,1.0
RE1,DEMINDELCOTH_LOW,S101,2023,1.0
RE1,DEMINDELCOTH_LOW,S101,2024,1.0
RE1,DEMINDELCOTH_LOW,S101,2025,1.0
RE1,DEMINDELCOTH_LOW,S101,2026,1.0
RE1,DEMINDELCOTH_LOW,S101,2027,1.0
RE1,DEMINDELCOTH_LOW,S101,2028,1.0
RE1,DEMINDELCOTH_LOW,S101,2029,1.0
RE1,DEMINDELCOTH_LOW,S101,2030,1.0
RE1,DEMINDELCOTH_LOW,S101,2031,1.0
RE1,DEMINDELCOTH_LOW,S101,2032,1.0
RE1,DEMINDELCOTH_LOW,S101,2033,1.0
RE1,DEMINDELCOTH_LOW,S101,2034,1.0
RE1,DEMINDELCOTH_LOW,S101,2035,1.0
RE1,DEMINDELCOTH_LOW,S101,2036,1.0
RE1,DEMINDELCOTH_LOW,S101,2037,1.0
RE1,DEMINDELCOTH_LOW,S101,2038,1.0
RE1,DEMINDELCOTH_LOW,S101,2039,1.0
RE1,DEMINDELCOTH_LOW,S101,2040,1.0
RE1,DEMINDELCOTH_LOW,S101,2041,1.0
RE1,DEMINDELCOTH_LOW,S101,2042,1.0
RE1,DEMINDELCOTH_LOW,S101,2043,1.0
RE1,DEMINDELCOTH_LOW,S101,2044,1.0
RE1,DEMINDELCOTH_LOW,S101,2045,1.0
RE1,DEMINDELCOTH_LOW,S101,2046,1.0
RE1,DEMINDELCOTH_LOW,S101,2047,1.0
RE1,DEMINDELCOTH_LOW,S101,2048,1.0
RE1,DEMINDELCOTH_LOW,S101,2049,1.0
RE1,DEMINDELCOTH_LOW,S101,2050,1.0
RE1,DEMINDELCOTH_LOW,S101,2051,1.0
RE1,DEMINDELCOTH_LOW,S101,2052,1.0
RE1,DEMINDELCOTH_LOW,S101,2053,1.0
RE1,DEMINDELCOTH_LOW,S101,2054,1.0
RE1,DEMINDELCOTH_LOW,S101,2055,1.0
RE1,DEMINDELCOTH_LOW,S102,2022,1.0
RE1,DEMINDELCOTH_LOW,S102,2023,1.0
RE1,DEMINDELCOTH_LOW,S102,2024,1.0
RE1,DEMINDELCOTH_LOW,S102,2025,1.0
RE1,DEMINDELCOTH_LOW,S102,2026,1.0
RE1,DEMINDELCOTH_LOW,S102,2027,1.0
RE1,DEMINDELCOTH_LOW,S102,2028,1.0
RE1,DEMINDELCOTH_LOW,S102,2029,1.0
RE1,DEMINDELCOTH_LOW,S102,2030,1.0
RE1,DEMINDELCOTH_LOW,S102,2031,1.0
RE1,DEMINDELCOTH_LOW,S102,2032,1.0
RE1,DEMINDELCOTH_LOW,S102,2033,1.0
RE1,DEMINDELCOTH_LOW,S102,2034,1.0
RE1,DEMINDELCOTH_LOW,S102,2035,1.0
RE1,DEMINDELCOTH_LOW,S102,2036,1.0
RE1,DEMINDELCOTH_LOW,S102,2037,1.0
RE1,DEMINDELCOTH_LOW,S102,2038,1.0
RE1,DEMINDELCOTH_LOW,S102,2039,1.0
RE1,DEMINDELCOTH_LOW,S102,2040,1.0
RE1,DEMINDELCOTH_LOW,S102,2041,1.0
RE1,DEMINDELCOTH_LOW,S102,2042,1.0
RE1,DEMINDELCOTH_LOW,S102,2043,1.0
RE1,DEMINDELCOTH_LOW,S102,2044,1.0
RE1,DEMINDELCOTH_LOW,S102,2045,1.0
RE1,DEMINDELCOTH_LOW,S102,2046,1.0
RE1,DEMINDELCOTH_LOW,S102,2047,1.0
RE1,DEMINDELCOTH_LOW,S102,2048,1.0
RE1,DEMINDELCOTH_LOW,S102,2049,1.0
RE1,DEMINDELCOTH_LOW,S102,2050,1.0
RE1,DEMINDELCOTH_LOW,S102,2051,1.0
RE1,DEMINDELCOTH_LOW,S102,2052,1.0
RE1,DEMINDELCOTH_LOW,S102,2053,1.0
RE1,DEMINDELCOTH_LOW,S102,2054,1.0
RE1,DEMINDELCOTH_LOW,S102,2055,1.0
RE1,DEMINDELCOTH_MID,S101,2022,1.0
RE1,DEMINDELCOTH_MID,S101,2023,1.0
RE1,DEMINDELCOTH_MID,S101,2024,1.0
RE1,DEMINDELCOTH_MID,S101,2025,1.0
RE1,DEMINDELCOTH_MID,S101,2026,1.0
RE1,DEMINDELCOTH_MID,S101,2027,1.0
RE1,DEMINDELCOTH_MID,S101,2028,1.0
RE1,DEMINDELCOTH_MID,S101,2029,1.0
RE1,DEMINDELCOTH_MID,S101,2030,1.0
RE1,DEMINDELCOTH_MID,S101,2031,1.0
RE1,DEMINDELCOTH_MID,S101,2032,1.0
RE1,DEMINDELCOTH_MID,S101,2033,1.0
RE1,DEMINDELCOTH_MID,S101,2034,1.0
RE1,DEMINDELCOTH_MID,S101,2035,1.0
RE1,DEMINDELCOTH_MID,S101,2036,1.0
RE1,DEMINDELCOTH_MID,S101,2037,1.0
RE1,DEMINDELCOTH_MID,S101,2038,1.0
RE1,DEMINDELCOTH_MID,S101,2039,1.0
RE1,DEMINDELCOTH_MID,S101,2040,1.0
RE1,DEMINDELCOTH_MID,S101,2041,1.0
RE1,DEMINDELCOTH_MID,S101,2042,1.0
RE1,DEMINDELCOTH_MID,S101,2043,1.0
RE1,DEMINDELCOTH_MID,S101,2044,1.0
RE1,DEMINDELCOTH_MID,S101,2045,1.0
RE1,DEMINDELCOTH_MID,S101,2046,1.0
RE1,DEMINDELCOTH_MID,S101,2047,1.0
RE1,DEMINDELCOTH_MID,S101,2048,1.0
RE1,DEMINDELCOTH_MID,S101,2049,1.0
RE1,DEMINDELCOTH_MID,S101,2050,1.0
RE1,DEMINDELCOTH_MID,S101,2051,1.0
RE1,DEMINDELCOTH_MID,S101,2052,1.0
RE1,DEMINDELCOTH_MID,S101,2053,1.0
RE1,DEMINDELCOTH_MID,S101,2054,1.0
RE1,DEMINDELCOTH_MID,S101,2055,1.0
RE1,DEMINDELCOTH_MID,S102,2022,1.0
RE1,DEMINDELCOTH_MID,S102,2023,1.0
RE1,DEMINDELCOTH_MID,S102,2024,1.0
RE1,DEMINDELCOTH_MID,S102,2025,1.0
RE1,DEMINDELCOTH_MID,S102,2026,1.0
RE1,DEMINDELCOTH_MID,S102,2027,1.0
RE1,DEMINDELCOTH_MID,S102,2028,1.0
RE1,DEMINDELCOTH_MID,S102,2029,1.0
RE1,DEMINDELCOTH_MID,S102,2030,1.0
RE1,DEMINDELCOTH_MID,S102,2031,1.0
RE1,DEMINDELCOTH_MID,S102,2032,1.0
RE1,DEMINDELCOTH_MID,S102,2033,1.0
RE1,DEMINDELCOTH_MID,S102,2034,1.0
RE1,DEMINDELCOTH_MID,S102,2035,1.0
RE1,DEMINDELCOTH_MID,S102,2036,1.0
RE1,DEMINDELCOTH_MID,S102,2037,1.0
RE1,DEMINDELCOTH_MID,S102,2038,1.0
RE1,DEMINDELCOTH_MID,S102,2039,1.0
RE1,DEMINDELCOTH_MID,S102,2040,1.0
RE1,DEMINDELCOTH_MID,S102,2041,1.0
RE1,DEMINDELCOTH_MID,S102,2042,1.0
RE1,DEMINDELCOTH_MID,S102,2043,1.0
RE1,DEMINDELCOTH_MID,S102,2044,1.0
RE1,DEMINDELCOTH_MID,S102,2045,1.0
RE1,DEMINDELCOTH_MID,S102,2046,1.0
RE1,DEMINDELCOTH_MID,S102,2047,1.0
RE1,DEMINDELCOTH_MID,S102,2048,1.0
RE1,DEMINDELCOTH_MID,S102,2049,1.0
RE1,DEMINDELCOTH_MID,S102,2050,1.0
RE1,DEMINDELCOTH_MID,S102,2051,1.0
RE1,DEMINDELCOTH_MID,S102,2052,1.0
RE1,DEMINDELCOTH_MID,S102,2053,1.0
RE1,DEMINDELCOTH_MID,S102,2054,1.0
RE1,DEMINDELCOTH_MID,S102,2055,1.0
RE1,DEMINDELCREF_HIG,S101,2022,1.0
RE1,DEMINDELCREF_HIG,S101,2023,1.0
RE1,DEMINDELCREF_HIG,S101,2024,1.0
RE1,DEMINDELCREF_HIG,S101,2025,1.0
RE1,DEMINDELCREF_HIG,S101,2026,1.0
RE1,DEMINDELCREF_HIG,S101,2027,1.0
RE1,DEMINDELCREF_HIG,S101,2028,1.0
RE1,DEMINDELCREF_HIG,S101,2029,1.0
RE1,DEMINDELCREF_HIG,S101,2030,1.0
RE1,DEMINDELCREF_HIG,S101,2031,1.0
RE1,DEMINDELCREF_HIG,S101,2032,1.0
RE1,DEMINDELCREF_HIG,S101,2033,1.0
RE1,DEMINDELCREF_HIG,S101,2034,1.0
RE1,DEMINDELCREF_HIG,S101,2035,1.0
RE1,DEMINDELCREF_HIG,S101,2036,1.0
RE1,DEMINDELCREF_HIG,S101,2037,1.0
RE1,DEMINDELCREF_HIG,S101,2038,1.0
RE1,DEMINDELCREF_HIG,S101,2039,1.0
RE1,DEMINDELCREF_HIG,S101,2040,1.0
RE1,DEMINDELCREF_HIG,S101,2041,1.0
RE1,DEMINDELCREF_HIG,S101,2042,1.0
RE1,DEMINDELCREF_HIG,S101,2043,1.0
RE1,DEMINDELCREF_HIG,S101,2044,1.0
RE1,DEMINDELCREF_HIG,S101,2045,1.0
RE1,DEMINDELCREF_HIG,S101,2046,1.0
RE1,DEMINDELCREF_HIG,S101,2047,1.0
RE1,DEMINDELCREF_HIG,S101,2048,1.0
RE1,DEMINDELCREF_HIG,S101,2049,1.0
RE1,DEMINDELCREF_HIG,S101,2050,1.0
RE1,DEMINDELCREF_HIG,S101,2051,1.0
RE1,DEMINDELCREF_HIG,S101,2052,1.0
RE1,DEMINDELCREF_HIG,S101,2053,1.0
RE1,DEMINDELCREF_HIG,S101,2054,1.0
RE1,DEMINDELCREF_HIG,S101,2055,1.0
RE1,DEMINDELCREF_HIG,S102,2022,1.0
RE1,DEMINDELCREF_HIG,S102,2023,1.0
RE1,DEMINDELCREF_HIG,S102,2024,1.0
RE1,DEMINDELCREF_HIG,S102,2025,1.0
RE1,DEMINDELCREF_HIG,S102,2026,1.0
RE1,DEMINDELCREF_HIG,S102,2027,1.0
RE1,DEMINDELCREF_HIG,S102,2028,1.0
RE1,DEMINDELCREF_HIG,S102,2029,1.0
RE1,DEMINDELCREF_HIG,S102,2030,1.0
RE1,DEMINDELCREF_HIG,S102,2031,1.0
RE1,DEMINDELCREF_HIG,S102,2032,1.0
RE1,DEMINDELCREF_HIG,S102,2033,1.0
RE1,DEMINDELCREF_HIG,S102,2034,1.0
RE1,DEMINDELCREF_HIG,S102,2035,1.0
RE1,DEMINDELCREF_HIG,S102,2036,1.0
RE1,DEMINDELCREF_HIG,S102,2037,1.0
RE1,DEMINDELCREF_HIG,S102,2038,1.0
RE1,DEMINDELCREF_HIG,S102,2039,1.0
RE1,DEMINDELCREF_HIG,S102,2040,1.0
RE1,DEMINDELCREF_HIG,S102,2041,1.0
RE1,DEMINDELCREF_HIG,S102,2042,1.0
RE1,DEMINDELCREF_HIG,S102,2043,1.0
RE1,DEMINDELCREF_HIG,S102,2044,1.0
RE1,DEMINDELCREF_HIG,S102,2045,1.0
RE1,DEMINDELCREF_HIG,S102,2046,1.0
RE1,DEMINDELCREF_HIG,S102,2047,1.0
RE1,DEMINDELCREF_HIG,S102,2048,1.0
RE1,DEMINDELCREF_HIG,S102,2049,1.0
RE1,DEMINDELCREF_HIG,S102,2050,1.0
RE1,DEMINDELCREF_HIG,S102,2051,1.0
RE1,DEMINDELCREF_HIG,S102,2052,1.0
RE1,DEMINDELCREF_HIG,S102,2053,1.0
RE1,DEMINDELCREF_HIG,S102,2054,1.0
RE1,DEMINDELCREF_HIG,S102,2055,1.0
RE1,DEMINDELCREF_LOW,S101,2022,1.0
RE1,DEMINDELCREF_LOW,S101,2023,1.0
RE1,DEMINDELCREF_LOW,S101,2024,1.0
RE1,DEMINDELCREF_LOW,S101,2025,1.0
RE1,DEMINDELCREF_LOW,S101,2026,1.0
RE1,DEMINDELCREF_LOW,S101,2027,1.0
RE1,DEMINDELCREF_LOW,S101,2028,1.0
RE1,DEMINDELCREF_LOW,S101,2029,1.0
RE1,DEMINDELCREF_LOW,S101,2030,1.0
RE1,DEMINDELCREF_LOW,S101,2031,1.0
RE1,DEMINDELCREF_LOW,S101,2032,1.0
RE1,DEMINDELCREF_LOW,S101,2033,1.0
RE1,DEMINDELCREF_LOW,S101,2034,1.0
RE1,DEMINDELCREF_LOW,S101,2035,1.0
RE1,DEMINDELCREF_LOW,S101,2036,1.0
RE1,DEMINDELCREF_LOW,S101,2037,1.0
RE1,DEMINDELCREF_LOW,S101,2038,1.0
RE1,DEMINDELCREF_LOW,S101,2039,1.0
RE1,DEMINDELCREF_LOW,S101,2040,1.0
RE1,DEMINDELCREF_LOW,S101,2041,1.0
RE1,DEMINDELCREF_LOW,S101,2042,1.0
RE1,DEMINDELCREF_LOW,S101,2043,1.0
RE1,DEMINDELCREF_LOW,S101,2044,1.0
RE1,DEMINDELCREF_LOW,S101,2045,1.0
RE1,DEMINDELCREF_LOW,S101,2046,1.0
RE1,DEMINDELCREF_LOW,S101,2047,1.0
RE1,DEMINDELCREF_LOW,S101,2048,1.0
RE1,DEMINDELCREF_LOW,S101,2049,1.0
RE1,DEMINDELCREF_LOW,S101,2050,1.0
RE1,DEMINDELCREF_LOW,S101,2051,1.0
RE1,DEMINDELCREF_LOW,S101,2052,1.0
RE1,DEMINDELCREF_LOW,S101,2053,1.0
RE1,DEMINDELCREF_LOW,S101,2054,1.0
RE1,DEMINDELCREF_LOW,S101,2055,1.0
RE1,DEMINDELCREF_LOW,S102,2022,1.0
RE1,DEMINDELCREF_LOW,S102,2023,1.0
RE1,DEMINDELCREF_LOW,S102,2024,1.0
RE1,DEMINDELCREF_LOW,S102,2025,1.0
RE1,DEMINDELCREF_LOW,S102,2026,1.0
RE1,DEMINDELCREF_LOW,S102,2027,1.0
RE1,DEMINDELCREF_LOW,S102,2028,1.0
RE1,DEMINDELCREF_LOW,S102,2029,1.0
RE1,DEMINDELCREF_LOW,S102,2030,1.0
RE1,DEMINDELCREF_LOW,S102,2031,1.0
RE1,DEMINDELCREF_LOW,S102,2032,1.0
RE1,DEMINDELCREF_LOW,S102,2033,1.0
RE1,DEMINDELCREF_LOW,S102,2034,1.0
RE1,DEMINDELCREF_LOW,S102,2035,1.0
RE1,DEMINDELCREF_LOW,S102,2036,1.0
RE1,DEMINDELCREF_LOW,S102,2037,1.0
RE1,DEMINDELCREF_LOW,S102,2038,1.0
RE1,DEMINDELCREF_LOW,S102,2039,1.0
RE1,DEMINDELCREF_LOW,S102,2040,1.0
RE1,DEMINDELCREF_LOW,S102,2041,1.0
RE1,DEMINDELCREF_LOW,S102,2042,1.0
RE1,DEMINDELCREF_LOW,S102,2043,1.0
RE1,DEMINDELCREF_LOW,S102,2044,1.0
RE1,DEMINDELCREF_LOW,S102,2045,1.0
RE1,DEMINDELCREF_LOW,S102,2046,1.0
RE1,DEMINDELCREF_LOW,S102,2047,1.0
RE1,DEMINDELCREF_LOW,S102,2048,1.0
RE1,DEMINDELCREF_LOW,S102,2049,1.0
RE1,DEMINDELCREF_LOW,S102,2050,1.0
RE1,DEMINDELCREF_LOW,S102,2051,1.0
RE1,DEMINDELCREF_LOW,S102,2052,1.0
RE1,DEMINDELCREF_LOW,S102,2053,1.0
RE1,DEMINDELCREF_LOW,S102,2054,1.0
RE1,DEMINDELCREF_LOW,S102,2055,1.0
RE1,DEMINDELCREF_MID,S101,2022,1.0
RE1,DEMINDELCREF_MID,S101,2023,1.0
RE1,DEMINDELCREF_MID,S101,2024,1.0
RE1,DEMINDELCREF_MID,S101,2025,1.0
RE1,DEMINDELCREF_MID,S101,2026,1.0
RE1,DEMINDELCREF_MID,S101,2027,1.0
RE1,DEMINDELCREF_MID,S101,2028,1.0
RE1,DEMINDELCREF_MID,S101,2029,1.0
RE1,DEMINDELCREF_MID,S101,2030,1.0
RE1,DEMINDELCREF_MID,S101,2031,1.0
RE1,DEMINDELCREF_MID,S101,2032,1.0
RE1,DEMINDELCREF_MID,S101,2033,1.0
RE1,DEMINDELCREF_MID,S101,2034,1.0
RE1,DEMINDELCREF_MID,S101,2035,1.0
RE1,DEMINDELCREF_MID,S101,2036,1.0
RE1,DEMINDELCREF_MID,S101,2037,1.0
RE1,DEMINDELCREF_MID,S101,2038,1.0
RE1,DEMINDELCREF_MID,S101,2039,1.0
RE1,DEMINDELCREF_MID,S101,2040,1.0
RE1,DEMINDELCREF_MID,S101,2041,1.0
RE1,DEMINDELCREF_MID,S101,2042,1.0
RE1,DEMINDELCREF_MID,S101,2043,1.0
RE1,DEMINDELCREF_MID,S101,2044,1.0
RE1,DEMINDELCREF_MID,S101,2045,1.0
RE1,DEMINDELCREF_MID,S101,2046,1.0
RE1,DEMINDELCREF_MID,S101,2047,1.0
RE1,DEMINDELCREF_MID,S101,2048,1.0
RE1,DEMINDELCREF_MID,S101,2049,1.0
RE1,DEMINDELCREF_MID,S101,2050,1.0
RE1,DEMINDELCREF_MID,S101,2051,1.0
RE1,DEMINDELCREF_MID,S101,2052,1.0
RE1,DEMINDELCREF_MID,S101,2053,1.0
RE1,DEMINDELCREF_MID,S101,2054,1.0
RE1,DEMINDELCREF_MID,S101,2055,1.0
RE1,DEMINDELCREF_MID,S102,2022,1.0
RE1,DEMINDELCREF_MID,S102,2023,1.0
RE1,DEMINDELCREF_MID,S102,2024,1.0
RE1,DEMINDELCREF_MID,S102,2025,1.0
RE1,DEMINDELCREF_MID,S102,2026,1.0
RE1,DEMINDELCREF_MID,S102,2027,1.0
RE1,DEMINDELCREF_MID,S102,2028,1.0
RE1,DEMINDELCREF_MID,S102,2029,1.0
RE1,DEMINDELCREF_MID,S102,2030,1.0
RE1,DEMINDELCREF_MID,S102,2031,1.0
RE1,DEMINDELCREF_MID,S102,2032,1.0
RE1,DEMINDELCREF_MID,S102,2033,1.0
RE1,DEMINDELCREF_MID,S102,2034,1.0
RE1,DEMINDELCREF_MID,S102,2035,1.0
RE1,DEMINDELCREF_MID,S102,2036,1.0
RE1,DEMINDELCREF_MID,S102,2037,1.0
RE1,DEMINDELCREF_MID,S102,2038,1.0
RE1,DEMINDELCREF_MID,S102,2039,1.0
RE1,DEMINDELCREF_MID,S102,2040,1.0
RE1,DEMINDELCREF_MID,S102,2041,1.0
RE1,DEMINDELCREF_MID,S102,2042,1.0
RE1,DEMINDELCREF_MID,S102,2043,1.0
RE1,DEMINDELCREF_MID,S102,2044,1.0
RE1,DEMINDELCREF_MID,S102,2045,1.0
RE1,DEMINDELCREF_MID,S102,2046,1.0
RE1,DEMINDELCREF_MID,S102,2047,1.0
RE1,DEMINDELCREF_MID,S102,2048,1.0
RE1,DEMINDELCREF_MID,S102,2049,1.0
RE1,DEMINDELCREF_MID,S102,2050,1.0
RE1,DEMINDELCREF_MID,S102,2051,1.0
RE1,DEMINDELCREF_MID,S102,2052,1.0
RE1,DEMINDELCREF_MID,S102,2053,1.0
RE1,DEMINDELCREF_MID,S102,2054,1.0
RE1,DEMINDELCREF_MID,S102,2055,1.0
RE1,DEMINDHDGBOI_HIG,S101,2022,1.0
RE1,DEMINDHDGBOI_HIG,S101,2023,1.0
RE1,DEMINDHDGBOI_HIG,S101,2024,1.0
RE1,DEMINDHDGBOI_HIG,S101,2025,1.0
RE1,DEMINDHDGBOI_HIG,S101,2026,1.0
RE1,DEMINDHDGBOI_HIG,S101,2027,1.0
RE1,DEMINDHDGBOI_HIG,S101,2028,1.0
RE1,DEMINDHDGBOI_HIG,S101,2029,1.0
RE1,DEMINDHDGBOI_HIG,S101,2030,1.0
RE1,DEMINDHDGBOI_HIG,S101,2031,1.0
RE1,DEMINDHDGBOI_HIG,S101,2032,1.0
RE1,DEMINDHDGBOI_HIG,S101,2033,1.0
RE1,DEMINDHDGBOI_HIG,S101,2034,1.0
RE1,DEMINDHDGBOI_HIG,S101,2035,1.0
RE1,DEMINDHDGBOI_HIG,S101,2036,1.0
RE1,DEMINDHDGBOI_HIG,S101,2037,1.0
RE1,DEMINDHDGBOI_HIG,S101,2038,1.0
RE1,DEMINDHDGBOI_HIG,S101,2039,1.0
RE1,DEMINDHDGBOI_HIG,S101,2040,1.0
RE1,DEMINDHDGBOI_HIG,S101,2041,1.0
RE1,DEMINDHDGBOI_HIG,S101,2042,1.0
RE1,DEMINDHDGBOI_HIG,S101,2043,1.0
RE1,DEMINDHDGBOI_HIG,S101,2044,1.0
RE1,DEMINDHDGBOI_HIG,S101,2045,1.0
RE1,DEMINDHDGBOI_HIG,S101,2046,1.0
RE1,DEMINDHDGBOI_HIG,S101,2047,1.0
RE1,DEMINDHDGBOI_HIG,S101,2048,1.0
RE1,DEMINDHDGBOI_HIG,S101,2049,1.0
RE1,DEMINDHDGBOI_HIG,S101,2050,1.0
RE1,DEMINDHDGBOI_HIG,S101,2051,1.0
RE1,DEMINDHDGBOI_HIG,S101,2052,1.0
RE1,DEMINDHDGBOI_HIG,S101,2053,1.0
RE1,DEMINDHDGBOI_HIG,S101,2054,1.0
RE1,DEMINDHDGBOI_HIG,S101,2055,1.0
RE1,DEMINDHDGBOI_HIG,S102,2022,1.0
RE1,DEMINDHDGBOI_HIG,S102,2023,1.0
RE1,DEMINDHDGBOI_HIG,S102,2024,1.0
RE1,DEMINDHDGBOI_HIG,S102,2025,1.0
RE1,DEMINDHDGBOI_HIG,S102,2026,1.0
RE1,DEMINDHDGBOI_HIG,S102,2027,1.0
RE1,DEMINDHDGBOI_HIG,S102,2028,1.0
RE1,DEMINDHDGBOI_HIG,S102,2029,1.0
RE1,DEMINDHDGBOI_HIG,S102,2030,1.0
RE1,DEMINDHDGBOI_HIG,S102,2031,1.0
RE1,DEMINDHDGBOI_HIG,S102,2032,1.0
RE1,DEMINDHDGBOI_HIG,S102,2033,1.0
RE1,DEMINDHDGBOI_HIG,S102,2034,1.0
RE1,DEMINDHDGBOI_HIG,S102,2035,1.0
RE1,DEMINDHDGBOI_HIG,S102,2036,1.0
RE1,DEMINDHDGBOI_HIG,S102,2037,1.0
RE1,DEMINDHDGBOI_HIG,S102,2038,1.0
RE1,DEMINDHDGBOI_HIG,S102,2039,1.0
RE1,DEMINDHDGBOI_HIG,S102,2040,1.0
RE1,DEMINDHDGBOI_HIG,S102,2041,1.0
RE1,DEMINDHDGBOI_HIG,S102,2042,1.0
RE1,DEMINDHDGBOI_HIG,S102,2043,1.0
RE1,DEMINDHDGBOI_HIG,S102,2044,1.0
RE1,DEMINDHDGBOI_HIG,S102,2045,1.0
RE1,DEMINDHDGBOI_HIG,S102,2046,1.0
RE1,DEMINDHDGBOI_HIG,S102,2047,1.0
RE1,DEMINDHDGBOI_HIG,S102,2048,1.0
RE1,DEMINDHDGBOI_HIG,S102,2049,1.0
RE1,DEMINDHDGBOI_HIG,S102,2050,1.0
RE1,DEMINDHDGBOI_HIG,S102,2051,1.0
RE1,DEMINDHDGBOI_HIG,S102,2052,1.0
RE1,DEMINDHDGBOI_HIG,S102,2053,1.0
RE1,DEMINDHDGBOI_HIG,S102,2054,1.0
RE1,DEMINDHDGBOI_HIG,S102,2055,1.0
RE1,DEMINDHDGBOI_LOW,S101,2022,1.0
RE1,DEMINDHDGBOI_LOW,S101,2023,1.0
RE1,DEMINDHDGBOI_LOW,S101,2024,1.0
RE1,DEMINDHDGBOI_LOW,S101,2025,1.0
RE1,DEMINDHDGBOI_LOW,S101,2026,1.0
RE1,DEMINDHDGBOI_LOW,S101,2027,1.0
RE1,DEMINDHDGBOI_LOW,S101,2028,1.0
RE1,DEMINDHDGBOI_LOW,S101,2029,1.0
RE1,DEMINDHDGBOI_LOW,S101,2030,1.0
RE1,DEMINDHDGBOI_LOW,S101,2031,1.0
RE1,DEMINDHDGBOI_LOW,S101,2032,1.0
RE1,DEMINDHDGBOI_LOW,S101,2033,1.0
RE1,DEMINDHDGBOI_LOW,S101,2034,1.0
RE1,DEMINDHDGBOI_LOW,S101,2035,1.0
RE1,DEMINDHDGBOI_LOW,S101,2036,1.0
RE1,DEMINDHDGBOI_LOW,S101,2037,1.0
RE1,DEMINDHDGBOI_LOW,S101,2038,1.0
RE1,DEMINDHDGBOI_LOW,S101,2039,1.0
RE1,DEMINDHDGBOI_LOW,S101,2040,1.0
RE1,DEMINDHDGBOI_LOW,S101,2041,1.0
RE1,DEMINDHDGBOI_LOW,S101,2042,1.0
RE1,DEMINDHDGBOI_LOW,S101,2043,1.0
RE1,DEMINDHDGBOI_LOW,S101,2044,1.0
RE1,DEMINDHDGBOI_LOW,S101,2045,1.0
RE1,DEMINDHDGBOI_LOW,S101,2046,1.0
RE1,DEMINDHDGBOI_LOW,S101,2047,1.0
RE1,DEMINDHDGBOI_LOW,S101,2048,1.0
RE1,DEMINDHDGBOI_LOW,S101,2049,1.0
RE1,DEMINDHDGBOI_LOW,S101,2050,1.0
RE1,DEMINDHDGBOI_LOW,S101,2051,1.0
RE1,DEMINDHDGBOI_LOW,S101,2052,1.0
RE1,DEMINDHDGBOI_LOW,S101,2053,1.0
RE1,DEMINDHDGBOI_LOW,S101,2054,1.0
RE1,DEMINDHDGBOI_LOW,S101,2055,1.0
RE1,DEMINDHDGBOI_LOW,S102,2022,1.0
RE1,DEMINDHDGBOI_LOW,S102,2023,1.0
RE1,DEMINDHDGBOI_LOW,S102,2024,1.0
RE1,DEMINDHDGBOI_LOW,S102,2025,1.0
RE1,DEMINDHDGBOI_LOW,S102,2026,1.0
RE1,DEMINDHDGBOI_LOW,S102,2027,1.0
RE1,DEMINDHDGBOI_LOW,S102,2028,1.0
RE1,DEMINDHDGBOI_LOW,S102,2029,1.0
RE1,DEMINDHDGBOI_LOW,S102,2030,1.0
RE1,DEMINDHDGBOI_LOW,S102,2031,1.0
RE1,DEMINDHDGBOI_LOW,S102,2032,1.0
RE1,DEMINDHDGBOI_LOW,S102,2033,1.0
RE1,DEMINDHDGBOI_LOW,S102,2034,1.0
RE1,DEMINDHDGBOI_LOW,S102,2035,1.0
RE1,DEMINDHDGBOI_LOW,S102,2036,1.0
RE1,DEMINDHDGBOI_LOW,S102,2037,1.0
RE1,DEMINDHDGBOI_LOW,S102,2038,1.0
RE1,DEMINDHDGBOI_LOW,S102,2039,1.0
RE1,DEMINDHDGBOI_LOW,S102,2040,1.0
RE1,DEMINDHDGBOI_LOW,S102,2041,1.0
RE1,DEMINDHDGBOI_LOW,S102,2042,1.0
RE1,DEMINDHDGBOI_LOW,S102,2043,1.0
RE1,DEMINDHDGBOI_LOW,S102,2044,1.0
RE1,DEMINDHDGBOI_LOW,S102,2045,1.0
RE1,DEMINDHDGBOI_LOW,S102,2046,1.0
RE1,DEMINDHDGBOI_LOW,S102,2047,1.0
RE1,DEMINDHDGBOI_LOW,S102,2048,1.0
RE1,DEMINDHDGBOI_LOW,S102,2049,1.0
RE1,DEMINDHDGBOI_LOW,S102,2050,1.0
RE1,DEMINDHDGBOI_LOW,S102,2051,1.0
RE1,DEMINDHDGBOI_LOW,S102,2052,1.0
RE1,DEMINDHDGBOI_LOW,S102,2053,1.0
RE1,DEMINDHDGBOI_LOW,S102,2054,1.0
RE1,DEMINDHDGBOI_LOW,S102,2055,1.0
RE1,DEMINDLPGBOI_HIG,S101,2022,1.0
RE1,DEMINDLPGBOI_HIG,S101,2023,1.0
RE1,DEMINDLPGBOI_HIG,S101,2024,1.0
RE1,DEMINDLPGBOI_HIG,S101,2025,1.0
RE1,DEMINDLPGBOI_HIG,S101,2026,1.0
RE1,DEMINDLPGBOI_HIG,S101,2027,1.0
RE1,DEMINDLPGBOI_HIG,S101,2028,1.0
RE1,DEMINDLPGBOI_HIG,S101,2029,1.0
RE1,DEMINDLPGBOI_HIG,S101,2030,1.0
RE1,DEMINDLPGBOI_HIG,S101,2031,1.0
RE1,DEMINDLPGBOI_HIG,S101,2032,1.0
RE1,DEMINDLPGBOI_HIG,S101,2033,1.0
RE1,DEMINDLPGBOI_HIG,S101,2034,1.0
RE1,DEMINDLPGBOI_HIG,S101,2035,1.0
RE1,DEMINDLPGBOI_HIG,S101,2036,1.0
RE1,DEMINDLPGBOI_HIG,S101,2037,1.0
RE1,DEMINDLPGBOI_HIG,S101,2038,1.0
RE1,DEMINDLPGBOI_HIG,S101,2039,1.0
RE1,DEMINDLPGBOI_HIG,S101,2040,1.0
RE1,DEMINDLPGBOI_HIG,S101,2041,1.0
RE1,DEMINDLPGBOI_HIG,S101,2042,1.0
RE1,DEMINDLPGBOI_HIG,S101,2043,1.0
RE1,DEMINDLPGBOI_HIG,S101,2044,1.0
RE1,DEMINDLPGBOI_HIG,S101,2045,1.0
RE1,DEMINDLPGBOI_HIG,S101,2046,1.0
RE1,DEMINDLPGBOI_HIG,S101,2047,1.0
RE1,DEMINDLPGBOI_HIG,S101,2048,1.0
RE1,DEMINDLPGBOI_HIG,S101,2049,1.0
RE1,DEMINDLPGBOI_HIG,S101,2050,1.0
RE1,DEMINDLPGBOI_HIG,S101,2051,1.0
RE1,DEMINDLPGBOI_HIG,S101,2052,1.0
RE1,DEMINDLPGBOI_HIG,S101,2053,1.0
RE1,DEMINDLPGBOI_HIG,S101,2054,1.0
RE1,DEMINDLPGBOI_HIG,S101,2055,1.0
RE1,DEMINDLPGBOI_HIG,S102,2022,1.0
RE1,DEMINDLPGBOI_HIG,S102,2023,1.0
RE1,DEMINDLPGBOI_HIG,S102,2024,1.0
RE1,DEMINDLPGBOI_HIG,S102,2025,1.0
RE1,DEMINDLPGBOI_HIG,S102,2026,1.0
RE1,DEMINDLPGBOI_HIG,S102,2027,1.0
RE1,DEMINDLPGBOI_HIG,S102,2028,1.0
RE1,DEMINDLPGBOI_HIG,S102,2029,1.0
RE1,DEMINDLPGBOI_HIG,S102,2030,1.0
RE1,DEMINDLPGBOI_HIG,S102,2031,1.0
RE1,DEMINDLPGBOI_HIG,S102,2032,1.0
RE1,DEMINDLPGBOI_HIG,S102,2033,1.0
RE1,DEMINDLPGBOI_HIG,S102,2034,1.0
RE1,DEMINDLPGBOI_HIG,S102,2035,1.0
RE1,DEMINDLPGBOI_HIG,S102,2036,1.0
RE1,DEMINDLPGBOI_HIG,S102,2037,1.0
RE1,DEMINDLPGBOI_HIG,S102,2038,1.0
RE1,DEMINDLPGBOI_HIG,S102,2039,1.0
RE1,DEMINDLPGBOI_HIG,S102,2040,1.0
RE1,DEMINDLPGBOI_HIG,S102,2041,1.0
RE1,DEMINDLPGBOI_HIG,S102,2042,1.0
RE1,DEMINDLPGBOI_HIG,S102,2043,1.0
RE1,DEMINDLPGBOI_HIG,S102,2044,1.0
RE1,DEMINDLPGBOI_HIG,S102,2045,1.0
RE1,DEMINDLPGBOI_HIG,S102,2046,1.0
RE1,DEMINDLPGBOI_HIG,S102,2047,1.0
RE1,DEMINDLPGBOI_HIG,S102,2048,1.0
RE1,DEMINDLPGBOI_HIG,S102,2049,1.0
RE1,DEMINDLPGBOI_HIG,S102,2050,1.0
RE1,DEMINDLPGBOI_HIG,S102,2051,1.0
RE1,DEMINDLPGBOI_HIG,S102,2052,1.0
RE1,DEMINDLPGBOI_HIG,S102,2053,1.0
RE1,DEMINDLPGBOI_HIG,S102,2054,1.0
RE1,DEMINDLPGBOI_HIG,S102,2055,1.0
RE1,DEMINDLPGBOI_LOW,S101,2022,1.0
RE1,DEMINDLPGBOI_LOW,S101,2023,1.0
RE1,DEMINDLPGBOI_LOW,S101,2024,1.0
RE1,DEMINDLPGBOI_LOW,S101,2025,1.0
RE1,DEMINDLPGBOI_LOW,S101,2026,1.0
RE1,DEMINDLPGBOI_LOW,S101,2027,1.0
RE1,DEMINDLPGBOI_LOW,S101,2028,1.0
RE1,DEMINDLPGBOI_LOW,S101,2029,1.0
RE1,DEMINDLPGBOI_LOW,S101,2030,1.0
RE1,DEMINDLPGBOI_LOW,S101,2031,1.0
RE1,DEMINDLPGBOI_LOW,S101,2032,1.0
RE1,DEMINDLPGBOI_LOW,S101,2033,1.0
RE1,DEMINDLPGBOI_LOW,S101,2034,1.0
RE1,DEMINDLPGBOI_LOW,S101,2035,1.0
RE1,DEMINDLPGBOI_LOW,S101,2036,1.0
RE1,DEMINDLPGBOI_LOW,S101,2037,1.0
RE1,DEMINDLPGBOI_LOW,S101,2038,1.0
RE1,DEMINDLPGBOI_LOW,S101,2039,1.0
RE1,DEMINDLPGBOI_LOW,S101,2040,1.0
RE1,DEMINDLPGBOI_LOW,S101,2041,1.0
RE1,DEMINDLPGBOI_LOW,S101,2042,1.0
RE1,DEMINDLPGBOI_LOW,S101,2043,1.0
RE1,DEMINDLPGBOI_LOW,S101,2044,1.0
RE1,DEMINDLPGBOI_LOW,S101,2045,1.0
RE1,DEMINDLPGBOI_LOW,S101,2046,1.0
RE1,DEMINDLPGBOI_LOW,S101,2047,1.0
RE1,DEMINDLPGBOI_LOW,S101,2048,1.0
RE1,DEMINDLPGBOI_LOW,S101,2049,1.0
RE1,DEMINDLPGBOI_LOW,S101,2050,1.0
RE1,DEMINDLPGBOI_LOW,S101,2051,1.0
RE1,DEMINDLPGBOI_LOW,S101,2052,1.0
RE1,DEMINDLPGBOI_LOW,S101,2053,1.0
RE1,DEMINDLPGBOI_LOW,S101,2054,1.0
RE1,DEMINDLPGBOI_LOW,S101,2055,1.0
RE1,DEMINDLPGBOI_LOW,S102,2022,1.0
RE1,DEMINDLPGBOI_LOW,S102,2023,1.0
RE1,DEMINDLPGBOI_LOW,S102,2024,1.0
RE1,DEMINDLPGBOI_LOW,S102,2025,1.0
RE1,DEMINDLPGBOI_LOW,S102,2026,1.0
RE1,DEMINDLPGBOI_LOW,S102,2027,1.0
RE1,DEMINDLPGBOI_LOW,S102,2028,1.0
RE1,DEMINDLPGBOI_LOW,S102,2029,1.0
RE1,DEMINDLPGBOI_LOW,S102,2030,1.0
RE1,DEMINDLPGBOI_LOW,S102,2031,1.0
RE1,DEMINDLPGBOI_LOW,S102,2032,1.0
RE1,DEMINDLPGBOI_LOW,S102,2033,1.0
RE1,DEMINDLPGBOI_LOW,S102,2034,1.0
RE1,DEMINDLPGBOI_LOW,S102,2035,1.0
RE1,DEMINDLPGBOI_LOW,S102,2036,1.0
RE1,DEMINDLPGBOI_LOW,S102,2037,1.0
RE1,DEMINDLPGBOI_LOW,S102,2038,1.0
RE1,DEMINDLPGBOI_LOW,S102,2039,1.0
RE1,DEMINDLPGBOI_LOW,S102,2040,1.0
RE1,DEMINDLPGBOI_LOW,S102,2041,1.0
RE1,DEMINDLPGBOI_LOW,S102,2042,1.0
RE1,DEMINDLPGBOI_LOW,S102,2043,1.0
RE1,DEMINDLPGBOI_LOW,S102,2044,1.0
RE1,DEMINDLPGBOI_LOW,S102,2045,1.0
RE1,DEMINDLPGBOI_LOW,S102,2046,1.0
RE1,DEMINDLPGBOI_LOW,S102,2047,1.0
RE1,DEMINDLPGBOI_LOW,S102,2048,1.0
RE1,DEMINDLPGBOI_LOW,S102,2049,1.0
RE1,DEMINDLPGBOI_LOW,S102,2050,1.0
RE1,DEMINDLPGBOI_LOW,S102,2051,1.0
RE1,DEMINDLPGBOI_LOW,S102,2052,1.0
RE1,DEMINDLPGBOI_LOW,S102,2053,1.0
RE1,DEMINDLPGBOI_LOW,S102,2054,1.0
RE1,DEMINDLPGBOI_LOW,S102,2055,1.0
RE1,DEMINDLPGBOI_MID,S101,2022,1.0
RE1,DEMINDLPGBOI_MID,S101,2023,1.0
RE1,DEMINDLPGBOI_MID,S101,2024,1.0
RE1,DEMINDLPGBOI_MID,S101,2025,1.0
RE1,DEMINDLPGBOI_MID,S101,2026,1.0
RE1,DEMINDLPGBOI_MID,S101,2027,1.0
RE1,DEMINDLPGBOI_MID,S101,2028,1.0
RE1,DEMINDLPGBOI_MID,S101,2029,1.0
RE1,DEMINDLPGBOI_MID,S101,2030,1.0
RE1,DEMINDLPGBOI_MID,S101,2031,1.0
RE1,DEMINDLPGBOI_MID,S101,2032,1.0
RE1,DEMINDLPGBOI_MID,S101,2033,1.0
RE1,DEMINDLPGBOI_MID,S101,2034,1.0
RE1,DEMINDLPGBOI_MID,S101,2035,1.0
RE1,DEMINDLPGBOI_MID,S101,2036,1.0
RE1,DEMINDLPGBOI_MID,S101,2037,1.0
RE1,DEMINDLPGBOI_MID,S101,2038,1.0
RE1,DEMINDLPGBOI_MID,S101,2039,1.0
RE1,DEMINDLPGBOI_MID,S101,2040,1.0
RE1,DEMINDLPGBOI_MID,S101,2041,1.0
RE1,DEMINDLPGBOI_MID,S101,2042,1.0
RE1,DEMINDLPGBOI_MID,S101,2043,1.0
RE1,DEMINDLPGBOI_MID,S101,2044,1.0
RE1,DEMINDLPGBOI_MID,S101,2045,1.0
RE1,DEMINDLPGBOI_MID,S101,2046,1.0
RE1,DEMINDLPGBOI_MID,S101,2047,1.0
RE1,DEMINDLPGBOI_MID,S101,2048,1.0
RE1,DEMINDLPGBOI_MID,S101,2049,1.0
RE1,DEMINDLPGBOI_MID,S101,2050,1.0
RE1,DEMINDLPGBOI_MID,S101,2051,1.0
RE1,DEMINDLPGBOI_MID,S101,2052,1.0
RE1,DEMINDLPGBOI_MID,S101,2053,1.0
RE1,DEMINDLPGBOI_MID,S101,2054,1.0
RE1,DEMINDLPGBOI_MID,S101,2055,1.0
RE1,DEMINDLPGBOI_MID,S102,2022,1.0
RE1,DEMINDLPGBOI_MID,S102,2023,1.0
RE1,DEMINDLPGBOI_MID,S102,2024,1.0
RE1,DEMINDLPGBOI_MID,S102,2025,1.0
RE1,DEMINDLPGBOI_MID,S102,2026,1.0
RE1,DEMINDLPGBOI_MID,S102,2027,1.0
RE1,DEMINDLPGBOI_MID,S102,2028,1.0
RE1,DEMINDLPGBOI_MID,S102,2029,1.0
RE1,DEMINDLPGBOI_MID,S102,2030,1.0
RE1,DEMINDLPGBOI_MID,S102,2031,1.0
RE1,DEMINDLPGBOI_MID,S102,2032,1.0
RE1,DEMINDLPGBOI_MID,S102,2033,1.0
RE1,DEMINDLPGBOI_MID,S102,2034,1.0
RE1,DEMINDLPGBOI_MID,S102,2035,1.0
RE1,DEMINDLPGBOI_MID,S102,2036,1.0
RE1,DEMINDLPGBOI_MID,S102,2037,1.0
RE1,DEMINDLPGBOI_MID,S102,2038,1.0
RE1,DEMINDLPGBOI_MID,S102,2039,1.0
RE1,DEMINDLPGBOI_MID,S102,2040,1.0
RE1,DEMINDLPGBOI_MID,S102,2041,1.0
RE1,DEMINDLPGBOI_MID,S102,2042,1.0
RE1,DEMINDLPGBOI_MID,S102,2043,1.0
RE1,DEMINDLPGBOI_MID,S102,2044,1.0
RE1,DEMINDLPGBOI_MID,S102,2045,1.0
RE1,DEMINDLPGBOI_MID,S102,2046,1.0
RE1,DEMINDLPGBOI_MID,S102,2047,1.0
RE1,DEMINDLPGBOI_MID,S102,2048,1.0
RE1,DEMINDLPGBOI_MID,S102,2049,1.0
RE1,DEMINDLPGBOI_MID,S102,2050,1.0
RE1,DEMINDLPGBOI_MID,S102,2051,1.0
RE1,DEMINDLPGBOI_MID,S102,2052,1.0
RE1,DEMINDLPGBOI_MID,S102,2053,1.0
RE1,DEMINDLPGBOI_MID,S102,2054,1.0
RE1,DEMINDLPGBOI_MID,S102,2055,1.0
RE1,DEMINDLPGFUR_HIG,S101,2022,1.0
RE1,DEMINDLPGFUR_HIG,S101,2023,1.0
RE1,DEMINDLPGFUR_HIG,S101,2024,1.0
RE1,DEMINDLPGFUR_HIG,S101,2025,1.0
RE1,DEMINDLPGFUR_HIG,S101,2026,1.0
RE1,DEMINDLPGFUR_HIG,S101,2027,1.0
RE1,DEMINDLPGFUR_HIG,S101,2028,1.0
RE1,DEMINDLPGFUR_HIG,S101,2029,1.0
RE1,DEMINDLPGFUR_HIG,S101,2030,1.0
RE1,DEMINDLPGFUR_HIG,S101,2031,1.0
RE1,DEMINDLPGFUR_HIG,S101,2032,1.0
RE1,DEMINDLPGFUR_HIG,S101,2033,1.0
RE1,DEMINDLPGFUR_HIG,S101,2034,1.0
RE1,DEMINDLPGFUR_HIG,S101,2035,1.0
RE1,DEMINDLPGFUR_HIG,S101,2036,1.0
RE1,DEMINDLPGFUR_HIG,S101,2037,1.0
RE1,DEMINDLPGFUR_HIG,S101,2038,1.0
RE1,DEMINDLPGFUR_HIG,S101,2039,1.0
RE1,DEMINDLPGFUR_HIG,S101,2040,1.0
RE1,DEMINDLPGFUR_HIG,S101,2041,1.0
RE1,DEMINDLPGFUR_HIG,S101,2042,1.0
RE1,DEMINDLPGFUR_HIG,S101,2043,1.0
RE1,DEMINDLPGFUR_HIG,S101,2044,1.0
RE1,DEMINDLPGFUR_HIG,S101,2045,1.0
RE1,DEMINDLPGFUR_HIG,S101,2046,1.0
RE1,DEMINDLPGFUR_HIG,S101,2047,1.0
RE1,DEMINDLPGFUR_HIG,S101,2048,1.0
RE1,DEMINDLPGFUR_HIG,S101,2049,1.0
RE1,DEMINDLPGFUR_HIG,S101,2050,1.0
RE1,DEMINDLPGFUR_HIG,S101,2051,1.0
RE1,DEMINDLPGFUR_HIG,S101,2052,1.0
RE1,DEMINDLPGFUR_HIG,S101,2053,1.0
RE1,DEMINDLPGFUR_HIG,S101,2054,1.0
RE1,DEMINDLPGFUR_HIG,S101,2055,1.0
RE1,DEMINDLPGFUR_HIG,S102,2022,1.0
RE1,DEMINDLPGFUR_HIG,S102,2023,1.0
RE1,DEMINDLPGFUR_HIG,S102,2024,1.0
RE1,DEMINDLPGFUR_HIG,S102,2025,1.0
RE1,DEMINDLPGFUR_HIG,S102,2026,1.0
RE1,DEMINDLPGFUR_HIG,S102,2027,1.0
RE1,DEMINDLPGFUR_HIG,S102,2028,1.0
RE1,DEMINDLPGFUR_HIG,S102,2029,1.0
RE1,DEMINDLPGFUR_HIG,S102,2030,1.0
RE1,DEMINDLPGFUR_HIG,S102,2031,1.0
RE1,DEMINDLPGFUR_HIG,S102,2032,1.0
RE1,DEMINDLPGFUR_HIG,S102,2033,1.0
RE1,DEMINDLPGFUR_HIG,S102,2034,1.0
RE1,DEMINDLPGFUR_HIG,S102,2035,1.0
RE1,DEMINDLPGFUR_HIG,S102,2036,1.0
RE1,DEMINDLPGFUR_HIG,S102,2037,1.0
RE1,DEMINDLPGFUR_HIG,S102,2038,1.0
RE1,DEMINDLPGFUR_HIG,S102,2039,1.0
RE1,DEMINDLPGFUR_HIG,S102,2040,1.0
RE1,DEMINDLPGFUR_HIG,S102,2041,1.0
RE1,DEMINDLPGFUR_HIG,S102,2042,1.0
RE1,DEMINDLPGFUR_HIG,S102,2043,1.0
RE1,DEMINDLPGFUR_HIG,S102,2044,1.0
RE1,DEMINDLPGFUR_HIG,S102,2045,1.0
RE1,DEMINDLPGFUR_HIG,S102,2046,1.0
RE1,DEMINDLPGFUR_HIG,S102,2047,1.0
RE1,DEMINDLPGFUR_HIG,S102,2048,1.0
RE1,DEMINDLPGFUR_HIG,S102,2049,1.0
RE1,DEMINDLPGFUR_HIG,S102,2050,1.0
RE1,DEMINDLPGFUR_HIG,S102,2051,1.0
RE1,DEMINDLPGFUR_HIG,S102,2052,1.0
RE1,DEMINDLPGFUR_HIG,S102,2053,1.0
RE1,DEMINDLPGFUR_HIG,S102,2054,1.0
RE1,DEMINDLPGFUR_HIG,S102,2055,1.0
RE1,DEMINDLPGFUR_LOW,S101,2022,1.0
RE1,DEMINDLPGFUR_LOW,S101,2023,1.0
RE1,DEMINDLPGFUR_LOW,S101,2024,1.0
RE1,DEMINDLPGFUR_LOW,S101,2025,1.0
RE1,DEMINDLPGFUR_LOW,S101,2026,1.0
RE1,DEMINDLPGFUR_LOW,S101,2027,1.0
RE1,DEMINDLPGFUR_LOW,S101,2028,1.0
RE1,DEMINDLPGFUR_LOW,S101,2029,1.0
RE1,DEMINDLPGFUR_LOW,S101,2030,1.0
RE1,DEMINDLPGFUR_LOW,S101,2031,1.0
RE1,DEMINDLPGFUR_LOW,S101,2032,1.0
RE1,DEMINDLPGFUR_LOW,S101,2033,1.0
RE1,DEMINDLPGFUR_LOW,S101,2034,1.0
RE1,DEMINDLPGFUR_LOW,S101,2035,1.0
RE1,DEMINDLPGFUR_LOW,S101,2036,1.0
RE1,DEMINDLPGFUR_LOW,S101,2037,1.0
RE1,DEMINDLPGFUR_LOW,S101,2038,1.0
RE1,DEMINDLPGFUR_LOW,S101,2039,1.0
RE1,DEMINDLPGFUR_LOW,S101,2040,1.0
RE1,DEMINDLPGFUR_LOW,S101,2041,1.0
RE1,DEMINDLPGFUR_LOW,S101,2042,1.0
RE1,DEMINDLPGFUR_LOW,S101,2043,1.0
RE1,DEMINDLPGFUR_LOW,S101,2044,1.0
RE1,DEMINDLPGFUR_LOW,S101,2045,1.0
RE1,DEMINDLPGFUR_LOW,S101,2046,1.0
RE1,DEMINDLPGFUR_LOW,S101,2047,1.0
RE1,DEMINDLPGFUR_LOW,S101,2048,1.0
RE1,DEMINDLPGFUR_LOW,S101,2049,1.0
RE1,DEMINDLPGFUR_LOW,S101,2050,1.0
RE1,DEMINDLPGFUR_LOW,S101,2051,1.0
RE1,DEMINDLPGFUR_LOW,S101,2052,1.0
RE1,DEMINDLPGFUR_LOW,S101,2053,1.0
RE1,DEMINDLPGFUR_LOW,S101,2054,1.0
RE1,DEMINDLPGFUR_LOW,S101,2055,1.0
RE1,DEMINDLPGFUR_LOW,S102,2022,1.0
RE1,DEMINDLPGFUR_LOW,S102,2023,1.0
RE1,DEMINDLPGFUR_LOW,S102,2024,1.0
RE1,DEMINDLPGFUR_LOW,S102,2025,1.0
RE1,DEMINDLPGFUR_LOW,S102,2026,1.0
RE1,DEMINDLPGFUR_LOW,S102,2027,1.0
RE1,DEMINDLPGFUR_LOW,S102,2028,1.0
RE1,DEMINDLPGFUR_LOW,S102,2029,1.0
RE1,DEMINDLPGFUR_LOW,S102,2030,1.0
RE1,DEMINDLPGFUR_LOW,S102,2031,1.0
RE1,DEMINDLPGFUR_LOW,S102,2032,1.0
RE1,DEMINDLPGFUR_LOW,S102,2033,1.0
RE1,DEMINDLPGFUR_LOW,S102,2034,1.0
RE1,DEMINDLPGFUR_LOW,S102,2035,1.0
RE1,DEMINDLPGFUR_LOW,S102,2036,1.0
RE1,DEMINDLPGFUR_LOW,S102,2037,1.0
RE1,DEMINDLPGFUR_LOW,S102,2038,1.0
RE1,DEMINDLPGFUR_LOW,S102,2039,1.0
RE1,DEMINDLPGFUR_LOW,S102,2040,1.0
RE1,DEMINDLPGFUR_LOW,S102,2041,1.0
RE1,DEMINDLPGFUR_LOW,S102,2042,1.0
RE1,DEMINDLPGFUR_LOW,S102,2043,1.0
RE1,DEMINDLPGFUR_LOW,S102,2044,1.0
RE1,DEMINDLPGFUR_LOW,S102,2045,1.0
RE1,DEMINDLPGFUR_LOW,S102,2046,1.0
RE1,DEMINDLPGFUR_LOW,S102,2047,1.0
RE1,DEMINDLPGFUR_LOW,S102,2048,1.0
RE1,DEMINDLPGFUR_LOW,S102,2049,1.0
RE1,DEMINDLPGFUR_LOW,S102,2050,1.0
RE1,DEMINDLPGFUR_LOW,S102,2051,1.0
RE1,DEMINDLPGFUR_LOW,S102,2052,1.0
RE1,DEMINDLPGFUR_LOW,S102,2053,1.0
RE1,DEMINDLPGFUR_LOW,S102,2054,1.0
RE1,DEMINDLPGFUR_LOW,S102,2055,1.0
RE1,DEMINDLPGFUR_MID,S101,2022,1.0
RE1,DEMINDLPGFUR_MID,S101,2023,1.0
RE1,DEMINDLPGFUR_MID,S101,2024,1.0
RE1,DEMINDLPGFUR_MID,S101,2025,1.0
RE1,DEMINDLPGFUR_MID,S101,2026,1.0
RE1,DEMINDLPGFUR_MID,S101,2027,1.0
RE1,DEMINDLPGFUR_MID,S101,2028,1.0
RE1,DEMINDLPGFUR_MID,S101,2029,1.0
RE1,DEMINDLPGFUR_MID,S101,2030,1.0
RE1,DEMINDLPGFUR_MID,S101,2031,1.0
RE1,DEMINDLPGFUR_MID,S101,2032,1.0
RE1,DEMINDLPGFUR_MID,S101,2033,1.0
RE1,DEMINDLPGFUR_MID,S101,2034,1.0
RE1,DEMINDLPGFUR_MID,S101,2035,1.0
RE1,DEMINDLPGFUR_MID,S101,2036,1.0
RE1,DEMINDLPGFUR_MID,S101,2037,1.0
RE1,DEMINDLPGFUR_MID,S101,2038,1.0
RE1,DEMINDLPGFUR_MID,S101,2039,1.0
RE1,DEMINDLPGFUR_MID,S101,2040,1.0
RE1,DEMINDLPGFUR_MID,S101,2041,1.0
RE1,DEMINDLPGFUR_MID,S101,2042,1.0
RE1,DEMINDLPGFUR_MID,S101,2043,1.0
RE1,DEMINDLPGFUR_MID,S101,2044,1.0
RE1,DEMINDLPGFUR_MID,S101,2045,1.0
RE1,DEMINDLPGFUR_MID,S101,2046,1.0
RE1,DEMINDLPGFUR_MID,S101,2047,1.0
RE1,DEMINDLPGFUR_MID,S101,2048,1.0
RE1,DEMINDLPGFUR_MID,S101,2049,1.0
RE1,DEMINDLPGFUR_MID,S101,2050,1.0
RE1,DEMINDLPGFUR_MID,S101,2051,1.0
RE1,DEMINDLPGFUR_MID,S101,2052,1.0
RE1,DEMINDLPGFUR_MID,S101,2053,1.0
RE1,DEMINDLPGFUR_MID,S101,2054,1.0
RE1,DEMINDLPGFUR_MID,S101,2055,1.0
RE1,DEMINDLPGFUR_MID,S102,2022,1.0
RE1,DEMINDLPGFUR_MID,S102,2023,1.0
RE1,DEMINDLPGFUR_MID,S102,2024,1.0
RE1,DEMINDLPGFUR_MID,S102,2025,1.0
RE1,DEMINDLPGFUR_MID,S102,2026,1.0
RE1,DEMINDLPGFUR_MID,S102,2027,1.0
RE1,DEMINDLPGFUR_MID,S102,2028,1.0
RE1,DEMINDLPGFUR_MID,S102,2029,1.0
RE1,DEMINDLPGFUR_MID,S102,2030,1.0
RE1,DEMINDLPGFUR_MID,S102,2031,1.0
RE1,DEMINDLPGFUR_MID,S102,2032,1.0
RE1,DEMINDLPGFUR_MID,S102,2033,1.0
RE1,DEMINDLPGFUR_MID,S102,2034,1.0
RE1,DEMINDLPGFUR_MID,S102,2035,1.0
RE1,DEMINDLPGFUR_MID,S102,2036,1.0
RE1,DEMINDLPGFUR_MID,S102,2037,1.0
RE1,DEMINDLPGFUR_MID,S102,2038,1.0
RE1,DEMINDLPGFUR_MID,S102,2039,1.0
RE1,DEMINDLPGFUR_MID,S102,2040,1.0
RE1,DEMINDLPGFUR_MID,S102,2041,1.0
RE1,DEMINDLPGFUR_MID,S102,2042,1.0
RE1,DEMINDLPGFUR_MID,S102,2043,1.0
RE1,DEMINDLPGFUR_MID,S102,2044,1.0
RE1,DEMINDLPGFUR_MID,S102,2045,1.0
RE1,DEMINDLPGFUR_MID,S102,2046,1.0
RE1,DEMINDLPGFUR_MID,S102,2047,1.0
RE1,DEMINDLPGFUR_MID,S102,2048,1.0
RE1,DEMINDLPGFUR_MID,S102,2049,1.0
RE1,DEMINDLPGFUR_MID,S102,2050,1.0
RE1,DEMINDLPGFUR_MID,S102,2051,1.0
RE1,DEMINDLPGFUR_MID,S102,2052,1.0
RE1,DEMINDLPGFUR_MID,S102,2053,1.0
RE1,DEMINDLPGFUR_MID,S102,2054,1.0
RE1,DEMINDLPGFUR_MID,S102,2055,1.0
RE1,DEMINDNGSBOI_HIG,S101,2022,1.0
RE1,DEMINDNGSBOI_HIG,S101,2023,1.0
RE1,DEMINDNGSBOI_HIG,S101,2024,1.0
RE1,DEMINDNGSBOI_HIG,S101,2025,1.0
RE1,DEMINDNGSBOI_HIG,S101,2026,1.0
RE1,DEMINDNGSBOI_HIG,S101,2027,1.0
RE1,DEMINDNGSBOI_HIG,S101,2028,1.0
RE1,DEMINDNGSBOI_HIG,S101,2029,1.0
RE1,DEMINDNGSBOI_HIG,S101,2030,1.0
RE1,DEMINDNGSBOI_HIG,S101,2031,1.0
RE1,DEMINDNGSBOI_HIG,S101,2032,1.0
RE1,DEMINDNGSBOI_HIG,S101,2033,1.0
RE1,DEMINDNGSBOI_HIG,S101,2034,1.0
RE1,DEMINDNGSBOI_HIG,S101,2035,1.0
RE1,DEMINDNGSBOI_HIG,S101,2036,1.0
RE1,DEMINDNGSBOI_HIG,S101,2037,1.0
RE1,DEMINDNGSBOI_HIG,S101,2038,1.0
RE1,DEMINDNGSBOI_HIG,S101,2039,1.0
RE1,DEMINDNGSBOI_HIG,S101,2040,1.0
RE1,DEMINDNGSBOI_HIG,S101,2041,1.0
RE1,DEMINDNGSBOI_HIG,S101,2042,1.0
RE1,DEMINDNGSBOI_HIG,S101,2043,1.0
RE1,DEMINDNGSBOI_HIG,S101,2044,1.0
RE1,DEMINDNGSBOI_HIG,S101,2045,1.0
RE1,DEMINDNGSBOI_HIG,S101,2046,1.0
RE1,DEMINDNGSBOI_HIG,S101,2047,1.0
RE1,DEMINDNGSBOI_HIG,S101,2048,1.0
RE1,DEMINDNGSBOI_HIG,S101,2049,1.0
RE1,DEMINDNGSBOI_HIG,S101,2050,1.0
RE1,DEMINDNGSBOI_HIG,S101,2051,1.0
RE1,DEMINDNGSBOI_HIG,S101,2052,1.0
RE1,DEMINDNGSBOI_HIG,S101,2053,1.0
RE1,DEMINDNGSBOI_HIG,S101,2054,1.0
RE1,DEMINDNGSBOI_HIG,S101,2055,1.0
RE1,DEMINDNGSBOI_HIG,S102,2022,1.0
RE1,DEMINDNGSBOI_HIG,S102,2023,1.0
RE1,DEMINDNGSBOI_HIG,S102,2024,1.0
RE1,DEMINDNGSBOI_HIG,S102,2025,1.0
RE1,DEMINDNGSBOI_HIG,S102,2026,1.0
RE1,DEMINDNGSBOI_HIG,S102,2027,1.0
RE1,DEMINDNGSBOI_HIG,S102,2028,1.0
RE1,DEMINDNGSBOI_HIG,S102,2029,1.0
RE1,DEMINDNGSBOI_HIG,S102,2030,1.0
RE1,DEMINDNGSBOI_HIG,S102,2031,1.0
RE1,DEMINDNGSBOI_HIG,S102,2032,1.0
RE1,DEMINDNGSBOI_HIG,S102,2033,1.0
RE1,DEMINDNGSBOI_HIG,S102,2034,1.0
RE1,DEMINDNGSBOI_HIG,S102,2035,1.0
RE1,DEMINDNGSBOI_HIG,S102,2036,1.0
RE1,DEMINDNGSBOI_HIG,S102,2037,1.0
RE1,DEMINDNGSBOI_HIG,S102,2038,1.0
RE1,DEMINDNGSBOI_HIG,S102,2039,1.0
RE1,DEMINDNGSBOI_HIG,S102,2040,1.0
RE1,DEMINDNGSBOI_HIG,S102,2041,1.0
RE1,DEMINDNGSBOI_HIG,S102,2042,1.0
RE1,DEMINDNGSBOI_HIG,S102,2043,1.0
RE1,DEMINDNGSBOI_HIG,S102,2044,1.0
RE1,DEMINDNGSBOI_HIG,S102,2045,1.0
RE1,DEMINDNGSBOI_HIG,S102,2046,1.0
RE1,DEMINDNGSBOI_HIG,S102,2047,1.0
RE1,DEMINDNGSBOI_HIG,S102,2048,1.0
RE1,DEMINDNGSBOI_HIG,S102,2049,1.0
RE1,DEMINDNGSBOI_HIG,S102,2050,1.0
RE1,DEMINDNGSBOI_HIG,S102,2051,1.0
RE1,DEMINDNGSBOI_HIG,S102,2052,1.0
RE1,DEMINDNGSBOI_HIG,S102,2053,1.0
RE1,DEMINDNGSBOI_HIG,S102,2054,1.0
RE1,DEMINDNGSBOI_HIG,S102,2055,1.0
RE1,DEMINDNGSBOI_LOW,S101,2022,1.0
RE1,DEMINDNGSBOI_LOW,S101,2023,1.0
RE1,DEMINDNGSBOI_LOW,S101,2024,1.0
RE1,DEMINDNGSBOI_LOW,S101,2025,1.0
RE1,DEMINDNGSBOI_LOW,S101,2026,1.0
RE1,DEMINDNGSBOI_LOW,S101,2027,1.0
RE1,DEMINDNGSBOI_LOW,S101,2028,1.0
RE1,DEMINDNGSBOI_LOW,S101,2029,1.0
RE1,DEMINDNGSBOI_LOW,S101,2030,1.0
RE1,DEMINDNGSBOI_LOW,S101,2031,1.0
RE1,DEMINDNGSBOI_LOW,S101,2032,1.0
RE1,DEMINDNGSBOI_LOW,S101,2033,1.0
RE1,DEMINDNGSBOI_LOW,S101,2034,1.0
RE1,DEMINDNGSBOI_LOW,S101,2035,1.0
RE1,DEMINDNGSBOI_LOW,S101,2036,1.0
RE1,DEMINDNGSBOI_LOW,S101,2037,1.0
RE1,DEMINDNGSBOI_LOW,S101,2038,1.0
RE1,DEMINDNGSBOI_LOW,S101,2039,1.0
RE1,DEMINDNGSBOI_LOW,S101,2040,1.0
RE1,DEMINDNGSBOI_LOW,S101,2041,1.0
RE1,DEMINDNGSBOI_LOW,S101,2042,1.0
RE1,DEMINDNGSBOI_LOW,S101,2043,1.0
RE1,DEMINDNGSBOI_LOW,S101,2044,1.0
RE1,DEMINDNGSBOI_LOW,S101,2045,1.0
RE1,DEMINDNGSBOI_LOW,S101,2046,1.0
RE1,DEMINDNGSBOI_LOW,S101,2047,1.0
RE1,DEMINDNGSBOI_LOW,S101,2048,1.0
RE1,DEMINDNGSBOI_LOW,S101,2049,1.0
RE1,DEMINDNGSBOI_LOW,S101,2050,1.0
RE1,DEMINDNGSBOI_LOW,S101,2051,1.0
RE1,DEMINDNGSBOI_LOW,S101,2052,1.0
RE1,DEMINDNGSBOI_LOW,S101,2053,1.0
RE1,DEMINDNGSBOI_LOW,S101,2054,1.0
RE1,DEMINDNGSBOI_LOW,S101,2055,1.0
RE1,DEMINDNGSBOI_LOW,S102,2022,1.0
RE1,DEMINDNGSBOI_LOW,S102,2023,1.0
RE1,DEMINDNGSBOI_LOW,S102,2024,1.0
RE1,DEMINDNGSBOI_LOW,S102,2025,1.0
RE1,DEMINDNGSBOI_LOW,S102,2026,1.0
RE1,DEMINDNGSBOI_LOW,S102,2027,1.0
RE1,DEMINDNGSBOI_LOW,S102,2028,1.0
RE1,DEMINDNGSBOI_LOW,S102,2029,1.0
RE1,DEMINDNGSBOI_LOW,S102,2030,1.0
RE1,DEMINDNGSBOI_LOW,S102,2031,1.0
RE1,DEMINDNGSBOI_LOW,S102,2032,1.0
RE1,DEMINDNGSBOI_LOW,S102,2033,1.0
RE1,DEMINDNGSBOI_LOW,S102,2034,1.0
RE1,DEMINDNGSBOI_LOW,S102,2035,1.0
RE1,DEMINDNGSBOI_LOW,S102,2036,1.0
RE1,DEMINDNGSBOI_LOW,S102,2037,1.0
RE1,DEMINDNGSBOI_LOW,S102,2038,1.0
RE1,DEMINDNGSBOI_LOW,S102,2039,1.0
RE1,DEMINDNGSBOI_LOW,S102,2040,1.0
RE1,DEMINDNGSBOI_LOW,S102,2041,1.0
RE1,DEMINDNGSBOI_LOW,S102,2042,1.0
RE1,DEMINDNGSBOI_LOW,S102,2043,1.0
RE1,DEMINDNGSBOI_LOW,S102,2044,1.0
RE1,DEMINDNGSBOI_LOW,S102,2045,1.0
RE1,DEMINDNGSBOI_LOW,S102,2046,1.0
RE1,DEMINDNGSBOI_LOW,S102,2047,1.0
RE1,DEMINDNGSBOI_LOW,S102,2048,1.0
RE1,DEMINDNGSBOI_LOW,S102,2049,1.0
RE1,DEMINDNGSBOI_LOW,S102,2050,1.0
RE1,DEMINDNGSBOI_LOW,S102,2051,1.0
RE1,DEMINDNGSBOI_LOW,S102,2052,1.0
RE1,DEMINDNGSBOI_LOW,S102,2053,1.0
RE1,DEMINDNGSBOI_LOW,S102,2054,1.0
RE1,DEMINDNGSBOI_LOW,S102,2055,1.0
RE1,DEMINDNGSBOI_MID,S101,2022,1.0
RE1,DEMINDNGSBOI_MID,S101,2023,1.0
RE1,DEMINDNGSBOI_MID,S101,2024,1.0
RE1,DEMINDNGSBOI_MID,S101,2025,1.0
RE1,DEMINDNGSBOI_MID,S101,2026,1.0
RE1,DEMINDNGSBOI_MID,S101,2027,1.0
RE1,DEMINDNGSBOI_MID,S101,2028,1.0
RE1,DEMINDNGSBOI_MID,S101,2029,1.0
RE1,DEMINDNGSBOI_MID,S101,2030,1.0
RE1,DEMINDNGSBOI_MID,S101,2031,1.0
RE1,DEMINDNGSBOI_MID,S101,2032,1.0
RE1,DEMINDNGSBOI_MID,S101,2033,1.0
RE1,DEMINDNGSBOI_MID,S101,2034,1.0
RE1,DEMINDNGSBOI_MID,S101,2035,1.0
RE1,DEMINDNGSBOI_MID,S101,2036,1.0
RE1,DEMINDNGSBOI_MID,S101,2037,1.0
RE1,DEMINDNGSBOI_MID,S101,2038,1.0
RE1,DEMINDNGSBOI_MID,S101,2039,1.0
RE1,DEMINDNGSBOI_MID,S101,2040,1.0
RE1,DEMINDNGSBOI_MID,S101,2041,1.0
RE1,DEMINDNGSBOI_MID,S101,2042,1.0
RE1,DEMINDNGSBOI_MID,S101,2043,1.0
RE1,DEMINDNGSBOI_MID,S101,2044,1.0
RE1,DEMINDNGSBOI_MID,S101,2045,1.0
RE1,DEMINDNGSBOI_MID,S101,2046,1.0
RE1,DEMINDNGSBOI_MID,S101,2047,1.0
RE1,DEMINDNGSBOI_MID,S101,2048,1.0
RE1,DEMINDNGSBOI_MID,S101,2049,1.0
RE1,DEMINDNGSBOI_MID,S101,2050,1.0
RE1,DEMINDNGSBOI_MID,S101,2051,1.0
RE1,DEMINDNGSBOI_MID,S101,2052,1.0
RE1,DEMINDNGSBOI_MID,S101,2053,1.0
RE1,DEMINDNGSBOI_MID,S101,2054,1.0
RE1,DEMINDNGSBOI_MID,S101,2055,1.0
RE1,DEMINDNGSBOI_MID,S102,2022,1.0
RE1,DEMINDNGSBOI_MID,S102,2023,1.0
RE1,DEMINDNGSBOI_MID,S102,2024,1.0
RE1,DEMINDNGSBOI_MID,S102,2025,1.0
RE1,DEMINDNGSBOI_MID,S102,2026,1.0
RE1,DEMINDNGSBOI_MID,S102,2027,1.0
RE1,DEMINDNGSBOI_MID,S102,2028,1.0
RE1,DEMINDNGSBOI_MID,S102,2029,1.0
RE1,DEMINDNGSBOI_MID,S102,2030,1.0
RE1,DEMINDNGSBOI_MID,S102,2031,1.0
RE1,DEMINDNGSBOI_MID,S102,2032,1.0
RE1,DEMINDNGSBOI_MID,S102,2033,1.0
RE1,DEMINDNGSBOI_MID,S102,2034,1.0
RE1,DEMINDNGSBOI_MID,S102,2035,1.0
RE1,DEMINDNGSBOI_MID,S102,2036,1.0
RE1,DEMINDNGSBOI_MID,S102,2037,1.0
RE1,DEMINDNGSBOI_MID,S102,2038,1.0
RE1,DEMINDNGSBOI_MID,S102,2039,1.0
RE1,DEMINDNGSBOI_MID,S102,2040,1.0
RE1,DEMINDNGSBOI_MID,S102,2041,1.0
RE1,DEMINDNGSBOI_MID,S102,2042,1.0
RE1,DEMINDNGSBOI_MID,S102,2043,1.0
RE1,DEMINDNGSBOI_MID,S102,2044,1.0
RE1,DEMINDNGSBOI_MID,S102,2045,1.0
RE1,DEMINDNGSBOI_MID,S102,2046,1.0
RE1,DEMINDNGSBOI_MID,S102,2047,1.0
RE1,DEMINDNGSBOI_MID,S102,2048,1.0
RE1,DEMINDNGSBOI_MID,S102,2049,1.0
RE1,DEMINDNGSBOI_MID,S102,2050,1.0
RE1,DEMINDNGSBOI_MID,S102,2051,1.0
RE1,DEMINDNGSBOI_MID,S102,2052,1.0
RE1,DEMINDNGSBOI_MID,S102,2053,1.0
RE1,DEMINDNGSBOI_MID,S102,2054,1.0
RE1,DEMINDNGSBOI_MID,S102,2055,1.0
RE1,DEMINDNGSFURCSS,S101,2022,1.0
RE1,DEMINDNGSFURCSS,S101,2023,1.0
RE1,DEMINDNGSFURCSS,S101,2024,1.0
RE1,DEMINDNGSFURCSS,S101,2025,1.0
RE1,DEMINDNGSFURCSS,S101,2026,1.0
RE1,DEMINDNGSFURCSS,S101,2027,1.0
RE1,DEMINDNGSFURCSS,S101,2028,1.0
RE1,DEMINDNGSFURCSS,S101,2029,1.0
RE1,DEMINDNGSFURCSS,S101,2030,1.0
RE1,DEMINDNGSFURCSS,S101,2031,1.0
RE1,DEMINDNGSFURCSS,S101,2032,1.0
RE1,DEMINDNGSFURCSS,S101,2033,1.0
RE1,DEMINDNGSFURCSS,S101,2034,1.0
RE1,DEMINDNGSFURCSS,S101,2035,1.0
RE1,DEMINDNGSFURCSS,S101,2036,1.0
RE1,DEMINDNGSFURCSS,S101,2037,1.0
RE1,DEMINDNGSFURCSS,S101,2038,1.0
RE1,DEMINDNGSFURCSS,S101,2039,1.0
RE1,DEMINDNGSFURCSS,S101,2040,1.0
RE1,DEMINDNGSFURCSS,S101,2041,1.0
RE1,DEMINDNGSFURCSS,S101,2042,1.0
RE1,DEMINDNGSFURCSS,S101,2043,1.0
RE1,DEMINDNGSFURCSS,S101,2044,1.0
RE1,DEMINDNGSFURCSS,S101,2045,1.0
RE1,DEMINDNGSFURCSS,S101,2046,1.0
RE1,DEMINDNGSFURCSS,S101,2047,1.0
RE1,DEMINDNGSFURCSS,S101,2048,1.0
RE1,DEMINDNGSFURCSS,S101,2049,1.0
RE1,DEMINDNGSFURCSS,S101,2050,1.0
RE1,DEMINDNGSFURCSS,S101,2051,1.0
RE1,DEMINDNGSFURCSS,S101,2052,1.0
RE1,DEMINDNGSFURCSS,S101,2053,1.0
RE1,DEMINDNGSFURCSS,S101,2054,1.0
RE1,DEMINDNGSFURCSS,S101,2055,1.0
RE1,DEMINDNGSFURCSS,S102,2022,1.0
RE1,DEMINDNGSFURCSS,S102,2023,1.0
RE1,DEMINDNGSFURCSS,S102,2024,1.0
RE1,DEMINDNGSFURCSS,S102,2025,1.0
RE1,DEMINDNGSFURCSS,S102,2026,1.0
RE1,DEMINDNGSFURCSS,S102,2027,1.0
RE1,DEMINDNGSFURCSS,S102,2028,1.0
RE1,DEMINDNGSFURCSS,S102,2029,1.0
RE1,DEMINDNGSFURCSS,S102,2030,1.0
RE1,DEMINDNGSFURCSS,S102,2031,1.0
RE1,DEMINDNGSFURCSS,S102,2032,1.0
RE1,DEMINDNGSFURCSS,S102,2033,1.0
RE1,DEMINDNGSFURCSS,S102,2034,1.0
RE1,DEMINDNGSFURCSS,S102,2035,1.0
RE1,DEMINDNGSFURCSS,S102,2036,1.0
RE1,DEMINDNGSFURCSS,S102,2037,1.0
RE1,DEMINDNGSFURCSS,S102,2038,1.0
RE1,DEMINDNGSFURCSS,S102,2039,1.0
RE1,DEMINDNGSFURCSS,S102,2040,1.0
RE1,DEMINDNGSFURCSS,S102,2041,1.0
RE1,DEMINDNGSFURCSS,S102,2042,1.0
RE1,DEMINDNGSFURCSS,S102,2043,1.0
RE1,DEMINDNGSFURCSS,S102,2044,1.0
RE1,DEMINDNGSFURCSS,S102,2045,1.0
RE1,DEMINDNGSFURCSS,S102,2046,1.0
RE1,DEMINDNGSFURCSS,S102,2047,1.0
RE1,DEMINDNGSFURCSS,S102,2048,1.0
RE1,DEMINDNGSFURCSS,S102,2049,1.0
RE1,DEMINDNGSFURCSS,S102,2050,1.0
RE1,DEMINDNGSFURCSS,S102,2051,1.0
RE1,DEMINDNGSFURCSS,S102,2052,1.0
RE1,DEMINDNGSFURCSS,S102,2053,1.0
RE1,DEMINDNGSFURCSS,S102,2054,1.0
RE1,DEMINDNGSFURCSS,S102,2055,1.0
RE1,DEMINDNGSFUR_HIG,S101,2022,1.0
RE1,DEMINDNGSFUR_HIG,S101,2023,1.0
RE1,DEMINDNGSFUR_HIG,S101,2024,1.0
RE1,DEMINDNGSFUR_HIG,S101,2025,1.0
RE1,DEMINDNGSFUR_HIG,S101,2026,1.0
RE1,DEMINDNGSFUR_HIG,S101,2027,1.0
RE1,DEMINDNGSFUR_HIG,S101,2028,1.0
RE1,DEMINDNGSFUR_HIG,S101,2029,1.0
RE1,DEMINDNGSFUR_HIG,S101,2030,1.0
RE1,DEMINDNGSFUR_HIG,S101,2031,1.0
RE1,DEMINDNGSFUR_HIG,S101,2032,1.0
RE1,DEMINDNGSFUR_HIG,S101,2033,1.0
RE1,DEMINDNGSFUR_HIG,S101,2034,1.0
RE1,DEMINDNGSFUR_HIG,S101,2035,1.0
RE1,DEMINDNGSFUR_HIG,S101,2036,1.0
RE1,DEMINDNGSFUR_HIG,S101,2037,1.0
RE1,DEMINDNGSFUR_HIG,S101,2038,1.0
RE1,DEMINDNGSFUR_HIG,S101,2039,1.0
RE1,DEMINDNGSFUR_HIG,S101,2040,1.0
RE1,DEMINDNGSFUR_HIG,S101,2041,1.0
RE1,DEMINDNGSFUR_HIG,S101,2042,1.0
RE1,DEMINDNGSFUR_HIG,S101,2043,1.0
RE1,DEMINDNGSFUR_HIG,S101,2044,1.0
RE1,DEMINDNGSFUR_HIG,S101,2045,1.0
RE1,DEMINDNGSFUR_HIG,S101,2046,1.0
RE1,DEMINDNGSFUR_HIG,S101,2047,1.0
RE1,DEMINDNGSFUR_HIG,S101,2048,1.0
RE1,DEMINDNGSFUR_HIG,S101,2049,1.0
RE1,DEMINDNGSFUR_HIG,S101,2050,1.0
RE1,DEMINDNGSFUR_HIG,S101,2051,1.0
RE1,DEMINDNGSFUR_HIG,S101,2052,1.0
RE1,DEMINDNGSFUR_HIG,S101,2053,1.0
RE1,DEMINDNGSFUR_HIG,S101,2054,1.0
RE1,DEMINDNGSFUR_HIG,S101,2055,1.0
RE1,DEMINDNGSFUR_HIG,S102,2022,1.0
RE1,DEMINDNGSFUR_HIG,S102,2023,1.0
RE1,DEMINDNGSFUR_HIG,S102,2024,1.0
RE1,DEMINDNGSFUR_HIG,S102,2025,1.0
RE1,DEMINDNGSFUR_HIG,S102,2026,1.0
RE1,DEMINDNGSFUR_HIG,S102,2027,1.0
RE1,DEMINDNGSFUR_HIG,S102,2028,1.0
RE1,DEMINDNGSFUR_HIG,S102,2029,1.0
RE1,DEMINDNGSFUR_HIG,S102,2030,1.0
RE1,DEMINDNGSFUR_HIG,S102,2031,1.0
RE1,DEMINDNGSFUR_HIG,S102,2032,1.0
RE1,DEMINDNGSFUR_HIG,S102,2033,1.0
RE1,DEMINDNGSFUR_HIG,S102,2034,1.0
RE1,DEMINDNGSFUR_HIG,S102,2035,1.0
RE1,DEMINDNGSFUR_HIG,S102,2036,1.0
RE1,DEMINDNGSFUR_HIG,S102,2037,1.0
RE1,DEMINDNGSFUR_HIG,S102,2038,1.0
RE1,DEMINDNGSFUR_HIG,S102,2039,1.0
RE1,DEMINDNGSFUR_HIG,S102,2040,1.0
RE1,DEMINDNGSFUR_HIG,S102,2041,1.0
RE1,DEMINDNGSFUR_HIG,S102,2042,1.0
RE1,DEMINDNGSFUR_HIG,S102,2043,1.0
RE1,DEMINDNGSFUR_HIG,S102,2044,1.0
RE1,DEMINDNGSFUR_HIG,S102,2045,1.0
RE1,DEMINDNGSFUR_HIG,S102,2046,1.0
RE1,DEMINDNGSFUR_HIG,S102,2047,1.0
RE1,DEMINDNGSFUR_HIG,S102,2048,1.0
RE1,DEMINDNGSFUR_HIG,S102,2049,1.0
RE1,DEMINDNGSFUR_HIG,S102,2050,1.0
RE1,DEMINDNGSFUR_HIG,S102,2051,1.0
RE1,DEMINDNGSFUR_HIG,S102,2052,1.0
RE1,DEMINDNGSFUR_HIG,S102,2053,1.0
RE1,DEMINDNGSFUR_HIG,S102,2054,1.0
RE1,DEMINDNGSFUR_HIG,S102,2055,1.0
RE1,DEMINDNGSFUR_LOW,S101,2022,1.0
RE1,DEMINDNGSFUR_LOW,S101,2023,1.0
RE1,DEMINDNGSFUR_LOW,S101,2024,1.0
RE1,DEMINDNGSFUR_LOW,S101,2025,1.0
RE1,DEMINDNGSFUR_LOW,S101,2026,1.0
RE1,DEMINDNGSFUR_LOW,S101,2027,1.0
RE1,DEMINDNGSFUR_LOW,S101,2028,1.0
RE1,DEMINDNGSFUR_LOW,S101,2029,1.0
RE1,DEMINDNGSFUR_LOW,S101,2030,1.0
RE1,DEMINDNGSFUR_LOW,S101,2031,1.0
RE1,DEMINDNGSFUR_LOW,S101,2032,1.0
RE1,DEMINDNGSFUR_LOW,S101,2033,1.0
RE1,DEMINDNGSFUR_LOW,S101,2034,1.0
RE1,DEMINDNGSFUR_LOW,S101,2035,1.0
RE1,DEMINDNGSFUR_LOW,S101,2036,1.0
RE1,DEMINDNGSFUR_LOW,S101,2037,1.0
RE1,DEMINDNGSFUR_LOW,S101,2038,1.0
RE1,DEMINDNGSFUR_LOW,S101,2039,1.0
RE1,DEMINDNGSFUR_LOW,S101,2040,1.0
RE1,DEMINDNGSFUR_LOW,S101,2041,1.0
RE1,DEMINDNGSFUR_LOW,S101,2042,1.0
RE1,DEMINDNGSFUR_LOW,S101,2043,1.0
RE1,DEMINDNGSFUR_LOW,S101,2044,1.0
RE1,DEMINDNGSFUR_LOW,S101,2045,1.0
RE1,DEMINDNGSFUR_LOW,S101,2046,1.0
RE1,DEMINDNGSFUR_LOW,S101,2047,1.0
RE1,DEMINDNGSFUR_LOW,S101,2048,1.0
RE1,DEMINDNGSFUR_LOW,S101,2049,1.0
RE1,DEMINDNGSFUR_LOW,S101,2050,1.0
RE1,DEMINDNGSFUR_LOW,S101,2051,1.0
RE1,DEMINDNGSFUR_LOW,S101,2052,1.0
RE1,DEMINDNGSFUR_LOW,S101,2053,1.0
RE1,DEMINDNGSFUR_LOW,S101,2054,1.0
RE1,DEMINDNGSFUR_LOW,S101,2055,1.0
RE1,DEMINDNGSFUR_LOW,S102,2022,1.0
RE1,DEMINDNGSFUR_LOW,S102,2023,1.0
RE1,DEMINDNGSFUR_LOW,S102,2024,1.0
RE1,DEMINDNGSFUR_LOW,S102,2025,1.0
RE1,DEMINDNGSFUR_LOW,S102,2026,1.0
RE1,DEMINDNGSFUR_LOW,S102,2027,1.0
RE1,DEMINDNGSFUR_LOW,S102,2028,1.0
RE1,DEMINDNGSFUR_LOW,S102,2029,1.0
RE1,DEMINDNGSFUR_LOW,S102,2030,1.0
RE1,DEMINDNGSFUR_LOW,S102,2031,1.0
RE1,DEMINDNGSFUR_LOW,S102,2032,1.0
RE1,DEMINDNGSFUR_LOW,S102,2033,1.0
RE1,DEMINDNGSFUR_LOW,S102,2034,1.0
RE1,DEMINDNGSFUR_LOW,S102,2035,1.0
RE1,DEMINDNGSFUR_LOW,S102,2036,1.0
RE1,DEMINDNGSFUR_LOW,S102,2037,1.0
RE1,DEMINDNGSFUR_LOW,S102,2038,1.0
RE1,DEMINDNGSFUR_LOW,S102,2039,1.0
RE1,DEMINDNGSFUR_LOW,S102,2040,1.0
RE1,DEMINDNGSFUR_LOW,S102,2041,1.0
RE1,DEMINDNGSFUR_LOW,S102,2042,1.0
RE1,DEMINDNGSFUR_LOW,S102,2043,1.0
RE1,DEMINDNGSFUR_LOW,S102,2044,1.0
RE1,DEMINDNGSFUR_LOW,S102,2045,1.0
RE1,DEMINDNGSFUR_LOW,S102,2046,1.0
RE1,DEMINDNGSFUR_LOW,S102,2047,1.0
RE1,DEMINDNGSFUR_LOW,S102,2048,1.0
RE1,DEMINDNGSFUR_LOW,S102,2049,1.0
RE1,DEMINDNGSFUR_LOW,S102,2050,1.0
RE1,DEMINDNGSFUR_LOW,S102,2051,1.0
RE1,DEMINDNGSFUR_LOW,S102,2052,1.0
RE1,DEMINDNGSFUR_LOW,S102,2053,1.0
RE1,DEMINDNGSFUR_LOW,S102,2054,1.0
RE1,DEMINDNGSFUR_LOW,S102,2055,1.0
RE1,DEMINDNGSFUR_MID,S101,2022,1.0
RE1,DEMINDNGSFUR_MID,S101,2023,1.0
RE1,DEMINDNGSFUR_MID,S101,2024,1.0
RE1,DEMINDNGSFUR_MID,S101,2025,1.0
RE1,DEMINDNGSFUR_MID,S101,2026,1.0
RE1,DEMINDNGSFUR_MID,S101,2027,1.0
RE1,DEMINDNGSFUR_MID,S101,2028,1.0
RE1,DEMINDNGSFUR_MID,S101,2029,1.0
RE1,DEMINDNGSFUR_MID,S101,2030,1.0
RE1,DEMINDNGSFUR_MID,S101,2031,1.0
RE1,DEMINDNGSFUR_MID,S101,2032,1.0
RE1,DEMINDNGSFUR_MID,S101,2033,1.0
RE1,DEMINDNGSFUR_MID,S101,2034,1.0
RE1,DEMINDNGSFUR_MID,S101,2035,1.0
RE1,DEMINDNGSFUR_MID,S101,2036,1.0
RE1,DEMINDNGSFUR_MID,S101,2037,1.0
RE1,DEMINDNGSFUR_MID,S101,2038,1.0
RE1,DEMINDNGSFUR_MID,S101,2039,1.0
RE1,DEMINDNGSFUR_MID,S101,2040,1.0
RE1,DEMINDNGSFUR_MID,S101,2041,1.0
RE1,DEMINDNGSFUR_MID,S101,2042,1.0
RE1,DEMINDNGSFUR_MID,S101,2043,1.0
RE1,DEMINDNGSFUR_MID,S101,2044,1.0
RE1,DEMINDNGSFUR_MID,S101,2045,1.0
RE1,DEMINDNGSFUR_MID,S101,2046,1.0
RE1,DEMINDNGSFUR_MID,S101,2047,1.0
RE1,DEMINDNGSFUR_MID,S101,2048,1.0
RE1,DEMINDNGSFUR_MID,S101,2049,1.0
RE1,DEMINDNGSFUR_MID,S101,2050,1.0
RE1,DEMINDNGSFUR_MID,S101,2051,1.0
RE1,DEMINDNGSFUR_MID,S101,2052,1.0
RE1,DEMINDNGSFUR_MID,S101,2053,1.0
RE1,DEMINDNGSFUR_MID,S101,2054,1.0
RE1,DEMINDNGSFUR_MID,S101,2055,1.0
RE1,DEMINDNGSFUR_MID,S102,2022,1.0
RE1,DEMINDNGSFUR_MID,S102,2023,1.0
RE1,DEMINDNGSFUR_MID,S102,2024,1.0
RE1,DEMINDNGSFUR_MID,S102,2025,1.0
RE1,DEMINDNGSFUR_MID,S102,2026,1.0
RE1,DEMINDNGSFUR_MID,S102,2027,1.0
RE1,DEMINDNGSFUR_MID,S102,2028,1.0
RE1,DEMINDNGSFUR_MID,S102,2029,1.0
RE1,DEMINDNGSFUR_MID,S102,2030,1.0
RE1,DEMINDNGSFUR_MID,S102,2031,1.0
RE1,DEMINDNGSFUR_MID,S102,2032,1.0
RE1,DEMINDNGSFUR_MID,S102,2033,1.0
RE1,DEMINDNGSFUR_MID,S102,2034,1.0
RE1,DEMINDNGSFUR_MID,S102,2035,1.0
RE1,DEMINDNGSFUR_MID,S102,2036,1.0
RE1,DEMINDNGSFUR_MID,S102,2037,1.0
RE1,DEMINDNGSFUR_MID,S102,2038,1.0
RE1,DEMINDNGSFUR_MID,S102,2039,1.0
RE1,DEMINDNGSFUR_MID,S102,2040,1.0
RE1,DEMINDNGSFUR_MID,S102,2041,1.0
RE1,DEMINDNGSFUR_MID,S102,2042,1.0
RE1,DEMINDNGSFUR_MID,S102,2043,1.0
RE1,DEMINDNGSFUR_MID,S102,2044,1.0
RE1,DEMINDNGSFUR_MID,S102,2045,1.0
RE1,DEMINDNGSFUR_MID,S102,2046,1.0
RE1,DEMINDNGSFUR_MID,S102,2047,1.0
RE1,DEMINDNGSFUR_MID,S102,2048,1.0
RE1,DEMINDNGSFUR_MID,S102,2049,1.0
RE1,DEMINDNGSFUR_MID,S102,2050,1.0
RE1,DEMINDNGSFUR_MID,S102,2051,1.0
RE1,DEMINDNGSFUR_MID,S102,2052,1.0
RE1,DEMINDNGSFUR_MID,S102,2053,1.0
RE1,DEMINDNGSFUR_MID,S102,2054,1.0
RE1,DEMINDNGSFUR_MID,S102,2055,1.0
RE1,DEMINDWASBOI_HIG,S101,2022,1.0
RE1,DEMINDWASBOI_HIG,S101,2023,1.0
RE1,DEMINDWASBOI_HIG,S101,2024,1.0
RE1,DEMINDWASBOI_HIG,S101,2025,1.0
RE1,DEMINDWASBOI_HIG,S101,2026,1.0
RE1,DEMINDWASBOI_HIG,S101,2027,1.0
RE1,DEMINDWASBOI_HIG,S101,2028,1.0
RE1,DEMINDWASBOI_HIG,S101,2029,1.0
RE1,DEMINDWASBOI_HIG,S101,2030,1.0
RE1,DEMINDWASBOI_HIG,S101,2031,1.0
RE1,DEMINDWASBOI_HIG,S101,2032,1.0
RE1,DEMINDWASBOI_HIG,S101,2033,1.0
RE1,DEMINDWASBOI_HIG,S101,2034,1.0
RE1,DEMINDWASBOI_HIG,S101,2035,1.0
RE1,DEMINDWASBOI_HIG,S101,2036,1.0
RE1,DEMINDWASBOI_HIG,S101,2037,1.0
RE1,DEMINDWASBOI_HIG,S101,2038,1.0
RE1,DEMINDWASBOI_HIG,S101,2039,1.0
RE1,DEMINDWASBOI_HIG,S101,2040,1.0
RE1,DEMINDWASBOI_HIG,S101,2041,1.0
RE1,DEMINDWASBOI_HIG,S101,2042,1.0
RE1,DEMINDWASBOI_HIG,S101,2043,1.0
RE1,DEMINDWASBOI_HIG,S101,2044,1.0
RE1,DEMINDWASBOI_HIG,S101,2045,1.0
RE1,DEMINDWASBOI_HIG,S101,2046,1.0
RE1,DEMINDWASBOI_HIG,S101,2047,1.0
RE1,DEMINDWASBOI_HIG,S101,2048,1.0
RE1,DEMINDWASBOI_HIG,S101,2049,1.0
RE1,DEMINDWASBOI_HIG,S101,2050,1.0
RE1,DEMINDWASBOI_HIG,S101,2051,1.0
RE1,DEMINDWASBOI_HIG,S101,2052,1.0
RE1,DEMINDWASBOI_HIG,S101,2053,1.0
RE1,DEMINDWASBOI_HIG,S101,2054,1.0
RE1,DEMINDWASBOI_HIG,S101,2055,1.0
RE1,DEMINDWASBOI_HIG,S102,2022,1.0
RE1,DEMINDWASBOI_HIG,S102,2023,1.0
RE1,DEMINDWASBOI_HIG,S102,2024,1.0
RE1,DEMINDWASBOI_HIG,S102,2025,1.0
RE1,DEMINDWASBOI_HIG,S102,2026,1.0
RE1,DEMINDWASBOI_HIG,S102,2027,1.0
RE1,DEMINDWASBOI_HIG,S102,2028,1.0
RE1,DEMINDWASBOI_HIG,S102,2029,1.0
RE1,DEMINDWASBOI_HIG,S102,2030,1.0
RE1,DEMINDWASBOI_HIG,S102,2031,1.0
RE1,DEMINDWASBOI_HIG,S102,2032,1.0
RE1,DEMINDWASBOI_HIG,S102,2033,1.0
RE1,DEMINDWASBOI_HIG,S102,2034,1.0
RE1,DEMINDWASBOI_HIG,S102,2035,1.0
RE1,DEMINDWASBOI_HIG,S102,2036,1.0
RE1,DEMINDWASBOI_HIG,S102,2037,1.0
RE1,DEMINDWASBOI_HIG,S102,2038,1.0
RE1,DEMINDWASBOI_HIG,S102,2039,1.0
RE1,DEMINDWASBOI_HIG,S102,2040,1.0
RE1,DEMINDWASBOI_HIG,S102,2041,1.0
RE1,DEMINDWASBOI_HIG,S102,2042,1.0
RE1,DEMINDWASBOI_HIG,S102,2043,1.0
RE1,DEMINDWASBOI_HIG,S102,2044,1.0
RE1,DEMINDWASBOI_HIG,S102,2045,1.0
RE1,DEMINDWASBOI_HIG,S102,2046,1.0
RE1,DEMINDWASBOI_HIG,S102,2047,1.0
RE1,DEMINDWASBOI_HIG,S102,2048,1.0
RE1,DEMINDWASBOI_HIG,S102,2049,1.0
RE1,DEMINDWASBOI_HIG,S102,2050,1.0
RE1,DEMINDWASBOI_HIG,S102,2051,1.0
RE1,DEMINDWASBOI_HIG,S102,2052,1.0
RE1,DEMINDWASBOI_HIG,S102,2053,1.0
RE1,DEMINDWASBOI_HIG,S102,2054,1.0
RE1,DEMINDWASBOI_HIG,S102,2055,1.0
RE1,DEMINDWASBOI_LOW,S101,2022,1.0
RE1,DEMINDWASBOI_LOW,S101,2023,1.0
RE1,DEMINDWASBOI_LOW,S101,2024,1.0
RE1,DEMINDWASBOI_LOW,S101,2025,1.0
RE1,DEMINDWASBOI_LOW,S101,2026,1.0
RE1,DEMINDWASBOI_LOW,S101,2027,1.0
RE1,DEMINDWASBOI_LOW,S101,2028,1.0
RE1,DEMINDWASBOI_LOW,S101,2029,1.0
RE1,DEMINDWASBOI_LOW,S101,2030,1.0
RE1,DEMINDWASBOI_LOW,S101,2031,1.0
RE1,DEMINDWASBOI_LOW,S101,2032,1.0
RE1,DEMINDWASBOI_LOW,S101,2033,1.0
RE1,DEMINDWASBOI_LOW,S101,2034,1.0
RE1,DEMINDWASBOI_LOW,S101,2035,1.0
RE1,DEMINDWASBOI_LOW,S101,2036,1.0
RE1,DEMINDWASBOI_LOW,S101,2037,1.0
RE1,DEMINDWASBOI_LOW,S101,2038,1.0
RE1,DEMINDWASBOI_LOW,S101,2039,1.0
RE1,DEMINDWASBOI_LOW,S101,2040,1.0
RE1,DEMINDWASBOI_LOW,S101,2041,1.0
RE1,DEMINDWASBOI_LOW,S101,2042,1.0
RE1,DEMINDWASBOI_LOW,S101,2043,1.0
RE1,DEMINDWASBOI_LOW,S101,2044,1.0
RE1,DEMINDWASBOI_LOW,S101,2045,1.0
RE1,DEMINDWASBOI_LOW,S101,2046,1.0
RE1,DEMINDWASBOI_LOW,S101,2047,1.0
RE1,DEMINDWASBOI_LOW,S101,2048,1.0
RE1,DEMINDWASBOI_LOW,S101,2049,1.0
RE1,DEMINDWASBOI_LOW,S101,2050,1.0
RE1,DEMINDWASBOI_LOW,S101,2051,1.0
RE1,DEMINDWASBOI_LOW,S101,2052,1.0
RE1,DEMINDWASBOI_LOW,S101,2053,1.0
RE1,DEMINDWASBOI_LOW,S101,2054,1.0
RE1,DEMINDWASBOI_LOW,S101,2055,1.0
RE1,DEMINDWASBOI_LOW,S102,2022,1.0
RE1,DEMINDWASBOI_LOW,S102,2023,1.0
RE1,DEMINDWASBOI_LOW,S102,2024,1.0
RE1,DEMINDWASBOI_LOW,S102,2025,1.0
RE1,DEMINDWASBOI_LOW,S102,2026,1.0
RE1,DEMINDWASBOI_LOW,S102,2027,1.0
RE1,DEMINDWASBOI_LOW,S102,2028,1.0
RE1,DEMINDWASBOI_LOW,S102,2029,1.0
RE1,DEMINDWASBOI_LOW,S102,2030,1.0
RE1,DEMINDWASBOI_LOW,S102,2031,1.0
RE1,DEMINDWASBOI_LOW,S102,2032,1.0
RE1,DEMINDWASBOI_LOW,S102,2033,1.0
RE1,DEMINDWASBOI_LOW,S102,2034,1.0
RE1,DEMINDWASBOI_LOW,S102,2035,1.0
RE1,DEMINDWASBOI_LOW,S102,2036,1.0
RE1,DEMINDWASBOI_LOW,S102,2037,1.0
RE1,DEMINDWASBOI_LOW,S102,2038,1.0
RE1,DEMINDWASBOI_LOW,S102,2039,1.0
RE1,DEMINDWASBOI_LOW,S102,2040,1.0
RE1,DEMINDWASBOI_LOW,S102,2041,1.0
RE1,DEMINDWASBOI_LOW,S102,2042,1.0
RE1,DEMINDWASBOI_LOW,S102,2043,1.0
RE1,DEMINDWASBOI_LOW,S102,2044,1.0
RE1,DEMINDWASBOI_LOW,S102,2045,1.0
RE1,DEMINDWASBOI_LOW,S102,2046,1.0
RE1,DEMINDWASBOI_LOW,S102,2047,1.0
RE1,DEMINDWASBOI_LOW,S102,2048,1.0
RE1,DEMINDWASBOI_LOW,S102,2049,1.0
RE1,DEMINDWASBOI_LOW,S102,2050,1.0
RE1,DEMINDWASBOI_LOW,S102,2051,1.0
RE1,DEMINDWASBOI_LOW,S102,2052,1.0
RE1,DEMINDWASBOI_LOW,S102,2053,1.0
RE1,DEMINDWASBOI_LOW,S102,2054,1.0
RE1,DEMINDWASBOI_LOW,S102,2055,1.0
RE1,DEMINDWASBOI_MID,S101,2022,1.0
RE1,DEMINDWASBOI_MID,S101,2023,1.0
RE1,DEMINDWASBOI_MID,S101,2024,1.0
RE1,DEMINDWASBOI_MID,S101,2025,1.0
RE1,DEMINDWASBOI_MID,S101,2026,1.0
RE1,DEMINDWASBOI_MID,S101,2027,1.0
RE1,DEMINDWASBOI_MID,S101,2028,1.0
RE1,DEMINDWASBOI_MID,S101,2029,1.0
RE1,DEMINDWASBOI_MID,S101,2030,1.0
RE1,DEMINDWASBOI_MID,S101,2031,1.0
RE1,DEMINDWASBOI_MID,S101,2032,1.0
RE1,DEMINDWASBOI_MID,S101,2033,1.0
RE1,DEMINDWASBOI_MID,S101,2034,1.0
RE1,DEMINDWASBOI_MID,S101,2035,1.0
RE1,DEMINDWASBOI_MID,S101,2036,1.0
RE1,DEMINDWASBOI_MID,S101,2037,1.0
RE1,DEMINDWASBOI_MID,S101,2038,1.0
RE1,DEMINDWASBOI_MID,S101,2039,1.0
RE1,DEMINDWASBOI_MID,S101,2040,1.0
RE1,DEMINDWASBOI_MID,S101,2041,1.0
RE1,DEMINDWASBOI_MID,S101,2042,1.0
RE1,DEMINDWASBOI_MID,S101,2043,1.0
RE1,DEMINDWASBOI_MID,S101,2044,1.0
RE1,DEMINDWASBOI_MID,S101,2045,1.0
RE1,DEMINDWASBOI_MID,S101,2046,1.0
RE1,DEMINDWASBOI_MID,S101,2047,1.0
RE1,DEMINDWASBOI_MID,S101,2048,1.0
RE1,DEMINDWASBOI_MID,S101,2049,1.0
RE1,DEMINDWASBOI_MID,S101,2050,1.0
RE1,DEMINDWASBOI_MID,S101,2051,1.0
RE1,DEMINDWASBOI_MID,S101,2052,1.0
RE1,DEMINDWASBOI_MID,S101,2053,1.0
RE1,DEMINDWASBOI_MID,S101,2054,1.0
RE1,DEMINDWASBOI_MID,S101,2055,1.0
RE1,DEMINDWASBOI_MID,S102,2022,1.0
RE1,DEMINDWASBOI_MID,S102,2023,1.0
RE1,DEMINDWASBOI_MID,S102,2024,1.0
RE1,DEMINDWASBOI_MID,S102,2025,1.0
RE1,DEMINDWASBOI_MID,S102,2026,1.0
RE1,DEMINDWASBOI_MID,S102,2027,1.0
RE1,DEMINDWASBOI_MID,S102,2028,1.0
RE1,DEMINDWASBOI_MID,S102,2029,1.0
RE1,DEMINDWASBOI_MID,S102,2030,1.0
RE1,DEMINDWASBOI_MID,S102,2031,1.0
RE1,DEMINDWASBOI_MID,S102,2032,1.0
RE1,DEMINDWASBOI_MID,S102,2033,1.0
RE1,DEMINDWASBOI_MID,S102,2034,1.0
RE1,DEMINDWASBOI_MID,S102,2035,1.0
RE1,DEMINDWASBOI_MID,S102,2036,1.0
RE1,DEMINDWASBOI_MID,S102,2037,1.0
RE1,DEMINDWASBOI_MID,S102,2038,1.0
RE1,DEMINDWASBOI_MID,S102,2039,1.0
RE1,DEMINDWASBOI_MID,S102,2040,1.0
RE1,DEMINDWASBOI_MID,S102,2041,1.0
RE1,DEMINDWASBOI_MID,S102,2042,1.0
RE1,DEMINDWASBOI_MID,S102,2043,1.0
RE1,DEMINDWASBOI_MID,S102,2044,1.0
RE1,DEMINDWASBOI_MID,S102,2045,1.0
RE1,DEMINDWASBOI_MID,S102,2046,1.0
RE1,DEMINDWASBOI_MID,S102,2047,1.0
RE1,DEMINDWASBOI_MID,S102,2048,1.0
RE1,DEMINDWASBOI_MID,S102,2049,1.0
RE1,DEMINDWASBOI_MID,S102,2050,1.0
RE1,DEMINDWASBOI_MID,S102,2051,1.0
RE1,DEMINDWASBOI_MID,S102,2052,1.0
RE1,DEMINDWASBOI_MID,S102,2053,1.0
RE1,DEMINDWASBOI_MID,S102,2054,1.0
RE1,DEMINDWASBOI_MID,S102,2055,1.0
RE1,DEMINDWASFUR_HIG,S101,2022,1.0
RE1,DEMINDWASFUR_HIG,S101,2023,1.0
RE1,DEMINDWASFUR_HIG,S101,2024,1.0
RE1,DEMINDWASFUR_HIG,S101,2025,1.0
RE1,DEMINDWASFUR_HIG,S101,2026,1.0
RE1,DEMINDWASFUR_HIG,S101,2027,1.0
RE1,DEMINDWASFUR_HIG,S101,2028,1.0
RE1,DEMINDWASFUR_HIG,S101,2029,1.0
RE1,DEMINDWASFUR_HIG,S101,2030,1.0
RE1,DEMINDWASFUR_HIG,S101,2031,1.0
RE1,DEMINDWASFUR_HIG,S101,2032,1.0
RE1,DEMINDWASFUR_HIG,S101,2033,1.0
RE1,DEMINDWASFUR_HIG,S101,2034,1.0
RE1,DEMINDWASFUR_HIG,S101,2035,1.0
RE1,DEMINDWASFUR_HIG,S101,2036,1.0
RE1,DEMINDWASFUR_HIG,S101,2037,1.0
RE1,DEMINDWASFUR_HIG,S101,2038,1.0
RE1,DEMINDWASFUR_HIG,S101,2039,1.0
RE1,DEMINDWASFUR_HIG,S101,2040,1.0
RE1,DEMINDWASFUR_HIG,S101,2041,1.0
RE1,DEMINDWASFUR_HIG,S101,2042,1.0
RE1,DEMINDWASFUR_HIG,S101,2043,1.0
RE1,DEMINDWASFUR_HIG,S101,2044,1.0
RE1,DEMINDWASFUR_HIG,S101,2045,1.0
RE1,DEMINDWASFUR_HIG,S101,2046,1.0
RE1,DEMINDWASFUR_HIG,S101,2047,1.0
RE1,DEMINDWASFUR_HIG,S101,2048,1.0
RE1,DEMINDWASFUR_HIG,S101,2049,1.0
RE1,DEMINDWASFUR_HIG,S101,2050,1.0
RE1,DEMINDWASFUR_HIG,S101,2051,1.0
RE1,DEMINDWASFUR_HIG,S101,2052,1.0
RE1,DEMINDWASFUR_HIG,S101,2053,1.0
RE1,DEMINDWASFUR_HIG,S101,2054,1.0
RE1,DEMINDWASFUR_HIG,S101,2055,1.0
RE1,DEMINDWASFUR_HIG,S102,2022,1.0
RE1,DEMINDWASFUR_HIG,S102,2023,1.0
RE1,DEMINDWASFUR_HIG,S102,2024,1.0
RE1,DEMINDWASFUR_HIG,S102,2025,1.0
RE1,DEMINDWASFUR_HIG,S102,2026,1.0
RE1,DEMINDWASFUR_HIG,S102,2027,1.0
RE1,DEMINDWASFUR_HIG,S102,2028,1.0
RE1,DEMINDWASFUR_HIG,S102,2029,1.0
RE1,DEMINDWASFUR_HIG,S102,2030,1.0
RE1,DEMINDWASFUR_HIG,S102,2031,1.0
RE1,DEMINDWASFUR_HIG,S102,2032,1.0
RE1,DEMINDWASFUR_HIG,S102,2033,1.0
RE1,DEMINDWASFUR_HIG,S102,2034,1.0
RE1,DEMINDWASFUR_HIG,S102,2035,1.0
RE1,DEMINDWASFUR_HIG,S102,2036,1.0
RE1,DEMINDWASFUR_HIG,S102,2037,1.0
RE1,DEMINDWASFUR_HIG,S102,2038,1.0
RE1,DEMINDWASFUR_HIG,S102,2039,1.0
RE1,DEMINDWASFUR_HIG,S102,2040,1.0
RE1,DEMINDWASFUR_HIG,S102,2041,1.0
RE1,DEMINDWASFUR_HIG,S102,2042,1.0
RE1,DEMINDWASFUR_HIG,S102,2043,1.0
RE1,DEMINDWASFUR_HIG,S102,2044,1.0
RE1,DEMINDWASFUR_HIG,S102,2045,1.0
RE1,DEMINDWASFUR_HIG,S102,2046,1.0
RE1,DEMINDWASFUR_HIG,S102,2047,1.0
RE1,DEMINDWASFUR_HIG,S102,2048,1.0
RE1,DEMINDWASFUR_HIG,S102,2049,1.0
RE1,DEMINDWASFUR_HIG,S102,2050,1.0
RE1,DEMINDWASFUR_HIG,S102,2051,1.0
RE1,DEMINDWASFUR_HIG,S102,2052,1.0
RE1,DEMINDWASFUR_HIG,S102,2053,1.0
RE1,DEMINDWASFUR_HIG,S102,2054,1.0
RE1,DEMINDWASFUR_HIG,S102,2055,1.0
RE1,DEMINDWASFUR_LOW,S101,2022,1.0
RE1,DEMINDWASFUR_LOW,S101,2023,1.0
RE1,DEMINDWASFUR_LOW,S101,2024,1.0
RE1,DEMINDWASFUR_LOW,S101,2025,1.0
RE1,DEMINDWASFUR_LOW,S101,2026,1.0
RE1,DEMINDWASFUR_LOW,S101,2027,1.0
RE1,DEMINDWASFUR_LOW,S101,2028,1.0
RE1,DEMINDWASFUR_LOW,S101,2029,1.0
RE1,DEMINDWASFUR_LOW,S101,2030,1.0
RE1,DEMINDWASFUR_LOW,S101,2031,1.0
RE1,DEMINDWASFUR_LOW,S101,2032,1.0
RE1,DEMINDWASFUR_LOW,S101,2033,1.0
RE1,DEMINDWASFUR_LOW,S101,2034,1.0
RE1,DEMINDWASFUR_LOW,S101,2035,1.0
RE1,DEMINDWASFUR_LOW,S101,2036,1.0
RE1,DEMINDWASFUR_LOW,S101,2037,1.0
RE1,DEMINDWASFUR_LOW,S101,2038,1.0
RE1,DEMINDWASFUR_LOW,S101,2039,1.0
RE1,DEMINDWASFUR_LOW,S101,2040,1.0
RE1,DEMINDWASFUR_LOW,S101,2041,1.0
RE1,DEMINDWASFUR_LOW,S101,2042,1.0
RE1,DEMINDWASFUR_LOW,S101,2043,1.0
RE1,DEMINDWASFUR_LOW,S101,2044,1.0
RE1,DEMINDWASFUR_LOW,S101,2045,1.0
RE1,DEMINDWASFUR_LOW,S101,2046,1.0
RE1,DEMINDWASFUR_LOW,S101,2047,1.0
RE1,DEMINDWASFUR_LOW,S101,2048,1.0
RE1,DEMINDWASFUR_LOW,S101,2049,1.0
RE1,DEMINDWASFUR_LOW,S101,2050,1.0
RE1,DEMINDWASFUR_LOW,S101,2051,1.0
RE1,DEMINDWASFUR_LOW,S101,2052,1.0
RE1,DEMINDWASFUR_LOW,S101,2053,1.0
RE1,DEMINDWASFUR_LOW,S101,2054,1.0
RE1,DEMINDWASFUR_LOW,S101,2055,1.0
RE1,DEMINDWASFUR_LOW,S102,2022,1.0
RE1,DEMINDWASFUR_LOW,S102,2023,1.0
RE1,DEMINDWASFUR_LOW,S102,2024,1.0
RE1,DEMINDWASFUR_LOW,S102,2025,1.0
RE1,DEMINDWASFUR_LOW,S102,2026,1.0
RE1,DEMINDWASFUR_LOW,S102,2027,1.0
RE1,DEMINDWASFUR_LOW,S102,2028,1.0
RE1,DEMINDWASFUR_LOW,S102,2029,1.0
RE1,DEMINDWASFUR_LOW,S102,2030,1.0
RE1,DEMINDWASFUR_LOW,S102,2031,1.0
RE1,DEMINDWASFUR_LOW,S102,2032,1.0
RE1,DEMINDWASFUR_LOW,S102,2033,1.0
RE1,DEMINDWASFUR_LOW,S102,2034,1.0
RE1,DEMINDWASFUR_LOW,S102,2035,1.0
RE1,DEMINDWASFUR_LOW,S102,2036,1.0
RE1,DEMINDWASFUR_LOW,S102,2037,1.0
RE1,DEMINDWASFUR_LOW,S102,2038,1.0
RE1,DEMINDWASFUR_LOW,S102,2039,1.0
RE1,DEMINDWASFUR_LOW,S102,2040,1.0
RE1,DEMINDWASFUR_LOW,S102,2041,1.0
RE1,DEMINDWASFUR_LOW,S102,2042,1.0
RE1,DEMINDWASFUR_LOW,S102,2043,1.0
RE1,DEMINDWASFUR_LOW,S102,2044,1.0
RE1,DEMINDWASFUR_LOW,S102,2045,1.0
RE1,DEMINDWASFUR_LOW,S102,2046,1.0
RE1,DEMINDWASFUR_LOW,S102,2047,1.0
RE1,DEMINDWASFUR_LOW,S102,2048,1.0
RE1,DEMINDWASFUR_LOW,S102,2049,1.0
RE1,DEMINDWASFUR_LOW,S102,2050,1.0
RE1,DEMINDWASFUR_LOW,S102,2051,1.0
RE1,DEMINDWASFUR_LOW,S102,2052,1.0
RE1,DEMINDWASFUR_LOW,S102,2053,1.0
RE1,DEMINDWASFUR_LOW,S102,2054,1.0
RE1,DEMINDWASFUR_LOW,S102,2055,1.0
RE1,DEMINDWASFUR_MID,S101,2022,1.0
RE1,DEMINDWASFUR_MID,S101,2023,1.0
RE1,DEMINDWASFUR_MID,S101,2024,1.0
RE1,DEMINDWASFUR_MID,S101,2025,1.0
RE1,DEMINDWASFUR_MID,S101,2026,1.0
RE1,DEMINDWASFUR_MID,S101,2027,1.0
RE1,DEMINDWASFUR_MID,S101,2028,1.0
RE1,DEMINDWASFUR_MID,S101,2029,1.0
RE1,DEMINDWASFUR_MID,S101,2030,1.0
RE1,DEMINDWASFUR_MID,S101,2031,1.0
RE1,DEMINDWASFUR_MID,S101,2032,1.0
RE1,DEMINDWASFUR_MID,S101,2033,1.0
RE1,DEMINDWASFUR_MID,S101,2034,1.0
RE1,DEMINDWASFUR_MID,S101,2035,1.0
RE1,DEMINDWASFUR_MID,S101,2036,1.0
RE1,DEMINDWASFUR_MID,S101,2037,1.0
RE1,DEMINDWASFUR_MID,S101,2038,1.0
RE1,DEMINDWASFUR_MID,S101,2039,1.0
RE1,DEMINDWASFUR_MID,S101,2040,1.0
RE1,DEMINDWASFUR_MID,S101,2041,1.0
RE1,DEMINDWASFUR_MID,S101,2042,1.0
RE1,DEMINDWASFUR_MID,S101,2043,1.0
RE1,DEMINDWASFUR_MID,S101,2044,1.0
RE1,DEMINDWASFUR_MID,S101,2045,1.0
RE1,DEMINDWASFUR_MID,S101,2046,1.0
RE1,DEMINDWASFUR_MID,S101,2047,1.0
RE1,DEMINDWASFUR_MID,S101,2048,1.0
RE1,DEMINDWASFUR_MID,S101,2049,1.0
RE1,DEMINDWASFUR_MID,S101,2050,1.0
RE1,DEMINDWASFUR_MID,S101,2051,1.0
RE1,DEMINDWASFUR_MID,S101,2052,1.0
RE1,DEMINDWASFUR_MID,S101,2053,1.0
RE1,DEMINDWASFUR_MID,S101,2054,1.0
RE1,DEMINDWASFUR_MID,S101,2055,1.0
RE1,DEMINDWASFUR_MID,S102,2022,1.0
RE1,DEMINDWASFUR_MID,S102,2023,1.0
RE1,DEMINDWASFUR_MID,S102,2024,1.0
RE1,DEMINDWASFUR_MID,S102,2025,1.0
RE1,DEMINDWASFUR_MID,S102,2026,1.0
RE1,DEMINDWASFUR_MID,S102,2027,1.0
RE1,DEMINDWASFUR_MID,S102,2028,1.0
RE1,DEMINDWASFUR_MID,S102,2029,1.0
RE1,DEMINDWASFUR_MID,S102,2030,1.0
RE1,DEMINDWASFUR_MID,S102,2031,1.0
RE1,DEMINDWASFUR_MID,S102,2032,1.0
RE1,DEMINDWASFUR_MID,S102,2033,1.0
RE1,DEMINDWASFUR_MID,S102,2034,1.0
RE1,DEMINDWASFUR_MID,S102,2035,1.0
RE1,DEMINDWASFUR_MID,S102,2036,1.0
RE1,DEMINDWASFUR_MID,S102,2037,1.0
RE1,DEMINDWASFUR_MID,S102,2038,1.0
RE1,DEMINDWASFUR_MID,S102,2039,1.0
RE1,DEMINDWASFUR_MID,S102,2040,1.0
RE1,DEMINDWASFUR_MID,S102,2041,1.0
RE1,DEMINDWASFUR_MID,S102,2042,1.0
RE1,DEMINDWASFUR_MID,S102,2043,1.0
RE1,DEMINDWASFUR_MID,S102,2044,1.0
RE1,DEMINDWASFUR_MID,S102,2045,1.0
RE1,DEMINDWASFUR_MID,S102,2046,1.0
RE1,DEMINDWASFUR_MID,S102,2047,1.0
RE1,DEMINDWASFUR_MID,S102,2048,1.0
RE1,DEMINDWASFUR_MID,S102,2049,1.0
RE1,DEMINDWASFUR_MID,S102,2050,1.0
RE1,DEMINDWASFUR_MID,S102,2051,1.0
RE1,DEMINDWASFUR_MID,S102,2052,1.0
RE1,DEMINDWASFUR_MID,S102,2053,1.0
RE1,DEMINDWASFUR_MID,S102,2054,1.0
RE1,DEMINDWASFUR_MID,S102,2055,1.0
RE1,DEMMINIDSL,S101,2022,1.0
RE1,DEMMINIDSL,S101,2023,1.0
RE1,DEMMINIDSL,S101,2024,1.0
RE1,DEMMINIDSL,S101,2025,1.0
RE1,DEMMINIDSL,S101,2026,1.0
RE1,DEMMINIDSL,S101,2027,1.0
RE1,DEMMINIDSL,S101,2028,1.0
RE1,DEMMINIDSL,S101,2029,1.0
RE1,DEMMINIDSL,S101,2030,1.0
RE1,DEMMINIDSL,S101,2031,1.0
RE1,DEMMINIDSL,S101,2032,1.0
RE1,DEMMINIDSL,S101,2033,1.0
RE1,DEMMINIDSL,S101,2034,1.0
RE1,DEMMINIDSL,S101,2035,1.0
RE1,DEMMINIDSL,S101,2036,1.0
RE1,DEMMINIDSL,S101,2037,1.0
RE1,DEMMINIDSL,S101,2038,1.0
RE1,DEMMINIDSL,S101,2039,1.0
RE1,DEMMINIDSL,S101,2040,1.0
RE1,DEMMINIDSL,S101,2041,1.0
RE1,DEMMINIDSL,S101,2042,1.0
RE1,DEMMINIDSL,S101,2043,1.0
RE1,DEMMINIDSL,S101,2044,1.0
RE1,DEMMINIDSL,S101,2045,1.0
RE1,DEMMINIDSL,S101,2046,1.0
RE1,DEMMINIDSL,S101,2047,1.0
RE1,DEMMINIDSL,S101,2048,1.0
RE1,DEMMINIDSL,S101,2049,1.0
RE1,DEMMINIDSL,S101,2050,1.0
RE1,DEMMINIDSL,S101,2051,1.0
RE1,DEMMINIDSL,S101,2052,1.0
RE1,DEMMINIDSL,S101,2053,1.0
RE1,DEMMINIDSL,S101,2054,1.0
RE1,DEMMINIDSL,S101,2055,1.0
RE1,DEMMINIDSL,S102,2022,1.0
RE1,DEMMINIDSL,S102,2023,1.0
RE1,DEMMINIDSL,S102,2024,1.0
RE1,DEMMINIDSL,S102,2025,1.0
RE1,DEMMINIDSL,S102,2026,1.0
RE1,DEMMINIDSL,S102,2027,1.0
RE1,DEMMINIDSL,S102,2028,1.0
RE1,DEMMINIDSL,S102,2029,1.0
RE1,DEMMINIDSL,S102,2030,1.0
RE1,DEMMINIDSL,S102,2031,1.0
RE1,DEMMINIDSL,S102,2032,1.0
RE1,DEMMINIDSL,S102,2033,1.0
RE1,DEMMINIDSL,S102,2034,1.0
RE1,DEMMINIDSL,S102,2035,1.0
RE1,DEMMINIDSL,S102,2036,1.0
RE1,DEMMINIDSL,S102,2037,1.0
RE1,DEMMINIDSL,S102,2038,1.0
RE1,DEMMINIDSL,S102,2039,1.0
RE1,DEMMINIDSL,S102,2040,1.0
RE1,DEMMINIDSL,S102,2041,1.0
RE1,DEMMINIDSL,S102,2042,1.0
RE1,DEMMINIDSL,S102,2043,1.0
RE1,DEMMINIDSL,S102,2044,1.0
RE1,DEMMINIDSL,S102,2045,1.0
RE1,DEMMINIDSL,S102,2046,1.0
RE1,DEMMINIDSL,S102,2047,1.0
RE1,DEMMINIDSL,S102,2048,1.0
RE1,DEMMINIDSL,S102,2049,1.0
RE1,DEMMINIDSL,S102,2050,1.0
RE1,DEMMINIDSL,S102,2051,1.0
RE1,DEMMINIDSL,S102,2052,1.0
RE1,DEMMINIDSL,S102,2053,1.0
RE1,DEMMINIDSL,S102,2054,1.0
RE1,DEMMINIDSL,S102,2055,1.0
RE1,DEMMINIELC,S101,2022,1.0
RE1,DEMMINIELC,S101,2023,1.0
RE1,DEMMINIELC,S101,2024,1.0
RE1,DEMMINIELC,S101,2025,1.0
RE1,DEMMINIELC,S101,2026,1.0
RE1,DEMMINIELC,S101,2027,1.0
RE1,DEMMINIELC,S101,2028,1.0
RE1,DEMMINIELC,S101,2029,1.0
RE1,DEMMINIELC,S101,2030,1.0
RE1,DEMMINIELC,S101,2031,1.0
RE1,DEMMINIELC,S101,2032,1.0
RE1,DEMMINIELC,S101,2033,1.0
RE1,DEMMINIELC,S101,2034,1.0
RE1,DEMMINIELC,S101,2035,1.0
RE1,DEMMINIELC,S101,2036,1.0
RE1,DEMMINIELC,S101,2037,1.0
RE1,DEMMINIELC,S101,2038,1.0
RE1,DEMMINIELC,S101,2039,1.0
RE1,DEMMINIELC,S101,2040,1.0
RE1,DEMMINIELC,S101,2041,1.0
RE1,DEMMINIELC,S101,2042,1.0
RE1,DEMMINIELC,S101,2043,1.0
RE1,DEMMINIELC,S101,2044,1.0
RE1,DEMMINIELC,S101,2045,1.0
RE1,DEMMINIELC,S101,2046,1.0
RE1,DEMMINIELC,S101,2047,1.0
RE1,DEMMINIELC,S101,2048,1.0
RE1,DEMMINIELC,S101,2049,1.0
RE1,DEMMINIELC,S101,2050,1.0
RE1,DEMMINIELC,S101,2051,1.0
RE1,DEMMINIELC,S101,2052,1.0
RE1,DEMMINIELC,S101,2053,1.0
RE1,DEMMINIELC,S101,2054,1.0
RE1,DEMMINIELC,S101,2055,1.0
RE1,DEMMINIELC,S102,2022,1.0
RE1,DEMMINIELC,S102,2023,1.0
RE1,DEMMINIELC,S102,2024,1.0
RE1,DEMMINIELC,S102,2025,1.0
RE1,DEMMINIELC,S102,2026,1.0
RE1,DEMMINIELC,S102,2027,1.0
RE1,DEMMINIELC,S102,2028,1.0
RE1,DEMMINIELC,S102,2029,1.0
RE1,DEMMINIELC,S102,2030,1.0
RE1,DEMMINIELC,S102,2031,1.0
RE1,DEMMINIELC,S102,2032,1.0
RE1,DEMMINIELC,S102,2033,1.0
RE1,DEMMINIELC,S102,2034,1.0
RE1,DEMMINIELC,S102,2035,1.0
RE1,DEMMINIELC,S102,2036,1.0
RE1,DEMMINIELC,S102,2037,1.0
RE1,DEMMINIELC,S102,2038,1.0
RE1,DEMMINIELC,S102,2039,1.0
RE1,DEMMINIELC,S102,2040,1.0
RE1,DEMMINIELC,S102,2041,1.0
RE1,DEMMINIELC,S102,2042,1.0
RE1,DEMMINIELC,S102,2043,1.0
RE1,DEMMINIELC,S102,2044,1.0
RE1,DEMMINIELC,S102,2045,1.0
RE1,DEMMINIELC,S102,2046,1.0
RE1,DEMMINIELC,S102,2047,1.0
RE1,DEMMINIELC,S102,2048,1.0
RE1,DEMMINIELC,S102,2049,1.0
RE1,DEMMINIELC,S102,2050,1.0
RE1,DEMMINIELC,S102,2051,1.0
RE1,DEMMINIELC,S102,2052,1.0
RE1,DEMMINIELC,S102,2053,1.0
RE1,DEMMINIELC,S102,2054,1.0
RE1,DEMMINIELC,S102,2055,1.0
RE1,DEMMINIGSL,S101,2022,1.0
RE1,DEMMINIGSL,S101,2023,1.0
RE1,DEMMINIGSL,S101,2024,1.0
RE1,DEMMINIGSL,S101,2025,1.0
RE1,DEMMINIGSL,S101,2026,1.0
RE1,DEMMINIGSL,S101,2027,1.0
RE1,DEMMINIGSL,S101,2028,1.0
RE1,DEMMINIGSL,S101,2029,1.0
RE1,DEMMINIGSL,S101,2030,1.0
RE1,DEMMINIGSL,S101,2031,1.0
RE1,DEMMINIGSL,S101,2032,1.0
RE1,DEMMINIGSL,S101,2033,1.0
RE1,DEMMINIGSL,S101,2034,1.0
RE1,DEMMINIGSL,S101,2035,1.0
RE1,DEMMINIGSL,S101,2036,1.0
RE1,DEMMINIGSL,S101,2037,1.0
RE1,DEMMINIGSL,S101,2038,1.0
RE1,DEMMINIGSL,S101,2039,1.0
RE1,DEMMINIGSL,S101,2040,1.0
RE1,DEMMINIGSL,S101,2041,1.0
RE1,DEMMINIGSL,S101,2042,1.0
RE1,DEMMINIGSL,S101,2043,1.0
RE1,DEMMINIGSL,S101,2044,1.0
RE1,DEMMINIGSL,S101,2045,1.0
RE1,DEMMINIGSL,S101,2046,1.0
RE1,DEMMINIGSL,S101,2047,1.0
RE1,DEMMINIGSL,S101,2048,1.0
RE1,DEMMINIGSL,S101,2049,1.0
RE1,DEMMINIGSL,S101,2050,1.0
RE1,DEMMINIGSL,S101,2051,1.0
RE1,DEMMINIGSL,S101,2052,1.0
RE1,DEMMINIGSL,S101,2053,1.0
RE1,DEMMINIGSL,S101,2054,1.0
RE1,DEMMINIGSL,S101,2055,1.0
RE1,DEMMINIGSL,S102,2022,1.0
RE1,DEMMINIGSL,S102,2023,1.0
RE1,DEMMINIGSL,S102,2024,1.0
RE1,DEMMINIGSL,S102,2025,1.0
RE1,DEMMINIGSL,S102,2026,1.0
RE1,DEMMINIGSL,S102,2027,1.0
RE1,DEMMINIGSL,S102,2028,1.0
RE1,DEMMINIGSL,S102,2029,1.0
RE1,DEMMINIGSL,S102,2030,1.0
RE1,DEMMINIGSL,S102,2031,1.0
RE1,DEMMINIGSL,S102,2032,1.0
RE1,DEMMINIGSL,S102,2033,1.0
RE1,DEMMINIGSL,S102,2034,1.0
RE1,DEMMINIGSL,S102,2035,1.0
RE1,DEMMINIGSL,S102,2036,1.0
RE1,DEMMINIGSL,S102,2037,1.0
RE1,DEMMINIGSL,S102,2038,1.0
RE1,DEMMINIGSL,S102,2039,1.0
RE1,DEMMINIGSL,S102,2040,1.0
RE1,DEMMINIGSL,S102,2041,1.0
RE1,DEMMINIGSL,S102,2042,1.0
RE1,DEMMINIGSL,S102,2043,1.0
RE1,DEMMINIGSL,S102,2044,1.0
RE1,DEMMINIGSL,S102,2045,1.0
RE1,DEMMINIGSL,S102,2046,1.0
RE1,DEMMINIGSL,S102,2047,1.0
RE1,DEMMINIGSL,S102,2048,1.0
RE1,DEMMINIGSL,S102,2049,1.0
RE1,DEMMINIGSL,S102,2050,1.0
RE1,DEMMINIGSL,S102,2051,1.0
RE1,DEMMINIGSL,S102,2052,1.0
RE1,DEMMINIGSL,S102,2053,1.0
RE1,DEMMINIGSL,S102,2054,1.0
RE1,DEMMINIGSL,S102,2055,1.0
RE1,DEMMININGS,S101,2022,1.0
RE1,DEMMININGS,S101,2023,1.0
RE1,DEMMININGS,S101,2024,1.0
RE1,DEMMININGS,S101,2025,1.0
RE1,DEMMININGS,S101,2026,1.0
RE1,DEMMININGS,S101,2027,1.0
RE1,DEMMININGS,S101,2028,1.0
RE1,DEMMININGS,S101,2029,1.0
RE1,DEMMININGS,S101,2030,1.0
RE1,DEMMININGS,S101,2031,1.0
RE1,DEMMININGS,S101,2032,1.0
RE1,DEMMININGS,S101,2033,1.0
RE1,DEMMININGS,S101,2034,1.0
RE1,DEMMININGS,S101,2035,1.0
RE1,DEMMININGS,S101,2036,1.0
RE1,DEMMININGS,S101,2037,1.0
RE1,DEMMININGS,S101,2038,1.0
RE1,DEMMININGS,S101,2039,1.0
RE1,DEMMININGS,S101,2040,1.0
RE1,DEMMININGS,S101,2041,1.0
RE1,DEMMININGS,S101,2042,1.0
RE1,DEMMININGS,S101,2043,1.0
RE1,DEMMININGS,S101,2044,1.0
RE1,DEMMININGS,S101,2045,1.0
RE1,DEMMININGS,S101,2046,1.0
RE1,DEMMININGS,S101,2047,1.0
RE1,DEMMININGS,S101,2048,1.0
RE1,DEMMININGS,S101,2049,1.0
RE1,DEMMININGS,S101,2050,1.0
RE1,DEMMININGS,S101,2051,1.0
RE1,DEMMININGS,S101,2052,1.0
RE1,DEMMININGS,S101,2053,1.0
RE1,DEMMININGS,S101,2054,1.0
RE1,DEMMININGS,S101,2055,1.0
RE1,DEMMININGS,S102,2022,1.0
RE1,DEMMININGS,S102,2023,1.0
RE1,DEMMININGS,S102,2024,1.0
RE1,DEMMININGS,S102,2025,1.0
RE1,DEMMININGS,S102,2026,1.0
RE1,DEMMININGS,S102,2027,1.0
RE1,DEMMININGS,S102,2028,1.0
RE1,DEMMININGS,S102,2029,1.0
RE1,DEMMININGS,S102,2030,1.0
RE1,DEMMININGS,S102,2031,1.0
RE1,DEMMININGS,S102,2032,1.0
RE1,DEMMININGS,S102,2033,1.0
RE1,DEMMININGS,S102,2034,1.0
RE1,DEMMININGS,S102,2035,1.0
RE1,DEMMININGS,S102,2036,1.0
RE1,DEMMININGS,S102,2037,1.0
RE1,DEMMININGS,S102,2038,1.0
RE1,DEMMININGS,S102,2039,1.0
RE1,DEMMININGS,S102,2040,1.0
RE1,DEMMININGS,S102,2041,1.0
RE1,DEMMININGS,S102,2042,1.0
RE1,DEMMININGS,S102,2043,1.0
RE1,DEMMININGS,S102,2044,1.0
RE1,DEMMININGS,S102,2045,1.0
RE1,DEMMININGS,S102,2046,1.0
RE1,DEMMININGS,S102,2047,1.0
RE1,DEMMININGS,S102,2048,1.0
RE1,DEMMININGS,S102,2049,1.0
RE1,DEMMININGS,S102,2050,1.0
RE1,DEMMININGS,S102,2051,1.0
RE1,DEMMININGS,S102,2052,1.0
RE1,DEMMININGS,S102,2053,1.0
RE1,DEMMININGS,S102,2054,1.0
RE1,DEMMININGS,S102,2055,1.0
RE1,DEMNGSAUT,S101,2022,1.0
RE1,DEMNGSAUT,S101,2023,1.0
RE1,DEMNGSAUT,S101,2024,1.0
RE1,DEMNGSAUT,S101,2025,1.0
RE1,DEMNGSAUT,S101,2026,1.0
RE1,DEMNGSAUT,S101,2027,1.0
RE1,DEMNGSAUT,S101,2028,1.0
RE1,DEMNGSAUT,S101,2029,1.0
RE1,DEMNGSAUT,S101,2030,1.0
RE1,DEMNGSAUT,S101,2031,1.0
RE1,DEMNGSAUT,S101,2032,1.0
RE1,DEMNGSAUT,S101,2033,1.0
RE1,DEMNGSAUT,S101,2034,1.0
RE1,DEMNGSAUT,S101,2035,1.0
RE1,DEMNGSAUT,S101,2036,1.0
RE1,DEMNGSAUT,S101,2037,1.0
RE1,DEMNGSAUT,S101,2038,1.0
RE1,DEMNGSAUT,S101,2039,1.0
RE1,DEMNGSAUT,S101,2040,1.0
RE1,DEMNGSAUT,S101,2041,1.0
RE1,DEMNGSAUT,S101,2042,1.0
RE1,DEMNGSAUT,S101,2043,1.0
RE1,DEMNGSAUT,S101,2044,1.0
RE1,DEMNGSAUT,S101,2045,1.0
RE1,DEMNGSAUT,S101,2046,1.0
RE1,DEMNGSAUT,S101,2047,1.0
RE1,DEMNGSAUT,S101,2048,1.0
RE1,DEMNGSAUT,S101,2049,1.0
RE1,DEMNGSAUT,S101,2050,1.0
RE1,DEMNGSAUT,S101,2051,1.0
RE1,DEMNGSAUT,S101,2052,1.0
RE1,DEMNGSAUT,S101,2053,1.0
RE1,DEMNGSAUT,S101,2054,1.0
RE1,DEMNGSAUT,S101,2055,1.0
RE1,DEMNGSAUT,S102,2022,1.0
RE1,DEMNGSAUT,S102,2023,1.0
RE1,DEMNGSAUT,S102,2024,1.0
RE1,DEMNGSAUT,S102,2025,1.0
RE1,DEMNGSAUT,S102,2026,1.0
RE1,DEMNGSAUT,S102,2027,1.0
RE1,DEMNGSAUT,S102,2028,1.0
RE1,DEMNGSAUT,S102,2029,1.0
RE1,DEMNGSAUT,S102,2030,1.0
RE1,DEMNGSAUT,S102,2031,1.0
RE1,DEMNGSAUT,S102,2032,1.0
RE1,DEMNGSAUT,S102,2033,1.0
RE1,DEMNGSAUT,S102,2034,1.0
RE1,DEMNGSAUT,S102,2035,1.0
RE1,DEMNGSAUT,S102,2036,1.0
RE1,DEMNGSAUT,S102,2037,1.0
RE1,DEMNGSAUT,S102,2038,1.0
RE1,DEMNGSAUT,S102,2039,1.0
RE1,DEMNGSAUT,S102,2040,1.0
RE1,DEMNGSAUT,S102,2041,1.0
RE1,DEMNGSAUT,S102,2042,1.0
RE1,DEMNGSAUT,S102,2043,1.0
RE1,DEMNGSAUT,S102,2044,1.0
RE1,DEMNGSAUT,S102,2045,1.0
RE1,DEMNGSAUT,S102,2046,1.0
RE1,DEMNGSAUT,S102,2047,1.0
RE1,DEMNGSAUT,S102,2048,1.0
RE1,DEMNGSAUT,S102,2049,1.0
RE1,DEMNGSAUT,S102,2050,1.0
RE1,DEMNGSAUT,S102,2051,1.0
RE1,DEMNGSAUT,S102,2052,1.0
RE1,DEMNGSAUT,S102,2053,1.0
RE1,DEMNGSAUT,S102,2054,1.0
RE1,DEMNGSAUT,S102,2055,1.0
RE1,DEMNSEELC,S101,2022,1.0
RE1,DEMNSEELC,S101,2023,1.0
RE1,DEMNSEELC,S101,2024,1.0
RE1,DEMNSEELC,S101,2025,1.0
RE1,DEMNSEELC,S101,2026,1.0
RE1,DEMNSEELC,S101,2027,1.0
RE1,DEMNSEELC,S101,2028,1.0
RE1,DEMNSEELC,S101,2029,1.0
RE1,DEMNSEELC,S101,2030,1.0
RE1,DEMNSEELC,S101,2031,1.0
RE1,DEMNSEELC,S101,2032,1.0
RE1,DEMNSEELC,S101,2033,1.0
RE1,DEMNSEELC,S101,2034,1.0
RE1,DEMNSEELC,S101,2035,1.0
RE1,DEMNSEELC,S101,2036,1.0
RE1,DEMNSEELC,S101,2037,1.0
RE1,DEMNSEELC,S101,2038,1.0
RE1,DEMNSEELC,S101,2039,1.0
RE1,DEMNSEELC,S101,2040,1.0
RE1,DEMNSEELC,S101,2041,1.0
RE1,DEMNSEELC,S101,2042,1.0
RE1,DEMNSEELC,S101,2043,1.0
RE1,DEMNSEELC,S101,2044,1.0
RE1,DEMNSEELC,S101,2045,1.0
RE1,DEMNSEELC,S101,2046,1.0
RE1,DEMNSEELC,S101,2047,1.0
RE1,DEMNSEELC,S101,2048,1.0
RE1,DEMNSEELC,S101,2049,1.0
RE1,DEMNSEELC,S101,2050,1.0
RE1,DEMNSEELC,S101,2051,1.0
RE1,DEMNSEELC,S101,2052,1.0
RE1,DEMNSEELC,S101,2053,1.0
RE1,DEMNSEELC,S101,2054,1.0
RE1,DEMNSEELC,S101,2055,1.0
RE1,DEMNSEELC,S102,2022,1.0
RE1,DEMNSEELC,S102,2023,1.0
RE1,DEMNSEELC,S102,2024,1.0
RE1,DEMNSEELC,S102,2025,1.0
RE1,DEMNSEELC,S102,2026,1.0
RE1,DEMNSEELC,S102,2027,1.0
RE1,DEMNSEELC,S102,2028,1.0
RE1,DEMNSEELC,S102,2029,1.0
RE1,DEMNSEELC,S102,2030,1.0
RE1,DEMNSEELC,S102,2031,1.0
RE1,DEMNSEELC,S102,2032,1.0
RE1,DEMNSEELC,S102,2033,1.0
RE1,DEMNSEELC,S102,2034,1.0
RE1,DEMNSEELC,S102,2035,1.0
RE1,DEMNSEELC,S102,2036,1.0
RE1,DEMNSEELC,S102,2037,1.0
RE1,DEMNSEELC,S102,2038,1.0
RE1,DEMNSEELC,S102,2039,1.0
RE1,DEMNSEELC,S102,2040,1.0
RE1,DEMNSEELC,S102,2041,1.0
RE1,DEMNSEELC,S102,2042,1.0
RE1,DEMNSEELC,S102,2043,1.0
RE1,DEMNSEELC,S102,2044,1.0
RE1,DEMNSEELC,S102,2045,1.0
RE1,DEMNSEELC,S102,2046,1.0
RE1,DEMNSEELC,S102,2047,1.0
RE1,DEMNSEELC,S102,2048,1.0
RE1,DEMNSEELC,S102,2049,1.0
RE1,DEMNSEELC,S102,2050,1.0
RE1,DEMNSEELC,S102,2051,1.0
RE1,DEMNSEELC,S102,2052,1.0
RE1,DEMNSEELC,S102,2053,1.0
RE1,DEMNSEELC,S102,2054,1.0
RE1,DEMNSEELC,S102,2055,1.0
RE1,DEMRESBGSCKN_MID_RUR,S101,2022,1.0
RE1,DEMRESBGSCKN_MID_RUR,S101,2023,1.0
RE1,DEMRESBGSCKN_MID_RUR,S101,2024,1.0
RE1,DEMRESBGSCKN_MID_RUR,S101,2025,1.0
RE1,DEMRESBGSCKN_MID_RUR,S101,2026,1.0
RE1,DEMRESBGSCKN_MID_RUR,S101,2027,1.0
RE1,DEMRESBGSCKN_MID_RUR,S101,2028,1.0
RE1,DEMRESBGSCKN_MID_RUR,S101,2029,1.0
RE1,DEMRESBGSCKN_MID_RUR,S101,2030,1.0
RE1,DEMRESBGSCKN_MID_RUR,S101,2031,1.0
RE1,DEMRESBGSCKN_MID_RUR,S101,2032,1.0
RE1,DEMRESBGSCKN_MID_RUR,S101,2033,1.0
RE1,DEMRESBGSCKN_MID_RUR,S101,2034,1.0
RE1,DEMRESBGSCKN_MID_RUR,S101,2035,1.0
RE1,DEMRESBGSCKN_MID_RUR,S101,2036,1.0
RE1,DEMRESBGSCKN_MID_RUR,S101,2037,1.0
RE1,DEMRESBGSCKN_MID_RUR,S101,2038,1.0
RE1,DEMRESBGSCKN_MID_RUR,S101,2039,1.0
RE1,DEMRESBGSCKN_MID_RUR,S101,2040,1.0
RE1,DEMRESBGSCKN_MID_RUR,S101,2041,1.0
RE1,DEMRESBGSCKN_MID_RUR,S101,2042,1.0
RE1,DEMRESBGSCKN_MID_RUR,S101,2043,1.0
RE1,DEMRESBGSCKN_MID_RUR,S101,2044,1.0
RE1,DEMRESBGSCKN_MID_RUR,S101,2045,1.0
RE1,DEMRESBGSCKN_MID_RUR,S101,2046,1.0
RE1,DEMRESBGSCKN_MID_RUR,S101,2047,1.0
RE1,DEMRESBGSCKN_MID_RUR,S101,2048,1.0
RE1,DEMRESBGSCKN_MID_RUR,S101,2049,1.0
RE1,DEMRESBGSCKN_MID_RUR,S101,2050,1.0
RE1,DEMRESBGSCKN_MID_RUR,S101,2051,1.0
RE1,DEMRESBGSCKN_MID_RUR,S101,2052,1.0
RE1,DEMRESBGSCKN_MID_RUR,S101,2053,1.0
RE1,DEMRESBGSCKN_MID_RUR,S101,2054,1.0
RE1,DEMRESBGSCKN_MID_RUR,S101,2055,1.0
RE1,DEMRESBGSCKN_MID_RUR,S102,2022,1.0
RE1,DEMRESBGSCKN_MID_RUR,S102,2023,1.0
RE1,DEMRESBGSCKN_MID_RUR,S102,2024,1.0
RE1,DEMRESBGSCKN_MID_RUR,S102,2025,1.0
RE1,DEMRESBGSCKN_MID_RUR,S102,2026,1.0
RE1,DEMRESBGSCKN_MID_RUR,S102,2027,1.0
RE1,DEMRESBGSCKN_MID_RUR,S102,2028,1.0
RE1,DEMRESBGSCKN_MID_RUR,S102,2029,1.0
RE1,DEMRESBGSCKN_MID_RUR,S102,2030,1.0
RE1,DEMRESBGSCKN_MID_RUR,S102,2031,1.0
RE1,DEMRESBGSCKN_MID_RUR,S102,2032,1.0
RE1,DEMRESBGSCKN_MID_RUR,S102,2033,1.0
RE1,DEMRESBGSCKN_MID_RUR,S102,2034,1.0
RE1,DEMRESBGSCKN_MID_RUR,S102,2035,1.0
RE1,DEMRESBGSCKN_MID_RUR,S102,2036,1.0
RE1,DEMRESBGSCKN_MID_RUR,S102,2037,1.0
RE1,DEMRESBGSCKN_MID_RUR,S102,2038,1.0
RE1,DEMRESBGSCKN_MID_RUR,S102,2039,1.0
RE1,DEMRESBGSCKN_MID_RUR,S102,2040,1.0
RE1,DEMRESBGSCKN_MID_RUR,S102,2041,1.0
RE1,DEMRESBGSCKN_MID_RUR,S102,2042,1.0
RE1,DEMRESBGSCKN_MID_RUR,S102,2043,1.0
RE1,DEMRESBGSCKN_MID_RUR,S102,2044,1.0
RE1,DEMRESBGSCKN_MID_RUR,S102,2045,1.0
RE1,DEMRESBGSCKN_MID_RUR,S102,2046,1.0
RE1,DEMRESBGSCKN_MID_RUR,S102,2047,1.0
RE1,DEMRESBGSCKN_MID_RUR,S102,2048,1.0
RE1,DEMRESBGSCKN_MID_RUR,S102,2049,1.0
RE1,DEMRESBGSCKN_MID_RUR,S102,2050,1.0
RE1,DEMRESBGSCKN_MID_RUR,S102,2051,1.0
RE1,DEMRESBGSCKN_MID_RUR,S102,2052,1.0
RE1,DEMRESBGSCKN_MID_RUR,S102,2053,1.0
RE1,DEMRESBGSCKN_MID_RUR,S102,2054,1.0
RE1,DEMRESBGSCKN_MID_RUR,S102,2055,1.0
RE1,DEMRESELCAIR_PAR_HIG_RUR,S101,2022,1.0
RE1,DEMRESELCAIR_PAR_HIG_RUR,S101,2023,1.0
RE1,DEMRESELCAIR_PAR_HIG_RUR,S101,2024,1.0
RE1,DEMRESELCAIR_PAR_HIG_RUR,S101,2025,1.0
RE1,DEMRESELCAIR_PAR_HIG_RUR,S101,2026,1.0
RE1,DEMRESELCAIR_PAR_HIG_RUR,S101,2027,1.0
RE1,DEMRESELCAIR_PAR_HIG_RUR,S101,2028,1.0
RE1,DEMRESELCAIR_PAR_HIG_RUR,S101,2029,1.0
RE1,DEMRESELCAIR_PAR_HIG_RUR,S101,2030,1.0
RE1,DEMRESELCAIR_PAR_HIG_RUR,S101,2031,1.0
RE1,DEMRESELCAIR_PAR_HIG_RUR,S101,2032,1.0
RE1,DEMRESELCAIR_PAR_HIG_RUR,S101,2033,1.0
RE1,DEMRESELCAIR_PAR_HIG_RUR,S101,2034,1.0
RE1,DEMRESELCAIR_PAR_HIG_RUR,S101,2035,1.0
RE1,DEMRESELCAIR_PAR_HIG_RUR,S101,2036,1.0
RE1,DEMRESELCAIR_PAR_HIG_RUR,S101,2037,1.0
RE1,DEMRESELCAIR_PAR_HIG_RUR,S101,2038,1.0
RE1,DEMRESELCAIR_PAR_HIG_RUR,S101,2039,1.0
RE1,DEMRESELCAIR_PAR_HIG_RUR,S101,2040,1.0
RE1,DEMRESELCAIR_PAR_HIG_RUR,S101,2041,1.0
RE1,DEMRESELCAIR_PAR_HIG_RUR,S101,2042,1.0
RE1,DEMRESELCAIR_PAR_HIG_RUR,S101,2043,1.0
RE1,DEMRESELCAIR_PAR_HIG_RUR,S101,2044,1.0
RE1,DEMRESELCAIR_PAR_HIG_RUR,S101,2045,1.0
RE1,DEMRESELCAIR_PAR_HIG_RUR,S101,2046,1.0
RE1,DEMRESELCAIR_PAR_HIG_RUR,S101,2047,1.0
RE1,DEMRESELCAIR_PAR_HIG_RUR,S101,2048,1.0
RE1,DEMRESELCAIR_PAR_HIG_RUR,S101,2049,1.0
RE1,DEMRESELCAIR_PAR_HIG_RUR,S101,2050,1.0
RE1,DEMRESELCAIR_PAR_HIG_RUR,S101,2051,1.0
RE1,DEMRESELCAIR_PAR_HIG_RUR,S101,2052,1.0
RE1,DEMRESELCAIR_PAR_HIG_RUR,S101,2053,1.0
RE1,DEMRESELCAIR_PAR_HIG_RUR,S101,2054,1.0
RE1,DEMRESELCAIR_PAR_HIG_RUR,S101,2055,1.0
RE1,DEMRESELCAIR_PAR_HIG_RUR,S102,2022,1.0
RE1,DEMRESELCAIR_PAR_HIG_RUR,S102,2023,1.0
RE1,DEMRESELCAIR_PAR_HIG_RUR,S102,2024,1.0
RE1,DEMRESELCAIR_PAR_HIG_RUR,S102,2025,1.0
RE1,DEMRESELCAIR_PAR_HIG_RUR,S102,2026,1.0
RE1,DEMRESELCAIR_PAR_HIG_RUR,S102,2027,1.0
RE1,DEMRESELCAIR_PAR_HIG_RUR,S102,2028,1.0
RE1,DEMRESELCAIR_PAR_HIG_RUR,S102,2029,1.0
RE1,DEMRESELCAIR_PAR_HIG_RUR,S102,2030,1.0
RE1,DEMRESELCAIR_PAR_HIG_RUR,S102,2031,1.0
RE1,DEMRESELCAIR_PAR_HIG_RUR,S102,2032,1.0
RE1,DEMRESELCAIR_PAR_HIG_RUR,S102,2033,1.0
RE1,DEMRESELCAIR_PAR_HIG_RUR,S102,2034,1.0
RE1,DEMRESELCAIR_PAR_HIG_RUR,S102,2035,1.0
RE1,DEMRESELCAIR_PAR_HIG_RUR,S102,2036,1.0
RE1,DEMRESELCAIR_PAR_HIG_RUR,S102,2037,1.0
RE1,DEMRESELCAIR_PAR_HIG_RUR,S102,2038,1.0
RE1,DEMRESELCAIR_PAR_HIG_RUR,S102,2039,1.0
RE1,DEMRESELCAIR_PAR_HIG_RUR,S102,2040,1.0
RE1,DEMRESELCAIR_PAR_HIG_RUR,S102,2041,1.0
RE1,DEMRESELCAIR_PAR_HIG_RUR,S102,2042,1.0
RE1,DEMRESELCAIR_PAR_HIG_RUR,S102,2043,1.0
RE1,DEMRESELCAIR_PAR_HIG_RUR,S102,2044,1.0
RE1,DEMRESELCAIR_PAR_HIG_RUR,S102,2045,1.0
RE1,DEMRESELCAIR_PAR_HIG_RUR,S102,2046,1.0
RE1,DEMRESELCAIR_PAR_HIG_RUR,S102,2047,1.0
RE1,DEMRESELCAIR_PAR_HIG_RUR,S102,2048,1.0
RE1,DEMRESELCAIR_PAR_HIG_RUR,S102,2049,1.0
RE1,DEMRESELCAIR_PAR_HIG_RUR,S102,2050,1.0
RE1,DEMRESELCAIR_PAR_HIG_RUR,S102,2051,1.0
RE1,DEMRESELCAIR_PAR_HIG_RUR,S102,2052,1.0
RE1,DEMRESELCAIR_PAR_HIG_RUR,S102,2053,1.0
RE1,DEMRESELCAIR_PAR_HIG_RUR,S102,2054,1.0
RE1,DEMRESELCAIR_PAR_HIG_RUR,S102,2055,1.0
RE1,DEMRESELCAIR_PAR_LOW_RUR,S101,2022,1.0
RE1,DEMRESELCAIR_PAR_LOW_RUR,S101,2023,1.0
RE1,DEMRESELCAIR_PAR_LOW_RUR,S101,2024,1.0
RE1,DEMRESELCAIR_PAR_LOW_RUR,S101,2025,1.0
RE1,DEMRESELCAIR_PAR_LOW_RUR,S101,2026,1.0
RE1,DEMRESELCAIR_PAR_LOW_RUR,S101,2027,1.0
RE1,DEMRESELCAIR_PAR_LOW_RUR,S101,2028,1.0
RE1,DEMRESELCAIR_PAR_LOW_RUR,S101,2029,1.0
RE1,DEMRESELCAIR_PAR_LOW_RUR,S101,2030,1.0
RE1,DEMRESELCAIR_PAR_LOW_RUR,S101,2031,1.0
RE1,DEMRESELCAIR_PAR_LOW_RUR,S101,2032,1.0
RE1,DEMRESELCAIR_PAR_LOW_RUR,S101,2033,1.0
RE1,DEMRESELCAIR_PAR_LOW_RUR,S101,2034,1.0
RE1,DEMRESELCAIR_PAR_LOW_RUR,S101,2035,1.0
RE1,DEMRESELCAIR_PAR_LOW_RUR,S101,2036,1.0
RE1,DEMRESELCAIR_PAR_LOW_RUR,S101,2037,1.0
RE1,DEMRESELCAIR_PAR_LOW_RUR,S101,2038,1.0
RE1,DEMRESELCAIR_PAR_LOW_RUR,S101,2039,1.0
RE1,DEMRESELCAIR_PAR_LOW_RUR,S101,2040,1.0
RE1,DEMRESELCAIR_PAR_LOW_RUR,S101,2041,1.0
RE1,DEMRESELCAIR_PAR_LOW_RUR,S101,2042,1.0
RE1,DEMRESELCAIR_PAR_LOW_RUR,S101,2043,1.0
RE1,DEMRESELCAIR_PAR_LOW_RUR,S101,2044,1.0
RE1,DEMRESELCAIR_PAR_LOW_RUR,S101,2045,1.0
RE1,DEMRESELCAIR_PAR_LOW_RUR,S101,2046,1.0
RE1,DEMRESELCAIR_PAR_LOW_RUR,S101,2047,1.0
RE1,DEMRESELCAIR_PAR_LOW_RUR,S101,2048,1.0
RE1,DEMRESELCAIR_PAR_LOW_RUR,S101,2049,1.0
RE1,DEMRESELCAIR_PAR_LOW_RUR,S101,2050,1.0
RE1,DEMRESELCAIR_PAR_LOW_RUR,S101,2051,1.0
RE1,DEMRESELCAIR_PAR_LOW_RUR,S101,2052,1.0
RE1,DEMRESELCAIR_PAR_LOW_RUR,S101,2053,1.0
RE1,DEMRESELCAIR_PAR_LOW_RUR,S101,2054,1.0
RE1,DEMRESELCAIR_PAR_LOW_RUR,S101,2055,1.0
RE1,DEMRESELCAIR_PAR_LOW_RUR,S102,2022,1.0
RE1,DEMRESELCAIR_PAR_LOW_RUR,S102,2023,1.0
RE1,DEMRESELCAIR_PAR_LOW_RUR,S102,2024,1.0
RE1,DEMRESELCAIR_PAR_LOW_RUR,S102,2025,1.0
RE1,DEMRESELCAIR_PAR_LOW_RUR,S102,2026,1.0
RE1,DEMRESELCAIR_PAR_LOW_RUR,S102,2027,1.0
RE1,DEMRESELCAIR_PAR_LOW_RUR,S102,2028,1.0
RE1,DEMRESELCAIR_PAR_LOW_RUR,S102,2029,1.0
RE1,DEMRESELCAIR_PAR_LOW_RUR,S102,2030,1.0
RE1,DEMRESELCAIR_PAR_LOW_RUR,S102,2031,1.0
RE1,DEMRESELCAIR_PAR_LOW_RUR,S102,2032,1.0
RE1,DEMRESELCAIR_PAR_LOW_RUR,S102,2033,1.0
RE1,DEMRESELCAIR_PAR_LOW_RUR,S102,2034,1.0
RE1,DEMRESELCAIR_PAR_LOW_RUR,S102,2035,1.0
RE1,DEMRESELCAIR_PAR_LOW_RUR,S102,2036,1.0
RE1,DEMRESELCAIR_PAR_LOW_RUR,S102,2037,1.0
RE1,DEMRESELCAIR_PAR_LOW_RUR,S102,2038,1.0
RE1,DEMRESELCAIR_PAR_LOW_RUR,S102,2039,1.0
RE1,DEMRESELCAIR_PAR_LOW_RUR,S102,2040,1.0
RE1,DEMRESELCAIR_PAR_LOW_RUR,S102,2041,1.0
RE1,DEMRESELCAIR_PAR_LOW_RUR,S102,2042,1.0
RE1,DEMRESELCAIR_PAR_LOW_RUR,S102,2043,1.0
RE1,DEMRESELCAIR_PAR_LOW_RUR,S102,2044,1.0
RE1,DEMRESELCAIR_PAR_LOW_RUR,S102,2045,1.0
RE1,DEMRESELCAIR_PAR_LOW_RUR,S102,2046,1.0
RE1,DEMRESELCAIR_PAR_LOW_RUR,S102,2047,1.0
RE1,DEMRESELCAIR_PAR_LOW_RUR,S102,2048,1.0
RE1,DEMRESELCAIR_PAR_LOW_RUR,S102,2049,1.0
RE1,DEMRESELCAIR_PAR_LOW_RUR,S102,2050,1.0
RE1,DEMRESELCAIR_PAR_LOW_RUR,S102,2051,1.0
RE1,DEMRESELCAIR_PAR_LOW_RUR,S102,2052,1.0
RE1,DEMRESELCAIR_PAR_LOW_RUR,S102,2053,1.0
RE1,DEMRESELCAIR_PAR_LOW_RUR,S102,2054,1.0
RE1,DEMRESELCAIR_PAR_LOW_RUR,S102,2055,1.0
RE1,DEMRESELCAIR_PAR_LOW_URB,S101,2022,1.0
RE1,DEMRESELCAIR_PAR_LOW_URB,S101,2023,1.0
RE1,DEMRESELCAIR_PAR_LOW_URB,S101,2024,1.0
RE1,DEMRESELCAIR_PAR_LOW_URB,S101,2025,1.0
RE1,DEMRESELCAIR_PAR_LOW_URB,S101,2026,1.0
RE1,DEMRESELCAIR_PAR_LOW_URB,S101,2027,1.0
RE1,DEMRESELCAIR_PAR_LOW_URB,S101,2028,1.0
RE1,DEMRESELCAIR_PAR_LOW_URB,S101,2029,1.0
RE1,DEMRESELCAIR_PAR_LOW_URB,S101,2030,1.0
RE1,DEMRESELCAIR_PAR_LOW_URB,S101,2031,1.0
RE1,DEMRESELCAIR_PAR_LOW_URB,S101,2032,1.0
RE1,DEMRESELCAIR_PAR_LOW_URB,S101,2033,1.0
RE1,DEMRESELCAIR_PAR_LOW_URB,S101,2034,1.0
RE1,DEMRESELCAIR_PAR_LOW_URB,S101,2035,1.0
RE1,DEMRESELCAIR_PAR_LOW_URB,S101,2036,1.0
RE1,DEMRESELCAIR_PAR_LOW_URB,S101,2037,1.0
RE1,DEMRESELCAIR_PAR_LOW_URB,S101,2038,1.0
RE1,DEMRESELCAIR_PAR_LOW_URB,S101,2039,1.0
RE1,DEMRESELCAIR_PAR_LOW_URB,S101,2040,1.0
RE1,DEMRESELCAIR_PAR_LOW_URB,S101,2041,1.0
RE1,DEMRESELCAIR_PAR_LOW_URB,S101,2042,1.0
RE1,DEMRESELCAIR_PAR_LOW_URB,S101,2043,1.0
RE1,DEMRESELCAIR_PAR_LOW_URB,S101,2044,1.0
RE1,DEMRESELCAIR_PAR_LOW_URB,S101,2045,1.0
RE1,DEMRESELCAIR_PAR_LOW_URB,S101,2046,1.0
RE1,DEMRESELCAIR_PAR_LOW_URB,S101,2047,1.0
RE1,DEMRESELCAIR_PAR_LOW_URB,S101,2048,1.0
RE1,DEMRESELCAIR_PAR_LOW_URB,S101,2049,1.0
RE1,DEMRESELCAIR_PAR_LOW_URB,S101,2050,1.0
RE1,DEMRESELCAIR_PAR_LOW_URB,S101,2051,1.0
RE1,DEMRESELCAIR_PAR_LOW_URB,S101,2052,1.0
RE1,DEMRESELCAIR_PAR_LOW_URB,S101,2053,1.0
RE1,DEMRESELCAIR_PAR_LOW_URB,S101,2054,1.0
RE1,DEMRESELCAIR_PAR_LOW_URB,S101,2055,1.0
RE1,DEMRESELCAIR_PAR_LOW_URB,S102,2022,1.0
RE1,DEMRESELCAIR_PAR_LOW_URB,S102,2023,1.0
RE1,DEMRESELCAIR_PAR_LOW_URB,S102,2024,1.0
RE1,DEMRESELCAIR_PAR_LOW_URB,S102,2025,1.0
RE1,DEMRESELCAIR_PAR_LOW_URB,S102,2026,1.0
RE1,DEMRESELCAIR_PAR_LOW_URB,S102,2027,1.0
RE1,DEMRESELCAIR_PAR_LOW_URB,S102,2028,1.0
RE1,DEMRESELCAIR_PAR_LOW_URB,S102,2029,1.0
RE1,DEMRESELCAIR_PAR_LOW_URB,S102,2030,1.0
RE1,DEMRESELCAIR_PAR_LOW_URB,S102,2031,1.0
RE1,DEMRESELCAIR_PAR_LOW_URB,S102,2032,1.0
RE1,DEMRESELCAIR_PAR_LOW_URB,S102,2033,1.0
RE1,DEMRESELCAIR_PAR_LOW_URB,S102,2034,1.0
RE1,DEMRESELCAIR_PAR_LOW_URB,S102,2035,1.0
RE1,DEMRESELCAIR_PAR_LOW_URB,S102,2036,1.0
RE1,DEMRESELCAIR_PAR_LOW_URB,S102,2037,1.0
RE1,DEMRESELCAIR_PAR_LOW_URB,S102,2038,1.0
RE1,DEMRESELCAIR_PAR_LOW_URB,S102,2039,1.0
RE1,DEMRESELCAIR_PAR_LOW_URB,S102,2040,1.0
RE1,DEMRESELCAIR_PAR_LOW_URB,S102,2041,1.0
RE1,DEMRESELCAIR_PAR_LOW_URB,S102,2042,1.0
RE1,DEMRESELCAIR_PAR_LOW_URB,S102,2043,1.0
RE1,DEMRESELCAIR_PAR_LOW_URB,S102,2044,1.0
RE1,DEMRESELCAIR_PAR_LOW_URB,S102,2045,1.0
RE1,DEMRESELCAIR_PAR_LOW_URB,S102,2046,1.0
RE1,DEMRESELCAIR_PAR_LOW_URB,S102,2047,1.0
RE1,DEMRESELCAIR_PAR_LOW_URB,S102,2048,1.0
RE1,DEMRESELCAIR_PAR_LOW_URB,S102,2049,1.0
RE1,DEMRESELCAIR_PAR_LOW_URB,S102,2050,1.0
RE1,DEMRESELCAIR_PAR_LOW_URB,S102,2051,1.0
RE1,DEMRESELCAIR_PAR_LOW_URB,S102,2052,1.0
RE1,DEMRESELCAIR_PAR_LOW_URB,S102,2053,1.0
RE1,DEMRESELCAIR_PAR_LOW_URB,S102,2054,1.0
RE1,DEMRESELCAIR_PAR_LOW_URB,S102,2055,1.0
RE1,DEMRESELCAIR_PAR_MID_RUR,S101,2022,1.0
RE1,DEMRESELCAIR_PAR_MID_RUR,S101,2023,1.0
RE1,DEMRESELCAIR_PAR_MID_RUR,S101,2024,1.0
RE1,DEMRESELCAIR_PAR_MID_RUR,S101,2025,1.0
RE1,DEMRESELCAIR_PAR_MID_RUR,S101,2026,1.0
RE1,DEMRESELCAIR_PAR_MID_RUR,S101,2027,1.0
RE1,DEMRESELCAIR_PAR_MID_RUR,S101,2028,1.0
RE1,DEMRESELCAIR_PAR_MID_RUR,S101,2029,1.0
RE1,DEMRESELCAIR_PAR_MID_RUR,S101,2030,1.0
RE1,DEMRESELCAIR_PAR_MID_RUR,S101,2031,1.0
RE1,DEMRESELCAIR_PAR_MID_RUR,S101,2032,1.0
RE1,DEMRESELCAIR_PAR_MID_RUR,S101,2033,1.0
RE1,DEMRESELCAIR_PAR_MID_RUR,S101,2034,1.0
RE1,DEMRESELCAIR_PAR_MID_RUR,S101,2035,1.0
RE1,DEMRESELCAIR_PAR_MID_RUR,S101,2036,1.0
RE1,DEMRESELCAIR_PAR_MID_RUR,S101,2037,1.0
RE1,DEMRESELCAIR_PAR_MID_RUR,S101,2038,1.0
RE1,DEMRESELCAIR_PAR_MID_RUR,S101,2039,1.0
RE1,DEMRESELCAIR_PAR_MID_RUR,S101,2040,1.0
RE1,DEMRESELCAIR_PAR_MID_RUR,S101,2041,1.0
RE1,DEMRESELCAIR_PAR_MID_RUR,S101,2042,1.0
RE1,DEMRESELCAIR_PAR_MID_RUR,S101,2043,1.0
RE1,DEMRESELCAIR_PAR_MID_RUR,S101,2044,1.0
RE1,DEMRESELCAIR_PAR_MID_RUR,S101,2045,1.0
RE1,DEMRESELCAIR_PAR_MID_RUR,S101,2046,1.0
RE1,DEMRESELCAIR_PAR_MID_RUR,S101,2047,1.0
RE1,DEMRESELCAIR_PAR_MID_RUR,S101,2048,1.0
RE1,DEMRESELCAIR_PAR_MID_RUR,S101,2049,1.0
RE1,DEMRESELCAIR_PAR_MID_RUR,S101,2050,1.0
RE1,DEMRESELCAIR_PAR_MID_RUR,S101,2051,1.0
RE1,DEMRESELCAIR_PAR_MID_RUR,S101,2052,1.0
RE1,DEMRESELCAIR_PAR_MID_RUR,S101,2053,1.0
RE1,DEMRESELCAIR_PAR_MID_RUR,S101,2054,1.0
RE1,DEMRESELCAIR_PAR_MID_RUR,S101,2055,1.0
RE1,DEMRESELCAIR_PAR_MID_RUR,S102,2022,1.0
RE1,DEMRESELCAIR_PAR_MID_RUR,S102,2023,1.0
RE1,DEMRESELCAIR_PAR_MID_RUR,S102,2024,1.0
RE1,DEMRESELCAIR_PAR_MID_RUR,S102,2025,1.0
RE1,DEMRESELCAIR_PAR_MID_RUR,S102,2026,1.0
RE1,DEMRESELCAIR_PAR_MID_RUR,S102,2027,1.0
RE1,DEMRESELCAIR_PAR_MID_RUR,S102,2028,1.0
RE1,DEMRESELCAIR_PAR_MID_RUR,S102,2029,1.0
RE1,DEMRESELCAIR_PAR_MID_RUR,S102,2030,1.0
RE1,DEMRESELCAIR_PAR_MID_RUR,S102,2031,1.0
RE1,DEMRESELCAIR_PAR_MID_RUR,S102,2032,1.0
RE1,DEMRESELCAIR_PAR_MID_RUR,S102,2033,1.0
RE1,DEMRESELCAIR_PAR_MID_RUR,S102,2034,1.0
RE1,DEMRESELCAIR_PAR_MID_RUR,S102,2035,1.0
RE1,DEMRESELCAIR_PAR_MID_RUR,S102,2036,1.0
RE1,DEMRESELCAIR_PAR_MID_RUR,S102,2037,1.0
RE1,DEMRESELCAIR_PAR_MID_RUR,S102,2038,1.0
RE1,DEMRESELCAIR_PAR_MID_RUR,S102,2039,1.0
RE1,DEMRESELCAIR_PAR_MID_RUR,S102,2040,1.0
RE1,DEMRESELCAIR_PAR_MID_RUR,S102,2041,1.0
RE1,DEMRESELCAIR_PAR_MID_RUR,S102,2042,1.0
RE1,DEMRESELCAIR_PAR_MID_RUR,S102,2043,1.0
RE1,DEMRESELCAIR_PAR_MID_RUR,S102,2044,1.0
RE1,DEMRESELCAIR_PAR_MID_RUR,S102,2045,1.0
RE1,DEMRESELCAIR_PAR_MID_RUR,S102,2046,1.0
RE1,DEMRESELCAIR_PAR_MID_RUR,S102,2047,1.0
RE1,DEMRESELCAIR_PAR_MID_RUR,S102,2048,1.0
RE1,DEMRESELCAIR_PAR_MID_RUR,S102,2049,1.0
RE1,DEMRESELCAIR_PAR_MID_RUR,S102,2050,1.0
RE1,DEMRESELCAIR_PAR_MID_RUR,S102,2051,1.0
RE1,DEMRESELCAIR_PAR_MID_RUR,S102,2052,1.0
RE1,DEMRESELCAIR_PAR_MID_RUR,S102,2053,1.0
RE1,DEMRESELCAIR_PAR_MID_RUR,S102,2054,1.0
RE1,DEMRESELCAIR_PAR_MID_RUR,S102,2055,1.0
RE1,DEMRESELCAIR_PAR_MID_URB,S101,2022,1.0
RE1,DEMRESELCAIR_PAR_MID_URB,S101,2023,1.0
RE1,DEMRESELCAIR_PAR_MID_URB,S101,2024,1.0
RE1,DEMRESELCAIR_PAR_MID_URB,S101,2025,1.0
RE1,DEMRESELCAIR_PAR_MID_URB,S101,2026,1.0
RE1,DEMRESELCAIR_PAR_MID_URB,S101,2027,1.0
RE1,DEMRESELCAIR_PAR_MID_URB,S101,2028,1.0
RE1,DEMRESELCAIR_PAR_MID_URB,S101,2029,1.0
RE1,DEMRESELCAIR_PAR_MID_URB,S101,2030,1.0
RE1,DEMRESELCAIR_PAR_MID_URB,S101,2031,1.0
RE1,DEMRESELCAIR_PAR_MID_URB,S101,2032,1.0
RE1,DEMRESELCAIR_PAR_MID_URB,S101,2033,1.0
RE1,DEMRESELCAIR_PAR_MID_URB,S101,2034,1.0
RE1,DEMRESELCAIR_PAR_MID_URB,S101,2035,1.0
RE1,DEMRESELCAIR_PAR_MID_URB,S101,2036,1.0
RE1,DEMRESELCAIR_PAR_MID_URB,S101,2037,1.0
RE1,DEMRESELCAIR_PAR_MID_URB,S101,2038,1.0
RE1,DEMRESELCAIR_PAR_MID_URB,S101,2039,1.0
RE1,DEMRESELCAIR_PAR_MID_URB,S101,2040,1.0
RE1,DEMRESELCAIR_PAR_MID_URB,S101,2041,1.0
RE1,DEMRESELCAIR_PAR_MID_URB,S101,2042,1.0
RE1,DEMRESELCAIR_PAR_MID_URB,S101,2043,1.0
RE1,DEMRESELCAIR_PAR_MID_URB,S101,2044,1.0
RE1,DEMRESELCAIR_PAR_MID_URB,S101,2045,1.0
RE1,DEMRESELCAIR_PAR_MID_URB,S101,2046,1.0
RE1,DEMRESELCAIR_PAR_MID_URB,S101,2047,1.0
RE1,DEMRESELCAIR_PAR_MID_URB,S101,2048,1.0
RE1,DEMRESELCAIR_PAR_MID_URB,S101,2049,1.0
RE1,DEMRESELCAIR_PAR_MID_URB,S101,2050,1.0
RE1,DEMRESELCAIR_PAR_MID_URB,S101,2051,1.0
RE1,DEMRESELCAIR_PAR_MID_URB,S101,2052,1.0
RE1,DEMRESELCAIR_PAR_MID_URB,S101,2053,1.0
RE1,DEMRESELCAIR_PAR_MID_URB,S101,2054,1.0
RE1,DEMRESELCAIR_PAR_MID_URB,S101,2055,1.0
RE1,DEMRESELCAIR_PAR_MID_URB,S102,2022,1.0
RE1,DEMRESELCAIR_PAR_MID_URB,S102,2023,1.0
RE1,DEMRESELCAIR_PAR_MID_URB,S102,2024,1.0
RE1,DEMRESELCAIR_PAR_MID_URB,S102,2025,1.0
RE1,DEMRESELCAIR_PAR_MID_URB,S102,2026,1.0
RE1,DEMRESELCAIR_PAR_MID_URB,S102,2027,1.0
RE1,DEMRESELCAIR_PAR_MID_URB,S102,2028,1.0
RE1,DEMRESELCAIR_PAR_MID_URB,S102,2029,1.0
RE1,DEMRESELCAIR_PAR_MID_URB,S102,2030,1.0
RE1,DEMRESELCAIR_PAR_MID_URB,S102,2031,1.0
RE1,DEMRESELCAIR_PAR_MID_URB,S102,2032,1.0
RE1,DEMRESELCAIR_PAR_MID_URB,S102,2033,1.0
RE1,DEMRESELCAIR_PAR_MID_URB,S102,2034,1.0
RE1,DEMRESELCAIR_PAR_MID_URB,S102,2035,1.0
RE1,DEMRESELCAIR_PAR_MID_URB,S102,2036,1.0
RE1,DEMRESELCAIR_PAR_MID_URB,S102,2037,1.0
RE1,DEMRESELCAIR_PAR_MID_URB,S102,2038,1.0
RE1,DEMRESELCAIR_PAR_MID_URB,S102,2039,1.0
RE1,DEMRESELCAIR_PAR_MID_URB,S102,2040,1.0
RE1,DEMRESELCAIR_PAR_MID_URB,S102,2041,1.0
RE1,DEMRESELCAIR_PAR_MID_URB,S102,2042,1.0
RE1,DEMRESELCAIR_PAR_MID_URB,S102,2043,1.0
RE1,DEMRESELCAIR_PAR_MID_URB,S102,2044,1.0
RE1,DEMRESELCAIR_PAR_MID_URB,S102,2045,1.0
RE1,DEMRESELCAIR_PAR_MID_URB,S102,2046,1.0
RE1,DEMRESELCAIR_PAR_MID_URB,S102,2047,1.0
RE1,DEMRESELCAIR_PAR_MID_URB,S102,2048,1.0
RE1,DEMRESELCAIR_PAR_MID_URB,S102,2049,1.0
RE1,DEMRESELCAIR_PAR_MID_URB,S102,2050,1.0
RE1,DEMRESELCAIR_PAR_MID_URB,S102,2051,1.0
RE1,DEMRESELCAIR_PAR_MID_URB,S102,2052,1.0
RE1,DEMRESELCAIR_PAR_MID_URB,S102,2053,1.0
RE1,DEMRESELCAIR_PAR_MID_URB,S102,2054,1.0
RE1,DEMRESELCAIR_PAR_MID_URB,S102,2055,1.0
RE1,DEMRESELCAIR_POR_HIG_RUR,S101,2022,1.0
RE1,DEMRESELCAIR_POR_HIG_RUR,S101,2023,1.0
RE1,DEMRESELCAIR_POR_HIG_RUR,S101,2024,1.0
RE1,DEMRESELCAIR_POR_HIG_RUR,S101,2025,1.0
RE1,DEMRESELCAIR_POR_HIG_RUR,S101,2026,1.0
RE1,DEMRESELCAIR_POR_HIG_RUR,S101,2027,1.0
RE1,DEMRESELCAIR_POR_HIG_RUR,S101,2028,1.0
RE1,DEMRESELCAIR_POR_HIG_RUR,S101,2029,1.0
RE1,DEMRESELCAIR_POR_HIG_RUR,S101,2030,1.0
RE1,DEMRESELCAIR_POR_HIG_RUR,S101,2031,1.0
RE1,DEMRESELCAIR_POR_HIG_RUR,S101,2032,1.0
RE1,DEMRESELCAIR_POR_HIG_RUR,S101,2033,1.0
RE1,DEMRESELCAIR_POR_HIG_RUR,S101,2034,1.0
RE1,DEMRESELCAIR_POR_HIG_RUR,S101,2035,1.0
RE1,DEMRESELCAIR_POR_HIG_RUR,S101,2036,1.0
RE1,DEMRESELCAIR_POR_HIG_RUR,S101,2037,1.0
RE1,DEMRESELCAIR_POR_HIG_RUR,S101,2038,1.0
RE1,DEMRESELCAIR_POR_HIG_RUR,S101,2039,1.0
RE1,DEMRESELCAIR_POR_HIG_RUR,S101,2040,1.0
RE1,DEMRESELCAIR_POR_HIG_RUR,S101,2041,1.0
RE1,DEMRESELCAIR_POR_HIG_RUR,S101,2042,1.0
RE1,DEMRESELCAIR_POR_HIG_RUR,S101,2043,1.0
RE1,DEMRESELCAIR_POR_HIG_RUR,S101,2044,1.0
RE1,DEMRESELCAIR_POR_HIG_RUR,S101,2045,1.0
RE1,DEMRESELCAIR_POR_HIG_RUR,S101,2046,1.0
RE1,DEMRESELCAIR_POR_HIG_RUR,S101,2047,1.0
RE1,DEMRESELCAIR_POR_HIG_RUR,S101,2048,1.0
RE1,DEMRESELCAIR_POR_HIG_RUR,S101,2049,1.0
RE1,DEMRESELCAIR_POR_HIG_RUR,S101,2050,1.0
RE1,DEMRESELCAIR_POR_HIG_RUR,S101,2051,1.0
RE1,DEMRESELCAIR_POR_HIG_RUR,S101,2052,1.0
RE1,DEMRESELCAIR_POR_HIG_RUR,S101,2053,1.0
RE1,DEMRESELCAIR_POR_HIG_RUR,S101,2054,1.0
RE1,DEMRESELCAIR_POR_HIG_RUR,S101,2055,1.0
RE1,DEMRESELCAIR_POR_HIG_RUR,S102,2022,1.0
RE1,DEMRESELCAIR_POR_HIG_RUR,S102,2023,1.0
RE1,DEMRESELCAIR_POR_HIG_RUR,S102,2024,1.0
RE1,DEMRESELCAIR_POR_HIG_RUR,S102,2025,1.0
RE1,DEMRESELCAIR_POR_HIG_RUR,S102,2026,1.0
RE1,DEMRESELCAIR_POR_HIG_RUR,S102,2027,1.0
RE1,DEMRESELCAIR_POR_HIG_RUR,S102,2028,1.0
RE1,DEMRESELCAIR_POR_HIG_RUR,S102,2029,1.0
RE1,DEMRESELCAIR_POR_HIG_RUR,S102,2030,1.0
RE1,DEMRESELCAIR_POR_HIG_RUR,S102,2031,1.0
RE1,DEMRESELCAIR_POR_HIG_RUR,S102,2032,1.0
RE1,DEMRESELCAIR_POR_HIG_RUR,S102,2033,1.0
RE1,DEMRESELCAIR_POR_HIG_RUR,S102,2034,1.0
RE1,DEMRESELCAIR_POR_HIG_RUR,S102,2035,1.0
RE1,DEMRESELCAIR_POR_HIG_RUR,S102,2036,1.0
RE1,DEMRESELCAIR_POR_HIG_RUR,S102,2037,1.0
RE1,DEMRESELCAIR_POR_HIG_RUR,S102,2038,1.0
RE1,DEMRESELCAIR_POR_HIG_RUR,S102,2039,1.0
RE1,DEMRESELCAIR_POR_HIG_RUR,S102,2040,1.0
RE1,DEMRESELCAIR_POR_HIG_RUR,S102,2041,1.0
RE1,DEMRESELCAIR_POR_HIG_RUR,S102,2042,1.0
RE1,DEMRESELCAIR_POR_HIG_RUR,S102,2043,1.0
RE1,DEMRESELCAIR_POR_HIG_RUR,S102,2044,1.0
RE1,DEMRESELCAIR_POR_HIG_RUR,S102,2045,1.0
RE1,DEMRESELCAIR_POR_HIG_RUR,S102,2046,1.0
RE1,DEMRESELCAIR_POR_HIG_RUR,S102,2047,1.0
RE1,DEMRESELCAIR_POR_HIG_RUR,S102,2048,1.0
RE1,DEMRESELCAIR_POR_HIG_RUR,S102,2049,1.0
RE1,DEMRESELCAIR_POR_HIG_RUR,S102,2050,1.0
RE1,DEMRESELCAIR_POR_HIG_RUR,S102,2051,1.0
RE1,DEMRESELCAIR_POR_HIG_RUR,S102,2052,1.0
RE1,DEMRESELCAIR_POR_HIG_RUR,S102,2053,1.0
RE1,DEMRESELCAIR_POR_HIG_RUR,S102,2054,1.0
RE1,DEMRESELCAIR_POR_HIG_RUR,S102,2055,1.0
RE1,DEMRESELCAIR_POR_HIG_URB,S101,2022,1.0
RE1,DEMRESELCAIR_POR_HIG_URB,S101,2023,1.0
RE1,DEMRESELCAIR_POR_HIG_URB,S101,2024,1.0
RE1,DEMRESELCAIR_POR_HIG_URB,S101,2025,1.0
RE1,DEMRESELCAIR_POR_HIG_URB,S101,2026,1.0
RE1,DEMRESELCAIR_POR_HIG_URB,S101,2027,1.0
RE1,DEMRESELCAIR_POR_HIG_URB,S101,2028,1.0
RE1,DEMRESELCAIR_POR_HIG_URB,S101,2029,1.0
RE1,DEMRESELCAIR_POR_HIG_URB,S101,2030,1.0
RE1,DEMRESELCAIR_POR_HIG_URB,S101,2031,1.0
RE1,DEMRESELCAIR_POR_HIG_URB,S101,2032,1.0
RE1,DEMRESELCAIR_POR_HIG_URB,S101,2033,1.0
RE1,DEMRESELCAIR_POR_HIG_URB,S101,2034,1.0
RE1,DEMRESELCAIR_POR_HIG_URB,S101,2035,1.0
RE1,DEMRESELCAIR_POR_HIG_URB,S101,2036,1.0
RE1,DEMRESELCAIR_POR_HIG_URB,S101,2037,1.0
RE1,DEMRESELCAIR_POR_HIG_URB,S101,2038,1.0
RE1,DEMRESELCAIR_POR_HIG_URB,S101,2039,1.0
RE1,DEMRESELCAIR_POR_HIG_URB,S101,2040,1.0
RE1,DEMRESELCAIR_POR_HIG_URB,S101,2041,1.0
RE1,DEMRESELCAIR_POR_HIG_URB,S101,2042,1.0
RE1,DEMRESELCAIR_POR_HIG_URB,S101,2043,1.0
RE1,DEMRESELCAIR_POR_HIG_URB,S101,2044,1.0
RE1,DEMRESELCAIR_POR_HIG_URB,S101,2045,1.0
RE1,DEMRESELCAIR_POR_HIG_URB,S101,2046,1.0
RE1,DEMRESELCAIR_POR_HIG_URB,S101,2047,1.0
RE1,DEMRESELCAIR_POR_HIG_URB,S101,2048,1.0
RE1,DEMRESELCAIR_POR_HIG_URB,S101,2049,1.0
RE1,DEMRESELCAIR_POR_HIG_URB,S101,2050,1.0
RE1,DEMRESELCAIR_POR_HIG_URB,S101,2051,1.0
RE1,DEMRESELCAIR_POR_HIG_URB,S101,2052,1.0
RE1,DEMRESELCAIR_POR_HIG_URB,S101,2053,1.0
RE1,DEMRESELCAIR_POR_HIG_URB,S101,2054,1.0
RE1,DEMRESELCAIR_POR_HIG_URB,S101,2055,1.0
RE1,DEMRESELCAIR_POR_HIG_URB,S102,2022,1.0
RE1,DEMRESELCAIR_POR_HIG_URB,S102,2023,1.0
RE1,DEMRESELCAIR_POR_HIG_URB,S102,2024,1.0
RE1,DEMRESELCAIR_POR_HIG_URB,S102,2025,1.0
RE1,DEMRESELCAIR_POR_HIG_URB,S102,2026,1.0
RE1,DEMRESELCAIR_POR_HIG_URB,S102,2027,1.0
RE1,DEMRESELCAIR_POR_HIG_URB,S102,2028,1.0
RE1,DEMRESELCAIR_POR_HIG_URB,S102,2029,1.0
RE1,DEMRESELCAIR_POR_HIG_URB,S102,2030,1.0
RE1,DEMRESELCAIR_POR_HIG_URB,S102,2031,1.0
RE1,DEMRESELCAIR_POR_HIG_URB,S102,2032,1.0
RE1,DEMRESELCAIR_POR_HIG_URB,S102,2033,1.0
RE1,DEMRESELCAIR_POR_HIG_URB,S102,2034,1.0
RE1,DEMRESELCAIR_POR_HIG_URB,S102,2035,1.0
RE1,DEMRESELCAIR_POR_HIG_URB,S102,2036,1.0
RE1,DEMRESELCAIR_POR_HIG_URB,S102,2037,1.0
RE1,DEMRESELCAIR_POR_HIG_URB,S102,2038,1.0
RE1,DEMRESELCAIR_POR_HIG_URB,S102,2039,1.0
RE1,DEMRESELCAIR_POR_HIG_URB,S102,2040,1.0
RE1,DEMRESELCAIR_POR_HIG_URB,S102,2041,1.0
RE1,DEMRESELCAIR_POR_HIG_URB,S102,2042,1.0
RE1,DEMRESELCAIR_POR_HIG_URB,S102,2043,1.0
RE1,DEMRESELCAIR_POR_HIG_URB,S102,2044,1.0
RE1,DEMRESELCAIR_POR_HIG_URB,S102,2045,1.0
RE1,DEMRESELCAIR_POR_HIG_URB,S102,2046,1.0
RE1,DEMRESELCAIR_POR_HIG_URB,S102,2047,1.0
RE1,DEMRESELCAIR_POR_HIG_URB,S102,2048,1.0
RE1,DEMRESELCAIR_POR_HIG_URB,S102,2049,1.0
RE1,DEMRESELCAIR_POR_HIG_URB,S102,2050,1.0
RE1,DEMRESELCAIR_POR_HIG_URB,S102,2051,1.0
RE1,DEMRESELCAIR_POR_HIG_URB,S102,2052,1.0
RE1,DEMRESELCAIR_POR_HIG_URB,S102,2053,1.0
RE1,DEMRESELCAIR_POR_HIG_URB,S102,2054,1.0
RE1,DEMRESELCAIR_POR_HIG_URB,S102,2055,1.0
RE1,DEMRESELCAIR_POR_LOW_RUR,S101,2022,1.0
RE1,DEMRESELCAIR_POR_LOW_RUR,S101,2023,1.0
RE1,DEMRESELCAIR_POR_LOW_RUR,S101,2024,1.0
RE1,DEMRESELCAIR_POR_LOW_RUR,S101,2025,1.0
RE1,DEMRESELCAIR_POR_LOW_RUR,S101,2026,1.0
RE1,DEMRESELCAIR_POR_LOW_RUR,S101,2027,1.0
RE1,DEMRESELCAIR_POR_LOW_RUR,S101,2028,1.0
RE1,DEMRESELCAIR_POR_LOW_RUR,S101,2029,1.0
RE1,DEMRESELCAIR_POR_LOW_RUR,S101,2030,1.0
RE1,DEMRESELCAIR_POR_LOW_RUR,S101,2031,1.0
RE1,DEMRESELCAIR_POR_LOW_RUR,S101,2032,1.0
RE1,DEMRESELCAIR_POR_LOW_RUR,S101,2033,1.0
RE1,DEMRESELCAIR_POR_LOW_RUR,S101,2034,1.0
RE1,DEMRESELCAIR_POR_LOW_RUR,S101,2035,1.0
RE1,DEMRESELCAIR_POR_LOW_RUR,S101,2036,1.0
RE1,DEMRESELCAIR_POR_LOW_RUR,S101,2037,1.0
RE1,DEMRESELCAIR_POR_LOW_RUR,S101,2038,1.0
RE1,DEMRESELCAIR_POR_LOW_RUR,S101,2039,1.0
RE1,DEMRESELCAIR_POR_LOW_RUR,S101,2040,1.0
RE1,DEMRESELCAIR_POR_LOW_RUR,S101,2041,1.0
RE1,DEMRESELCAIR_POR_LOW_RUR,S101,2042,1.0
RE1,DEMRESELCAIR_POR_LOW_RUR,S101,2043,1.0
RE1,DEMRESELCAIR_POR_LOW_RUR,S101,2044,1.0
RE1,DEMRESELCAIR_POR_LOW_RUR,S101,2045,1.0
RE1,DEMRESELCAIR_POR_LOW_RUR,S101,2046,1.0
RE1,DEMRESELCAIR_POR_LOW_RUR,S101,2047,1.0
RE1,DEMRESELCAIR_POR_LOW_RUR,S101,2048,1.0
RE1,DEMRESELCAIR_POR_LOW_RUR,S101,2049,1.0
RE1,DEMRESELCAIR_POR_LOW_RUR,S101,2050,1.0
RE1,DEMRESELCAIR_POR_LOW_RUR,S101,2051,1.0
RE1,DEMRESELCAIR_POR_LOW_RUR,S101,2052,1.0
RE1,DEMRESELCAIR_POR_LOW_RUR,S101,2053,1.0
RE1,DEMRESELCAIR_POR_LOW_RUR,S101,2054,1.0
RE1,DEMRESELCAIR_POR_LOW_RUR,S101,2055,1.0
RE1,DEMRESELCAIR_POR_LOW_RUR,S102,2022,1.0
RE1,DEMRESELCAIR_POR_LOW_RUR,S102,2023,1.0
RE1,DEMRESELCAIR_POR_LOW_RUR,S102,2024,1.0
RE1,DEMRESELCAIR_POR_LOW_RUR,S102,2025,1.0
RE1,DEMRESELCAIR_POR_LOW_RUR,S102,2026,1.0
RE1,DEMRESELCAIR_POR_LOW_RUR,S102,2027,1.0
RE1,DEMRESELCAIR_POR_LOW_RUR,S102,2028,1.0
RE1,DEMRESELCAIR_POR_LOW_RUR,S102,2029,1.0
RE1,DEMRESELCAIR_POR_LOW_RUR,S102,2030,1.0
RE1,DEMRESELCAIR_POR_LOW_RUR,S102,2031,1.0
RE1,DEMRESELCAIR_POR_LOW_RUR,S102,2032,1.0
RE1,DEMRESELCAIR_POR_LOW_RUR,S102,2033,1.0
RE1,DEMRESELCAIR_POR_LOW_RUR,S102,2034,1.0
RE1,DEMRESELCAIR_POR_LOW_RUR,S102,2035,1.0
RE1,DEMRESELCAIR_POR_LOW_RUR,S102,2036,1.0
RE1,DEMRESELCAIR_POR_LOW_RUR,S102,2037,1.0
RE1,DEMRESELCAIR_POR_LOW_RUR,S102,2038,1.0
RE1,DEMRESELCAIR_POR_LOW_RUR,S102,2039,1.0
RE1,DEMRESELCAIR_POR_LOW_RUR,S102,2040,1.0
RE1,DEMRESELCAIR_POR_LOW_RUR,S102,2041,1.0
RE1,DEMRESELCAIR_POR_LOW_RUR,S102,2042,1.0
RE1,DEMRESELCAIR_POR_LOW_RUR,S102,2043,1.0
RE1,DEMRESELCAIR_POR_LOW_RUR,S102,2044,1.0
RE1,DEMRESELCAIR_POR_LOW_RUR,S102,2045,1.0
RE1,DEMRESELCAIR_POR_LOW_RUR,S102,2046,1.0
RE1,DEMRESELCAIR_POR_LOW_RUR,S102,2047,1.0
RE1,DEMRESELCAIR_POR_LOW_RUR,S102,2048,1.0
RE1,DEMRESELCAIR_POR_LOW_RUR,S102,2049,1.0
RE1,DEMRESELCAIR_POR_LOW_RUR,S102,2050,1.0
RE1,DEMRESELCAIR_POR_LOW_RUR,S102,2051,1.0
RE1,DEMRESELCAIR_POR_LOW_RUR,S102,2052,1.0
RE1,DEMRESELCAIR_POR_LOW_RUR,S102,2053,1.0
RE1,DEMRESELCAIR_POR_LOW_RUR,S102,2054,1.0
RE1,DEMRESELCAIR_POR_LOW_RUR,S102,2055,1.0
RE1,DEMRESELCAIR_POR_LOW_URB,S101,2022,1.0
RE1,DEMRESELCAIR_POR_LOW_URB,S101,2023,1.0
RE1,DEMRESELCAIR_POR_LOW_URB,S101,2024,1.0
RE1,DEMRESELCAIR_POR_LOW_URB,S101,2025,1.0
RE1,DEMRESELCAIR_POR_LOW_URB,S101,2026,1.0
RE1,DEMRESELCAIR_POR_LOW_URB,S101,2027,1.0
RE1,DEMRESELCAIR_POR_LOW_URB,S101,2028,1.0
RE1,DEMRESELCAIR_POR_LOW_URB,S101,2029,1.0
RE1,DEMRESELCAIR_POR_LOW_URB,S101,2030,1.0
RE1,DEMRESELCAIR_POR_LOW_URB,S101,2031,1.0
RE1,DEMRESELCAIR_POR_LOW_URB,S101,2032,1.0
RE1,DEMRESELCAIR_POR_LOW_URB,S101,2033,1.0
RE1,DEMRESELCAIR_POR_LOW_URB,S101,2034,1.0
RE1,DEMRESELCAIR_POR_LOW_URB,S101,2035,1.0
RE1,DEMRESELCAIR_POR_LOW_URB,S101,2036,1.0
RE1,DEMRESELCAIR_POR_LOW_URB,S101,2037,1.0
RE1,DEMRESELCAIR_POR_LOW_URB,S101,2038,1.0
RE1,DEMRESELCAIR_POR_LOW_URB,S101,2039,1.0
RE1,DEMRESELCAIR_POR_LOW_URB,S101,2040,1.0
RE1,DEMRESELCAIR_POR_LOW_URB,S101,2041,1.0
RE1,DEMRESELCAIR_POR_LOW_URB,S101,2042,1.0
RE1,DEMRESELCAIR_POR_LOW_URB,S101,2043,1.0
RE1,DEMRESELCAIR_POR_LOW_URB,S101,2044,1.0
RE1,DEMRESELCAIR_POR_LOW_URB,S101,2045,1.0
RE1,DEMRESELCAIR_POR_LOW_URB,S101,2046,1.0
RE1,DEMRESELCAIR_POR_LOW_URB,S101,2047,1.0
RE1,DEMRESELCAIR_POR_LOW_URB,S101,2048,1.0
RE1,DEMRESELCAIR_POR_LOW_URB,S101,2049,1.0
RE1,DEMRESELCAIR_POR_LOW_URB,S101,2050,1.0
RE1,DEMRESELCAIR_POR_LOW_URB,S101,2051,1.0
RE1,DEMRESELCAIR_POR_LOW_URB,S101,2052,1.0
RE1,DEMRESELCAIR_POR_LOW_URB,S101,2053,1.0
RE1,DEMRESELCAIR_POR_LOW_URB,S101,2054,1.0
RE1,DEMRESELCAIR_POR_LOW_URB,S101,2055,1.0
RE1,DEMRESELCAIR_POR_LOW_URB,S102,2022,1.0
RE1,DEMRESELCAIR_POR_LOW_URB,S102,2023,1.0
RE1,DEMRESELCAIR_POR_LOW_URB,S102,2024,1.0
RE1,DEMRESELCAIR_POR_LOW_URB,S102,2025,1.0
RE1,DEMRESELCAIR_POR_LOW_URB,S102,2026,1.0
RE1,DEMRESELCAIR_POR_LOW_URB,S102,2027,1.0
RE1,DEMRESELCAIR_POR_LOW_URB,S102,2028,1.0
RE1,DEMRESELCAIR_POR_LOW_URB,S102,2029,1.0
RE1,DEMRESELCAIR_POR_LOW_URB,S102,2030,1.0
RE1,DEMRESELCAIR_POR_LOW_URB,S102,2031,1.0
RE1,DEMRESELCAIR_POR_LOW_URB,S102,2032,1.0
RE1,DEMRESELCAIR_POR_LOW_URB,S102,2033,1.0
RE1,DEMRESELCAIR_POR_LOW_URB,S102,2034,1.0
RE1,DEMRESELCAIR_POR_LOW_URB,S102,2035,1.0
RE1,DEMRESELCAIR_POR_LOW_URB,S102,2036,1.0
RE1,DEMRESELCAIR_POR_LOW_URB,S102,2037,1.0
RE1,DEMRESELCAIR_POR_LOW_URB,S102,2038,1.0
RE1,DEMRESELCAIR_POR_LOW_URB,S102,2039,1.0
RE1,DEMRESELCAIR_POR_LOW_URB,S102,2040,1.0
RE1,DEMRESELCAIR_POR_LOW_URB,S102,2041,1.0
RE1,DEMRESELCAIR_POR_LOW_URB,S102,2042,1.0
RE1,DEMRESELCAIR_POR_LOW_URB,S102,2043,1.0
RE1,DEMRESELCAIR_POR_LOW_URB,S102,2044,1.0
RE1,DEMRESELCAIR_POR_LOW_URB,S102,2045,1.0
RE1,DEMRESELCAIR_POR_LOW_URB,S102,2046,1.0
RE1,DEMRESELCAIR_POR_LOW_URB,S102,2047,1.0
RE1,DEMRESELCAIR_POR_LOW_URB,S102,2048,1.0
RE1,DEMRESELCAIR_POR_LOW_URB,S102,2049,1.0
RE1,DEMRESELCAIR_POR_LOW_URB,S102,2050,1.0
RE1,DEMRESELCAIR_POR_LOW_URB,S102,2051,1.0
RE1,DEMRESELCAIR_POR_LOW_URB,S102,2052,1.0
RE1,DEMRESELCAIR_POR_LOW_URB,S102,2053,1.0
RE1,DEMRESELCAIR_POR_LOW_URB,S102,2054,1.0
RE1,DEMRESELCAIR_POR_LOW_URB,S102,2055,1.0
RE1,DEMRESELCAIR_POR_MID_RUR,S101,2022,1.0
RE1,DEMRESELCAIR_POR_MID_RUR,S101,2023,1.0
RE1,DEMRESELCAIR_POR_MID_RUR,S101,2024,1.0
RE1,DEMRESELCAIR_POR_MID_RUR,S101,2025,1.0
RE1,DEMRESELCAIR_POR_MID_RUR,S101,2026,1.0
RE1,DEMRESELCAIR_POR_MID_RUR,S101,2027,1.0
RE1,DEMRESELCAIR_POR_MID_RUR,S101,2028,1.0
RE1,DEMRESELCAIR_POR_MID_RUR,S101,2029,1.0
RE1,DEMRESELCAIR_POR_MID_RUR,S101,2030,1.0
RE1,DEMRESELCAIR_POR_MID_RUR,S101,2031,1.0
RE1,DEMRESELCAIR_POR_MID_RUR,S101,2032,1.0
RE1,DEMRESELCAIR_POR_MID_RUR,S101,2033,1.0
RE1,DEMRESELCAIR_POR_MID_RUR,S101,2034,1.0
RE1,DEMRESELCAIR_POR_MID_RUR,S101,2035,1.0
RE1,DEMRESELCAIR_POR_MID_RUR,S101,2036,1.0
RE1,DEMRESELCAIR_POR_MID_RUR,S101,2037,1.0
RE1,DEMRESELCAIR_POR_MID_RUR,S101,2038,1.0
RE1,DEMRESELCAIR_POR_MID_RUR,S101,2039,1.0
RE1,DEMRESELCAIR_POR_MID_RUR,S101,2040,1.0
RE1,DEMRESELCAIR_POR_MID_RUR,S101,2041,1.0
RE1,DEMRESELCAIR_POR_MID_RUR,S101,2042,1.0
RE1,DEMRESELCAIR_POR_MID_RUR,S101,2043,1.0
RE1,DEMRESELCAIR_POR_MID_RUR,S101,2044,1.0
RE1,DEMRESELCAIR_POR_MID_RUR,S101,2045,1.0
RE1,DEMRESELCAIR_POR_MID_RUR,S101,2046,1.0
RE1,DEMRESELCAIR_POR_MID_RUR,S101,2047,1.0
RE1,DEMRESELCAIR_POR_MID_RUR,S101,2048,1.0
RE1,DEMRESELCAIR_POR_MID_RUR,S101,2049,1.0
RE1,DEMRESELCAIR_POR_MID_RUR,S101,2050,1.0
RE1,DEMRESELCAIR_POR_MID_RUR,S101,2051,1.0
RE1,DEMRESELCAIR_POR_MID_RUR,S101,2052,1.0
RE1,DEMRESELCAIR_POR_MID_RUR,S101,2053,1.0
RE1,DEMRESELCAIR_POR_MID_RUR,S101,2054,1.0
RE1,DEMRESELCAIR_POR_MID_RUR,S101,2055,1.0
RE1,DEMRESELCAIR_POR_MID_RUR,S102,2022,1.0
RE1,DEMRESELCAIR_POR_MID_RUR,S102,2023,1.0
RE1,DEMRESELCAIR_POR_MID_RUR,S102,2024,1.0
RE1,DEMRESELCAIR_POR_MID_RUR,S102,2025,1.0
RE1,DEMRESELCAIR_POR_MID_RUR,S102,2026,1.0
RE1,DEMRESELCAIR_POR_MID_RUR,S102,2027,1.0
RE1,DEMRESELCAIR_POR_MID_RUR,S102,2028,1.0
RE1,DEMRESELCAIR_POR_MID_RUR,S102,2029,1.0
RE1,DEMRESELCAIR_POR_MID_RUR,S102,2030,1.0
RE1,DEMRESELCAIR_POR_MID_RUR,S102,2031,1.0
RE1,DEMRESELCAIR_POR_MID_RUR,S102,2032,1.0
RE1,DEMRESELCAIR_POR_MID_RUR,S102,2033,1.0
RE1,DEMRESELCAIR_POR_MID_RUR,S102,2034,1.0
RE1,DEMRESELCAIR_POR_MID_RUR,S102,2035,1.0
RE1,DEMRESELCAIR_POR_MID_RUR,S102,2036,1.0
RE1,DEMRESELCAIR_POR_MID_RUR,S102,2037,1.0
RE1,DEMRESELCAIR_POR_MID_RUR,S102,2038,1.0
RE1,DEMRESELCAIR_POR_MID_RUR,S102,2039,1.0
RE1,DEMRESELCAIR_POR_MID_RUR,S102,2040,1.0
RE1,DEMRESELCAIR_POR_MID_RUR,S102,2041,1.0
RE1,DEMRESELCAIR_POR_MID_RUR,S102,2042,1.0
RE1,DEMRESELCAIR_POR_MID_RUR,S102,2043,1.0
RE1,DEMRESELCAIR_POR_MID_RUR,S102,2044,1.0
RE1,DEMRESELCAIR_POR_MID_RUR,S102,2045,1.0
RE1,DEMRESELCAIR_POR_MID_RUR,S102,2046,1.0
RE1,DEMRESELCAIR_POR_MID_RUR,S102,2047,1.0
RE1,DEMRESELCAIR_POR_MID_RUR,S102,2048,1.0
RE1,DEMRESELCAIR_POR_MID_RUR,S102,2049,1.0
RE1,DEMRESELCAIR_POR_MID_RUR,S102,2050,1.0
RE1,DEMRESELCAIR_POR_MID_RUR,S102,2051,1.0
RE1,DEMRESELCAIR_POR_MID_RUR,S102,2052,1.0
RE1,DEMRESELCAIR_POR_MID_RUR,S102,2053,1.0
RE1,DEMRESELCAIR_POR_MID_RUR,S102,2054,1.0
RE1,DEMRESELCAIR_POR_MID_RUR,S102,2055,1.0
RE1,DEMRESELCAIR_POR_MID_URB,S101,2022,1.0
RE1,DEMRESELCAIR_POR_MID_URB,S101,2023,1.0
RE1,DEMRESELCAIR_POR_MID_URB,S101,2024,1.0
RE1,DEMRESELCAIR_POR_MID_URB,S101,2025,1.0
RE1,DEMRESELCAIR_POR_MID_URB,S101,2026,1.0
RE1,DEMRESELCAIR_POR_MID_URB,S101,2027,1.0
RE1,DEMRESELCAIR_POR_MID_URB,S101,2028,1.0
RE1,DEMRESELCAIR_POR_MID_URB,S101,2029,1.0
RE1,DEMRESELCAIR_POR_MID_URB,S101,2030,1.0
RE1,DEMRESELCAIR_POR_MID_URB,S101,2031,1.0
RE1,DEMRESELCAIR_POR_MID_URB,S101,2032,1.0
RE1,DEMRESELCAIR_POR_MID_URB,S101,2033,1.0
RE1,DEMRESELCAIR_POR_MID_URB,S101,2034,1.0
RE1,DEMRESELCAIR_POR_MID_URB,S101,2035,1.0
RE1,DEMRESELCAIR_POR_MID_URB,S101,2036,1.0
RE1,DEMRESELCAIR_POR_MID_URB,S101,2037,1.0
RE1,DEMRESELCAIR_POR_MID_URB,S101,2038,1.0
RE1,DEMRESELCAIR_POR_MID_URB,S101,2039,1.0
RE1,DEMRESELCAIR_POR_MID_URB,S101,2040,1.0
RE1,DEMRESELCAIR_POR_MID_URB,S101,2041,1.0
RE1,DEMRESELCAIR_POR_MID_URB,S101,2042,1.0
RE1,DEMRESELCAIR_POR_MID_URB,S101,2043,1.0
RE1,DEMRESELCAIR_POR_MID_URB,S101,2044,1.0
RE1,DEMRESELCAIR_POR_MID_URB,S101,2045,1.0
RE1,DEMRESELCAIR_POR_MID_URB,S101,2046,1.0
RE1,DEMRESELCAIR_POR_MID_URB,S101,2047,1.0
RE1,DEMRESELCAIR_POR_MID_URB,S101,2048,1.0
RE1,DEMRESELCAIR_POR_MID_URB,S101,2049,1.0
RE1,DEMRESELCAIR_POR_MID_URB,S101,2050,1.0
RE1,DEMRESELCAIR_POR_MID_URB,S101,2051,1.0
RE1,DEMRESELCAIR_POR_MID_URB,S101,2052,1.0
RE1,DEMRESELCAIR_POR_MID_URB,S101,2053,1.0
RE1,DEMRESELCAIR_POR_MID_URB,S101,2054,1.0
RE1,DEMRESELCAIR_POR_MID_URB,S101,2055,1.0
RE1,DEMRESELCAIR_POR_MID_URB,S102,2022,1.0
RE1,DEMRESELCAIR_POR_MID_URB,S102,2023,1.0
RE1,DEMRESELCAIR_POR_MID_URB,S102,2024,1.0
RE1,DEMRESELCAIR_POR_MID_URB,S102,2025,1.0
RE1,DEMRESELCAIR_POR_MID_URB,S102,2026,1.0
RE1,DEMRESELCAIR_POR_MID_URB,S102,2027,1.0
RE1,DEMRESELCAIR_POR_MID_URB,S102,2028,1.0
RE1,DEMRESELCAIR_POR_MID_URB,S102,2029,1.0
RE1,DEMRESELCAIR_POR_MID_URB,S102,2030,1.0
RE1,DEMRESELCAIR_POR_MID_URB,S102,2031,1.0
RE1,DEMRESELCAIR_POR_MID_URB,S102,2032,1.0
RE1,DEMRESELCAIR_POR_MID_URB,S102,2033,1.0
RE1,DEMRESELCAIR_POR_MID_URB,S102,2034,1.0
RE1,DEMRESELCAIR_POR_MID_URB,S102,2035,1.0
RE1,DEMRESELCAIR_POR_MID_URB,S102,2036,1.0
RE1,DEMRESELCAIR_POR_MID_URB,S102,2037,1.0
RE1,DEMRESELCAIR_POR_MID_URB,S102,2038,1.0
RE1,DEMRESELCAIR_POR_MID_URB,S102,2039,1.0
RE1,DEMRESELCAIR_POR_MID_URB,S102,2040,1.0
RE1,DEMRESELCAIR_POR_MID_URB,S102,2041,1.0
RE1,DEMRESELCAIR_POR_MID_URB,S102,2042,1.0
RE1,DEMRESELCAIR_POR_MID_URB,S102,2043,1.0
RE1,DEMRESELCAIR_POR_MID_URB,S102,2044,1.0
RE1,DEMRESELCAIR_POR_MID_URB,S102,2045,1.0
RE1,DEMRESELCAIR_POR_MID_URB,S102,2046,1.0
RE1,DEMRESELCAIR_POR_MID_URB,S102,2047,1.0
RE1,DEMRESELCAIR_POR_MID_URB,S102,2048,1.0
RE1,DEMRESELCAIR_POR_MID_URB,S102,2049,1.0
RE1,DEMRESELCAIR_POR_MID_URB,S102,2050,1.0
RE1,DEMRESELCAIR_POR_MID_URB,S102,2051,1.0
RE1,DEMRESELCAIR_POR_MID_URB,S102,2052,1.0
RE1,DEMRESELCAIR_POR_MID_URB,S102,2053,1.0
RE1,DEMRESELCAIR_POR_MID_URB,S102,2054,1.0
RE1,DEMRESELCAIR_POR_MID_URB,S102,2055,1.0
RE1,DEMRESELCAIR_SPL_HIG_RUR,S101,2022,1.0
RE1,DEMRESELCAIR_SPL_HIG_RUR,S101,2023,1.0
RE1,DEMRESELCAIR_SPL_HIG_RUR,S101,2024,1.0
RE1,DEMRESELCAIR_SPL_HIG_RUR,S101,2025,1.0
RE1,DEMRESELCAIR_SPL_HIG_RUR,S101,2026,1.0
RE1,DEMRESELCAIR_SPL_HIG_RUR,S101,2027,1.0
RE1,DEMRESELCAIR_SPL_HIG_RUR,S101,2028,1.0
RE1,DEMRESELCAIR_SPL_HIG_RUR,S101,2029,1.0
RE1,DEMRESELCAIR_SPL_HIG_RUR,S101,2030,1.0
RE1,DEMRESELCAIR_SPL_HIG_RUR,S101,2031,1.0
RE1,DEMRESELCAIR_SPL_HIG_RUR,S101,2032,1.0
RE1,DEMRESELCAIR_SPL_HIG_RUR,S101,2033,1.0
RE1,DEMRESELCAIR_SPL_HIG_RUR,S101,2034,1.0
RE1,DEMRESELCAIR_SPL_HIG_RUR,S101,2035,1.0
RE1,DEMRESELCAIR_SPL_HIG_RUR,S101,2036,1.0
RE1,DEMRESELCAIR_SPL_HIG_RUR,S101,2037,1.0
RE1,DEMRESELCAIR_SPL_HIG_RUR,S101,2038,1.0
RE1,DEMRESELCAIR_SPL_HIG_RUR,S101,2039,1.0
RE1,DEMRESELCAIR_SPL_HIG_RUR,S101,2040,1.0
RE1,DEMRESELCAIR_SPL_HIG_RUR,S101,2041,1.0
RE1,DEMRESELCAIR_SPL_HIG_RUR,S101,2042,1.0
RE1,DEMRESELCAIR_SPL_HIG_RUR,S101,2043,1.0
RE1,DEMRESELCAIR_SPL_HIG_RUR,S101,2044,1.0
RE1,DEMRESELCAIR_SPL_HIG_RUR,S101,2045,1.0
RE1,DEMRESELCAIR_SPL_HIG_RUR,S101,2046,1.0
RE1,DEMRESELCAIR_SPL_HIG_RUR,S101,2047,1.0
RE1,DEMRESELCAIR_SPL_HIG_RUR,S101,2048,1.0
RE1,DEMRESELCAIR_SPL_HIG_RUR,S101,2049,1.0
RE1,DEMRESELCAIR_SPL_HIG_RUR,S101,2050,1.0
RE1,DEMRESELCAIR_SPL_HIG_RUR,S101,2051,1.0
RE1,DEMRESELCAIR_SPL_HIG_RUR,S101,2052,1.0
RE1,DEMRESELCAIR_SPL_HIG_RUR,S101,2053,1.0
RE1,DEMRESELCAIR_SPL_HIG_RUR,S101,2054,1.0
RE1,DEMRESELCAIR_SPL_HIG_RUR,S101,2055,1.0
RE1,DEMRESELCAIR_SPL_HIG_RUR,S102,2022,1.0
RE1,DEMRESELCAIR_SPL_HIG_RUR,S102,2023,1.0
RE1,DEMRESELCAIR_SPL_HIG_RUR,S102,2024,1.0
RE1,DEMRESELCAIR_SPL_HIG_RUR,S102,2025,1.0
RE1,DEMRESELCAIR_SPL_HIG_RUR,S102,2026,1.0
RE1,DEMRESELCAIR_SPL_HIG_RUR,S102,2027,1.0
RE1,DEMRESELCAIR_SPL_HIG_RUR,S102,2028,1.0
RE1,DEMRESELCAIR_SPL_HIG_RUR,S102,2029,1.0
RE1,DEMRESELCAIR_SPL_HIG_RUR,S102,2030,1.0
RE1,DEMRESELCAIR_SPL_HIG_RUR,S102,2031,1.0
RE1,DEMRESELCAIR_SPL_HIG_RUR,S102,2032,1.0
RE1,DEMRESELCAIR_SPL_HIG_RUR,S102,2033,1.0
RE1,DEMRESELCAIR_SPL_HIG_RUR,S102,2034,1.0
RE1,DEMRESELCAIR_SPL_HIG_RUR,S102,2035,1.0
RE1,DEMRESELCAIR_SPL_HIG_RUR,S102,2036,1.0
RE1,DEMRESELCAIR_SPL_HIG_RUR,S102,2037,1.0
RE1,DEMRESELCAIR_SPL_HIG_RUR,S102,2038,1.0
RE1,DEMRESELCAIR_SPL_HIG_RUR,S102,2039,1.0
RE1,DEMRESELCAIR_SPL_HIG_RUR,S102,2040,1.0
RE1,DEMRESELCAIR_SPL_HIG_RUR,S102,2041,1.0
RE1,DEMRESELCAIR_SPL_HIG_RUR,S102,2042,1.0
RE1,DEMRESELCAIR_SPL_HIG_RUR,S102,2043,1.0
RE1,DEMRESELCAIR_SPL_HIG_RUR,S102,2044,1.0
RE1,DEMRESELCAIR_SPL_HIG_RUR,S102,2045,1.0
RE1,DEMRESELCAIR_SPL_HIG_RUR,S102,2046,1.0
RE1,DEMRESELCAIR_SPL_HIG_RUR,S102,2047,1.0
RE1,DEMRESELCAIR_SPL_HIG_RUR,S102,2048,1.0
RE1,DEMRESELCAIR_SPL_HIG_RUR,S102,2049,1.0
RE1,DEMRESELCAIR_SPL_HIG_RUR,S102,2050,1.0
RE1,DEMRESELCAIR_SPL_HIG_RUR,S102,2051,1.0
RE1,DEMRESELCAIR_SPL_HIG_RUR,S102,2052,1.0
RE1,DEMRESELCAIR_SPL_HIG_RUR,S102,2053,1.0
RE1,DEMRESELCAIR_SPL_HIG_RUR,S102,2054,1.0
RE1,DEMRESELCAIR_SPL_HIG_RUR,S102,2055,1.0
RE1,DEMRESELCAIR_SPL_HIG_URB,S101,2022,1.0
RE1,DEMRESELCAIR_SPL_HIG_URB,S101,2023,1.0
RE1,DEMRESELCAIR_SPL_HIG_URB,S101,2024,1.0
RE1,DEMRESELCAIR_SPL_HIG_URB,S101,2025,1.0
RE1,DEMRESELCAIR_SPL_HIG_URB,S101,2026,1.0
RE1,DEMRESELCAIR_SPL_HIG_URB,S101,2027,1.0
RE1,DEMRESELCAIR_SPL_HIG_URB,S101,2028,1.0
RE1,DEMRESELCAIR_SPL_HIG_URB,S101,2029,1.0
RE1,DEMRESELCAIR_SPL_HIG_URB,S101,2030,1.0
RE1,DEMRESELCAIR_SPL_HIG_URB,S101,2031,1.0
RE1,DEMRESELCAIR_SPL_HIG_URB,S101,2032,1.0
RE1,DEMRESELCAIR_SPL_HIG_URB,S101,2033,1.0
RE1,DEMRESELCAIR_SPL_HIG_URB,S101,2034,1.0
RE1,DEMRESELCAIR_SPL_HIG_URB,S101,2035,1.0
RE1,DEMRESELCAIR_SPL_HIG_URB,S101,2036,1.0
RE1,DEMRESELCAIR_SPL_HIG_URB,S101,2037,1.0
RE1,DEMRESELCAIR_SPL_HIG_URB,S101,2038,1.0
RE1,DEMRESELCAIR_SPL_HIG_URB,S101,2039,1.0
RE1,DEMRESELCAIR_SPL_HIG_URB,S101,2040,1.0
RE1,DEMRESELCAIR_SPL_HIG_URB,S101,2041,1.0
RE1,DEMRESELCAIR_SPL_HIG_URB,S101,2042,1.0
RE1,DEMRESELCAIR_SPL_HIG_URB,S101,2043,1.0
RE1,DEMRESELCAIR_SPL_HIG_URB,S101,2044,1.0
RE1,DEMRESELCAIR_SPL_HIG_URB,S101,2045,1.0
RE1,DEMRESELCAIR_SPL_HIG_URB,S101,2046,1.0
RE1,DEMRESELCAIR_SPL_HIG_URB,S101,2047,1.0
RE1,DEMRESELCAIR_SPL_HIG_URB,S101,2048,1.0
RE1,DEMRESELCAIR_SPL_HIG_URB,S101,2049,1.0
RE1,DEMRESELCAIR_SPL_HIG_URB,S101,2050,1.0
RE1,DEMRESELCAIR_SPL_HIG_URB,S101,2051,1.0
RE1,DEMRESELCAIR_SPL_HIG_URB,S101,2052,1.0
RE1,DEMRESELCAIR_SPL_HIG_URB,S101,2053,1.0
RE1,DEMRESELCAIR_SPL_HIG_URB,S101,2054,1.0
RE1,DEMRESELCAIR_SPL_HIG_URB,S101,2055,1.0
RE1,DEMRESELCAIR_SPL_HIG_URB,S102,2022,1.0
RE1,DEMRESELCAIR_SPL_HIG_URB,S102,2023,1.0
RE1,DEMRESELCAIR_SPL_HIG_URB,S102,2024,1.0
RE1,DEMRESELCAIR_SPL_HIG_URB,S102,2025,1.0
RE1,DEMRESELCAIR_SPL_HIG_URB,S102,2026,1.0
RE1,DEMRESELCAIR_SPL_HIG_URB,S102,2027,1.0
RE1,DEMRESELCAIR_SPL_HIG_URB,S102,2028,1.0
RE1,DEMRESELCAIR_SPL_HIG_URB,S102,2029,1.0
RE1,DEMRESELCAIR_SPL_HIG_URB,S102,2030,1.0
RE1,DEMRESELCAIR_SPL_HIG_URB,S102,2031,1.0
RE1,DEMRESELCAIR_SPL_HIG_URB,S102,2032,1.0
RE1,DEMRESELCAIR_SPL_HIG_URB,S102,2033,1.0
RE1,DEMRESELCAIR_SPL_HIG_URB,S102,2034,1.0
RE1,DEMRESELCAIR_SPL_HIG_URB,S102,2035,1.0
RE1,DEMRESELCAIR_SPL_HIG_URB,S102,2036,1.0
RE1,DEMRESELCAIR_SPL_HIG_URB,S102,2037,1.0
RE1,DEMRESELCAIR_SPL_HIG_URB,S102,2038,1.0
RE1,DEMRESELCAIR_SPL_HIG_URB,S102,2039,1.0
RE1,DEMRESELCAIR_SPL_HIG_URB,S102,2040,1.0
RE1,DEMRESELCAIR_SPL_HIG_URB,S102,2041,1.0
RE1,DEMRESELCAIR_SPL_HIG_URB,S102,2042,1.0
RE1,DEMRESELCAIR_SPL_HIG_URB,S102,2043,1.0
RE1,DEMRESELCAIR_SPL_HIG_URB,S102,2044,1.0
RE1,DEMRESELCAIR_SPL_HIG_URB,S102,2045,1.0
RE1,DEMRESELCAIR_SPL_HIG_URB,S102,2046,1.0
RE1,DEMRESELCAIR_SPL_HIG_URB,S102,2047,1.0
RE1,DEMRESELCAIR_SPL_HIG_URB,S102,2048,1.0
RE1,DEMRESELCAIR_SPL_HIG_URB,S102,2049,1.0
RE1,DEMRESELCAIR_SPL_HIG_URB,S102,2050,1.0
RE1,DEMRESELCAIR_SPL_HIG_URB,S102,2051,1.0
RE1,DEMRESELCAIR_SPL_HIG_URB,S102,2052,1.0
RE1,DEMRESELCAIR_SPL_HIG_URB,S102,2053,1.0
RE1,DEMRESELCAIR_SPL_HIG_URB,S102,2054,1.0
RE1,DEMRESELCAIR_SPL_HIG_URB,S102,2055,1.0
RE1,DEMRESELCAIR_SPL_LOW_RUR,S101,2022,1.0
RE1,DEMRESELCAIR_SPL_LOW_RUR,S101,2023,1.0
RE1,DEMRESELCAIR_SPL_LOW_RUR,S101,2024,1.0
RE1,DEMRESELCAIR_SPL_LOW_RUR,S101,2025,1.0
RE1,DEMRESELCAIR_SPL_LOW_RUR,S101,2026,1.0
RE1,DEMRESELCAIR_SPL_LOW_RUR,S101,2027,1.0
RE1,DEMRESELCAIR_SPL_LOW_RUR,S101,2028,1.0
RE1,DEMRESELCAIR_SPL_LOW_RUR,S101,2029,1.0
RE1,DEMRESELCAIR_SPL_LOW_RUR,S101,2030,1.0
RE1,DEMRESELCAIR_SPL_LOW_RUR,S101,2031,1.0
RE1,DEMRESELCAIR_SPL_LOW_RUR,S101,2032,1.0
RE1,DEMRESELCAIR_SPL_LOW_RUR,S101,2033,1.0
RE1,DEMRESELCAIR_SPL_LOW_RUR,S101,2034,1.0
RE1,DEMRESELCAIR_SPL_LOW_RUR,S101,2035,1.0
RE1,DEMRESELCAIR_SPL_LOW_RUR,S101,2036,1.0
RE1,DEMRESELCAIR_SPL_LOW_RUR,S101,2037,1.0
RE1,DEMRESELCAIR_SPL_LOW_RUR,S101,2038,1.0
RE1,DEMRESELCAIR_SPL_LOW_RUR,S101,2039,1.0
RE1,DEMRESELCAIR_SPL_LOW_RUR,S101,2040,1.0
RE1,DEMRESELCAIR_SPL_LOW_RUR,S101,2041,1.0
RE1,DEMRESELCAIR_SPL_LOW_RUR,S101,2042,1.0
RE1,DEMRESELCAIR_SPL_LOW_RUR,S101,2043,1.0
RE1,DEMRESELCAIR_SPL_LOW_RUR,S101,2044,1.0
RE1,DEMRESELCAIR_SPL_LOW_RUR,S101,2045,1.0
RE1,DEMRESELCAIR_SPL_LOW_RUR,S101,2046,1.0
RE1,DEMRESELCAIR_SPL_LOW_RUR,S101,2047,1.0
RE1,DEMRESELCAIR_SPL_LOW_RUR,S101,2048,1.0
RE1,DEMRESELCAIR_SPL_LOW_RUR,S101,2049,1.0
RE1,DEMRESELCAIR_SPL_LOW_RUR,S101,2050,1.0
RE1,DEMRESELCAIR_SPL_LOW_RUR,S101,2051,1.0
RE1,DEMRESELCAIR_SPL_LOW_RUR,S101,2052,1.0
RE1,DEMRESELCAIR_SPL_LOW_RUR,S101,2053,1.0
RE1,DEMRESELCAIR_SPL_LOW_RUR,S101,2054,1.0
RE1,DEMRESELCAIR_SPL_LOW_RUR,S101,2055,1.0
RE1,DEMRESELCAIR_SPL_LOW_RUR,S102,2022,1.0
RE1,DEMRESELCAIR_SPL_LOW_RUR,S102,2023,1.0
RE1,DEMRESELCAIR_SPL_LOW_RUR,S102,2024,1.0
RE1,DEMRESELCAIR_SPL_LOW_RUR,S102,2025,1.0
RE1,DEMRESELCAIR_SPL_LOW_RUR,S102,2026,1.0
RE1,DEMRESELCAIR_SPL_LOW_RUR,S102,2027,1.0
RE1,DEMRESELCAIR_SPL_LOW_RUR,S102,2028,1.0
RE1,DEMRESELCAIR_SPL_LOW_RUR,S102,2029,1.0
RE1,DEMRESELCAIR_SPL_LOW_RUR,S102,2030,1.0
RE1,DEMRESELCAIR_SPL_LOW_RUR,S102,2031,1.0
RE1,DEMRESELCAIR_SPL_LOW_RUR,S102,2032,1.0
RE1,DEMRESELCAIR_SPL_LOW_RUR,S102,2033,1.0
RE1,DEMRESELCAIR_SPL_LOW_RUR,S102,2034,1.0
RE1,DEMRESELCAIR_SPL_LOW_RUR,S102,2035,1.0
RE1,DEMRESELCAIR_SPL_LOW_RUR,S102,2036,1.0
RE1,DEMRESELCAIR_SPL_LOW_RUR,S102,2037,1.0
RE1,DEMRESELCAIR_SPL_LOW_RUR,S102,2038,1.0
RE1,DEMRESELCAIR_SPL_LOW_RUR,S102,2039,1.0
RE1,DEMRESELCAIR_SPL_LOW_RUR,S102,2040,1.0
RE1,DEMRESELCAIR_SPL_LOW_RUR,S102,2041,1.0
RE1,DEMRESELCAIR_SPL_LOW_RUR,S102,2042,1.0
RE1,DEMRESELCAIR_SPL_LOW_RUR,S102,2043,1.0
RE1,DEMRESELCAIR_SPL_LOW_RUR,S102,2044,1.0
RE1,DEMRESELCAIR_SPL_LOW_RUR,S102,2045,1.0
RE1,DEMRESELCAIR_SPL_LOW_RUR,S102,2046,1.0
RE1,DEMRESELCAIR_SPL_LOW_RUR,S102,2047,1.0
RE1,DEMRESELCAIR_SPL_LOW_RUR,S102,2048,1.0
RE1,DEMRESELCAIR_SPL_LOW_RUR,S102,2049,1.0
RE1,DEMRESELCAIR_SPL_LOW_RUR,S102,2050,1.0
RE1,DEMRESELCAIR_SPL_LOW_RUR,S102,2051,1.0
RE1,DEMRESELCAIR_SPL_LOW_RUR,S102,2052,1.0
RE1,DEMRESELCAIR_SPL_LOW_RUR,S102,2053,1.0
RE1,DEMRESELCAIR_SPL_LOW_RUR,S102,2054,1.0
RE1,DEMRESELCAIR_SPL_LOW_RUR,S102,2055,1.0
RE1,DEMRESELCAIR_SPL_LOW_URB,S101,2022,1.0
RE1,DEMRESELCAIR_SPL_LOW_URB,S101,2023,1.0
RE1,DEMRESELCAIR_SPL_LOW_URB,S101,2024,1.0
RE1,DEMRESELCAIR_SPL_LOW_URB,S101,2025,1.0
RE1,DEMRESELCAIR_SPL_LOW_URB,S101,2026,1.0
RE1,DEMRESELCAIR_SPL_LOW_URB,S101,2027,1.0
RE1,DEMRESELCAIR_SPL_LOW_URB,S101,2028,1.0
RE1,DEMRESELCAIR_SPL_LOW_URB,S101,2029,1.0
RE1,DEMRESELCAIR_SPL_LOW_URB,S101,2030,1.0
RE1,DEMRESELCAIR_SPL_LOW_URB,S101,2031,1.0
RE1,DEMRESELCAIR_SPL_LOW_URB,S101,2032,1.0
RE1,DEMRESELCAIR_SPL_LOW_URB,S101,2033,1.0
RE1,DEMRESELCAIR_SPL_LOW_URB,S101,2034,1.0
RE1,DEMRESELCAIR_SPL_LOW_URB,S101,2035,1.0
RE1,DEMRESELCAIR_SPL_LOW_URB,S101,2036,1.0
RE1,DEMRESELCAIR_SPL_LOW_URB,S101,2037,1.0
RE1,DEMRESELCAIR_SPL_LOW_URB,S101,2038,1.0
RE1,DEMRESELCAIR_SPL_LOW_URB,S101,2039,1.0
RE1,DEMRESELCAIR_SPL_LOW_URB,S101,2040,1.0
RE1,DEMRESELCAIR_SPL_LOW_URB,S101,2041,1.0
RE1,DEMRESELCAIR_SPL_LOW_URB,S101,2042,1.0
RE1,DEMRESELCAIR_SPL_LOW_URB,S101,2043,1.0
RE1,DEMRESELCAIR_SPL_LOW_URB,S101,2044,1.0
RE1,DEMRESELCAIR_SPL_LOW_URB,S101,2045,1.0
RE1,DEMRESELCAIR_SPL_LOW_URB,S101,2046,1.0
RE1,DEMRESELCAIR_SPL_LOW_URB,S101,2047,1.0
RE1,DEMRESELCAIR_SPL_LOW_URB,S101,2048,1.0
RE1,DEMRESELCAIR_SPL_LOW_URB,S101,2049,1.0
RE1,DEMRESELCAIR_SPL_LOW_URB,S101,2050,1.0
RE1,DEMRESELCAIR_SPL_LOW_URB,S101,2051,1.0
RE1,DEMRESELCAIR_SPL_LOW_URB,S101,2052,1.0
RE1,DEMRESELCAIR_SPL_LOW_URB,S101,2053,1.0
RE1,DEMRESELCAIR_SPL_LOW_URB,S101,2054,1.0
RE1,DEMRESELCAIR_SPL_LOW_URB,S101,2055,1.0
RE1,DEMRESELCAIR_SPL_LOW_URB,S102,2022,1.0
RE1,DEMRESELCAIR_SPL_LOW_URB,S102,2023,1.0
RE1,DEMRESELCAIR_SPL_LOW_URB,S102,2024,1.0
RE1,DEMRESELCAIR_SPL_LOW_URB,S102,2025,1.0
RE1,DEMRESELCAIR_SPL_LOW_URB,S102,2026,1.0
RE1,DEMRESELCAIR_SPL_LOW_URB,S102,2027,1.0
RE1,DEMRESELCAIR_SPL_LOW_URB,S102,2028,1.0
RE1,DEMRESELCAIR_SPL_LOW_URB,S102,2029,1.0
RE1,DEMRESELCAIR_SPL_LOW_URB,S102,2030,1.0
RE1,DEMRESELCAIR_SPL_LOW_URB,S102,2031,1.0
RE1,DEMRESELCAIR_SPL_LOW_URB,S102,2032,1.0
RE1,DEMRESELCAIR_SPL_LOW_URB,S102,2033,1.0
RE1,DEMRESELCAIR_SPL_LOW_URB,S102,2034,1.0
RE1,DEMRESELCAIR_SPL_LOW_URB,S102,2035,1.0
RE1,DEMRESELCAIR_SPL_LOW_URB,S102,2036,1.0
RE1,DEMRESELCAIR_SPL_LOW_URB,S102,2037,1.0
RE1,DEMRESELCAIR_SPL_LOW_URB,S102,2038,1.0
RE1,DEMRESELCAIR_SPL_LOW_URB,S102,2039,1.0
RE1,DEMRESELCAIR_SPL_LOW_URB,S102,2040,1.0
RE1,DEMRESELCAIR_SPL_LOW_URB,S102,2041,1.0
RE1,DEMRESELCAIR_SPL_LOW_URB,S102,2042,1.0
RE1,DEMRESELCAIR_SPL_LOW_URB,S102,2043,1.0
RE1,DEMRESELCAIR_SPL_LOW_URB,S102,2044,1.0
RE1,DEMRESELCAIR_SPL_LOW_URB,S102,2045,1.0
RE1,DEMRESELCAIR_SPL_LOW_URB,S102,2046,1.0
RE1,DEMRESELCAIR_SPL_LOW_URB,S102,2047,1.0
RE1,DEMRESELCAIR_SPL_LOW_URB,S102,2048,1.0
RE1,DEMRESELCAIR_SPL_LOW_URB,S102,2049,1.0
RE1,DEMRESELCAIR_SPL_LOW_URB,S102,2050,1.0
RE1,DEMRESELCAIR_SPL_LOW_URB,S102,2051,1.0
RE1,DEMRESELCAIR_SPL_LOW_URB,S102,2052,1.0
RE1,DEMRESELCAIR_SPL_LOW_URB,S102,2053,1.0
RE1,DEMRESELCAIR_SPL_LOW_URB,S102,2054,1.0
RE1,DEMRESELCAIR_SPL_LOW_URB,S102,2055,1.0
RE1,DEMRESELCAIR_SPL_MID_RUR,S101,2022,1.0
RE1,DEMRESELCAIR_SPL_MID_RUR,S101,2023,1.0
RE1,DEMRESELCAIR_SPL_MID_RUR,S101,2024,1.0
RE1,DEMRESELCAIR_SPL_MID_RUR,S101,2025,1.0
RE1,DEMRESELCAIR_SPL_MID_RUR,S101,2026,1.0
RE1,DEMRESELCAIR_SPL_MID_RUR,S101,2027,1.0
RE1,DEMRESELCAIR_SPL_MID_RUR,S101,2028,1.0
RE1,DEMRESELCAIR_SPL_MID_RUR,S101,2029,1.0
RE1,DEMRESELCAIR_SPL_MID_RUR,S101,2030,1.0
RE1,DEMRESELCAIR_SPL_MID_RUR,S101,2031,1.0
RE1,DEMRESELCAIR_SPL_MID_RUR,S101,2032,1.0
RE1,DEMRESELCAIR_SPL_MID_RUR,S101,2033,1.0
RE1,DEMRESELCAIR_SPL_MID_RUR,S101,2034,1.0
RE1,DEMRESELCAIR_SPL_MID_RUR,S101,2035,1.0
RE1,DEMRESELCAIR_SPL_MID_RUR,S101,2036,1.0
RE1,DEMRESELCAIR_SPL_MID_RUR,S101,2037,1.0
RE1,DEMRESELCAIR_SPL_MID_RUR,S101,2038,1.0
RE1,DEMRESELCAIR_SPL_MID_RUR,S101,2039,1.0
RE1,DEMRESELCAIR_SPL_MID_RUR,S101,2040,1.0
RE1,DEMRESELCAIR_SPL_MID_RUR,S101,2041,1.0
RE1,DEMRESELCAIR_SPL_MID_RUR,S101,2042,1.0
RE1,DEMRESELCAIR_SPL_MID_RUR,S101,2043,1.0
RE1,DEMRESELCAIR_SPL_MID_RUR,S101,2044,1.0
RE1,DEMRESELCAIR_SPL_MID_RUR,S101,2045,1.0
RE1,DEMRESELCAIR_SPL_MID_RUR,S101,2046,1.0
RE1,DEMRESELCAIR_SPL_MID_RUR,S101,2047,1.0
RE1,DEMRESELCAIR_SPL_MID_RUR,S101,2048,1.0
RE1,DEMRESELCAIR_SPL_MID_RUR,S101,2049,1.0
RE1,DEMRESELCAIR_SPL_MID_RUR,S101,2050,1.0
RE1,DEMRESELCAIR_SPL_MID_RUR,S101,2051,1.0
RE1,DEMRESELCAIR_SPL_MID_RUR,S101,2052,1.0
RE1,DEMRESELCAIR_SPL_MID_RUR,S101,2053,1.0
RE1,DEMRESELCAIR_SPL_MID_RUR,S101,2054,1.0
RE1,DEMRESELCAIR_SPL_MID_RUR,S101,2055,1.0
RE1,DEMRESELCAIR_SPL_MID_RUR,S102,2022,1.0
RE1,DEMRESELCAIR_SPL_MID_RUR,S102,2023,1.0
RE1,DEMRESELCAIR_SPL_MID_RUR,S102,2024,1.0
RE1,DEMRESELCAIR_SPL_MID_RUR,S102,2025,1.0
RE1,DEMRESELCAIR_SPL_MID_RUR,S102,2026,1.0
RE1,DEMRESELCAIR_SPL_MID_RUR,S102,2027,1.0
RE1,DEMRESELCAIR_SPL_MID_RUR,S102,2028,1.0
RE1,DEMRESELCAIR_SPL_MID_RUR,S102,2029,1.0
RE1,DEMRESELCAIR_SPL_MID_RUR,S102,2030,1.0
RE1,DEMRESELCAIR_SPL_MID_RUR,S102,2031,1.0
RE1,DEMRESELCAIR_SPL_MID_RUR,S102,2032,1.0
RE1,DEMRESELCAIR_SPL_MID_RUR,S102,2033,1.0
RE1,DEMRESELCAIR_SPL_MID_RUR,S102,2034,1.0
RE1,DEMRESELCAIR_SPL_MID_RUR,S102,2035,1.0
RE1,DEMRESELCAIR_SPL_MID_RUR,S102,2036,1.0
RE1,DEMRESELCAIR_SPL_MID_RUR,S102,2037,1.0
RE1,DEMRESELCAIR_SPL_MID_RUR,S102,2038,1.0
RE1,DEMRESELCAIR_SPL_MID_RUR,S102,2039,1.0
RE1,DEMRESELCAIR_SPL_MID_RUR,S102,2040,1.0
RE1,DEMRESELCAIR_SPL_MID_RUR,S102,2041,1.0
RE1,DEMRESELCAIR_SPL_MID_RUR,S102,2042,1.0
RE1,DEMRESELCAIR_SPL_MID_RUR,S102,2043,1.0
RE1,DEMRESELCAIR_SPL_MID_RUR,S102,2044,1.0
RE1,DEMRESELCAIR_SPL_MID_RUR,S102,2045,1.0
RE1,DEMRESELCAIR_SPL_MID_RUR,S102,2046,1.0
RE1,DEMRESELCAIR_SPL_MID_RUR,S102,2047,1.0
RE1,DEMRESELCAIR_SPL_MID_RUR,S102,2048,1.0
RE1,DEMRESELCAIR_SPL_MID_RUR,S102,2049,1.0
RE1,DEMRESELCAIR_SPL_MID_RUR,S102,2050,1.0
RE1,DEMRESELCAIR_SPL_MID_RUR,S102,2051,1.0
RE1,DEMRESELCAIR_SPL_MID_RUR,S102,2052,1.0
RE1,DEMRESELCAIR_SPL_MID_RUR,S102,2053,1.0
RE1,DEMRESELCAIR_SPL_MID_RUR,S102,2054,1.0
RE1,DEMRESELCAIR_SPL_MID_RUR,S102,2055,1.0
RE1,DEMRESELCAIR_SPL_MID_URB,S101,2022,1.0
RE1,DEMRESELCAIR_SPL_MID_URB,S101,2023,1.0
RE1,DEMRESELCAIR_SPL_MID_URB,S101,2024,1.0
RE1,DEMRESELCAIR_SPL_MID_URB,S101,2025,1.0
RE1,DEMRESELCAIR_SPL_MID_URB,S101,2026,1.0
RE1,DEMRESELCAIR_SPL_MID_URB,S101,2027,1.0
RE1,DEMRESELCAIR_SPL_MID_URB,S101,2028,1.0
RE1,DEMRESELCAIR_SPL_MID_URB,S101,2029,1.0
RE1,DEMRESELCAIR_SPL_MID_URB,S101,2030,1.0
RE1,DEMRESELCAIR_SPL_MID_URB,S101,2031,1.0
RE1,DEMRESELCAIR_SPL_MID_URB,S101,2032,1.0
RE1,DEMRESELCAIR_SPL_MID_URB,S101,2033,1.0
RE1,DEMRESELCAIR_SPL_MID_URB,S101,2034,1.0
RE1,DEMRESELCAIR_SPL_MID_URB,S101,2035,1.0
RE1,DEMRESELCAIR_SPL_MID_URB,S101,2036,1.0
RE1,DEMRESELCAIR_SPL_MID_URB,S101,2037,1.0
RE1,DEMRESELCAIR_SPL_MID_URB,S101,2038,1.0
RE1,DEMRESELCAIR_SPL_MID_URB,S101,2039,1.0
RE1,DEMRESELCAIR_SPL_MID_URB,S101,2040,1.0
RE1,DEMRESELCAIR_SPL_MID_URB,S101,2041,1.0
RE1,DEMRESELCAIR_SPL_MID_URB,S101,2042,1.0
RE1,DEMRESELCAIR_SPL_MID_URB,S101,2043,1.0
RE1,DEMRESELCAIR_SPL_MID_URB,S101,2044,1.0
RE1,DEMRESELCAIR_SPL_MID_URB,S101,2045,1.0
RE1,DEMRESELCAIR_SPL_MID_URB,S101,2046,1.0
RE1,DEMRESELCAIR_SPL_MID_URB,S101,2047,1.0
RE1,DEMRESELCAIR_SPL_MID_URB,S101,2048,1.0
RE1,DEMRESELCAIR_SPL_MID_URB,S101,2049,1.0
RE1,DEMRESELCAIR_SPL_MID_URB,S101,2050,1.0
RE1,DEMRESELCAIR_SPL_MID_URB,S101,2051,1.0
RE1,DEMRESELCAIR_SPL_MID_URB,S101,2052,1.0
RE1,DEMRESELCAIR_SPL_MID_URB,S101,2053,1.0
RE1,DEMRESELCAIR_SPL_MID_URB,S101,2054,1.0
RE1,DEMRESELCAIR_SPL_MID_URB,S101,2055,1.0
RE1,DEMRESELCAIR_SPL_MID_URB,S102,2022,1.0
RE1,DEMRESELCAIR_SPL_MID_URB,S102,2023,1.0
RE1,DEMRESELCAIR_SPL_MID_URB,S102,2024,1.0
RE1,DEMRESELCAIR_SPL_MID_URB,S102,2025,1.0
RE1,DEMRESELCAIR_SPL_MID_URB,S102,2026,1.0
RE1,DEMRESELCAIR_SPL_MID_URB,S102,2027,1.0
RE1,DEMRESELCAIR_SPL_MID_URB,S102,2028,1.0
RE1,DEMRESELCAIR_SPL_MID_URB,S102,2029,1.0
RE1,DEMRESELCAIR_SPL_MID_URB,S102,2030,1.0
RE1,DEMRESELCAIR_SPL_MID_URB,S102,2031,1.0
RE1,DEMRESELCAIR_SPL_MID_URB,S102,2032,1.0
RE1,DEMRESELCAIR_SPL_MID_URB,S102,2033,1.0
RE1,DEMRESELCAIR_SPL_MID_URB,S102,2034,1.0
RE1,DEMRESELCAIR_SPL_MID_URB,S102,2035,1.0
RE1,DEMRESELCAIR_SPL_MID_URB,S102,2036,1.0
RE1,DEMRESELCAIR_SPL_MID_URB,S102,2037,1.0
RE1,DEMRESELCAIR_SPL_MID_URB,S102,2038,1.0
RE1,DEMRESELCAIR_SPL_MID_URB,S102,2039,1.0
RE1,DEMRESELCAIR_SPL_MID_URB,S102,2040,1.0
RE1,DEMRESELCAIR_SPL_MID_URB,S102,2041,1.0
RE1,DEMRESELCAIR_SPL_MID_URB,S102,2042,1.0
RE1,DEMRESELCAIR_SPL_MID_URB,S102,2043,1.0
RE1,DEMRESELCAIR_SPL_MID_URB,S102,2044,1.0
RE1,DEMRESELCAIR_SPL_MID_URB,S102,2045,1.0
RE1,DEMRESELCAIR_SPL_MID_URB,S102,2046,1.0
RE1,DEMRESELCAIR_SPL_MID_URB,S102,2047,1.0
RE1,DEMRESELCAIR_SPL_MID_URB,S102,2048,1.0
RE1,DEMRESELCAIR_SPL_MID_URB,S102,2049,1.0
RE1,DEMRESELCAIR_SPL_MID_URB,S102,2050,1.0
RE1,DEMRESELCAIR_SPL_MID_URB,S102,2051,1.0
RE1,DEMRESELCAIR_SPL_MID_URB,S102,2052,1.0
RE1,DEMRESELCAIR_SPL_MID_URB,S102,2053,1.0
RE1,DEMRESELCAIR_SPL_MID_URB,S102,2054,1.0
RE1,DEMRESELCAIR_SPL_MID_URB,S102,2055,1.0
RE1,DEMRESELCCKN_HIG_RUR,S101,2022,1.0
RE1,DEMRESELCCKN_HIG_RUR,S101,2023,1.0
RE1,DEMRESELCCKN_HIG_RUR,S101,2024,1.0
RE1,DEMRESELCCKN_HIG_RUR,S101,2025,1.0
RE1,DEMRESELCCKN_HIG_RUR,S101,2026,1.0
RE1,DEMRESELCCKN_HIG_RUR,S101,2027,1.0
RE1,DEMRESELCCKN_HIG_RUR,S101,2028,1.0
RE1,DEMRESELCCKN_HIG_RUR,S101,2029,1.0
RE1,DEMRESELCCKN_HIG_RUR,S101,2030,1.0
RE1,DEMRESELCCKN_HIG_RUR,S101,2031,1.0
RE1,DEMRESELCCKN_HIG_RUR,S101,2032,1.0
RE1,DEMRESELCCKN_HIG_RUR,S101,2033,1.0
RE1,DEMRESELCCKN_HIG_RUR,S101,2034,1.0
RE1,DEMRESELCCKN_HIG_RUR,S101,2035,1.0
RE1,DEMRESELCCKN_HIG_RUR,S101,2036,1.0
RE1,DEMRESELCCKN_HIG_RUR,S101,2037,1.0
RE1,DEMRESELCCKN_HIG_RUR,S101,2038,1.0
RE1,DEMRESELCCKN_HIG_RUR,S101,2039,1.0
RE1,DEMRESELCCKN_HIG_RUR,S101,2040,1.0
RE1,DEMRESELCCKN_HIG_RUR,S101,2041,1.0
RE1,DEMRESELCCKN_HIG_RUR,S101,2042,1.0
RE1,DEMRESELCCKN_HIG_RUR,S101,2043,1.0
RE1,DEMRESELCCKN_HIG_RUR,S101,2044,1.0
RE1,DEMRESELCCKN_HIG_RUR,S101,2045,1.0
RE1,DEMRESELCCKN_HIG_RUR,S101,2046,1.0
RE1,DEMRESELCCKN_HIG_RUR,S101,2047,1.0
RE1,DEMRESELCCKN_HIG_RUR,S101,2048,1.0
RE1,DEMRESELCCKN_HIG_RUR,S101,2049,1.0
RE1,DEMRESELCCKN_HIG_RUR,S101,2050,1.0
RE1,DEMRESELCCKN_HIG_RUR,S101,2051,1.0
RE1,DEMRESELCCKN_HIG_RUR,S101,2052,1.0
RE1,DEMRESELCCKN_HIG_RUR,S101,2053,1.0
RE1,DEMRESELCCKN_HIG_RUR,S101,2054,1.0
RE1,DEMRESELCCKN_HIG_RUR,S101,2055,1.0
RE1,DEMRESELCCKN_HIG_RUR,S102,2022,1.0
RE1,DEMRESELCCKN_HIG_RUR,S102,2023,1.0
RE1,DEMRESELCCKN_HIG_RUR,S102,2024,1.0
RE1,DEMRESELCCKN_HIG_RUR,S102,2025,1.0
RE1,DEMRESELCCKN_HIG_RUR,S102,2026,1.0
RE1,DEMRESELCCKN_HIG_RUR,S102,2027,1.0
RE1,DEMRESELCCKN_HIG_RUR,S102,2028,1.0
RE1,DEMRESELCCKN_HIG_RUR,S102,2029,1.0
RE1,DEMRESELCCKN_HIG_RUR,S102,2030,1.0
RE1,DEMRESELCCKN_HIG_RUR,S102,2031,1.0
RE1,DEMRESELCCKN_HIG_RUR,S102,2032,1.0
RE1,DEMRESELCCKN_HIG_RUR,S102,2033,1.0
RE1,DEMRESELCCKN_HIG_RUR,S102,2034,1.0
RE1,DEMRESELCCKN_HIG_RUR,S102,2035,1.0
RE1,DEMRESELCCKN_HIG_RUR,S102,2036,1.0
RE1,DEMRESELCCKN_HIG_RUR,S102,2037,1.0
RE1,DEMRESELCCKN_HIG_RUR,S102,2038,1.0
RE1,DEMRESELCCKN_HIG_RUR,S102,2039,1.0
RE1,DEMRESELCCKN_HIG_RUR,S102,2040,1.0
RE1,DEMRESELCCKN_HIG_RUR,S102,2041,1.0
RE1,DEMRESELCCKN_HIG_RUR,S102,2042,1.0
RE1,DEMRESELCCKN_HIG_RUR,S102,2043,1.0
RE1,DEMRESELCCKN_HIG_RUR,S102,2044,1.0
RE1,DEMRESELCCKN_HIG_RUR,S102,2045,1.0
RE1,DEMRESELCCKN_HIG_RUR,S102,2046,1.0
RE1,DEMRESELCCKN_HIG_RUR,S102,2047,1.0
RE1,DEMRESELCCKN_HIG_RUR,S102,2048,1.0
RE1,DEMRESELCCKN_HIG_RUR,S102,2049,1.0
RE1,DEMRESELCCKN_HIG_RUR,S102,2050,1.0
RE1,DEMRESELCCKN_HIG_RUR,S102,2051,1.0
RE1,DEMRESELCCKN_HIG_RUR,S102,2052,1.0
RE1,DEMRESELCCKN_HIG_RUR,S102,2053,1.0
RE1,DEMRESELCCKN_HIG_RUR,S102,2054,1.0
RE1,DEMRESELCCKN_HIG_RUR,S102,2055,1.0
RE1,DEMRESELCCKN_HIG_URB,S101,2022,1.0
RE1,DEMRESELCCKN_HIG_URB,S101,2023,1.0
RE1,DEMRESELCCKN_HIG_URB,S101,2024,1.0
RE1,DEMRESELCCKN_HIG_URB,S101,2025,1.0
RE1,DEMRESELCCKN_HIG_URB,S101,2026,1.0
RE1,DEMRESELCCKN_HIG_URB,S101,2027,1.0
RE1,DEMRESELCCKN_HIG_URB,S101,2028,1.0
RE1,DEMRESELCCKN_HIG_URB,S101,2029,1.0
RE1,DEMRESELCCKN_HIG_URB,S101,2030,1.0
RE1,DEMRESELCCKN_HIG_URB,S101,2031,1.0
RE1,DEMRESELCCKN_HIG_URB,S101,2032,1.0
RE1,DEMRESELCCKN_HIG_URB,S101,2033,1.0
RE1,DEMRESELCCKN_HIG_URB,S101,2034,1.0
RE1,DEMRESELCCKN_HIG_URB,S101,2035,1.0
RE1,DEMRESELCCKN_HIG_URB,S101,2036,1.0
RE1,DEMRESELCCKN_HIG_URB,S101,2037,1.0
RE1,DEMRESELCCKN_HIG_URB,S101,2038,1.0
RE1,DEMRESELCCKN_HIG_URB,S101,2039,1.0
RE1,DEMRESELCCKN_HIG_URB,S101,2040,1.0
RE1,DEMRESELCCKN_HIG_URB,S101,2041,1.0
RE1,DEMRESELCCKN_HIG_URB,S101,2042,1.0
RE1,DEMRESELCCKN_HIG_URB,S101,2043,1.0
RE1,DEMRESELCCKN_HIG_URB,S101,2044,1.0
RE1,DEMRESELCCKN_HIG_URB,S101,2045,1.0
RE1,DEMRESELCCKN_HIG_URB,S101,2046,1.0
RE1,DEMRESELCCKN_HIG_URB,S101,2047,1.0
RE1,DEMRESELCCKN_HIG_URB,S101,2048,1.0
RE1,DEMRESELCCKN_HIG_URB,S101,2049,1.0
RE1,DEMRESELCCKN_HIG_URB,S101,2050,1.0
RE1,DEMRESELCCKN_HIG_URB,S101,2051,1.0
RE1,DEMRESELCCKN_HIG_URB,S101,2052,1.0
RE1,DEMRESELCCKN_HIG_URB,S101,2053,1.0
RE1,DEMRESELCCKN_HIG_URB,S101,2054,1.0
RE1,DEMRESELCCKN_HIG_URB,S101,2055,1.0
RE1,DEMRESELCCKN_HIG_URB,S102,2022,1.0
RE1,DEMRESELCCKN_HIG_URB,S102,2023,1.0
RE1,DEMRESELCCKN_HIG_URB,S102,2024,1.0
RE1,DEMRESELCCKN_HIG_URB,S102,2025,1.0
RE1,DEMRESELCCKN_HIG_URB,S102,2026,1.0
RE1,DEMRESELCCKN_HIG_URB,S102,2027,1.0
RE1,DEMRESELCCKN_HIG_URB,S102,2028,1.0
RE1,DEMRESELCCKN_HIG_URB,S102,2029,1.0
RE1,DEMRESELCCKN_HIG_URB,S102,2030,1.0
RE1,DEMRESELCCKN_HIG_URB,S102,2031,1.0
RE1,DEMRESELCCKN_HIG_URB,S102,2032,1.0
RE1,DEMRESELCCKN_HIG_URB,S102,2033,1.0
RE1,DEMRESELCCKN_HIG_URB,S102,2034,1.0
RE1,DEMRESELCCKN_HIG_URB,S102,2035,1.0
RE1,DEMRESELCCKN_HIG_URB,S102,2036,1.0
RE1,DEMRESELCCKN_HIG_URB,S102,2037,1.0
RE1,DEMRESELCCKN_HIG_URB,S102,2038,1.0
RE1,DEMRESELCCKN_HIG_URB,S102,2039,1.0
RE1,DEMRESELCCKN_HIG_URB,S102,2040,1.0
RE1,DEMRESELCCKN_HIG_URB,S102,2041,1.0
RE1,DEMRESELCCKN_HIG_URB,S102,2042,1.0
RE1,DEMRESELCCKN_HIG_URB,S102,2043,1.0
RE1,DEMRESELCCKN_HIG_URB,S102,2044,1.0
RE1,DEMRESELCCKN_HIG_URB,S102,2045,1.0
RE1,DEMRESELCCKN_HIG_URB,S102,2046,1.0
RE1,DEMRESELCCKN_HIG_URB,S102,2047,1.0
RE1,DEMRESELCCKN_HIG_URB,S102,2048,1.0
RE1,DEMRESELCCKN_HIG_URB,S102,2049,1.0
RE1,DEMRESELCCKN_HIG_URB,S102,2050,1.0
RE1,DEMRESELCCKN_HIG_URB,S102,2051,1.0
RE1,DEMRESELCCKN_HIG_URB,S102,2052,1.0
RE1,DEMRESELCCKN_HIG_URB,S102,2053,1.0
RE1,DEMRESELCCKN_HIG_URB,S102,2054,1.0
RE1,DEMRESELCCKN_HIG_URB,S102,2055,1.0
RE1,DEMRESELCCKN_LOW_RUR,S101,2022,1.0
RE1,DEMRESELCCKN_LOW_RUR,S101,2023,1.0
RE1,DEMRESELCCKN_LOW_RUR,S101,2024,1.0
RE1,DEMRESELCCKN_LOW_RUR,S101,2025,1.0
RE1,DEMRESELCCKN_LOW_RUR,S101,2026,1.0
RE1,DEMRESELCCKN_LOW_RUR,S101,2027,1.0
RE1,DEMRESELCCKN_LOW_RUR,S101,2028,1.0
RE1,DEMRESELCCKN_LOW_RUR,S101,2029,1.0
RE1,DEMRESELCCKN_LOW_RUR,S101,2030,1.0
RE1,DEMRESELCCKN_LOW_RUR,S101,2031,1.0
RE1,DEMRESELCCKN_LOW_RUR,S101,2032,1.0
RE1,DEMRESELCCKN_LOW_RUR,S101,2033,1.0
RE1,DEMRESELCCKN_LOW_RUR,S101,2034,1.0
RE1,DEMRESELCCKN_LOW_RUR,S101,2035,1.0
RE1,DEMRESELCCKN_LOW_RUR,S101,2036,1.0
RE1,DEMRESELCCKN_LOW_RUR,S101,2037,1.0
RE1,DEMRESELCCKN_LOW_RUR,S101,2038,1.0
RE1,DEMRESELCCKN_LOW_RUR,S101,2039,1.0
RE1,DEMRESELCCKN_LOW_RUR,S101,2040,1.0
RE1,DEMRESELCCKN_LOW_RUR,S101,2041,1.0
RE1,DEMRESELCCKN_LOW_RUR,S101,2042,1.0
RE1,DEMRESELCCKN_LOW_RUR,S101,2043,1.0
RE1,DEMRESELCCKN_LOW_RUR,S101,2044,1.0
RE1,DEMRESELCCKN_LOW_RUR,S101,2045,1.0
RE1,DEMRESELCCKN_LOW_RUR,S101,2046,1.0
RE1,DEMRESELCCKN_LOW_RUR,S101,2047,1.0
RE1,DEMRESELCCKN_LOW_RUR,S101,2048,1.0
RE1,DEMRESELCCKN_LOW_RUR,S101,2049,1.0
RE1,DEMRESELCCKN_LOW_RUR,S101,2050,1.0
RE1,DEMRESELCCKN_LOW_RUR,S101,2051,1.0
RE1,DEMRESELCCKN_LOW_RUR,S101,2052,1.0
RE1,DEMRESELCCKN_LOW_RUR,S101,2053,1.0
RE1,DEMRESELCCKN_LOW_RUR,S101,2054,1.0
RE1,DEMRESELCCKN_LOW_RUR,S101,2055,1.0
RE1,DEMRESELCCKN_LOW_RUR,S102,2022,1.0
RE1,DEMRESELCCKN_LOW_RUR,S102,2023,1.0
RE1,DEMRESELCCKN_LOW_RUR,S102,2024,1.0
RE1,DEMRESELCCKN_LOW_RUR,S102,2025,1.0
RE1,DEMRESELCCKN_LOW_RUR,S102,2026,1.0
RE1,DEMRESELCCKN_LOW_RUR,S102,2027,1.0
RE1,DEMRESELCCKN_LOW_RUR,S102,2028,1.0
RE1,DEMRESELCCKN_LOW_RUR,S102,2029,1.0
RE1,DEMRESELCCKN_LOW_RUR,S102,2030,1.0
RE1,DEMRESELCCKN_LOW_RUR,S102,2031,1.0
RE1,DEMRESELCCKN_LOW_RUR,S102,2032,1.0
RE1,DEMRESELCCKN_LOW_RUR,S102,2033,1.0
RE1,DEMRESELCCKN_LOW_RUR,S102,2034,1.0
RE1,DEMRESELCCKN_LOW_RUR,S102,2035,1.0
RE1,DEMRESELCCKN_LOW_RUR,S102,2036,1.0
RE1,DEMRESELCCKN_LOW_RUR,S102,2037,1.0
RE1,DEMRESELCCKN_LOW_RUR,S102,2038,1.0
RE1,DEMRESELCCKN_LOW_RUR,S102,2039,1.0
RE1,DEMRESELCCKN_LOW_RUR,S102,2040,1.0
RE1,DEMRESELCCKN_LOW_RUR,S102,2041,1.0
RE1,DEMRESELCCKN_LOW_RUR,S102,2042,1.0
RE1,DEMRESELCCKN_LOW_RUR,S102,2043,1.0
RE1,DEMRESELCCKN_LOW_RUR,S102,2044,1.0
RE1,DEMRESELCCKN_LOW_RUR,S102,2045,1.0
RE1,DEMRESELCCKN_LOW_RUR,S102,2046,1.0
RE1,DEMRESELCCKN_LOW_RUR,S102,2047,1.0
RE1,DEMRESELCCKN_LOW_RUR,S102,2048,1.0
RE1,DEMRESELCCKN_LOW_RUR,S102,2049,1.0
RE1,DEMRESELCCKN_LOW_RUR,S102,2050,1.0
RE1,DEMRESELCCKN_LOW_RUR,S102,2051,1.0
RE1,DEMRESELCCKN_LOW_RUR,S102,2052,1.0
RE1,DEMRESELCCKN_LOW_RUR,S102,2053,1.0
RE1,DEMRESELCCKN_LOW_RUR,S102,2054,1.0
RE1,DEMRESELCCKN_LOW_RUR,S102,2055,1.0
RE1,DEMRESELCCKN_LOW_URB,S101,2022,1.0
RE1,DEMRESELCCKN_LOW_URB,S101,2023,1.0
RE1,DEMRESELCCKN_LOW_URB,S101,2024,1.0
RE1,DEMRESELCCKN_LOW_URB,S101,2025,1.0
RE1,DEMRESELCCKN_LOW_URB,S101,2026,1.0
RE1,DEMRESELCCKN_LOW_URB,S101,2027,1.0
RE1,DEMRESELCCKN_LOW_URB,S101,2028,1.0
RE1,DEMRESELCCKN_LOW_URB,S101,2029,1.0
RE1,DEMRESELCCKN_LOW_URB,S101,2030,1.0
RE1,DEMRESELCCKN_LOW_URB,S101,2031,1.0
RE1,DEMRESELCCKN_LOW_URB,S101,2032,1.0
RE1,DEMRESELCCKN_LOW_URB,S101,2033,1.0
RE1,DEMRESELCCKN_LOW_URB,S101,2034,1.0
RE1,DEMRESELCCKN_LOW_URB,S101,2035,1.0
RE1,DEMRESELCCKN_LOW_URB,S101,2036,1.0
RE1,DEMRESELCCKN_LOW_URB,S101,2037,1.0
RE1,DEMRESELCCKN_LOW_URB,S101,2038,1.0
RE1,DEMRESELCCKN_LOW_URB,S101,2039,1.0
RE1,DEMRESELCCKN_LOW_URB,S101,2040,1.0
RE1,DEMRESELCCKN_LOW_URB,S101,2041,1.0
RE1,DEMRESELCCKN_LOW_URB,S101,2042,1.0
RE1,DEMRESELCCKN_LOW_URB,S101,2043,1.0
RE1,DEMRESELCCKN_LOW_URB,S101,2044,1.0
RE1,DEMRESELCCKN_LOW_URB,S101,2045,1.0
RE1,DEMRESELCCKN_LOW_URB,S101,2046,1.0
RE1,DEMRESELCCKN_LOW_URB,S101,2047,1.0
RE1,DEMRESELCCKN_LOW_URB,S101,2048,1.0
RE1,DEMRESELCCKN_LOW_URB,S101,2049,1.0
RE1,DEMRESELCCKN_LOW_URB,S101,2050,1.0
RE1,DEMRESELCCKN_LOW_URB,S101,2051,1.0
RE1,DEMRESELCCKN_LOW_URB,S101,2052,1.0
RE1,DEMRESELCCKN_LOW_URB,S101,2053,1.0
RE1,DEMRESELCCKN_LOW_URB,S101,2054,1.0
RE1,DEMRESELCCKN_LOW_URB,S101,2055,1.0
RE1,DEMRESELCCKN_LOW_URB,S102,2022,1.0
RE1,DEMRESELCCKN_LOW_URB,S102,2023,1.0
RE1,DEMRESELCCKN_LOW_URB,S102,2024,1.0
RE1,DEMRESELCCKN_LOW_URB,S102,2025,1.0
RE1,DEMRESELCCKN_LOW_URB,S102,2026,1.0
RE1,DEMRESELCCKN_LOW_URB,S102,2027,1.0
RE1,DEMRESELCCKN_LOW_URB,S102,2028,1.0
RE1,DEMRESELCCKN_LOW_URB,S102,2029,1.0
RE1,DEMRESELCCKN_LOW_URB,S102,2030,1.0
RE1,DEMRESELCCKN_LOW_URB,S102,2031,1.0
RE1,DEMRESELCCKN_LOW_URB,S102,2032,1.0
RE1,DEMRESELCCKN_LOW_URB,S102,2033,1.0
RE1,DEMRESELCCKN_LOW_URB,S102,2034,1.0
RE1,DEMRESELCCKN_LOW_URB,S102,2035,1.0
RE1,DEMRESELCCKN_LOW_URB,S102,2036,1.0
RE1,DEMRESELCCKN_LOW_URB,S102,2037,1.0
RE1,DEMRESELCCKN_LOW_URB,S102,2038,1.0
RE1,DEMRESELCCKN_LOW_URB,S102,2039,1.0
RE1,DEMRESELCCKN_LOW_URB,S102,2040,1.0
RE1,DEMRESELCCKN_LOW_URB,S102,2041,1.0
RE1,DEMRESELCCKN_LOW_URB,S102,2042,1.0
RE1,DEMRESELCCKN_LOW_URB,S102,2043,1.0
RE1,DEMRESELCCKN_LOW_URB,S102,2044,1.0
RE1,DEMRESELCCKN_LOW_URB,S102,2045,1.0
RE1,DEMRESELCCKN_LOW_URB,S102,2046,1.0
RE1,DEMRESELCCKN_LOW_URB,S102,2047,1.0
RE1,DEMRESELCCKN_LOW_URB,S102,2048,1.0
RE1,DEMRESELCCKN_LOW_URB,S102,2049,1.0
RE1,DEMRESELCCKN_LOW_URB,S102,2050,1.0
RE1,DEMRESELCCKN_LOW_URB,S102,2051,1.0
RE1,DEMRESELCCKN_LOW_URB,S102,2052,1.0
RE1,DEMRESELCCKN_LOW_URB,S102,2053,1.0
RE1,DEMRESELCCKN_LOW_URB,S102,2054,1.0
RE1,DEMRESELCCKN_LOW_URB,S102,2055,1.0
RE1,DEMRESELCCKN_MID_RUR,S101,2022,1.0
RE1,DEMRESELCCKN_MID_RUR,S101,2023,1.0
RE1,DEMRESELCCKN_MID_RUR,S101,2024,1.0
RE1,DEMRESELCCKN_MID_RUR,S101,2025,1.0
RE1,DEMRESELCCKN_MID_RUR,S101,2026,1.0
RE1,DEMRESELCCKN_MID_RUR,S101,2027,1.0
RE1,DEMRESELCCKN_MID_RUR,S101,2028,1.0
RE1,DEMRESELCCKN_MID_RUR,S101,2029,1.0
RE1,DEMRESELCCKN_MID_RUR,S101,2030,1.0
RE1,DEMRESELCCKN_MID_RUR,S101,2031,1.0
RE1,DEMRESELCCKN_MID_RUR,S101,2032,1.0
RE1,DEMRESELCCKN_MID_RUR,S101,2033,1.0
RE1,DEMRESELCCKN_MID_RUR,S101,2034,1.0
RE1,DEMRESELCCKN_MID_RUR,S101,2035,1.0
RE1,DEMRESELCCKN_MID_RUR,S101,2036,1.0
RE1,DEMRESELCCKN_MID_RUR,S101,2037,1.0
RE1,DEMRESELCCKN_MID_RUR,S101,2038,1.0
RE1,DEMRESELCCKN_MID_RUR,S101,2039,1.0
RE1,DEMRESELCCKN_MID_RUR,S101,2040,1.0
RE1,DEMRESELCCKN_MID_RUR,S101,2041,1.0
RE1,DEMRESELCCKN_MID_RUR,S101,2042,1.0
RE1,DEMRESELCCKN_MID_RUR,S101,2043,1.0
RE1,DEMRESELCCKN_MID_RUR,S101,2044,1.0
RE1,DEMRESELCCKN_MID_RUR,S101,2045,1.0
RE1,DEMRESELCCKN_MID_RUR,S101,2046,1.0
RE1,DEMRESELCCKN_MID_RUR,S101,2047,1.0
RE1,DEMRESELCCKN_MID_RUR,S101,2048,1.0
RE1,DEMRESELCCKN_MID_RUR,S101,2049,1.0
RE1,DEMRESELCCKN_MID_RUR,S101,2050,1.0
RE1,DEMRESELCCKN_MID_RUR,S101,2051,1.0
RE1,DEMRESELCCKN_MID_RUR,S101,2052,1.0
RE1,DEMRESELCCKN_MID_RUR,S101,2053,1.0
RE1,DEMRESELCCKN_MID_RUR,S101,2054,1.0
RE1,DEMRESELCCKN_MID_RUR,S101,2055,1.0
RE1,DEMRESELCCKN_MID_RUR,S102,2022,1.0
RE1,DEMRESELCCKN_MID_RUR,S102,2023,1.0
RE1,DEMRESELCCKN_MID_RUR,S102,2024,1.0
RE1,DEMRESELCCKN_MID_RUR,S102,2025,1.0
RE1,DEMRESELCCKN_MID_RUR,S102,2026,1.0
RE1,DEMRESELCCKN_MID_RUR,S102,2027,1.0
RE1,DEMRESELCCKN_MID_RUR,S102,2028,1.0
RE1,DEMRESELCCKN_MID_RUR,S102,2029,1.0
RE1,DEMRESELCCKN_MID_RUR,S102,2030,1.0
RE1,DEMRESELCCKN_MID_RUR,S102,2031,1.0
RE1,DEMRESELCCKN_MID_RUR,S102,2032,1.0
RE1,DEMRESELCCKN_MID_RUR,S102,2033,1.0
RE1,DEMRESELCCKN_MID_RUR,S102,2034,1.0
RE1,DEMRESELCCKN_MID_RUR,S102,2035,1.0
RE1,DEMRESELCCKN_MID_RUR,S102,2036,1.0
RE1,DEMRESELCCKN_MID_RUR,S102,2037,1.0
RE1,DEMRESELCCKN_MID_RUR,S102,2038,1.0
RE1,DEMRESELCCKN_MID_RUR,S102,2039,1.0
RE1,DEMRESELCCKN_MID_RUR,S102,2040,1.0
RE1,DEMRESELCCKN_MID_RUR,S102,2041,1.0
RE1,DEMRESELCCKN_MID_RUR,S102,2042,1.0
RE1,DEMRESELCCKN_MID_RUR,S102,2043,1.0
RE1,DEMRESELCCKN_MID_RUR,S102,2044,1.0
RE1,DEMRESELCCKN_MID_RUR,S102,2045,1.0
RE1,DEMRESELCCKN_MID_RUR,S102,2046,1.0
RE1,DEMRESELCCKN_MID_RUR,S102,2047,1.0
RE1,DEMRESELCCKN_MID_RUR,S102,2048,1.0
RE1,DEMRESELCCKN_MID_RUR,S102,2049,1.0
RE1,DEMRESELCCKN_MID_RUR,S102,2050,1.0
RE1,DEMRESELCCKN_MID_RUR,S102,2051,1.0
RE1,DEMRESELCCKN_MID_RUR,S102,2052,1.0
RE1,DEMRESELCCKN_MID_RUR,S102,2053,1.0
RE1,DEMRESELCCKN_MID_RUR,S102,2054,1.0
RE1,DEMRESELCCKN_MID_RUR,S102,2055,1.0
RE1,DEMRESELCCKN_MID_URB,S101,2022,1.0
RE1,DEMRESELCCKN_MID_URB,S101,2023,1.0
RE1,DEMRESELCCKN_MID_URB,S101,2024,1.0
RE1,DEMRESELCCKN_MID_URB,S101,2025,1.0
RE1,DEMRESELCCKN_MID_URB,S101,2026,1.0
RE1,DEMRESELCCKN_MID_URB,S101,2027,1.0
RE1,DEMRESELCCKN_MID_URB,S101,2028,1.0
RE1,DEMRESELCCKN_MID_URB,S101,2029,1.0
RE1,DEMRESELCCKN_MID_URB,S101,2030,1.0
RE1,DEMRESELCCKN_MID_URB,S101,2031,1.0
RE1,DEMRESELCCKN_MID_URB,S101,2032,1.0
RE1,DEMRESELCCKN_MID_URB,S101,2033,1.0
RE1,DEMRESELCCKN_MID_URB,S101,2034,1.0
RE1,DEMRESELCCKN_MID_URB,S101,2035,1.0
RE1,DEMRESELCCKN_MID_URB,S101,2036,1.0
RE1,DEMRESELCCKN_MID_URB,S101,2037,1.0
RE1,DEMRESELCCKN_MID_URB,S101,2038,1.0
RE1,DEMRESELCCKN_MID_URB,S101,2039,1.0
RE1,DEMRESELCCKN_MID_URB,S101,2040,1.0
RE1,DEMRESELCCKN_MID_URB,S101,2041,1.0
RE1,DEMRESELCCKN_MID_URB,S101,2042,1.0
RE1,DEMRESELCCKN_MID_URB,S101,2043,1.0
RE1,DEMRESELCCKN_MID_URB,S101,2044,1.0
RE1,DEMRESELCCKN_MID_URB,S101,2045,1.0
RE1,DEMRESELCCKN_MID_URB,S101,2046,1.0
RE1,DEMRESELCCKN_MID_URB,S101,2047,1.0
RE1,DEMRESELCCKN_MID_URB,S101,2048,1.0
RE1,DEMRESELCCKN_MID_URB,S101,2049,1.0
RE1,DEMRESELCCKN_MID_URB,S101,2050,1.0
RE1,DEMRESELCCKN_MID_URB,S101,2051,1.0
RE1,DEMRESELCCKN_MID_URB,S101,2052,1.0
RE1,DEMRESELCCKN_MID_URB,S101,2053,1.0
RE1,DEMRESELCCKN_MID_URB,S101,2054,1.0
RE1,DEMRESELCCKN_MID_URB,S101,2055,1.0
RE1,DEMRESELCCKN_MID_URB,S102,2022,1.0
RE1,DEMRESELCCKN_MID_URB,S102,2023,1.0
RE1,DEMRESELCCKN_MID_URB,S102,2024,1.0
RE1,DEMRESELCCKN_MID_URB,S102,2025,1.0
RE1,DEMRESELCCKN_MID_URB,S102,2026,1.0
RE1,DEMRESELCCKN_MID_URB,S102,2027,1.0
RE1,DEMRESELCCKN_MID_URB,S102,2028,1.0
RE1,DEMRESELCCKN_MID_URB,S102,2029,1.0
RE1,DEMRESELCCKN_MID_URB,S102,2030,1.0
RE1,DEMRESELCCKN_MID_URB,S102,2031,1.0
RE1,DEMRESELCCKN_MID_URB,S102,2032,1.0
RE1,DEMRESELCCKN_MID_URB,S102,2033,1.0
RE1,DEMRESELCCKN_MID_URB,S102,2034,1.0
RE1,DEMRESELCCKN_MID_URB,S102,2035,1.0
RE1,DEMRESELCCKN_MID_URB,S102,2036,1.0
RE1,DEMRESELCCKN_MID_URB,S102,2037,1.0
RE1,DEMRESELCCKN_MID_URB,S102,2038,1.0
RE1,DEMRESELCCKN_MID_URB,S102,2039,1.0
RE1,DEMRESELCCKN_MID_URB,S102,2040,1.0
RE1,DEMRESELCCKN_MID_URB,S102,2041,1.0
RE1,DEMRESELCCKN_MID_URB,S102,2042,1.0
RE1,DEMRESELCCKN_MID_URB,S102,2043,1.0
RE1,DEMRESELCCKN_MID_URB,S102,2044,1.0
RE1,DEMRESELCCKN_MID_URB,S102,2045,1.0
RE1,DEMRESELCCKN_MID_URB,S102,2046,1.0
RE1,DEMRESELCCKN_MID_URB,S102,2047,1.0
RE1,DEMRESELCCKN_MID_URB,S102,2048,1.0
RE1,DEMRESELCCKN_MID_URB,S102,2049,1.0
RE1,DEMRESELCCKN_MID_URB,S102,2050,1.0
RE1,DEMRESELCCKN_MID_URB,S102,2051,1.0
RE1,DEMRESELCCKN_MID_URB,S102,2052,1.0
RE1,DEMRESELCCKN_MID_URB,S102,2053,1.0
RE1,DEMRESELCCKN_MID_URB,S102,2054,1.0
RE1,DEMRESELCCKN_MID_URB,S102,2055,1.0
RE1,DEMRESELCFAN_HIG_RUR,S101,2022,1.0
RE1,DEMRESELCFAN_HIG_RUR,S101,2023,1.0
RE1,DEMRESELCFAN_HIG_RUR,S101,2024,1.0
RE1,DEMRESELCFAN_HIG_RUR,S101,2025,1.0
RE1,DEMRESELCFAN_HIG_RUR,S101,2026,1.0
RE1,DEMRESELCFAN_HIG_RUR,S101,2027,1.0
RE1,DEMRESELCFAN_HIG_RUR,S101,2028,1.0
RE1,DEMRESELCFAN_HIG_RUR,S101,2029,1.0
RE1,DEMRESELCFAN_HIG_RUR,S101,2030,1.0
RE1,DEMRESELCFAN_HIG_RUR,S101,2031,1.0
RE1,DEMRESELCFAN_HIG_RUR,S101,2032,1.0
RE1,DEMRESELCFAN_HIG_RUR,S101,2033,1.0
RE1,DEMRESELCFAN_HIG_RUR,S101,2034,1.0
RE1,DEMRESELCFAN_HIG_RUR,S101,2035,1.0
RE1,DEMRESELCFAN_HIG_RUR,S101,2036,1.0
RE1,DEMRESELCFAN_HIG_RUR,S101,2037,1.0
RE1,DEMRESELCFAN_HIG_RUR,S101,2038,1.0
RE1,DEMRESELCFAN_HIG_RUR,S101,2039,1.0
RE1,DEMRESELCFAN_HIG_RUR,S101,2040,1.0
RE1,DEMRESELCFAN_HIG_RUR,S101,2041,1.0
RE1,DEMRESELCFAN_HIG_RUR,S101,2042,1.0
RE1,DEMRESELCFAN_HIG_RUR,S101,2043,1.0
RE1,DEMRESELCFAN_HIG_RUR,S101,2044,1.0
RE1,DEMRESELCFAN_HIG_RUR,S101,2045,1.0
RE1,DEMRESELCFAN_HIG_RUR,S101,2046,1.0
RE1,DEMRESELCFAN_HIG_RUR,S101,2047,1.0
RE1,DEMRESELCFAN_HIG_RUR,S101,2048,1.0
RE1,DEMRESELCFAN_HIG_RUR,S101,2049,1.0
RE1,DEMRESELCFAN_HIG_RUR,S101,2050,1.0
RE1,DEMRESELCFAN_HIG_RUR,S101,2051,1.0
RE1,DEMRESELCFAN_HIG_RUR,S101,2052,1.0
RE1,DEMRESELCFAN_HIG_RUR,S101,2053,1.0
RE1,DEMRESELCFAN_HIG_RUR,S101,2054,1.0
RE1,DEMRESELCFAN_HIG_RUR,S101,2055,1.0
RE1,DEMRESELCFAN_HIG_RUR,S102,2022,1.0
RE1,DEMRESELCFAN_HIG_RUR,S102,2023,1.0
RE1,DEMRESELCFAN_HIG_RUR,S102,2024,1.0
RE1,DEMRESELCFAN_HIG_RUR,S102,2025,1.0
RE1,DEMRESELCFAN_HIG_RUR,S102,2026,1.0
RE1,DEMRESELCFAN_HIG_RUR,S102,2027,1.0
RE1,DEMRESELCFAN_HIG_RUR,S102,2028,1.0
RE1,DEMRESELCFAN_HIG_RUR,S102,2029,1.0
RE1,DEMRESELCFAN_HIG_RUR,S102,2030,1.0
RE1,DEMRESELCFAN_HIG_RUR,S102,2031,1.0
RE1,DEMRESELCFAN_HIG_RUR,S102,2032,1.0
RE1,DEMRESELCFAN_HIG_RUR,S102,2033,1.0
RE1,DEMRESELCFAN_HIG_RUR,S102,2034,1.0
RE1,DEMRESELCFAN_HIG_RUR,S102,2035,1.0
RE1,DEMRESELCFAN_HIG_RUR,S102,2036,1.0
RE1,DEMRESELCFAN_HIG_RUR,S102,2037,1.0
RE1,DEMRESELCFAN_HIG_RUR,S102,2038,1.0
RE1,DEMRESELCFAN_HIG_RUR,S102,2039,1.0
RE1,DEMRESELCFAN_HIG_RUR,S102,2040,1.0
RE1,DEMRESELCFAN_HIG_RUR,S102,2041,1.0
RE1,DEMRESELCFAN_HIG_RUR,S102,2042,1.0
RE1,DEMRESELCFAN_HIG_RUR,S102,2043,1.0
RE1,DEMRESELCFAN_HIG_RUR,S102,2044,1.0
RE1,DEMRESELCFAN_HIG_RUR,S102,2045,1.0
RE1,DEMRESELCFAN_HIG_RUR,S102,2046,1.0
RE1,DEMRESELCFAN_HIG_RUR,S102,2047,1.0
RE1,DEMRESELCFAN_HIG_RUR,S102,2048,1.0
RE1,DEMRESELCFAN_HIG_RUR,S102,2049,1.0
RE1,DEMRESELCFAN_HIG_RUR,S102,2050,1.0
RE1,DEMRESELCFAN_HIG_RUR,S102,2051,1.0
RE1,DEMRESELCFAN_HIG_RUR,S102,2052,1.0
RE1,DEMRESELCFAN_HIG_RUR,S102,2053,1.0
RE1,DEMRESELCFAN_HIG_RUR,S102,2054,1.0
RE1,DEMRESELCFAN_HIG_RUR,S102,2055,1.0
RE1,DEMRESELCFAN_HIG_URB,S101,2022,1.0
RE1,DEMRESELCFAN_HIG_URB,S101,2023,1.0
RE1,DEMRESELCFAN_HIG_URB,S101,2024,1.0
RE1,DEMRESELCFAN_HIG_URB,S101,2025,1.0
RE1,DEMRESELCFAN_HIG_URB,S101,2026,1.0
RE1,DEMRESELCFAN_HIG_URB,S101,2027,1.0
RE1,DEMRESELCFAN_HIG_URB,S101,2028,1.0
RE1,DEMRESELCFAN_HIG_URB,S101,2029,1.0
RE1,DEMRESELCFAN_HIG_URB,S101,2030,1.0
RE1,DEMRESELCFAN_HIG_URB,S101,2031,1.0
RE1,DEMRESELCFAN_HIG_URB,S101,2032,1.0
RE1,DEMRESELCFAN_HIG_URB,S101,2033,1.0
RE1,DEMRESELCFAN_HIG_URB,S101,2034,1.0
RE1,DEMRESELCFAN_HIG_URB,S101,2035,1.0
RE1,DEMRESELCFAN_HIG_URB,S101,2036,1.0
RE1,DEMRESELCFAN_HIG_URB,S101,2037,1.0
RE1,DEMRESELCFAN_HIG_URB,S101,2038,1.0
RE1,DEMRESELCFAN_HIG_URB,S101,2039,1.0
RE1,DEMRESELCFAN_HIG_URB,S101,2040,1.0
RE1,DEMRESELCFAN_HIG_URB,S101,2041,1.0
RE1,DEMRESELCFAN_HIG_URB,S101,2042,1.0
RE1,DEMRESELCFAN_HIG_URB,S101,2043,1.0
RE1,DEMRESELCFAN_HIG_URB,S101,2044,1.0
RE1,DEMRESELCFAN_HIG_URB,S101,2045,1.0
RE1,DEMRESELCFAN_HIG_URB,S101,2046,1.0
RE1,DEMRESELCFAN_HIG_URB,S101,2047,1.0
RE1,DEMRESELCFAN_HIG_URB,S101,2048,1.0
RE1,DEMRESELCFAN_HIG_URB,S101,2049,1.0
RE1,DEMRESELCFAN_HIG_URB,S101,2050,1.0
RE1,DEMRESELCFAN_HIG_URB,S101,2051,1.0
RE1,DEMRESELCFAN_HIG_URB,S101,2052,1.0
RE1,DEMRESELCFAN_HIG_URB,S101,2053,1.0
RE1,DEMRESELCFAN_HIG_URB,S101,2054,1.0
RE1,DEMRESELCFAN_HIG_URB,S101,2055,1.0
RE1,DEMRESELCFAN_HIG_URB,S102,2022,1.0
RE1,DEMRESELCFAN_HIG_URB,S102,2023,1.0
RE1,DEMRESELCFAN_HIG_URB,S102,2024,1.0
RE1,DEMRESELCFAN_HIG_URB,S102,2025,1.0
RE1,DEMRESELCFAN_HIG_URB,S102,2026,1.0
RE1,DEMRESELCFAN_HIG_URB,S102,2027,1.0
RE1,DEMRESELCFAN_HIG_URB,S102,2028,1.0
RE1,DEMRESELCFAN_HIG_URB,S102,2029,1.0
RE1,DEMRESELCFAN_HIG_URB,S102,2030,1.0
RE1,DEMRESELCFAN_HIG_URB,S102,2031,1.0
RE1,DEMRESELCFAN_HIG_URB,S102,2032,1.0
RE1,DEMRESELCFAN_HIG_URB,S102,2033,1.0
RE1,DEMRESELCFAN_HIG_URB,S102,2034,1.0
RE1,DEMRESELCFAN_HIG_URB,S102,2035,1.0
RE1,DEMRESELCFAN_HIG_URB,S102,2036,1.0
RE1,DEMRESELCFAN_HIG_URB,S102,2037,1.0
RE1,DEMRESELCFAN_HIG_URB,S102,2038,1.0
RE1,DEMRESELCFAN_HIG_URB,S102,2039,1.0
RE1,DEMRESELCFAN_HIG_URB,S102,2040,1.0
RE1,DEMRESELCFAN_HIG_URB,S102,2041,1.0
RE1,DEMRESELCFAN_HIG_URB,S102,2042,1.0
RE1,DEMRESELCFAN_HIG_URB,S102,2043,1.0
RE1,DEMRESELCFAN_HIG_URB,S102,2044,1.0
RE1,DEMRESELCFAN_HIG_URB,S102,2045,1.0
RE1,DEMRESELCFAN_HIG_URB,S102,2046,1.0
RE1,DEMRESELCFAN_HIG_URB,S102,2047,1.0
RE1,DEMRESELCFAN_HIG_URB,S102,2048,1.0
RE1,DEMRESELCFAN_HIG_URB,S102,2049,1.0
RE1,DEMRESELCFAN_HIG_URB,S102,2050,1.0
RE1,DEMRESELCFAN_HIG_URB,S102,2051,1.0
RE1,DEMRESELCFAN_HIG_URB,S102,2052,1.0
RE1,DEMRESELCFAN_HIG_URB,S102,2053,1.0
RE1,DEMRESELCFAN_HIG_URB,S102,2054,1.0
RE1,DEMRESELCFAN_HIG_URB,S102,2055,1.0
RE1,DEMRESELCFAN_LOW_RUR,S101,2022,1.0
RE1,DEMRESELCFAN_LOW_RUR,S101,2023,1.0
RE1,DEMRESELCFAN_LOW_RUR,S101,2024,1.0
RE1,DEMRESELCFAN_LOW_RUR,S101,2025,1.0
RE1,DEMRESELCFAN_LOW_RUR,S101,2026,1.0
RE1,DEMRESELCFAN_LOW_RUR,S101,2027,1.0
RE1,DEMRESELCFAN_LOW_RUR,S101,2028,1.0
RE1,DEMRESELCFAN_LOW_RUR,S101,2029,1.0
RE1,DEMRESELCFAN_LOW_RUR,S101,2030,1.0
RE1,DEMRESELCFAN_LOW_RUR,S101,2031,1.0
RE1,DEMRESELCFAN_LOW_RUR,S101,2032,1.0
RE1,DEMRESELCFAN_LOW_RUR,S101,2033,1.0
RE1,DEMRESELCFAN_LOW_RUR,S101,2034,1.0
RE1,DEMRESELCFAN_LOW_RUR,S101,2035,1.0
RE1,DEMRESELCFAN_LOW_RUR,S101,2036,1.0
RE1,DEMRESELCFAN_LOW_RUR,S101,2037,1.0
RE1,DEMRESELCFAN_LOW_RUR,S101,2038,1.0
RE1,DEMRESELCFAN_LOW_RUR,S101,2039,1.0
RE1,DEMRESELCFAN_LOW_RUR,S101,2040,1.0
RE1,DEMRESELCFAN_LOW_RUR,S101,2041,1.0
RE1,DEMRESELCFAN_LOW_RUR,S101,2042,1.0
RE1,DEMRESELCFAN_LOW_RUR,S101,2043,1.0
RE1,DEMRESELCFAN_LOW_RUR,S101,2044,1.0
RE1,DEMRESELCFAN_LOW_RUR,S101,2045,1.0
RE1,DEMRESELCFAN_LOW_RUR,S101,2046,1.0
RE1,DEMRESELCFAN_LOW_RUR,S101,2047,1.0
RE1,DEMRESELCFAN_LOW_RUR,S101,2048,1.0
RE1,DEMRESELCFAN_LOW_RUR,S101,2049,1.0
RE1,DEMRESELCFAN_LOW_RUR,S101,2050,1.0
RE1,DEMRESELCFAN_LOW_RUR,S101,2051,1.0
RE1,DEMRESELCFAN_LOW_RUR,S101,2052,1.0
RE1,DEMRESELCFAN_LOW_RUR,S101,2053,1.0
RE1,DEMRESELCFAN_LOW_RUR,S101,2054,1.0
RE1,DEMRESELCFAN_LOW_RUR,S101,2055,1.0
RE1,DEMRESELCFAN_LOW_RUR,S102,2022,1.0
RE1,DEMRESELCFAN_LOW_RUR,S102,2023,1.0
RE1,DEMRESELCFAN_LOW_RUR,S102,2024,1.0
RE1,DEMRESELCFAN_LOW_RUR,S102,2025,1.0
RE1,DEMRESELCFAN_LOW_RUR,S102,2026,1.0
RE1,DEMRESELCFAN_LOW_RUR,S102,2027,1.0
RE1,DEMRESELCFAN_LOW_RUR,S102,2028,1.0
RE1,DEMRESELCFAN_LOW_RUR,S102,2029,1.0
RE1,DEMRESELCFAN_LOW_RUR,S102,2030,1.0
RE1,DEMRESELCFAN_LOW_RUR,S102,2031,1.0
RE1,DEMRESELCFAN_LOW_RUR,S102,2032,1.0
RE1,DEMRESELCFAN_LOW_RUR,S102,2033,1.0
RE1,DEMRESELCFAN_LOW_RUR,S102,2034,1.0
RE1,DEMRESELCFAN_LOW_RUR,S102,2035,1.0
RE1,DEMRESELCFAN_LOW_RUR,S102,2036,1.0
RE1,DEMRESELCFAN_LOW_RUR,S102,2037,1.0
RE1,DEMRESELCFAN_LOW_RUR,S102,2038,1.0
RE1,DEMRESELCFAN_LOW_RUR,S102,2039,1.0
RE1,DEMRESELCFAN_LOW_RUR,S102,2040,1.0
RE1,DEMRESELCFAN_LOW_RUR,S102,2041,1.0
RE1,DEMRESELCFAN_LOW_RUR,S102,2042,1.0
RE1,DEMRESELCFAN_LOW_RUR,S102,2043,1.0
RE1,DEMRESELCFAN_LOW_RUR,S102,2044,1.0
RE1,DEMRESELCFAN_LOW_RUR,S102,2045,1.0
RE1,DEMRESELCFAN_LOW_RUR,S102,2046,1.0
RE1,DEMRESELCFAN_LOW_RUR,S102,2047,1.0
RE1,DEMRESELCFAN_LOW_RUR,S102,2048,1.0
RE1,DEMRESELCFAN_LOW_RUR,S102,2049,1.0
RE1,DEMRESELCFAN_LOW_RUR,S102,2050,1.0
RE1,DEMRESELCFAN_LOW_RUR,S102,2051,1.0
RE1,DEMRESELCFAN_LOW_RUR,S102,2052,1.0
RE1,DEMRESELCFAN_LOW_RUR,S102,2053,1.0
RE1,DEMRESELCFAN_LOW_RUR,S102,2054,1.0
RE1,DEMRESELCFAN_LOW_RUR,S102,2055,1.0
RE1,DEMRESELCFAN_LOW_URB,S101,2022,1.0
RE1,DEMRESELCFAN_LOW_URB,S101,2023,1.0
RE1,DEMRESELCFAN_LOW_URB,S101,2024,1.0
RE1,DEMRESELCFAN_LOW_URB,S101,2025,1.0
RE1,DEMRESELCFAN_LOW_URB,S101,2026,1.0
RE1,DEMRESELCFAN_LOW_URB,S101,2027,1.0
RE1,DEMRESELCFAN_LOW_URB,S101,2028,1.0
RE1,DEMRESELCFAN_LOW_URB,S101,2029,1.0
RE1,DEMRESELCFAN_LOW_URB,S101,2030,1.0
RE1,DEMRESELCFAN_LOW_URB,S101,2031,1.0
RE1,DEMRESELCFAN_LOW_URB,S101,2032,1.0
RE1,DEMRESELCFAN_LOW_URB,S101,2033,1.0
RE1,DEMRESELCFAN_LOW_URB,S101,2034,1.0
RE1,DEMRESELCFAN_LOW_URB,S101,2035,1.0
RE1,DEMRESELCFAN_LOW_URB,S101,2036,1.0
RE1,DEMRESELCFAN_LOW_URB,S101,2037,1.0
RE1,DEMRESELCFAN_LOW_URB,S101,2038,1.0
RE1,DEMRESELCFAN_LOW_URB,S101,2039,1.0
RE1,DEMRESELCFAN_LOW_URB,S101,2040,1.0
RE1,DEMRESELCFAN_LOW_URB,S101,2041,1.0
RE1,DEMRESELCFAN_LOW_URB,S101,2042,1.0
RE1,DEMRESELCFAN_LOW_URB,S101,2043,1.0
RE1,DEMRESELCFAN_LOW_URB,S101,2044,1.0
RE1,DEMRESELCFAN_LOW_URB,S101,2045,1.0
RE1,DEMRESELCFAN_LOW_URB,S101,2046,1.0
RE1,DEMRESELCFAN_LOW_URB,S101,2047,1.0
RE1,DEMRESELCFAN_LOW_URB,S101,2048,1.0
RE1,DEMRESELCFAN_LOW_URB,S101,2049,1.0
RE1,DEMRESELCFAN_LOW_URB,S101,2050,1.0
RE1,DEMRESELCFAN_LOW_URB,S101,2051,1.0
RE1,DEMRESELCFAN_LOW_URB,S101,2052,1.0
RE1,DEMRESELCFAN_LOW_URB,S101,2053,1.0
RE1,DEMRESELCFAN_LOW_URB,S101,2054,1.0
RE1,DEMRESELCFAN_LOW_URB,S101,2055,1.0
RE1,DEMRESELCFAN_LOW_URB,S102,2022,1.0
RE1,DEMRESELCFAN_LOW_URB,S102,2023,1.0
RE1,DEMRESELCFAN_LOW_URB,S102,2024,1.0
RE1,DEMRESELCFAN_LOW_URB,S102,2025,1.0
RE1,DEMRESELCFAN_LOW_URB,S102,2026,1.0
RE1,DEMRESELCFAN_LOW_URB,S102,2027,1.0
RE1,DEMRESELCFAN_LOW_URB,S102,2028,1.0
RE1,DEMRESELCFAN_LOW_URB,S102,2029,1.0
RE1,DEMRESELCFAN_LOW_URB,S102,2030,1.0
RE1,DEMRESELCFAN_LOW_URB,S102,2031,1.0
RE1,DEMRESELCFAN_LOW_URB,S102,2032,1.0
RE1,DEMRESELCFAN_LOW_URB,S102,2033,1.0
RE1,DEMRESELCFAN_LOW_URB,S102,2034,1.0
RE1,DEMRESELCFAN_LOW_URB,S102,2035,1.0
RE1,DEMRESELCFAN_LOW_URB,S102,2036,1.0
RE1,DEMRESELCFAN_LOW_URB,S102,2037,1.0
RE1,DEMRESELCFAN_LOW_URB,S102,2038,1.0
RE1,DEMRESELCFAN_LOW_URB,S102,2039,1.0
RE1,DEMRESELCFAN_LOW_URB,S102,2040,1.0
RE1,DEMRESELCFAN_LOW_URB,S102,2041,1.0
RE1,DEMRESELCFAN_LOW_URB,S102,2042,1.0
RE1,DEMRESELCFAN_LOW_URB,S102,2043,1.0
RE1,DEMRESELCFAN_LOW_URB,S102,2044,1.0
RE1,DEMRESELCFAN_LOW_URB,S102,2045,1.0
RE1,DEMRESELCFAN_LOW_URB,S102,2046,1.0
RE1,DEMRESELCFAN_LOW_URB,S102,2047,1.0
RE1,DEMRESELCFAN_LOW_URB,S102,2048,1.0
RE1,DEMRESELCFAN_LOW_URB,S102,2049,1.0
RE1,DEMRESELCFAN_LOW_URB,S102,2050,1.0
RE1,DEMRESELCFAN_LOW_URB,S102,2051,1.0
RE1,DEMRESELCFAN_LOW_URB,S102,2052,1.0
RE1,DEMRESELCFAN_LOW_URB,S102,2053,1.0
RE1,DEMRESELCFAN_LOW_URB,S102,2054,1.0
RE1,DEMRESELCFAN_LOW_URB,S102,2055,1.0
RE1,DEMRESELCFAN_MID_RUR,S101,2022,1.0
RE1,DEMRESELCFAN_MID_RUR,S101,2023,1.0
RE1,DEMRESELCFAN_MID_RUR,S101,2024,1.0
RE1,DEMRESELCFAN_MID_RUR,S101,2025,1.0
RE1,DEMRESELCFAN_MID_RUR,S101,2026,1.0
RE1,DEMRESELCFAN_MID_RUR,S101,2027,1.0
RE1,DEMRESELCFAN_MID_RUR,S101,2028,1.0
RE1,DEMRESELCFAN_MID_RUR,S101,2029,1.0
RE1,DEMRESELCFAN_MID_RUR,S101,2030,1.0
RE1,DEMRESELCFAN_MID_RUR,S101,2031,1.0
RE1,DEMRESELCFAN_MID_RUR,S101,2032,1.0
RE1,DEMRESELCFAN_MID_RUR,S101,2033,1.0
RE1,DEMRESELCFAN_MID_RUR,S101,2034,1.0
RE1,DEMRESELCFAN_MID_RUR,S101,2035,1.0
RE1,DEMRESELCFAN_MID_RUR,S101,2036,1.0
RE1,DEMRESELCFAN_MID_RUR,S101,2037,1.0
RE1,DEMRESELCFAN_MID_RUR,S101,2038,1.0
RE1,DEMRESELCFAN_MID_RUR,S101,2039,1.0
RE1,DEMRESELCFAN_MID_RUR,S101,2040,1.0
RE1,DEMRESELCFAN_MID_RUR,S101,2041,1.0
RE1,DEMRESELCFAN_MID_RUR,S101,2042,1.0
RE1,DEMRESELCFAN_MID_RUR,S101,2043,1.0
RE1,DEMRESELCFAN_MID_RUR,S101,2044,1.0
RE1,DEMRESELCFAN_MID_RUR,S101,2045,1.0
RE1,DEMRESELCFAN_MID_RUR,S101,2046,1.0
RE1,DEMRESELCFAN_MID_RUR,S101,2047,1.0
RE1,DEMRESELCFAN_MID_RUR,S101,2048,1.0
RE1,DEMRESELCFAN_MID_RUR,S101,2049,1.0
RE1,DEMRESELCFAN_MID_RUR,S101,2050,1.0
RE1,DEMRESELCFAN_MID_RUR,S101,2051,1.0
RE1,DEMRESELCFAN_MID_RUR,S101,2052,1.0
RE1,DEMRESELCFAN_MID_RUR,S101,2053,1.0
RE1,DEMRESELCFAN_MID_RUR,S101,2054,1.0
RE1,DEMRESELCFAN_MID_RUR,S101,2055,1.0
RE1,DEMRESELCFAN_MID_RUR,S102,2022,1.0
RE1,DEMRESELCFAN_MID_RUR,S102,2023,1.0
RE1,DEMRESELCFAN_MID_RUR,S102,2024,1.0
RE1,DEMRESELCFAN_MID_RUR,S102,2025,1.0
RE1,DEMRESELCFAN_MID_RUR,S102,2026,1.0
RE1,DEMRESELCFAN_MID_RUR,S102,2027,1.0
RE1,DEMRESELCFAN_MID_RUR,S102,2028,1.0
RE1,DEMRESELCFAN_MID_RUR,S102,2029,1.0
RE1,DEMRESELCFAN_MID_RUR,S102,2030,1.0
RE1,DEMRESELCFAN_MID_RUR,S102,2031,1.0
RE1,DEMRESELCFAN_MID_RUR,S102,2032,1.0
RE1,DEMRESELCFAN_MID_RUR,S102,2033,1.0
RE1,DEMRESELCFAN_MID_RUR,S102,2034,1.0
RE1,DEMRESELCFAN_MID_RUR,S102,2035,1.0
RE1,DEMRESELCFAN_MID_RUR,S102,2036,1.0
RE1,DEMRESELCFAN_MID_RUR,S102,2037,1.0
RE1,DEMRESELCFAN_MID_RUR,S102,2038,1.0
RE1,DEMRESELCFAN_MID_RUR,S102,2039,1.0
RE1,DEMRESELCFAN_MID_RUR,S102,2040,1.0
RE1,DEMRESELCFAN_MID_RUR,S102,2041,1.0
RE1,DEMRESELCFAN_MID_RUR,S102,2042,1.0
RE1,DEMRESELCFAN_MID_RUR,S102,2043,1.0
RE1,DEMRESELCFAN_MID_RUR,S102,2044,1.0
RE1,DEMRESELCFAN_MID_RUR,S102,2045,1.0
RE1,DEMRESELCFAN_MID_RUR,S102,2046,1.0
RE1,DEMRESELCFAN_MID_RUR,S102,2047,1.0
RE1,DEMRESELCFAN_MID_RUR,S102,2048,1.0
RE1,DEMRESELCFAN_MID_RUR,S102,2049,1.0
RE1,DEMRESELCFAN_MID_RUR,S102,2050,1.0
RE1,DEMRESELCFAN_MID_RUR,S102,2051,1.0
RE1,DEMRESELCFAN_MID_RUR,S102,2052,1.0
RE1,DEMRESELCFAN_MID_RUR,S102,2053,1.0
RE1,DEMRESELCFAN_MID_RUR,S102,2054,1.0
RE1,DEMRESELCFAN_MID_RUR,S102,2055,1.0
RE1,DEMRESELCFAN_MID_URB,S101,2022,1.0
RE1,DEMRESELCFAN_MID_URB,S101,2023,1.0
RE1,DEMRESELCFAN_MID_URB,S101,2024,1.0
RE1,DEMRESELCFAN_MID_URB,S101,2025,1.0
RE1,DEMRESELCFAN_MID_URB,S101,2026,1.0
RE1,DEMRESELCFAN_MID_URB,S101,2027,1.0
RE1,DEMRESELCFAN_MID_URB,S101,2028,1.0
RE1,DEMRESELCFAN_MID_URB,S101,2029,1.0
RE1,DEMRESELCFAN_MID_URB,S101,2030,1.0
RE1,DEMRESELCFAN_MID_URB,S101,2031,1.0
RE1,DEMRESELCFAN_MID_URB,S101,2032,1.0
RE1,DEMRESELCFAN_MID_URB,S101,2033,1.0
RE1,DEMRESELCFAN_MID_URB,S101,2034,1.0
RE1,DEMRESELCFAN_MID_URB,S101,2035,1.0
RE1,DEMRESELCFAN_MID_URB,S101,2036,1.0
RE1,DEMRESELCFAN_MID_URB,S101,2037,1.0
RE1,DEMRESELCFAN_MID_URB,S101,2038,1.0
RE1,DEMRESELCFAN_MID_URB,S101,2039,1.0
RE1,DEMRESELCFAN_MID_URB,S101,2040,1.0
RE1,DEMRESELCFAN_MID_URB,S101,2041,1.0
RE1,DEMRESELCFAN_MID_URB,S101,2042,1.0
RE1,DEMRESELCFAN_MID_URB,S101,2043,1.0
RE1,DEMRESELCFAN_MID_URB,S101,2044,1.0
RE1,DEMRESELCFAN_MID_URB,S101,2045,1.0
RE1,DEMRESELCFAN_MID_URB,S101,2046,1.0
RE1,DEMRESELCFAN_MID_URB,S101,2047,1.0
RE1,DEMRESELCFAN_MID_URB,S101,2048,1.0
RE1,DEMRESELCFAN_MID_URB,S101,2049,1.0
RE1,DEMRESELCFAN_MID_URB,S101,2050,1.0
RE1,DEMRESELCFAN_MID_URB,S101,2051,1.0
RE1,DEMRESELCFAN_MID_URB,S101,2052,1.0
RE1,DEMRESELCFAN_MID_URB,S101,2053,1.0
RE1,DEMRESELCFAN_MID_URB,S101,2054,1.0
RE1,DEMRESELCFAN_MID_URB,S101,2055,1.0
RE1,DEMRESELCFAN_MID_URB,S102,2022,1.0
RE1,DEMRESELCFAN_MID_URB,S102,2023,1.0
RE1,DEMRESELCFAN_MID_URB,S102,2024,1.0
RE1,DEMRESELCFAN_MID_URB,S102,2025,1.0
RE1,DEMRESELCFAN_MID_URB,S102,2026,1.0
RE1,DEMRESELCFAN_MID_URB,S102,2027,1.0
RE1,DEMRESELCFAN_MID_URB,S102,2028,1.0
RE1,DEMRESELCFAN_MID_URB,S102,2029,1.0
RE1,DEMRESELCFAN_MID_URB,S102,2030,1.0
RE1,DEMRESELCFAN_MID_URB,S102,2031,1.0
RE1,DEMRESELCFAN_MID_URB,S102,2032,1.0
RE1,DEMRESELCFAN_MID_URB,S102,2033,1.0
RE1,DEMRESELCFAN_MID_URB,S102,2034,1.0
RE1,DEMRESELCFAN_MID_URB,S102,2035,1.0
RE1,DEMRESELCFAN_MID_URB,S102,2036,1.0
RE1,DEMRESELCFAN_MID_URB,S102,2037,1.0
RE1,DEMRESELCFAN_MID_URB,S102,2038,1.0
RE1,DEMRESELCFAN_MID_URB,S102,2039,1.0
RE1,DEMRESELCFAN_MID_URB,S102,2040,1.0
RE1,DEMRESELCFAN_MID_URB,S102,2041,1.0
RE1,DEMRESELCFAN_MID_URB,S102,2042,1.0
RE1,DEMRESELCFAN_MID_URB,S102,2043,1.0
RE1,DEMRESELCFAN_MID_URB,S102,2044,1.0
RE1,DEMRESELCFAN_MID_URB,S102,2045,1.0
RE1,DEMRESELCFAN_MID_URB,S102,2046,1.0
RE1,DEMRESELCFAN_MID_URB,S102,2047,1.0
RE1,DEMRESELCFAN_MID_URB,S102,2048,1.0
RE1,DEMRESELCFAN_MID_URB,S102,2049,1.0
RE1,DEMRESELCFAN_MID_URB,S102,2050,1.0
RE1,DEMRESELCFAN_MID_URB,S102,2051,1.0
RE1,DEMRESELCFAN_MID_URB,S102,2052,1.0
RE1,DEMRESELCFAN_MID_URB,S102,2053,1.0
RE1,DEMRESELCFAN_MID_URB,S102,2054,1.0
RE1,DEMRESELCFAN_MID_URB,S102,2055,1.0
RE1,DEMRESELCILU_HIG_RUR,S101,2022,1.0
RE1,DEMRESELCILU_HIG_RUR,S101,2023,1.0
RE1,DEMRESELCILU_HIG_RUR,S101,2024,1.0
RE1,DEMRESELCILU_HIG_RUR,S101,2025,1.0
RE1,DEMRESELCILU_HIG_RUR,S101,2026,1.0
RE1,DEMRESELCILU_HIG_RUR,S101,2027,1.0
RE1,DEMRESELCILU_HIG_RUR,S101,2028,1.0
RE1,DEMRESELCILU_HIG_RUR,S101,2029,1.0
RE1,DEMRESELCILU_HIG_RUR,S101,2030,1.0
RE1,DEMRESELCILU_HIG_RUR,S101,2031,1.0
RE1,DEMRESELCILU_HIG_RUR,S101,2032,1.0
RE1,DEMRESELCILU_HIG_RUR,S101,2033,1.0
RE1,DEMRESELCILU_HIG_RUR,S101,2034,1.0
RE1,DEMRESELCILU_HIG_RUR,S101,2035,1.0
RE1,DEMRESELCILU_HIG_RUR,S101,2036,1.0
RE1,DEMRESELCILU_HIG_RUR,S101,2037,1.0
RE1,DEMRESELCILU_HIG_RUR,S101,2038,1.0
RE1,DEMRESELCILU_HIG_RUR,S101,2039,1.0
RE1,DEMRESELCILU_HIG_RUR,S101,2040,1.0
RE1,DEMRESELCILU_HIG_RUR,S101,2041,1.0
RE1,DEMRESELCILU_HIG_RUR,S101,2042,1.0
RE1,DEMRESELCILU_HIG_RUR,S101,2043,1.0
RE1,DEMRESELCILU_HIG_RUR,S101,2044,1.0
RE1,DEMRESELCILU_HIG_RUR,S101,2045,1.0
RE1,DEMRESELCILU_HIG_RUR,S101,2046,1.0
RE1,DEMRESELCILU_HIG_RUR,S101,2047,1.0
RE1,DEMRESELCILU_HIG_RUR,S101,2048,1.0
RE1,DEMRESELCILU_HIG_RUR,S101,2049,1.0
RE1,DEMRESELCILU_HIG_RUR,S101,2050,1.0
RE1,DEMRESELCILU_HIG_RUR,S101,2051,1.0
RE1,DEMRESELCILU_HIG_RUR,S101,2052,1.0
RE1,DEMRESELCILU_HIG_RUR,S101,2053,1.0
RE1,DEMRESELCILU_HIG_RUR,S101,2054,1.0
RE1,DEMRESELCILU_HIG_RUR,S101,2055,1.0
RE1,DEMRESELCILU_HIG_RUR,S102,2022,1.0
RE1,DEMRESELCILU_HIG_RUR,S102,2023,1.0
RE1,DEMRESELCILU_HIG_RUR,S102,2024,1.0
RE1,DEMRESELCILU_HIG_RUR,S102,2025,1.0
RE1,DEMRESELCILU_HIG_RUR,S102,2026,1.0
RE1,DEMRESELCILU_HIG_RUR,S102,2027,1.0
RE1,DEMRESELCILU_HIG_RUR,S102,2028,1.0
RE1,DEMRESELCILU_HIG_RUR,S102,2029,1.0
RE1,DEMRESELCILU_HIG_RUR,S102,2030,1.0
RE1,DEMRESELCILU_HIG_RUR,S102,2031,1.0
RE1,DEMRESELCILU_HIG_RUR,S102,2032,1.0
RE1,DEMRESELCILU_HIG_RUR,S102,2033,1.0
RE1,DEMRESELCILU_HIG_RUR,S102,2034,1.0
RE1,DEMRESELCILU_HIG_RUR,S102,2035,1.0
RE1,DEMRESELCILU_HIG_RUR,S102,2036,1.0
RE1,DEMRESELCILU_HIG_RUR,S102,2037,1.0
RE1,DEMRESELCILU_HIG_RUR,S102,2038,1.0
RE1,DEMRESELCILU_HIG_RUR,S102,2039,1.0
RE1,DEMRESELCILU_HIG_RUR,S102,2040,1.0
RE1,DEMRESELCILU_HIG_RUR,S102,2041,1.0
RE1,DEMRESELCILU_HIG_RUR,S102,2042,1.0
RE1,DEMRESELCILU_HIG_RUR,S102,2043,1.0
RE1,DEMRESELCILU_HIG_RUR,S102,2044,1.0
RE1,DEMRESELCILU_HIG_RUR,S102,2045,1.0
RE1,DEMRESELCILU_HIG_RUR,S102,2046,1.0
RE1,DEMRESELCILU_HIG_RUR,S102,2047,1.0
RE1,DEMRESELCILU_HIG_RUR,S102,2048,1.0
RE1,DEMRESELCILU_HIG_RUR,S102,2049,1.0
RE1,DEMRESELCILU_HIG_RUR,S102,2050,1.0
RE1,DEMRESELCILU_HIG_RUR,S102,2051,1.0
RE1,DEMRESELCILU_HIG_RUR,S102,2052,1.0
RE1,DEMRESELCILU_HIG_RUR,S102,2053,1.0
RE1,DEMRESELCILU_HIG_RUR,S102,2054,1.0
RE1,DEMRESELCILU_HIG_RUR,S102,2055,1.0
RE1,DEMRESELCILU_HIG_URB,S101,2022,1.0
RE1,DEMRESELCILU_HIG_URB,S101,2023,1.0
RE1,DEMRESELCILU_HIG_URB,S101,2024,1.0
RE1,DEMRESELCILU_HIG_URB,S101,2025,1.0
RE1,DEMRESELCILU_HIG_URB,S101,2026,1.0
RE1,DEMRESELCILU_HIG_URB,S101,2027,1.0
RE1,DEMRESELCILU_HIG_URB,S101,2028,1.0
RE1,DEMRESELCILU_HIG_URB,S101,2029,1.0
RE1,DEMRESELCILU_HIG_URB,S101,2030,1.0
RE1,DEMRESELCILU_HIG_URB,S101,2031,1.0
RE1,DEMRESELCILU_HIG_URB,S101,2032,1.0
RE1,DEMRESELCILU_HIG_URB,S101,2033,1.0
RE1,DEMRESELCILU_HIG_URB,S101,2034,1.0
RE1,DEMRESELCILU_HIG_URB,S101,2035,1.0
RE1,DEMRESELCILU_HIG_URB,S101,2036,1.0
RE1,DEMRESELCILU_HIG_URB,S101,2037,1.0
RE1,DEMRESELCILU_HIG_URB,S101,2038,1.0
RE1,DEMRESELCILU_HIG_URB,S101,2039,1.0
RE1,DEMRESELCILU_HIG_URB,S101,2040,1.0
RE1,DEMRESELCILU_HIG_URB,S101,2041,1.0
RE1,DEMRESELCILU_HIG_URB,S101,2042,1.0
RE1,DEMRESELCILU_HIG_URB,S101,2043,1.0
RE1,DEMRESELCILU_HIG_URB,S101,2044,1.0
RE1,DEMRESELCILU_HIG_URB,S101,2045,1.0
RE1,DEMRESELCILU_HIG_URB,S101,2046,1.0
RE1,DEMRESELCILU_HIG_URB,S101,2047,1.0
RE1,DEMRESELCILU_HIG_URB,S101,2048,1.0
RE1,DEMRESELCILU_HIG_URB,S101,2049,1.0
RE1,DEMRESELCILU_HIG_URB,S101,2050,1.0
RE1,DEMRESELCILU_HIG_URB,S101,2051,1.0
RE1,DEMRESELCILU_HIG_URB,S101,2052,1.0
RE1,DEMRESELCILU_HIG_URB,S101,2053,1.0
RE1,DEMRESELCILU_HIG_URB,S101,2054,1.0
RE1,DEMRESELCILU_HIG_URB,S101,2055,1.0
RE1,DEMRESELCILU_HIG_URB,S102,2022,1.0
RE1,DEMRESELCILU_HIG_URB,S102,2023,1.0
RE1,DEMRESELCILU_HIG_URB,S102,2024,1.0
RE1,DEMRESELCILU_HIG_URB,S102,2025,1.0
RE1,DEMRESELCILU_HIG_URB,S102,2026,1.0
RE1,DEMRESELCILU_HIG_URB,S102,2027,1.0
RE1,DEMRESELCILU_HIG_URB,S102,2028,1.0
RE1,DEMRESELCILU_HIG_URB,S102,2029,1.0
RE1,DEMRESELCILU_HIG_URB,S102,2030,1.0
RE1,DEMRESELCILU_HIG_URB,S102,2031,1.0
RE1,DEMRESELCILU_HIG_URB,S102,2032,1.0
RE1,DEMRESELCILU_HIG_URB,S102,2033,1.0
RE1,DEMRESELCILU_HIG_URB,S102,2034,1.0
RE1,DEMRESELCILU_HIG_URB,S102,2035,1.0
RE1,DEMRESELCILU_HIG_URB,S102,2036,1.0
RE1,DEMRESELCILU_HIG_URB,S102,2037,1.0
RE1,DEMRESELCILU_HIG_URB,S102,2038,1.0
RE1,DEMRESELCILU_HIG_URB,S102,2039,1.0
RE1,DEMRESELCILU_HIG_URB,S102,2040,1.0
RE1,DEMRESELCILU_HIG_URB,S102,2041,1.0
RE1,DEMRESELCILU_HIG_URB,S102,2042,1.0
RE1,DEMRESELCILU_HIG_URB,S102,2043,1.0
RE1,DEMRESELCILU_HIG_URB,S102,2044,1.0
RE1,DEMRESELCILU_HIG_URB,S102,2045,1.0
RE1,DEMRESELCILU_HIG_URB,S102,2046,1.0
RE1,DEMRESELCILU_HIG_URB,S102,2047,1.0
RE1,DEMRESELCILU_HIG_URB,S102,2048,1.0
RE1,DEMRESELCILU_HIG_URB,S102,2049,1.0
RE1,DEMRESELCILU_HIG_URB,S102,2050,1.0
RE1,DEMRESELCILU_HIG_URB,S102,2051,1.0
RE1,DEMRESELCILU_HIG_URB,S102,2052,1.0
RE1,DEMRESELCILU_HIG_URB,S102,2053,1.0
RE1,DEMRESELCILU_HIG_URB,S102,2054,1.0
RE1,DEMRESELCILU_HIG_URB,S102,2055,1.0
RE1,DEMRESELCILU_INC_RUR,S101,2022,1.0
RE1,DEMRESELCILU_INC_RUR,S101,2023,1.0
RE1,DEMRESELCILU_INC_RUR,S101,2024,1.0
RE1,DEMRESELCILU_INC_RUR,S101,2025,1.0
RE1,DEMRESELCILU_INC_RUR,S101,2026,1.0
RE1,DEMRESELCILU_INC_RUR,S101,2027,1.0
RE1,DEMRESELCILU_INC_RUR,S101,2028,1.0
RE1,DEMRESELCILU_INC_RUR,S101,2029,1.0
RE1,DEMRESELCILU_INC_RUR,S101,2030,1.0
RE1,DEMRESELCILU_INC_RUR,S101,2031,1.0
RE1,DEMRESELCILU_INC_RUR,S101,2032,1.0
RE1,DEMRESELCILU_INC_RUR,S101,2033,1.0
RE1,DEMRESELCILU_INC_RUR,S101,2034,1.0
RE1,DEMRESELCILU_INC_RUR,S101,2035,1.0
RE1,DEMRESELCILU_INC_RUR,S101,2036,1.0
RE1,DEMRESELCILU_INC_RUR,S101,2037,1.0
RE1,DEMRESELCILU_INC_RUR,S101,2038,1.0
RE1,DEMRESELCILU_INC_RUR,S101,2039,1.0
RE1,DEMRESELCILU_INC_RUR,S101,2040,1.0
RE1,DEMRESELCILU_INC_RUR,S101,2041,1.0
RE1,DEMRESELCILU_INC_RUR,S101,2042,1.0
RE1,DEMRESELCILU_INC_RUR,S101,2043,1.0
RE1,DEMRESELCILU_INC_RUR,S101,2044,1.0
RE1,DEMRESELCILU_INC_RUR,S101,2045,1.0
RE1,DEMRESELCILU_INC_RUR,S101,2046,1.0
RE1,DEMRESELCILU_INC_RUR,S101,2047,1.0
RE1,DEMRESELCILU_INC_RUR,S101,2048,1.0
RE1,DEMRESELCILU_INC_RUR,S101,2049,1.0
RE1,DEMRESELCILU_INC_RUR,S101,2050,1.0
RE1,DEMRESELCILU_INC_RUR,S101,2051,1.0
RE1,DEMRESELCILU_INC_RUR,S101,2052,1.0
RE1,DEMRESELCILU_INC_RUR,S101,2053,1.0
RE1,DEMRESELCILU_INC_RUR,S101,2054,1.0
RE1,DEMRESELCILU_INC_RUR,S101,2055,1.0
RE1,DEMRESELCILU_INC_RUR,S102,2022,1.0
RE1,DEMRESELCILU_INC_RUR,S102,2023,1.0
RE1,DEMRESELCILU_INC_RUR,S102,2024,1.0
RE1,DEMRESELCILU_INC_RUR,S102,2025,1.0
RE1,DEMRESELCILU_INC_RUR,S102,2026,1.0
RE1,DEMRESELCILU_INC_RUR,S102,2027,1.0
RE1,DEMRESELCILU_INC_RUR,S102,2028,1.0
RE1,DEMRESELCILU_INC_RUR,S102,2029,1.0
RE1,DEMRESELCILU_INC_RUR,S102,2030,1.0
RE1,DEMRESELCILU_INC_RUR,S102,2031,1.0
RE1,DEMRESELCILU_INC_RUR,S102,2032,1.0
RE1,DEMRESELCILU_INC_RUR,S102,2033,1.0
RE1,DEMRESELCILU_INC_RUR,S102,2034,1.0
RE1,DEMRESELCILU_INC_RUR,S102,2035,1.0
RE1,DEMRESELCILU_INC_RUR,S102,2036,1.0
RE1,DEMRESELCILU_INC_RUR,S102,2037,1.0
RE1,DEMRESELCILU_INC_RUR,S102,2038,1.0
RE1,DEMRESELCILU_INC_RUR,S102,2039,1.0
RE1,DEMRESELCILU_INC_RUR,S102,2040,1.0
RE1,DEMRESELCILU_INC_RUR,S102,2041,1.0
RE1,DEMRESELCILU_INC_RUR,S102,2042,1.0
RE1,DEMRESELCILU_INC_RUR,S102,2043,1.0
RE1,DEMRESELCILU_INC_RUR,S102,2044,1.0
RE1,DEMRESELCILU_INC_RUR,S102,2045,1.0
RE1,DEMRESELCILU_INC_RUR,S102,2046,1.0
RE1,DEMRESELCILU_INC_RUR,S102,2047,1.0
RE1,DEMRESELCILU_INC_RUR,S102,2048,1.0
RE1,DEMRESELCILU_INC_RUR,S102,2049,1.0
RE1,DEMRESELCILU_INC_RUR,S102,2050,1.0
RE1,DEMRESELCILU_INC_RUR,S102,2051,1.0
RE1,DEMRESELCILU_INC_RUR,S102,2052,1.0
RE1,DEMRESELCILU_INC_RUR,S102,2053,1.0
RE1,DEMRESELCILU_INC_RUR,S102,2054,1.0
RE1,DEMRESELCILU_INC_RUR,S102,2055,1.0
RE1,DEMRESELCILU_INC_URB,S101,2022,1.0
RE1,DEMRESELCILU_INC_URB,S101,2023,1.0
RE1,DEMRESELCILU_INC_URB,S101,2024,1.0
RE1,DEMRESELCILU_INC_URB,S101,2025,1.0
RE1,DEMRESELCILU_INC_URB,S101,2026,1.0
RE1,DEMRESELCILU_INC_URB,S101,2027,1.0
RE1,DEMRESELCILU_INC_URB,S101,2028,1.0
RE1,DEMRESELCILU_INC_URB,S101,2029,1.0
RE1,DEMRESELCILU_INC_URB,S101,2030,1.0
RE1,DEMRESELCILU_INC_URB,S101,2031,1.0
RE1,DEMRESELCILU_INC_URB,S101,2032,1.0
RE1,DEMRESELCILU_INC_URB,S101,2033,1.0
RE1,DEMRESELCILU_INC_URB,S101,2034,1.0
RE1,DEMRESELCILU_INC_URB,S101,2035,1.0
RE1,DEMRESELCILU_INC_URB,S101,2036,1.0
RE1,DEMRESELCILU_INC_URB,S101,2037,1.0
RE1,DEMRESELCILU_INC_URB,S101,2038,1.0
RE1,DEMRESELCILU_INC_URB,S101,2039,1.0
RE1,DEMRESELCILU_INC_URB,S101,2040,1.0
RE1,DEMRESELCILU_INC_URB,S101,2041,1.0
RE1,DEMRESELCILU_INC_URB,S101,2042,1.0
RE1,DEMRESELCILU_INC_URB,S101,2043,1.0
RE1,DEMRESELCILU_INC_URB,S101,2044,1.0
RE1,DEMRESELCILU_INC_URB,S101,2045,1.0
RE1,DEMRESELCILU_INC_URB,S101,2046,1.0
RE1,DEMRESELCILU_INC_URB,S101,2047,1.0
RE1,DEMRESELCILU_INC_URB,S101,2048,1.0
RE1,DEMRESELCILU_INC_URB,S101,2049,1.0
RE1,DEMRESELCILU_INC_URB,S101,2050,1.0
RE1,DEMRESELCILU_INC_URB,S101,2051,1.0
RE1,DEMRESELCILU_INC_URB,S101,2052,1.0
RE1,DEMRESELCILU_INC_URB,S101,2053,1.0
RE1,DEMRESELCILU_INC_URB,S101,2054,1.0
RE1,DEMRESELCILU_INC_URB,S101,2055,1.0
RE1,DEMRESELCILU_INC_URB,S102,2022,1.0
RE1,DEMRESELCILU_INC_URB,S102,2023,1.0
RE1,DEMRESELCILU_INC_URB,S102,2024,1.0
RE1,DEMRESELCILU_INC_URB,S102,2025,1.0
RE1,DEMRESELCILU_INC_URB,S102,2026,1.0
RE1,DEMRESELCILU_INC_URB,S102,2027,1.0
RE1,DEMRESELCILU_INC_URB,S102,2028,1.0
RE1,DEMRESELCILU_INC_URB,S102,2029,1.0
RE1,DEMRESELCILU_INC_URB,S102,2030,1.0
RE1,DEMRESELCILU_INC_URB,S102,2031,1.0
RE1,DEMRESELCILU_INC_URB,S102,2032,1.0
RE1,DEMRESELCILU_INC_URB,S102,2033,1.0
RE1,DEMRESELCILU_INC_URB,S102,2034,1.0
RE1,DEMRESELCILU_INC_URB,S102,2035,1.0
RE1,DEMRESELCILU_INC_URB,S102,2036,1.0
RE1,DEMRESELCILU_INC_URB,S102,2037,1.0
RE1,DEMRESELCILU_INC_URB,S102,2038,1.0
RE1,DEMRESELCILU_INC_URB,S102,2039,1.0
RE1,DEMRESELCILU_INC_URB,S102,2040,1.0
RE1,DEMRESELCILU_INC_URB,S102,2041,1.0
RE1,DEMRESELCILU_INC_URB,S102,2042,1.0
RE1,DEMRESELCILU_INC_URB,S102,2043,1.0
RE1,DEMRESELCILU_INC_URB,S102,2044,1.0
RE1,DEMRESELCILU_INC_URB,S102,2045,1.0
RE1,DEMRESELCILU_INC_URB,S102,2046,1.0
RE1,DEMRESELCILU_INC_URB,S102,2047,1.0
RE1,DEMRESELCILU_INC_URB,S102,2048,1.0
RE1,DEMRESELCILU_INC_URB,S102,2049,1.0
RE1,DEMRESELCILU_INC_URB,S102,2050,1.0
RE1,DEMRESELCILU_INC_URB,S102,2051,1.0
RE1,DEMRESELCILU_INC_URB,S102,2052,1.0
RE1,DEMRESELCILU_INC_URB,S102,2053,1.0
RE1,DEMRESELCILU_INC_URB,S102,2054,1.0
RE1,DEMRESELCILU_INC_URB,S102,2055,1.0
RE1,DEMRESELCILU_LFC_RUR,S101,2022,1.0
RE1,DEMRESELCILU_LFC_RUR,S101,2023,1.0
RE1,DEMRESELCILU_LFC_RUR,S101,2024,1.0
RE1,DEMRESELCILU_LFC_RUR,S101,2025,1.0
RE1,DEMRESELCILU_LFC_RUR,S101,2026,1.0
RE1,DEMRESELCILU_LFC_RUR,S101,2027,1.0
RE1,DEMRESELCILU_LFC_RUR,S101,2028,1.0
RE1,DEMRESELCILU_LFC_RUR,S101,2029,1.0
RE1,DEMRESELCILU_LFC_RUR,S101,2030,1.0
RE1,DEMRESELCILU_LFC_RUR,S101,2031,1.0
RE1,DEMRESELCILU_LFC_RUR,S101,2032,1.0
RE1,DEMRESELCILU_LFC_RUR,S101,2033,1.0
RE1,DEMRESELCILU_LFC_RUR,S101,2034,1.0
RE1,DEMRESELCILU_LFC_RUR,S101,2035,1.0
RE1,DEMRESELCILU_LFC_RUR,S101,2036,1.0
RE1,DEMRESELCILU_LFC_RUR,S101,2037,1.0
RE1,DEMRESELCILU_LFC_RUR,S101,2038,1.0
RE1,DEMRESELCILU_LFC_RUR,S101,2039,1.0
RE1,DEMRESELCILU_LFC_RUR,S101,2040,1.0
RE1,DEMRESELCILU_LFC_RUR,S101,2041,1.0
RE1,DEMRESELCILU_LFC_RUR,S101,2042,1.0
RE1,DEMRESELCILU_LFC_RUR,S101,2043,1.0
RE1,DEMRESELCILU_LFC_RUR,S101,2044,1.0
RE1,DEMRESELCILU_LFC_RUR,S101,2045,1.0
RE1,DEMRESELCILU_LFC_RUR,S101,2046,1.0
RE1,DEMRESELCILU_LFC_RUR,S101,2047,1.0
RE1,DEMRESELCILU_LFC_RUR,S101,2048,1.0
RE1,DEMRESELCILU_LFC_RUR,S101,2049,1.0
RE1,DEMRESELCILU_LFC_RUR,S101,2050,1.0
RE1,DEMRESELCILU_LFC_RUR,S101,2051,1.0
RE1,DEMRESELCILU_LFC_RUR,S101,2052,1.0
RE1,DEMRESELCILU_LFC_RUR,S101,2053,1.0
RE1,DEMRESELCILU_LFC_RUR,S101,2054,1.0
RE1,DEMRESELCILU_LFC_RUR,S101,2055,1.0
RE1,DEMRESELCILU_LFC_RUR,S102,2022,1.0
RE1,DEMRESELCILU_LFC_RUR,S102,2023,1.0
RE1,DEMRESELCILU_LFC_RUR,S102,2024,1.0
RE1,DEMRESELCILU_LFC_RUR,S102,2025,1.0
RE1,DEMRESELCILU_LFC_RUR,S102,2026,1.0
RE1,DEMRESELCILU_LFC_RUR,S102,2027,1.0
RE1,DEMRESELCILU_LFC_RUR,S102,2028,1.0
RE1,DEMRESELCILU_LFC_RUR,S102,2029,1.0
RE1,DEMRESELCILU_LFC_RUR,S102,2030,1.0
RE1,DEMRESELCILU_LFC_RUR,S102,2031,1.0
RE1,DEMRESELCILU_LFC_RUR,S102,2032,1.0
RE1,DEMRESELCILU_LFC_RUR,S102,2033,1.0
RE1,DEMRESELCILU_LFC_RUR,S102,2034,1.0
RE1,DEMRESELCILU_LFC_RUR,S102,2035,1.0
RE1,DEMRESELCILU_LFC_RUR,S102,2036,1.0
RE1,DEMRESELCILU_LFC_RUR,S102,2037,1.0
RE1,DEMRESELCILU_LFC_RUR,S102,2038,1.0
RE1,DEMRESELCILU_LFC_RUR,S102,2039,1.0
RE1,DEMRESELCILU_LFC_RUR,S102,2040,1.0
RE1,DEMRESELCILU_LFC_RUR,S102,2041,1.0
RE1,DEMRESELCILU_LFC_RUR,S102,2042,1.0
RE1,DEMRESELCILU_LFC_RUR,S102,2043,1.0
RE1,DEMRESELCILU_LFC_RUR,S102,2044,1.0
RE1,DEMRESELCILU_LFC_RUR,S102,2045,1.0
RE1,DEMRESELCILU_LFC_RUR,S102,2046,1.0
RE1,DEMRESELCILU_LFC_RUR,S102,2047,1.0
RE1,DEMRESELCILU_LFC_RUR,S102,2048,1.0
RE1,DEMRESELCILU_LFC_RUR,S102,2049,1.0
RE1,DEMRESELCILU_LFC_RUR,S102,2050,1.0
RE1,DEMRESELCILU_LFC_RUR,S102,2051,1.0
RE1,DEMRESELCILU_LFC_RUR,S102,2052,1.0
RE1,DEMRESELCILU_LFC_RUR,S102,2053,1.0
RE1,DEMRESELCILU_LFC_RUR,S102,2054,1.0
RE1,DEMRESELCILU_LFC_RUR,S102,2055,1.0
RE1,DEMRESELCILU_LFC_URB,S101,2022,1.0
RE1,DEMRESELCILU_LFC_URB,S101,2023,1.0
RE1,DEMRESELCILU_LFC_URB,S101,2024,1.0
RE1,DEMRESELCILU_LFC_URB,S101,2025,1.0
RE1,DEMRESELCILU_LFC_URB,S101,2026,1.0
RE1,DEMRESELCILU_LFC_URB,S101,2027,1.0
RE1,DEMRESELCILU_LFC_URB,S101,2028,1.0
RE1,DEMRESELCILU_LFC_URB,S101,2029,1.0
RE1,DEMRESELCILU_LFC_URB,S101,2030,1.0
RE1,DEMRESELCILU_LFC_URB,S101,2031,1.0
RE1,DEMRESELCILU_LFC_URB,S101,2032,1.0
RE1,DEMRESELCILU_LFC_URB,S101,2033,1.0
RE1,DEMRESELCILU_LFC_URB,S101,2034,1.0
RE1,DEMRESELCILU_LFC_URB,S101,2035,1.0
RE1,DEMRESELCILU_LFC_URB,S101,2036,1.0
RE1,DEMRESELCILU_LFC_URB,S101,2037,1.0
RE1,DEMRESELCILU_LFC_URB,S101,2038,1.0
RE1,DEMRESELCILU_LFC_URB,S101,2039,1.0
RE1,DEMRESELCILU_LFC_URB,S101,2040,1.0
RE1,DEMRESELCILU_LFC_URB,S101,2041,1.0
RE1,DEMRESELCILU_LFC_URB,S101,2042,1.0
RE1,DEMRESELCILU_LFC_URB,S101,2043,1.0
RE1,DEMRESELCILU_LFC_URB,S101,2044,1.0
RE1,DEMRESELCILU_LFC_URB,S101,2045,1.0
RE1,DEMRESELCILU_LFC_URB,S101,2046,1.0
RE1,DEMRESELCILU_LFC_URB,S101,2047,1.0
RE1,DEMRESELCILU_LFC_URB,S101,2048,1.0
RE1,DEMRESELCILU_LFC_URB,S101,2049,1.0
RE1,DEMRESELCILU_LFC_URB,S101,2050,1.0
RE1,DEMRESELCILU_LFC_URB,S101,2051,1.0
RE1,DEMRESELCILU_LFC_URB,S101,2052,1.0
RE1,DEMRESELCILU_LFC_URB,S101,2053,1.0
RE1,DEMRESELCILU_LFC_URB,S101,2054,1.0
RE1,DEMRESELCILU_LFC_URB,S101,2055,1.0
RE1,DEMRESELCILU_LFC_URB,S102,2022,1.0
RE1,DEMRESELCILU_LFC_URB,S102,2023,1.0
RE1,DEMRESELCILU_LFC_URB,S102,2024,1.0
RE1,DEMRESELCILU_LFC_URB,S102,2025,1.0
RE1,DEMRESELCILU_LFC_URB,S102,2026,1.0
RE1,DEMRESELCILU_LFC_URB,S102,2027,1.0
RE1,DEMRESELCILU_LFC_URB,S102,2028,1.0
RE1,DEMRESELCILU_LFC_URB,S102,2029,1.0
RE1,DEMRESELCILU_LFC_URB,S102,2030,1.0
RE1,DEMRESELCILU_LFC_URB,S102,2031,1.0
RE1,DEMRESELCILU_LFC_URB,S102,2032,1.0
RE1,DEMRESELCILU_LFC_URB,S102,2033,1.0
RE1,DEMRESELCILU_LFC_URB,S102,2034,1.0
RE1,DEMRESELCILU_LFC_URB,S102,2035,1.0
RE1,DEMRESELCILU_LFC_URB,S102,2036,1.0
RE1,DEMRESELCILU_LFC_URB,S102,2037,1.0
RE1,DEMRESELCILU_LFC_URB,S102,2038,1.0
RE1,DEMRESELCILU_LFC_URB,S102,2039,1.0
RE1,DEMRESELCILU_LFC_URB,S102,2040,1.0
RE1,DEMRESELCILU_LFC_URB,S102,2041,1.0
RE1,DEMRESELCILU_LFC_URB,S102,2042,1.0
RE1,DEMRESELCILU_LFC_URB,S102,2043,1.0
RE1,DEMRESELCILU_LFC_URB,S102,2044,1.0
RE1,DEMRESELCILU_LFC_URB,S102,2045,1.0
RE1,DEMRESELCILU_LFC_URB,S102,2046,1.0
RE1,DEMRESELCILU_LFC_URB,S102,2047,1.0
RE1,DEMRESELCILU_LFC_URB,S102,2048,1.0
RE1,DEMRESELCILU_LFC_URB,S102,2049,1.0
RE1,DEMRESELCILU_LFC_URB,S102,2050,1.0
RE1,DEMRESELCILU_LFC_URB,S102,2051,1.0
RE1,DEMRESELCILU_LFC_URB,S102,2052,1.0
RE1,DEMRESELCILU_LFC_URB,S102,2053,1.0
RE1,DEMRESELCILU_LFC_URB,S102,2054,1.0
RE1,DEMRESELCILU_LFC_URB,S102,2055,1.0
RE1,DEMRESELCILU_LOW_RUR,S101,2022,1.0
RE1,DEMRESELCILU_LOW_RUR,S101,2023,1.0
RE1,DEMRESELCILU_LOW_RUR,S101,2024,1.0
RE1,DEMRESELCILU_LOW_RUR,S101,2025,1.0
RE1,DEMRESELCILU_LOW_RUR,S101,2026,1.0
RE1,DEMRESELCILU_LOW_RUR,S101,2027,1.0
RE1,DEMRESELCILU_LOW_RUR,S101,2028,1.0
RE1,DEMRESELCILU_LOW_RUR,S101,2029,1.0
RE1,DEMRESELCILU_LOW_RUR,S101,2030,1.0
RE1,DEMRESELCILU_LOW_RUR,S101,2031,1.0
RE1,DEMRESELCILU_LOW_RUR,S101,2032,1.0
RE1,DEMRESELCILU_LOW_RUR,S101,2033,1.0
RE1,DEMRESELCILU_LOW_RUR,S101,2034,1.0
RE1,DEMRESELCILU_LOW_RUR,S101,2035,1.0
RE1,DEMRESELCILU_LOW_RUR,S101,2036,1.0
RE1,DEMRESELCILU_LOW_RUR,S101,2037,1.0
RE1,DEMRESELCILU_LOW_RUR,S101,2038,1.0
RE1,DEMRESELCILU_LOW_RUR,S101,2039,1.0
RE1,DEMRESELCILU_LOW_RUR,S101,2040,1.0
RE1,DEMRESELCILU_LOW_RUR,S101,2041,1.0
RE1,DEMRESELCILU_LOW_RUR,S101,2042,1.0
RE1,DEMRESELCILU_LOW_RUR,S101,2043,1.0
RE1,DEMRESELCILU_LOW_RUR,S101,2044,1.0
RE1,DEMRESELCILU_LOW_RUR,S101,2045,1.0
RE1,DEMRESELCILU_LOW_RUR,S101,2046,1.0
RE1,DEMRESELCILU_LOW_RUR,S101,2047,1.0
RE1,DEMRESELCILU_LOW_RUR,S101,2048,1.0
RE1,DEMRESELCILU_LOW_RUR,S101,2049,1.0
RE1,DEMRESELCILU_LOW_RUR,S101,2050,1.0
RE1,DEMRESELCILU_LOW_RUR,S101,2051,1.0
RE1,DEMRESELCILU_LOW_RUR,S101,2052,1.0
RE1,DEMRESELCILU_LOW_RUR,S101,2053,1.0
RE1,DEMRESELCILU_LOW_RUR,S101,2054,1.0
RE1,DEMRESELCILU_LOW_RUR,S101,2055,1.0
RE1,DEMRESELCILU_LOW_RUR,S102,2022,1.0
RE1,DEMRESELCILU_LOW_RUR,S102,2023,1.0
RE1,DEMRESELCILU_LOW_RUR,S102,2024,1.0
RE1,DEMRESELCILU_LOW_RUR,S102,2025,1.0
RE1,DEMRESELCILU_LOW_RUR,S102,2026,1.0
RE1,DEMRESELCILU_LOW_RUR,S102,2027,1.0
RE1,DEMRESELCILU_LOW_RUR,S102,2028,1.0
RE1,DEMRESELCILU_LOW_RUR,S102,2029,1.0
RE1,DEMRESELCILU_LOW_RUR,S102,2030,1.0
RE1,DEMRESELCILU_LOW_RUR,S102,2031,1.0
RE1,DEMRESELCILU_LOW_RUR,S102,2032,1.0
RE1,DEMRESELCILU_LOW_RUR,S102,2033,1.0
RE1,DEMRESELCILU_LOW_RUR,S102,2034,1.0
RE1,DEMRESELCILU_LOW_RUR,S102,2035,1.0
RE1,DEMRESELCILU_LOW_RUR,S102,2036,1.0
RE1,DEMRESELCILU_LOW_RUR,S102,2037,1.0
RE1,DEMRESELCILU_LOW_RUR,S102,2038,1.0
RE1,DEMRESELCILU_LOW_RUR,S102,2039,1.0
RE1,DEMRESELCILU_LOW_RUR,S102,2040,1.0
RE1,DEMRESELCILU_LOW_RUR,S102,2041,1.0
RE1,DEMRESELCILU_LOW_RUR,S102,2042,1.0
RE1,DEMRESELCILU_LOW_RUR,S102,2043,1.0
RE1,DEMRESELCILU_LOW_RUR,S102,2044,1.0
RE1,DEMRESELCILU_LOW_RUR,S102,2045,1.0
RE1,DEMRESELCILU_LOW_RUR,S102,2046,1.0
RE1,DEMRESELCILU_LOW_RUR,S102,2047,1.0
RE1,DEMRESELCILU_LOW_RUR,S102,2048,1.0
RE1,DEMRESELCILU_LOW_RUR,S102,2049,1.0
RE1,DEMRESELCILU_LOW_RUR,S102,2050,1.0
RE1,DEMRESELCILU_LOW_RUR,S102,2051,1.0
RE1,DEMRESELCILU_LOW_RUR,S102,2052,1.0
RE1,DEMRESELCILU_LOW_RUR,S102,2053,1.0
RE1,DEMRESELCILU_LOW_RUR,S102,2054,1.0
RE1,DEMRESELCILU_LOW_RUR,S102,2055,1.0
RE1,DEMRESELCILU_LOW_URB,S101,2022,1.0
RE1,DEMRESELCILU_LOW_URB,S101,2023,1.0
RE1,DEMRESELCILU_LOW_URB,S101,2024,1.0
RE1,DEMRESELCILU_LOW_URB,S101,2025,1.0
RE1,DEMRESELCILU_LOW_URB,S101,2026,1.0
RE1,DEMRESELCILU_LOW_URB,S101,2027,1.0
RE1,DEMRESELCILU_LOW_URB,S101,2028,1.0
RE1,DEMRESELCILU_LOW_URB,S101,2029,1.0
RE1,DEMRESELCILU_LOW_URB,S101,2030,1.0
RE1,DEMRESELCILU_LOW_URB,S101,2031,1.0
RE1,DEMRESELCILU_LOW_URB,S101,2032,1.0
RE1,DEMRESELCILU_LOW_URB,S101,2033,1.0
RE1,DEMRESELCILU_LOW_URB,S101,2034,1.0
RE1,DEMRESELCILU_LOW_URB,S101,2035,1.0
RE1,DEMRESELCILU_LOW_URB,S101,2036,1.0
RE1,DEMRESELCILU_LOW_URB,S101,2037,1.0
RE1,DEMRESELCILU_LOW_URB,S101,2038,1.0
RE1,DEMRESELCILU_LOW_URB,S101,2039,1.0
RE1,DEMRESELCILU_LOW_URB,S101,2040,1.0
RE1,DEMRESELCILU_LOW_URB,S101,2041,1.0
RE1,DEMRESELCILU_LOW_URB,S101,2042,1.0
RE1,DEMRESELCILU_LOW_URB,S101,2043,1.0
RE1,DEMRESELCILU_LOW_URB,S101,2044,1.0
RE1,DEMRESELCILU_LOW_URB,S101,2045,1.0
RE1,DEMRESELCILU_LOW_URB,S101,2046,1.0
RE1,DEMRESELCILU_LOW_URB,S101,2047,1.0
RE1,DEMRESELCILU_LOW_URB,S101,2048,1.0
RE1,DEMRESELCILU_LOW_URB,S101,2049,1.0
RE1,DEMRESELCILU_LOW_URB,S101,2050,1.0
RE1,DEMRESELCILU_LOW_URB,S101,2051,1.0
RE1,DEMRESELCILU_LOW_URB,S101,2052,1.0
RE1,DEMRESELCILU_LOW_URB,S101,2053,1.0
RE1,DEMRESELCILU_LOW_URB,S101,2054,1.0
RE1,DEMRESELCILU_LOW_URB,S101,2055,1.0
RE1,DEMRESELCILU_LOW_URB,S102,2022,1.0
RE1,DEMRESELCILU_LOW_URB,S102,2023,1.0
RE1,DEMRESELCILU_LOW_URB,S102,2024,1.0
RE1,DEMRESELCILU_LOW_URB,S102,2025,1.0
RE1,DEMRESELCILU_LOW_URB,S102,2026,1.0
RE1,DEMRESELCILU_LOW_URB,S102,2027,1.0
RE1,DEMRESELCILU_LOW_URB,S102,2028,1.0
RE1,DEMRESELCILU_LOW_URB,S102,2029,1.0
RE1,DEMRESELCILU_LOW_URB,S102,2030,1.0
RE1,DEMRESELCILU_LOW_URB,S102,2031,1.0
RE1,DEMRESELCILU_LOW_URB,S102,2032,1.0
RE1,DEMRESELCILU_LOW_URB,S102,2033,1.0
RE1,DEMRESELCILU_LOW_URB,S102,2034,1.0
RE1,DEMRESELCILU_LOW_URB,S102,2035,1.0
RE1,DEMRESELCILU_LOW_URB,S102,2036,1.0
RE1,DEMRESELCILU_LOW_URB,S102,2037,1.0
RE1,DEMRESELCILU_LOW_URB,S102,2038,1.0
RE1,DEMRESELCILU_LOW_URB,S102,2039,1.0
RE1,DEMRESELCILU_LOW_URB,S102,2040,1.0
RE1,DEMRESELCILU_LOW_URB,S102,2041,1.0
RE1,DEMRESELCILU_LOW_URB,S102,2042,1.0
RE1,DEMRESELCILU_LOW_URB,S102,2043,1.0
RE1,DEMRESELCILU_LOW_URB,S102,2044,1.0
RE1,DEMRESELCILU_LOW_URB,S102,2045,1.0
RE1,DEMRESELCILU_LOW_URB,S102,2046,1.0
RE1,DEMRESELCILU_LOW_URB,S102,2047,1.0
RE1,DEMRESELCILU_LOW_URB,S102,2048,1.0
RE1,DEMRESELCILU_LOW_URB,S102,2049,1.0
RE1,DEMRESELCILU_LOW_URB,S102,2050,1.0
RE1,DEMRESELCILU_LOW_URB,S102,2051,1.0
RE1,DEMRESELCILU_LOW_URB,S102,2052,1.0
RE1,DEMRESELCILU_LOW_URB,S102,2053,1.0
RE1,DEMRESELCILU_LOW_URB,S102,2054,1.0
RE1,DEMRESELCILU_LOW_URB,S102,2055,1.0
RE1,DEMRESELCILU_MID_RUR,S101,2022,1.0
RE1,DEMRESELCILU_MID_RUR,S101,2023,1.0
RE1,DEMRESELCILU_MID_RUR,S101,2024,1.0
RE1,DEMRESELCILU_MID_RUR,S101,2025,1.0
RE1,DEMRESELCILU_MID_RUR,S101,2026,1.0
RE1,DEMRESELCILU_MID_RUR,S101,2027,1.0
RE1,DEMRESELCILU_MID_RUR,S101,2028,1.0
RE1,DEMRESELCILU_MID_RUR,S101,2029,1.0
RE1,DEMRESELCILU_MID_RUR,S101,2030,1.0
RE1,DEMRESELCILU_MID_RUR,S101,2031,1.0
RE1,DEMRESELCILU_MID_RUR,S101,2032,1.0
RE1,DEMRESELCILU_MID_RUR,S101,2033,1.0
RE1,DEMRESELCILU_MID_RUR,S101,2034,1.0
RE1,DEMRESELCILU_MID_RUR,S101,2035,1.0
RE1,DEMRESELCILU_MID_RUR,S101,2036,1.0
RE1,DEMRESELCILU_MID_RUR,S101,2037,1.0
RE1,DEMRESELCILU_MID_RUR,S101,2038,1.0
RE1,DEMRESELCILU_MID_RUR,S101,2039,1.0
RE1,DEMRESELCILU_MID_RUR,S101,2040,1.0
RE1,DEMRESELCILU_MID_RUR,S101,2041,1.0
RE1,DEMRESELCILU_MID_RUR,S101,2042,1.0
RE1,DEMRESELCILU_MID_RUR,S101,2043,1.0
RE1,DEMRESELCILU_MID_RUR,S101,2044,1.0
RE1,DEMRESELCILU_MID_RUR,S101,2045,1.0
RE1,DEMRESELCILU_MID_RUR,S101,2046,1.0
RE1,DEMRESELCILU_MID_RUR,S101,2047,1.0
RE1,DEMRESELCILU_MID_RUR,S101,2048,1.0
RE1,DEMRESELCILU_MID_RUR,S101,2049,1.0
RE1,DEMRESELCILU_MID_RUR,S101,2050,1.0
RE1,DEMRESELCILU_MID_RUR,S101,2051,1.0
RE1,DEMRESELCILU_MID_RUR,S101,2052,1.0
RE1,DEMRESELCILU_MID_RUR,S101,2053,1.0
RE1,DEMRESELCILU_MID_RUR,S101,2054,1.0
RE1,DEMRESELCILU_MID_RUR,S101,2055,1.0
RE1,DEMRESELCILU_MID_RUR,S102,2022,1.0
RE1,DEMRESELCILU_MID_RUR,S102,2023,1.0
RE1,DEMRESELCILU_MID_RUR,S102,2024,1.0
RE1,DEMRESELCILU_MID_RUR,S102,2025,1.0
RE1,DEMRESELCILU_MID_RUR,S102,2026,1.0
RE1,DEMRESELCILU_MID_RUR,S102,2027,1.0
RE1,DEMRESELCILU_MID_RUR,S102,2028,1.0
RE1,DEMRESELCILU_MID_RUR,S102,2029,1.0
RE1,DEMRESELCILU_MID_RUR,S102,2030,1.0
RE1,DEMRESELCILU_MID_RUR,S102,2031,1.0
RE1,DEMRESELCILU_MID_RUR,S102,2032,1.0
RE1,DEMRESELCILU_MID_RUR,S102,2033,1.0
RE1,DEMRESELCILU_MID_RUR,S102,2034,1.0
RE1,DEMRESELCILU_MID_RUR,S102,2035,1.0
RE1,DEMRESELCILU_MID_RUR,S102,2036,1.0
RE1,DEMRESELCILU_MID_RUR,S102,2037,1.0
RE1,DEMRESELCILU_MID_RUR,S102,2038,1.0
RE1,DEMRESELCILU_MID_RUR,S102,2039,1.0
RE1,DEMRESELCILU_MID_RUR,S102,2040,1.0
RE1,DEMRESELCILU_MID_RUR,S102,2041,1.0
RE1,DEMRESELCILU_MID_RUR,S102,2042,1.0
RE1,DEMRESELCILU_MID_RUR,S102,2043,1.0
RE1,DEMRESELCILU_MID_RUR,S102,2044,1.0
RE1,DEMRESELCILU_MID_RUR,S102,2045,1.0
RE1,DEMRESELCILU_MID_RUR,S102,2046,1.0
RE1,DEMRESELCILU_MID_RUR,S102,2047,1.0
RE1,DEMRESELCILU_MID_RUR,S102,2048,1.0
RE1,DEMRESELCILU_MID_RUR,S102,2049,1.0
RE1,DEMRESELCILU_MID_RUR,S102,2050,1.0
RE1,DEMRESELCILU_MID_RUR,S102,2051,1.0
RE1,DEMRESELCILU_MID_RUR,S102,2052,1.0
RE1,DEMRESELCILU_MID_RUR,S102,2053,1.0
RE1,DEMRESELCILU_MID_RUR,S102,2054,1.0
RE1,DEMRESELCILU_MID_RUR,S102,2055,1.0
RE1,DEMRESELCILU_MID_URB,S101,2022,1.0
RE1,DEMRESELCILU_MID_URB,S101,2023,1.0
RE1,DEMRESELCILU_MID_URB,S101,2024,1.0
RE1,DEMRESELCILU_MID_URB,S101,2025,1.0
RE1,DEMRESELCILU_MID_URB,S101,2026,1.0
RE1,DEMRESELCILU_MID_URB,S101,2027,1.0
RE1,DEMRESELCILU_MID_URB,S101,2028,1.0
RE1,DEMRESELCILU_MID_URB,S101,2029,1.0
RE1,DEMRESELCILU_MID_URB,S101,2030,1.0
RE1,DEMRESELCILU_MID_URB,S101,2031,1.0
RE1,DEMRESELCILU_MID_URB,S101,2032,1.0
RE1,DEMRESELCILU_MID_URB,S101,2033,1.0
RE1,DEMRESELCILU_MID_URB,S101,2034,1.0
RE1,DEMRESELCILU_MID_URB,S101,2035,1.0
RE1,DEMRESELCILU_MID_URB,S101,2036,1.0
RE1,DEMRESELCILU_MID_URB,S101,2037,1.0
RE1,DEMRESELCILU_MID_URB,S101,2038,1.0
RE1,DEMRESELCILU_MID_URB,S101,2039,1.0
RE1,DEMRESELCILU_MID_URB,S101,2040,1.0
RE1,DEMRESELCILU_MID_URB,S101,2041,1.0
RE1,DEMRESELCILU_MID_URB,S101,2042,1.0
RE1,DEMRESELCILU_MID_URB,S101,2043,1.0
RE1,DEMRESELCILU_MID_URB,S101,2044,1.0
RE1,DEMRESELCILU_MID_URB,S101,2045,1.0
RE1,DEMRESELCILU_MID_URB,S101,2046,1.0
RE1,DEMRESELCILU_MID_URB,S101,2047,1.0
RE1,DEMRESELCILU_MID_URB,S101,2048,1.0
RE1,DEMRESELCILU_MID_URB,S101,2049,1.0
RE1,DEMRESELCILU_MID_URB,S101,2050,1.0
RE1,DEMRESELCILU_MID_URB,S101,2051,1.0
RE1,DEMRESELCILU_MID_URB,S101,2052,1.0
RE1,DEMRESELCILU_MID_URB,S101,2053,1.0
RE1,DEMRESELCILU_MID_URB,S101,2054,1.0
RE1,DEMRESELCILU_MID_URB,S101,2055,1.0
RE1,DEMRESELCILU_MID_URB,S102,2022,1.0
RE1,DEMRESELCILU_MID_URB,S102,2023,1.0
RE1,DEMRESELCILU_MID_URB,S102,2024,1.0
RE1,DEMRESELCILU_MID_URB,S102,2025,1.0
RE1,DEMRESELCILU_MID_URB,S102,2026,1.0
RE1,DEMRESELCILU_MID_URB,S102,2027,1.0
RE1,DEMRESELCILU_MID_URB,S102,2028,1.0
RE1,DEMRESELCILU_MID_URB,S102,2029,1.0
RE1,DEMRESELCILU_MID_URB,S102,2030,1.0
RE1,DEMRESELCILU_MID_URB,S102,2031,1.0
RE1,DEMRESELCILU_MID_URB,S102,2032,1.0
RE1,DEMRESELCILU_MID_URB,S102,2033,1.0
RE1,DEMRESELCILU_MID_URB,S102,2034,1.0
RE1,DEMRESELCILU_MID_URB,S102,2035,1.0
RE1,DEMRESELCILU_MID_URB,S102,2036,1.0
RE1,DEMRESELCILU_MID_URB,S102,2037,1.0
RE1,DEMRESELCILU_MID_URB,S102,2038,1.0
RE1,DEMRESELCILU_MID_URB,S102,2039,1.0
RE1,DEMRESELCILU_MID_URB,S102,2040,1.0
RE1,DEMRESELCILU_MID_URB,S102,2041,1.0
RE1,DEMRESELCILU_MID_URB,S102,2042,1.0
RE1,DEMRESELCILU_MID_URB,S102,2043,1.0
RE1,DEMRESELCILU_MID_URB,S102,2044,1.0
RE1,DEMRESELCILU_MID_URB,S102,2045,1.0
RE1,DEMRESELCILU_MID_URB,S102,2046,1.0
RE1,DEMRESELCILU_MID_URB,S102,2047,1.0
RE1,DEMRESELCILU_MID_URB,S102,2048,1.0
RE1,DEMRESELCILU_MID_URB,S102,2049,1.0
RE1,DEMRESELCILU_MID_URB,S102,2050,1.0
RE1,DEMRESELCILU_MID_URB,S102,2051,1.0
RE1,DEMRESELCILU_MID_URB,S102,2052,1.0
RE1,DEMRESELCILU_MID_URB,S102,2053,1.0
RE1,DEMRESELCILU_MID_URB,S102,2054,1.0
RE1,DEMRESELCILU_MID_URB,S102,2055,1.0
RE1,DEMRESELCOTH_HIG_RUR,S101,2022,1.0
RE1,DEMRESELCOTH_HIG_RUR,S101,2023,1.0
RE1,DEMRESELCOTH_HIG_RUR,S101,2024,1.0
RE1,DEMRESELCOTH_HIG_RUR,S101,2025,1.0
RE1,DEMRESELCOTH_HIG_RUR,S101,2026,1.0
RE1,DEMRESELCOTH_HIG_RUR,S101,2027,1.0
RE1,DEMRESELCOTH_HIG_RUR,S101,2028,1.0
RE1,DEMRESELCOTH_HIG_RUR,S101,2029,1.0
RE1,DEMRESELCOTH_HIG_RUR,S101,2030,1.0
RE1,DEMRESELCOTH_HIG_RUR,S101,2031,1.0
RE1,DEMRESELCOTH_HIG_RUR,S101,2032,1.0
RE1,DEMRESELCOTH_HIG_RUR,S101,2033,1.0
RE1,DEMRESELCOTH_HIG_RUR,S101,2034,1.0
RE1,DEMRESELCOTH_HIG_RUR,S101,2035,1.0
RE1,DEMRESELCOTH_HIG_RUR,S101,2036,1.0
RE1,DEMRESELCOTH_HIG_RUR,S101,2037,1.0
RE1,DEMRESELCOTH_HIG_RUR,S101,2038,1.0
RE1,DEMRESELCOTH_HIG_RUR,S101,2039,1.0
RE1,DEMRESELCOTH_HIG_RUR,S101,2040,1.0
RE1,DEMRESELCOTH_HIG_RUR,S101,2041,1.0
RE1,DEMRESELCOTH_HIG_RUR,S101,2042,1.0
RE1,DEMRESELCOTH_HIG_RUR,S101,2043,1.0
RE1,DEMRESELCOTH_HIG_RUR,S101,2044,1.0
RE1,DEMRESELCOTH_HIG_RUR,S101,2045,1.0
RE1,DEMRESELCOTH_HIG_RUR,S101,2046,1.0
RE1,DEMRESELCOTH_HIG_RUR,S101,2047,1.0
RE1,DEMRESELCOTH_HIG_RUR,S101,2048,1.0
RE1,DEMRESELCOTH_HIG_RUR,S101,2049,1.0
RE1,DEMRESELCOTH_HIG_RUR,S101,2050,1.0
RE1,DEMRESELCOTH_HIG_RUR,S101,2051,1.0
RE1,DEMRESELCOTH_HIG_RUR,S101,2052,1.0
RE1,DEMRESELCOTH_HIG_RUR,S101,2053,1.0
RE1,DEMRESELCOTH_HIG_RUR,S101,2054,1.0
RE1,DEMRESELCOTH_HIG_RUR,S101,2055,1.0
RE1,DEMRESELCOTH_HIG_RUR,S102,2022,1.0
RE1,DEMRESELCOTH_HIG_RUR,S102,2023,1.0
RE1,DEMRESELCOTH_HIG_RUR,S102,2024,1.0
RE1,DEMRESELCOTH_HIG_RUR,S102,2025,1.0
RE1,DEMRESELCOTH_HIG_RUR,S102,2026,1.0
RE1,DEMRESELCOTH_HIG_RUR,S102,2027,1.0
RE1,DEMRESELCOTH_HIG_RUR,S102,2028,1.0
RE1,DEMRESELCOTH_HIG_RUR,S102,2029,1.0
RE1,DEMRESELCOTH_HIG_RUR,S102,2030,1.0
RE1,DEMRESELCOTH_HIG_RUR,S102,2031,1.0
RE1,DEMRESELCOTH_HIG_RUR,S102,2032,1.0
RE1,DEMRESELCOTH_HIG_RUR,S102,2033,1.0
RE1,DEMRESELCOTH_HIG_RUR,S102,2034,1.0
RE1,DEMRESELCOTH_HIG_RUR,S102,2035,1.0
RE1,DEMRESELCOTH_HIG_RUR,S102,2036,1.0
RE1,DEMRESELCOTH_HIG_RUR,S102,2037,1.0
RE1,DEMRESELCOTH_HIG_RUR,S102,2038,1.0
RE1,DEMRESELCOTH_HIG_RUR,S102,2039,1.0
RE1,DEMRESELCOTH_HIG_RUR,S102,2040,1.0
RE1,DEMRESELCOTH_HIG_RUR,S102,2041,1.0
RE1,DEMRESELCOTH_HIG_RUR,S102,2042,1.0
RE1,DEMRESELCOTH_HIG_RUR,S102,2043,1.0
RE1,DEMRESELCOTH_HIG_RUR,S102,2044,1.0
RE1,DEMRESELCOTH_HIG_RUR,S102,2045,1.0
RE1,DEMRESELCOTH_HIG_RUR,S102,2046,1.0
RE1,DEMRESELCOTH_HIG_RUR,S102,2047,1.0
RE1,DEMRESELCOTH_HIG_RUR,S102,2048,1.0
RE1,DEMRESELCOTH_HIG_RUR,S102,2049,1.0
RE1,DEMRESELCOTH_HIG_RUR,S102,2050,1.0
RE1,DEMRESELCOTH_HIG_RUR,S102,2051,1.0
RE1,DEMRESELCOTH_HIG_RUR,S102,2052,1.0
RE1,DEMRESELCOTH_HIG_RUR,S102,2053,1.0
RE1,DEMRESELCOTH_HIG_RUR,S102,2054,1.0
RE1,DEMRESELCOTH_HIG_RUR,S102,2055,1.0
RE1,DEMRESELCOTH_HIG_URB,S101,2022,1.0
RE1,DEMRESELCOTH_HIG_URB,S101,2023,1.0
RE1,DEMRESELCOTH_HIG_URB,S101,2024,1.0
RE1,DEMRESELCOTH_HIG_URB,S101,2025,1.0
RE1,DEMRESELCOTH_HIG_URB,S101,2026,1.0
RE1,DEMRESELCOTH_HIG_URB,S101,2027,1.0
RE1,DEMRESELCOTH_HIG_URB,S101,2028,1.0
RE1,DEMRESELCOTH_HIG_URB,S101,2029,1.0
RE1,DEMRESELCOTH_HIG_URB,S101,2030,1.0
RE1,DEMRESELCOTH_HIG_URB,S101,2031,1.0
RE1,DEMRESELCOTH_HIG_URB,S101,2032,1.0
RE1,DEMRESELCOTH_HIG_URB,S101,2033,1.0
RE1,DEMRESELCOTH_HIG_URB,S101,2034,1.0
RE1,DEMRESELCOTH_HIG_URB,S101,2035,1.0
RE1,DEMRESELCOTH_HIG_URB,S101,2036,1.0
RE1,DEMRESELCOTH_HIG_URB,S101,2037,1.0
RE1,DEMRESELCOTH_HIG_URB,S101,2038,1.0
RE1,DEMRESELCOTH_HIG_URB,S101,2039,1.0
RE1,DEMRESELCOTH_HIG_URB,S101,2040,1.0
RE1,DEMRESELCOTH_HIG_URB,S101,2041,1.0
RE1,DEMRESELCOTH_HIG_URB,S101,2042,1.0
RE1,DEMRESELCOTH_HIG_URB,S101,2043,1.0
RE1,DEMRESELCOTH_HIG_URB,S101,2044,1.0
RE1,DEMRESELCOTH_HIG_URB,S101,2045,1.0
RE1,DEMRESELCOTH_HIG_URB,S101,2046,1.0
RE1,DEMRESELCOTH_HIG_URB,S101,2047,1.0
RE1,DEMRESELCOTH_HIG_URB,S101,2048,1.0
RE1,DEMRESELCOTH_HIG_URB,S101,2049,1.0
RE1,DEMRESELCOTH_HIG_URB,S101,2050,1.0
RE1,DEMRESELCOTH_HIG_URB,S101,2051,1.0
RE1,DEMRESELCOTH_HIG_URB,S101,2052,1.0
RE1,DEMRESELCOTH_HIG_URB,S101,2053,1.0
RE1,DEMRESELCOTH_HIG_URB,S101,2054,1.0
RE1,DEMRESELCOTH_HIG_URB,S101,2055,1.0
RE1,DEMRESELCOTH_HIG_URB,S102,2022,1.0
RE1,DEMRESELCOTH_HIG_URB,S102,2023,1.0
RE1,DEMRESELCOTH_HIG_URB,S102,2024,1.0
RE1,DEMRESELCOTH_HIG_URB,S102,2025,1.0
RE1,DEMRESELCOTH_HIG_URB,S102,2026,1.0
RE1,DEMRESELCOTH_HIG_URB,S102,2027,1.0
RE1,DEMRESELCOTH_HIG_URB,S102,2028,1.0
RE1,DEMRESELCOTH_HIG_URB,S102,2029,1.0
RE1,DEMRESELCOTH_HIG_URB,S102,2030,1.0
RE1,DEMRESELCOTH_HIG_URB,S102,2031,1.0
RE1,DEMRESELCOTH_HIG_URB,S102,2032,1.0
RE1,DEMRESELCOTH_HIG_URB,S102,2033,1.0
RE1,DEMRESELCOTH_HIG_URB,S102,2034,1.0
RE1,DEMRESELCOTH_HIG_URB,S102,2035,1.0
RE1,DEMRESELCOTH_HIG_URB,S102,2036,1.0
RE1,DEMRESELCOTH_HIG_URB,S102,2037,1.0
RE1,DEMRESELCOTH_HIG_URB,S102,2038,1.0
RE1,DEMRESELCOTH_HIG_URB,S102,2039,1.0
RE1,DEMRESELCOTH_HIG_URB,S102,2040,1.0
RE1,DEMRESELCOTH_HIG_URB,S102,2041,1.0
RE1,DEMRESELCOTH_HIG_URB,S102,2042,1.0
RE1,DEMRESELCOTH_HIG_URB,S102,2043,1.0
RE1,DEMRESELCOTH_HIG_URB,S102,2044,1.0
RE1,DEMRESELCOTH_HIG_URB,S102,2045,1.0
RE1,DEMRESELCOTH_HIG_URB,S102,2046,1.0
RE1,DEMRESELCOTH_HIG_URB,S102,2047,1.0
RE1,DEMRESELCOTH_HIG_URB,S102,2048,1.0
RE1,DEMRESELCOTH_HIG_URB,S102,2049,1.0
RE1,DEMRESELCOTH_HIG_URB,S102,2050,1.0
RE1,DEMRESELCOTH_HIG_URB,S102,2051,1.0
RE1,DEMRESELCOTH_HIG_URB,S102,2052,1.0
RE1,DEMRESELCOTH_HIG_URB,S102,2053,1.0
RE1,DEMRESELCOTH_HIG_URB,S102,2054,1.0
RE1,DEMRESELCOTH_HIG_URB,S102,2055,1.0
RE1,DEMRESELCOTH_LOW_RUR,S101,2022,1.0
RE1,DEMRESELCOTH_LOW_RUR,S101,2023,1.0
RE1,DEMRESELCOTH_LOW_RUR,S101,2024,1.0
RE1,DEMRESELCOTH_LOW_RUR,S101,2025,1.0
RE1,DEMRESELCOTH_LOW_RUR,S101,2026,1.0
RE1,DEMRESELCOTH_LOW_RUR,S101,2027,1.0
RE1,DEMRESELCOTH_LOW_RUR,S101,2028,1.0
RE1,DEMRESELCOTH_LOW_RUR,S101,2029,1.0
RE1,DEMRESELCOTH_LOW_RUR,S101,2030,1.0
RE1,DEMRESELCOTH_LOW_RUR,S101,2031,1.0
RE1,DEMRESELCOTH_LOW_RUR,S101,2032,1.0
RE1,DEMRESELCOTH_LOW_RUR,S101,2033,1.0
RE1,DEMRESELCOTH_LOW_RUR,S101,2034,1.0
RE1,DEMRESELCOTH_LOW_RUR,S101,2035,1.0
RE1,DEMRESELCOTH_LOW_RUR,S101,2036,1.0
RE1,DEMRESELCOTH_LOW_RUR,S101,2037,1.0
RE1,DEMRESELCOTH_LOW_RUR,S101,2038,1.0
RE1,DEMRESELCOTH_LOW_RUR,S101,2039,1.0
RE1,DEMRESELCOTH_LOW_RUR,S101,2040,1.0
RE1,DEMRESELCOTH_LOW_RUR,S101,2041,1.0
RE1,DEMRESELCOTH_LOW_RUR,S101,2042,1.0
RE1,DEMRESELCOTH_LOW_RUR,S101,2043,1.0
RE1,DEMRESELCOTH_LOW_RUR,S101,2044,1.0
RE1,DEMRESELCOTH_LOW_RUR,S101,2045,1.0
RE1,DEMRESELCOTH_LOW_RUR,S101,2046,1.0
RE1,DEMRESELCOTH_LOW_RUR,S101,2047,1.0
RE1,DEMRESELCOTH_LOW_RUR,S101,2048,1.0
RE1,DEMRESELCOTH_LOW_RUR,S101,2049,1.0
RE1,DEMRESELCOTH_LOW_RUR,S101,2050,1.0
RE1,DEMRESELCOTH_LOW_RUR,S101,2051,1.0
RE1,DEMRESELCOTH_LOW_RUR,S101,2052,1.0
RE1,DEMRESELCOTH_LOW_RUR,S101,2053,1.0
RE1,DEMRESELCOTH_LOW_RUR,S101,2054,1.0
RE1,DEMRESELCOTH_LOW_RUR,S101,2055,1.0
RE1,DEMRESELCOTH_LOW_RUR,S102,2022,1.0
RE1,DEMRESELCOTH_LOW_RUR,S102,2023,1.0
RE1,DEMRESELCOTH_LOW_RUR,S102,2024,1.0
RE1,DEMRESELCOTH_LOW_RUR,S102,2025,1.0
RE1,DEMRESELCOTH_LOW_RUR,S102,2026,1.0
RE1,DEMRESELCOTH_LOW_RUR,S102,2027,1.0
RE1,DEMRESELCOTH_LOW_RUR,S102,2028,1.0
RE1,DEMRESELCOTH_LOW_RUR,S102,2029,1.0
RE1,DEMRESELCOTH_LOW_RUR,S102,2030,1.0
RE1,DEMRESELCOTH_LOW_RUR,S102,2031,1.0
RE1,DEMRESELCOTH_LOW_RUR,S102,2032,1.0
RE1,DEMRESELCOTH_LOW_RUR,S102,2033,1.0
RE1,DEMRESELCOTH_LOW_RUR,S102,2034,1.0
RE1,DEMRESELCOTH_LOW_RUR,S102,2035,1.0
RE1,DEMRESELCOTH_LOW_RUR,S102,2036,1.0
RE1,DEMRESELCOTH_LOW_RUR,S102,2037,1.0
RE1,DEMRESELCOTH_LOW_RUR,S102,2038,1.0
RE1,DEMRESELCOTH_LOW_RUR,S102,2039,1.0
RE1,DEMRESELCOTH_LOW_RUR,S102,2040,1.0
RE1,DEMRESELCOTH_LOW_RUR,S102,2041,1.0
RE1,DEMRESELCOTH_LOW_RUR,S102,2042,1.0
RE1,DEMRESELCOTH_LOW_RUR,S102,2043,1.0
RE1,DEMRESELCOTH_LOW_RUR,S102,2044,1.0
RE1,DEMRESELCOTH_LOW_RUR,S102,2045,1.0
RE1,DEMRESELCOTH_LOW_RUR,S102,2046,1.0
RE1,DEMRESELCOTH_LOW_RUR,S102,2047,1.0
RE1,DEMRESELCOTH_LOW_RUR,S102,2048,1.0
RE1,DEMRESELCOTH_LOW_RUR,S102,2049,1.0
RE1,DEMRESELCOTH_LOW_RUR,S102,2050,1.0
RE1,DEMRESELCOTH_LOW_RUR,S102,2051,1.0
RE1,DEMRESELCOTH_LOW_RUR,S102,2052,1.0
RE1,DEMRESELCOTH_LOW_RUR,S102,2053,1.0
RE1,DEMRESELCOTH_LOW_RUR,S102,2054,1.0
RE1,DEMRESELCOTH_LOW_RUR,S102,2055,1.0
RE1,DEMRESELCOTH_LOW_URB,S101,2022,1.0
RE1,DEMRESELCOTH_LOW_URB,S101,2023,1.0
RE1,DEMRESELCOTH_LOW_URB,S101,2024,1.0
RE1,DEMRESELCOTH_LOW_URB,S101,2025,1.0
RE1,DEMRESELCOTH_LOW_URB,S101,2026,1.0
RE1,DEMRESELCOTH_LOW_URB,S101,2027,1.0
RE1,DEMRESELCOTH_LOW_URB,S101,2028,1.0
RE1,DEMRESELCOTH_LOW_URB,S101,2029,1.0
RE1,DEMRESELCOTH_LOW_URB,S101,2030,1.0
RE1,DEMRESELCOTH_LOW_URB,S101,2031,1.0
RE1,DEMRESELCOTH_LOW_URB,S101,2032,1.0
RE1,DEMRESELCOTH_LOW_URB,S101,2033,1.0
RE1,DEMRESELCOTH_LOW_URB,S101,2034,1.0
RE1,DEMRESELCOTH_LOW_URB,S101,2035,1.0
RE1,DEMRESELCOTH_LOW_URB,S101,2036,1.0
RE1,DEMRESELCOTH_LOW_URB,S101,2037,1.0
RE1,DEMRESELCOTH_LOW_URB,S101,2038,1.0
RE1,DEMRESELCOTH_LOW_URB,S101,2039,1.0
RE1,DEMRESELCOTH_LOW_URB,S101,2040,1.0
RE1,DEMRESELCOTH_LOW_URB,S101,2041,1.0
RE1,DEMRESELCOTH_LOW_URB,S101,2042,1.0
RE1,DEMRESELCOTH_LOW_URB,S101,2043,1.0
RE1,DEMRESELCOTH_LOW_URB,S101,2044,1.0
RE1,DEMRESELCOTH_LOW_URB,S101,2045,1.0
RE1,DEMRESELCOTH_LOW_URB,S101,2046,1.0
RE1,DEMRESELCOTH_LOW_URB,S101,2047,1.0
RE1,DEMRESELCOTH_LOW_URB,S101,2048,1.0
RE1,DEMRESELCOTH_LOW_URB,S101,2049,1.0
RE1,DEMRESELCOTH_LOW_URB,S101,2050,1.0
RE1,DEMRESELCOTH_LOW_URB,S101,2051,1.0
RE1,DEMRESELCOTH_LOW_URB,S101,2052,1.0
RE1,DEMRESELCOTH_LOW_URB,S101,2053,1.0
RE1,DEMRESELCOTH_LOW_URB,S101,2054,1.0
RE1,DEMRESELCOTH_LOW_URB,S101,2055,1.0
RE1,DEMRESELCOTH_LOW_URB,S102,2022,1.0
RE1,DEMRESELCOTH_LOW_URB,S102,2023,1.0
RE1,DEMRESELCOTH_LOW_URB,S102,2024,1.0
RE1,DEMRESELCOTH_LOW_URB,S102,2025,1.0
RE1,DEMRESELCOTH_LOW_URB,S102,2026,1.0
RE1,DEMRESELCOTH_LOW_URB,S102,2027,1.0
RE1,DEMRESELCOTH_LOW_URB,S102,2028,1.0
RE1,DEMRESELCOTH_LOW_URB,S102,2029,1.0
RE1,DEMRESELCOTH_LOW_URB,S102,2030,1.0
RE1,DEMRESELCOTH_LOW_URB,S102,2031,1.0
RE1,DEMRESELCOTH_LOW_URB,S102,2032,1.0
RE1,DEMRESELCOTH_LOW_URB,S102,2033,1.0
RE1,DEMRESELCOTH_LOW_URB,S102,2034,1.0
RE1,DEMRESELCOTH_LOW_URB,S102,2035,1.0
RE1,DEMRESELCOTH_LOW_URB,S102,2036,1.0
RE1,DEMRESELCOTH_LOW_URB,S102,2037,1.0
RE1,DEMRESELCOTH_LOW_URB,S102,2038,1.0
RE1,DEMRESELCOTH_LOW_URB,S102,2039,1.0
RE1,DEMRESELCOTH_LOW_URB,S102,2040,1.0
RE1,DEMRESELCOTH_LOW_URB,S102,2041,1.0
RE1,DEMRESELCOTH_LOW_URB,S102,2042,1.0
RE1,DEMRESELCOTH_LOW_URB,S102,2043,1.0
RE1,DEMRESELCOTH_LOW_URB,S102,2044,1.0
RE1,DEMRESELCOTH_LOW_URB,S102,2045,1.0
RE1,DEMRESELCOTH_LOW_URB,S102,2046,1.0
RE1,DEMRESELCOTH_LOW_URB,S102,2047,1.0
RE1,DEMRESELCOTH_LOW_URB,S102,2048,1.0
RE1,DEMRESELCOTH_LOW_URB,S102,2049,1.0
RE1,DEMRESELCOTH_LOW_URB,S102,2050,1.0
RE1,DEMRESELCOTH_LOW_URB,S102,2051,1.0
RE1,DEMRESELCOTH_LOW_URB,S102,2052,1.0
RE1,DEMRESELCOTH_LOW_URB,S102,2053,1.0
RE1,DEMRESELCOTH_LOW_URB,S102,2054,1.0
RE1,DEMRESELCOTH_LOW_URB,S102,2055,1.0
RE1,DEMRESELCOTH_MID_RUR,S101,2022,1.0
RE1,DEMRESELCOTH_MID_RUR,S101,2023,1.0
RE1,DEMRESELCOTH_MID_RUR,S101,2024,1.0
RE1,DEMRESELCOTH_MID_RUR,S101,2025,1.0
RE1,DEMRESELCOTH_MID_RUR,S101,2026,1.0
RE1,DEMRESELCOTH_MID_RUR,S101,2027,1.0
RE1,DEMRESELCOTH_MID_RUR,S101,2028,1.0
RE1,DEMRESELCOTH_MID_RUR,S101,2029,1.0
RE1,DEMRESELCOTH_MID_RUR,S101,2030,1.0
RE1,DEMRESELCOTH_MID_RUR,S101,2031,1.0
RE1,DEMRESELCOTH_MID_RUR,S101,2032,1.0
RE1,DEMRESELCOTH_MID_RUR,S101,2033,1.0
RE1,DEMRESELCOTH_MID_RUR,S101,2034,1.0
RE1,DEMRESELCOTH_MID_RUR,S101,2035,1.0
RE1,DEMRESELCOTH_MID_RUR,S101,2036,1.0
RE1,DEMRESELCOTH_MID_RUR,S101,2037,1.0
RE1,DEMRESELCOTH_MID_RUR,S101,2038,1.0
RE1,DEMRESELCOTH_MID_RUR,S101,2039,1.0
RE1,DEMRESELCOTH_MID_RUR,S101,2040,1.0
RE1,DEMRESELCOTH_MID_RUR,S101,2041,1.0
RE1,DEMRESELCOTH_MID_RUR,S101,2042,1.0
RE1,DEMRESELCOTH_MID_RUR,S101,2043,1.0
RE1,DEMRESELCOTH_MID_RUR,S101,2044,1.0
RE1,DEMRESELCOTH_MID_RUR,S101,2045,1.0
RE1,DEMRESELCOTH_MID_RUR,S101,2046,1.0
RE1,DEMRESELCOTH_MID_RUR,S101,2047,1.0
RE1,DEMRESELCOTH_MID_RUR,S101,2048,1.0
RE1,DEMRESELCOTH_MID_RUR,S101,2049,1.0
RE1,DEMRESELCOTH_MID_RUR,S101,2050,1.0
RE1,DEMRESELCOTH_MID_RUR,S101,2051,1.0
RE1,DEMRESELCOTH_MID_RUR,S101,2052,1.0
RE1,DEMRESELCOTH_MID_RUR,S101,2053,1.0
RE1,DEMRESELCOTH_MID_RUR,S101,2054,1.0
RE1,DEMRESELCOTH_MID_RUR,S101,2055,1.0
RE1,DEMRESELCOTH_MID_RUR,S102,2022,1.0
RE1,DEMRESELCOTH_MID_RUR,S102,2023,1.0
RE1,DEMRESELCOTH_MID_RUR,S102,2024,1.0
RE1,DEMRESELCOTH_MID_RUR,S102,2025,1.0
RE1,DEMRESELCOTH_MID_RUR,S102,2026,1.0
RE1,DEMRESELCOTH_MID_RUR,S102,2027,1.0
RE1,DEMRESELCOTH_MID_RUR,S102,2028,1.0
RE1,DEMRESELCOTH_MID_RUR,S102,2029,1.0
RE1,DEMRESELCOTH_MID_RUR,S102,2030,1.0
RE1,DEMRESELCOTH_MID_RUR,S102,2031,1.0
RE1,DEMRESELCOTH_MID_RUR,S102,2032,1.0
RE1,DEMRESELCOTH_MID_RUR,S102,2033,1.0
RE1,DEMRESELCOTH_MID_RUR,S102,2034,1.0
RE1,DEMRESELCOTH_MID_RUR,S102,2035,1.0
RE1,DEMRESELCOTH_MID_RUR,S102,2036,1.0
RE1,DEMRESELCOTH_MID_RUR,S102,2037,1.0
RE1,DEMRESELCOTH_MID_RUR,S102,2038,1.0
RE1,DEMRESELCOTH_MID_RUR,S102,2039,1.0
RE1,DEMRESELCOTH_MID_RUR,S102,2040,1.0
RE1,DEMRESELCOTH_MID_RUR,S102,2041,1.0
RE1,DEMRESELCOTH_MID_RUR,S102,2042,1.0
RE1,DEMRESELCOTH_MID_RUR,S102,2043,1.0
RE1,DEMRESELCOTH_MID_RUR,S102,2044,1.0
RE1,DEMRESELCOTH_MID_RUR,S102,2045,1.0
RE1,DEMRESELCOTH_MID_RUR,S102,2046,1.0
RE1,DEMRESELCOTH_MID_RUR,S102,2047,1.0
RE1,DEMRESELCOTH_MID_RUR,S102,2048,1.0
RE1,DEMRESELCOTH_MID_RUR,S102,2049,1.0
RE1,DEMRESELCOTH_MID_RUR,S102,2050,1.0
RE1,DEMRESELCOTH_MID_RUR,S102,2051,1.0
RE1,DEMRESELCOTH_MID_RUR,S102,2052,1.0
RE1,DEMRESELCOTH_MID_RUR,S102,2053,1.0
RE1,DEMRESELCOTH_MID_RUR,S102,2054,1.0
RE1,DEMRESELCOTH_MID_RUR,S102,2055,1.0
RE1,DEMRESELCOTH_MID_URB,S101,2022,1.0
RE1,DEMRESELCOTH_MID_URB,S101,2023,1.0
RE1,DEMRESELCOTH_MID_URB,S101,2024,1.0
RE1,DEMRESELCOTH_MID_URB,S101,2025,1.0
RE1,DEMRESELCOTH_MID_URB,S101,2026,1.0
RE1,DEMRESELCOTH_MID_URB,S101,2027,1.0
RE1,DEMRESELCOTH_MID_URB,S101,2028,1.0
RE1,DEMRESELCOTH_MID_URB,S101,2029,1.0
RE1,DEMRESELCOTH_MID_URB,S101,2030,1.0
RE1,DEMRESELCOTH_MID_URB,S101,2031,1.0
RE1,DEMRESELCOTH_MID_URB,S101,2032,1.0
RE1,DEMRESELCOTH_MID_URB,S101,2033,1.0
RE1,DEMRESELCOTH_MID_URB,S101,2034,1.0
RE1,DEMRESELCOTH_MID_URB,S101,2035,1.0
RE1,DEMRESELCOTH_MID_URB,S101,2036,1.0
RE1,DEMRESELCOTH_MID_URB,S101,2037,1.0
RE1,DEMRESELCOTH_MID_URB,S101,2038,1.0
RE1,DEMRESELCOTH_MID_URB,S101,2039,1.0
RE1,DEMRESELCOTH_MID_URB,S101,2040,1.0
RE1,DEMRESELCOTH_MID_URB,S101,2041,1.0
RE1,DEMRESELCOTH_MID_URB,S101,2042,1.0
RE1,DEMRESELCOTH_MID_URB,S101,2043,1.0
RE1,DEMRESELCOTH_MID_URB,S101,2044,1.0
RE1,DEMRESELCOTH_MID_URB,S101,2045,1.0
RE1,DEMRESELCOTH_MID_URB,S101,2046,1.0
RE1,DEMRESELCOTH_MID_URB,S101,2047,1.0
RE1,DEMRESELCOTH_MID_URB,S101,2048,1.0
RE1,DEMRESELCOTH_MID_URB,S101,2049,1.0
RE1,DEMRESELCOTH_MID_URB,S101,2050,1.0
RE1,DEMRESELCOTH_MID_URB,S101,2051,1.0
RE1,DEMRESELCOTH_MID_URB,S101,2052,1.0
RE1,DEMRESELCOTH_MID_URB,S101,2053,1.0
RE1,DEMRESELCOTH_MID_URB,S101,2054,1.0
RE1,DEMRESELCOTH_MID_URB,S101,2055,1.0
RE1,DEMRESELCOTH_MID_URB,S102,2022,1.0
RE1,DEMRESELCOTH_MID_URB,S102,2023,1.0
RE1,DEMRESELCOTH_MID_URB,S102,2024,1.0
RE1,DEMRESELCOTH_MID_URB,S102,2025,1.0
RE1,DEMRESELCOTH_MID_URB,S102,2026,1.0
RE1,DEMRESELCOTH_MID_URB,S102,2027,1.0
RE1,DEMRESELCOTH_MID_URB,S102,2028,1.0
RE1,DEMRESELCOTH_MID_URB,S102,2029,1.0
RE1,DEMRESELCOTH_MID_URB,S102,2030,1.0
RE1,DEMRESELCOTH_MID_URB,S102,2031,1.0
RE1,DEMRESELCOTH_MID_URB,S102,2032,1.0
RE1,DEMRESELCOTH_MID_URB,S102,2033,1.0
RE1,DEMRESELCOTH_MID_URB,S102,2034,1.0
RE1,DEMRESELCOTH_MID_URB,S102,2035,1.0
RE1,DEMRESELCOTH_MID_URB,S102,2036,1.0
RE1,DEMRESELCOTH_MID_URB,S102,2037,1.0
RE1,DEMRESELCOTH_MID_URB,S102,2038,1.0
RE1,DEMRESELCOTH_MID_URB,S102,2039,1.0
RE1,DEMRESELCOTH_MID_URB,S102,2040,1.0
RE1,DEMRESELCOTH_MID_URB,S102,2041,1.0
RE1,DEMRESELCOTH_MID_URB,S102,2042,1.0
RE1,DEMRESELCOTH_MID_URB,S102,2043,1.0
RE1,DEMRESELCOTH_MID_URB,S102,2044,1.0
RE1,DEMRESELCOTH_MID_URB,S102,2045,1.0
RE1,DEMRESELCOTH_MID_URB,S102,2046,1.0
RE1,DEMRESELCOTH_MID_URB,S102,2047,1.0
RE1,DEMRESELCOTH_MID_URB,S102,2048,1.0
RE1,DEMRESELCOTH_MID_URB,S102,2049,1.0
RE1,DEMRESELCOTH_MID_URB,S102,2050,1.0
RE1,DEMRESELCOTH_MID_URB,S102,2051,1.0
RE1,DEMRESELCOTH_MID_URB,S102,2052,1.0
RE1,DEMRESELCOTH_MID_URB,S102,2053,1.0
RE1,DEMRESELCOTH_MID_URB,S102,2054,1.0
RE1,DEMRESELCOTH_MID_URB,S102,2055,1.0
RE1,DEMRESELCREF_HIG_RUR,S101,2022,1.0
RE1,DEMRESELCREF_HIG_RUR,S101,2023,1.0
RE1,DEMRESELCREF_HIG_RUR,S101,2024,1.0
RE1,DEMRESELCREF_HIG_RUR,S101,2025,1.0
RE1,DEMRESELCREF_HIG_RUR,S101,2026,1.0
RE1,DEMRESELCREF_HIG_RUR,S101,2027,1.0
RE1,DEMRESELCREF_HIG_RUR,S101,2028,1.0
RE1,DEMRESELCREF_HIG_RUR,S101,2029,1.0
RE1,DEMRESELCREF_HIG_RUR,S101,2030,1.0
RE1,DEMRESELCREF_HIG_RUR,S101,2031,1.0
RE1,DEMRESELCREF_HIG_RUR,S101,2032,1.0
RE1,DEMRESELCREF_HIG_RUR,S101,2033,1.0
RE1,DEMRESELCREF_HIG_RUR,S101,2034,1.0
RE1,DEMRESELCREF_HIG_RUR,S101,2035,1.0
RE1,DEMRESELCREF_HIG_RUR,S101,2036,1.0
RE1,DEMRESELCREF_HIG_RUR,S101,2037,1.0
RE1,DEMRESELCREF_HIG_RUR,S101,2038,1.0
RE1,DEMRESELCREF_HIG_RUR,S101,2039,1.0
RE1,DEMRESELCREF_HIG_RUR,S101,2040,1.0
RE1,DEMRESELCREF_HIG_RUR,S101,2041,1.0
RE1,DEMRESELCREF_HIG_RUR,S101,2042,1.0
RE1,DEMRESELCREF_HIG_RUR,S101,2043,1.0
RE1,DEMRESELCREF_HIG_RUR,S101,2044,1.0
RE1,DEMRESELCREF_HIG_RUR,S101,2045,1.0
RE1,DEMRESELCREF_HIG_RUR,S101,2046,1.0
RE1,DEMRESELCREF_HIG_RUR,S101,2047,1.0
RE1,DEMRESELCREF_HIG_RUR,S101,2048,1.0
RE1,DEMRESELCREF_HIG_RUR,S101,2049,1.0
RE1,DEMRESELCREF_HIG_RUR,S101,2050,1.0
RE1,DEMRESELCREF_HIG_RUR,S101,2051,1.0
RE1,DEMRESELCREF_HIG_RUR,S101,2052,1.0
RE1,DEMRESELCREF_HIG_RUR,S101,2053,1.0
RE1,DEMRESELCREF_HIG_RUR,S101,2054,1.0
RE1,DEMRESELCREF_HIG_RUR,S101,2055,1.0
RE1,DEMRESELCREF_HIG_RUR,S102,2022,1.0
RE1,DEMRESELCREF_HIG_RUR,S102,2023,1.0
RE1,DEMRESELCREF_HIG_RUR,S102,2024,1.0
RE1,DEMRESELCREF_HIG_RUR,S102,2025,1.0
RE1,DEMRESELCREF_HIG_RUR,S102,2026,1.0
RE1,DEMRESELCREF_HIG_RUR,S102,2027,1.0
RE1,DEMRESELCREF_HIG_RUR,S102,2028,1.0
RE1,DEMRESELCREF_HIG_RUR,S102,2029,1.0
RE1,DEMRESELCREF_HIG_RUR,S102,2030,1.0
RE1,DEMRESELCREF_HIG_RUR,S102,2031,1.0
RE1,DEMRESELCREF_HIG_RUR,S102,2032,1.0
RE1,DEMRESELCREF_HIG_RUR,S102,2033,1.0
RE1,DEMRESELCREF_HIG_RUR,S102,2034,1.0
RE1,DEMRESELCREF_HIG_RUR,S102,2035,1.0
RE1,DEMRESELCREF_HIG_RUR,S102,2036,1.0
RE1,DEMRESELCREF_HIG_RUR,S102,2037,1.0
RE1,DEMRESELCREF_HIG_RUR,S102,2038,1.0
RE1,DEMRESELCREF_HIG_RUR,S102,2039,1.0
RE1,DEMRESELCREF_HIG_RUR,S102,2040,1.0
RE1,DEMRESELCREF_HIG_RUR,S102,2041,1.0
RE1,DEMRESELCREF_HIG_RUR,S102,2042,1.0
RE1,DEMRESELCREF_HIG_RUR,S102,2043,1.0
RE1,DEMRESELCREF_HIG_RUR,S102,2044,1.0
RE1,DEMRESELCREF_HIG_RUR,S102,2045,1.0
RE1,DEMRESELCREF_HIG_RUR,S102,2046,1.0
RE1,DEMRESELCREF_HIG_RUR,S102,2047,1.0
RE1,DEMRESELCREF_HIG_RUR,S102,2048,1.0
RE1,DEMRESELCREF_HIG_RUR,S102,2049,1.0
RE1,DEMRESELCREF_HIG_RUR,S102,2050,1.0
RE1,DEMRESELCREF_HIG_RUR,S102,2051,1.0
RE1,DEMRESELCREF_HIG_RUR,S102,2052,1.0
RE1,DEMRESELCREF_HIG_RUR,S102,2053,1.0
RE1,DEMRESELCREF_HIG_RUR,S102,2054,1.0
RE1,DEMRESELCREF_HIG_RUR,S102,2055,1.0
RE1,DEMRESELCREF_HIG_URB,S101,2022,1.0
RE1,DEMRESELCREF_HIG_URB,S101,2023,1.0
RE1,DEMRESELCREF_HIG_URB,S101,2024,1.0
RE1,DEMRESELCREF_HIG_URB,S101,2025,1.0
RE1,DEMRESELCREF_HIG_URB,S101,2026,1.0
RE1,DEMRESELCREF_HIG_URB,S101,2027,1.0
RE1,DEMRESELCREF_HIG_URB,S101,2028,1.0
RE1,DEMRESELCREF_HIG_URB,S101,2029,1.0
RE1,DEMRESELCREF_HIG_URB,S101,2030,1.0
RE1,DEMRESELCREF_HIG_URB,S101,2031,1.0
RE1,DEMRESELCREF_HIG_URB,S101,2032,1.0
RE1,DEMRESELCREF_HIG_URB,S101,2033,1.0
RE1,DEMRESELCREF_HIG_URB,S101,2034,1.0
RE1,DEMRESELCREF_HIG_URB,S101,2035,1.0
RE1,DEMRESELCREF_HIG_URB,S101,2036,1.0
RE1,DEMRESELCREF_HIG_URB,S101,2037,1.0
RE1,DEMRESELCREF_HIG_URB,S101,2038,1.0
RE1,DEMRESELCREF_HIG_URB,S101,2039,1.0
RE1,DEMRESELCREF_HIG_URB,S101,2040,1.0
RE1,DEMRESELCREF_HIG_URB,S101,2041,1.0
RE1,DEMRESELCREF_HIG_URB,S101,2042,1.0
RE1,DEMRESELCREF_HIG_URB,S101,2043,1.0
RE1,DEMRESELCREF_HIG_URB,S101,2044,1.0
RE1,DEMRESELCREF_HIG_URB,S101,2045,1.0
RE1,DEMRESELCREF_HIG_URB,S101,2046,1.0
RE1,DEMRESELCREF_HIG_URB,S101,2047,1.0
RE1,DEMRESELCREF_HIG_URB,S101,2048,1.0
RE1,DEMRESELCREF_HIG_URB,S101,2049,1.0
RE1,DEMRESELCREF_HIG_URB,S101,2050,1.0
RE1,DEMRESELCREF_HIG_URB,S101,2051,1.0
RE1,DEMRESELCREF_HIG_URB,S101,2052,1.0
RE1,DEMRESELCREF_HIG_URB,S101,2053,1.0
RE1,DEMRESELCREF_HIG_URB,S101,2054,1.0
RE1,DEMRESELCREF_HIG_URB,S101,2055,1.0
RE1,DEMRESELCREF_HIG_URB,S102,2022,1.0
RE1,DEMRESELCREF_HIG_URB,S102,2023,1.0
RE1,DEMRESELCREF_HIG_URB,S102,2024,1.0
RE1,DEMRESELCREF_HIG_URB,S102,2025,1.0
RE1,DEMRESELCREF_HIG_URB,S102,2026,1.0
RE1,DEMRESELCREF_HIG_URB,S102,2027,1.0
RE1,DEMRESELCREF_HIG_URB,S102,2028,1.0
RE1,DEMRESELCREF_HIG_URB,S102,2029,1.0
RE1,DEMRESELCREF_HIG_URB,S102,2030,1.0
RE1,DEMRESELCREF_HIG_URB,S102,2031,1.0
RE1,DEMRESELCREF_HIG_URB,S102,2032,1.0
RE1,DEMRESELCREF_HIG_URB,S102,2033,1.0
RE1,DEMRESELCREF_HIG_URB,S102,2034,1.0
RE1,DEMRESELCREF_HIG_URB,S102,2035,1.0
RE1,DEMRESELCREF_HIG_URB,S102,2036,1.0
RE1,DEMRESELCREF_HIG_URB,S102,2037,1.0
RE1,DEMRESELCREF_HIG_URB,S102,2038,1.0
RE1,DEMRESELCREF_HIG_URB,S102,2039,1.0
RE1,DEMRESELCREF_HIG_URB,S102,2040,1.0
RE1,DEMRESELCREF_HIG_URB,S102,2041,1.0
RE1,DEMRESELCREF_HIG_URB,S102,2042,1.0
RE1,DEMRESELCREF_HIG_URB,S102,2043,1.0
RE1,DEMRESELCREF_HIG_URB,S102,2044,1.0
RE1,DEMRESELCREF_HIG_URB,S102,2045,1.0
RE1,DEMRESELCREF_HIG_URB,S102,2046,1.0
RE1,DEMRESELCREF_HIG_URB,S102,2047,1.0
RE1,DEMRESELCREF_HIG_URB,S102,2048,1.0
RE1,DEMRESELCREF_HIG_URB,S102,2049,1.0
RE1,DEMRESELCREF_HIG_URB,S102,2050,1.0
RE1,DEMRESELCREF_HIG_URB,S102,2051,1.0
RE1,DEMRESELCREF_HIG_URB,S102,2052,1.0
RE1,DEMRESELCREF_HIG_URB,S102,2053,1.0
RE1,DEMRESELCREF_HIG_URB,S102,2054,1.0
RE1,DEMRESELCREF_HIG_URB,S102,2055,1.0
RE1,DEMRESELCREF_LOW_RUR,S101,2022,1.0
RE1,DEMRESELCREF_LOW_RUR,S101,2023,1.0
RE1,DEMRESELCREF_LOW_RUR,S101,2024,1.0
RE1,DEMRESELCREF_LOW_RUR,S101,2025,1.0
RE1,DEMRESELCREF_LOW_RUR,S101,2026,1.0
RE1,DEMRESELCREF_LOW_RUR,S101,2027,1.0
RE1,DEMRESELCREF_LOW_RUR,S101,2028,1.0
RE1,DEMRESELCREF_LOW_RUR,S101,2029,1.0
RE1,DEMRESELCREF_LOW_RUR,S101,2030,1.0
RE1,DEMRESELCREF_LOW_RUR,S101,2031,1.0
RE1,DEMRESELCREF_LOW_RUR,S101,2032,1.0
RE1,DEMRESELCREF_LOW_RUR,S101,2033,1.0
RE1,DEMRESELCREF_LOW_RUR,S101,2034,1.0
RE1,DEMRESELCREF_LOW_RUR,S101,2035,1.0
RE1,DEMRESELCREF_LOW_RUR,S101,2036,1.0
RE1,DEMRESELCREF_LOW_RUR,S101,2037,1.0
RE1,DEMRESELCREF_LOW_RUR,S101,2038,1.0
RE1,DEMRESELCREF_LOW_RUR,S101,2039,1.0
RE1,DEMRESELCREF_LOW_RUR,S101,2040,1.0
RE1,DEMRESELCREF_LOW_RUR,S101,2041,1.0
RE1,DEMRESELCREF_LOW_RUR,S101,2042,1.0
RE1,DEMRESELCREF_LOW_RUR,S101,2043,1.0
RE1,DEMRESELCREF_LOW_RUR,S101,2044,1.0
RE1,DEMRESELCREF_LOW_RUR,S101,2045,1.0
RE1,DEMRESELCREF_LOW_RUR,S101,2046,1.0
RE1,DEMRESELCREF_LOW_RUR,S101,2047,1.0
RE1,DEMRESELCREF_LOW_RUR,S101,2048,1.0
RE1,DEMRESELCREF_LOW_RUR,S101,2049,1.0
RE1,DEMRESELCREF_LOW_RUR,S101,2050,1.0
RE1,DEMRESELCREF_LOW_RUR,S101,2051,1.0
RE1,DEMRESELCREF_LOW_RUR,S101,2052,1.0
RE1,DEMRESELCREF_LOW_RUR,S101,2053,1.0
RE1,DEMRESELCREF_LOW_RUR,S101,2054,1.0
RE1,DEMRESELCREF_LOW_RUR,S101,2055,1.0
RE1,DEMRESELCREF_LOW_RUR,S102,2022,1.0
RE1,DEMRESELCREF_LOW_RUR,S102,2023,1.0
RE1,DEMRESELCREF_LOW_RUR,S102,2024,1.0
RE1,DEMRESELCREF_LOW_RUR,S102,2025,1.0
RE1,DEMRESELCREF_LOW_RUR,S102,2026,1.0
RE1,DEMRESELCREF_LOW_RUR,S102,2027,1.0
RE1,DEMRESELCREF_LOW_RUR,S102,2028,1.0
RE1,DEMRESELCREF_LOW_RUR,S102,2029,1.0
RE1,DEMRESELCREF_LOW_RUR,S102,2030,1.0
RE1,DEMRESELCREF_LOW_RUR,S102,2031,1.0
RE1,DEMRESELCREF_LOW_RUR,S102,2032,1.0
RE1,DEMRESELCREF_LOW_RUR,S102,2033,1.0
RE1,DEMRESELCREF_LOW_RUR,S102,2034,1.0
RE1,DEMRESELCREF_LOW_RUR,S102,2035,1.0
RE1,DEMRESELCREF_LOW_RUR,S102,2036,1.0
RE1,DEMRESELCREF_LOW_RUR,S102,2037,1.0
RE1,DEMRESELCREF_LOW_RUR,S102,2038,1.0
RE1,DEMRESELCREF_LOW_RUR,S102,2039,1.0
RE1,DEMRESELCREF_LOW_RUR,S102,2040,1.0
RE1,DEMRESELCREF_LOW_RUR,S102,2041,1.0
RE1,DEMRESELCREF_LOW_RUR,S102,2042,1.0
RE1,DEMRESELCREF_LOW_RUR,S102,2043,1.0
RE1,DEMRESELCREF_LOW_RUR,S102,2044,1.0
RE1,DEMRESELCREF_LOW_RUR,S102,2045,1.0
RE1,DEMRESELCREF_LOW_RUR,S102,2046,1.0
RE1,DEMRESELCREF_LOW_RUR,S102,2047,1.0
RE1,DEMRESELCREF_LOW_RUR,S102,2048,1.0
RE1,DEMRESELCREF_LOW_RUR,S102,2049,1.0
RE1,DEMRESELCREF_LOW_RUR,S102,2050,1.0
RE1,DEMRESELCREF_LOW_RUR,S102,2051,1.0
RE1,DEMRESELCREF_LOW_RUR,S102,2052,1.0
RE1,DEMRESELCREF_LOW_RUR,S102,2053,1.0
RE1,DEMRESELCREF_LOW_RUR,S102,2054,1.0
RE1,DEMRESELCREF_LOW_RUR,S102,2055,1.0
RE1,DEMRESELCREF_LOW_URB,S101,2022,1.0
RE1,DEMRESELCREF_LOW_URB,S101,2023,1.0
RE1,DEMRESELCREF_LOW_URB,S101,2024,1.0
RE1,DEMRESELCREF_LOW_URB,S101,2025,1.0
RE1,DEMRESELCREF_LOW_URB,S101,2026,1.0
RE1,DEMRESELCREF_LOW_URB,S101,2027,1.0
RE1,DEMRESELCREF_LOW_URB,S101,2028,1.0
RE1,DEMRESELCREF_LOW_URB,S101,2029,1.0
RE1,DEMRESELCREF_LOW_URB,S101,2030,1.0
RE1,DEMRESELCREF_LOW_URB,S101,2031,1.0
RE1,DEMRESELCREF_LOW_URB,S101,2032,1.0
RE1,DEMRESELCREF_LOW_URB,S101,2033,1.0
RE1,DEMRESELCREF_LOW_URB,S101,2034,1.0
RE1,DEMRESELCREF_LOW_URB,S101,2035,1.0
RE1,DEMRESELCREF_LOW_URB,S101,2036,1.0
RE1,DEMRESELCREF_LOW_URB,S101,2037,1.0
RE1,DEMRESELCREF_LOW_URB,S101,2038,1.0
RE1,DEMRESELCREF_LOW_URB,S101,2039,1.0
RE1,DEMRESELCREF_LOW_URB,S101,2040,1.0
RE1,DEMRESELCREF_LOW_URB,S101,2041,1.0
RE1,DEMRESELCREF_LOW_URB,S101,2042,1.0
RE1,DEMRESELCREF_LOW_URB,S101,2043,1.0
RE1,DEMRESELCREF_LOW_URB,S101,2044,1.0
RE1,DEMRESELCREF_LOW_URB,S101,2045,1.0
RE1,DEMRESELCREF_LOW_URB,S101,2046,1.0
RE1,DEMRESELCREF_LOW_URB,S101,2047,1.0
RE1,DEMRESELCREF_LOW_URB,S101,2048,1.0
RE1,DEMRESELCREF_LOW_URB,S101,2049,1.0
RE1,DEMRESELCREF_LOW_URB,S101,2050,1.0
RE1,DEMRESELCREF_LOW_URB,S101,2051,1.0
RE1,DEMRESELCREF_LOW_URB,S101,2052,1.0
RE1,DEMRESELCREF_LOW_URB,S101,2053,1.0
RE1,DEMRESELCREF_LOW_URB,S101,2054,1.0
RE1,DEMRESELCREF_LOW_URB,S101,2055,1.0
RE1,DEMRESELCREF_LOW_URB,S102,2022,1.0
RE1,DEMRESELCREF_LOW_URB,S102,2023,1.0
RE1,DEMRESELCREF_LOW_URB,S102,2024,1.0
RE1,DEMRESELCREF_LOW_URB,S102,2025,1.0
RE1,DEMRESELCREF_LOW_URB,S102,2026,1.0
RE1,DEMRESELCREF_LOW_URB,S102,2027,1.0
RE1,DEMRESELCREF_LOW_URB,S102,2028,1.0
RE1,DEMRESELCREF_LOW_URB,S102,2029,1.0
RE1,DEMRESELCREF_LOW_URB,S102,2030,1.0
RE1,DEMRESELCREF_LOW_URB,S102,2031,1.0
RE1,DEMRESELCREF_LOW_URB,S102,2032,1.0
RE1,DEMRESELCREF_LOW_URB,S102,2033,1.0
RE1,DEMRESELCREF_LOW_URB,S102,2034,1.0
RE1,DEMRESELCREF_LOW_URB,S102,2035,1.0
RE1,DEMRESELCREF_LOW_URB,S102,2036,1.0
RE1,DEMRESELCREF_LOW_URB,S102,2037,1.0
RE1,DEMRESELCREF_LOW_URB,S102,2038,1.0
RE1,DEMRESELCREF_LOW_URB,S102,2039,1.0
RE1,DEMRESELCREF_LOW_URB,S102,2040,1.0
RE1,DEMRESELCREF_LOW_URB,S102,2041,1.0
RE1,DEMRESELCREF_LOW_URB,S102,2042,1.0
RE1,DEMRESELCREF_LOW_URB,S102,2043,1.0
RE1,DEMRESELCREF_LOW_URB,S102,2044,1.0
RE1,DEMRESELCREF_LOW_URB,S102,2045,1.0
RE1,DEMRESELCREF_LOW_URB,S102,2046,1.0
RE1,DEMRESELCREF_LOW_URB,S102,2047,1.0
RE1,DEMRESELCREF_LOW_URB,S102,2048,1.0
RE1,DEMRESELCREF_LOW_URB,S102,2049,1.0
RE1,DEMRESELCREF_LOW_URB,S102,2050,1.0
RE1,DEMRESELCREF_LOW_URB,S102,2051,1.0
RE1,DEMRESELCREF_LOW_URB,S102,2052,1.0
RE1,DEMRESELCREF_LOW_URB,S102,2053,1.0
RE1,DEMRESELCREF_LOW_URB,S102,2054,1.0
RE1,DEMRESELCREF_LOW_URB,S102,2055,1.0
RE1,DEMRESELCREF_MID_RUR,S101,2022,1.0
RE1,DEMRESELCREF_MID_RUR,S101,2023,1.0
RE1,DEMRESELCREF_MID_RUR,S101,2024,1.0
RE1,DEMRESELCREF_MID_RUR,S101,2025,1.0
RE1,DEMRESELCREF_MID_RUR,S101,2026,1.0
RE1,DEMRESELCREF_MID_RUR,S101,2027,1.0
RE1,DEMRESELCREF_MID_RUR,S101,2028,1.0
RE1,DEMRESELCREF_MID_RUR,S101,2029,1.0
RE1,DEMRESELCREF_MID_RUR,S101,2030,1.0
RE1,DEMRESELCREF_MID_RUR,S101,2031,1.0
RE1,DEMRESELCREF_MID_RUR,S101,2032,1.0
RE1,DEMRESELCREF_MID_RUR,S101,2033,1.0
RE1,DEMRESELCREF_MID_RUR,S101,2034,1.0
RE1,DEMRESELCREF_MID_RUR,S101,2035,1.0
RE1,DEMRESELCREF_MID_RUR,S101,2036,1.0
RE1,DEMRESELCREF_MID_RUR,S101,2037,1.0
RE1,DEMRESELCREF_MID_RUR,S101,2038,1.0
RE1,DEMRESELCREF_MID_RUR,S101,2039,1.0
RE1,DEMRESELCREF_MID_RUR,S101,2040,1.0
RE1,DEMRESELCREF_MID_RUR,S101,2041,1.0
RE1,DEMRESELCREF_MID_RUR,S101,2042,1.0
RE1,DEMRESELCREF_MID_RUR,S101,2043,1.0
RE1,DEMRESELCREF_MID_RUR,S101,2044,1.0
RE1,DEMRESELCREF_MID_RUR,S101,2045,1.0
RE1,DEMRESELCREF_MID_RUR,S101,2046,1.0
RE1,DEMRESELCREF_MID_RUR,S101,2047,1.0
RE1,DEMRESELCREF_MID_RUR,S101,2048,1.0
RE1,DEMRESELCREF_MID_RUR,S101,2049,1.0
RE1,DEMRESELCREF_MID_RUR,S101,2050,1.0
RE1,DEMRESELCREF_MID_RUR,S101,2051,1.0
RE1,DEMRESELCREF_MID_RUR,S101,2052,1.0
RE1,DEMRESELCREF_MID_RUR,S101,2053,1.0
RE1,DEMRESELCREF_MID_RUR,S101,2054,1.0
RE1,DEMRESELCREF_MID_RUR,S101,2055,1.0
RE1,DEMRESELCREF_MID_RUR,S102,2022,1.0
RE1,DEMRESELCREF_MID_RUR,S102,2023,1.0
RE1,DEMRESELCREF_MID_RUR,S102,2024,1.0
RE1,DEMRESELCREF_MID_RUR,S102,2025,1.0
RE1,DEMRESELCREF_MID_RUR,S102,2026,1.0
RE1,DEMRESELCREF_MID_RUR,S102,2027,1.0
RE1,DEMRESELCREF_MID_RUR,S102,2028,1.0
RE1,DEMRESELCREF_MID_RUR,S102,2029,1.0
RE1,DEMRESELCREF_MID_RUR,S102,2030,1.0
RE1,DEMRESELCREF_MID_RUR,S102,2031,1.0
RE1,DEMRESELCREF_MID_RUR,S102,2032,1.0
RE1,DEMRESELCREF_MID_RUR,S102,2033,1.0
RE1,DEMRESELCREF_MID_RUR,S102,2034,1.0
RE1,DEMRESELCREF_MID_RUR,S102,2035,1.0
RE1,DEMRESELCREF_MID_RUR,S102,2036,1.0
RE1,DEMRESELCREF_MID_RUR,S102,2037,1.0
RE1,DEMRESELCREF_MID_RUR,S102,2038,1.0
RE1,DEMRESELCREF_MID_RUR,S102,2039,1.0
RE1,DEMRESELCREF_MID_RUR,S102,2040,1.0
RE1,DEMRESELCREF_MID_RUR,S102,2041,1.0
RE1,DEMRESELCREF_MID_RUR,S102,2042,1.0
RE1,DEMRESELCREF_MID_RUR,S102,2043,1.0
RE1,DEMRESELCREF_MID_RUR,S102,2044,1.0
RE1,DEMRESELCREF_MID_RUR,S102,2045,1.0
RE1,DEMRESELCREF_MID_RUR,S102,2046,1.0
RE1,DEMRESELCREF_MID_RUR,S102,2047,1.0
RE1,DEMRESELCREF_MID_RUR,S102,2048,1.0
RE1,DEMRESELCREF_MID_RUR,S102,2049,1.0
RE1,DEMRESELCREF_MID_RUR,S102,2050,1.0
RE1,DEMRESELCREF_MID_RUR,S102,2051,1.0
RE1,DEMRESELCREF_MID_RUR,S102,2052,1.0
RE1,DEMRESELCREF_MID_RUR,S102,2053,1.0
RE1,DEMRESELCREF_MID_RUR,S102,2054,1.0
RE1,DEMRESELCREF_MID_RUR,S102,2055,1.0
RE1,DEMRESELCREF_MID_URB,S101,2022,1.0
RE1,DEMRESELCREF_MID_URB,S101,2023,1.0
RE1,DEMRESELCREF_MID_URB,S101,2024,1.0
RE1,DEMRESELCREF_MID_URB,S101,2025,1.0
RE1,DEMRESELCREF_MID_URB,S101,2026,1.0
RE1,DEMRESELCREF_MID_URB,S101,2027,1.0
RE1,DEMRESELCREF_MID_URB,S101,2028,1.0
RE1,DEMRESELCREF_MID_URB,S101,2029,1.0
RE1,DEMRESELCREF_MID_URB,S101,2030,1.0
RE1,DEMRESELCREF_MID_URB,S101,2031,1.0
RE1,DEMRESELCREF_MID_URB,S101,2032,1.0
RE1,DEMRESELCREF_MID_URB,S101,2033,1.0
RE1,DEMRESELCREF_MID_URB,S101,2034,1.0
RE1,DEMRESELCREF_MID_URB,S101,2035,1.0
RE1,DEMRESELCREF_MID_URB,S101,2036,1.0
RE1,DEMRESELCREF_MID_URB,S101,2037,1.0
RE1,DEMRESELCREF_MID_URB,S101,2038,1.0
RE1,DEMRESELCREF_MID_URB,S101,2039,1.0
RE1,DEMRESELCREF_MID_URB,S101,2040,1.0
RE1,DEMRESELCREF_MID_URB,S101,2041,1.0
RE1,DEMRESELCREF_MID_URB,S101,2042,1.0
RE1,DEMRESELCREF_MID_URB,S101,2043,1.0
RE1,DEMRESELCREF_MID_URB,S101,2044,1.0
RE1,DEMRESELCREF_MID_URB,S101,2045,1.0
RE1,DEMRESELCREF_MID_URB,S101,2046,1.0
RE1,DEMRESELCREF_MID_URB,S101,2047,1.0
RE1,DEMRESELCREF_MID_URB,S101,2048,1.0
RE1,DEMRESELCREF_MID_URB,S101,2049,1.0
RE1,DEMRESELCREF_MID_URB,S101,2050,1.0
RE1,DEMRESELCREF_MID_URB,S101,2051,1.0
RE1,DEMRESELCREF_MID_URB,S101,2052,1.0
RE1,DEMRESELCREF_MID_URB,S101,2053,1.0
RE1,DEMRESELCREF_MID_URB,S101,2054,1.0
RE1,DEMRESELCREF_MID_URB,S101,2055,1.0
RE1,DEMRESELCREF_MID_URB,S102,2022,1.0
RE1,DEMRESELCREF_MID_URB,S102,2023,1.0
RE1,DEMRESELCREF_MID_URB,S102,2024,1.0
RE1,DEMRESELCREF_MID_URB,S102,2025,1.0
RE1,DEMRESELCREF_MID_URB,S102,2026,1.0
RE1,DEMRESELCREF_MID_URB,S102,2027,1.0
RE1,DEMRESELCREF_MID_URB,S102,2028,1.0
RE1,DEMRESELCREF_MID_URB,S102,2029,1.0
RE1,DEMRESELCREF_MID_URB,S102,2030,1.0
RE1,DEMRESELCREF_MID_URB,S102,2031,1.0
RE1,DEMRESELCREF_MID_URB,S102,2032,1.0
RE1,DEMRESELCREF_MID_URB,S102,2033,1.0
RE1,DEMRESELCREF_MID_URB,S102,2034,1.0
RE1,DEMRESELCREF_MID_URB,S102,2035,1.0
RE1,DEMRESELCREF_MID_URB,S102,2036,1.0
RE1,DEMRESELCREF_MID_URB,S102,2037,1.0
RE1,DEMRESELCREF_MID_URB,S102,2038,1.0
RE1,DEMRESELCREF_MID_URB,S102,2039,1.0
RE1,DEMRESELCREF_MID_URB,S102,2040,1.0
RE1,DEMRESELCREF_MID_URB,S102,2041,1.0
RE1,DEMRESELCREF_MID_URB,S102,2042,1.0
RE1,DEMRESELCREF_MID_URB,S102,2043,1.0
RE1,DEMRESELCREF_MID_URB,S102,2044,1.0
RE1,DEMRESELCREF_MID_URB,S102,2045,1.0
RE1,DEMRESELCREF_MID_URB,S102,2046,1.0
RE1,DEMRESELCREF_MID_URB,S102,2047,1.0
RE1,DEMRESELCREF_MID_URB,S102,2048,1.0
RE1,DEMRESELCREF_MID_URB,S102,2049,1.0
RE1,DEMRESELCREF_MID_URB,S102,2050,1.0
RE1,DEMRESELCREF_MID_URB,S102,2051,1.0
RE1,DEMRESELCREF_MID_URB,S102,2052,1.0
RE1,DEMRESELCREF_MID_URB,S102,2053,1.0
RE1,DEMRESELCREF_MID_URB,S102,2054,1.0
RE1,DEMRESELCREF_MID_URB,S102,2055,1.0
RE1,DEMRESELCTV_CRT_RUR,S101,2022,1.0
RE1,DEMRESELCTV_CRT_RUR,S101,2023,1.0
RE1,DEMRESELCTV_CRT_RUR,S101,2024,1.0
RE1,DEMRESELCTV_CRT_RUR,S101,2025,1.0
RE1,DEMRESELCTV_CRT_RUR,S101,2026,1.0
RE1,DEMRESELCTV_CRT_RUR,S101,2027,1.0
RE1,DEMRESELCTV_CRT_RUR,S101,2028,1.0
RE1,DEMRESELCTV_CRT_RUR,S101,2029,1.0
RE1,DEMRESELCTV_CRT_RUR,S101,2030,1.0
RE1,DEMRESELCTV_CRT_RUR,S101,2031,1.0
RE1,DEMRESELCTV_CRT_RUR,S101,2032,1.0
RE1,DEMRESELCTV_CRT_RUR,S101,2033,1.0
RE1,DEMRESELCTV_CRT_RUR,S101,2034,1.0
RE1,DEMRESELCTV_CRT_RUR,S101,2035,1.0
RE1,DEMRESELCTV_CRT_RUR,S101,2036,1.0
RE1,DEMRESELCTV_CRT_RUR,S101,2037,1.0
RE1,DEMRESELCTV_CRT_RUR,S101,2038,1.0
RE1,DEMRESELCTV_CRT_RUR,S101,2039,1.0
RE1,DEMRESELCTV_CRT_RUR,S101,2040,1.0
RE1,DEMRESELCTV_CRT_RUR,S101,2041,1.0
RE1,DEMRESELCTV_CRT_RUR,S101,2042,1.0
RE1,DEMRESELCTV_CRT_RUR,S101,2043,1.0
RE1,DEMRESELCTV_CRT_RUR,S101,2044,1.0
RE1,DEMRESELCTV_CRT_RUR,S101,2045,1.0
RE1,DEMRESELCTV_CRT_RUR,S101,2046,1.0
RE1,DEMRESELCTV_CRT_RUR,S101,2047,1.0
RE1,DEMRESELCTV_CRT_RUR,S101,2048,1.0
RE1,DEMRESELCTV_CRT_RUR,S101,2049,1.0
RE1,DEMRESELCTV_CRT_RUR,S101,2050,1.0
RE1,DEMRESELCTV_CRT_RUR,S101,2051,1.0
RE1,DEMRESELCTV_CRT_RUR,S101,2052,1.0
RE1,DEMRESELCTV_CRT_RUR,S101,2053,1.0
RE1,DEMRESELCTV_CRT_RUR,S101,2054,1.0
RE1,DEMRESELCTV_CRT_RUR,S101,2055,1.0
RE1,DEMRESELCTV_CRT_RUR,S102,2022,1.0
RE1,DEMRESELCTV_CRT_RUR,S102,2023,1.0
RE1,DEMRESELCTV_CRT_RUR,S102,2024,1.0
RE1,DEMRESELCTV_CRT_RUR,S102,2025,1.0
RE1,DEMRESELCTV_CRT_RUR,S102,2026,1.0
RE1,DEMRESELCTV_CRT_RUR,S102,2027,1.0
RE1,DEMRESELCTV_CRT_RUR,S102,2028,1.0
RE1,DEMRESELCTV_CRT_RUR,S102,2029,1.0
RE1,DEMRESELCTV_CRT_RUR,S102,2030,1.0
RE1,DEMRESELCTV_CRT_RUR,S102,2031,1.0
RE1,DEMRESELCTV_CRT_RUR,S102,2032,1.0
RE1,DEMRESELCTV_CRT_RUR,S102,2033,1.0
RE1,DEMRESELCTV_CRT_RUR,S102,2034,1.0
RE1,DEMRESELCTV_CRT_RUR,S102,2035,1.0
RE1,DEMRESELCTV_CRT_RUR,S102,2036,1.0
RE1,DEMRESELCTV_CRT_RUR,S102,2037,1.0
RE1,DEMRESELCTV_CRT_RUR,S102,2038,1.0
RE1,DEMRESELCTV_CRT_RUR,S102,2039,1.0
RE1,DEMRESELCTV_CRT_RUR,S102,2040,1.0
RE1,DEMRESELCTV_CRT_RUR,S102,2041,1.0
RE1,DEMRESELCTV_CRT_RUR,S102,2042,1.0
RE1,DEMRESELCTV_CRT_RUR,S102,2043,1.0
RE1,DEMRESELCTV_CRT_RUR,S102,2044,1.0
RE1,DEMRESELCTV_CRT_RUR,S102,2045,1.0
RE1,DEMRESELCTV_CRT_RUR,S102,2046,1.0
RE1,DEMRESELCTV_CRT_RUR,S102,2047,1.0
RE1,DEMRESELCTV_CRT_RUR,S102,2048,1.0
RE1,DEMRESELCTV_CRT_RUR,S102,2049,1.0
RE1,DEMRESELCTV_CRT_RUR,S102,2050,1.0
RE1,DEMRESELCTV_CRT_RUR,S102,2051,1.0
RE1,DEMRESELCTV_CRT_RUR,S102,2052,1.0
RE1,DEMRESELCTV_CRT_RUR,S102,2053,1.0
RE1,DEMRESELCTV_CRT_RUR,S102,2054,1.0
RE1,DEMRESELCTV_CRT_RUR,S102,2055,1.0
RE1,DEMRESELCTV_CRT_URB,S101,2022,1.0
RE1,DEMRESELCTV_CRT_URB,S101,2023,1.0
RE1,DEMRESELCTV_CRT_URB,S101,2024,1.0
RE1,DEMRESELCTV_CRT_URB,S101,2025,1.0
RE1,DEMRESELCTV_CRT_URB,S101,2026,1.0
RE1,DEMRESELCTV_CRT_URB,S101,2027,1.0
RE1,DEMRESELCTV_CRT_URB,S101,2028,1.0
RE1,DEMRESELCTV_CRT_URB,S101,2029,1.0
RE1,DEMRESELCTV_CRT_URB,S101,2030,1.0
RE1,DEMRESELCTV_CRT_URB,S101,2031,1.0
RE1,DEMRESELCTV_CRT_URB,S101,2032,1.0
RE1,DEMRESELCTV_CRT_URB,S101,2033,1.0
RE1,DEMRESELCTV_CRT_URB,S101,2034,1.0
RE1,DEMRESELCTV_CRT_URB,S101,2035,1.0
RE1,DEMRESELCTV_CRT_URB,S101,2036,1.0
RE1,DEMRESELCTV_CRT_URB,S101,2037,1.0
RE1,DEMRESELCTV_CRT_URB,S101,2038,1.0
RE1,DEMRESELCTV_CRT_URB,S101,2039,1.0
RE1,DEMRESELCTV_CRT_URB,S101,2040,1.0
RE1,DEMRESELCTV_CRT_URB,S101,2041,1.0
RE1,DEMRESELCTV_CRT_URB,S101,2042,1.0
RE1,DEMRESELCTV_CRT_URB,S101,2043,1.0
RE1,DEMRESELCTV_CRT_URB,S101,2044,1.0
RE1,DEMRESELCTV_CRT_URB,S101,2045,1.0
RE1,DEMRESELCTV_CRT_URB,S101,2046,1.0
RE1,DEMRESELCTV_CRT_URB,S101,2047,1.0
RE1,DEMRESELCTV_CRT_URB,S101,2048,1.0
RE1,DEMRESELCTV_CRT_URB,S101,2049,1.0
RE1,DEMRESELCTV_CRT_URB,S101,2050,1.0
RE1,DEMRESELCTV_CRT_URB,S101,2051,1.0
RE1,DEMRESELCTV_CRT_URB,S101,2052,1.0
RE1,DEMRESELCTV_CRT_URB,S101,2053,1.0
RE1,DEMRESELCTV_CRT_URB,S101,2054,1.0
RE1,DEMRESELCTV_CRT_URB,S101,2055,1.0
RE1,DEMRESELCTV_CRT_URB,S102,2022,1.0
RE1,DEMRESELCTV_CRT_URB,S102,2023,1.0
RE1,DEMRESELCTV_CRT_URB,S102,2024,1.0
RE1,DEMRESELCTV_CRT_URB,S102,2025,1.0
RE1,DEMRESELCTV_CRT_URB,S102,2026,1.0
RE1,DEMRESELCTV_CRT_URB,S102,2027,1.0
RE1,DEMRESELCTV_CRT_URB,S102,2028,1.0
RE1,DEMRESELCTV_CRT_URB,S102,2029,1.0
RE1,DEMRESELCTV_CRT_URB,S102,2030,1.0
RE1,DEMRESELCTV_CRT_URB,S102,2031,1.0
RE1,DEMRESELCTV_CRT_URB,S102,2032,1.0
RE1,DEMRESELCTV_CRT_URB,S102,2033,1.0
RE1,DEMRESELCTV_CRT_URB,S102,2034,1.0
RE1,DEMRESELCTV_CRT_URB,S102,2035,1.0
RE1,DEMRESELCTV_CRT_URB,S102,2036,1.0
RE1,DEMRESELCTV_CRT_URB,S102,2037,1.0
RE1,DEMRESELCTV_CRT_URB,S102,2038,1.0
RE1,DEMRESELCTV_CRT_URB,S102,2039,1.0
RE1,DEMRESELCTV_CRT_URB,S102,2040,1.0
RE1,DEMRESELCTV_CRT_URB,S102,2041,1.0
RE1,DEMRESELCTV_CRT_URB,S102,2042,1.0
RE1,DEMRESELCTV_CRT_URB,S102,2043,1.0
RE1,DEMRESELCTV_CRT_URB,S102,2044,1.0
RE1,DEMRESELCTV_CRT_URB,S102,2045,1.0
RE1,DEMRESELCTV_CRT_URB,S102,2046,1.0
RE1,DEMRESELCTV_CRT_URB,S102,2047,1.0
RE1,DEMRESELCTV_CRT_URB,S102,2048,1.0
RE1,DEMRESELCTV_CRT_URB,S102,2049,1.0
RE1,DEMRESELCTV_CRT_URB,S102,2050,1.0
RE1,DEMRESELCTV_CRT_URB,S102,2051,1.0
RE1,DEMRESELCTV_CRT_URB,S102,2052,1.0
RE1,DEMRESELCTV_CRT_URB,S102,2053,1.0
RE1,DEMRESELCTV_CRT_URB,S102,2054,1.0
RE1,DEMRESELCTV_CRT_URB,S102,2055,1.0
RE1,DEMRESELCTV_HIG_RUR,S101,2022,1.0
RE1,DEMRESELCTV_HIG_RUR,S101,2023,1.0
RE1,DEMRESELCTV_HIG_RUR,S101,2024,1.0
RE1,DEMRESELCTV_HIG_RUR,S101,2025,1.0
RE1,DEMRESELCTV_HIG_RUR,S101,2026,1.0
RE1,DEMRESELCTV_HIG_RUR,S101,2027,1.0
RE1,DEMRESELCTV_HIG_RUR,S101,2028,1.0
RE1,DEMRESELCTV_HIG_RUR,S101,2029,1.0
RE1,DEMRESELCTV_HIG_RUR,S101,2030,1.0
RE1,DEMRESELCTV_HIG_RUR,S101,2031,1.0
RE1,DEMRESELCTV_HIG_RUR,S101,2032,1.0
RE1,DEMRESELCTV_HIG_RUR,S101,2033,1.0
RE1,DEMRESELCTV_HIG_RUR,S101,2034,1.0
RE1,DEMRESELCTV_HIG_RUR,S101,2035,1.0
RE1,DEMRESELCTV_HIG_RUR,S101,2036,1.0
RE1,DEMRESELCTV_HIG_RUR,S101,2037,1.0
RE1,DEMRESELCTV_HIG_RUR,S101,2038,1.0
RE1,DEMRESELCTV_HIG_RUR,S101,2039,1.0
RE1,DEMRESELCTV_HIG_RUR,S101,2040,1.0
RE1,DEMRESELCTV_HIG_RUR,S101,2041,1.0
RE1,DEMRESELCTV_HIG_RUR,S101,2042,1.0
RE1,DEMRESELCTV_HIG_RUR,S101,2043,1.0
RE1,DEMRESELCTV_HIG_RUR,S101,2044,1.0
RE1,DEMRESELCTV_HIG_RUR,S101,2045,1.0
RE1,DEMRESELCTV_HIG_RUR,S101,2046,1.0
RE1,DEMRESELCTV_HIG_RUR,S101,2047,1.0
RE1,DEMRESELCTV_HIG_RUR,S101,2048,1.0
RE1,DEMRESELCTV_HIG_RUR,S101,2049,1.0
RE1,DEMRESELCTV_HIG_RUR,S101,2050,1.0
RE1,DEMRESELCTV_HIG_RUR,S101,2051,1.0
RE1,DEMRESELCTV_HIG_RUR,S101,2052,1.0
RE1,DEMRESELCTV_HIG_RUR,S101,2053,1.0
RE1,DEMRESELCTV_HIG_RUR,S101,2054,1.0
RE1,DEMRESELCTV_HIG_RUR,S101,2055,1.0
RE1,DEMRESELCTV_HIG_RUR,S102,2022,1.0
RE1,DEMRESELCTV_HIG_RUR,S102,2023,1.0
RE1,DEMRESELCTV_HIG_RUR,S102,2024,1.0
RE1,DEMRESELCTV_HIG_RUR,S102,2025,1.0
RE1,DEMRESELCTV_HIG_RUR,S102,2026,1.0
RE1,DEMRESELCTV_HIG_RUR,S102,2027,1.0
RE1,DEMRESELCTV_HIG_RUR,S102,2028,1.0
RE1,DEMRESELCTV_HIG_RUR,S102,2029,1.0
RE1,DEMRESELCTV_HIG_RUR,S102,2030,1.0
RE1,DEMRESELCTV_HIG_RUR,S102,2031,1.0
RE1,DEMRESELCTV_HIG_RUR,S102,2032,1.0
RE1,DEMRESELCTV_HIG_RUR,S102,2033,1.0
RE1,DEMRESELCTV_HIG_RUR,S102,2034,1.0
RE1,DEMRESELCTV_HIG_RUR,S102,2035,1.0
RE1,DEMRESELCTV_HIG_RUR,S102,2036,1.0
RE1,DEMRESELCTV_HIG_RUR,S102,2037,1.0
RE1,DEMRESELCTV_HIG_RUR,S102,2038,1.0
RE1,DEMRESELCTV_HIG_RUR,S102,2039,1.0
RE1,DEMRESELCTV_HIG_RUR,S102,2040,1.0
RE1,DEMRESELCTV_HIG_RUR,S102,2041,1.0
RE1,DEMRESELCTV_HIG_RUR,S102,2042,1.0
RE1,DEMRESELCTV_HIG_RUR,S102,2043,1.0
RE1,DEMRESELCTV_HIG_RUR,S102,2044,1.0
RE1,DEMRESELCTV_HIG_RUR,S102,2045,1.0
RE1,DEMRESELCTV_HIG_RUR,S102,2046,1.0
RE1,DEMRESELCTV_HIG_RUR,S102,2047,1.0
RE1,DEMRESELCTV_HIG_RUR,S102,2048,1.0
RE1,DEMRESELCTV_HIG_RUR,S102,2049,1.0
RE1,DEMRESELCTV_HIG_RUR,S102,2050,1.0
RE1,DEMRESELCTV_HIG_RUR,S102,2051,1.0
RE1,DEMRESELCTV_HIG_RUR,S102,2052,1.0
RE1,DEMRESELCTV_HIG_RUR,S102,2053,1.0
RE1,DEMRESELCTV_HIG_RUR,S102,2054,1.0
RE1,DEMRESELCTV_HIG_RUR,S102,2055,1.0
RE1,DEMRESELCTV_HIG_URB,S101,2022,1.0
RE1,DEMRESELCTV_HIG_URB,S101,2023,1.0
RE1,DEMRESELCTV_HIG_URB,S101,2024,1.0
RE1,DEMRESELCTV_HIG_URB,S101,2025,1.0
RE1,DEMRESELCTV_HIG_URB,S101,2026,1.0
RE1,DEMRESELCTV_HIG_URB,S101,2027,1.0
RE1,DEMRESELCTV_HIG_URB,S101,2028,1.0
RE1,DEMRESELCTV_HIG_URB,S101,2029,1.0
RE1,DEMRESELCTV_HIG_URB,S101,2030,1.0
RE1,DEMRESELCTV_HIG_URB,S101,2031,1.0
RE1,DEMRESELCTV_HIG_URB,S101,2032,1.0
RE1,DEMRESELCTV_HIG_URB,S101,2033,1.0
RE1,DEMRESELCTV_HIG_URB,S101,2034,1.0
RE1,DEMRESELCTV_HIG_URB,S101,2035,1.0
RE1,DEMRESELCTV_HIG_URB,S101,2036,1.0
RE1,DEMRESELCTV_HIG_URB,S101,2037,1.0
RE1,DEMRESELCTV_HIG_URB,S101,2038,1.0
RE1,DEMRESELCTV_HIG_URB,S101,2039,1.0
RE1,DEMRESELCTV_HIG_URB,S101,2040,1.0
RE1,DEMRESELCTV_HIG_URB,S101,2041,1.0
RE1,DEMRESELCTV_HIG_URB,S101,2042,1.0
RE1,DEMRESELCTV_HIG_URB,S101,2043,1.0
RE1,DEMRESELCTV_HIG_URB,S101,2044,1.0
RE1,DEMRESELCTV_HIG_URB,S101,2045,1.0
RE1,DEMRESELCTV_HIG_URB,S101,2046,1.0
RE1,DEMRESELCTV_HIG_URB,S101,2047,1.0
RE1,DEMRESELCTV_HIG_URB,S101,2048,1.0
RE1,DEMRESELCTV_HIG_URB,S101,2049,1.0
RE1,DEMRESELCTV_HIG_URB,S101,2050,1.0
RE1,DEMRESELCTV_HIG_URB,S101,2051,1.0
RE1,DEMRESELCTV_HIG_URB,S101,2052,1.0
RE1,DEMRESELCTV_HIG_URB,S101,2053,1.0
RE1,DEMRESELCTV_HIG_URB,S101,2054,1.0
RE1,DEMRESELCTV_HIG_URB,S101,2055,1.0
RE1,DEMRESELCTV_HIG_URB,S102,2022,1.0
RE1,DEMRESELCTV_HIG_URB,S102,2023,1.0
RE1,DEMRESELCTV_HIG_URB,S102,2024,1.0
RE1,DEMRESELCTV_HIG_URB,S102,2025,1.0
RE1,DEMRESELCTV_HIG_URB,S102,2026,1.0
RE1,DEMRESELCTV_HIG_URB,S102,2027,1.0
RE1,DEMRESELCTV_HIG_URB,S102,2028,1.0
RE1,DEMRESELCTV_HIG_URB,S102,2029,1.0
RE1,DEMRESELCTV_HIG_URB,S102,2030,1.0
RE1,DEMRESELCTV_HIG_URB,S102,2031,1.0
RE1,DEMRESELCTV_HIG_URB,S102,2032,1.0
RE1,DEMRESELCTV_HIG_URB,S102,2033,1.0
RE1,DEMRESELCTV_HIG_URB,S102,2034,1.0
RE1,DEMRESELCTV_HIG_URB,S102,2035,1.0
RE1,DEMRESELCTV_HIG_URB,S102,2036,1.0
RE1,DEMRESELCTV_HIG_URB,S102,2037,1.0
RE1,DEMRESELCTV_HIG_URB,S102,2038,1.0
RE1,DEMRESELCTV_HIG_URB,S102,2039,1.0
RE1,DEMRESELCTV_HIG_URB,S102,2040,1.0
RE1,DEMRESELCTV_HIG_URB,S102,2041,1.0
RE1,DEMRESELCTV_HIG_URB,S102,2042,1.0
RE1,DEMRESELCTV_HIG_URB,S102,2043,1.0
RE1,DEMRESELCTV_HIG_URB,S102,2044,1.0
RE1,DEMRESELCTV_HIG_URB,S102,2045,1.0
RE1,DEMRESELCTV_HIG_URB,S102,2046,1.0
RE1,DEMRESELCTV_HIG_URB,S102,2047,1.0
RE1,DEMRESELCTV_HIG_URB,S102,2048,1.0
RE1,DEMRESELCTV_HIG_URB,S102,2049,1.0
RE1,DEMRESELCTV_HIG_URB,S102,2050,1.0
RE1,DEMRESELCTV_HIG_URB,S102,2051,1.0
RE1,DEMRESELCTV_HIG_URB,S102,2052,1.0
RE1,DEMRESELCTV_HIG_URB,S102,2053,1.0
RE1,DEMRESELCTV_HIG_URB,S102,2054,1.0
RE1,DEMRESELCTV_HIG_URB,S102,2055,1.0
RE1,DEMRESELCTV_LOW_RUR,S101,2022,1.0
RE1,DEMRESELCTV_LOW_RUR,S101,2023,1.0
RE1,DEMRESELCTV_LOW_RUR,S101,2024,1.0
RE1,DEMRESELCTV_LOW_RUR,S101,2025,1.0
RE1,DEMRESELCTV_LOW_RUR,S101,2026,1.0
RE1,DEMRESELCTV_LOW_RUR,S101,2027,1.0
RE1,DEMRESELCTV_LOW_RUR,S101,2028,1.0
RE1,DEMRESELCTV_LOW_RUR,S101,2029,1.0
RE1,DEMRESELCTV_LOW_RUR,S101,2030,1.0
RE1,DEMRESELCTV_LOW_RUR,S101,2031,1.0
RE1,DEMRESELCTV_LOW_RUR,S101,2032,1.0
RE1,DEMRESELCTV_LOW_RUR,S101,2033,1.0
RE1,DEMRESELCTV_LOW_RUR,S101,2034,1.0
RE1,DEMRESELCTV_LOW_RUR,S101,2035,1.0
RE1,DEMRESELCTV_LOW_RUR,S101,2036,1.0
RE1,DEMRESELCTV_LOW_RUR,S101,2037,1.0
RE1,DEMRESELCTV_LOW_RUR,S101,2038,1.0
RE1,DEMRESELCTV_LOW_RUR,S101,2039,1.0
RE1,DEMRESELCTV_LOW_RUR,S101,2040,1.0
RE1,DEMRESELCTV_LOW_RUR,S101,2041,1.0
RE1,DEMRESELCTV_LOW_RUR,S101,2042,1.0
RE1,DEMRESELCTV_LOW_RUR,S101,2043,1.0
RE1,DEMRESELCTV_LOW_RUR,S101,2044,1.0
RE1,DEMRESELCTV_LOW_RUR,S101,2045,1.0
RE1,DEMRESELCTV_LOW_RUR,S101,2046,1.0
RE1,DEMRESELCTV_LOW_RUR,S101,2047,1.0
RE1,DEMRESELCTV_LOW_RUR,S101,2048,1.0
RE1,DEMRESELCTV_LOW_RUR,S101,2049,1.0
RE1,DEMRESELCTV_LOW_RUR,S101,2050,1.0
RE1,DEMRESELCTV_LOW_RUR,S101,2051,1.0
RE1,DEMRESELCTV_LOW_RUR,S101,2052,1.0
RE1,DEMRESELCTV_LOW_RUR,S101,2053,1.0
RE1,DEMRESELCTV_LOW_RUR,S101,2054,1.0
RE1,DEMRESELCTV_LOW_RUR,S101,2055,1.0
RE1,DEMRESELCTV_LOW_RUR,S102,2022,1.0
RE1,DEMRESELCTV_LOW_RUR,S102,2023,1.0
RE1,DEMRESELCTV_LOW_RUR,S102,2024,1.0
RE1,DEMRESELCTV_LOW_RUR,S102,2025,1.0
RE1,DEMRESELCTV_LOW_RUR,S102,2026,1.0
RE1,DEMRESELCTV_LOW_RUR,S102,2027,1.0
RE1,DEMRESELCTV_LOW_RUR,S102,2028,1.0
RE1,DEMRESELCTV_LOW_RUR,S102,2029,1.0
RE1,DEMRESELCTV_LOW_RUR,S102,2030,1.0
RE1,DEMRESELCTV_LOW_RUR,S102,2031,1.0
RE1,DEMRESELCTV_LOW_RUR,S102,2032,1.0
RE1,DEMRESELCTV_LOW_RUR,S102,2033,1.0
RE1,DEMRESELCTV_LOW_RUR,S102,2034,1.0
RE1,DEMRESELCTV_LOW_RUR,S102,2035,1.0
RE1,DEMRESELCTV_LOW_RUR,S102,2036,1.0
RE1,DEMRESELCTV_LOW_RUR,S102,2037,1.0
RE1,DEMRESELCTV_LOW_RUR,S102,2038,1.0
RE1,DEMRESELCTV_LOW_RUR,S102,2039,1.0
RE1,DEMRESELCTV_LOW_RUR,S102,2040,1.0
RE1,DEMRESELCTV_LOW_RUR,S102,2041,1.0
RE1,DEMRESELCTV_LOW_RUR,S102,2042,1.0
RE1,DEMRESELCTV_LOW_RUR,S102,2043,1.0
RE1,DEMRESELCTV_LOW_RUR,S102,2044,1.0
RE1,DEMRESELCTV_LOW_RUR,S102,2045,1.0
RE1,DEMRESELCTV_LOW_RUR,S102,2046,1.0
RE1,DEMRESELCTV_LOW_RUR,S102,2047,1.0
RE1,DEMRESELCTV_LOW_RUR,S102,2048,1.0
RE1,DEMRESELCTV_LOW_RUR,S102,2049,1.0
RE1,DEMRESELCTV_LOW_RUR,S102,2050,1.0
RE1,DEMRESELCTV_LOW_RUR,S102,2051,1.0
RE1,DEMRESELCTV_LOW_RUR,S102,2052,1.0
RE1,DEMRESELCTV_LOW_RUR,S102,2053,1.0
RE1,DEMRESELCTV_LOW_RUR,S102,2054,1.0
RE1,DEMRESELCTV_LOW_RUR,S102,2055,1.0
RE1,DEMRESELCTV_LOW_URB,S101,2022,1.0
RE1,DEMRESELCTV_LOW_URB,S101,2023,1.0
RE1,DEMRESELCTV_LOW_URB,S101,2024,1.0
RE1,DEMRESELCTV_LOW_URB,S101,2025,1.0
RE1,DEMRESELCTV_LOW_URB,S101,2026,1.0
RE1,DEMRESELCTV_LOW_URB,S101,2027,1.0
RE1,DEMRESELCTV_LOW_URB,S101,2028,1.0
RE1,DEMRESELCTV_LOW_URB,S101,2029,1.0
RE1,DEMRESELCTV_LOW_URB,S101,2030,1.0
RE1,DEMRESELCTV_LOW_URB,S101,2031,1.0
RE1,DEMRESELCTV_LOW_URB,S101,2032,1.0
RE1,DEMRESELCTV_LOW_URB,S101,2033,1.0
RE1,DEMRESELCTV_LOW_URB,S101,2034,1.0
RE1,DEMRESELCTV_LOW_URB,S101,2035,1.0
RE1,DEMRESELCTV_LOW_URB,S101,2036,1.0
RE1,DEMRESELCTV_LOW_URB,S101,2037,1.0
RE1,DEMRESELCTV_LOW_URB,S101,2038,1.0
RE1,DEMRESELCTV_LOW_URB,S101,2039,1.0
RE1,DEMRESELCTV_LOW_URB,S101,2040,1.0
RE1,DEMRESELCTV_LOW_URB,S101,2041,1.0
RE1,DEMRESELCTV_LOW_URB,S101,2042,1.0
RE1,DEMRESELCTV_LOW_URB,S101,2043,1.0
RE1,DEMRESELCTV_LOW_URB,S101,2044,1.0
RE1,DEMRESELCTV_LOW_URB,S101,2045,1.0
RE1,DEMRESELCTV_LOW_URB,S101,2046,1.0
RE1,DEMRESELCTV_LOW_URB,S101,2047,1.0
RE1,DEMRESELCTV_LOW_URB,S101,2048,1.0
RE1,DEMRESELCTV_LOW_URB,S101,2049,1.0
RE1,DEMRESELCTV_LOW_URB,S101,2050,1.0
RE1,DEMRESELCTV_LOW_URB,S101,2051,1.0
RE1,DEMRESELCTV_LOW_URB,S101,2052,1.0
RE1,DEMRESELCTV_LOW_URB,S101,2053,1.0
RE1,DEMRESELCTV_LOW_URB,S101,2054,1.0
RE1,DEMRESELCTV_LOW_URB,S101,2055,1.0
RE1,DEMRESELCTV_LOW_URB,S102,2022,1.0
RE1,DEMRESELCTV_LOW_URB,S102,2023,1.0
RE1,DEMRESELCTV_LOW_URB,S102,2024,1.0
RE1,DEMRESELCTV_LOW_URB,S102,2025,1.0
RE1,DEMRESELCTV_LOW_URB,S102,2026,1.0
RE1,DEMRESELCTV_LOW_URB,S102,2027,1.0
RE1,DEMRESELCTV_LOW_URB,S102,2028,1.0
RE1,DEMRESELCTV_LOW_URB,S102,2029,1.0
RE1,DEMRESELCTV_LOW_URB,S102,2030,1.0
RE1,DEMRESELCTV_LOW_URB,S102,2031,1.0
RE1,DEMRESELCTV_LOW_URB,S102,2032,1.0
RE1,DEMRESELCTV_LOW_URB,S102,2033,1.0
RE1,DEMRESELCTV_LOW_URB,S102,2034,1.0
RE1,DEMRESELCTV_LOW_URB,S102,2035,1.0
RE1,DEMRESELCTV_LOW_URB,S102,2036,1.0
RE1,DEMRESELCTV_LOW_URB,S102,2037,1.0
RE1,DEMRESELCTV_LOW_URB,S102,2038,1.0
RE1,DEMRESELCTV_LOW_URB,S102,2039,1.0
RE1,DEMRESELCTV_LOW_URB,S102,2040,1.0
RE1,DEMRESELCTV_LOW_URB,S102,2041,1.0
RE1,DEMRESELCTV_LOW_URB,S102,2042,1.0
RE1,DEMRESELCTV_LOW_URB,S102,2043,1.0
RE1,DEMRESELCTV_LOW_URB,S102,2044,1.0
RE1,DEMRESELCTV_LOW_URB,S102,2045,1.0
RE1,DEMRESELCTV_LOW_URB,S102,2046,1.0
RE1,DEMRESELCTV_LOW_URB,S102,2047,1.0
RE1,DEMRESELCTV_LOW_URB,S102,2048,1.0
RE1,DEMRESELCTV_LOW_URB,S102,2049,1.0
RE1,DEMRESELCTV_LOW_URB,S102,2050,1.0
RE1,DEMRESELCTV_LOW_URB,S102,2051,1.0
RE1,DEMRESELCTV_LOW_URB,S102,2052,1.0
RE1,DEMRESELCTV_LOW_URB,S102,2053,1.0
RE1,DEMRESELCTV_LOW_URB,S102,2054,1.0
RE1,DEMRESELCTV_LOW_URB,S102,2055,1.0
RE1,DEMRESELCTV_MID_RUR,S101,2022,1.0
RE1,DEMRESELCTV_MID_RUR,S101,2023,1.0
RE1,DEMRESELCTV_MID_RUR,S101,2024,1.0
RE1,DEMRESELCTV_MID_RUR,S101,2025,1.0
RE1,DEMRESELCTV_MID_RUR,S101,2026,1.0
RE1,DEMRESELCTV_MID_RUR,S101,2027,1.0
RE1,DEMRESELCTV_MID_RUR,S101,2028,1.0
RE1,DEMRESELCTV_MID_RUR,S101,2029,1.0
RE1,DEMRESELCTV_MID_RUR,S101,2030,1.0
RE1,DEMRESELCTV_MID_RUR,S101,2031,1.0
RE1,DEMRESELCTV_MID_RUR,S101,2032,1.0
RE1,DEMRESELCTV_MID_RUR,S101,2033,1.0
RE1,DEMRESELCTV_MID_RUR,S101,2034,1.0
RE1,DEMRESELCTV_MID_RUR,S101,2035,1.0
RE1,DEMRESELCTV_MID_RUR,S101,2036,1.0
RE1,DEMRESELCTV_MID_RUR,S101,2037,1.0
RE1,DEMRESELCTV_MID_RUR,S101,2038,1.0
RE1,DEMRESELCTV_MID_RUR,S101,2039,1.0
RE1,DEMRESELCTV_MID_RUR,S101,2040,1.0
RE1,DEMRESELCTV_MID_RUR,S101,2041,1.0
RE1,DEMRESELCTV_MID_RUR,S101,2042,1.0
RE1,DEMRESELCTV_MID_RUR,S101,2043,1.0
RE1,DEMRESELCTV_MID_RUR,S101,2044,1.0
RE1,DEMRESELCTV_MID_RUR,S101,2045,1.0
RE1,DEMRESELCTV_MID_RUR,S101,2046,1.0
RE1,DEMRESELCTV_MID_RUR,S101,2047,1.0
RE1,DEMRESELCTV_MID_RUR,S101,2048,1.0
RE1,DEMRESELCTV_MID_RUR,S101,2049,1.0
RE1,DEMRESELCTV_MID_RUR,S101,2050,1.0
RE1,DEMRESELCTV_MID_RUR,S101,2051,1.0
RE1,DEMRESELCTV_MID_RUR,S101,2052,1.0
RE1,DEMRESELCTV_MID_RUR,S101,2053,1.0
RE1,DEMRESELCTV_MID_RUR,S101,2054,1.0
RE1,DEMRESELCTV_MID_RUR,S101,2055,1.0
RE1,DEMRESELCTV_MID_RUR,S102,2022,1.0
RE1,DEMRESELCTV_MID_RUR,S102,2023,1.0
RE1,DEMRESELCTV_MID_RUR,S102,2024,1.0
RE1,DEMRESELCTV_MID_RUR,S102,2025,1.0
RE1,DEMRESELCTV_MID_RUR,S102,2026,1.0
RE1,DEMRESELCTV_MID_RUR,S102,2027,1.0
RE1,DEMRESELCTV_MID_RUR,S102,2028,1.0
RE1,DEMRESELCTV_MID_RUR,S102,2029,1.0
RE1,DEMRESELCTV_MID_RUR,S102,2030,1.0
RE1,DEMRESELCTV_MID_RUR,S102,2031,1.0
RE1,DEMRESELCTV_MID_RUR,S102,2032,1.0
RE1,DEMRESELCTV_MID_RUR,S102,2033,1.0
RE1,DEMRESELCTV_MID_RUR,S102,2034,1.0
RE1,DEMRESELCTV_MID_RUR,S102,2035,1.0
RE1,DEMRESELCTV_MID_RUR,S102,2036,1.0
RE1,DEMRESELCTV_MID_RUR,S102,2037,1.0
RE1,DEMRESELCTV_MID_RUR,S102,2038,1.0
RE1,DEMRESELCTV_MID_RUR,S102,2039,1.0
RE1,DEMRESELCTV_MID_RUR,S102,2040,1.0
RE1,DEMRESELCTV_MID_RUR,S102,2041,1.0
RE1,DEMRESELCTV_MID_RUR,S102,2042,1.0
RE1,DEMRESELCTV_MID_RUR,S102,2043,1.0
RE1,DEMRESELCTV_MID_RUR,S102,2044,1.0
RE1,DEMRESELCTV_MID_RUR,S102,2045,1.0
RE1,DEMRESELCTV_MID_RUR,S102,2046,1.0
RE1,DEMRESELCTV_MID_RUR,S102,2047,1.0
RE1,DEMRESELCTV_MID_RUR,S102,2048,1.0
RE1,DEMRESELCTV_MID_RUR,S102,2049,1.0
RE1,DEMRESELCTV_MID_RUR,S102,2050,1.0
RE1,DEMRESELCTV_MID_RUR,S102,2051,1.0
RE1,DEMRESELCTV_MID_RUR,S102,2052,1.0
RE1,DEMRESELCTV_MID_RUR,S102,2053,1.0
RE1,DEMRESELCTV_MID_RUR,S102,2054,1.0
RE1,DEMRESELCTV_MID_RUR,S102,2055,1.0
RE1,DEMRESELCTV_MID_URB,S101,2022,1.0
RE1,DEMRESELCTV_MID_URB,S101,2023,1.0
RE1,DEMRESELCTV_MID_URB,S101,2024,1.0
RE1,DEMRESELCTV_MID_URB,S101,2025,1.0
RE1,DEMRESELCTV_MID_URB,S101,2026,1.0
RE1,DEMRESELCTV_MID_URB,S101,2027,1.0
RE1,DEMRESELCTV_MID_URB,S101,2028,1.0
RE1,DEMRESELCTV_MID_URB,S101,2029,1.0
RE1,DEMRESELCTV_MID_URB,S101,2030,1.0
RE1,DEMRESELCTV_MID_URB,S101,2031,1.0
RE1,DEMRESELCTV_MID_URB,S101,2032,1.0
RE1,DEMRESELCTV_MID_URB,S101,2033,1.0
RE1,DEMRESELCTV_MID_URB,S101,2034,1.0
RE1,DEMRESELCTV_MID_URB,S101,2035,1.0
RE1,DEMRESELCTV_MID_URB,S101,2036,1.0
RE1,DEMRESELCTV_MID_URB,S101,2037,1.0
RE1,DEMRESELCTV_MID_URB,S101,2038,1.0
RE1,DEMRESELCTV_MID_URB,S101,2039,1.0
RE1,DEMRESELCTV_MID_URB,S101,2040,1.0
RE1,DEMRESELCTV_MID_URB,S101,2041,1.0
RE1,DEMRESELCTV_MID_URB,S101,2042,1.0
RE1,DEMRESELCTV_MID_URB,S101,2043,1.0
RE1,DEMRESELCTV_MID_URB,S101,2044,1.0
RE1,DEMRESELCTV_MID_URB,S101,2045,1.0
RE1,DEMRESELCTV_MID_URB,S101,2046,1.0
RE1,DEMRESELCTV_MID_URB,S101,2047,1.0
RE1,DEMRESELCTV_MID_URB,S101,2048,1.0
RE1,DEMRESELCTV_MID_URB,S101,2049,1.0
RE1,DEMRESELCTV_MID_URB,S101,2050,1.0
RE1,DEMRESELCTV_MID_URB,S101,2051,1.0
RE1,DEMRESELCTV_MID_URB,S101,2052,1.0
RE1,DEMRESELCTV_MID_URB,S101,2053,1.0
RE1,DEMRESELCTV_MID_URB,S101,2054,1.0
RE1,DEMRESELCTV_MID_URB,S101,2055,1.0
RE1,DEMRESELCTV_MID_URB,S102,2022,1.0
RE1,DEMRESELCTV_MID_URB,S102,2023,1.0
RE1,DEMRESELCTV_MID_URB,S102,2024,1.0
RE1,DEMRESELCTV_MID_URB,S102,2025,1.0
RE1,DEMRESELCTV_MID_URB,S102,2026,1.0
RE1,DEMRESELCTV_MID_URB,S102,2027,1.0
RE1,DEMRESELCTV_MID_URB,S102,2028,1.0
RE1,DEMRESELCTV_MID_URB,S102,2029,1.0
RE1,DEMRESELCTV_MID_URB,S102,2030,1.0
RE1,DEMRESELCTV_MID_URB,S102,2031,1.0
RE1,DEMRESELCTV_MID_URB,S102,2032,1.0
RE1,DEMRESELCTV_MID_URB,S102,2033,1.0
RE1,DEMRESELCTV_MID_URB,S102,2034,1.0
RE1,DEMRESELCTV_MID_URB,S102,2035,1.0
RE1,DEMRESELCTV_MID_URB,S102,2036,1.0
RE1,DEMRESELCTV_MID_URB,S102,2037,1.0
RE1,DEMRESELCTV_MID_URB,S102,2038,1.0
RE1,DEMRESELCTV_MID_URB,S102,2039,1.0
RE1,DEMRESELCTV_MID_URB,S102,2040,1.0
RE1,DEMRESELCTV_MID_URB,S102,2041,1.0
RE1,DEMRESELCTV_MID_URB,S102,2042,1.0
RE1,DEMRESELCTV_MID_URB,S102,2043,1.0
RE1,DEMRESELCTV_MID_URB,S102,2044,1.0
RE1,DEMRESELCTV_MID_URB,S102,2045,1.0
RE1,DEMRESELCTV_MID_URB,S102,2046,1.0
RE1,DEMRESELCTV_MID_URB,S102,2047,1.0
RE1,DEMRESELCTV_MID_URB,S102,2048,1.0
RE1,DEMRESELCTV_MID_URB,S102,2049,1.0
RE1,DEMRESELCTV_MID_URB,S102,2050,1.0
RE1,DEMRESELCTV_MID_URB,S102,2051,1.0
RE1,DEMRESELCTV_MID_URB,S102,2052,1.0
RE1,DEMRESELCTV_MID_URB,S102,2053,1.0
RE1,DEMRESELCTV_MID_URB,S102,2054,1.0
RE1,DEMRESELCTV_MID_URB,S102,2055,1.0
RE1,DEMRESELCWHT_DUC_HIG_RUR,S101,2022,1.0
RE1,DEMRESELCWHT_DUC_HIG_RUR,S101,2023,1.0
RE1,DEMRESELCWHT_DUC_HIG_RUR,S101,2024,1.0
RE1,DEMRESELCWHT_DUC_HIG_RUR,S101,2025,1.0
RE1,DEMRESELCWHT_DUC_HIG_RUR,S101,2026,1.0
RE1,DEMRESELCWHT_DUC_HIG_RUR,S101,2027,1.0
RE1,DEMRESELCWHT_DUC_HIG_RUR,S101,2028,1.0
RE1,DEMRESELCWHT_DUC_HIG_RUR,S101,2029,1.0
RE1,DEMRESELCWHT_DUC_HIG_RUR,S101,2030,1.0
RE1,DEMRESELCWHT_DUC_HIG_RUR,S101,2031,1.0
RE1,DEMRESELCWHT_DUC_HIG_RUR,S101,2032,1.0
RE1,DEMRESELCWHT_DUC_HIG_RUR,S101,2033,1.0
RE1,DEMRESELCWHT_DUC_HIG_RUR,S101,2034,1.0
RE1,DEMRESELCWHT_DUC_HIG_RUR,S101,2035,1.0
RE1,DEMRESELCWHT_DUC_HIG_RUR,S101,2036,1.0
RE1,DEMRESELCWHT_DUC_HIG_RUR,S101,2037,1.0
RE1,DEMRESELCWHT_DUC_HIG_RUR,S101,2038,1.0
RE1,DEMRESELCWHT_DUC_HIG_RUR,S101,2039,1.0
RE1,DEMRESELCWHT_DUC_HIG_RUR,S101,2040,1.0
RE1,DEMRESELCWHT_DUC_HIG_RUR,S101,2041,1.0
RE1,DEMRESELCWHT_DUC_HIG_RUR,S101,2042,1.0
RE1,DEMRESELCWHT_DUC_HIG_RUR,S101,2043,1.0
RE1,DEMRESELCWHT_DUC_HIG_RUR,S101,2044,1.0
RE1,DEMRESELCWHT_DUC_HIG_RUR,S101,2045,1.0
RE1,DEMRESELCWHT_DUC_HIG_RUR,S101,2046,1.0
RE1,DEMRESELCWHT_DUC_HIG_RUR,S101,2047,1.0
RE1,DEMRESELCWHT_DUC_HIG_RUR,S101,2048,1.0
RE1,DEMRESELCWHT_DUC_HIG_RUR,S101,2049,1.0
RE1,DEMRESELCWHT_DUC_HIG_RUR,S101,2050,1.0
RE1,DEMRESELCWHT_DUC_HIG_RUR,S101,2051,1.0
RE1,DEMRESELCWHT_DUC_HIG_RUR,S101,2052,1.0
RE1,DEMRESELCWHT_DUC_HIG_RUR,S101,2053,1.0
RE1,DEMRESELCWHT_DUC_HIG_RUR,S101,2054,1.0
RE1,DEMRESELCWHT_DUC_HIG_RUR,S101,2055,1.0
RE1,DEMRESELCWHT_DUC_HIG_RUR,S102,2022,1.0
RE1,DEMRESELCWHT_DUC_HIG_RUR,S102,2023,1.0
RE1,DEMRESELCWHT_DUC_HIG_RUR,S102,2024,1.0
RE1,DEMRESELCWHT_DUC_HIG_RUR,S102,2025,1.0
RE1,DEMRESELCWHT_DUC_HIG_RUR,S102,2026,1.0
RE1,DEMRESELCWHT_DUC_HIG_RUR,S102,2027,1.0
RE1,DEMRESELCWHT_DUC_HIG_RUR,S102,2028,1.0
RE1,DEMRESELCWHT_DUC_HIG_RUR,S102,2029,1.0
RE1,DEMRESELCWHT_DUC_HIG_RUR,S102,2030,1.0
RE1,DEMRESELCWHT_DUC_HIG_RUR,S102,2031,1.0
RE1,DEMRESELCWHT_DUC_HIG_RUR,S102,2032,1.0
RE1,DEMRESELCWHT_DUC_HIG_RUR,S102,2033,1.0
RE1,DEMRESELCWHT_DUC_HIG_RUR,S102,2034,1.0
RE1,DEMRESELCWHT_DUC_HIG_RUR,S102,2035,1.0
RE1,DEMRESELCWHT_DUC_HIG_RUR,S102,2036,1.0
RE1,DEMRESELCWHT_DUC_HIG_RUR,S102,2037,1.0
RE1,DEMRESELCWHT_DUC_HIG_RUR,S102,2038,1.0
RE1,DEMRESELCWHT_DUC_HIG_RUR,S102,2039,1.0
RE1,DEMRESELCWHT_DUC_HIG_RUR,S102,2040,1.0
RE1,DEMRESELCWHT_DUC_HIG_RUR,S102,2041,1.0
RE1,DEMRESELCWHT_DUC_HIG_RUR,S102,2042,1.0
RE1,DEMRESELCWHT_DUC_HIG_RUR,S102,2043,1.0
RE1,DEMRESELCWHT_DUC_HIG_RUR,S102,2044,1.0
RE1,DEMRESELCWHT_DUC_HIG_RUR,S102,2045,1.0
RE1,DEMRESELCWHT_DUC_HIG_RUR,S102,2046,1.0
RE1,DEMRESELCWHT_DUC_HIG_RUR,S102,2047,1.0
RE1,DEMRESELCWHT_DUC_HIG_RUR,S102,2048,1.0
RE1,DEMRESELCWHT_DUC_HIG_RUR,S102,2049,1.0
RE1,DEMRESELCWHT_DUC_HIG_RUR,S102,2050,1.0
RE1,DEMRESELCWHT_DUC_HIG_RUR,S102,2051,1.0
RE1,DEMRESELCWHT_DUC_HIG_RUR,S102,2052,1.0
RE1,DEMRESELCWHT_DUC_HIG_RUR,S102,2053,1.0
RE1,DEMRESELCWHT_DUC_HIG_RUR,S102,2054,1.0
RE1,DEMRESELCWHT_DUC_HIG_RUR,S102,2055,1.0
RE1,DEMRESELCWHT_DUC_HIG_URB,S101,2022,1.0
RE1,DEMRESELCWHT_DUC_HIG_URB,S101,2023,1.0
RE1,DEMRESELCWHT_DUC_HIG_URB,S101,2024,1.0
RE1,DEMRESELCWHT_DUC_HIG_URB,S101,2025,1.0
RE1,DEMRESELCWHT_DUC_HIG_URB,S101,2026,1.0
RE1,DEMRESELCWHT_DUC_HIG_URB,S101,2027,1.0
RE1,DEMRESELCWHT_DUC_HIG_URB,S101,2028,1.0
RE1,DEMRESELCWHT_DUC_HIG_URB,S101,2029,1.0
RE1,DEMRESELCWHT_DUC_HIG_URB,S101,2030,1.0
RE1,DEMRESELCWHT_DUC_HIG_URB,S101,2031,1.0
RE1,DEMRESELCWHT_DUC_HIG_URB,S101,2032,1.0
RE1,DEMRESELCWHT_DUC_HIG_URB,S101,2033,1.0
RE1,DEMRESELCWHT_DUC_HIG_URB,S101,2034,1.0
RE1,DEMRESELCWHT_DUC_HIG_URB,S101,2035,1.0
RE1,DEMRESELCWHT_DUC_HIG_URB,S101,2036,1.0
RE1,DEMRESELCWHT_DUC_HIG_URB,S101,2037,1.0
RE1,DEMRESELCWHT_DUC_HIG_URB,S101,2038,1.0
RE1,DEMRESELCWHT_DUC_HIG_URB,S101,2039,1.0
RE1,DEMRESELCWHT_DUC_HIG_URB,S101,2040,1.0
RE1,DEMRESELCWHT_DUC_HIG_URB,S101,2041,1.0
RE1,DEMRESELCWHT_DUC_HIG_URB,S101,2042,1.0
RE1,DEMRESELCWHT_DUC_HIG_URB,S101,2043,1.0
RE1,DEMRESELCWHT_DUC_HIG_URB,S101,2044,1.0
RE1,DEMRESELCWHT_DUC_HIG_URB,S101,2045,1.0
RE1,DEMRESELCWHT_DUC_HIG_URB,S101,2046,1.0
RE1,DEMRESELCWHT_DUC_HIG_URB,S101,2047,1.0
RE1,DEMRESELCWHT_DUC_HIG_URB,S101,2048,1.0
RE1,DEMRESELCWHT_DUC_HIG_URB,S101,2049,1.0
RE1,DEMRESELCWHT_DUC_HIG_URB,S101,2050,1.0
RE1,DEMRESELCWHT_DUC_HIG_URB,S101,2051,1.0
RE1,DEMRESELCWHT_DUC_HIG_URB,S101,2052,1.0
RE1,DEMRESELCWHT_DUC_HIG_URB,S101,2053,1.0
RE1,DEMRESELCWHT_DUC_HIG_URB,S101,2054,1.0
RE1,DEMRESELCWHT_DUC_HIG_URB,S101,2055,1.0
RE1,DEMRESELCWHT_DUC_HIG_URB,S102,2022,1.0
RE1,DEMRESELCWHT_DUC_HIG_URB,S102,2023,1.0
RE1,DEMRESELCWHT_DUC_HIG_URB,S102,2024,1.0
RE1,DEMRESELCWHT_DUC_HIG_URB,S102,2025,1.0
RE1,DEMRESELCWHT_DUC_HIG_URB,S102,2026,1.0
RE1,DEMRESELCWHT_DUC_HIG_URB,S102,2027,1.0
RE1,DEMRESELCWHT_DUC_HIG_URB,S102,2028,1.0
RE1,DEMRESELCWHT_DUC_HIG_URB,S102,2029,1.0
RE1,DEMRESELCWHT_DUC_HIG_URB,S102,2030,1.0
RE1,DEMRESELCWHT_DUC_HIG_URB,S102,2031,1.0
RE1,DEMRESELCWHT_DUC_HIG_URB,S102,2032,1.0
RE1,DEMRESELCWHT_DUC_HIG_URB,S102,2033,1.0
RE1,DEMRESELCWHT_DUC_HIG_URB,S102,2034,1.0
RE1,DEMRESELCWHT_DUC_HIG_URB,S102,2035,1.0
RE1,DEMRESELCWHT_DUC_HIG_URB,S102,2036,1.0
RE1,DEMRESELCWHT_DUC_HIG_URB,S102,2037,1.0
RE1,DEMRESELCWHT_DUC_HIG_URB,S102,2038,1.0
RE1,DEMRESELCWHT_DUC_HIG_URB,S102,2039,1.0
RE1,DEMRESELCWHT_DUC_HIG_URB,S102,2040,1.0
RE1,DEMRESELCWHT_DUC_HIG_URB,S102,2041,1.0
RE1,DEMRESELCWHT_DUC_HIG_URB,S102,2042,1.0
RE1,DEMRESELCWHT_DUC_HIG_URB,S102,2043,1.0
RE1,DEMRESELCWHT_DUC_HIG_URB,S102,2044,1.0
RE1,DEMRESELCWHT_DUC_HIG_URB,S102,2045,1.0
RE1,DEMRESELCWHT_DUC_HIG_URB,S102,2046,1.0
RE1,DEMRESELCWHT_DUC_HIG_URB,S102,2047,1.0
RE1,DEMRESELCWHT_DUC_HIG_URB,S102,2048,1.0
RE1,DEMRESELCWHT_DUC_HIG_URB,S102,2049,1.0
RE1,DEMRESELCWHT_DUC_HIG_URB,S102,2050,1.0
RE1,DEMRESELCWHT_DUC_HIG_URB,S102,2051,1.0
RE1,DEMRESELCWHT_DUC_HIG_URB,S102,2052,1.0
RE1,DEMRESELCWHT_DUC_HIG_URB,S102,2053,1.0
RE1,DEMRESELCWHT_DUC_HIG_URB,S102,2054,1.0
RE1,DEMRESELCWHT_DUC_HIG_URB,S102,2055,1.0
RE1,DEMRESELCWHT_DUC_LOW_RUR,S101,2022,1.0
RE1,DEMRESELCWHT_DUC_LOW_RUR,S101,2023,1.0
RE1,DEMRESELCWHT_DUC_LOW_RUR,S101,2024,1.0
RE1,DEMRESELCWHT_DUC_LOW_RUR,S101,2025,1.0
RE1,DEMRESELCWHT_DUC_LOW_RUR,S101,2026,1.0
RE1,DEMRESELCWHT_DUC_LOW_RUR,S101,2027,1.0
RE1,DEMRESELCWHT_DUC_LOW_RUR,S101,2028,1.0
RE1,DEMRESELCWHT_DUC_LOW_RUR,S101,2029,1.0
RE1,DEMRESELCWHT_DUC_LOW_RUR,S101,2030,1.0
RE1,DEMRESELCWHT_DUC_LOW_RUR,S101,2031,1.0
RE1,DEMRESELCWHT_DUC_LOW_RUR,S101,2032,1.0
RE1,DEMRESELCWHT_DUC_LOW_RUR,S101,2033,1.0
RE1,DEMRESELCWHT_DUC_LOW_RUR,S101,2034,1.0
RE1,DEMRESELCWHT_DUC_LOW_RUR,S101,2035,1.0
RE1,DEMRESELCWHT_DUC_LOW_RUR,S101,2036,1.0
RE1,DEMRESELCWHT_DUC_LOW_RUR,S101,2037,1.0
RE1,DEMRESELCWHT_DUC_LOW_RUR,S101,2038,1.0
RE1,DEMRESELCWHT_DUC_LOW_RUR,S101,2039,1.0
RE1,DEMRESELCWHT_DUC_LOW_RUR,S101,2040,1.0
RE1,DEMRESELCWHT_DUC_LOW_RUR,S101,2041,1.0
RE1,DEMRESELCWHT_DUC_LOW_RUR,S101,2042,1.0
RE1,DEMRESELCWHT_DUC_LOW_RUR,S101,2043,1.0
RE1,DEMRESELCWHT_DUC_LOW_RUR,S101,2044,1.0
RE1,DEMRESELCWHT_DUC_LOW_RUR,S101,2045,1.0
RE1,DEMRESELCWHT_DUC_LOW_RUR,S101,2046,1.0
RE1,DEMRESELCWHT_DUC_LOW_RUR,S101,2047,1.0
RE1,DEMRESELCWHT_DUC_LOW_RUR,S101,2048,1.0
RE1,DEMRESELCWHT_DUC_LOW_RUR,S101,2049,1.0
RE1,DEMRESELCWHT_DUC_LOW_RUR,S101,2050,1.0
RE1,DEMRESELCWHT_DUC_LOW_RUR,S101,2051,1.0
RE1,DEMRESELCWHT_DUC_LOW_RUR,S101,2052,1.0
RE1,DEMRESELCWHT_DUC_LOW_RUR,S101,2053,1.0
RE1,DEMRESELCWHT_DUC_LOW_RUR,S101,2054,1.0
RE1,DEMRESELCWHT_DUC_LOW_RUR,S101,2055,1.0
RE1,DEMRESELCWHT_DUC_LOW_RUR,S102,2022,1.0
RE1,DEMRESELCWHT_DUC_LOW_RUR,S102,2023,1.0
RE1,DEMRESELCWHT_DUC_LOW_RUR,S102,2024,1.0
RE1,DEMRESELCWHT_DUC_LOW_RUR,S102,2025,1.0
RE1,DEMRESELCWHT_DUC_LOW_RUR,S102,2026,1.0
RE1,DEMRESELCWHT_DUC_LOW_RUR,S102,2027,1.0
RE1,DEMRESELCWHT_DUC_LOW_RUR,S102,2028,1.0
RE1,DEMRESELCWHT_DUC_LOW_RUR,S102,2029,1.0
RE1,DEMRESELCWHT_DUC_LOW_RUR,S102,2030,1.0
RE1,DEMRESELCWHT_DUC_LOW_RUR,S102,2031,1.0
RE1,DEMRESELCWHT_DUC_LOW_RUR,S102,2032,1.0
RE1,DEMRESELCWHT_DUC_LOW_RUR,S102,2033,1.0
RE1,DEMRESELCWHT_DUC_LOW_RUR,S102,2034,1.0
RE1,DEMRESELCWHT_DUC_LOW_RUR,S102,2035,1.0
RE1,DEMRESELCWHT_DUC_LOW_RUR,S102,2036,1.0
RE1,DEMRESELCWHT_DUC_LOW_RUR,S102,2037,1.0
RE1,DEMRESELCWHT_DUC_LOW_RUR,S102,2038,1.0
RE1,DEMRESELCWHT_DUC_LOW_RUR,S102,2039,1.0
RE1,DEMRESELCWHT_DUC_LOW_RUR,S102,2040,1.0
RE1,DEMRESELCWHT_DUC_LOW_RUR,S102,2041,1.0
RE1,DEMRESELCWHT_DUC_LOW_RUR,S102,2042,1.0
RE1,DEMRESELCWHT_DUC_LOW_RUR,S102,2043,1.0
RE1,DEMRESELCWHT_DUC_LOW_RUR,S102,2044,1.0
RE1,DEMRESELCWHT_DUC_LOW_RUR,S102,2045,1.0
RE1,DEMRESELCWHT_DUC_LOW_RUR,S102,2046,1.0
RE1,DEMRESELCWHT_DUC_LOW_RUR,S102,2047,1.0
RE1,DEMRESELCWHT_DUC_LOW_RUR,S102,2048,1.0
RE1,DEMRESELCWHT_DUC_LOW_RUR,S102,2049,1.0
RE1,DEMRESELCWHT_DUC_LOW_RUR,S102,2050,1.0
RE1,DEMRESELCWHT_DUC_LOW_RUR,S102,2051,1.0
RE1,DEMRESELCWHT_DUC_LOW_RUR,S102,2052,1.0
RE1,DEMRESELCWHT_DUC_LOW_RUR,S102,2053,1.0
RE1,DEMRESELCWHT_DUC_LOW_RUR,S102,2054,1.0
RE1,DEMRESELCWHT_DUC_LOW_RUR,S102,2055,1.0
RE1,DEMRESELCWHT_DUC_LOW_URB,S101,2022,1.0
RE1,DEMRESELCWHT_DUC_LOW_URB,S101,2023,1.0
RE1,DEMRESELCWHT_DUC_LOW_URB,S101,2024,1.0
RE1,DEMRESELCWHT_DUC_LOW_URB,S101,2025,1.0
RE1,DEMRESELCWHT_DUC_LOW_URB,S101,2026,1.0
RE1,DEMRESELCWHT_DUC_LOW_URB,S101,2027,1.0
RE1,DEMRESELCWHT_DUC_LOW_URB,S101,2028,1.0
RE1,DEMRESELCWHT_DUC_LOW_URB,S101,2029,1.0
RE1,DEMRESELCWHT_DUC_LOW_URB,S101,2030,1.0
RE1,DEMRESELCWHT_DUC_LOW_URB,S101,2031,1.0
RE1,DEMRESELCWHT_DUC_LOW_URB,S101,2032,1.0
RE1,DEMRESELCWHT_DUC_LOW_URB,S101,2033,1.0
RE1,DEMRESELCWHT_DUC_LOW_URB,S101,2034,1.0
RE1,DEMRESELCWHT_DUC_LOW_URB,S101,2035,1.0
RE1,DEMRESELCWHT_DUC_LOW_URB,S101,2036,1.0
RE1,DEMRESELCWHT_DUC_LOW_URB,S101,2037,1.0
RE1,DEMRESELCWHT_DUC_LOW_URB,S101,2038,1.0
RE1,DEMRESELCWHT_DUC_LOW_URB,S101,2039,1.0
RE1,DEMRESELCWHT_DUC_LOW_URB,S101,2040,1.0
RE1,DEMRESELCWHT_DUC_LOW_URB,S101,2041,1.0
RE1,DEMRESELCWHT_DUC_LOW_URB,S101,2042,1.0
RE1,DEMRESELCWHT_DUC_LOW_URB,S101,2043,1.0
RE1,DEMRESELCWHT_DUC_LOW_URB,S101,2044,1.0
RE1,DEMRESELCWHT_DUC_LOW_URB,S101,2045,1.0
RE1,DEMRESELCWHT_DUC_LOW_URB,S101,2046,1.0
RE1,DEMRESELCWHT_DUC_LOW_URB,S101,2047,1.0
RE1,DEMRESELCWHT_DUC_LOW_URB,S101,2048,1.0
RE1,DEMRESELCWHT_DUC_LOW_URB,S101,2049,1.0
RE1,DEMRESELCWHT_DUC_LOW_URB,S101,2050,1.0
RE1,DEMRESELCWHT_DUC_LOW_URB,S101,2051,1.0
RE1,DEMRESELCWHT_DUC_LOW_URB,S101,2052,1.0
RE1,DEMRESELCWHT_DUC_LOW_URB,S101,2053,1.0
RE1,DEMRESELCWHT_DUC_LOW_URB,S101,2054,1.0
RE1,DEMRESELCWHT_DUC_LOW_URB,S101,2055,1.0
RE1,DEMRESELCWHT_DUC_LOW_URB,S102,2022,1.0
RE1,DEMRESELCWHT_DUC_LOW_URB,S102,2023,1.0
RE1,DEMRESELCWHT_DUC_LOW_URB,S102,2024,1.0
RE1,DEMRESELCWHT_DUC_LOW_URB,S102,2025,1.0
RE1,DEMRESELCWHT_DUC_LOW_URB,S102,2026,1.0
RE1,DEMRESELCWHT_DUC_LOW_URB,S102,2027,1.0
RE1,DEMRESELCWHT_DUC_LOW_URB,S102,2028,1.0
RE1,DEMRESELCWHT_DUC_LOW_URB,S102,2029,1.0
RE1,DEMRESELCWHT_DUC_LOW_URB,S102,2030,1.0
RE1,DEMRESELCWHT_DUC_LOW_URB,S102,2031,1.0
RE1,DEMRESELCWHT_DUC_LOW_URB,S102,2032,1.0
RE1,DEMRESELCWHT_DUC_LOW_URB,S102,2033,1.0
RE1,DEMRESELCWHT_DUC_LOW_URB,S102,2034,1.0
RE1,DEMRESELCWHT_DUC_LOW_URB,S102,2035,1.0
RE1,DEMRESELCWHT_DUC_LOW_URB,S102,2036,1.0
RE1,DEMRESELCWHT_DUC_LOW_URB,S102,2037,1.0
RE1,DEMRESELCWHT_DUC_LOW_URB,S102,2038,1.0
RE1,DEMRESELCWHT_DUC_LOW_URB,S102,2039,1.0
RE1,DEMRESELCWHT_DUC_LOW_URB,S102,2040,1.0
RE1,DEMRESELCWHT_DUC_LOW_URB,S102,2041,1.0
RE1,DEMRESELCWHT_DUC_LOW_URB,S102,2042,1.0
RE1,DEMRESELCWHT_DUC_LOW_URB,S102,2043,1.0
RE1,DEMRESELCWHT_DUC_LOW_URB,S102,2044,1.0
RE1,DEMRESELCWHT_DUC_LOW_URB,S102,2045,1.0
RE1,DEMRESELCWHT_DUC_LOW_URB,S102,2046,1.0
RE1,DEMRESELCWHT_DUC_LOW_URB,S102,2047,1.0
RE1,DEMRESELCWHT_DUC_LOW_URB,S102,2048,1.0
RE1,DEMRESELCWHT_DUC_LOW_URB,S102,2049,1.0
RE1,DEMRESELCWHT_DUC_LOW_URB,S102,2050,1.0
RE1,DEMRESELCWHT_DUC_LOW_URB,S102,2051,1.0
RE1,DEMRESELCWHT_DUC_LOW_URB,S102,2052,1.0
RE1,DEMRESELCWHT_DUC_LOW_URB,S102,2053,1.0
RE1,DEMRESELCWHT_DUC_LOW_URB,S102,2054,1.0
RE1,DEMRESELCWHT_DUC_LOW_URB,S102,2055,1.0
RE1,DEMRESELCWHT_DUC_MID_RUR,S101,2022,1.0
RE1,DEMRESELCWHT_DUC_MID_RUR,S101,2023,1.0
RE1,DEMRESELCWHT_DUC_MID_RUR,S101,2024,1.0
RE1,DEMRESELCWHT_DUC_MID_RUR,S101,2025,1.0
RE1,DEMRESELCWHT_DUC_MID_RUR,S101,2026,1.0
RE1,DEMRESELCWHT_DUC_MID_RUR,S101,2027,1.0
RE1,DEMRESELCWHT_DUC_MID_RUR,S101,2028,1.0
RE1,DEMRESELCWHT_DUC_MID_RUR,S101,2029,1.0
RE1,DEMRESELCWHT_DUC_MID_RUR,S101,2030,1.0
RE1,DEMRESELCWHT_DUC_MID_RUR,S101,2031,1.0
RE1,DEMRESELCWHT_DUC_MID_RUR,S101,2032,1.0
RE1,DEMRESELCWHT_DUC_MID_RUR,S101,2033,1.0
RE1,DEMRESELCWHT_DUC_MID_RUR,S101,2034,1.0
RE1,DEMRESELCWHT_DUC_MID_RUR,S101,2035,1.0
RE1,DEMRESELCWHT_DUC_MID_RUR,S101,2036,1.0
RE1,DEMRESELCWHT_DUC_MID_RUR,S101,2037,1.0
RE1,DEMRESELCWHT_DUC_MID_RUR,S101,2038,1.0
RE1,DEMRESELCWHT_DUC_MID_RUR,S101,2039,1.0
RE1,DEMRESELCWHT_DUC_MID_RUR,S101,2040,1.0
RE1,DEMRESELCWHT_DUC_MID_RUR,S101,2041,1.0
RE1,DEMRESELCWHT_DUC_MID_RUR,S101,2042,1.0
RE1,DEMRESELCWHT_DUC_MID_RUR,S101,2043,1.0
RE1,DEMRESELCWHT_DUC_MID_RUR,S101,2044,1.0
RE1,DEMRESELCWHT_DUC_MID_RUR,S101,2045,1.0
RE1,DEMRESELCWHT_DUC_MID_RUR,S101,2046,1.0
RE1,DEMRESELCWHT_DUC_MID_RUR,S101,2047,1.0
RE1,DEMRESELCWHT_DUC_MID_RUR,S101,2048,1.0
RE1,DEMRESELCWHT_DUC_MID_RUR,S101,2049,1.0
RE1,DEMRESELCWHT_DUC_MID_RUR,S101,2050,1.0
RE1,DEMRESELCWHT_DUC_MID_RUR,S101,2051,1.0
RE1,DEMRESELCWHT_DUC_MID_RUR,S101,2052,1.0
RE1,DEMRESELCWHT_DUC_MID_RUR,S101,2053,1.0
RE1,DEMRESELCWHT_DUC_MID_RUR,S101,2054,1.0
RE1,DEMRESELCWHT_DUC_MID_RUR,S101,2055,1.0
RE1,DEMRESELCWHT_DUC_MID_RUR,S102,2022,1.0
RE1,DEMRESELCWHT_DUC_MID_RUR,S102,2023,1.0
RE1,DEMRESELCWHT_DUC_MID_RUR,S102,2024,1.0
RE1,DEMRESELCWHT_DUC_MID_RUR,S102,2025,1.0
RE1,DEMRESELCWHT_DUC_MID_RUR,S102,2026,1.0
RE1,DEMRESELCWHT_DUC_MID_RUR,S102,2027,1.0
RE1,DEMRESELCWHT_DUC_MID_RUR,S102,2028,1.0
RE1,DEMRESELCWHT_DUC_MID_RUR,S102,2029,1.0
RE1,DEMRESELCWHT_DUC_MID_RUR,S102,2030,1.0
RE1,DEMRESELCWHT_DUC_MID_RUR,S102,2031,1.0
RE1,DEMRESELCWHT_DUC_MID_RUR,S102,2032,1.0
RE1,DEMRESELCWHT_DUC_MID_RUR,S102,2033,1.0
RE1,DEMRESELCWHT_DUC_MID_RUR,S102,2034,1.0
RE1,DEMRESELCWHT_DUC_MID_RUR,S102,2035,1.0
RE1,DEMRESELCWHT_DUC_MID_RUR,S102,2036,1.0
RE1,DEMRESELCWHT_DUC_MID_RUR,S102,2037,1.0
RE1,DEMRESELCWHT_DUC_MID_RUR,S102,2038,1.0
RE1,DEMRESELCWHT_DUC_MID_RUR,S102,2039,1.0
RE1,DEMRESELCWHT_DUC_MID_RUR,S102,2040,1.0
RE1,DEMRESELCWHT_DUC_MID_RUR,S102,2041,1.0
RE1,DEMRESELCWHT_DUC_MID_RUR,S102,2042,1.0
RE1,DEMRESELCWHT_DUC_MID_RUR,S102,2043,1.0
RE1,DEMRESELCWHT_DUC_MID_RUR,S102,2044,1.0
RE1,DEMRESELCWHT_DUC_MID_RUR,S102,2045,1.0
RE1,DEMRESELCWHT_DUC_MID_RUR,S102,2046,1.0
RE1,DEMRESELCWHT_DUC_MID_RUR,S102,2047,1.0
RE1,DEMRESELCWHT_DUC_MID_RUR,S102,2048,1.0
RE1,DEMRESELCWHT_DUC_MID_RUR,S102,2049,1.0
RE1,DEMRESELCWHT_DUC_MID_RUR,S102,2050,1.0
RE1,DEMRESELCWHT_DUC_MID_RUR,S102,2051,1.0
RE1,DEMRESELCWHT_DUC_MID_RUR,S102,2052,1.0
RE1,DEMRESELCWHT_DUC_MID_RUR,S102,2053,1.0
RE1,DEMRESELCWHT_DUC_MID_RUR,S102,2054,1.0
RE1,DEMRESELCWHT_DUC_MID_RUR,S102,2055,1.0
RE1,DEMRESELCWHT_DUC_MID_URB,S101,2022,1.0
RE1,DEMRESELCWHT_DUC_MID_URB,S101,2023,1.0
RE1,DEMRESELCWHT_DUC_MID_URB,S101,2024,1.0
RE1,DEMRESELCWHT_DUC_MID_URB,S101,2025,1.0
RE1,DEMRESELCWHT_DUC_MID_URB,S101,2026,1.0
RE1,DEMRESELCWHT_DUC_MID_URB,S101,2027,1.0
RE1,DEMRESELCWHT_DUC_MID_URB,S101,2028,1.0
RE1,DEMRESELCWHT_DUC_MID_URB,S101,2029,1.0
RE1,DEMRESELCWHT_DUC_MID_URB,S101,2030,1.0
RE1,DEMRESELCWHT_DUC_MID_URB,S101,2031,1.0
RE1,DEMRESELCWHT_DUC_MID_URB,S101,2032,1.0
RE1,DEMRESELCWHT_DUC_MID_URB,S101,2033,1.0
RE1,DEMRESELCWHT_DUC_MID_URB,S101,2034,1.0
RE1,DEMRESELCWHT_DUC_MID_URB,S101,2035,1.0
RE1,DEMRESELCWHT_DUC_MID_URB,S101,2036,1.0
RE1,DEMRESELCWHT_DUC_MID_URB,S101,2037,1.0
RE1,DEMRESELCWHT_DUC_MID_URB,S101,2038,1.0
RE1,DEMRESELCWHT_DUC_MID_URB,S101,2039,1.0
RE1,DEMRESELCWHT_DUC_MID_URB,S101,2040,1.0
RE1,DEMRESELCWHT_DUC_MID_URB,S101,2041,1.0
RE1,DEMRESELCWHT_DUC_MID_URB,S101,2042,1.0
RE1,DEMRESELCWHT_DUC_MID_URB,S101,2043,1.0
RE1,DEMRESELCWHT_DUC_MID_URB,S101,2044,1.0
RE1,DEMRESELCWHT_DUC_MID_URB,S101,2045,1.0
RE1,DEMRESELCWHT_DUC_MID_URB,S101,2046,1.0
RE1,DEMRESELCWHT_DUC_MID_URB,S101,2047,1.0
RE1,DEMRESELCWHT_DUC_MID_URB,S101,2048,1.0
RE1,DEMRESELCWHT_DUC_MID_URB,S101,2049,1.0
RE1,DEMRESELCWHT_DUC_MID_URB,S101,2050,1.0
RE1,DEMRESELCWHT_DUC_MID_URB,S101,2051,1.0
RE1,DEMRESELCWHT_DUC_MID_URB,S101,2052,1.0
RE1,DEMRESELCWHT_DUC_MID_URB,S101,2053,1.0
RE1,DEMRESELCWHT_DUC_MID_URB,S101,2054,1.0
RE1,DEMRESELCWHT_DUC_MID_URB,S101,2055,1.0
RE1,DEMRESELCWHT_DUC_MID_URB,S102,2022,1.0
RE1,DEMRESELCWHT_DUC_MID_URB,S102,2023,1.0
RE1,DEMRESELCWHT_DUC_MID_URB,S102,2024,1.0
RE1,DEMRESELCWHT_DUC_MID_URB,S102,2025,1.0
RE1,DEMRESELCWHT_DUC_MID_URB,S102,2026,1.0
RE1,DEMRESELCWHT_DUC_MID_URB,S102,2027,1.0
RE1,DEMRESELCWHT_DUC_MID_URB,S102,2028,1.0
RE1,DEMRESELCWHT_DUC_MID_URB,S102,2029,1.0
RE1,DEMRESELCWHT_DUC_MID_URB,S102,2030,1.0
RE1,DEMRESELCWHT_DUC_MID_URB,S102,2031,1.0
RE1,DEMRESELCWHT_DUC_MID_URB,S102,2032,1.0
RE1,DEMRESELCWHT_DUC_MID_URB,S102,2033,1.0
RE1,DEMRESELCWHT_DUC_MID_URB,S102,2034,1.0
RE1,DEMRESELCWHT_DUC_MID_URB,S102,2035,1.0
RE1,DEMRESELCWHT_DUC_MID_URB,S102,2036,1.0
RE1,DEMRESELCWHT_DUC_MID_URB,S102,2037,1.0
RE1,DEMRESELCWHT_DUC_MID_URB,S102,2038,1.0
RE1,DEMRESELCWHT_DUC_MID_URB,S102,2039,1.0
RE1,DEMRESELCWHT_DUC_MID_URB,S102,2040,1.0
RE1,DEMRESELCWHT_DUC_MID_URB,S102,2041,1.0
RE1,DEMRESELCWHT_DUC_MID_URB,S102,2042,1.0
RE1,DEMRESELCWHT_DUC_MID_URB,S102,2043,1.0
RE1,DEMRESELCWHT_DUC_MID_URB,S102,2044,1.0
RE1,DEMRESELCWHT_DUC_MID_URB,S102,2045,1.0
RE1,DEMRESELCWHT_DUC_MID_URB,S102,2046,1.0
RE1,DEMRESELCWHT_DUC_MID_URB,S102,2047,1.0
RE1,DEMRESELCWHT_DUC_MID_URB,S102,2048,1.0
RE1,DEMRESELCWHT_DUC_MID_URB,S102,2049,1.0
RE1,DEMRESELCWHT_DUC_MID_URB,S102,2050,1.0
RE1,DEMRESELCWHT_DUC_MID_URB,S102,2051,1.0
RE1,DEMRESELCWHT_DUC_MID_URB,S102,2052,1.0
RE1,DEMRESELCWHT_DUC_MID_URB,S102,2053,1.0
RE1,DEMRESELCWHT_DUC_MID_URB,S102,2054,1.0
RE1,DEMRESELCWHT_DUC_MID_URB,S102,2055,1.0
RE1,DEMRESELCWHT_PAS_HIG_RUR,S101,2022,1.0
RE1,DEMRESELCWHT_PAS_HIG_RUR,S101,2023,1.0
RE1,DEMRESELCWHT_PAS_HIG_RUR,S101,2024,1.0
RE1,DEMRESELCWHT_PAS_HIG_RUR,S101,2025,1.0
RE1,DEMRESELCWHT_PAS_HIG_RUR,S101,2026,1.0
RE1,DEMRESELCWHT_PAS_HIG_RUR,S101,2027,1.0
RE1,DEMRESELCWHT_PAS_HIG_RUR,S101,2028,1.0
RE1,DEMRESELCWHT_PAS_HIG_RUR,S101,2029,1.0
RE1,DEMRESELCWHT_PAS_HIG_RUR,S101,2030,1.0
RE1,DEMRESELCWHT_PAS_HIG_RUR,S101,2031,1.0
RE1,DEMRESELCWHT_PAS_HIG_RUR,S101,2032,1.0
RE1,DEMRESELCWHT_PAS_HIG_RUR,S101,2033,1.0
RE1,DEMRESELCWHT_PAS_HIG_RUR,S101,2034,1.0
RE1,DEMRESELCWHT_PAS_HIG_RUR,S101,2035,1.0
RE1,DEMRESELCWHT_PAS_HIG_RUR,S101,2036,1.0
RE1,DEMRESELCWHT_PAS_HIG_RUR,S101,2037,1.0
RE1,DEMRESELCWHT_PAS_HIG_RUR,S101,2038,1.0
RE1,DEMRESELCWHT_PAS_HIG_RUR,S101,2039,1.0
RE1,DEMRESELCWHT_PAS_HIG_RUR,S101,2040,1.0
RE1,DEMRESELCWHT_PAS_HIG_RUR,S101,2041,1.0
RE1,DEMRESELCWHT_PAS_HIG_RUR,S101,2042,1.0
RE1,DEMRESELCWHT_PAS_HIG_RUR,S101,2043,1.0
RE1,DEMRESELCWHT_PAS_HIG_RUR,S101,2044,1.0
RE1,DEMRESELCWHT_PAS_HIG_RUR,S101,2045,1.0
RE1,DEMRESELCWHT_PAS_HIG_RUR,S101,2046,1.0
RE1,DEMRESELCWHT_PAS_HIG_RUR,S101,2047,1.0
RE1,DEMRESELCWHT_PAS_HIG_RUR,S101,2048,1.0
RE1,DEMRESELCWHT_PAS_HIG_RUR,S101,2049,1.0
RE1,DEMRESELCWHT_PAS_HIG_RUR,S101,2050,1.0
RE1,DEMRESELCWHT_PAS_HIG_RUR,S101,2051,1.0
RE1,DEMRESELCWHT_PAS_HIG_RUR,S101,2052,1.0
RE1,DEMRESELCWHT_PAS_HIG_RUR,S101,2053,1.0
RE1,DEMRESELCWHT_PAS_HIG_RUR,S101,2054,1.0
RE1,DEMRESELCWHT_PAS_HIG_RUR,S101,2055,1.0
RE1,DEMRESELCWHT_PAS_HIG_RUR,S102,2022,1.0
RE1,DEMRESELCWHT_PAS_HIG_RUR,S102,2023,1.0
RE1,DEMRESELCWHT_PAS_HIG_RUR,S102,2024,1.0
RE1,DEMRESELCWHT_PAS_HIG_RUR,S102,2025,1.0
RE1,DEMRESELCWHT_PAS_HIG_RUR,S102,2026,1.0
RE1,DEMRESELCWHT_PAS_HIG_RUR,S102,2027,1.0
RE1,DEMRESELCWHT_PAS_HIG_RUR,S102,2028,1.0
RE1,DEMRESELCWHT_PAS_HIG_RUR,S102,2029,1.0
RE1,DEMRESELCWHT_PAS_HIG_RUR,S102,2030,1.0
RE1,DEMRESELCWHT_PAS_HIG_RUR,S102,2031,1.0
RE1,DEMRESELCWHT_PAS_HIG_RUR,S102,2032,1.0
RE1,DEMRESELCWHT_PAS_HIG_RUR,S102,2033,1.0
RE1,DEMRESELCWHT_PAS_HIG_RUR,S102,2034,1.0
RE1,DEMRESELCWHT_PAS_HIG_RUR,S102,2035,1.0
RE1,DEMRESELCWHT_PAS_HIG_RUR,S102,2036,1.0
RE1,DEMRESELCWHT_PAS_HIG_RUR,S102,2037,1.0
RE1,DEMRESELCWHT_PAS_HIG_RUR,S102,2038,1.0
RE1,DEMRESELCWHT_PAS_HIG_RUR,S102,2039,1.0
RE1,DEMRESELCWHT_PAS_HIG_RUR,S102,2040,1.0
RE1,DEMRESELCWHT_PAS_HIG_RUR,S102,2041,1.0
RE1,DEMRESELCWHT_PAS_HIG_RUR,S102,2042,1.0
RE1,DEMRESELCWHT_PAS_HIG_RUR,S102,2043,1.0
RE1,DEMRESELCWHT_PAS_HIG_RUR,S102,2044,1.0
RE1,DEMRESELCWHT_PAS_HIG_RUR,S102,2045,1.0
RE1,DEMRESELCWHT_PAS_HIG_RUR,S102,2046,1.0
RE1,DEMRESELCWHT_PAS_HIG_RUR,S102,2047,1.0
RE1,DEMRESELCWHT_PAS_HIG_RUR,S102,2048,1.0
RE1,DEMRESELCWHT_PAS_HIG_RUR,S102,2049,1.0
RE1,DEMRESELCWHT_PAS_HIG_RUR,S102,2050,1.0
RE1,DEMRESELCWHT_PAS_HIG_RUR,S102,2051,1.0
RE1,DEMRESELCWHT_PAS_HIG_RUR,S102,2052,1.0
RE1,DEMRESELCWHT_PAS_HIG_RUR,S102,2053,1.0
RE1,DEMRESELCWHT_PAS_HIG_RUR,S102,2054,1.0
RE1,DEMRESELCWHT_PAS_HIG_RUR,S102,2055,1.0
RE1,DEMRESELCWHT_PAS_HIG_URB,S101,2022,1.0
RE1,DEMRESELCWHT_PAS_HIG_URB,S101,2023,1.0
RE1,DEMRESELCWHT_PAS_HIG_URB,S101,2024,1.0
RE1,DEMRESELCWHT_PAS_HIG_URB,S101,2025,1.0
RE1,DEMRESELCWHT_PAS_HIG_URB,S101,2026,1.0
RE1,DEMRESELCWHT_PAS_HIG_URB,S101,2027,1.0
RE1,DEMRESELCWHT_PAS_HIG_URB,S101,2028,1.0
RE1,DEMRESELCWHT_PAS_HIG_URB,S101,2029,1.0
RE1,DEMRESELCWHT_PAS_HIG_URB,S101,2030,1.0
RE1,DEMRESELCWHT_PAS_HIG_URB,S101,2031,1.0
RE1,DEMRESELCWHT_PAS_HIG_URB,S101,2032,1.0
RE1,DEMRESELCWHT_PAS_HIG_URB,S101,2033,1.0
RE1,DEMRESELCWHT_PAS_HIG_URB,S101,2034,1.0
RE1,DEMRESELCWHT_PAS_HIG_URB,S101,2035,1.0
RE1,DEMRESELCWHT_PAS_HIG_URB,S101,2036,1.0
RE1,DEMRESELCWHT_PAS_HIG_URB,S101,2037,1.0
RE1,DEMRESELCWHT_PAS_HIG_URB,S101,2038,1.0
RE1,DEMRESELCWHT_PAS_HIG_URB,S101,2039,1.0
RE1,DEMRESELCWHT_PAS_HIG_URB,S101,2040,1.0
RE1,DEMRESELCWHT_PAS_HIG_URB,S101,2041,1.0
RE1,DEMRESELCWHT_PAS_HIG_URB,S101,2042,1.0
RE1,DEMRESELCWHT_PAS_HIG_URB,S101,2043,1.0
RE1,DEMRESELCWHT_PAS_HIG_URB,S101,2044,1.0
RE1,DEMRESELCWHT_PAS_HIG_URB,S101,2045,1.0
RE1,DEMRESELCWHT_PAS_HIG_URB,S101,2046,1.0
RE1,DEMRESELCWHT_PAS_HIG_URB,S101,2047,1.0
RE1,DEMRESELCWHT_PAS_HIG_URB,S101,2048,1.0
RE1,DEMRESELCWHT_PAS_HIG_URB,S101,2049,1.0
RE1,DEMRESELCWHT_PAS_HIG_URB,S101,2050,1.0
RE1,DEMRESELCWHT_PAS_HIG_URB,S101,2051,1.0
RE1,DEMRESELCWHT_PAS_HIG_URB,S101,2052,1.0
RE1,DEMRESELCWHT_PAS_HIG_URB,S101,2053,1.0
RE1,DEMRESELCWHT_PAS_HIG_URB,S101,2054,1.0
RE1,DEMRESELCWHT_PAS_HIG_URB,S101,2055,1.0
RE1,DEMRESELCWHT_PAS_HIG_URB,S102,2022,1.0
RE1,DEMRESELCWHT_PAS_HIG_URB,S102,2023,1.0
RE1,DEMRESELCWHT_PAS_HIG_URB,S102,2024,1.0
RE1,DEMRESELCWHT_PAS_HIG_URB,S102,2025,1.0
RE1,DEMRESELCWHT_PAS_HIG_URB,S102,2026,1.0
RE1,DEMRESELCWHT_PAS_HIG_URB,S102,2027,1.0
RE1,DEMRESELCWHT_PAS_HIG_URB,S102,2028,1.0
RE1,DEMRESELCWHT_PAS_HIG_URB,S102,2029,1.0
RE1,DEMRESELCWHT_PAS_HIG_URB,S102,2030,1.0
RE1,DEMRESELCWHT_PAS_HIG_URB,S102,2031,1.0
RE1,DEMRESELCWHT_PAS_HIG_URB,S102,2032,1.0
RE1,DEMRESELCWHT_PAS_HIG_URB,S102,2033,1.0
RE1,DEMRESELCWHT_PAS_HIG_URB,S102,2034,1.0
RE1,DEMRESELCWHT_PAS_HIG_URB,S102,2035,1.0
RE1,DEMRESELCWHT_PAS_HIG_URB,S102,2036,1.0
RE1,DEMRESELCWHT_PAS_HIG_URB,S102,2037,1.0
RE1,DEMRESELCWHT_PAS_HIG_URB,S102,2038,1.0
RE1,DEMRESELCWHT_PAS_HIG_URB,S102,2039,1.0
RE1,DEMRESELCWHT_PAS_HIG_URB,S102,2040,1.0
RE1,DEMRESELCWHT_PAS_HIG_URB,S102,2041,1.0
RE1,DEMRESELCWHT_PAS_HIG_URB,S102,2042,1.0
RE1,DEMRESELCWHT_PAS_HIG_URB,S102,2043,1.0
RE1,DEMRESELCWHT_PAS_HIG_URB,S102,2044,1.0
RE1,DEMRESELCWHT_PAS_HIG_URB,S102,2045,1.0
RE1,DEMRESELCWHT_PAS_HIG_URB,S102,2046,1.0
RE1,DEMRESELCWHT_PAS_HIG_URB,S102,2047,1.0
RE1,DEMRESELCWHT_PAS_HIG_URB,S102,2048,1.0
RE1,DEMRESELCWHT_PAS_HIG_URB,S102,2049,1.0
RE1,DEMRESELCWHT_PAS_HIG_URB,S102,2050,1.0
RE1,DEMRESELCWHT_PAS_HIG_URB,S102,2051,1.0
RE1,DEMRESELCWHT_PAS_HIG_URB,S102,2052,1.0
RE1,DEMRESELCWHT_PAS_HIG_URB,S102,2053,1.0
RE1,DEMRESELCWHT_PAS_HIG_URB,S102,2054,1.0
RE1,DEMRESELCWHT_PAS_HIG_URB,S102,2055,1.0
RE1,DEMRESELCWHT_PAS_LOW_RUR,S101,2022,1.0
RE1,DEMRESELCWHT_PAS_LOW_RUR,S101,2023,1.0
RE1,DEMRESELCWHT_PAS_LOW_RUR,S101,2024,1.0
RE1,DEMRESELCWHT_PAS_LOW_RUR,S101,2025,1.0
RE1,DEMRESELCWHT_PAS_LOW_RUR,S101,2026,1.0
RE1,DEMRESELCWHT_PAS_LOW_RUR,S101,2027,1.0
RE1,DEMRESELCWHT_PAS_LOW_RUR,S101,2028,1.0
RE1,DEMRESELCWHT_PAS_LOW_RUR,S101,2029,1.0
RE1,DEMRESELCWHT_PAS_LOW_RUR,S101,2030,1.0
RE1,DEMRESELCWHT_PAS_LOW_RUR,S101,2031,1.0
RE1,DEMRESELCWHT_PAS_LOW_RUR,S101,2032,1.0
RE1,DEMRESELCWHT_PAS_LOW_RUR,S101,2033,1.0
RE1,DEMRESELCWHT_PAS_LOW_RUR,S101,2034,1.0
RE1,DEMRESELCWHT_PAS_LOW_RUR,S101,2035,1.0
RE1,DEMRESELCWHT_PAS_LOW_RUR,S101,2036,1.0
RE1,DEMRESELCWHT_PAS_LOW_RUR,S101,2037,1.0
RE1,DEMRESELCWHT_PAS_LOW_RUR,S101,2038,1.0
RE1,DEMRESELCWHT_PAS_LOW_RUR,S101,2039,1.0
RE1,DEMRESELCWHT_PAS_LOW_RUR,S101,2040,1.0
RE1,DEMRESELCWHT_PAS_LOW_RUR,S101,2041,1.0
RE1,DEMRESELCWHT_PAS_LOW_RUR,S101,2042,1.0
RE1,DEMRESELCWHT_PAS_LOW_RUR,S101,2043,1.0
RE1,DEMRESELCWHT_PAS_LOW_RUR,S101,2044,1.0
RE1,DEMRESELCWHT_PAS_LOW_RUR,S101,2045,1.0
RE1,DEMRESELCWHT_PAS_LOW_RUR,S101,2046,1.0
RE1,DEMRESELCWHT_PAS_LOW_RUR,S101,2047,1.0
RE1,DEMRESELCWHT_PAS_LOW_RUR,S101,2048,1.0
RE1,DEMRESELCWHT_PAS_LOW_RUR,S101,2049,1.0
RE1,DEMRESELCWHT_PAS_LOW_RUR,S101,2050,1.0
RE1,DEMRESELCWHT_PAS_LOW_RUR,S101,2051,1.0
RE1,DEMRESELCWHT_PAS_LOW_RUR,S101,2052,1.0
RE1,DEMRESELCWHT_PAS_LOW_RUR,S101,2053,1.0
RE1,DEMRESELCWHT_PAS_LOW_RUR,S101,2054,1.0
RE1,DEMRESELCWHT_PAS_LOW_RUR,S101,2055,1.0
RE1,DEMRESELCWHT_PAS_LOW_RUR,S102,2022,1.0
RE1,DEMRESELCWHT_PAS_LOW_RUR,S102,2023,1.0
RE1,DEMRESELCWHT_PAS_LOW_RUR,S102,2024,1.0
RE1,DEMRESELCWHT_PAS_LOW_RUR,S102,2025,1.0
RE1,DEMRESELCWHT_PAS_LOW_RUR,S102,2026,1.0
RE1,DEMRESELCWHT_PAS_LOW_RUR,S102,2027,1.0
RE1,DEMRESELCWHT_PAS_LOW_RUR,S102,2028,1.0
RE1,DEMRESELCWHT_PAS_LOW_RUR,S102,2029,1.0
RE1,DEMRESELCWHT_PAS_LOW_RUR,S102,2030,1.0
RE1,DEMRESELCWHT_PAS_LOW_RUR,S102,2031,1.0
RE1,DEMRESELCWHT_PAS_LOW_RUR,S102,2032,1.0
RE1,DEMRESELCWHT_PAS_LOW_RUR,S102,2033,1.0
RE1,DEMRESELCWHT_PAS_LOW_RUR,S102,2034,1.0
RE1,DEMRESELCWHT_PAS_LOW_RUR,S102,2035,1.0
RE1,DEMRESELCWHT_PAS_LOW_RUR,S102,2036,1.0
RE1,DEMRESELCWHT_PAS_LOW_RUR,S102,2037,1.0
RE1,DEMRESELCWHT_PAS_LOW_RUR,S102,2038,1.0
RE1,DEMRESELCWHT_PAS_LOW_RUR,S102,2039,1.0
RE1,DEMRESELCWHT_PAS_LOW_RUR,S102,2040,1.0
RE1,DEMRESELCWHT_PAS_LOW_RUR,S102,2041,1.0
RE1,DEMRESELCWHT_PAS_LOW_RUR,S102,2042,1.0
RE1,DEMRESELCWHT_PAS_LOW_RUR,S102,2043,1.0
RE1,DEMRESELCWHT_PAS_LOW_RUR,S102,2044,1.0
RE1,DEMRESELCWHT_PAS_LOW_RUR,S102,2045,1.0
RE1,DEMRESELCWHT_PAS_LOW_RUR,S102,2046,1.0
RE1,DEMRESELCWHT_PAS_LOW_RUR,S102,2047,1.0
RE1,DEMRESELCWHT_PAS_LOW_RUR,S102,2048,1.0
RE1,DEMRESELCWHT_PAS_LOW_RUR,S102,2049,1.0
RE1,DEMRESELCWHT_PAS_LOW_RUR,S102,2050,1.0
RE1,DEMRESELCWHT_PAS_LOW_RUR,S102,2051,1.0
RE1,DEMRESELCWHT_PAS_LOW_RUR,S102,2052,1.0
RE1,DEMRESELCWHT_PAS_LOW_RUR,S102,2053,1.0
RE1,DEMRESELCWHT_PAS_LOW_RUR,S102,2054,1.0
RE1,DEMRESELCWHT_PAS_LOW_RUR,S102,2055,1.0
RE1,DEMRESELCWHT_PAS_LOW_URB,S101,2022,1.0
RE1,DEMRESELCWHT_PAS_LOW_URB,S101,2023,1.0
RE1,DEMRESELCWHT_PAS_LOW_URB,S101,2024,1.0
RE1,DEMRESELCWHT_PAS_LOW_URB,S101,2025,1.0
RE1,DEMRESELCWHT_PAS_LOW_URB,S101,2026,1.0
RE1,DEMRESELCWHT_PAS_LOW_URB,S101,2027,1.0
RE1,DEMRESELCWHT_PAS_LOW_URB,S101,2028,1.0
RE1,DEMRESELCWHT_PAS_LOW_URB,S101,2029,1.0
RE1,DEMRESELCWHT_PAS_LOW_URB,S101,2030,1.0
RE1,DEMRESELCWHT_PAS_LOW_URB,S101,2031,1.0
RE1,DEMRESELCWHT_PAS_LOW_URB,S101,2032,1.0
RE1,DEMRESELCWHT_PAS_LOW_URB,S101,2033,1.0
RE1,DEMRESELCWHT_PAS_LOW_URB,S101,2034,1.0
RE1,DEMRESELCWHT_PAS_LOW_URB,S101,2035,1.0
RE1,DEMRESELCWHT_PAS_LOW_URB,S101,2036,1.0
RE1,DEMRESELCWHT_PAS_LOW_URB,S101,2037,1.0
RE1,DEMRESELCWHT_PAS_LOW_URB,S101,2038,1.0
RE1,DEMRESELCWHT_PAS_LOW_URB,S101,2039,1.0
RE1,DEMRESELCWHT_PAS_LOW_URB,S101,2040,1.0
RE1,DEMRESELCWHT_PAS_LOW_URB,S101,2041,1.0
RE1,DEMRESELCWHT_PAS_LOW_URB,S101,2042,1.0
RE1,DEMRESELCWHT_PAS_LOW_URB,S101,2043,1.0
RE1,DEMRESELCWHT_PAS_LOW_URB,S101,2044,1.0
RE1,DEMRESELCWHT_PAS_LOW_URB,S101,2045,1.0
RE1,DEMRESELCWHT_PAS_LOW_URB,S101,2046,1.0
RE1,DEMRESELCWHT_PAS_LOW_URB,S101,2047,1.0
RE1,DEMRESELCWHT_PAS_LOW_URB,S101,2048,1.0
RE1,DEMRESELCWHT_PAS_LOW_URB,S101,2049,1.0
RE1,DEMRESELCWHT_PAS_LOW_URB,S101,2050,1.0
RE1,DEMRESELCWHT_PAS_LOW_URB,S101,2051,1.0
RE1,DEMRESELCWHT_PAS_LOW_URB,S101,2052,1.0
RE1,DEMRESELCWHT_PAS_LOW_URB,S101,2053,1.0
RE1,DEMRESELCWHT_PAS_LOW_URB,S101,2054,1.0
RE1,DEMRESELCWHT_PAS_LOW_URB,S101,2055,1.0
RE1,DEMRESELCWHT_PAS_LOW_URB,S102,2022,1.0
RE1,DEMRESELCWHT_PAS_LOW_URB,S102,2023,1.0
RE1,DEMRESELCWHT_PAS_LOW_URB,S102,2024,1.0
RE1,DEMRESELCWHT_PAS_LOW_URB,S102,2025,1.0
RE1,DEMRESELCWHT_PAS_LOW_URB,S102,2026,1.0
RE1,DEMRESELCWHT_PAS_LOW_URB,S102,2027,1.0
RE1,DEMRESELCWHT_PAS_LOW_URB,S102,2028,1.0
RE1,DEMRESELCWHT_PAS_LOW_URB,S102,2029,1.0
RE1,DEMRESELCWHT_PAS_LOW_URB,S102,2030,1.0
RE1,DEMRESELCWHT_PAS_LOW_URB,S102,2031,1.0
RE1,DEMRESELCWHT_PAS_LOW_URB,S102,2032,1.0
RE1,DEMRESELCWHT_PAS_LOW_URB,S102,2033,1.0
RE1,DEMRESELCWHT_PAS_LOW_URB,S102,2034,1.0
RE1,DEMRESELCWHT_PAS_LOW_URB,S102,2035,1.0
RE1,DEMRESELCWHT_PAS_LOW_URB,S102,2036,1.0
RE1,DEMRESELCWHT_PAS_LOW_URB,S102,2037,1.0
RE1,DEMRESELCWHT_PAS_LOW_URB,S102,2038,1.0
RE1,DEMRESELCWHT_PAS_LOW_URB,S102,2039,1.0
RE1,DEMRESELCWHT_PAS_LOW_URB,S102,2040,1.0
RE1,DEMRESELCWHT_PAS_LOW_URB,S102,2041,1.0
RE1,DEMRESELCWHT_PAS_LOW_URB,S102,2042,1.0
RE1,DEMRESELCWHT_PAS_LOW_URB,S102,2043,1.0
RE1,DEMRESELCWHT_PAS_LOW_URB,S102,2044,1.0
RE1,DEMRESELCWHT_PAS_LOW_URB,S102,2045,1.0
RE1,DEMRESELCWHT_PAS_LOW_URB,S102,2046,1.0
RE1,DEMRESELCWHT_PAS_LOW_URB,S102,2047,1.0
RE1,DEMRESELCWHT_PAS_LOW_URB,S102,2048,1.0
RE1,DEMRESELCWHT_PAS_LOW_URB,S102,2049,1.0
RE1,DEMRESELCWHT_PAS_LOW_URB,S102,2050,1.0
RE1,DEMRESELCWHT_PAS_LOW_URB,S102,2051,1.0
RE1,DEMRESELCWHT_PAS_LOW_URB,S102,2052,1.0
RE1,DEMRESELCWHT_PAS_LOW_URB,S102,2053,1.0
RE1,DEMRESELCWHT_PAS_LOW_URB,S102,2054,1.0
RE1,DEMRESELCWHT_PAS_LOW_URB,S102,2055,1.0
RE1,DEMRESELCWHT_PAS_MID_RUR,S101,2022,1.0
RE1,DEMRESELCWHT_PAS_MID_RUR,S101,2023,1.0
RE1,DEMRESELCWHT_PAS_MID_RUR,S101,2024,1.0
RE1,DEMRESELCWHT_PAS_MID_RUR,S101,2025,1.0
RE1,DEMRESELCWHT_PAS_MID_RUR,S101,2026,1.0
RE1,DEMRESELCWHT_PAS_MID_RUR,S101,2027,1.0
RE1,DEMRESELCWHT_PAS_MID_RUR,S101,2028,1.0
RE1,DEMRESELCWHT_PAS_MID_RUR,S101,2029,1.0
RE1,DEMRESELCWHT_PAS_MID_RUR,S101,2030,1.0
RE1,DEMRESELCWHT_PAS_MID_RUR,S101,2031,1.0
RE1,DEMRESELCWHT_PAS_MID_RUR,S101,2032,1.0
RE1,DEMRESELCWHT_PAS_MID_RUR,S101,2033,1.0
RE1,DEMRESELCWHT_PAS_MID_RUR,S101,2034,1.0
RE1,DEMRESELCWHT_PAS_MID_RUR,S101,2035,1.0
RE1,DEMRESELCWHT_PAS_MID_RUR,S101,2036,1.0
RE1,DEMRESELCWHT_PAS_MID_RUR,S101,2037,1.0
RE1,DEMRESELCWHT_PAS_MID_RUR,S101,2038,1.0
RE1,DEMRESELCWHT_PAS_MID_RUR,S101,2039,1.0
RE1,DEMRESELCWHT_PAS_MID_RUR,S101,2040,1.0
RE1,DEMRESELCWHT_PAS_MID_RUR,S101,2041,1.0
RE1,DEMRESELCWHT_PAS_MID_RUR,S101,2042,1.0
RE1,DEMRESELCWHT_PAS_MID_RUR,S101,2043,1.0
RE1,DEMRESELCWHT_PAS_MID_RUR,S101,2044,1.0
RE1,DEMRESELCWHT_PAS_MID_RUR,S101,2045,1.0
RE1,DEMRESELCWHT_PAS_MID_RUR,S101,2046,1.0
RE1,DEMRESELCWHT_PAS_MID_RUR,S101,2047,1.0
RE1,DEMRESELCWHT_PAS_MID_RUR,S101,2048,1.0
RE1,DEMRESELCWHT_PAS_MID_RUR,S101,2049,1.0
RE1,DEMRESELCWHT_PAS_MID_RUR,S101,2050,1.0
RE1,DEMRESELCWHT_PAS_MID_RUR,S101,2051,1.0
RE1,DEMRESELCWHT_PAS_MID_RUR,S101,2052,1.0
RE1,DEMRESELCWHT_PAS_MID_RUR,S101,2053,1.0
RE1,DEMRESELCWHT_PAS_MID_RUR,S101,2054,1.0
RE1,DEMRESELCWHT_PAS_MID_RUR,S101,2055,1.0
RE1,DEMRESELCWHT_PAS_MID_RUR,S102,2022,1.0
RE1,DEMRESELCWHT_PAS_MID_RUR,S102,2023,1.0
RE1,DEMRESELCWHT_PAS_MID_RUR,S102,2024,1.0
RE1,DEMRESELCWHT_PAS_MID_RUR,S102,2025,1.0
RE1,DEMRESELCWHT_PAS_MID_RUR,S102,2026,1.0
RE1,DEMRESELCWHT_PAS_MID_RUR,S102,2027,1.0
RE1,DEMRESELCWHT_PAS_MID_RUR,S102,2028,1.0
RE1,DEMRESELCWHT_PAS_MID_RUR,S102,2029,1.0
RE1,DEMRESELCWHT_PAS_MID_RUR,S102,2030,1.0
RE1,DEMRESELCWHT_PAS_MID_RUR,S102,2031,1.0
RE1,DEMRESELCWHT_PAS_MID_RUR,S102,2032,1.0
RE1,DEMRESELCWHT_PAS_MID_RUR,S102,2033,1.0
RE1,DEMRESELCWHT_PAS_MID_RUR,S102,2034,1.0
RE1,DEMRESELCWHT_PAS_MID_RUR,S102,2035,1.0
RE1,DEMRESELCWHT_PAS_MID_RUR,S102,2036,1.0
RE1,DEMRESELCWHT_PAS_MID_RUR,S102,2037,1.0
RE1,DEMRESELCWHT_PAS_MID_RUR,S102,2038,1.0
RE1,DEMRESELCWHT_PAS_MID_RUR,S102,2039,1.0
RE1,DEMRESELCWHT_PAS_MID_RUR,S102,2040,1.0
RE1,DEMRESELCWHT_PAS_MID_RUR,S102,2041,1.0
RE1,DEMRESELCWHT_PAS_MID_RUR,S102,2042,1.0
RE1,DEMRESELCWHT_PAS_MID_RUR,S102,2043,1.0
RE1,DEMRESELCWHT_PAS_MID_RUR,S102,2044,1.0
RE1,DEMRESELCWHT_PAS_MID_RUR,S102,2045,1.0
RE1,DEMRESELCWHT_PAS_MID_RUR,S102,2046,1.0
RE1,DEMRESELCWHT_PAS_MID_RUR,S102,2047,1.0
RE1,DEMRESELCWHT_PAS_MID_RUR,S102,2048,1.0
RE1,DEMRESELCWHT_PAS_MID_RUR,S102,2049,1.0
RE1,DEMRESELCWHT_PAS_MID_RUR,S102,2050,1.0
RE1,DEMRESELCWHT_PAS_MID_RUR,S102,2051,1.0
RE1,DEMRESELCWHT_PAS_MID_RUR,S102,2052,1.0
RE1,DEMRESELCWHT_PAS_MID_RUR,S102,2053,1.0
RE1,DEMRESELCWHT_PAS_MID_RUR,S102,2054,1.0
RE1,DEMRESELCWHT_PAS_MID_RUR,S102,2055,1.0
RE1,DEMRESELCWHT_PAS_MID_URB,S101,2022,1.0
RE1,DEMRESELCWHT_PAS_MID_URB,S101,2023,1.0
RE1,DEMRESELCWHT_PAS_MID_URB,S101,2024,1.0
RE1,DEMRESELCWHT_PAS_MID_URB,S101,2025,1.0
RE1,DEMRESELCWHT_PAS_MID_URB,S101,2026,1.0
RE1,DEMRESELCWHT_PAS_MID_URB,S101,2027,1.0
RE1,DEMRESELCWHT_PAS_MID_URB,S101,2028,1.0
RE1,DEMRESELCWHT_PAS_MID_URB,S101,2029,1.0
RE1,DEMRESELCWHT_PAS_MID_URB,S101,2030,1.0
RE1,DEMRESELCWHT_PAS_MID_URB,S101,2031,1.0
RE1,DEMRESELCWHT_PAS_MID_URB,S101,2032,1.0
RE1,DEMRESELCWHT_PAS_MID_URB,S101,2033,1.0
RE1,DEMRESELCWHT_PAS_MID_URB,S101,2034,1.0
RE1,DEMRESELCWHT_PAS_MID_URB,S101,2035,1.0
RE1,DEMRESELCWHT_PAS_MID_URB,S101,2036,1.0
RE1,DEMRESELCWHT_PAS_MID_URB,S101,2037,1.0
RE1,DEMRESELCWHT_PAS_MID_URB,S101,2038,1.0
RE1,DEMRESELCWHT_PAS_MID_URB,S101,2039,1.0
RE1,DEMRESELCWHT_PAS_MID_URB,S101,2040,1.0
RE1,DEMRESELCWHT_PAS_MID_URB,S101,2041,1.0
RE1,DEMRESELCWHT_PAS_MID_URB,S101,2042,1.0
RE1,DEMRESELCWHT_PAS_MID_URB,S101,2043,1.0
RE1,DEMRESELCWHT_PAS_MID_URB,S101,2044,1.0
RE1,DEMRESELCWHT_PAS_MID_URB,S101,2045,1.0
RE1,DEMRESELCWHT_PAS_MID_URB,S101,2046,1.0
RE1,DEMRESELCWHT_PAS_MID_URB,S101,2047,1.0
RE1,DEMRESELCWHT_PAS_MID_URB,S101,2048,1.0
RE1,DEMRESELCWHT_PAS_MID_URB,S101,2049,1.0
RE1,DEMRESELCWHT_PAS_MID_URB,S101,2050,1.0
RE1,DEMRESELCWHT_PAS_MID_URB,S101,2051,1.0
RE1,DEMRESELCWHT_PAS_MID_URB,S101,2052,1.0
RE1,DEMRESELCWHT_PAS_MID_URB,S101,2053,1.0
RE1,DEMRESELCWHT_PAS_MID_URB,S101,2054,1.0
RE1,DEMRESELCWHT_PAS_MID_URB,S101,2055,1.0
RE1,DEMRESELCWHT_PAS_MID_URB,S102,2022,1.0
RE1,DEMRESELCWHT_PAS_MID_URB,S102,2023,1.0
RE1,DEMRESELCWHT_PAS_MID_URB,S102,2024,1.0
RE1,DEMRESELCWHT_PAS_MID_URB,S102,2025,1.0
RE1,DEMRESELCWHT_PAS_MID_URB,S102,2026,1.0
RE1,DEMRESELCWHT_PAS_MID_URB,S102,2027,1.0
RE1,DEMRESELCWHT_PAS_MID_URB,S102,2028,1.0
RE1,DEMRESELCWHT_PAS_MID_URB,S102,2029,1.0
RE1,DEMRESELCWHT_PAS_MID_URB,S102,2030,1.0
RE1,DEMRESELCWHT_PAS_MID_URB,S102,2031,1.0
RE1,DEMRESELCWHT_PAS_MID_URB,S102,2032,1.0
RE1,DEMRESELCWHT_PAS_MID_URB,S102,2033,1.0
RE1,DEMRESELCWHT_PAS_MID_URB,S102,2034,1.0
RE1,DEMRESELCWHT_PAS_MID_URB,S102,2035,1.0
RE1,DEMRESELCWHT_PAS_MID_URB,S102,2036,1.0
RE1,DEMRESELCWHT_PAS_MID_URB,S102,2037,1.0
RE1,DEMRESELCWHT_PAS_MID_URB,S102,2038,1.0
RE1,DEMRESELCWHT_PAS_MID_URB,S102,2039,1.0
RE1,DEMRESELCWHT_PAS_MID_URB,S102,2040,1.0
RE1,DEMRESELCWHT_PAS_MID_URB,S102,2041,1.0
RE1,DEMRESELCWHT_PAS_MID_URB,S102,2042,1.0
RE1,DEMRESELCWHT_PAS_MID_URB,S102,2043,1.0
RE1,DEMRESELCWHT_PAS_MID_URB,S102,2044,1.0
RE1,DEMRESELCWHT_PAS_MID_URB,S102,2045,1.0
RE1,DEMRESELCWHT_PAS_MID_URB,S102,2046,1.0
RE1,DEMRESELCWHT_PAS_MID_URB,S102,2047,1.0
RE1,DEMRESELCWHT_PAS_MID_URB,S102,2048,1.0
RE1,DEMRESELCWHT_PAS_MID_URB,S102,2049,1.0
RE1,DEMRESELCWHT_PAS_MID_URB,S102,2050,1.0
RE1,DEMRESELCWHT_PAS_MID_URB,S102,2051,1.0
RE1,DEMRESELCWHT_PAS_MID_URB,S102,2052,1.0
RE1,DEMRESELCWHT_PAS_MID_URB,S102,2053,1.0
RE1,DEMRESELCWHT_PAS_MID_URB,S102,2054,1.0
RE1,DEMRESELCWHT_PAS_MID_URB,S102,2055,1.0
RE1,DEMRESELCWHT_TAN_HIG_RUR,S101,2022,1.0
RE1,DEMRESELCWHT_TAN_HIG_RUR,S101,2023,1.0
RE1,DEMRESELCWHT_TAN_HIG_RUR,S101,2024,1.0
RE1,DEMRESELCWHT_TAN_HIG_RUR,S101,2025,1.0
RE1,DEMRESELCWHT_TAN_HIG_RUR,S101,2026,1.0
RE1,DEMRESELCWHT_TAN_HIG_RUR,S101,2027,1.0
RE1,DEMRESELCWHT_TAN_HIG_RUR,S101,2028,1.0
RE1,DEMRESELCWHT_TAN_HIG_RUR,S101,2029,1.0
RE1,DEMRESELCWHT_TAN_HIG_RUR,S101,2030,1.0
RE1,DEMRESELCWHT_TAN_HIG_RUR,S101,2031,1.0
RE1,DEMRESELCWHT_TAN_HIG_RUR,S101,2032,1.0
RE1,DEMRESELCWHT_TAN_HIG_RUR,S101,2033,1.0
RE1,DEMRESELCWHT_TAN_HIG_RUR,S101,2034,1.0
RE1,DEMRESELCWHT_TAN_HIG_RUR,S101,2035,1.0
RE1,DEMRESELCWHT_TAN_HIG_RUR,S101,2036,1.0
RE1,DEMRESELCWHT_TAN_HIG_RUR,S101,2037,1.0
RE1,DEMRESELCWHT_TAN_HIG_RUR,S101,2038,1.0
RE1,DEMRESELCWHT_TAN_HIG_RUR,S101,2039,1.0
RE1,DEMRESELCWHT_TAN_HIG_RUR,S101,2040,1.0
RE1,DEMRESELCWHT_TAN_HIG_RUR,S101,2041,1.0
RE1,DEMRESELCWHT_TAN_HIG_RUR,S101,2042,1.0
RE1,DEMRESELCWHT_TAN_HIG_RUR,S101,2043,1.0
RE1,DEMRESELCWHT_TAN_HIG_RUR,S101,2044,1.0
RE1,DEMRESELCWHT_TAN_HIG_RUR,S101,2045,1.0
RE1,DEMRESELCWHT_TAN_HIG_RUR,S101,2046,1.0
RE1,DEMRESELCWHT_TAN_HIG_RUR,S101,2047,1.0
RE1,DEMRESELCWHT_TAN_HIG_RUR,S101,2048,1.0
RE1,DEMRESELCWHT_TAN_HIG_RUR,S101,2049,1.0
RE1,DEMRESELCWHT_TAN_HIG_RUR,S101,2050,1.0
RE1,DEMRESELCWHT_TAN_HIG_RUR,S101,2051,1.0
RE1,DEMRESELCWHT_TAN_HIG_RUR,S101,2052,1.0
RE1,DEMRESELCWHT_TAN_HIG_RUR,S101,2053,1.0
RE1,DEMRESELCWHT_TAN_HIG_RUR,S101,2054,1.0
RE1,DEMRESELCWHT_TAN_HIG_RUR,S101,2055,1.0
RE1,DEMRESELCWHT_TAN_HIG_RUR,S102,2022,1.0
RE1,DEMRESELCWHT_TAN_HIG_RUR,S102,2023,1.0
RE1,DEMRESELCWHT_TAN_HIG_RUR,S102,2024,1.0
RE1,DEMRESELCWHT_TAN_HIG_RUR,S102,2025,1.0
RE1,DEMRESELCWHT_TAN_HIG_RUR,S102,2026,1.0
RE1,DEMRESELCWHT_TAN_HIG_RUR,S102,2027,1.0
RE1,DEMRESELCWHT_TAN_HIG_RUR,S102,2028,1.0
RE1,DEMRESELCWHT_TAN_HIG_RUR,S102,2029,1.0
RE1,DEMRESELCWHT_TAN_HIG_RUR,S102,2030,1.0
RE1,DEMRESELCWHT_TAN_HIG_RUR,S102,2031,1.0
RE1,DEMRESELCWHT_TAN_HIG_RUR,S102,2032,1.0
RE1,DEMRESELCWHT_TAN_HIG_RUR,S102,2033,1.0
RE1,DEMRESELCWHT_TAN_HIG_RUR,S102,2034,1.0
RE1,DEMRESELCWHT_TAN_HIG_RUR,S102,2035,1.0
RE1,DEMRESELCWHT_TAN_HIG_RUR,S102,2036,1.0
RE1,DEMRESELCWHT_TAN_HIG_RUR,S102,2037,1.0
RE1,DEMRESELCWHT_TAN_HIG_RUR,S102,2038,1.0
RE1,DEMRESELCWHT_TAN_HIG_RUR,S102,2039,1.0
RE1,DEMRESELCWHT_TAN_HIG_RUR,S102,2040,1.0
RE1,DEMRESELCWHT_TAN_HIG_RUR,S102,2041,1.0
RE1,DEMRESELCWHT_TAN_HIG_RUR,S102,2042,1.0
RE1,DEMRESELCWHT_TAN_HIG_RUR,S102,2043,1.0
RE1,DEMRESELCWHT_TAN_HIG_RUR,S102,2044,1.0
RE1,DEMRESELCWHT_TAN_HIG_RUR,S102,2045,1.0
RE1,DEMRESELCWHT_TAN_HIG_RUR,S102,2046,1.0
RE1,DEMRESELCWHT_TAN_HIG_RUR,S102,2047,1.0
RE1,DEMRESELCWHT_TAN_HIG_RUR,S102,2048,1.0
RE1,DEMRESELCWHT_TAN_HIG_RUR,S102,2049,1.0
RE1,DEMRESELCWHT_TAN_HIG_RUR,S102,2050,1.0
RE1,DEMRESELCWHT_TAN_HIG_RUR,S102,2051,1.0
RE1,DEMRESELCWHT_TAN_HIG_RUR,S102,2052,1.0
RE1,DEMRESELCWHT_TAN_HIG_RUR,S102,2053,1.0
RE1,DEMRESELCWHT_TAN_HIG_RUR,S102,2054,1.0
RE1,DEMRESELCWHT_TAN_HIG_RUR,S102,2055,1.0
RE1,DEMRESELCWHT_TAN_HIG_URB,S101,2022,1.0
RE1,DEMRESELCWHT_TAN_HIG_URB,S101,2023,1.0
RE1,DEMRESELCWHT_TAN_HIG_URB,S101,2024,1.0
RE1,DEMRESELCWHT_TAN_HIG_URB,S101,2025,1.0
RE1,DEMRESELCWHT_TAN_HIG_URB,S101,2026,1.0
RE1,DEMRESELCWHT_TAN_HIG_URB,S101,2027,1.0
RE1,DEMRESELCWHT_TAN_HIG_URB,S101,2028,1.0
RE1,DEMRESELCWHT_TAN_HIG_URB,S101,2029,1.0
RE1,DEMRESELCWHT_TAN_HIG_URB,S101,2030,1.0
RE1,DEMRESELCWHT_TAN_HIG_URB,S101,2031,1.0
RE1,DEMRESELCWHT_TAN_HIG_URB,S101,2032,1.0
RE1,DEMRESELCWHT_TAN_HIG_URB,S101,2033,1.0
RE1,DEMRESELCWHT_TAN_HIG_URB,S101,2034,1.0
RE1,DEMRESELCWHT_TAN_HIG_URB,S101,2035,1.0
RE1,DEMRESELCWHT_TAN_HIG_URB,S101,2036,1.0
RE1,DEMRESELCWHT_TAN_HIG_URB,S101,2037,1.0
RE1,DEMRESELCWHT_TAN_HIG_URB,S101,2038,1.0
RE1,DEMRESELCWHT_TAN_HIG_URB,S101,2039,1.0
RE1,DEMRESELCWHT_TAN_HIG_URB,S101,2040,1.0
RE1,DEMRESELCWHT_TAN_HIG_URB,S101,2041,1.0
RE1,DEMRESELCWHT_TAN_HIG_URB,S101,2042,1.0
RE1,DEMRESELCWHT_TAN_HIG_URB,S101,2043,1.0
RE1,DEMRESELCWHT_TAN_HIG_URB,S101,2044,1.0
RE1,DEMRESELCWHT_TAN_HIG_URB,S101,2045,1.0
RE1,DEMRESELCWHT_TAN_HIG_URB,S101,2046,1.0
RE1,DEMRESELCWHT_TAN_HIG_URB,S101,2047,1.0
RE1,DEMRESELCWHT_TAN_HIG_URB,S101,2048,1.0
RE1,DEMRESELCWHT_TAN_HIG_URB,S101,2049,1.0
RE1,DEMRESELCWHT_TAN_HIG_URB,S101,2050,1.0
RE1,DEMRESELCWHT_TAN_HIG_URB,S101,2051,1.0
RE1,DEMRESELCWHT_TAN_HIG_URB,S101,2052,1.0
RE1,DEMRESELCWHT_TAN_HIG_URB,S101,2053,1.0
RE1,DEMRESELCWHT_TAN_HIG_URB,S101,2054,1.0
RE1,DEMRESELCWHT_TAN_HIG_URB,S101,2055,1.0
RE1,DEMRESELCWHT_TAN_HIG_URB,S102,2022,1.0
RE1,DEMRESELCWHT_TAN_HIG_URB,S102,2023,1.0
RE1,DEMRESELCWHT_TAN_HIG_URB,S102,2024,1.0
RE1,DEMRESELCWHT_TAN_HIG_URB,S102,2025,1.0
RE1,DEMRESELCWHT_TAN_HIG_URB,S102,2026,1.0
RE1,DEMRESELCWHT_TAN_HIG_URB,S102,2027,1.0
RE1,DEMRESELCWHT_TAN_HIG_URB,S102,2028,1.0
RE1,DEMRESELCWHT_TAN_HIG_URB,S102,2029,1.0
RE1,DEMRESELCWHT_TAN_HIG_URB,S102,2030,1.0
RE1,DEMRESELCWHT_TAN_HIG_URB,S102,2031,1.0
RE1,DEMRESELCWHT_TAN_HIG_URB,S102,2032,1.0
RE1,DEMRESELCWHT_TAN_HIG_URB,S102,2033,1.0
RE1,DEMRESELCWHT_TAN_HIG_URB,S102,2034,1.0
RE1,DEMRESELCWHT_TAN_HIG_URB,S102,2035,1.0
RE1,DEMRESELCWHT_TAN_HIG_URB,S102,2036,1.0
RE1,DEMRESELCWHT_TAN_HIG_URB,S102,2037,1.0
RE1,DEMRESELCWHT_TAN_HIG_URB,S102,2038,1.0
RE1,DEMRESELCWHT_TAN_HIG_URB,S102,2039,1.0
RE1,DEMRESELCWHT_TAN_HIG_URB,S102,2040,1.0
RE1,DEMRESELCWHT_TAN_HIG_URB,S102,2041,1.0
RE1,DEMRESELCWHT_TAN_HIG_URB,S102,2042,1.0
RE1,DEMRESELCWHT_TAN_HIG_URB,S102,2043,1.0
RE1,DEMRESELCWHT_TAN_HIG_URB,S102,2044,1.0
RE1,DEMRESELCWHT_TAN_HIG_URB,S102,2045,1.0
RE1,DEMRESELCWHT_TAN_HIG_URB,S102,2046,1.0
RE1,DEMRESELCWHT_TAN_HIG_URB,S102,2047,1.0
RE1,DEMRESELCWHT_TAN_HIG_URB,S102,2048,1.0
RE1,DEMRESELCWHT_TAN_HIG_URB,S102,2049,1.0
RE1,DEMRESELCWHT_TAN_HIG_URB,S102,2050,1.0
RE1,DEMRESELCWHT_TAN_HIG_URB,S102,2051,1.0
RE1,DEMRESELCWHT_TAN_HIG_URB,S102,2052,1.0
RE1,DEMRESELCWHT_TAN_HIG_URB,S102,2053,1.0
RE1,DEMRESELCWHT_TAN_HIG_URB,S102,2054,1.0
RE1,DEMRESELCWHT_TAN_HIG_URB,S102,2055,1.0
RE1,DEMRESELCWHT_TAN_LOW_RUR,S101,2022,1.0
RE1,DEMRESELCWHT_TAN_LOW_RUR,S101,2023,1.0
RE1,DEMRESELCWHT_TAN_LOW_RUR,S101,2024,1.0
RE1,DEMRESELCWHT_TAN_LOW_RUR,S101,2025,1.0
RE1,DEMRESELCWHT_TAN_LOW_RUR,S101,2026,1.0
RE1,DEMRESELCWHT_TAN_LOW_RUR,S101,2027,1.0
RE1,DEMRESELCWHT_TAN_LOW_RUR,S101,2028,1.0
RE1,DEMRESELCWHT_TAN_LOW_RUR,S101,2029,1.0
RE1,DEMRESELCWHT_TAN_LOW_RUR,S101,2030,1.0
RE1,DEMRESELCWHT_TAN_LOW_RUR,S101,2031,1.0
RE1,DEMRESELCWHT_TAN_LOW_RUR,S101,2032,1.0
RE1,DEMRESELCWHT_TAN_LOW_RUR,S101,2033,1.0
RE1,DEMRESELCWHT_TAN_LOW_RUR,S101,2034,1.0
RE1,DEMRESELCWHT_TAN_LOW_RUR,S101,2035,1.0
RE1,DEMRESELCWHT_TAN_LOW_RUR,S101,2036,1.0
RE1,DEMRESELCWHT_TAN_LOW_RUR,S101,2037,1.0
RE1,DEMRESELCWHT_TAN_LOW_RUR,S101,2038,1.0
RE1,DEMRESELCWHT_TAN_LOW_RUR,S101,2039,1.0
RE1,DEMRESELCWHT_TAN_LOW_RUR,S101,2040,1.0
RE1,DEMRESELCWHT_TAN_LOW_RUR,S101,2041,1.0
RE1,DEMRESELCWHT_TAN_LOW_RUR,S101,2042,1.0
RE1,DEMRESELCWHT_TAN_LOW_RUR,S101,2043,1.0
RE1,DEMRESELCWHT_TAN_LOW_RUR,S101,2044,1.0
RE1,DEMRESELCWHT_TAN_LOW_RUR,S101,2045,1.0
RE1,DEMRESELCWHT_TAN_LOW_RUR,S101,2046,1.0
RE1,DEMRESELCWHT_TAN_LOW_RUR,S101,2047,1.0
RE1,DEMRESELCWHT_TAN_LOW_RUR,S101,2048,1.0
RE1,DEMRESELCWHT_TAN_LOW_RUR,S101,2049,1.0
RE1,DEMRESELCWHT_TAN_LOW_RUR,S101,2050,1.0
RE1,DEMRESELCWHT_TAN_LOW_RUR,S101,2051,1.0
RE1,DEMRESELCWHT_TAN_LOW_RUR,S101,2052,1.0
RE1,DEMRESELCWHT_TAN_LOW_RUR,S101,2053,1.0
RE1,DEMRESELCWHT_TAN_LOW_RUR,S101,2054,1.0
RE1,DEMRESELCWHT_TAN_LOW_RUR,S101,2055,1.0
RE1,DEMRESELCWHT_TAN_LOW_RUR,S102,2022,1.0
RE1,DEMRESELCWHT_TAN_LOW_RUR,S102,2023,1.0
RE1,DEMRESELCWHT_TAN_LOW_RUR,S102,2024,1.0
RE1,DEMRESELCWHT_TAN_LOW_RUR,S102,2025,1.0
RE1,DEMRESELCWHT_TAN_LOW_RUR,S102,2026,1.0
RE1,DEMRESELCWHT_TAN_LOW_RUR,S102,2027,1.0
RE1,DEMRESELCWHT_TAN_LOW_RUR,S102,2028,1.0
RE1,DEMRESELCWHT_TAN_LOW_RUR,S102,2029,1.0
RE1,DEMRESELCWHT_TAN_LOW_RUR,S102,2030,1.0
RE1,DEMRESELCWHT_TAN_LOW_RUR,S102,2031,1.0
RE1,DEMRESELCWHT_TAN_LOW_RUR,S102,2032,1.0
RE1,DEMRESELCWHT_TAN_LOW_RUR,S102,2033,1.0
RE1,DEMRESELCWHT_TAN_LOW_RUR,S102,2034,1.0
RE1,DEMRESELCWHT_TAN_LOW_RUR,S102,2035,1.0
RE1,DEMRESELCWHT_TAN_LOW_RUR,S102,2036,1.0
RE1,DEMRESELCWHT_TAN_LOW_RUR,S102,2037,1.0
RE1,DEMRESELCWHT_TAN_LOW_RUR,S102,2038,1.0
RE1,DEMRESELCWHT_TAN_LOW_RUR,S102,2039,1.0
RE1,DEMRESELCWHT_TAN_LOW_RUR,S102,2040,1.0
RE1,DEMRESELCWHT_TAN_LOW_RUR,S102,2041,1.0
RE1,DEMRESELCWHT_TAN_LOW_RUR,S102,2042,1.0
RE1,DEMRESELCWHT_TAN_LOW_RUR,S102,2043,1.0
RE1,DEMRESELCWHT_TAN_LOW_RUR,S102,2044,1.0
RE1,DEMRESELCWHT_TAN_LOW_RUR,S102,2045,1.0
RE1,DEMRESELCWHT_TAN_LOW_RUR,S102,2046,1.0
RE1,DEMRESELCWHT_TAN_LOW_RUR,S102,2047,1.0
RE1,DEMRESELCWHT_TAN_LOW_RUR,S102,2048,1.0
RE1,DEMRESELCWHT_TAN_LOW_RUR,S102,2049,1.0
RE1,DEMRESELCWHT_TAN_LOW_RUR,S102,2050,1.0
RE1,DEMRESELCWHT_TAN_LOW_RUR,S102,2051,1.0
RE1,DEMRESELCWHT_TAN_LOW_RUR,S102,2052,1.0
RE1,DEMRESELCWHT_TAN_LOW_RUR,S102,2053,1.0
RE1,DEMRESELCWHT_TAN_LOW_RUR,S102,2054,1.0
RE1,DEMRESELCWHT_TAN_LOW_RUR,S102,2055,1.0
RE1,DEMRESELCWHT_TAN_LOW_URB,S101,2022,1.0
RE1,DEMRESELCWHT_TAN_LOW_URB,S101,2023,1.0
RE1,DEMRESELCWHT_TAN_LOW_URB,S101,2024,1.0
RE1,DEMRESELCWHT_TAN_LOW_URB,S101,2025,1.0
RE1,DEMRESELCWHT_TAN_LOW_URB,S101,2026,1.0
RE1,DEMRESELCWHT_TAN_LOW_URB,S101,2027,1.0
RE1,DEMRESELCWHT_TAN_LOW_URB,S101,2028,1.0
RE1,DEMRESELCWHT_TAN_LOW_URB,S101,2029,1.0
RE1,DEMRESELCWHT_TAN_LOW_URB,S101,2030,1.0
RE1,DEMRESELCWHT_TAN_LOW_URB,S101,2031,1.0
RE1,DEMRESELCWHT_TAN_LOW_URB,S101,2032,1.0
RE1,DEMRESELCWHT_TAN_LOW_URB,S101,2033,1.0
RE1,DEMRESELCWHT_TAN_LOW_URB,S101,2034,1.0
RE1,DEMRESELCWHT_TAN_LOW_URB,S101,2035,1.0
RE1,DEMRESELCWHT_TAN_LOW_URB,S101,2036,1.0
RE1,DEMRESELCWHT_TAN_LOW_URB,S101,2037,1.0
RE1,DEMRESELCWHT_TAN_LOW_URB,S101,2038,1.0
RE1,DEMRESELCWHT_TAN_LOW_URB,S101,2039,1.0
RE1,DEMRESELCWHT_TAN_LOW_URB,S101,2040,1.0
RE1,DEMRESELCWHT_TAN_LOW_URB,S101,2041,1.0
RE1,DEMRESELCWHT_TAN_LOW_URB,S101,2042,1.0
RE1,DEMRESELCWHT_TAN_LOW_URB,S101,2043,1.0
RE1,DEMRESELCWHT_TAN_LOW_URB,S101,2044,1.0
RE1,DEMRESELCWHT_TAN_LOW_URB,S101,2045,1.0
RE1,DEMRESELCWHT_TAN_LOW_URB,S101,2046,1.0
RE1,DEMRESELCWHT_TAN_LOW_URB,S101,2047,1.0
RE1,DEMRESELCWHT_TAN_LOW_URB,S101,2048,1.0
RE1,DEMRESELCWHT_TAN_LOW_URB,S101,2049,1.0
RE1,DEMRESELCWHT_TAN_LOW_URB,S101,2050,1.0
RE1,DEMRESELCWHT_TAN_LOW_URB,S101,2051,1.0
RE1,DEMRESELCWHT_TAN_LOW_URB,S101,2052,1.0
RE1,DEMRESELCWHT_TAN_LOW_URB,S101,2053,1.0
RE1,DEMRESELCWHT_TAN_LOW_URB,S101,2054,1.0
RE1,DEMRESELCWHT_TAN_LOW_URB,S101,2055,1.0
RE1,DEMRESELCWHT_TAN_LOW_URB,S102,2022,1.0
RE1,DEMRESELCWHT_TAN_LOW_URB,S102,2023,1.0
RE1,DEMRESELCWHT_TAN_LOW_URB,S102,2024,1.0
RE1,DEMRESELCWHT_TAN_LOW_URB,S102,2025,1.0
RE1,DEMRESELCWHT_TAN_LOW_URB,S102,2026,1.0
RE1,DEMRESELCWHT_TAN_LOW_URB,S102,2027,1.0
RE1,DEMRESELCWHT_TAN_LOW_URB,S102,2028,1.0
RE1,DEMRESELCWHT_TAN_LOW_URB,S102,2029,1.0
RE1,DEMRESELCWHT_TAN_LOW_URB,S102,2030,1.0
RE1,DEMRESELCWHT_TAN_LOW_URB,S102,2031,1.0
RE1,DEMRESELCWHT_TAN_LOW_URB,S102,2032,1.0
RE1,DEMRESELCWHT_TAN_LOW_URB,S102,2033,1.0
RE1,DEMRESELCWHT_TAN_LOW_URB,S102,2034,1.0
RE1,DEMRESELCWHT_TAN_LOW_URB,S102,2035,1.0
RE1,DEMRESELCWHT_TAN_LOW_URB,S102,2036,1.0
RE1,DEMRESELCWHT_TAN_LOW_URB,S102,2037,1.0
RE1,DEMRESELCWHT_TAN_LOW_URB,S102,2038,1.0
RE1,DEMRESELCWHT_TAN_LOW_URB,S102,2039,1.0
RE1,DEMRESELCWHT_TAN_LOW_URB,S102,2040,1.0
RE1,DEMRESELCWHT_TAN_LOW_URB,S102,2041,1.0
RE1,DEMRESELCWHT_TAN_LOW_URB,S102,2042,1.0
RE1,DEMRESELCWHT_TAN_LOW_URB,S102,2043,1.0
RE1,DEMRESELCWHT_TAN_LOW_URB,S102,2044,1.0
RE1,DEMRESELCWHT_TAN_LOW_URB,S102,2045,1.0
RE1,DEMRESELCWHT_TAN_LOW_URB,S102,2046,1.0
RE1,DEMRESELCWHT_TAN_LOW_URB,S102,2047,1.0
RE1,DEMRESELCWHT_TAN_LOW_URB,S102,2048,1.0
RE1,DEMRESELCWHT_TAN_LOW_URB,S102,2049,1.0
RE1,DEMRESELCWHT_TAN_LOW_URB,S102,2050,1.0
RE1,DEMRESELCWHT_TAN_LOW_URB,S102,2051,1.0
RE1,DEMRESELCWHT_TAN_LOW_URB,S102,2052,1.0
RE1,DEMRESELCWHT_TAN_LOW_URB,S102,2053,1.0
RE1,DEMRESELCWHT_TAN_LOW_URB,S102,2054,1.0
RE1,DEMRESELCWHT_TAN_LOW_URB,S102,2055,1.0
RE1,DEMRESELCWHT_TAN_MID_RUR,S101,2022,1.0
RE1,DEMRESELCWHT_TAN_MID_RUR,S101,2023,1.0
RE1,DEMRESELCWHT_TAN_MID_RUR,S101,2024,1.0
RE1,DEMRESELCWHT_TAN_MID_RUR,S101,2025,1.0
RE1,DEMRESELCWHT_TAN_MID_RUR,S101,2026,1.0
RE1,DEMRESELCWHT_TAN_MID_RUR,S101,2027,1.0
RE1,DEMRESELCWHT_TAN_MID_RUR,S101,2028,1.0
RE1,DEMRESELCWHT_TAN_MID_RUR,S101,2029,1.0
RE1,DEMRESELCWHT_TAN_MID_RUR,S101,2030,1.0
RE1,DEMRESELCWHT_TAN_MID_RUR,S101,2031,1.0
RE1,DEMRESELCWHT_TAN_MID_RUR,S101,2032,1.0
RE1,DEMRESELCWHT_TAN_MID_RUR,S101,2033,1.0
RE1,DEMRESELCWHT_TAN_MID_RUR,S101,2034,1.0
RE1,DEMRESELCWHT_TAN_MID_RUR,S101,2035,1.0
RE1,DEMRESELCWHT_TAN_MID_RUR,S101,2036,1.0
RE1,DEMRESELCWHT_TAN_MID_RUR,S101,2037,1.0
RE1,DEMRESELCWHT_TAN_MID_RUR,S101,2038,1.0
RE1,DEMRESELCWHT_TAN_MID_RUR,S101,2039,1.0
RE1,DEMRESELCWHT_TAN_MID_RUR,S101,2040,1.0
RE1,DEMRESELCWHT_TAN_MID_RUR,S101,2041,1.0
RE1,DEMRESELCWHT_TAN_MID_RUR,S101,2042,1.0
RE1,DEMRESELCWHT_TAN_MID_RUR,S101,2043,1.0
RE1,DEMRESELCWHT_TAN_MID_RUR,S101,2044,1.0
RE1,DEMRESELCWHT_TAN_MID_RUR,S101,2045,1.0
RE1,DEMRESELCWHT_TAN_MID_RUR,S101,2046,1.0
RE1,DEMRESELCWHT_TAN_MID_RUR,S101,2047,1.0
RE1,DEMRESELCWHT_TAN_MID_RUR,S101,2048,1.0
RE1,DEMRESELCWHT_TAN_MID_RUR,S101,2049,1.0
RE1,DEMRESELCWHT_TAN_MID_RUR,S101,2050,1.0
RE1,DEMRESELCWHT_TAN_MID_RUR,S101,2051,1.0
RE1,DEMRESELCWHT_TAN_MID_RUR,S101,2052,1.0
RE1,DEMRESELCWHT_TAN_MID_RUR,S101,2053,1.0
RE1,DEMRESELCWHT_TAN_MID_RUR,S101,2054,1.0
RE1,DEMRESELCWHT_TAN_MID_RUR,S101,2055,1.0
RE1,DEMRESELCWHT_TAN_MID_RUR,S102,2022,1.0
RE1,DEMRESELCWHT_TAN_MID_RUR,S102,2023,1.0
RE1,DEMRESELCWHT_TAN_MID_RUR,S102,2024,1.0
RE1,DEMRESELCWHT_TAN_MID_RUR,S102,2025,1.0
RE1,DEMRESELCWHT_TAN_MID_RUR,S102,2026,1.0
RE1,DEMRESELCWHT_TAN_MID_RUR,S102,2027,1.0
RE1,DEMRESELCWHT_TAN_MID_RUR,S102,2028,1.0
RE1,DEMRESELCWHT_TAN_MID_RUR,S102,2029,1.0
RE1,DEMRESELCWHT_TAN_MID_RUR,S102,2030,1.0
RE1,DEMRESELCWHT_TAN_MID_RUR,S102,2031,1.0
RE1,DEMRESELCWHT_TAN_MID_RUR,S102,2032,1.0
RE1,DEMRESELCWHT_TAN_MID_RUR,S102,2033,1.0
RE1,DEMRESELCWHT_TAN_MID_RUR,S102,2034,1.0
RE1,DEMRESELCWHT_TAN_MID_RUR,S102,2035,1.0
RE1,DEMRESELCWHT_TAN_MID_RUR,S102,2036,1.0
RE1,DEMRESELCWHT_TAN_MID_RUR,S102,2037,1.0
RE1,DEMRESELCWHT_TAN_MID_RUR,S102,2038,1.0
RE1,DEMRESELCWHT_TAN_MID_RUR,S102,2039,1.0
RE1,DEMRESELCWHT_TAN_MID_RUR,S102,2040,1.0
RE1,DEMRESELCWHT_TAN_MID_RUR,S102,2041,1.0
RE1,DEMRESELCWHT_TAN_MID_RUR,S102,2042,1.0
RE1,DEMRESELCWHT_TAN_MID_RUR,S102,2043,1.0
RE1,DEMRESELCWHT_TAN_MID_RUR,S102,2044,1.0
RE1,DEMRESELCWHT_TAN_MID_RUR,S102,2045,1.0
RE1,DEMRESELCWHT_TAN_MID_RUR,S102,2046,1.0
RE1,DEMRESELCWHT_TAN_MID_RUR,S102,2047,1.0
RE1,DEMRESELCWHT_TAN_MID_RUR,S102,2048,1.0
RE1,DEMRESELCWHT_TAN_MID_RUR,S102,2049,1.0
RE1,DEMRESELCWHT_TAN_MID_RUR,S102,2050,1.0
RE1,DEMRESELCWHT_TAN_MID_RUR,S102,2051,1.0
RE1,DEMRESELCWHT_TAN_MID_RUR,S102,2052,1.0
RE1,DEMRESELCWHT_TAN_MID_RUR,S102,2053,1.0
RE1,DEMRESELCWHT_TAN_MID_RUR,S102,2054,1.0
RE1,DEMRESELCWHT_TAN_MID_RUR,S102,2055,1.0
RE1,DEMRESELCWHT_TAN_MID_URB,S101,2022,1.0
RE1,DEMRESELCWHT_TAN_MID_URB,S101,2023,1.0
RE1,DEMRESELCWHT_TAN_MID_URB,S101,2024,1.0
RE1,DEMRESELCWHT_TAN_MID_URB,S101,2025,1.0
RE1,DEMRESELCWHT_TAN_MID_URB,S101,2026,1.0
RE1,DEMRESELCWHT_TAN_MID_URB,S101,2027,1.0
RE1,DEMRESELCWHT_TAN_MID_URB,S101,2028,1.0
RE1,DEMRESELCWHT_TAN_MID_URB,S101,2029,1.0
RE1,DEMRESELCWHT_TAN_MID_URB,S101,2030,1.0
RE1,DEMRESELCWHT_TAN_MID_URB,S101,2031,1.0
RE1,DEMRESELCWHT_TAN_MID_URB,S101,2032,1.0
RE1,DEMRESELCWHT_TAN_MID_URB,S101,2033,1.0
RE1,DEMRESELCWHT_TAN_MID_URB,S101,2034,1.0
RE1,DEMRESELCWHT_TAN_MID_URB,S101,2035,1.0
RE1,DEMRESELCWHT_TAN_MID_URB,S101,2036,1.0
RE1,DEMRESELCWHT_TAN_MID_URB,S101,2037,1.0
RE1,DEMRESELCWHT_TAN_MID_URB,S101,2038,1.0
RE1,DEMRESELCWHT_TAN_MID_URB,S101,2039,1.0
RE1,DEMRESELCWHT_TAN_MID_URB,S101,2040,1.0
RE1,DEMRESELCWHT_TAN_MID_URB,S101,2041,1.0
RE1,DEMRESELCWHT_TAN_MID_URB,S101,2042,1.0
RE1,DEMRESELCWHT_TAN_MID_URB,S101,2043,1.0
RE1,DEMRESELCWHT_TAN_MID_URB,S101,2044,1.0
RE1,DEMRESELCWHT_TAN_MID_URB,S101,2045,1.0
RE1,DEMRESELCWHT_TAN_MID_URB,S101,2046,1.0
RE1,DEMRESELCWHT_TAN_MID_URB,S101,2047,1.0
RE1,DEMRESELCWHT_TAN_MID_URB,S101,2048,1.0
RE1,DEMRESELCWHT_TAN_MID_URB,S101,2049,1.0
RE1,DEMRESELCWHT_TAN_MID_URB,S101,2050,1.0
RE1,DEMRESELCWHT_TAN_MID_URB,S101,2051,1.0
RE1,DEMRESELCWHT_TAN_MID_URB,S101,2052,1.0
RE1,DEMRESELCWHT_TAN_MID_URB,S101,2053,1.0
RE1,DEMRESELCWHT_TAN_MID_URB,S101,2054,1.0
RE1,DEMRESELCWHT_TAN_MID_URB,S101,2055,1.0
RE1,DEMRESELCWHT_TAN_MID_URB,S102,2022,1.0
RE1,DEMRESELCWHT_TAN_MID_URB,S102,2023,1.0
RE1,DEMRESELCWHT_TAN_MID_URB,S102,2024,1.0
RE1,DEMRESELCWHT_TAN_MID_URB,S102,2025,1.0
RE1,DEMRESELCWHT_TAN_MID_URB,S102,2026,1.0
RE1,DEMRESELCWHT_TAN_MID_URB,S102,2027,1.0
RE1,DEMRESELCWHT_TAN_MID_URB,S102,2028,1.0
RE1,DEMRESELCWHT_TAN_MID_URB,S102,2029,1.0
RE1,DEMRESELCWHT_TAN_MID_URB,S102,2030,1.0
RE1,DEMRESELCWHT_TAN_MID_URB,S102,2031,1.0
RE1,DEMRESELCWHT_TAN_MID_URB,S102,2032,1.0
RE1,DEMRESELCWHT_TAN_MID_URB,S102,2033,1.0
RE1,DEMRESELCWHT_TAN_MID_URB,S102,2034,1.0
RE1,DEMRESELCWHT_TAN_MID_URB,S102,2035,1.0
RE1,DEMRESELCWHT_TAN_MID_URB,S102,2036,1.0
RE1,DEMRESELCWHT_TAN_MID_URB,S102,2037,1.0
RE1,DEMRESELCWHT_TAN_MID_URB,S102,2038,1.0
RE1,DEMRESELCWHT_TAN_MID_URB,S102,2039,1.0
RE1,DEMRESELCWHT_TAN_MID_URB,S102,2040,1.0
RE1,DEMRESELCWHT_TAN_MID_URB,S102,2041,1.0
RE1,DEMRESELCWHT_TAN_MID_URB,S102,2042,1.0
RE1,DEMRESELCWHT_TAN_MID_URB,S102,2043,1.0
RE1,DEMRESELCWHT_TAN_MID_URB,S102,2044,1.0
RE1,DEMRESELCWHT_TAN_MID_URB,S102,2045,1.0
RE1,DEMRESELCWHT_TAN_MID_URB,S102,2046,1.0
RE1,DEMRESELCWHT_TAN_MID_URB,S102,2047,1.0
RE1,DEMRESELCWHT_TAN_MID_URB,S102,2048,1.0
RE1,DEMRESELCWHT_TAN_MID_URB,S102,2049,1.0
RE1,DEMRESELCWHT_TAN_MID_URB,S102,2050,1.0
RE1,DEMRESELCWHT_TAN_MID_URB,S102,2051,1.0
RE1,DEMRESELCWHT_TAN_MID_URB,S102,2052,1.0
RE1,DEMRESELCWHT_TAN_MID_URB,S102,2053,1.0
RE1,DEMRESELCWHT_TAN_MID_URB,S102,2054,1.0
RE1,DEMRESELCWHT_TAN_MID_URB,S102,2055,1.0
RE1,DEMRESELCWSH_HIG_RUR,S101,2022,1.0
RE1,DEMRESELCWSH_HIG_RUR,S101,2023,1.0
RE1,DEMRESELCWSH_HIG_RUR,S101,2024,1.0
RE1,DEMRESELCWSH_HIG_RUR,S101,2025,1.0
RE1,DEMRESELCWSH_HIG_RUR,S101,2026,1.0
RE1,DEMRESELCWSH_HIG_RUR,S101,2027,1.0
RE1,DEMRESELCWSH_HIG_RUR,S101,2028,1.0
RE1,DEMRESELCWSH_HIG_RUR,S101,2029,1.0
RE1,DEMRESELCWSH_HIG_RUR,S101,2030,1.0
RE1,DEMRESELCWSH_HIG_RUR,S101,2031,1.0
RE1,DEMRESELCWSH_HIG_RUR,S101,2032,1.0
RE1,DEMRESELCWSH_HIG_RUR,S101,2033,1.0
RE1,DEMRESELCWSH_HIG_RUR,S101,2034,1.0
RE1,DEMRESELCWSH_HIG_RUR,S101,2035,1.0
RE1,DEMRESELCWSH_HIG_RUR,S101,2036,1.0
RE1,DEMRESELCWSH_HIG_RUR,S101,2037,1.0
RE1,DEMRESELCWSH_HIG_RUR,S101,2038,1.0
RE1,DEMRESELCWSH_HIG_RUR,S101,2039,1.0
RE1,DEMRESELCWSH_HIG_RUR,S101,2040,1.0
RE1,DEMRESELCWSH_HIG_RUR,S101,2041,1.0
RE1,DEMRESELCWSH_HIG_RUR,S101,2042,1.0
RE1,DEMRESELCWSH_HIG_RUR,S101,2043,1.0
RE1,DEMRESELCWSH_HIG_RUR,S101,2044,1.0
RE1,DEMRESELCWSH_HIG_RUR,S101,2045,1.0
RE1,DEMRESELCWSH_HIG_RUR,S101,2046,1.0
RE1,DEMRESELCWSH_HIG_RUR,S101,2047,1.0
RE1,DEMRESELCWSH_HIG_RUR,S101,2048,1.0
RE1,DEMRESELCWSH_HIG_RUR,S101,2049,1.0
RE1,DEMRESELCWSH_HIG_RUR,S101,2050,1.0
RE1,DEMRESELCWSH_HIG_RUR,S101,2051,1.0
RE1,DEMRESELCWSH_HIG_RUR,S101,2052,1.0
RE1,DEMRESELCWSH_HIG_RUR,S101,2053,1.0
RE1,DEMRESELCWSH_HIG_RUR,S101,2054,1.0
RE1,DEMRESELCWSH_HIG_RUR,S101,2055,1.0
RE1,DEMRESELCWSH_HIG_RUR,S102,2022,1.0
RE1,DEMRESELCWSH_HIG_RUR,S102,2023,1.0
RE1,DEMRESELCWSH_HIG_RUR,S102,2024,1.0
RE1,DEMRESELCWSH_HIG_RUR,S102,2025,1.0
RE1,DEMRESELCWSH_HIG_RUR,S102,2026,1.0
RE1,DEMRESELCWSH_HIG_RUR,S102,2027,1.0
RE1,DEMRESELCWSH_HIG_RUR,S102,2028,1.0
RE1,DEMRESELCWSH_HIG_RUR,S102,2029,1.0
RE1,DEMRESELCWSH_HIG_RUR,S102,2030,1.0
RE1,DEMRESELCWSH_HIG_RUR,S102,2031,1.0
RE1,DEMRESELCWSH_HIG_RUR,S102,2032,1.0
RE1,DEMRESELCWSH_HIG_RUR,S102,2033,1.0
RE1,DEMRESELCWSH_HIG_RUR,S102,2034,1.0
RE1,DEMRESELCWSH_HIG_RUR,S102,2035,1.0
RE1,DEMRESELCWSH_HIG_RUR,S102,2036,1.0
RE1,DEMRESELCWSH_HIG_RUR,S102,2037,1.0
RE1,DEMRESELCWSH_HIG_RUR,S102,2038,1.0
RE1,DEMRESELCWSH_HIG_RUR,S102,2039,1.0
RE1,DEMRESELCWSH_HIG_RUR,S102,2040,1.0
RE1,DEMRESELCWSH_HIG_RUR,S102,2041,1.0
RE1,DEMRESELCWSH_HIG_RUR,S102,2042,1.0
RE1,DEMRESELCWSH_HIG_RUR,S102,2043,1.0
RE1,DEMRESELCWSH_HIG_RUR,S102,2044,1.0
RE1,DEMRESELCWSH_HIG_RUR,S102,2045,1.0
RE1,DEMRESELCWSH_HIG_RUR,S102,2046,1.0
RE1,DEMRESELCWSH_HIG_RUR,S102,2047,1.0
RE1,DEMRESELCWSH_HIG_RUR,S102,2048,1.0
RE1,DEMRESELCWSH_HIG_RUR,S102,2049,1.0
RE1,DEMRESELCWSH_HIG_RUR,S102,2050,1.0
RE1,DEMRESELCWSH_HIG_RUR,S102,2051,1.0
RE1,DEMRESELCWSH_HIG_RUR,S102,2052,1.0
RE1,DEMRESELCWSH_HIG_RUR,S102,2053,1.0
RE1,DEMRESELCWSH_HIG_RUR,S102,2054,1.0
RE1,DEMRESELCWSH_HIG_RUR,S102,2055,1.0
RE1,DEMRESELCWSH_HIG_URB,S101,2022,1.0
RE1,DEMRESELCWSH_HIG_URB,S101,2023,1.0
RE1,DEMRESELCWSH_HIG_URB,S101,2024,1.0
RE1,DEMRESELCWSH_HIG_URB,S101,2025,1.0
RE1,DEMRESELCWSH_HIG_URB,S101,2026,1.0
RE1,DEMRESELCWSH_HIG_URB,S101,2027,1.0
RE1,DEMRESELCWSH_HIG_URB,S101,2028,1.0
RE1,DEMRESELCWSH_HIG_URB,S101,2029,1.0
RE1,DEMRESELCWSH_HIG_URB,S101,2030,1.0
RE1,DEMRESELCWSH_HIG_URB,S101,2031,1.0
RE1,DEMRESELCWSH_HIG_URB,S101,2032,1.0
RE1,DEMRESELCWSH_HIG_URB,S101,2033,1.0
RE1,DEMRESELCWSH_HIG_URB,S101,2034,1.0
RE1,DEMRESELCWSH_HIG_URB,S101,2035,1.0
RE1,DEMRESELCWSH_HIG_URB,S101,2036,1.0
RE1,DEMRESELCWSH_HIG_URB,S101,2037,1.0
RE1,DEMRESELCWSH_HIG_URB,S101,2038,1.0
RE1,DEMRESELCWSH_HIG_URB,S101,2039,1.0
RE1,DEMRESELCWSH_HIG_URB,S101,2040,1.0
RE1,DEMRESELCWSH_HIG_URB,S101,2041,1.0
RE1,DEMRESELCWSH_HIG_URB,S101,2042,1.0
RE1,DEMRESELCWSH_HIG_URB,S101,2043,1.0
RE1,DEMRESELCWSH_HIG_URB,S101,2044,1.0
RE1,DEMRESELCWSH_HIG_URB,S101,2045,1.0
RE1,DEMRESELCWSH_HIG_URB,S101,2046,1.0
RE1,DEMRESELCWSH_HIG_URB,S101,2047,1.0
RE1,DEMRESELCWSH_HIG_URB,S101,2048,1.0
RE1,DEMRESELCWSH_HIG_URB,S101,2049,1.0
RE1,DEMRESELCWSH_HIG_URB,S101,2050,1.0
RE1,DEMRESELCWSH_HIG_URB,S101,2051,1.0
RE1,DEMRESELCWSH_HIG_URB,S101,2052,1.0
RE1,DEMRESELCWSH_HIG_URB,S101,2053,1.0
RE1,DEMRESELCWSH_HIG_URB,S101,2054,1.0
RE1,DEMRESELCWSH_HIG_URB,S101,2055,1.0
RE1,DEMRESELCWSH_HIG_URB,S102,2022,1.0
RE1,DEMRESELCWSH_HIG_URB,S102,2023,1.0
RE1,DEMRESELCWSH_HIG_URB,S102,2024,1.0
RE1,DEMRESELCWSH_HIG_URB,S102,2025,1.0
RE1,DEMRESELCWSH_HIG_URB,S102,2026,1.0
RE1,DEMRESELCWSH_HIG_URB,S102,2027,1.0
RE1,DEMRESELCWSH_HIG_URB,S102,2028,1.0
RE1,DEMRESELCWSH_HIG_URB,S102,2029,1.0
RE1,DEMRESELCWSH_HIG_URB,S102,2030,1.0
RE1,DEMRESELCWSH_HIG_URB,S102,2031,1.0
RE1,DEMRESELCWSH_HIG_URB,S102,2032,1.0
RE1,DEMRESELCWSH_HIG_URB,S102,2033,1.0
RE1,DEMRESELCWSH_HIG_URB,S102,2034,1.0
RE1,DEMRESELCWSH_HIG_URB,S102,2035,1.0
RE1,DEMRESELCWSH_HIG_URB,S102,2036,1.0
RE1,DEMRESELCWSH_HIG_URB,S102,2037,1.0
RE1,DEMRESELCWSH_HIG_URB,S102,2038,1.0
RE1,DEMRESELCWSH_HIG_URB,S102,2039,1.0
RE1,DEMRESELCWSH_HIG_URB,S102,2040,1.0
RE1,DEMRESELCWSH_HIG_URB,S102,2041,1.0
RE1,DEMRESELCWSH_HIG_URB,S102,2042,1.0
RE1,DEMRESELCWSH_HIG_URB,S102,2043,1.0
RE1,DEMRESELCWSH_HIG_URB,S102,2044,1.0
RE1,DEMRESELCWSH_HIG_URB,S102,2045,1.0
RE1,DEMRESELCWSH_HIG_URB,S102,2046,1.0
RE1,DEMRESELCWSH_HIG_URB,S102,2047,1.0
RE1,DEMRESELCWSH_HIG_URB,S102,2048,1.0
RE1,DEMRESELCWSH_HIG_URB,S102,2049,1.0
RE1,DEMRESELCWSH_HIG_URB,S102,2050,1.0
RE1,DEMRESELCWSH_HIG_URB,S102,2051,1.0
RE1,DEMRESELCWSH_HIG_URB,S102,2052,1.0
RE1,DEMRESELCWSH_HIG_URB,S102,2053,1.0
RE1,DEMRESELCWSH_HIG_URB,S102,2054,1.0
RE1,DEMRESELCWSH_HIG_URB,S102,2055,1.0
RE1,DEMRESELCWSH_LOW_RUR,S101,2022,1.0
RE1,DEMRESELCWSH_LOW_RUR,S101,2023,1.0
RE1,DEMRESELCWSH_LOW_RUR,S101,2024,1.0
RE1,DEMRESELCWSH_LOW_RUR,S101,2025,1.0
RE1,DEMRESELCWSH_LOW_RUR,S101,2026,1.0
RE1,DEMRESELCWSH_LOW_RUR,S101,2027,1.0
RE1,DEMRESELCWSH_LOW_RUR,S101,2028,1.0
RE1,DEMRESELCWSH_LOW_RUR,S101,2029,1.0
RE1,DEMRESELCWSH_LOW_RUR,S101,2030,1.0
RE1,DEMRESELCWSH_LOW_RUR,S101,2031,1.0
RE1,DEMRESELCWSH_LOW_RUR,S101,2032,1.0
RE1,DEMRESELCWSH_LOW_RUR,S101,2033,1.0
RE1,DEMRESELCWSH_LOW_RUR,S101,2034,1.0
RE1,DEMRESELCWSH_LOW_RUR,S101,2035,1.0
RE1,DEMRESELCWSH_LOW_RUR,S101,2036,1.0
RE1,DEMRESELCWSH_LOW_RUR,S101,2037,1.0
RE1,DEMRESELCWSH_LOW_RUR,S101,2038,1.0
RE1,DEMRESELCWSH_LOW_RUR,S101,2039,1.0
RE1,DEMRESELCWSH_LOW_RUR,S101,2040,1.0
RE1,DEMRESELCWSH_LOW_RUR,S101,2041,1.0
RE1,DEMRESELCWSH_LOW_RUR,S101,2042,1.0
RE1,DEMRESELCWSH_LOW_RUR,S101,2043,1.0
RE1,DEMRESELCWSH_LOW_RUR,S101,2044,1.0
RE1,DEMRESELCWSH_LOW_RUR,S101,2045,1.0
RE1,DEMRESELCWSH_LOW_RUR,S101,2046,1.0
RE1,DEMRESELCWSH_LOW_RUR,S101,2047,1.0
RE1,DEMRESELCWSH_LOW_RUR,S101,2048,1.0
RE1,DEMRESELCWSH_LOW_RUR,S101,2049,1.0
RE1,DEMRESELCWSH_LOW_RUR,S101,2050,1.0
RE1,DEMRESELCWSH_LOW_RUR,S101,2051,1.0
RE1,DEMRESELCWSH_LOW_RUR,S101,2052,1.0
RE1,DEMRESELCWSH_LOW_RUR,S101,2053,1.0
RE1,DEMRESELCWSH_LOW_RUR,S101,2054,1.0
RE1,DEMRESELCWSH_LOW_RUR,S101,2055,1.0
RE1,DEMRESELCWSH_LOW_RUR,S102,2022,1.0
RE1,DEMRESELCWSH_LOW_RUR,S102,2023,1.0
RE1,DEMRESELCWSH_LOW_RUR,S102,2024,1.0
RE1,DEMRESELCWSH_LOW_RUR,S102,2025,1.0
RE1,DEMRESELCWSH_LOW_RUR,S102,2026,1.0
RE1,DEMRESELCWSH_LOW_RUR,S102,2027,1.0
RE1,DEMRESELCWSH_LOW_RUR,S102,2028,1.0
RE1,DEMRESELCWSH_LOW_RUR,S102,2029,1.0
RE1,DEMRESELCWSH_LOW_RUR,S102,2030,1.0
RE1,DEMRESELCWSH_LOW_RUR,S102,2031,1.0
RE1,DEMRESELCWSH_LOW_RUR,S102,2032,1.0
RE1,DEMRESELCWSH_LOW_RUR,S102,2033,1.0
RE1,DEMRESELCWSH_LOW_RUR,S102,2034,1.0
RE1,DEMRESELCWSH_LOW_RUR,S102,2035,1.0
RE1,DEMRESELCWSH_LOW_RUR,S102,2036,1.0
RE1,DEMRESELCWSH_LOW_RUR,S102,2037,1.0
RE1,DEMRESELCWSH_LOW_RUR,S102,2038,1.0
RE1,DEMRESELCWSH_LOW_RUR,S102,2039,1.0
RE1,DEMRESELCWSH_LOW_RUR,S102,2040,1.0
RE1,DEMRESELCWSH_LOW_RUR,S102,2041,1.0
RE1,DEMRESELCWSH_LOW_RUR,S102,2042,1.0
RE1,DEMRESELCWSH_LOW_RUR,S102,2043,1.0
RE1,DEMRESELCWSH_LOW_RUR,S102,2044,1.0
RE1,DEMRESELCWSH_LOW_RUR,S102,2045,1.0
RE1,DEMRESELCWSH_LOW_RUR,S102,2046,1.0
RE1,DEMRESELCWSH_LOW_RUR,S102,2047,1.0
RE1,DEMRESELCWSH_LOW_RUR,S102,2048,1.0
RE1,DEMRESELCWSH_LOW_RUR,S102,2049,1.0
RE1,DEMRESELCWSH_LOW_RUR,S102,2050,1.0
RE1,DEMRESELCWSH_LOW_RUR,S102,2051,1.0
RE1,DEMRESELCWSH_LOW_RUR,S102,2052,1.0
RE1,DEMRESELCWSH_LOW_RUR,S102,2053,1.0
RE1,DEMRESELCWSH_LOW_RUR,S102,2054,1.0
RE1,DEMRESELCWSH_LOW_RUR,S102,2055,1.0
RE1,DEMRESELCWSH_LOW_URB,S101,2022,1.0
RE1,DEMRESELCWSH_LOW_URB,S101,2023,1.0
RE1,DEMRESELCWSH_LOW_URB,S101,2024,1.0
RE1,DEMRESELCWSH_LOW_URB,S101,2025,1.0
RE1,DEMRESELCWSH_LOW_URB,S101,2026,1.0
RE1,DEMRESELCWSH_LOW_URB,S101,2027,1.0
RE1,DEMRESELCWSH_LOW_URB,S101,2028,1.0
RE1,DEMRESELCWSH_LOW_URB,S101,2029,1.0
RE1,DEMRESELCWSH_LOW_URB,S101,2030,1.0
RE1,DEMRESELCWSH_LOW_URB,S101,2031,1.0
RE1,DEMRESELCWSH_LOW_URB,S101,2032,1.0
RE1,DEMRESELCWSH_LOW_URB,S101,2033,1.0
RE1,DEMRESELCWSH_LOW_URB,S101,2034,1.0
RE1,DEMRESELCWSH_LOW_URB,S101,2035,1.0
RE1,DEMRESELCWSH_LOW_URB,S101,2036,1.0
RE1,DEMRESELCWSH_LOW_URB,S101,2037,1.0
RE1,DEMRESELCWSH_LOW_URB,S101,2038,1.0
RE1,DEMRESELCWSH_LOW_URB,S101,2039,1.0
RE1,DEMRESELCWSH_LOW_URB,S101,2040,1.0
RE1,DEMRESELCWSH_LOW_URB,S101,2041,1.0
RE1,DEMRESELCWSH_LOW_URB,S101,2042,1.0
RE1,DEMRESELCWSH_LOW_URB,S101,2043,1.0
RE1,DEMRESELCWSH_LOW_URB,S101,2044,1.0
RE1,DEMRESELCWSH_LOW_URB,S101,2045,1.0
RE1,DEMRESELCWSH_LOW_URB,S101,2046,1.0
RE1,DEMRESELCWSH_LOW_URB,S101,2047,1.0
RE1,DEMRESELCWSH_LOW_URB,S101,2048,1.0
RE1,DEMRESELCWSH_LOW_URB,S101,2049,1.0
RE1,DEMRESELCWSH_LOW_URB,S101,2050,1.0
RE1,DEMRESELCWSH_LOW_URB,S101,2051,1.0
RE1,DEMRESELCWSH_LOW_URB,S101,2052,1.0
RE1,DEMRESELCWSH_LOW_URB,S101,2053,1.0
RE1,DEMRESELCWSH_LOW_URB,S101,2054,1.0
RE1,DEMRESELCWSH_LOW_URB,S101,2055,1.0
RE1,DEMRESELCWSH_LOW_URB,S102,2022,1.0
RE1,DEMRESELCWSH_LOW_URB,S102,2023,1.0
RE1,DEMRESELCWSH_LOW_URB,S102,2024,1.0
RE1,DEMRESELCWSH_LOW_URB,S102,2025,1.0
RE1,DEMRESELCWSH_LOW_URB,S102,2026,1.0
RE1,DEMRESELCWSH_LOW_URB,S102,2027,1.0
RE1,DEMRESELCWSH_LOW_URB,S102,2028,1.0
RE1,DEMRESELCWSH_LOW_URB,S102,2029,1.0
RE1,DEMRESELCWSH_LOW_URB,S102,2030,1.0
RE1,DEMRESELCWSH_LOW_URB,S102,2031,1.0
RE1,DEMRESELCWSH_LOW_URB,S102,2032,1.0
RE1,DEMRESELCWSH_LOW_URB,S102,2033,1.0
RE1,DEMRESELCWSH_LOW_URB,S102,2034,1.0
RE1,DEMRESELCWSH_LOW_URB,S102,2035,1.0
RE1,DEMRESELCWSH_LOW_URB,S102,2036,1.0
RE1,DEMRESELCWSH_LOW_URB,S102,2037,1.0
RE1,DEMRESELCWSH_LOW_URB,S102,2038,1.0
RE1,DEMRESELCWSH_LOW_URB,S102,2039,1.0
RE1,DEMRESELCWSH_LOW_URB,S102,2040,1.0
RE1,DEMRESELCWSH_LOW_URB,S102,2041,1.0
RE1,DEMRESELCWSH_LOW_URB,S102,2042,1.0
RE1,DEMRESELCWSH_LOW_URB,S102,2043,1.0
RE1,DEMRESELCWSH_LOW_URB,S102,2044,1.0
RE1,DEMRESELCWSH_LOW_URB,S102,2045,1.0
RE1,DEMRESELCWSH_LOW_URB,S102,2046,1.0
RE1,DEMRESELCWSH_LOW_URB,S102,2047,1.0
RE1,DEMRESELCWSH_LOW_URB,S102,2048,1.0
RE1,DEMRESELCWSH_LOW_URB,S102,2049,1.0
RE1,DEMRESELCWSH_LOW_URB,S102,2050,1.0
RE1,DEMRESELCWSH_LOW_URB,S102,2051,1.0
RE1,DEMRESELCWSH_LOW_URB,S102,2052,1.0
RE1,DEMRESELCWSH_LOW_URB,S102,2053,1.0
RE1,DEMRESELCWSH_LOW_URB,S102,2054,1.0
RE1,DEMRESELCWSH_LOW_URB,S102,2055,1.0
RE1,DEMRESELCWSH_MID_RUR,S101,2022,1.0
RE1,DEMRESELCWSH_MID_RUR,S101,2023,1.0
RE1,DEMRESELCWSH_MID_RUR,S101,2024,1.0
RE1,DEMRESELCWSH_MID_RUR,S101,2025,1.0
RE1,DEMRESELCWSH_MID_RUR,S101,2026,1.0
RE1,DEMRESELCWSH_MID_RUR,S101,2027,1.0
RE1,DEMRESELCWSH_MID_RUR,S101,2028,1.0
RE1,DEMRESELCWSH_MID_RUR,S101,2029,1.0
RE1,DEMRESELCWSH_MID_RUR,S101,2030,1.0
RE1,DEMRESELCWSH_MID_RUR,S101,2031,1.0
RE1,DEMRESELCWSH_MID_RUR,S101,2032,1.0
RE1,DEMRESELCWSH_MID_RUR,S101,2033,1.0
RE1,DEMRESELCWSH_MID_RUR,S101,2034,1.0
RE1,DEMRESELCWSH_MID_RUR,S101,2035,1.0
RE1,DEMRESELCWSH_MID_RUR,S101,2036,1.0
RE1,DEMRESELCWSH_MID_RUR,S101,2037,1.0
RE1,DEMRESELCWSH_MID_RUR,S101,2038,1.0
RE1,DEMRESELCWSH_MID_RUR,S101,2039,1.0
RE1,DEMRESELCWSH_MID_RUR,S101,2040,1.0
RE1,DEMRESELCWSH_MID_RUR,S101,2041,1.0
RE1,DEMRESELCWSH_MID_RUR,S101,2042,1.0
RE1,DEMRESELCWSH_MID_RUR,S101,2043,1.0
RE1,DEMRESELCWSH_MID_RUR,S101,2044,1.0
RE1,DEMRESELCWSH_MID_RUR,S101,2045,1.0
RE1,DEMRESELCWSH_MID_RUR,S101,2046,1.0
RE1,DEMRESELCWSH_MID_RUR,S101,2047,1.0
RE1,DEMRESELCWSH_MID_RUR,S101,2048,1.0
RE1,DEMRESELCWSH_MID_RUR,S101,2049,1.0
RE1,DEMRESELCWSH_MID_RUR,S101,2050,1.0
RE1,DEMRESELCWSH_MID_RUR,S101,2051,1.0
RE1,DEMRESELCWSH_MID_RUR,S101,2052,1.0
RE1,DEMRESELCWSH_MID_RUR,S101,2053,1.0
RE1,DEMRESELCWSH_MID_RUR,S101,2054,1.0
RE1,DEMRESELCWSH_MID_RUR,S101,2055,1.0
RE1,DEMRESELCWSH_MID_RUR,S102,2022,1.0
RE1,DEMRESELCWSH_MID_RUR,S102,2023,1.0
RE1,DEMRESELCWSH_MID_RUR,S102,2024,1.0
RE1,DEMRESELCWSH_MID_RUR,S102,2025,1.0
RE1,DEMRESELCWSH_MID_RUR,S102,2026,1.0
RE1,DEMRESELCWSH_MID_RUR,S102,2027,1.0
RE1,DEMRESELCWSH_MID_RUR,S102,2028,1.0
RE1,DEMRESELCWSH_MID_RUR,S102,2029,1.0
RE1,DEMRESELCWSH_MID_RUR,S102,2030,1.0
RE1,DEMRESELCWSH_MID_RUR,S102,2031,1.0
RE1,DEMRESELCWSH_MID_RUR,S102,2032,1.0
RE1,DEMRESELCWSH_MID_RUR,S102,2033,1.0
RE1,DEMRESELCWSH_MID_RUR,S102,2034,1.0
RE1,DEMRESELCWSH_MID_RUR,S102,2035,1.0
RE1,DEMRESELCWSH_MID_RUR,S102,2036,1.0
RE1,DEMRESELCWSH_MID_RUR,S102,2037,1.0
RE1,DEMRESELCWSH_MID_RUR,S102,2038,1.0
RE1,DEMRESELCWSH_MID_RUR,S102,2039,1.0
RE1,DEMRESELCWSH_MID_RUR,S102,2040,1.0
RE1,DEMRESELCWSH_MID_RUR,S102,2041,1.0
RE1,DEMRESELCWSH_MID_RUR,S102,2042,1.0
RE1,DEMRESELCWSH_MID_RUR,S102,2043,1.0
RE1,DEMRESELCWSH_MID_RUR,S102,2044,1.0
RE1,DEMRESELCWSH_MID_RUR,S102,2045,1.0
RE1,DEMRESELCWSH_MID_RUR,S102,2046,1.0
RE1,DEMRESELCWSH_MID_RUR,S102,2047,1.0
RE1,DEMRESELCWSH_MID_RUR,S102,2048,1.0
RE1,DEMRESELCWSH_MID_RUR,S102,2049,1.0
RE1,DEMRESELCWSH_MID_RUR,S102,2050,1.0
RE1,DEMRESELCWSH_MID_RUR,S102,2051,1.0
RE1,DEMRESELCWSH_MID_RUR,S102,2052,1.0
RE1,DEMRESELCWSH_MID_RUR,S102,2053,1.0
RE1,DEMRESELCWSH_MID_RUR,S102,2054,1.0
RE1,DEMRESELCWSH_MID_RUR,S102,2055,1.0
RE1,DEMRESELCWSH_MID_URB,S101,2022,1.0
RE1,DEMRESELCWSH_MID_URB,S101,2023,1.0
RE1,DEMRESELCWSH_MID_URB,S101,2024,1.0
RE1,DEMRESELCWSH_MID_URB,S101,2025,1.0
RE1,DEMRESELCWSH_MID_URB,S101,2026,1.0
RE1,DEMRESELCWSH_MID_URB,S101,2027,1.0
RE1,DEMRESELCWSH_MID_URB,S101,2028,1.0
RE1,DEMRESELCWSH_MID_URB,S101,2029,1.0
RE1,DEMRESELCWSH_MID_URB,S101,2030,1.0
RE1,DEMRESELCWSH_MID_URB,S101,2031,1.0
RE1,DEMRESELCWSH_MID_URB,S101,2032,1.0
RE1,DEMRESELCWSH_MID_URB,S101,2033,1.0
RE1,DEMRESELCWSH_MID_URB,S101,2034,1.0
RE1,DEMRESELCWSH_MID_URB,S101,2035,1.0
RE1,DEMRESELCWSH_MID_URB,S101,2036,1.0
RE1,DEMRESELCWSH_MID_URB,S101,2037,1.0
RE1,DEMRESELCWSH_MID_URB,S101,2038,1.0
RE1,DEMRESELCWSH_MID_URB,S101,2039,1.0
RE1,DEMRESELCWSH_MID_URB,S101,2040,1.0
RE1,DEMRESELCWSH_MID_URB,S101,2041,1.0
RE1,DEMRESELCWSH_MID_URB,S101,2042,1.0
RE1,DEMRESELCWSH_MID_URB,S101,2043,1.0
RE1,DEMRESELCWSH_MID_URB,S101,2044,1.0
RE1,DEMRESELCWSH_MID_URB,S101,2045,1.0
RE1,DEMRESELCWSH_MID_URB,S101,2046,1.0
RE1,DEMRESELCWSH_MID_URB,S101,2047,1.0
RE1,DEMRESELCWSH_MID_URB,S101,2048,1.0
RE1,DEMRESELCWSH_MID_URB,S101,2049,1.0
RE1,DEMRESELCWSH_MID_URB,S101,2050,1.0
RE1,DEMRESELCWSH_MID_URB,S101,2051,1.0
RE1,DEMRESELCWSH_MID_URB,S101,2052,1.0
RE1,DEMRESELCWSH_MID_URB,S101,2053,1.0
RE1,DEMRESELCWSH_MID_URB,S101,2054,1.0
RE1,DEMRESELCWSH_MID_URB,S101,2055,1.0
RE1,DEMRESELCWSH_MID_URB,S102,2022,1.0
RE1,DEMRESELCWSH_MID_URB,S102,2023,1.0
RE1,DEMRESELCWSH_MID_URB,S102,2024,1.0
RE1,DEMRESELCWSH_MID_URB,S102,2025,1.0
RE1,DEMRESELCWSH_MID_URB,S102,2026,1.0
RE1,DEMRESELCWSH_MID_URB,S102,2027,1.0
RE1,DEMRESELCWSH_MID_URB,S102,2028,1.0
RE1,DEMRESELCWSH_MID_URB,S102,2029,1.0
RE1,DEMRESELCWSH_MID_URB,S102,2030,1.0
RE1,DEMRESELCWSH_MID_URB,S102,2031,1.0
RE1,DEMRESELCWSH_MID_URB,S102,2032,1.0
RE1,DEMRESELCWSH_MID_URB,S102,2033,1.0
RE1,DEMRESELCWSH_MID_URB,S102,2034,1.0
RE1,DEMRESELCWSH_MID_URB,S102,2035,1.0
RE1,DEMRESELCWSH_MID_URB,S102,2036,1.0
RE1,DEMRESELCWSH_MID_URB,S102,2037,1.0
RE1,DEMRESELCWSH_MID_URB,S102,2038,1.0
RE1,DEMRESELCWSH_MID_URB,S102,2039,1.0
RE1,DEMRESELCWSH_MID_URB,S102,2040,1.0
RE1,DEMRESELCWSH_MID_URB,S102,2041,1.0
RE1,DEMRESELCWSH_MID_URB,S102,2042,1.0
RE1,DEMRESELCWSH_MID_URB,S102,2043,1.0
RE1,DEMRESELCWSH_MID_URB,S102,2044,1.0
RE1,DEMRESELCWSH_MID_URB,S102,2045,1.0
RE1,DEMRESELCWSH_MID_URB,S102,2046,1.0
RE1,DEMRESELCWSH_MID_URB,S102,2047,1.0
RE1,DEMRESELCWSH_MID_URB,S102,2048,1.0
RE1,DEMRESELCWSH_MID_URB,S102,2049,1.0
RE1,DEMRESELCWSH_MID_URB,S102,2050,1.0
RE1,DEMRESELCWSH_MID_URB,S102,2051,1.0
RE1,DEMRESELCWSH_MID_URB,S102,2052,1.0
RE1,DEMRESELCWSH_MID_URB,S102,2053,1.0
RE1,DEMRESELCWSH_MID_URB,S102,2054,1.0
RE1,DEMRESELCWSH_MID_URB,S102,2055,1.0
RE1,DEMRESLPGCKN_HIG_RUR,S101,2022,1.0
RE1,DEMRESLPGCKN_HIG_RUR,S101,2023,1.0
RE1,DEMRESLPGCKN_HIG_RUR,S101,2024,1.0
RE1,DEMRESLPGCKN_HIG_RUR,S101,2025,1.0
RE1,DEMRESLPGCKN_HIG_RUR,S101,2026,1.0
RE1,DEMRESLPGCKN_HIG_RUR,S101,2027,1.0
RE1,DEMRESLPGCKN_HIG_RUR,S101,2028,1.0
RE1,DEMRESLPGCKN_HIG_RUR,S101,2029,1.0
RE1,DEMRESLPGCKN_HIG_RUR,S101,2030,1.0
RE1,DEMRESLPGCKN_HIG_RUR,S101,2031,1.0
RE1,DEMRESLPGCKN_HIG_RUR,S101,2032,1.0
RE1,DEMRESLPGCKN_HIG_RUR,S101,2033,1.0
RE1,DEMRESLPGCKN_HIG_RUR,S101,2034,1.0
RE1,DEMRESLPGCKN_HIG_RUR,S101,2035,1.0
RE1,DEMRESLPGCKN_HIG_RUR,S101,2036,1.0
RE1,DEMRESLPGCKN_HIG_RUR,S101,2037,1.0
RE1,DEMRESLPGCKN_HIG_RUR,S101,2038,1.0
RE1,DEMRESLPGCKN_HIG_RUR,S101,2039,1.0
RE1,DEMRESLPGCKN_HIG_RUR,S101,2040,1.0
RE1,DEMRESLPGCKN_HIG_RUR,S101,2041,1.0
RE1,DEMRESLPGCKN_HIG_RUR,S101,2042,1.0
RE1,DEMRESLPGCKN_HIG_RUR,S101,2043,1.0
RE1,DEMRESLPGCKN_HIG_RUR,S101,2044,1.0
RE1,DEMRESLPGCKN_HIG_RUR,S101,2045,1.0
RE1,DEMRESLPGCKN_HIG_RUR,S101,2046,1.0
RE1,DEMRESLPGCKN_HIG_RUR,S101,2047,1.0
RE1,DEMRESLPGCKN_HIG_RUR,S101,2048,1.0
RE1,DEMRESLPGCKN_HIG_RUR,S101,2049,1.0
RE1,DEMRESLPGCKN_HIG_RUR,S101,2050,1.0
RE1,DEMRESLPGCKN_HIG_RUR,S101,2051,1.0
RE1,DEMRESLPGCKN_HIG_RUR,S101,2052,1.0
RE1,DEMRESLPGCKN_HIG_RUR,S101,2053,1.0
RE1,DEMRESLPGCKN_HIG_RUR,S101,2054,1.0
RE1,DEMRESLPGCKN_HIG_RUR,S101,2055,1.0
RE1,DEMRESLPGCKN_HIG_RUR,S102,2022,1.0
RE1,DEMRESLPGCKN_HIG_RUR,S102,2023,1.0
RE1,DEMRESLPGCKN_HIG_RUR,S102,2024,1.0
RE1,DEMRESLPGCKN_HIG_RUR,S102,2025,1.0
RE1,DEMRESLPGCKN_HIG_RUR,S102,2026,1.0
RE1,DEMRESLPGCKN_HIG_RUR,S102,2027,1.0
RE1,DEMRESLPGCKN_HIG_RUR,S102,2028,1.0
RE1,DEMRESLPGCKN_HIG_RUR,S102,2029,1.0
RE1,DEMRESLPGCKN_HIG_RUR,S102,2030,1.0
RE1,DEMRESLPGCKN_HIG_RUR,S102,2031,1.0
RE1,DEMRESLPGCKN_HIG_RUR,S102,2032,1.0
RE1,DEMRESLPGCKN_HIG_RUR,S102,2033,1.0
RE1,DEMRESLPGCKN_HIG_RUR,S102,2034,1.0
RE1,DEMRESLPGCKN_HIG_RUR,S102,2035,1.0
RE1,DEMRESLPGCKN_HIG_RUR,S102,2036,1.0
RE1,DEMRESLPGCKN_HIG_RUR,S102,2037,1.0
RE1,DEMRESLPGCKN_HIG_RUR,S102,2038,1.0
RE1,DEMRESLPGCKN_HIG_RUR,S102,2039,1.0
RE1,DEMRESLPGCKN_HIG_RUR,S102,2040,1.0
RE1,DEMRESLPGCKN_HIG_RUR,S102,2041,1.0
RE1,DEMRESLPGCKN_HIG_RUR,S102,2042,1.0
RE1,DEMRESLPGCKN_HIG_RUR,S102,2043,1.0
RE1,DEMRESLPGCKN_HIG_RUR,S102,2044,1.0
RE1,DEMRESLPGCKN_HIG_RUR,S102,2045,1.0
RE1,DEMRESLPGCKN_HIG_RUR,S102,2046,1.0
RE1,DEMRESLPGCKN_HIG_RUR,S102,2047,1.0
RE1,DEMRESLPGCKN_HIG_RUR,S102,2048,1.0
RE1,DEMRESLPGCKN_HIG_RUR,S102,2049,1.0
RE1,DEMRESLPGCKN_HIG_RUR,S102,2050,1.0
RE1,DEMRESLPGCKN_HIG_RUR,S102,2051,1.0
RE1,DEMRESLPGCKN_HIG_RUR,S102,2052,1.0
RE1,DEMRESLPGCKN_HIG_RUR,S102,2053,1.0
RE1,DEMRESLPGCKN_HIG_RUR,S102,2054,1.0
RE1,DEMRESLPGCKN_HIG_RUR,S102,2055,1.0
RE1,DEMRESLPGCKN_HIG_URB,S101,2022,1.0
RE1,DEMRESLPGCKN_HIG_URB,S101,2023,1.0
RE1,DEMRESLPGCKN_HIG_URB,S101,2024,1.0
RE1,DEMRESLPGCKN_HIG_URB,S101,2025,1.0
RE1,DEMRESLPGCKN_HIG_URB,S101,2026,1.0
RE1,DEMRESLPGCKN_HIG_URB,S101,2027,1.0
RE1,DEMRESLPGCKN_HIG_URB,S101,2028,1.0
RE1,DEMRESLPGCKN_HIG_URB,S101,2029,1.0
RE1,DEMRESLPGCKN_HIG_URB,S101,2030,1.0
RE1,DEMRESLPGCKN_HIG_URB,S101,2031,1.0
RE1,DEMRESLPGCKN_HIG_URB,S101,2032,1.0
RE1,DEMRESLPGCKN_HIG_URB,S101,2033,1.0
RE1,DEMRESLPGCKN_HIG_URB,S101,2034,1.0
RE1,DEMRESLPGCKN_HIG_URB,S101,2035,1.0
RE1,DEMRESLPGCKN_HIG_URB,S101,2036,1.0
RE1,DEMRESLPGCKN_HIG_URB,S101,2037,1.0
RE1,DEMRESLPGCKN_HIG_URB,S101,2038,1.0
RE1,DEMRESLPGCKN_HIG_URB,S101,2039,1.0
RE1,DEMRESLPGCKN_HIG_URB,S101,2040,1.0
RE1,DEMRESLPGCKN_HIG_URB,S101,2041,1.0
RE1,DEMRESLPGCKN_HIG_URB,S101,2042,1.0
RE1,DEMRESLPGCKN_HIG_URB,S101,2043,1.0
RE1,DEMRESLPGCKN_HIG_URB,S101,2044,1.0
RE1,DEMRESLPGCKN_HIG_URB,S101,2045,1.0
RE1,DEMRESLPGCKN_HIG_URB,S101,2046,1.0
RE1,DEMRESLPGCKN_HIG_URB,S101,2047,1.0
RE1,DEMRESLPGCKN_HIG_URB,S101,2048,1.0
RE1,DEMRESLPGCKN_HIG_URB,S101,2049,1.0
RE1,DEMRESLPGCKN_HIG_URB,S101,2050,1.0
RE1,DEMRESLPGCKN_HIG_URB,S101,2051,1.0
RE1,DEMRESLPGCKN_HIG_URB,S101,2052,1.0
RE1,DEMRESLPGCKN_HIG_URB,S101,2053,1.0
RE1,DEMRESLPGCKN_HIG_URB,S101,2054,1.0
RE1,DEMRESLPGCKN_HIG_URB,S101,2055,1.0
RE1,DEMRESLPGCKN_HIG_URB,S102,2022,1.0
RE1,DEMRESLPGCKN_HIG_URB,S102,2023,1.0
RE1,DEMRESLPGCKN_HIG_URB,S102,2024,1.0
RE1,DEMRESLPGCKN_HIG_URB,S102,2025,1.0
RE1,DEMRESLPGCKN_HIG_URB,S102,2026,1.0
RE1,DEMRESLPGCKN_HIG_URB,S102,2027,1.0
RE1,DEMRESLPGCKN_HIG_URB,S102,2028,1.0
RE1,DEMRESLPGCKN_HIG_URB,S102,2029,1.0
RE1,DEMRESLPGCKN_HIG_URB,S102,2030,1.0
RE1,DEMRESLPGCKN_HIG_URB,S102,2031,1.0
RE1,DEMRESLPGCKN_HIG_URB,S102,2032,1.0
RE1,DEMRESLPGCKN_HIG_URB,S102,2033,1.0
RE1,DEMRESLPGCKN_HIG_URB,S102,2034,1.0
RE1,DEMRESLPGCKN_HIG_URB,S102,2035,1.0
RE1,DEMRESLPGCKN_HIG_URB,S102,2036,1.0
RE1,DEMRESLPGCKN_HIG_URB,S102,2037,1.0
RE1,DEMRESLPGCKN_HIG_URB,S102,2038,1.0
RE1,DEMRESLPGCKN_HIG_URB,S102,2039,1.0
RE1,DEMRESLPGCKN_HIG_URB,S102,2040,1.0
RE1,DEMRESLPGCKN_HIG_URB,S102,2041,1.0
RE1,DEMRESLPGCKN_HIG_URB,S102,2042,1.0
RE1,DEMRESLPGCKN_HIG_URB,S102,2043,1.0
RE1,DEMRESLPGCKN_HIG_URB,S102,2044,1.0
RE1,DEMRESLPGCKN_HIG_URB,S102,2045,1.0
RE1,DEMRESLPGCKN_HIG_URB,S102,2046,1.0
RE1,DEMRESLPGCKN_HIG_URB,S102,2047,1.0
RE1,DEMRESLPGCKN_HIG_URB,S102,2048,1.0
RE1,DEMRESLPGCKN_HIG_URB,S102,2049,1.0
RE1,DEMRESLPGCKN_HIG_URB,S102,2050,1.0
RE1,DEMRESLPGCKN_HIG_URB,S102,2051,1.0
RE1,DEMRESLPGCKN_HIG_URB,S102,2052,1.0
RE1,DEMRESLPGCKN_HIG_URB,S102,2053,1.0
RE1,DEMRESLPGCKN_HIG_URB,S102,2054,1.0
RE1,DEMRESLPGCKN_HIG_URB,S102,2055,1.0
RE1,DEMRESLPGCKN_LOW_RUR,S101,2022,1.0
RE1,DEMRESLPGCKN_LOW_RUR,S101,2023,1.0
RE1,DEMRESLPGCKN_LOW_RUR,S101,2024,1.0
RE1,DEMRESLPGCKN_LOW_RUR,S101,2025,1.0
RE1,DEMRESLPGCKN_LOW_RUR,S101,2026,1.0
RE1,DEMRESLPGCKN_LOW_RUR,S101,2027,1.0
RE1,DEMRESLPGCKN_LOW_RUR,S101,2028,1.0
RE1,DEMRESLPGCKN_LOW_RUR,S101,2029,1.0
RE1,DEMRESLPGCKN_LOW_RUR,S101,2030,1.0
RE1,DEMRESLPGCKN_LOW_RUR,S101,2031,1.0
RE1,DEMRESLPGCKN_LOW_RUR,S101,2032,1.0
RE1,DEMRESLPGCKN_LOW_RUR,S101,2033,1.0
RE1,DEMRESLPGCKN_LOW_RUR,S101,2034,1.0
RE1,DEMRESLPGCKN_LOW_RUR,S101,2035,1.0
RE1,DEMRESLPGCKN_LOW_RUR,S101,2036,1.0
RE1,DEMRESLPGCKN_LOW_RUR,S101,2037,1.0
RE1,DEMRESLPGCKN_LOW_RUR,S101,2038,1.0
RE1,DEMRESLPGCKN_LOW_RUR,S101,2039,1.0
RE1,DEMRESLPGCKN_LOW_RUR,S101,2040,1.0
RE1,DEMRESLPGCKN_LOW_RUR,S101,2041,1.0
RE1,DEMRESLPGCKN_LOW_RUR,S101,2042,1.0
RE1,DEMRESLPGCKN_LOW_RUR,S101,2043,1.0
RE1,DEMRESLPGCKN_LOW_RUR,S101,2044,1.0
RE1,DEMRESLPGCKN_LOW_RUR,S101,2045,1.0
RE1,DEMRESLPGCKN_LOW_RUR,S101,2046,1.0
RE1,DEMRESLPGCKN_LOW_RUR,S101,2047,1.0
RE1,DEMRESLPGCKN_LOW_RUR,S101,2048,1.0
RE1,DEMRESLPGCKN_LOW_RUR,S101,2049,1.0
RE1,DEMRESLPGCKN_LOW_RUR,S101,2050,1.0
RE1,DEMRESLPGCKN_LOW_RUR,S101,2051,1.0
RE1,DEMRESLPGCKN_LOW_RUR,S101,2052,1.0
RE1,DEMRESLPGCKN_LOW_RUR,S101,2053,1.0
RE1,DEMRESLPGCKN_LOW_RUR,S101,2054,1.0
RE1,DEMRESLPGCKN_LOW_RUR,S101,2055,1.0
RE1,DEMRESLPGCKN_LOW_RUR,S102,2022,1.0
RE1,DEMRESLPGCKN_LOW_RUR,S102,2023,1.0
RE1,DEMRESLPGCKN_LOW_RUR,S102,2024,1.0
RE1,DEMRESLPGCKN_LOW_RUR,S102,2025,1.0
RE1,DEMRESLPGCKN_LOW_RUR,S102,2026,1.0
RE1,DEMRESLPGCKN_LOW_RUR,S102,2027,1.0
RE1,DEMRESLPGCKN_LOW_RUR,S102,2028,1.0
RE1,DEMRESLPGCKN_LOW_RUR,S102,2029,1.0
RE1,DEMRESLPGCKN_LOW_RUR,S102,2030,1.0
RE1,DEMRESLPGCKN_LOW_RUR,S102,2031,1.0
RE1,DEMRESLPGCKN_LOW_RUR,S102,2032,1.0
RE1,DEMRESLPGCKN_LOW_RUR,S102,2033,1.0
RE1,DEMRESLPGCKN_LOW_RUR,S102,2034,1.0
RE1,DEMRESLPGCKN_LOW_RUR,S102,2035,1.0
RE1,DEMRESLPGCKN_LOW_RUR,S102,2036,1.0
RE1,DEMRESLPGCKN_LOW_RUR,S102,2037,1.0
RE1,DEMRESLPGCKN_LOW_RUR,S102,2038,1.0
RE1,DEMRESLPGCKN_LOW_RUR,S102,2039,1.0
RE1,DEMRESLPGCKN_LOW_RUR,S102,2040,1.0
RE1,DEMRESLPGCKN_LOW_RUR,S102,2041,1.0
RE1,DEMRESLPGCKN_LOW_RUR,S102,2042,1.0
RE1,DEMRESLPGCKN_LOW_RUR,S102,2043,1.0
RE1,DEMRESLPGCKN_LOW_RUR,S102,2044,1.0
RE1,DEMRESLPGCKN_LOW_RUR,S102,2045,1.0
RE1,DEMRESLPGCKN_LOW_RUR,S102,2046,1.0
RE1,DEMRESLPGCKN_LOW_RUR,S102,2047,1.0
RE1,DEMRESLPGCKN_LOW_RUR,S102,2048,1.0
RE1,DEMRESLPGCKN_LOW_RUR,S102,2049,1.0
RE1,DEMRESLPGCKN_LOW_RUR,S102,2050,1.0
RE1,DEMRESLPGCKN_LOW_RUR,S102,2051,1.0
RE1,DEMRESLPGCKN_LOW_RUR,S102,2052,1.0
RE1,DEMRESLPGCKN_LOW_RUR,S102,2053,1.0
RE1,DEMRESLPGCKN_LOW_RUR,S102,2054,1.0
RE1,DEMRESLPGCKN_LOW_RUR,S102,2055,1.0
RE1,DEMRESLPGCKN_LOW_URB,S101,2022,1.0
RE1,DEMRESLPGCKN_LOW_URB,S101,2023,1.0
RE1,DEMRESLPGCKN_LOW_URB,S101,2024,1.0
RE1,DEMRESLPGCKN_LOW_URB,S101,2025,1.0
RE1,DEMRESLPGCKN_LOW_URB,S101,2026,1.0
RE1,DEMRESLPGCKN_LOW_URB,S101,2027,1.0
RE1,DEMRESLPGCKN_LOW_URB,S101,2028,1.0
RE1,DEMRESLPGCKN_LOW_URB,S101,2029,1.0
RE1,DEMRESLPGCKN_LOW_URB,S101,2030,1.0
RE1,DEMRESLPGCKN_LOW_URB,S101,2031,1.0
RE1,DEMRESLPGCKN_LOW_URB,S101,2032,1.0
RE1,DEMRESLPGCKN_LOW_URB,S101,2033,1.0
RE1,DEMRESLPGCKN_LOW_URB,S101,2034,1.0
RE1,DEMRESLPGCKN_LOW_URB,S101,2035,1.0
RE1,DEMRESLPGCKN_LOW_URB,S101,2036,1.0
RE1,DEMRESLPGCKN_LOW_URB,S101,2037,1.0
RE1,DEMRESLPGCKN_LOW_URB,S101,2038,1.0
RE1,DEMRESLPGCKN_LOW_URB,S101,2039,1.0
RE1,DEMRESLPGCKN_LOW_URB,S101,2040,1.0
RE1,DEMRESLPGCKN_LOW_URB,S101,2041,1.0
RE1,DEMRESLPGCKN_LOW_URB,S101,2042,1.0
RE1,DEMRESLPGCKN_LOW_URB,S101,2043,1.0
RE1,DEMRESLPGCKN_LOW_URB,S101,2044,1.0
RE1,DEMRESLPGCKN_LOW_URB,S101,2045,1.0
RE1,DEMRESLPGCKN_LOW_URB,S101,2046,1.0
RE1,DEMRESLPGCKN_LOW_URB,S101,2047,1.0
RE1,DEMRESLPGCKN_LOW_URB,S101,2048,1.0
RE1,DEMRESLPGCKN_LOW_URB,S101,2049,1.0
RE1,DEMRESLPGCKN_LOW_URB,S101,2050,1.0
RE1,DEMRESLPGCKN_LOW_URB,S101,2051,1.0
RE1,DEMRESLPGCKN_LOW_URB,S101,2052,1.0
RE1,DEMRESLPGCKN_LOW_URB,S101,2053,1.0
RE1,DEMRESLPGCKN_LOW_URB,S101,2054,1.0
RE1,DEMRESLPGCKN_LOW_URB,S101,2055,1.0
RE1,DEMRESLPGCKN_LOW_URB,S102,2022,1.0
RE1,DEMRESLPGCKN_LOW_URB,S102,2023,1.0
RE1,DEMRESLPGCKN_LOW_URB,S102,2024,1.0
RE1,DEMRESLPGCKN_LOW_URB,S102,2025,1.0
RE1,DEMRESLPGCKN_LOW_URB,S102,2026,1.0
RE1,DEMRESLPGCKN_LOW_URB,S102,2027,1.0
RE1,DEMRESLPGCKN_LOW_URB,S102,2028,1.0
RE1,DEMRESLPGCKN_LOW_URB,S102,2029,1.0
RE1,DEMRESLPGCKN_LOW_URB,S102,2030,1.0
RE1,DEMRESLPGCKN_LOW_URB,S102,2031,1.0
RE1,DEMRESLPGCKN_LOW_URB,S102,2032,1.0
RE1,DEMRESLPGCKN_LOW_URB,S102,2033,1.0
RE1,DEMRESLPGCKN_LOW_URB,S102,2034,1.0
RE1,DEMRESLPGCKN_LOW_URB,S102,2035,1.0
RE1,DEMRESLPGCKN_LOW_URB,S102,2036,1.0
RE1,DEMRESLPGCKN_LOW_URB,S102,2037,1.0
RE1,DEMRESLPGCKN_LOW_URB,S102,2038,1.0
RE1,DEMRESLPGCKN_LOW_URB,S102,2039,1.0
RE1,DEMRESLPGCKN_LOW_URB,S102,2040,1.0
RE1,DEMRESLPGCKN_LOW_URB,S102,2041,1.0
RE1,DEMRESLPGCKN_LOW_URB,S102,2042,1.0
RE1,DEMRESLPGCKN_LOW_URB,S102,2043,1.0
RE1,DEMRESLPGCKN_LOW_URB,S102,2044,1.0
RE1,DEMRESLPGCKN_LOW_URB,S102,2045,1.0
RE1,DEMRESLPGCKN_LOW_URB,S102,2046,1.0
RE1,DEMRESLPGCKN_LOW_URB,S102,2047,1.0
RE1,DEMRESLPGCKN_LOW_URB,S102,2048,1.0
RE1,DEMRESLPGCKN_LOW_URB,S102,2049,1.0
RE1,DEMRESLPGCKN_LOW_URB,S102,2050,1.0
RE1,DEMRESLPGCKN_LOW_URB,S102,2051,1.0
RE1,DEMRESLPGCKN_LOW_URB,S102,2052,1.0
RE1,DEMRESLPGCKN_LOW_URB,S102,2053,1.0
RE1,DEMRESLPGCKN_LOW_URB,S102,2054,1.0
RE1,DEMRESLPGCKN_LOW_URB,S102,2055,1.0
RE1,DEMRESLPGCKN_MID_RUR,S101,2022,1.0
RE1,DEMRESLPGCKN_MID_RUR,S101,2023,1.0
RE1,DEMRESLPGCKN_MID_RUR,S101,2024,1.0
RE1,DEMRESLPGCKN_MID_RUR,S101,2025,1.0
RE1,DEMRESLPGCKN_MID_RUR,S101,2026,1.0
RE1,DEMRESLPGCKN_MID_RUR,S101,2027,1.0
RE1,DEMRESLPGCKN_MID_RUR,S101,2028,1.0
RE1,DEMRESLPGCKN_MID_RUR,S101,2029,1.0
RE1,DEMRESLPGCKN_MID_RUR,S101,2030,1.0
RE1,DEMRESLPGCKN_MID_RUR,S101,2031,1.0
RE1,DEMRESLPGCKN_MID_RUR,S101,2032,1.0
RE1,DEMRESLPGCKN_MID_RUR,S101,2033,1.0
RE1,DEMRESLPGCKN_MID_RUR,S101,2034,1.0
RE1,DEMRESLPGCKN_MID_RUR,S101,2035,1.0
RE1,DEMRESLPGCKN_MID_RUR,S101,2036,1.0
RE1,DEMRESLPGCKN_MID_RUR,S101,2037,1.0
RE1,DEMRESLPGCKN_MID_RUR,S101,2038,1.0
RE1,DEMRESLPGCKN_MID_RUR,S101,2039,1.0
RE1,DEMRESLPGCKN_MID_RUR,S101,2040,1.0
RE1,DEMRESLPGCKN_MID_RUR,S101,2041,1.0
RE1,DEMRESLPGCKN_MID_RUR,S101,2042,1.0
RE1,DEMRESLPGCKN_MID_RUR,S101,2043,1.0
RE1,DEMRESLPGCKN_MID_RUR,S101,2044,1.0
RE1,DEMRESLPGCKN_MID_RUR,S101,2045,1.0
RE1,DEMRESLPGCKN_MID_RUR,S101,2046,1.0
RE1,DEMRESLPGCKN_MID_RUR,S101,2047,1.0
RE1,DEMRESLPGCKN_MID_RUR,S101,2048,1.0
RE1,DEMRESLPGCKN_MID_RUR,S101,2049,1.0
RE1,DEMRESLPGCKN_MID_RUR,S101,2050,1.0
RE1,DEMRESLPGCKN_MID_RUR,S101,2051,1.0
RE1,DEMRESLPGCKN_MID_RUR,S101,2052,1.0
RE1,DEMRESLPGCKN_MID_RUR,S101,2053,1.0
RE1,DEMRESLPGCKN_MID_RUR,S101,2054,1.0
RE1,DEMRESLPGCKN_MID_RUR,S101,2055,1.0
RE1,DEMRESLPGCKN_MID_RUR,S102,2022,1.0
RE1,DEMRESLPGCKN_MID_RUR,S102,2023,1.0
RE1,DEMRESLPGCKN_MID_RUR,S102,2024,1.0
RE1,DEMRESLPGCKN_MID_RUR,S102,2025,1.0
RE1,DEMRESLPGCKN_MID_RUR,S102,2026,1.0
RE1,DEMRESLPGCKN_MID_RUR,S102,2027,1.0
RE1,DEMRESLPGCKN_MID_RUR,S102,2028,1.0
RE1,DEMRESLPGCKN_MID_RUR,S102,2029,1.0
RE1,DEMRESLPGCKN_MID_RUR,S102,2030,1.0
RE1,DEMRESLPGCKN_MID_RUR,S102,2031,1.0
RE1,DEMRESLPGCKN_MID_RUR,S102,2032,1.0
RE1,DEMRESLPGCKN_MID_RUR,S102,2033,1.0
RE1,DEMRESLPGCKN_MID_RUR,S102,2034,1.0
RE1,DEMRESLPGCKN_MID_RUR,S102,2035,1.0
RE1,DEMRESLPGCKN_MID_RUR,S102,2036,1.0
RE1,DEMRESLPGCKN_MID_RUR,S102,2037,1.0
RE1,DEMRESLPGCKN_MID_RUR,S102,2038,1.0
RE1,DEMRESLPGCKN_MID_RUR,S102,2039,1.0
RE1,DEMRESLPGCKN_MID_RUR,S102,2040,1.0
RE1,DEMRESLPGCKN_MID_RUR,S102,2041,1.0
RE1,DEMRESLPGCKN_MID_RUR,S102,2042,1.0
RE1,DEMRESLPGCKN_MID_RUR,S102,2043,1.0
RE1,DEMRESLPGCKN_MID_RUR,S102,2044,1.0
RE1,DEMRESLPGCKN_MID_RUR,S102,2045,1.0
RE1,DEMRESLPGCKN_MID_RUR,S102,2046,1.0
RE1,DEMRESLPGCKN_MID_RUR,S102,2047,1.0
RE1,DEMRESLPGCKN_MID_RUR,S102,2048,1.0
RE1,DEMRESLPGCKN_MID_RUR,S102,2049,1.0
RE1,DEMRESLPGCKN_MID_RUR,S102,2050,1.0
RE1,DEMRESLPGCKN_MID_RUR,S102,2051,1.0
RE1,DEMRESLPGCKN_MID_RUR,S102,2052,1.0
RE1,DEMRESLPGCKN_MID_RUR,S102,2053,1.0
RE1,DEMRESLPGCKN_MID_RUR,S102,2054,1.0
RE1,DEMRESLPGCKN_MID_RUR,S102,2055,1.0
RE1,DEMRESLPGCKN_MID_URB,S101,2022,1.0
RE1,DEMRESLPGCKN_MID_URB,S101,2023,1.0
RE1,DEMRESLPGCKN_MID_URB,S101,2024,1.0
RE1,DEMRESLPGCKN_MID_URB,S101,2025,1.0
RE1,DEMRESLPGCKN_MID_URB,S101,2026,1.0
RE1,DEMRESLPGCKN_MID_URB,S101,2027,1.0
RE1,DEMRESLPGCKN_MID_URB,S101,2028,1.0
RE1,DEMRESLPGCKN_MID_URB,S101,2029,1.0
RE1,DEMRESLPGCKN_MID_URB,S101,2030,1.0
RE1,DEMRESLPGCKN_MID_URB,S101,2031,1.0
RE1,DEMRESLPGCKN_MID_URB,S101,2032,1.0
RE1,DEMRESLPGCKN_MID_URB,S101,2033,1.0
RE1,DEMRESLPGCKN_MID_URB,S101,2034,1.0
RE1,DEMRESLPGCKN_MID_URB,S101,2035,1.0
RE1,DEMRESLPGCKN_MID_URB,S101,2036,1.0
RE1,DEMRESLPGCKN_MID_URB,S101,2037,1.0
RE1,DEMRESLPGCKN_MID_URB,S101,2038,1.0
RE1,DEMRESLPGCKN_MID_URB,S101,2039,1.0
RE1,DEMRESLPGCKN_MID_URB,S101,2040,1.0
RE1,DEMRESLPGCKN_MID_URB,S101,2041,1.0
RE1,DEMRESLPGCKN_MID_URB,S101,2042,1.0
RE1,DEMRESLPGCKN_MID_URB,S101,2043,1.0
RE1,DEMRESLPGCKN_MID_URB,S101,2044,1.0
RE1,DEMRESLPGCKN_MID_URB,S101,2045,1.0
RE1,DEMRESLPGCKN_MID_URB,S101,2046,1.0
RE1,DEMRESLPGCKN_MID_URB,S101,2047,1.0
RE1,DEMRESLPGCKN_MID_URB,S101,2048,1.0
RE1,DEMRESLPGCKN_MID_URB,S101,2049,1.0
RE1,DEMRESLPGCKN_MID_URB,S101,2050,1.0
RE1,DEMRESLPGCKN_MID_URB,S101,2051,1.0
RE1,DEMRESLPGCKN_MID_URB,S101,2052,1.0
RE1,DEMRESLPGCKN_MID_URB,S101,2053,1.0
RE1,DEMRESLPGCKN_MID_URB,S101,2054,1.0
RE1,DEMRESLPGCKN_MID_URB,S101,2055,1.0
RE1,DEMRESLPGCKN_MID_URB,S102,2022,1.0
RE1,DEMRESLPGCKN_MID_URB,S102,2023,1.0
RE1,DEMRESLPGCKN_MID_URB,S102,2024,1.0
RE1,DEMRESLPGCKN_MID_URB,S102,2025,1.0
RE1,DEMRESLPGCKN_MID_URB,S102,2026,1.0
RE1,DEMRESLPGCKN_MID_URB,S102,2027,1.0
RE1,DEMRESLPGCKN_MID_URB,S102,2028,1.0
RE1,DEMRESLPGCKN_MID_URB,S102,2029,1.0
RE1,DEMRESLPGCKN_MID_URB,S102,2030,1.0
RE1,DEMRESLPGCKN_MID_URB,S102,2031,1.0
RE1,DEMRESLPGCKN_MID_URB,S102,2032,1.0
RE1,DEMRESLPGCKN_MID_URB,S102,2033,1.0
RE1,DEMRESLPGCKN_MID_URB,S102,2034,1.0
RE1,DEMRESLPGCKN_MID_URB,S102,2035,1.0
RE1,DEMRESLPGCKN_MID_URB,S102,2036,1.0
RE1,DEMRESLPGCKN_MID_URB,S102,2037,1.0
RE1,DEMRESLPGCKN_MID_URB,S102,2038,1.0
RE1,DEMRESLPGCKN_MID_URB,S102,2039,1.0
RE1,DEMRESLPGCKN_MID_URB,S102,2040,1.0
RE1,DEMRESLPGCKN_MID_URB,S102,2041,1.0
RE1,DEMRESLPGCKN_MID_URB,S102,2042,1.0
RE1,DEMRESLPGCKN_MID_URB,S102,2043,1.0
RE1,DEMRESLPGCKN_MID_URB,S102,2044,1.0
RE1,DEMRESLPGCKN_MID_URB,S102,2045,1.0
RE1,DEMRESLPGCKN_MID_URB,S102,2046,1.0
RE1,DEMRESLPGCKN_MID_URB,S102,2047,1.0
RE1,DEMRESLPGCKN_MID_URB,S102,2048,1.0
RE1,DEMRESLPGCKN_MID_URB,S102,2049,1.0
RE1,DEMRESLPGCKN_MID_URB,S102,2050,1.0
RE1,DEMRESLPGCKN_MID_URB,S102,2051,1.0
RE1,DEMRESLPGCKN_MID_URB,S102,2052,1.0
RE1,DEMRESLPGCKN_MID_URB,S102,2053,1.0
RE1,DEMRESLPGCKN_MID_URB,S102,2054,1.0
RE1,DEMRESLPGCKN_MID_URB,S102,2055,1.0
RE1,DEMRESNGSCKN_HIG_RUR,S101,2022,1.0
RE1,DEMRESNGSCKN_HIG_RUR,S101,2023,1.0
RE1,DEMRESNGSCKN_HIG_RUR,S101,2024,1.0
RE1,DEMRESNGSCKN_HIG_RUR,S101,2025,1.0
RE1,DEMRESNGSCKN_HIG_RUR,S101,2026,1.0
RE1,DEMRESNGSCKN_HIG_RUR,S101,2027,1.0
RE1,DEMRESNGSCKN_HIG_RUR,S101,2028,1.0
RE1,DEMRESNGSCKN_HIG_RUR,S101,2029,1.0
RE1,DEMRESNGSCKN_HIG_RUR,S101,2030,1.0
RE1,DEMRESNGSCKN_HIG_RUR,S101,2031,1.0
RE1,DEMRESNGSCKN_HIG_RUR,S101,2032,1.0
RE1,DEMRESNGSCKN_HIG_RUR,S101,2033,1.0
RE1,DEMRESNGSCKN_HIG_RUR,S101,2034,1.0
RE1,DEMRESNGSCKN_HIG_RUR,S101,2035,1.0
RE1,DEMRESNGSCKN_HIG_RUR,S101,2036,1.0
RE1,DEMRESNGSCKN_HIG_RUR,S101,2037,1.0
RE1,DEMRESNGSCKN_HIG_RUR,S101,2038,1.0
RE1,DEMRESNGSCKN_HIG_RUR,S101,2039,1.0
RE1,DEMRESNGSCKN_HIG_RUR,S101,2040,1.0
RE1,DEMRESNGSCKN_HIG_RUR,S101,2041,1.0
RE1,DEMRESNGSCKN_HIG_RUR,S101,2042,1.0
RE1,DEMRESNGSCKN_HIG_RUR,S101,2043,1.0
RE1,DEMRESNGSCKN_HIG_RUR,S101,2044,1.0
RE1,DEMRESNGSCKN_HIG_RUR,S101,2045,1.0
RE1,DEMRESNGSCKN_HIG_RUR,S101,2046,1.0
RE1,DEMRESNGSCKN_HIG_RUR,S101,2047,1.0
RE1,DEMRESNGSCKN_HIG_RUR,S101,2048,1.0
RE1,DEMRESNGSCKN_HIG_RUR,S101,2049,1.0
RE1,DEMRESNGSCKN_HIG_RUR,S101,2050,1.0
RE1,DEMRESNGSCKN_HIG_RUR,S101,2051,1.0
RE1,DEMRESNGSCKN_HIG_RUR,S101,2052,1.0
RE1,DEMRESNGSCKN_HIG_RUR,S101,2053,1.0
RE1,DEMRESNGSCKN_HIG_RUR,S101,2054,1.0
RE1,DEMRESNGSCKN_HIG_RUR,S101,2055,1.0
RE1,DEMRESNGSCKN_HIG_RUR,S102,2022,1.0
RE1,DEMRESNGSCKN_HIG_RUR,S102,2023,1.0
RE1,DEMRESNGSCKN_HIG_RUR,S102,2024,1.0
RE1,DEMRESNGSCKN_HIG_RUR,S102,2025,1.0
RE1,DEMRESNGSCKN_HIG_RUR,S102,2026,1.0
RE1,DEMRESNGSCKN_HIG_RUR,S102,2027,1.0
RE1,DEMRESNGSCKN_HIG_RUR,S102,2028,1.0
RE1,DEMRESNGSCKN_HIG_RUR,S102,2029,1.0
RE1,DEMRESNGSCKN_HIG_RUR,S102,2030,1.0
RE1,DEMRESNGSCKN_HIG_RUR,S102,2031,1.0
RE1,DEMRESNGSCKN_HIG_RUR,S102,2032,1.0
RE1,DEMRESNGSCKN_HIG_RUR,S102,2033,1.0
RE1,DEMRESNGSCKN_HIG_RUR,S102,2034,1.0
RE1,DEMRESNGSCKN_HIG_RUR,S102,2035,1.0
RE1,DEMRESNGSCKN_HIG_RUR,S102,2036,1.0
RE1,DEMRESNGSCKN_HIG_RUR,S102,2037,1.0
RE1,DEMRESNGSCKN_HIG_RUR,S102,2038,1.0
RE1,DEMRESNGSCKN_HIG_RUR,S102,2039,1.0
RE1,DEMRESNGSCKN_HIG_RUR,S102,2040,1.0
RE1,DEMRESNGSCKN_HIG_RUR,S102,2041,1.0
RE1,DEMRESNGSCKN_HIG_RUR,S102,2042,1.0
RE1,DEMRESNGSCKN_HIG_RUR,S102,2043,1.0
RE1,DEMRESNGSCKN_HIG_RUR,S102,2044,1.0
RE1,DEMRESNGSCKN_HIG_RUR,S102,2045,1.0
RE1,DEMRESNGSCKN_HIG_RUR,S102,2046,1.0
RE1,DEMRESNGSCKN_HIG_RUR,S102,2047,1.0
RE1,DEMRESNGSCKN_HIG_RUR,S102,2048,1.0
RE1,DEMRESNGSCKN_HIG_RUR,S102,2049,1.0
RE1,DEMRESNGSCKN_HIG_RUR,S102,2050,1.0
RE1,DEMRESNGSCKN_HIG_RUR,S102,2051,1.0
RE1,DEMRESNGSCKN_HIG_RUR,S102,2052,1.0
RE1,DEMRESNGSCKN_HIG_RUR,S102,2053,1.0
RE1,DEMRESNGSCKN_HIG_RUR,S102,2054,1.0
RE1,DEMRESNGSCKN_HIG_RUR,S102,2055,1.0
RE1,DEMRESNGSCKN_HIG_URB,S101,2022,1.0
RE1,DEMRESNGSCKN_HIG_URB,S101,2023,1.0
RE1,DEMRESNGSCKN_HIG_URB,S101,2024,1.0
RE1,DEMRESNGSCKN_HIG_URB,S101,2025,1.0
RE1,DEMRESNGSCKN_HIG_URB,S101,2026,1.0
RE1,DEMRESNGSCKN_HIG_URB,S101,2027,1.0
RE1,DEMRESNGSCKN_HIG_URB,S101,2028,1.0
RE1,DEMRESNGSCKN_HIG_URB,S101,2029,1.0
RE1,DEMRESNGSCKN_HIG_URB,S101,2030,1.0
RE1,DEMRESNGSCKN_HIG_URB,S101,2031,1.0
RE1,DEMRESNGSCKN_HIG_URB,S101,2032,1.0
RE1,DEMRESNGSCKN_HIG_URB,S101,2033,1.0
RE1,DEMRESNGSCKN_HIG_URB,S101,2034,1.0
RE1,DEMRESNGSCKN_HIG_URB,S101,2035,1.0
RE1,DEMRESNGSCKN_HIG_URB,S101,2036,1.0
RE1,DEMRESNGSCKN_HIG_URB,S101,2037,1.0
RE1,DEMRESNGSCKN_HIG_URB,S101,2038,1.0
RE1,DEMRESNGSCKN_HIG_URB,S101,2039,1.0
RE1,DEMRESNGSCKN_HIG_URB,S101,2040,1.0
RE1,DEMRESNGSCKN_HIG_URB,S101,2041,1.0
RE1,DEMRESNGSCKN_HIG_URB,S101,2042,1.0
RE1,DEMRESNGSCKN_HIG_URB,S101,2043,1.0
RE1,DEMRESNGSCKN_HIG_URB,S101,2044,1.0
RE1,DEMRESNGSCKN_HIG_URB,S101,2045,1.0
RE1,DEMRESNGSCKN_HIG_URB,S101,2046,1.0
RE1,DEMRESNGSCKN_HIG_URB,S101,2047,1.0
RE1,DEMRESNGSCKN_HIG_URB,S101,2048,1.0
RE1,DEMRESNGSCKN_HIG_URB,S101,2049,1.0
RE1,DEMRESNGSCKN_HIG_URB,S101,2050,1.0
RE1,DEMRESNGSCKN_HIG_URB,S101,2051,1.0
RE1,DEMRESNGSCKN_HIG_URB,S101,2052,1.0
RE1,DEMRESNGSCKN_HIG_URB,S101,2053,1.0
RE1,DEMRESNGSCKN_HIG_URB,S101,2054,1.0
RE1,DEMRESNGSCKN_HIG_URB,S101,2055,1.0
RE1,DEMRESNGSCKN_HIG_URB,S102,2022,1.0
RE1,DEMRESNGSCKN_HIG_URB,S102,2023,1.0
RE1,DEMRESNGSCKN_HIG_URB,S102,2024,1.0
RE1,DEMRESNGSCKN_HIG_URB,S102,2025,1.0
RE1,DEMRESNGSCKN_HIG_URB,S102,2026,1.0
RE1,DEMRESNGSCKN_HIG_URB,S102,2027,1.0
RE1,DEMRESNGSCKN_HIG_URB,S102,2028,1.0
RE1,DEMRESNGSCKN_HIG_URB,S102,2029,1.0
RE1,DEMRESNGSCKN_HIG_URB,S102,2030,1.0
RE1,DEMRESNGSCKN_HIG_URB,S102,2031,1.0
RE1,DEMRESNGSCKN_HIG_URB,S102,2032,1.0
RE1,DEMRESNGSCKN_HIG_URB,S102,2033,1.0
RE1,DEMRESNGSCKN_HIG_URB,S102,2034,1.0
RE1,DEMRESNGSCKN_HIG_URB,S102,2035,1.0
RE1,DEMRESNGSCKN_HIG_URB,S102,2036,1.0
RE1,DEMRESNGSCKN_HIG_URB,S102,2037,1.0
RE1,DEMRESNGSCKN_HIG_URB,S102,2038,1.0
RE1,DEMRESNGSCKN_HIG_URB,S102,2039,1.0
RE1,DEMRESNGSCKN_HIG_URB,S102,2040,1.0
RE1,DEMRESNGSCKN_HIG_URB,S102,2041,1.0
RE1,DEMRESNGSCKN_HIG_URB,S102,2042,1.0
RE1,DEMRESNGSCKN_HIG_URB,S102,2043,1.0
RE1,DEMRESNGSCKN_HIG_URB,S102,2044,1.0
RE1,DEMRESNGSCKN_HIG_URB,S102,2045,1.0
RE1,DEMRESNGSCKN_HIG_URB,S102,2046,1.0
RE1,DEMRESNGSCKN_HIG_URB,S102,2047,1.0
RE1,DEMRESNGSCKN_HIG_URB,S102,2048,1.0
RE1,DEMRESNGSCKN_HIG_URB,S102,2049,1.0
RE1,DEMRESNGSCKN_HIG_URB,S102,2050,1.0
RE1,DEMRESNGSCKN_HIG_URB,S102,2051,1.0
RE1,DEMRESNGSCKN_HIG_URB,S102,2052,1.0
RE1,DEMRESNGSCKN_HIG_URB,S102,2053,1.0
RE1,DEMRESNGSCKN_HIG_URB,S102,2054,1.0
RE1,DEMRESNGSCKN_HIG_URB,S102,2055,1.0
RE1,DEMRESNGSCKN_LOW_RUR,S101,2022,1.0
RE1,DEMRESNGSCKN_LOW_RUR,S101,2023,1.0
RE1,DEMRESNGSCKN_LOW_RUR,S101,2024,1.0
RE1,DEMRESNGSCKN_LOW_RUR,S101,2025,1.0
RE1,DEMRESNGSCKN_LOW_RUR,S101,2026,1.0
RE1,DEMRESNGSCKN_LOW_RUR,S101,2027,1.0
RE1,DEMRESNGSCKN_LOW_RUR,S101,2028,1.0
RE1,DEMRESNGSCKN_LOW_RUR,S101,2029,1.0
RE1,DEMRESNGSCKN_LOW_RUR,S101,2030,1.0
RE1,DEMRESNGSCKN_LOW_RUR,S101,2031,1.0
RE1,DEMRESNGSCKN_LOW_RUR,S101,2032,1.0
RE1,DEMRESNGSCKN_LOW_RUR,S101,2033,1.0
RE1,DEMRESNGSCKN_LOW_RUR,S101,2034,1.0
RE1,DEMRESNGSCKN_LOW_RUR,S101,2035,1.0
RE1,DEMRESNGSCKN_LOW_RUR,S101,2036,1.0
RE1,DEMRESNGSCKN_LOW_RUR,S101,2037,1.0
RE1,DEMRESNGSCKN_LOW_RUR,S101,2038,1.0
RE1,DEMRESNGSCKN_LOW_RUR,S101,2039,1.0
RE1,DEMRESNGSCKN_LOW_RUR,S101,2040,1.0
RE1,DEMRESNGSCKN_LOW_RUR,S101,2041,1.0
RE1,DEMRESNGSCKN_LOW_RUR,S101,2042,1.0
RE1,DEMRESNGSCKN_LOW_RUR,S101,2043,1.0
RE1,DEMRESNGSCKN_LOW_RUR,S101,2044,1.0
RE1,DEMRESNGSCKN_LOW_RUR,S101,2045,1.0
RE1,DEMRESNGSCKN_LOW_RUR,S101,2046,1.0
RE1,DEMRESNGSCKN_LOW_RUR,S101,2047,1.0
RE1,DEMRESNGSCKN_LOW_RUR,S101,2048,1.0
RE1,DEMRESNGSCKN_LOW_RUR,S101,2049,1.0
RE1,DEMRESNGSCKN_LOW_RUR,S101,2050,1.0
RE1,DEMRESNGSCKN_LOW_RUR,S101,2051,1.0
RE1,DEMRESNGSCKN_LOW_RUR,S101,2052,1.0
RE1,DEMRESNGSCKN_LOW_RUR,S101,2053,1.0
RE1,DEMRESNGSCKN_LOW_RUR,S101,2054,1.0
RE1,DEMRESNGSCKN_LOW_RUR,S101,2055,1.0
RE1,DEMRESNGSCKN_LOW_RUR,S102,2022,1.0
RE1,DEMRESNGSCKN_LOW_RUR,S102,2023,1.0
RE1,DEMRESNGSCKN_LOW_RUR,S102,2024,1.0
RE1,DEMRESNGSCKN_LOW_RUR,S102,2025,1.0
RE1,DEMRESNGSCKN_LOW_RUR,S102,2026,1.0
RE1,DEMRESNGSCKN_LOW_RUR,S102,2027,1.0
RE1,DEMRESNGSCKN_LOW_RUR,S102,2028,1.0
RE1,DEMRESNGSCKN_LOW_RUR,S102,2029,1.0
RE1,DEMRESNGSCKN_LOW_RUR,S102,2030,1.0
RE1,DEMRESNGSCKN_LOW_RUR,S102,2031,1.0
RE1,DEMRESNGSCKN_LOW_RUR,S102,2032,1.0
RE1,DEMRESNGSCKN_LOW_RUR,S102,2033,1.0
RE1,DEMRESNGSCKN_LOW_RUR,S102,2034,1.0
RE1,DEMRESNGSCKN_LOW_RUR,S102,2035,1.0
RE1,DEMRESNGSCKN_LOW_RUR,S102,2036,1.0
RE1,DEMRESNGSCKN_LOW_RUR,S102,2037,1.0
RE1,DEMRESNGSCKN_LOW_RUR,S102,2038,1.0
RE1,DEMRESNGSCKN_LOW_RUR,S102,2039,1.0
RE1,DEMRESNGSCKN_LOW_RUR,S102,2040,1.0
RE1,DEMRESNGSCKN_LOW_RUR,S102,2041,1.0
RE1,DEMRESNGSCKN_LOW_RUR,S102,2042,1.0
RE1,DEMRESNGSCKN_LOW_RUR,S102,2043,1.0
RE1,DEMRESNGSCKN_LOW_RUR,S102,2044,1.0
RE1,DEMRESNGSCKN_LOW_RUR,S102,2045,1.0
RE1,DEMRESNGSCKN_LOW_RUR,S102,2046,1.0
RE1,DEMRESNGSCKN_LOW_RUR,S102,2047,1.0
RE1,DEMRESNGSCKN_LOW_RUR,S102,2048,1.0
RE1,DEMRESNGSCKN_LOW_RUR,S102,2049,1.0
RE1,DEMRESNGSCKN_LOW_RUR,S102,2050,1.0
RE1,DEMRESNGSCKN_LOW_RUR,S102,2051,1.0
RE1,DEMRESNGSCKN_LOW_RUR,S102,2052,1.0
RE1,DEMRESNGSCKN_LOW_RUR,S102,2053,1.0
RE1,DEMRESNGSCKN_LOW_RUR,S102,2054,1.0
RE1,DEMRESNGSCKN_LOW_RUR,S102,2055,1.0
RE1,DEMRESNGSCKN_LOW_URB,S101,2022,1.0
RE1,DEMRESNGSCKN_LOW_URB,S101,2023,1.0
RE1,DEMRESNGSCKN_LOW_URB,S101,2024,1.0
RE1,DEMRESNGSCKN_LOW_URB,S101,2025,1.0
RE1,DEMRESNGSCKN_LOW_URB,S101,2026,1.0
RE1,DEMRESNGSCKN_LOW_URB,S101,2027,1.0
RE1,DEMRESNGSCKN_LOW_URB,S101,2028,1.0
RE1,DEMRESNGSCKN_LOW_URB,S101,2029,1.0
RE1,DEMRESNGSCKN_LOW_URB,S101,2030,1.0
RE1,DEMRESNGSCKN_LOW_URB,S101,2031,1.0
RE1,DEMRESNGSCKN_LOW_URB,S101,2032,1.0
RE1,DEMRESNGSCKN_LOW_URB,S101,2033,1.0
RE1,DEMRESNGSCKN_LOW_URB,S101,2034,1.0
RE1,DEMRESNGSCKN_LOW_URB,S101,2035,1.0
RE1,DEMRESNGSCKN_LOW_URB,S101,2036,1.0
RE1,DEMRESNGSCKN_LOW_URB,S101,2037,1.0
RE1,DEMRESNGSCKN_LOW_URB,S101,2038,1.0
RE1,DEMRESNGSCKN_LOW_URB,S101,2039,1.0
RE1,DEMRESNGSCKN_LOW_URB,S101,2040,1.0
RE1,DEMRESNGSCKN_LOW_URB,S101,2041,1.0
RE1,DEMRESNGSCKN_LOW_URB,S101,2042,1.0
RE1,DEMRESNGSCKN_LOW_URB,S101,2043,1.0
RE1,DEMRESNGSCKN_LOW_URB,S101,2044,1.0
RE1,DEMRESNGSCKN_LOW_URB,S101,2045,1.0
RE1,DEMRESNGSCKN_LOW_URB,S101,2046,1.0
RE1,DEMRESNGSCKN_LOW_URB,S101,2047,1.0
RE1,DEMRESNGSCKN_LOW_URB,S101,2048,1.0
RE1,DEMRESNGSCKN_LOW_URB,S101,2049,1.0
RE1,DEMRESNGSCKN_LOW_URB,S101,2050,1.0
RE1,DEMRESNGSCKN_LOW_URB,S101,2051,1.0
RE1,DEMRESNGSCKN_LOW_URB,S101,2052,1.0
RE1,DEMRESNGSCKN_LOW_URB,S101,2053,1.0
RE1,DEMRESNGSCKN_LOW_URB,S101,2054,1.0
RE1,DEMRESNGSCKN_LOW_URB,S101,2055,1.0
RE1,DEMRESNGSCKN_LOW_URB,S102,2022,1.0
RE1,DEMRESNGSCKN_LOW_URB,S102,2023,1.0
RE1,DEMRESNGSCKN_LOW_URB,S102,2024,1.0
RE1,DEMRESNGSCKN_LOW_URB,S102,2025,1.0
RE1,DEMRESNGSCKN_LOW_URB,S102,2026,1.0
RE1,DEMRESNGSCKN_LOW_URB,S102,2027,1.0
RE1,DEMRESNGSCKN_LOW_URB,S102,2028,1.0
RE1,DEMRESNGSCKN_LOW_URB,S102,2029,1.0
RE1,DEMRESNGSCKN_LOW_URB,S102,2030,1.0
RE1,DEMRESNGSCKN_LOW_URB,S102,2031,1.0
RE1,DEMRESNGSCKN_LOW_URB,S102,2032,1.0
RE1,DEMRESNGSCKN_LOW_URB,S102,2033,1.0
RE1,DEMRESNGSCKN_LOW_URB,S102,2034,1.0
RE1,DEMRESNGSCKN_LOW_URB,S102,2035,1.0
RE1,DEMRESNGSCKN_LOW_URB,S102,2036,1.0
RE1,DEMRESNGSCKN_LOW_URB,S102,2037,1.0
RE1,DEMRESNGSCKN_LOW_URB,S102,2038,1.0
RE1,DEMRESNGSCKN_LOW_URB,S102,2039,1.0
RE1,DEMRESNGSCKN_LOW_URB,S102,2040,1.0
RE1,DEMRESNGSCKN_LOW_URB,S102,2041,1.0
RE1,DEMRESNGSCKN_LOW_URB,S102,2042,1.0
RE1,DEMRESNGSCKN_LOW_URB,S102,2043,1.0
RE1,DEMRESNGSCKN_LOW_URB,S102,2044,1.0
RE1,DEMRESNGSCKN_LOW_URB,S102,2045,1.0
RE1,DEMRESNGSCKN_LOW_URB,S102,2046,1.0
RE1,DEMRESNGSCKN_LOW_URB,S102,2047,1.0
RE1,DEMRESNGSCKN_LOW_URB,S102,2048,1.0
RE1,DEMRESNGSCKN_LOW_URB,S102,2049,1.0
RE1,DEMRESNGSCKN_LOW_URB,S102,2050,1.0
RE1,DEMRESNGSCKN_LOW_URB,S102,2051,1.0
RE1,DEMRESNGSCKN_LOW_URB,S102,2052,1.0
RE1,DEMRESNGSCKN_LOW_URB,S102,2053,1.0
RE1,DEMRESNGSCKN_LOW_URB,S102,2054,1.0
RE1,DEMRESNGSCKN_LOW_URB,S102,2055,1.0
RE1,DEMRESNGSCKN_MID_RUR,S101,2022,1.0
RE1,DEMRESNGSCKN_MID_RUR,S101,2023,1.0
RE1,DEMRESNGSCKN_MID_RUR,S101,2024,1.0
RE1,DEMRESNGSCKN_MID_RUR,S101,2025,1.0
RE1,DEMRESNGSCKN_MID_RUR,S101,2026,1.0
RE1,DEMRESNGSCKN_MID_RUR,S101,2027,1.0
RE1,DEMRESNGSCKN_MID_RUR,S101,2028,1.0
RE1,DEMRESNGSCKN_MID_RUR,S101,2029,1.0
RE1,DEMRESNGSCKN_MID_RUR,S101,2030,1.0
RE1,DEMRESNGSCKN_MID_RUR,S101,2031,1.0
RE1,DEMRESNGSCKN_MID_RUR,S101,2032,1.0
RE1,DEMRESNGSCKN_MID_RUR,S101,2033,1.0
RE1,DEMRESNGSCKN_MID_RUR,S101,2034,1.0
RE1,DEMRESNGSCKN_MID_RUR,S101,2035,1.0
RE1,DEMRESNGSCKN_MID_RUR,S101,2036,1.0
RE1,DEMRESNGSCKN_MID_RUR,S101,2037,1.0
RE1,DEMRESNGSCKN_MID_RUR,S101,2038,1.0
RE1,DEMRESNGSCKN_MID_RUR,S101,2039,1.0
RE1,DEMRESNGSCKN_MID_RUR,S101,2040,1.0
RE1,DEMRESNGSCKN_MID_RUR,S101,2041,1.0
RE1,DEMRESNGSCKN_MID_RUR,S101,2042,1.0
RE1,DEMRESNGSCKN_MID_RUR,S101,2043,1.0
RE1,DEMRESNGSCKN_MID_RUR,S101,2044,1.0
RE1,DEMRESNGSCKN_MID_RUR,S101,2045,1.0
RE1,DEMRESNGSCKN_MID_RUR,S101,2046,1.0
RE1,DEMRESNGSCKN_MID_RUR,S101,2047,1.0
RE1,DEMRESNGSCKN_MID_RUR,S101,2048,1.0
RE1,DEMRESNGSCKN_MID_RUR,S101,2049,1.0
RE1,DEMRESNGSCKN_MID_RUR,S101,2050,1.0
RE1,DEMRESNGSCKN_MID_RUR,S101,2051,1.0
RE1,DEMRESNGSCKN_MID_RUR,S101,2052,1.0
RE1,DEMRESNGSCKN_MID_RUR,S101,2053,1.0
RE1,DEMRESNGSCKN_MID_RUR,S101,2054,1.0
RE1,DEMRESNGSCKN_MID_RUR,S101,2055,1.0
RE1,DEMRESNGSCKN_MID_RUR,S102,2022,1.0
RE1,DEMRESNGSCKN_MID_RUR,S102,2023,1.0
RE1,DEMRESNGSCKN_MID_RUR,S102,2024,1.0
RE1,DEMRESNGSCKN_MID_RUR,S102,2025,1.0
RE1,DEMRESNGSCKN_MID_RUR,S102,2026,1.0
RE1,DEMRESNGSCKN_MID_RUR,S102,2027,1.0
RE1,DEMRESNGSCKN_MID_RUR,S102,2028,1.0
RE1,DEMRESNGSCKN_MID_RUR,S102,2029,1.0
RE1,DEMRESNGSCKN_MID_RUR,S102,2030,1.0
RE1,DEMRESNGSCKN_MID_RUR,S102,2031,1.0
RE1,DEMRESNGSCKN_MID_RUR,S102,2032,1.0
RE1,DEMRESNGSCKN_MID_RUR,S102,2033,1.0
RE1,DEMRESNGSCKN_MID_RUR,S102,2034,1.0
RE1,DEMRESNGSCKN_MID_RUR,S102,2035,1.0
RE1,DEMRESNGSCKN_MID_RUR,S102,2036,1.0
RE1,DEMRESNGSCKN_MID_RUR,S102,2037,1.0
RE1,DEMRESNGSCKN_MID_RUR,S102,2038,1.0
RE1,DEMRESNGSCKN_MID_RUR,S102,2039,1.0
RE1,DEMRESNGSCKN_MID_RUR,S102,2040,1.0
RE1,DEMRESNGSCKN_MID_RUR,S102,2041,1.0
RE1,DEMRESNGSCKN_MID_RUR,S102,2042,1.0
RE1,DEMRESNGSCKN_MID_RUR,S102,2043,1.0
RE1,DEMRESNGSCKN_MID_RUR,S102,2044,1.0
RE1,DEMRESNGSCKN_MID_RUR,S102,2045,1.0
RE1,DEMRESNGSCKN_MID_RUR,S102,2046,1.0
RE1,DEMRESNGSCKN_MID_RUR,S102,2047,1.0
RE1,DEMRESNGSCKN_MID_RUR,S102,2048,1.0
RE1,DEMRESNGSCKN_MID_RUR,S102,2049,1.0
RE1,DEMRESNGSCKN_MID_RUR,S102,2050,1.0
RE1,DEMRESNGSCKN_MID_RUR,S102,2051,1.0
RE1,DEMRESNGSCKN_MID_RUR,S102,2052,1.0
RE1,DEMRESNGSCKN_MID_RUR,S102,2053,1.0
RE1,DEMRESNGSCKN_MID_RUR,S102,2054,1.0
RE1,DEMRESNGSCKN_MID_RUR,S102,2055,1.0
RE1,DEMRESNGSCKN_MID_URB,S101,2022,1.0
RE1,DEMRESNGSCKN_MID_URB,S101,2023,1.0
RE1,DEMRESNGSCKN_MID_URB,S101,2024,1.0
RE1,DEMRESNGSCKN_MID_URB,S101,2025,1.0
RE1,DEMRESNGSCKN_MID_URB,S101,2026,1.0
RE1,DEMRESNGSCKN_MID_URB,S101,2027,1.0
RE1,DEMRESNGSCKN_MID_URB,S101,2028,1.0
RE1,DEMRESNGSCKN_MID_URB,S101,2029,1.0
RE1,DEMRESNGSCKN_MID_URB,S101,2030,1.0
RE1,DEMRESNGSCKN_MID_URB,S101,2031,1.0
RE1,DEMRESNGSCKN_MID_URB,S101,2032,1.0
RE1,DEMRESNGSCKN_MID_URB,S101,2033,1.0
RE1,DEMRESNGSCKN_MID_URB,S101,2034,1.0
RE1,DEMRESNGSCKN_MID_URB,S101,2035,1.0
RE1,DEMRESNGSCKN_MID_URB,S101,2036,1.0
RE1,DEMRESNGSCKN_MID_URB,S101,2037,1.0
RE1,DEMRESNGSCKN_MID_URB,S101,2038,1.0
RE1,DEMRESNGSCKN_MID_URB,S101,2039,1.0
RE1,DEMRESNGSCKN_MID_URB,S101,2040,1.0
RE1,DEMRESNGSCKN_MID_URB,S101,2041,1.0
RE1,DEMRESNGSCKN_MID_URB,S101,2042,1.0
RE1,DEMRESNGSCKN_MID_URB,S101,2043,1.0
RE1,DEMRESNGSCKN_MID_URB,S101,2044,1.0
RE1,DEMRESNGSCKN_MID_URB,S101,2045,1.0
RE1,DEMRESNGSCKN_MID_URB,S101,2046,1.0
RE1,DEMRESNGSCKN_MID_URB,S101,2047,1.0
RE1,DEMRESNGSCKN_MID_URB,S101,2048,1.0
RE1,DEMRESNGSCKN_MID_URB,S101,2049,1.0
RE1,DEMRESNGSCKN_MID_URB,S101,2050,1.0
RE1,DEMRESNGSCKN_MID_URB,S101,2051,1.0
RE1,DEMRESNGSCKN_MID_URB,S101,2052,1.0
RE1,DEMRESNGSCKN_MID_URB,S101,2053,1.0
RE1,DEMRESNGSCKN_MID_URB,S101,2054,1.0
RE1,DEMRESNGSCKN_MID_URB,S101,2055,1.0
RE1,DEMRESNGSCKN_MID_URB,S102,2022,1.0
RE1,DEMRESNGSCKN_MID_URB,S102,2023,1.0
RE1,DEMRESNGSCKN_MID_URB,S102,2024,1.0
RE1,DEMRESNGSCKN_MID_URB,S102,2025,1.0
RE1,DEMRESNGSCKN_MID_URB,S102,2026,1.0
RE1,DEMRESNGSCKN_MID_URB,S102,2027,1.0
RE1,DEMRESNGSCKN_MID_URB,S102,2028,1.0
RE1,DEMRESNGSCKN_MID_URB,S102,2029,1.0
RE1,DEMRESNGSCKN_MID_URB,S102,2030,1.0
RE1,DEMRESNGSCKN_MID_URB,S102,2031,1.0
RE1,DEMRESNGSCKN_MID_URB,S102,2032,1.0
RE1,DEMRESNGSCKN_MID_URB,S102,2033,1.0
RE1,DEMRESNGSCKN_MID_URB,S102,2034,1.0
RE1,DEMRESNGSCKN_MID_URB,S102,2035,1.0
RE1,DEMRESNGSCKN_MID_URB,S102,2036,1.0
RE1,DEMRESNGSCKN_MID_URB,S102,2037,1.0
RE1,DEMRESNGSCKN_MID_URB,S102,2038,1.0
RE1,DEMRESNGSCKN_MID_URB,S102,2039,1.0
RE1,DEMRESNGSCKN_MID_URB,S102,2040,1.0
RE1,DEMRESNGSCKN_MID_URB,S102,2041,1.0
RE1,DEMRESNGSCKN_MID_URB,S102,2042,1.0
RE1,DEMRESNGSCKN_MID_URB,S102,2043,1.0
RE1,DEMRESNGSCKN_MID_URB,S102,2044,1.0
RE1,DEMRESNGSCKN_MID_URB,S102,2045,1.0
RE1,DEMRESNGSCKN_MID_URB,S102,2046,1.0
RE1,DEMRESNGSCKN_MID_URB,S102,2047,1.0
RE1,DEMRESNGSCKN_MID_URB,S102,2048,1.0
RE1,DEMRESNGSCKN_MID_URB,S102,2049,1.0
RE1,DEMRESNGSCKN_MID_URB,S102,2050,1.0
RE1,DEMRESNGSCKN_MID_URB,S102,2051,1.0
RE1,DEMRESNGSCKN_MID_URB,S102,2052,1.0
RE1,DEMRESNGSCKN_MID_URB,S102,2053,1.0
RE1,DEMRESNGSCKN_MID_URB,S102,2054,1.0
RE1,DEMRESNGSCKN_MID_URB,S102,2055,1.0
RE1,DEMRESNGSWHT_FOR_HIG_RUR,S101,2022,1.0
RE1,DEMRESNGSWHT_FOR_HIG_RUR,S101,2023,1.0
RE1,DEMRESNGSWHT_FOR_HIG_RUR,S101,2024,1.0
RE1,DEMRESNGSWHT_FOR_HIG_RUR,S101,2025,1.0
RE1,DEMRESNGSWHT_FOR_HIG_RUR,S101,2026,1.0
RE1,DEMRESNGSWHT_FOR_HIG_RUR,S101,2027,1.0
RE1,DEMRESNGSWHT_FOR_HIG_RUR,S101,2028,1.0
RE1,DEMRESNGSWHT_FOR_HIG_RUR,S101,2029,1.0
RE1,DEMRESNGSWHT_FOR_HIG_RUR,S101,2030,1.0
RE1,DEMRESNGSWHT_FOR_HIG_RUR,S101,2031,1.0
RE1,DEMRESNGSWHT_FOR_HIG_RUR,S101,2032,1.0
RE1,DEMRESNGSWHT_FOR_HIG_RUR,S101,2033,1.0
RE1,DEMRESNGSWHT_FOR_HIG_RUR,S101,2034,1.0
RE1,DEMRESNGSWHT_FOR_HIG_RUR,S101,2035,1.0
RE1,DEMRESNGSWHT_FOR_HIG_RUR,S101,2036,1.0
RE1,DEMRESNGSWHT_FOR_HIG_RUR,S101,2037,1.0
RE1,DEMRESNGSWHT_FOR_HIG_RUR,S101,2038,1.0
RE1,DEMRESNGSWHT_FOR_HIG_RUR,S101,2039,1.0
RE1,DEMRESNGSWHT_FOR_HIG_RUR,S101,2040,1.0
RE1,DEMRESNGSWHT_FOR_HIG_RUR,S101,2041,1.0
RE1,DEMRESNGSWHT_FOR_HIG_RUR,S101,2042,1.0
RE1,DEMRESNGSWHT_FOR_HIG_RUR,S101,2043,1.0
RE1,DEMRESNGSWHT_FOR_HIG_RUR,S101,2044,1.0
RE1,DEMRESNGSWHT_FOR_HIG_RUR,S101,2045,1.0
RE1,DEMRESNGSWHT_FOR_HIG_RUR,S101,2046,1.0
RE1,DEMRESNGSWHT_FOR_HIG_RUR,S101,2047,1.0
RE1,DEMRESNGSWHT_FOR_HIG_RUR,S101,2048,1.0
RE1,DEMRESNGSWHT_FOR_HIG_RUR,S101,2049,1.0
RE1,DEMRESNGSWHT_FOR_HIG_RUR,S101,2050,1.0
RE1,DEMRESNGSWHT_FOR_HIG_RUR,S101,2051,1.0
RE1,DEMRESNGSWHT_FOR_HIG_RUR,S101,2052,1.0
RE1,DEMRESNGSWHT_FOR_HIG_RUR,S101,2053,1.0
RE1,DEMRESNGSWHT_FOR_HIG_RUR,S101,2054,1.0
RE1,DEMRESNGSWHT_FOR_HIG_RUR,S101,2055,1.0
RE1,DEMRESNGSWHT_FOR_HIG_RUR,S102,2022,1.0
RE1,DEMRESNGSWHT_FOR_HIG_RUR,S102,2023,1.0
RE1,DEMRESNGSWHT_FOR_HIG_RUR,S102,2024,1.0
RE1,DEMRESNGSWHT_FOR_HIG_RUR,S102,2025,1.0
RE1,DEMRESNGSWHT_FOR_HIG_RUR,S102,2026,1.0
RE1,DEMRESNGSWHT_FOR_HIG_RUR,S102,2027,1.0
RE1,DEMRESNGSWHT_FOR_HIG_RUR,S102,2028,1.0
RE1,DEMRESNGSWHT_FOR_HIG_RUR,S102,2029,1.0
RE1,DEMRESNGSWHT_FOR_HIG_RUR,S102,2030,1.0
RE1,DEMRESNGSWHT_FOR_HIG_RUR,S102,2031,1.0
RE1,DEMRESNGSWHT_FOR_HIG_RUR,S102,2032,1.0
RE1,DEMRESNGSWHT_FOR_HIG_RUR,S102,2033,1.0
RE1,DEMRESNGSWHT_FOR_HIG_RUR,S102,2034,1.0
RE1,DEMRESNGSWHT_FOR_HIG_RUR,S102,2035,1.0
RE1,DEMRESNGSWHT_FOR_HIG_RUR,S102,2036,1.0
RE1,DEMRESNGSWHT_FOR_HIG_RUR,S102,2037,1.0
RE1,DEMRESNGSWHT_FOR_HIG_RUR,S102,2038,1.0
RE1,DEMRESNGSWHT_FOR_HIG_RUR,S102,2039,1.0
RE1,DEMRESNGSWHT_FOR_HIG_RUR,S102,2040,1.0
RE1,DEMRESNGSWHT_FOR_HIG_RUR,S102,2041,1.0
RE1,DEMRESNGSWHT_FOR_HIG_RUR,S102,2042,1.0
RE1,DEMRESNGSWHT_FOR_HIG_RUR,S102,2043,1.0
RE1,DEMRESNGSWHT_FOR_HIG_RUR,S102,2044,1.0
RE1,DEMRESNGSWHT_FOR_HIG_RUR,S102,2045,1.0
RE1,DEMRESNGSWHT_FOR_HIG_RUR,S102,2046,1.0
RE1,DEMRESNGSWHT_FOR_HIG_RUR,S102,2047,1.0
RE1,DEMRESNGSWHT_FOR_HIG_RUR,S102,2048,1.0
RE1,DEMRESNGSWHT_FOR_HIG_RUR,S102,2049,1.0
RE1,DEMRESNGSWHT_FOR_HIG_RUR,S102,2050,1.0
RE1,DEMRESNGSWHT_FOR_HIG_RUR,S102,2051,1.0
RE1,DEMRESNGSWHT_FOR_HIG_RUR,S102,2052,1.0
RE1,DEMRESNGSWHT_FOR_HIG_RUR,S102,2053,1.0
RE1,DEMRESNGSWHT_FOR_HIG_RUR,S102,2054,1.0
RE1,DEMRESNGSWHT_FOR_HIG_RUR,S102,2055,1.0
RE1,DEMRESNGSWHT_FOR_HIG_URB,S101,2022,1.0
RE1,DEMRESNGSWHT_FOR_HIG_URB,S101,2023,1.0
RE1,DEMRESNGSWHT_FOR_HIG_URB,S101,2024,1.0
RE1,DEMRESNGSWHT_FOR_HIG_URB,S101,2025,1.0
RE1,DEMRESNGSWHT_FOR_HIG_URB,S101,2026,1.0
RE1,DEMRESNGSWHT_FOR_HIG_URB,S101,2027,1.0
RE1,DEMRESNGSWHT_FOR_HIG_URB,S101,2028,1.0
RE1,DEMRESNGSWHT_FOR_HIG_URB,S101,2029,1.0
RE1,DEMRESNGSWHT_FOR_HIG_URB,S101,2030,1.0
RE1,DEMRESNGSWHT_FOR_HIG_URB,S101,2031,1.0
RE1,DEMRESNGSWHT_FOR_HIG_URB,S101,2032,1.0
RE1,DEMRESNGSWHT_FOR_HIG_URB,S101,2033,1.0
RE1,DEMRESNGSWHT_FOR_HIG_URB,S101,2034,1.0
RE1,DEMRESNGSWHT_FOR_HIG_URB,S101,2035,1.0
RE1,DEMRESNGSWHT_FOR_HIG_URB,S101,2036,1.0
RE1,DEMRESNGSWHT_FOR_HIG_URB,S101,2037,1.0
RE1,DEMRESNGSWHT_FOR_HIG_URB,S101,2038,1.0
RE1,DEMRESNGSWHT_FOR_HIG_URB,S101,2039,1.0
RE1,DEMRESNGSWHT_FOR_HIG_URB,S101,2040,1.0
RE1,DEMRESNGSWHT_FOR_HIG_URB,S101,2041,1.0
RE1,DEMRESNGSWHT_FOR_HIG_URB,S101,2042,1.0
RE1,DEMRESNGSWHT_FOR_HIG_URB,S101,2043,1.0
RE1,DEMRESNGSWHT_FOR_HIG_URB,S101,2044,1.0
RE1,DEMRESNGSWHT_FOR_HIG_URB,S101,2045,1.0
RE1,DEMRESNGSWHT_FOR_HIG_URB,S101,2046,1.0
RE1,DEMRESNGSWHT_FOR_HIG_URB,S101,2047,1.0
RE1,DEMRESNGSWHT_FOR_HIG_URB,S101,2048,1.0
RE1,DEMRESNGSWHT_FOR_HIG_URB,S101,2049,1.0
RE1,DEMRESNGSWHT_FOR_HIG_URB,S101,2050,1.0
RE1,DEMRESNGSWHT_FOR_HIG_URB,S101,2051,1.0
RE1,DEMRESNGSWHT_FOR_HIG_URB,S101,2052,1.0
RE1,DEMRESNGSWHT_FOR_HIG_URB,S101,2053,1.0
RE1,DEMRESNGSWHT_FOR_HIG_URB,S101,2054,1.0
RE1,DEMRESNGSWHT_FOR_HIG_URB,S101,2055,1.0
RE1,DEMRESNGSWHT_FOR_HIG_URB,S102,2022,1.0
RE1,DEMRESNGSWHT_FOR_HIG_URB,S102,2023,1.0
RE1,DEMRESNGSWHT_FOR_HIG_URB,S102,2024,1.0
RE1,DEMRESNGSWHT_FOR_HIG_URB,S102,2025,1.0
RE1,DEMRESNGSWHT_FOR_HIG_URB,S102,2026,1.0
RE1,DEMRESNGSWHT_FOR_HIG_URB,S102,2027,1.0
RE1,DEMRESNGSWHT_FOR_HIG_URB,S102,2028,1.0
RE1,DEMRESNGSWHT_FOR_HIG_URB,S102,2029,1.0
RE1,DEMRESNGSWHT_FOR_HIG_URB,S102,2030,1.0
RE1,DEMRESNGSWHT_FOR_HIG_URB,S102,2031,1.0
RE1,DEMRESNGSWHT_FOR_HIG_URB,S102,2032,1.0
RE1,DEMRESNGSWHT_FOR_HIG_URB,S102,2033,1.0
RE1,DEMRESNGSWHT_FOR_HIG_URB,S102,2034,1.0
RE1,DEMRESNGSWHT_FOR_HIG_URB,S102,2035,1.0
RE1,DEMRESNGSWHT_FOR_HIG_URB,S102,2036,1.0
RE1,DEMRESNGSWHT_FOR_HIG_URB,S102,2037,1.0
RE1,DEMRESNGSWHT_FOR_HIG_URB,S102,2038,1.0
RE1,DEMRESNGSWHT_FOR_HIG_URB,S102,2039,1.0
RE1,DEMRESNGSWHT_FOR_HIG_URB,S102,2040,1.0
RE1,DEMRESNGSWHT_FOR_HIG_URB,S102,2041,1.0
RE1,DEMRESNGSWHT_FOR_HIG_URB,S102,2042,1.0
RE1,DEMRESNGSWHT_FOR_HIG_URB,S102,2043,1.0
RE1,DEMRESNGSWHT_FOR_HIG_URB,S102,2044,1.0
RE1,DEMRESNGSWHT_FOR_HIG_URB,S102,2045,1.0
RE1,DEMRESNGSWHT_FOR_HIG_URB,S102,2046,1.0
RE1,DEMRESNGSWHT_FOR_HIG_URB,S102,2047,1.0
RE1,DEMRESNGSWHT_FOR_HIG_URB,S102,2048,1.0
RE1,DEMRESNGSWHT_FOR_HIG_URB,S102,2049,1.0
RE1,DEMRESNGSWHT_FOR_HIG_URB,S102,2050,1.0
RE1,DEMRESNGSWHT_FOR_HIG_URB,S102,2051,1.0
RE1,DEMRESNGSWHT_FOR_HIG_URB,S102,2052,1.0
RE1,DEMRESNGSWHT_FOR_HIG_URB,S102,2053,1.0
RE1,DEMRESNGSWHT_FOR_HIG_URB,S102,2054,1.0
RE1,DEMRESNGSWHT_FOR_HIG_URB,S102,2055,1.0
RE1,DEMRESNGSWHT_FOR_LOW_RUR,S101,2022,1.0
RE1,DEMRESNGSWHT_FOR_LOW_RUR,S101,2023,1.0
RE1,DEMRESNGSWHT_FOR_LOW_RUR,S101,2024,1.0
RE1,DEMRESNGSWHT_FOR_LOW_RUR,S101,2025,1.0
RE1,DEMRESNGSWHT_FOR_LOW_RUR,S101,2026,1.0
RE1,DEMRESNGSWHT_FOR_LOW_RUR,S101,2027,1.0
RE1,DEMRESNGSWHT_FOR_LOW_RUR,S101,2028,1.0
RE1,DEMRESNGSWHT_FOR_LOW_RUR,S101,2029,1.0
RE1,DEMRESNGSWHT_FOR_LOW_RUR,S101,2030,1.0
RE1,DEMRESNGSWHT_FOR_LOW_RUR,S101,2031,1.0
RE1,DEMRESNGSWHT_FOR_LOW_RUR,S101,2032,1.0
RE1,DEMRESNGSWHT_FOR_LOW_RUR,S101,2033,1.0
RE1,DEMRESNGSWHT_FOR_LOW_RUR,S101,2034,1.0
RE1,DEMRESNGSWHT_FOR_LOW_RUR,S101,2035,1.0
RE1,DEMRESNGSWHT_FOR_LOW_RUR,S101,2036,1.0
RE1,DEMRESNGSWHT_FOR_LOW_RUR,S101,2037,1.0
RE1,DEMRESNGSWHT_FOR_LOW_RUR,S101,2038,1.0
RE1,DEMRESNGSWHT_FOR_LOW_RUR,S101,2039,1.0
RE1,DEMRESNGSWHT_FOR_LOW_RUR,S101,2040,1.0
RE1,DEMRESNGSWHT_FOR_LOW_RUR,S101,2041,1.0
RE1,DEMRESNGSWHT_FOR_LOW_RUR,S101,2042,1.0
RE1,DEMRESNGSWHT_FOR_LOW_RUR,S101,2043,1.0
RE1,DEMRESNGSWHT_FOR_LOW_RUR,S101,2044,1.0
RE1,DEMRESNGSWHT_FOR_LOW_RUR,S101,2045,1.0
RE1,DEMRESNGSWHT_FOR_LOW_RUR,S101,2046,1.0
RE1,DEMRESNGSWHT_FOR_LOW_RUR,S101,2047,1.0
RE1,DEMRESNGSWHT_FOR_LOW_RUR,S101,2048,1.0
RE1,DEMRESNGSWHT_FOR_LOW_RUR,S101,2049,1.0
RE1,DEMRESNGSWHT_FOR_LOW_RUR,S101,2050,1.0
RE1,DEMRESNGSWHT_FOR_LOW_RUR,S101,2051,1.0
RE1,DEMRESNGSWHT_FOR_LOW_RUR,S101,2052,1.0
RE1,DEMRESNGSWHT_FOR_LOW_RUR,S101,2053,1.0
RE1,DEMRESNGSWHT_FOR_LOW_RUR,S101,2054,1.0
RE1,DEMRESNGSWHT_FOR_LOW_RUR,S101,2055,1.0
RE1,DEMRESNGSWHT_FOR_LOW_RUR,S102,2022,1.0
RE1,DEMRESNGSWHT_FOR_LOW_RUR,S102,2023,1.0
RE1,DEMRESNGSWHT_FOR_LOW_RUR,S102,2024,1.0
RE1,DEMRESNGSWHT_FOR_LOW_RUR,S102,2025,1.0
RE1,DEMRESNGSWHT_FOR_LOW_RUR,S102,2026,1.0
RE1,DEMRESNGSWHT_FOR_LOW_RUR,S102,2027,1.0
RE1,DEMRESNGSWHT_FOR_LOW_RUR,S102,2028,1.0
RE1,DEMRESNGSWHT_FOR_LOW_RUR,S102,2029,1.0
RE1,DEMRESNGSWHT_FOR_LOW_RUR,S102,2030,1.0
RE1,DEMRESNGSWHT_FOR_LOW_RUR,S102,2031,1.0
RE1,DEMRESNGSWHT_FOR_LOW_RUR,S102,2032,1.0
RE1,DEMRESNGSWHT_FOR_LOW_RUR,S102,2033,1.0
RE1,DEMRESNGSWHT_FOR_LOW_RUR,S102,2034,1.0
RE1,DEMRESNGSWHT_FOR_LOW_RUR,S102,2035,1.0
RE1,DEMRESNGSWHT_FOR_LOW_RUR,S102,2036,1.0
RE1,DEMRESNGSWHT_FOR_LOW_RUR,S102,2037,1.0
RE1,DEMRESNGSWHT_FOR_LOW_RUR,S102,2038,1.0
RE1,DEMRESNGSWHT_FOR_LOW_RUR,S102,2039,1.0
RE1,DEMRESNGSWHT_FOR_LOW_RUR,S102,2040,1.0
RE1,DEMRESNGSWHT_FOR_LOW_RUR,S102,2041,1.0
RE1,DEMRESNGSWHT_FOR_LOW_RUR,S102,2042,1.0
RE1,DEMRESNGSWHT_FOR_LOW_RUR,S102,2043,1.0
RE1,DEMRESNGSWHT_FOR_LOW_RUR,S102,2044,1.0
RE1,DEMRESNGSWHT_FOR_LOW_RUR,S102,2045,1.0
RE1,DEMRESNGSWHT_FOR_LOW_RUR,S102,2046,1.0
RE1,DEMRESNGSWHT_FOR_LOW_RUR,S102,2047,1.0
RE1,DEMRESNGSWHT_FOR_LOW_RUR,S102,2048,1.0
RE1,DEMRESNGSWHT_FOR_LOW_RUR,S102,2049,1.0
RE1,DEMRESNGSWHT_FOR_LOW_RUR,S102,2050,1.0
RE1,DEMRESNGSWHT_FOR_LOW_RUR,S102,2051,1.0
RE1,DEMRESNGSWHT_FOR_LOW_RUR,S102,2052,1.0
RE1,DEMRESNGSWHT_FOR_LOW_RUR,S102,2053,1.0
RE1,DEMRESNGSWHT_FOR_LOW_RUR,S102,2054,1.0
RE1,DEMRESNGSWHT_FOR_LOW_RUR,S102,2055,1.0
RE1,DEMRESNGSWHT_FOR_LOW_URB,S101,2022,1.0
RE1,DEMRESNGSWHT_FOR_LOW_URB,S101,2023,1.0
RE1,DEMRESNGSWHT_FOR_LOW_URB,S101,2024,1.0
RE1,DEMRESNGSWHT_FOR_LOW_URB,S101,2025,1.0
RE1,DEMRESNGSWHT_FOR_LOW_URB,S101,2026,1.0
RE1,DEMRESNGSWHT_FOR_LOW_URB,S101,2027,1.0
RE1,DEMRESNGSWHT_FOR_LOW_URB,S101,2028,1.0
RE1,DEMRESNGSWHT_FOR_LOW_URB,S101,2029,1.0
RE1,DEMRESNGSWHT_FOR_LOW_URB,S101,2030,1.0
RE1,DEMRESNGSWHT_FOR_LOW_URB,S101,2031,1.0
RE1,DEMRESNGSWHT_FOR_LOW_URB,S101,2032,1.0
RE1,DEMRESNGSWHT_FOR_LOW_URB,S101,2033,1.0
RE1,DEMRESNGSWHT_FOR_LOW_URB,S101,2034,1.0
RE1,DEMRESNGSWHT_FOR_LOW_URB,S101,2035,1.0
RE1,DEMRESNGSWHT_FOR_LOW_URB,S101,2036,1.0
RE1,DEMRESNGSWHT_FOR_LOW_URB,S101,2037,1.0
RE1,DEMRESNGSWHT_FOR_LOW_URB,S101,2038,1.0
RE1,DEMRESNGSWHT_FOR_LOW_URB,S101,2039,1.0
RE1,DEMRESNGSWHT_FOR_LOW_URB,S101,2040,1.0
RE1,DEMRESNGSWHT_FOR_LOW_URB,S101,2041,1.0
RE1,DEMRESNGSWHT_FOR_LOW_URB,S101,2042,1.0
RE1,DEMRESNGSWHT_FOR_LOW_URB,S101,2043,1.0
RE1,DEMRESNGSWHT_FOR_LOW_URB,S101,2044,1.0
RE1,DEMRESNGSWHT_FOR_LOW_URB,S101,2045,1.0
RE1,DEMRESNGSWHT_FOR_LOW_URB,S101,2046,1.0
RE1,DEMRESNGSWHT_FOR_LOW_URB,S101,2047,1.0
RE1,DEMRESNGSWHT_FOR_LOW_URB,S101,2048,1.0
RE1,DEMRESNGSWHT_FOR_LOW_URB,S101,2049,1.0
RE1,DEMRESNGSWHT_FOR_LOW_URB,S101,2050,1.0
RE1,DEMRESNGSWHT_FOR_LOW_URB,S101,2051,1.0
RE1,DEMRESNGSWHT_FOR_LOW_URB,S101,2052,1.0
RE1,DEMRESNGSWHT_FOR_LOW_URB,S101,2053,1.0
RE1,DEMRESNGSWHT_FOR_LOW_URB,S101,2054,1.0
RE1,DEMRESNGSWHT_FOR_LOW_URB,S101,2055,1.0
RE1,DEMRESNGSWHT_FOR_LOW_URB,S102,2022,1.0
RE1,DEMRESNGSWHT_FOR_LOW_URB,S102,2023,1.0
RE1,DEMRESNGSWHT_FOR_LOW_URB,S102,2024,1.0
RE1,DEMRESNGSWHT_FOR_LOW_URB,S102,2025,1.0
RE1,DEMRESNGSWHT_FOR_LOW_URB,S102,2026,1.0
RE1,DEMRESNGSWHT_FOR_LOW_URB,S102,2027,1.0
RE1,DEMRESNGSWHT_FOR_LOW_URB,S102,2028,1.0
RE1,DEMRESNGSWHT_FOR_LOW_URB,S102,2029,1.0
RE1,DEMRESNGSWHT_FOR_LOW_URB,S102,2030,1.0
RE1,DEMRESNGSWHT_FOR_LOW_URB,S102,2031,1.0
RE1,DEMRESNGSWHT_FOR_LOW_URB,S102,2032,1.0
RE1,DEMRESNGSWHT_FOR_LOW_URB,S102,2033,1.0
RE1,DEMRESNGSWHT_FOR_LOW_URB,S102,2034,1.0
RE1,DEMRESNGSWHT_FOR_LOW_URB,S102,2035,1.0
RE1,DEMRESNGSWHT_FOR_LOW_URB,S102,2036,1.0
RE1,DEMRESNGSWHT_FOR_LOW_URB,S102,2037,1.0
RE1,DEMRESNGSWHT_FOR_LOW_URB,S102,2038,1.0
RE1,DEMRESNGSWHT_FOR_LOW_URB,S102,2039,1.0
RE1,DEMRESNGSWHT_FOR_LOW_URB,S102,2040,1.0
RE1,DEMRESNGSWHT_FOR_LOW_URB,S102,2041,1.0
RE1,DEMRESNGSWHT_FOR_LOW_URB,S102,2042,1.0
RE1,DEMRESNGSWHT_FOR_LOW_URB,S102,2043,1.0
RE1,DEMRESNGSWHT_FOR_LOW_URB,S102,2044,1.0
RE1,DEMRESNGSWHT_FOR_LOW_URB,S102,2045,1.0
RE1,DEMRESNGSWHT_FOR_LOW_URB,S102,2046,1.0
RE1,DEMRESNGSWHT_FOR_LOW_URB,S102,2047,1.0
RE1,DEMRESNGSWHT_FOR_LOW_URB,S102,2048,1.0
RE1,DEMRESNGSWHT_FOR_LOW_URB,S102,2049,1.0
RE1,DEMRESNGSWHT_FOR_LOW_URB,S102,2050,1.0
RE1,DEMRESNGSWHT_FOR_LOW_URB,S102,2051,1.0
RE1,DEMRESNGSWHT_FOR_LOW_URB,S102,2052,1.0
RE1,DEMRESNGSWHT_FOR_LOW_URB,S102,2053,1.0
RE1,DEMRESNGSWHT_FOR_LOW_URB,S102,2054,1.0
RE1,DEMRESNGSWHT_FOR_LOW_URB,S102,2055,1.0
RE1,DEMRESNGSWHT_FOR_MID_RUR,S101,2022,1.0
RE1,DEMRESNGSWHT_FOR_MID_RUR,S101,2023,1.0
RE1,DEMRESNGSWHT_FOR_MID_RUR,S101,2024,1.0
RE1,DEMRESNGSWHT_FOR_MID_RUR,S101,2025,1.0
RE1,DEMRESNGSWHT_FOR_MID_RUR,S101,2026,1.0
RE1,DEMRESNGSWHT_FOR_MID_RUR,S101,2027,1.0
RE1,DEMRESNGSWHT_FOR_MID_RUR,S101,2028,1.0
RE1,DEMRESNGSWHT_FOR_MID_RUR,S101,2029,1.0
RE1,DEMRESNGSWHT_FOR_MID_RUR,S101,2030,1.0
RE1,DEMRESNGSWHT_FOR_MID_RUR,S101,2031,1.0
RE1,DEMRESNGSWHT_FOR_MID_RUR,S101,2032,1.0
RE1,DEMRESNGSWHT_FOR_MID_RUR,S101,2033,1.0
RE1,DEMRESNGSWHT_FOR_MID_RUR,S101,2034,1.0
RE1,DEMRESNGSWHT_FOR_MID_RUR,S101,2035,1.0
RE1,DEMRESNGSWHT_FOR_MID_RUR,S101,2036,1.0
RE1,DEMRESNGSWHT_FOR_MID_RUR,S101,2037,1.0
RE1,DEMRESNGSWHT_FOR_MID_RUR,S101,2038,1.0
RE1,DEMRESNGSWHT_FOR_MID_RUR,S101,2039,1.0
RE1,DEMRESNGSWHT_FOR_MID_RUR,S101,2040,1.0
RE1,DEMRESNGSWHT_FOR_MID_RUR,S101,2041,1.0
RE1,DEMRESNGSWHT_FOR_MID_RUR,S101,2042,1.0
RE1,DEMRESNGSWHT_FOR_MID_RUR,S101,2043,1.0
RE1,DEMRESNGSWHT_FOR_MID_RUR,S101,2044,1.0
RE1,DEMRESNGSWHT_FOR_MID_RUR,S101,2045,1.0
RE1,DEMRESNGSWHT_FOR_MID_RUR,S101,2046,1.0
RE1,DEMRESNGSWHT_FOR_MID_RUR,S101,2047,1.0
RE1,DEMRESNGSWHT_FOR_MID_RUR,S101,2048,1.0
RE1,DEMRESNGSWHT_FOR_MID_RUR,S101,2049,1.0
RE1,DEMRESNGSWHT_FOR_MID_RUR,S101,2050,1.0
RE1,DEMRESNGSWHT_FOR_MID_RUR,S101,2051,1.0
RE1,DEMRESNGSWHT_FOR_MID_RUR,S101,2052,1.0
RE1,DEMRESNGSWHT_FOR_MID_RUR,S101,2053,1.0
RE1,DEMRESNGSWHT_FOR_MID_RUR,S101,2054,1.0
RE1,DEMRESNGSWHT_FOR_MID_RUR,S101,2055,1.0
RE1,DEMRESNGSWHT_FOR_MID_RUR,S102,2022,1.0
RE1,DEMRESNGSWHT_FOR_MID_RUR,S102,2023,1.0
RE1,DEMRESNGSWHT_FOR_MID_RUR,S102,2024,1.0
RE1,DEMRESNGSWHT_FOR_MID_RUR,S102,2025,1.0
RE1,DEMRESNGSWHT_FOR_MID_RUR,S102,2026,1.0
RE1,DEMRESNGSWHT_FOR_MID_RUR,S102,2027,1.0
RE1,DEMRESNGSWHT_FOR_MID_RUR,S102,2028,1.0
RE1,DEMRESNGSWHT_FOR_MID_RUR,S102,2029,1.0
RE1,DEMRESNGSWHT_FOR_MID_RUR,S102,2030,1.0
RE1,DEMRESNGSWHT_FOR_MID_RUR,S102,2031,1.0
RE1,DEMRESNGSWHT_FOR_MID_RUR,S102,2032,1.0
RE1,DEMRESNGSWHT_FOR_MID_RUR,S102,2033,1.0
RE1,DEMRESNGSWHT_FOR_MID_RUR,S102,2034,1.0
RE1,DEMRESNGSWHT_FOR_MID_RUR,S102,2035,1.0
RE1,DEMRESNGSWHT_FOR_MID_RUR,S102,2036,1.0
RE1,DEMRESNGSWHT_FOR_MID_RUR,S102,2037,1.0
RE1,DEMRESNGSWHT_FOR_MID_RUR,S102,2038,1.0
RE1,DEMRESNGSWHT_FOR_MID_RUR,S102,2039,1.0
RE1,DEMRESNGSWHT_FOR_MID_RUR,S102,2040,1.0
RE1,DEMRESNGSWHT_FOR_MID_RUR,S102,2041,1.0
RE1,DEMRESNGSWHT_FOR_MID_RUR,S102,2042,1.0
RE1,DEMRESNGSWHT_FOR_MID_RUR,S102,2043,1.0
RE1,DEMRESNGSWHT_FOR_MID_RUR,S102,2044,1.0
RE1,DEMRESNGSWHT_FOR_MID_RUR,S102,2045,1.0
RE1,DEMRESNGSWHT_FOR_MID_RUR,S102,2046,1.0
RE1,DEMRESNGSWHT_FOR_MID_RUR,S102,2047,1.0
RE1,DEMRESNGSWHT_FOR_MID_RUR,S102,2048,1.0
RE1,DEMRESNGSWHT_FOR_MID_RUR,S102,2049,1.0
RE1,DEMRESNGSWHT_FOR_MID_RUR,S102,2050,1.0
RE1,DEMRESNGSWHT_FOR_MID_RUR,S102,2051,1.0
RE1,DEMRESNGSWHT_FOR_MID_RUR,S102,2052,1.0
RE1,DEMRESNGSWHT_FOR_MID_RUR,S102,2053,1.0
RE1,DEMRESNGSWHT_FOR_MID_RUR,S102,2054,1.0
RE1,DEMRESNGSWHT_FOR_MID_RUR,S102,2055,1.0
RE1,DEMRESNGSWHT_FOR_MID_URB,S101,2022,1.0
RE1,DEMRESNGSWHT_FOR_MID_URB,S101,2023,1.0
RE1,DEMRESNGSWHT_FOR_MID_URB,S101,2024,1.0
RE1,DEMRESNGSWHT_FOR_MID_URB,S101,2025,1.0
RE1,DEMRESNGSWHT_FOR_MID_URB,S101,2026,1.0
RE1,DEMRESNGSWHT_FOR_MID_URB,S101,2027,1.0
RE1,DEMRESNGSWHT_FOR_MID_URB,S101,2028,1.0
RE1,DEMRESNGSWHT_FOR_MID_URB,S101,2029,1.0
RE1,DEMRESNGSWHT_FOR_MID_URB,S101,2030,1.0
RE1,DEMRESNGSWHT_FOR_MID_URB,S101,2031,1.0
RE1,DEMRESNGSWHT_FOR_MID_URB,S101,2032,1.0
RE1,DEMRESNGSWHT_FOR_MID_URB,S101,2033,1.0
RE1,DEMRESNGSWHT_FOR_MID_URB,S101,2034,1.0
RE1,DEMRESNGSWHT_FOR_MID_URB,S101,2035,1.0
RE1,DEMRESNGSWHT_FOR_MID_URB,S101,2036,1.0
RE1,DEMRESNGSWHT_FOR_MID_URB,S101,2037,1.0
RE1,DEMRESNGSWHT_FOR_MID_URB,S101,2038,1.0
RE1,DEMRESNGSWHT_FOR_MID_URB,S101,2039,1.0
RE1,DEMRESNGSWHT_FOR_MID_URB,S101,2040,1.0
RE1,DEMRESNGSWHT_FOR_MID_URB,S101,2041,1.0
RE1,DEMRESNGSWHT_FOR_MID_URB,S101,2042,1.0
RE1,DEMRESNGSWHT_FOR_MID_URB,S101,2043,1.0
RE1,DEMRESNGSWHT_FOR_MID_URB,S101,2044,1.0
RE1,DEMRESNGSWHT_FOR_MID_URB,S101,2045,1.0
RE1,DEMRESNGSWHT_FOR_MID_URB,S101,2046,1.0
RE1,DEMRESNGSWHT_FOR_MID_URB,S101,2047,1.0
RE1,DEMRESNGSWHT_FOR_MID_URB,S101,2048,1.0
RE1,DEMRESNGSWHT_FOR_MID_URB,S101,2049,1.0
RE1,DEMRESNGSWHT_FOR_MID_URB,S101,2050,1.0
RE1,DEMRESNGSWHT_FOR_MID_URB,S101,2051,1.0
RE1,DEMRESNGSWHT_FOR_MID_URB,S101,2052,1.0
RE1,DEMRESNGSWHT_FOR_MID_URB,S101,2053,1.0
RE1,DEMRESNGSWHT_FOR_MID_URB,S101,2054,1.0
RE1,DEMRESNGSWHT_FOR_MID_URB,S101,2055,1.0
RE1,DEMRESNGSWHT_FOR_MID_URB,S102,2022,1.0
RE1,DEMRESNGSWHT_FOR_MID_URB,S102,2023,1.0
RE1,DEMRESNGSWHT_FOR_MID_URB,S102,2024,1.0
RE1,DEMRESNGSWHT_FOR_MID_URB,S102,2025,1.0
RE1,DEMRESNGSWHT_FOR_MID_URB,S102,2026,1.0
RE1,DEMRESNGSWHT_FOR_MID_URB,S102,2027,1.0
RE1,DEMRESNGSWHT_FOR_MID_URB,S102,2028,1.0
RE1,DEMRESNGSWHT_FOR_MID_URB,S102,2029,1.0
RE1,DEMRESNGSWHT_FOR_MID_URB,S102,2030,1.0
RE1,DEMRESNGSWHT_FOR_MID_URB,S102,2031,1.0
RE1,DEMRESNGSWHT_FOR_MID_URB,S102,2032,1.0
RE1,DEMRESNGSWHT_FOR_MID_URB,S102,2033,1.0
RE1,DEMRESNGSWHT_FOR_MID_URB,S102,2034,1.0
RE1,DEMRESNGSWHT_FOR_MID_URB,S102,2035,1.0
RE1,DEMRESNGSWHT_FOR_MID_URB,S102,2036,1.0
RE1,DEMRESNGSWHT_FOR_MID_URB,S102,2037,1.0
RE1,DEMRESNGSWHT_FOR_MID_URB,S102,2038,1.0
RE1,DEMRESNGSWHT_FOR_MID_URB,S102,2039,1.0
RE1,DEMRESNGSWHT_FOR_MID_URB,S102,2040,1.0
RE1,DEMRESNGSWHT_FOR_MID_URB,S102,2041,1.0
RE1,DEMRESNGSWHT_FOR_MID_URB,S102,2042,1.0
RE1,DEMRESNGSWHT_FOR_MID_URB,S102,2043,1.0
RE1,DEMRESNGSWHT_FOR_MID_URB,S102,2044,1.0
RE1,DEMRESNGSWHT_FOR_MID_URB,S102,2045,1.0
RE1,DEMRESNGSWHT_FOR_MID_URB,S102,2046,1.0
RE1,DEMRESNGSWHT_FOR_MID_URB,S102,2047,1.0
RE1,DEMRESNGSWHT_FOR_MID_URB,S102,2048,1.0
RE1,DEMRESNGSWHT_FOR_MID_URB,S102,2049,1.0
RE1,DEMRESNGSWHT_FOR_MID_URB,S102,2050,1.0
RE1,DEMRESNGSWHT_FOR_MID_URB,S102,2051,1.0
RE1,DEMRESNGSWHT_FOR_MID_URB,S102,2052,1.0
RE1,DEMRESNGSWHT_FOR_MID_URB,S102,2053,1.0
RE1,DEMRESNGSWHT_FOR_MID_URB,S102,2054,1.0
RE1,DEMRESNGSWHT_FOR_MID_URB,S102,2055,1.0
RE1,DEMRESNGSWHT_NAT_HIG_RUR,S101,2022,1.0
RE1,DEMRESNGSWHT_NAT_HIG_RUR,S101,2023,1.0
RE1,DEMRESNGSWHT_NAT_HIG_RUR,S101,2024,1.0
RE1,DEMRESNGSWHT_NAT_HIG_RUR,S101,2025,1.0
RE1,DEMRESNGSWHT_NAT_HIG_RUR,S101,2026,1.0
RE1,DEMRESNGSWHT_NAT_HIG_RUR,S101,2027,1.0
RE1,DEMRESNGSWHT_NAT_HIG_RUR,S101,2028,1.0
RE1,DEMRESNGSWHT_NAT_HIG_RUR,S101,2029,1.0
RE1,DEMRESNGSWHT_NAT_HIG_RUR,S101,2030,1.0
RE1,DEMRESNGSWHT_NAT_HIG_RUR,S101,2031,1.0
RE1,DEMRESNGSWHT_NAT_HIG_RUR,S101,2032,1.0
RE1,DEMRESNGSWHT_NAT_HIG_RUR,S101,2033,1.0
RE1,DEMRESNGSWHT_NAT_HIG_RUR,S101,2034,1.0
RE1,DEMRESNGSWHT_NAT_HIG_RUR,S101,2035,1.0
RE1,DEMRESNGSWHT_NAT_HIG_RUR,S101,2036,1.0
RE1,DEMRESNGSWHT_NAT_HIG_RUR,S101,2037,1.0
RE1,DEMRESNGSWHT_NAT_HIG_RUR,S101,2038,1.0
RE1,DEMRESNGSWHT_NAT_HIG_RUR,S101,2039,1.0
RE1,DEMRESNGSWHT_NAT_HIG_RUR,S101,2040,1.0
RE1,DEMRESNGSWHT_NAT_HIG_RUR,S101,2041,1.0
RE1,DEMRESNGSWHT_NAT_HIG_RUR,S101,2042,1.0
RE1,DEMRESNGSWHT_NAT_HIG_RUR,S101,2043,1.0
RE1,DEMRESNGSWHT_NAT_HIG_RUR,S101,2044,1.0
RE1,DEMRESNGSWHT_NAT_HIG_RUR,S101,2045,1.0
RE1,DEMRESNGSWHT_NAT_HIG_RUR,S101,2046,1.0
RE1,DEMRESNGSWHT_NAT_HIG_RUR,S101,2047,1.0
RE1,DEMRESNGSWHT_NAT_HIG_RUR,S101,2048,1.0
RE1,DEMRESNGSWHT_NAT_HIG_RUR,S101,2049,1.0
RE1,DEMRESNGSWHT_NAT_HIG_RUR,S101,2050,1.0
RE1,DEMRESNGSWHT_NAT_HIG_RUR,S101,2051,1.0
RE1,DEMRESNGSWHT_NAT_HIG_RUR,S101,2052,1.0
RE1,DEMRESNGSWHT_NAT_HIG_RUR,S101,2053,1.0
RE1,DEMRESNGSWHT_NAT_HIG_RUR,S101,2054,1.0
RE1,DEMRESNGSWHT_NAT_HIG_RUR,S101,2055,1.0
RE1,DEMRESNGSWHT_NAT_HIG_RUR,S102,2022,1.0
RE1,DEMRESNGSWHT_NAT_HIG_RUR,S102,2023,1.0
RE1,DEMRESNGSWHT_NAT_HIG_RUR,S102,2024,1.0
RE1,DEMRESNGSWHT_NAT_HIG_RUR,S102,2025,1.0
RE1,DEMRESNGSWHT_NAT_HIG_RUR,S102,2026,1.0
RE1,DEMRESNGSWHT_NAT_HIG_RUR,S102,2027,1.0
RE1,DEMRESNGSWHT_NAT_HIG_RUR,S102,2028,1.0
RE1,DEMRESNGSWHT_NAT_HIG_RUR,S102,2029,1.0
RE1,DEMRESNGSWHT_NAT_HIG_RUR,S102,2030,1.0
RE1,DEMRESNGSWHT_NAT_HIG_RUR,S102,2031,1.0
RE1,DEMRESNGSWHT_NAT_HIG_RUR,S102,2032,1.0
RE1,DEMRESNGSWHT_NAT_HIG_RUR,S102,2033,1.0
RE1,DEMRESNGSWHT_NAT_HIG_RUR,S102,2034,1.0
RE1,DEMRESNGSWHT_NAT_HIG_RUR,S102,2035,1.0
RE1,DEMRESNGSWHT_NAT_HIG_RUR,S102,2036,1.0
RE1,DEMRESNGSWHT_NAT_HIG_RUR,S102,2037,1.0
RE1,DEMRESNGSWHT_NAT_HIG_RUR,S102,2038,1.0
RE1,DEMRESNGSWHT_NAT_HIG_RUR,S102,2039,1.0
RE1,DEMRESNGSWHT_NAT_HIG_RUR,S102,2040,1.0
RE1,DEMRESNGSWHT_NAT_HIG_RUR,S102,2041,1.0
RE1,DEMRESNGSWHT_NAT_HIG_RUR,S102,2042,1.0
RE1,DEMRESNGSWHT_NAT_HIG_RUR,S102,2043,1.0
RE1,DEMRESNGSWHT_NAT_HIG_RUR,S102,2044,1.0
RE1,DEMRESNGSWHT_NAT_HIG_RUR,S102,2045,1.0
RE1,DEMRESNGSWHT_NAT_HIG_RUR,S102,2046,1.0
RE1,DEMRESNGSWHT_NAT_HIG_RUR,S102,2047,1.0
RE1,DEMRESNGSWHT_NAT_HIG_RUR,S102,2048,1.0
RE1,DEMRESNGSWHT_NAT_HIG_RUR,S102,2049,1.0
RE1,DEMRESNGSWHT_NAT_HIG_RUR,S102,2050,1.0
RE1,DEMRESNGSWHT_NAT_HIG_RUR,S102,2051,1.0
RE1,DEMRESNGSWHT_NAT_HIG_RUR,S102,2052,1.0
RE1,DEMRESNGSWHT_NAT_HIG_RUR,S102,2053,1.0
RE1,DEMRESNGSWHT_NAT_HIG_RUR,S102,2054,1.0
RE1,DEMRESNGSWHT_NAT_HIG_RUR,S102,2055,1.0
RE1,DEMRESNGSWHT_NAT_HIG_URB,S101,2022,1.0
RE1,DEMRESNGSWHT_NAT_HIG_URB,S101,2023,1.0
RE1,DEMRESNGSWHT_NAT_HIG_URB,S101,2024,1.0
RE1,DEMRESNGSWHT_NAT_HIG_URB,S101,2025,1.0
RE1,DEMRESNGSWHT_NAT_HIG_URB,S101,2026,1.0
RE1,DEMRESNGSWHT_NAT_HIG_URB,S101,2027,1.0
RE1,DEMRESNGSWHT_NAT_HIG_URB,S101,2028,1.0
RE1,DEMRESNGSWHT_NAT_HIG_URB,S101,2029,1.0
RE1,DEMRESNGSWHT_NAT_HIG_URB,S101,2030,1.0
RE1,DEMRESNGSWHT_NAT_HIG_URB,S101,2031,1.0
RE1,DEMRESNGSWHT_NAT_HIG_URB,S101,2032,1.0
RE1,DEMRESNGSWHT_NAT_HIG_URB,S101,2033,1.0
RE1,DEMRESNGSWHT_NAT_HIG_URB,S101,2034,1.0
RE1,DEMRESNGSWHT_NAT_HIG_URB,S101,2035,1.0
RE1,DEMRESNGSWHT_NAT_HIG_URB,S101,2036,1.0
RE1,DEMRESNGSWHT_NAT_HIG_URB,S101,2037,1.0
RE1,DEMRESNGSWHT_NAT_HIG_URB,S101,2038,1.0
RE1,DEMRESNGSWHT_NAT_HIG_URB,S101,2039,1.0
RE1,DEMRESNGSWHT_NAT_HIG_URB,S101,2040,1.0
RE1,DEMRESNGSWHT_NAT_HIG_URB,S101,2041,1.0
RE1,DEMRESNGSWHT_NAT_HIG_URB,S101,2042,1.0
RE1,DEMRESNGSWHT_NAT_HIG_URB,S101,2043,1.0
RE1,DEMRESNGSWHT_NAT_HIG_URB,S101,2044,1.0
RE1,DEMRESNGSWHT_NAT_HIG_URB,S101,2045,1.0
RE1,DEMRESNGSWHT_NAT_HIG_URB,S101,2046,1.0
RE1,DEMRESNGSWHT_NAT_HIG_URB,S101,2047,1.0
RE1,DEMRESNGSWHT_NAT_HIG_URB,S101,2048,1.0
RE1,DEMRESNGSWHT_NAT_HIG_URB,S101,2049,1.0
RE1,DEMRESNGSWHT_NAT_HIG_URB,S101,2050,1.0
RE1,DEMRESNGSWHT_NAT_HIG_URB,S101,2051,1.0
RE1,DEMRESNGSWHT_NAT_HIG_URB,S101,2052,1.0
RE1,DEMRESNGSWHT_NAT_HIG_URB,S101,2053,1.0
RE1,DEMRESNGSWHT_NAT_HIG_URB,S101,2054,1.0
RE1,DEMRESNGSWHT_NAT_HIG_URB,S101,2055,1.0
RE1,DEMRESNGSWHT_NAT_HIG_URB,S102,2022,1.0
RE1,DEMRESNGSWHT_NAT_HIG_URB,S102,2023,1.0
RE1,DEMRESNGSWHT_NAT_HIG_URB,S102,2024,1.0
RE1,DEMRESNGSWHT_NAT_HIG_URB,S102,2025,1.0
RE1,DEMRESNGSWHT_NAT_HIG_URB,S102,2026,1.0
RE1,DEMRESNGSWHT_NAT_HIG_URB,S102,2027,1.0
RE1,DEMRESNGSWHT_NAT_HIG_URB,S102,2028,1.0
RE1,DEMRESNGSWHT_NAT_HIG_URB,S102,2029,1.0
RE1,DEMRESNGSWHT_NAT_HIG_URB,S102,2030,1.0
RE1,DEMRESNGSWHT_NAT_HIG_URB,S102,2031,1.0
RE1,DEMRESNGSWHT_NAT_HIG_URB,S102,2032,1.0
RE1,DEMRESNGSWHT_NAT_HIG_URB,S102,2033,1.0
RE1,DEMRESNGSWHT_NAT_HIG_URB,S102,2034,1.0
RE1,DEMRESNGSWHT_NAT_HIG_URB,S102,2035,1.0
RE1,DEMRESNGSWHT_NAT_HIG_URB,S102,2036,1.0
RE1,DEMRESNGSWHT_NAT_HIG_URB,S102,2037,1.0
RE1,DEMRESNGSWHT_NAT_HIG_URB,S102,2038,1.0
RE1,DEMRESNGSWHT_NAT_HIG_URB,S102,2039,1.0
RE1,DEMRESNGSWHT_NAT_HIG_URB,S102,2040,1.0
RE1,DEMRESNGSWHT_NAT_HIG_URB,S102,2041,1.0
RE1,DEMRESNGSWHT_NAT_HIG_URB,S102,2042,1.0
RE1,DEMRESNGSWHT_NAT_HIG_URB,S102,2043,1.0
RE1,DEMRESNGSWHT_NAT_HIG_URB,S102,2044,1.0
RE1,DEMRESNGSWHT_NAT_HIG_URB,S102,2045,1.0
RE1,DEMRESNGSWHT_NAT_HIG_URB,S102,2046,1.0
RE1,DEMRESNGSWHT_NAT_HIG_URB,S102,2047,1.0
RE1,DEMRESNGSWHT_NAT_HIG_URB,S102,2048,1.0
RE1,DEMRESNGSWHT_NAT_HIG_URB,S102,2049,1.0
RE1,DEMRESNGSWHT_NAT_HIG_URB,S102,2050,1.0
RE1,DEMRESNGSWHT_NAT_HIG_URB,S102,2051,1.0
RE1,DEMRESNGSWHT_NAT_HIG_URB,S102,2052,1.0
RE1,DEMRESNGSWHT_NAT_HIG_URB,S102,2053,1.0
RE1,DEMRESNGSWHT_NAT_HIG_URB,S102,2054,1.0
RE1,DEMRESNGSWHT_NAT_HIG_URB,S102,2055,1.0
RE1,DEMRESNGSWHT_NAT_LOW_RUR,S101,2022,1.0
RE1,DEMRESNGSWHT_NAT_LOW_RUR,S101,2023,1.0
RE1,DEMRESNGSWHT_NAT_LOW_RUR,S101,2024,1.0
RE1,DEMRESNGSWHT_NAT_LOW_RUR,S101,2025,1.0
RE1,DEMRESNGSWHT_NAT_LOW_RUR,S101,2026,1.0
RE1,DEMRESNGSWHT_NAT_LOW_RUR,S101,2027,1.0
RE1,DEMRESNGSWHT_NAT_LOW_RUR,S101,2028,1.0
RE1,DEMRESNGSWHT_NAT_LOW_RUR,S101,2029,1.0
RE1,DEMRESNGSWHT_NAT_LOW_RUR,S101,2030,1.0
RE1,DEMRESNGSWHT_NAT_LOW_RUR,S101,2031,1.0
RE1,DEMRESNGSWHT_NAT_LOW_RUR,S101,2032,1.0
RE1,DEMRESNGSWHT_NAT_LOW_RUR,S101,2033,1.0
RE1,DEMRESNGSWHT_NAT_LOW_RUR,S101,2034,1.0
RE1,DEMRESNGSWHT_NAT_LOW_RUR,S101,2035,1.0
RE1,DEMRESNGSWHT_NAT_LOW_RUR,S101,2036,1.0
RE1,DEMRESNGSWHT_NAT_LOW_RUR,S101,2037,1.0
RE1,DEMRESNGSWHT_NAT_LOW_RUR,S101,2038,1.0
RE1,DEMRESNGSWHT_NAT_LOW_RUR,S101,2039,1.0
RE1,DEMRESNGSWHT_NAT_LOW_RUR,S101,2040,1.0
RE1,DEMRESNGSWHT_NAT_LOW_RUR,S101,2041,1.0
RE1,DEMRESNGSWHT_NAT_LOW_RUR,S101,2042,1.0
RE1,DEMRESNGSWHT_NAT_LOW_RUR,S101,2043,1.0
RE1,DEMRESNGSWHT_NAT_LOW_RUR,S101,2044,1.0
RE1,DEMRESNGSWHT_NAT_LOW_RUR,S101,2045,1.0
RE1,DEMRESNGSWHT_NAT_LOW_RUR,S101,2046,1.0
RE1,DEMRESNGSWHT_NAT_LOW_RUR,S101,2047,1.0
RE1,DEMRESNGSWHT_NAT_LOW_RUR,S101,2048,1.0
RE1,DEMRESNGSWHT_NAT_LOW_RUR,S101,2049,1.0
RE1,DEMRESNGSWHT_NAT_LOW_RUR,S101,2050,1.0
RE1,DEMRESNGSWHT_NAT_LOW_RUR,S101,2051,1.0
RE1,DEMRESNGSWHT_NAT_LOW_RUR,S101,2052,1.0
RE1,DEMRESNGSWHT_NAT_LOW_RUR,S101,2053,1.0
RE1,DEMRESNGSWHT_NAT_LOW_RUR,S101,2054,1.0
RE1,DEMRESNGSWHT_NAT_LOW_RUR,S101,2055,1.0
RE1,DEMRESNGSWHT_NAT_LOW_RUR,S102,2022,1.0
RE1,DEMRESNGSWHT_NAT_LOW_RUR,S102,2023,1.0
RE1,DEMRESNGSWHT_NAT_LOW_RUR,S102,2024,1.0
RE1,DEMRESNGSWHT_NAT_LOW_RUR,S102,2025,1.0
RE1,DEMRESNGSWHT_NAT_LOW_RUR,S102,2026,1.0
RE1,DEMRESNGSWHT_NAT_LOW_RUR,S102,2027,1.0
RE1,DEMRESNGSWHT_NAT_LOW_RUR,S102,2028,1.0
RE1,DEMRESNGSWHT_NAT_LOW_RUR,S102,2029,1.0
RE1,DEMRESNGSWHT_NAT_LOW_RUR,S102,2030,1.0
RE1,DEMRESNGSWHT_NAT_LOW_RUR,S102,2031,1.0
RE1,DEMRESNGSWHT_NAT_LOW_RUR,S102,2032,1.0
RE1,DEMRESNGSWHT_NAT_LOW_RUR,S102,2033,1.0
RE1,DEMRESNGSWHT_NAT_LOW_RUR,S102,2034,1.0
RE1,DEMRESNGSWHT_NAT_LOW_RUR,S102,2035,1.0
RE1,DEMRESNGSWHT_NAT_LOW_RUR,S102,2036,1.0
RE1,DEMRESNGSWHT_NAT_LOW_RUR,S102,2037,1.0
RE1,DEMRESNGSWHT_NAT_LOW_RUR,S102,2038,1.0
RE1,DEMRESNGSWHT_NAT_LOW_RUR,S102,2039,1.0
RE1,DEMRESNGSWHT_NAT_LOW_RUR,S102,2040,1.0
RE1,DEMRESNGSWHT_NAT_LOW_RUR,S102,2041,1.0
RE1,DEMRESNGSWHT_NAT_LOW_RUR,S102,2042,1.0
RE1,DEMRESNGSWHT_NAT_LOW_RUR,S102,2043,1.0
RE1,DEMRESNGSWHT_NAT_LOW_RUR,S102,2044,1.0
RE1,DEMRESNGSWHT_NAT_LOW_RUR,S102,2045,1.0
RE1,DEMRESNGSWHT_NAT_LOW_RUR,S102,2046,1.0
RE1,DEMRESNGSWHT_NAT_LOW_RUR,S102,2047,1.0
RE1,DEMRESNGSWHT_NAT_LOW_RUR,S102,2048,1.0
RE1,DEMRESNGSWHT_NAT_LOW_RUR,S102,2049,1.0
RE1,DEMRESNGSWHT_NAT_LOW_RUR,S102,2050,1.0
RE1,DEMRESNGSWHT_NAT_LOW_RUR,S102,2051,1.0
RE1,DEMRESNGSWHT_NAT_LOW_RUR,S102,2052,1.0
RE1,DEMRESNGSWHT_NAT_LOW_RUR,S102,2053,1.0
RE1,DEMRESNGSWHT_NAT_LOW_RUR,S102,2054,1.0
RE1,DEMRESNGSWHT_NAT_LOW_RUR,S102,2055,1.0
RE1,DEMRESNGSWHT_NAT_LOW_URB,S101,2022,1.0
RE1,DEMRESNGSWHT_NAT_LOW_URB,S101,2023,1.0
RE1,DEMRESNGSWHT_NAT_LOW_URB,S101,2024,1.0
RE1,DEMRESNGSWHT_NAT_LOW_URB,S101,2025,1.0
RE1,DEMRESNGSWHT_NAT_LOW_URB,S101,2026,1.0
RE1,DEMRESNGSWHT_NAT_LOW_URB,S101,2027,1.0
RE1,DEMRESNGSWHT_NAT_LOW_URB,S101,2028,1.0
RE1,DEMRESNGSWHT_NAT_LOW_URB,S101,2029,1.0
RE1,DEMRESNGSWHT_NAT_LOW_URB,S101,2030,1.0
RE1,DEMRESNGSWHT_NAT_LOW_URB,S101,2031,1.0
RE1,DEMRESNGSWHT_NAT_LOW_URB,S101,2032,1.0
RE1,DEMRESNGSWHT_NAT_LOW_URB,S101,2033,1.0
RE1,DEMRESNGSWHT_NAT_LOW_URB,S101,2034,1.0
RE1,DEMRESNGSWHT_NAT_LOW_URB,S101,2035,1.0
RE1,DEMRESNGSWHT_NAT_LOW_URB,S101,2036,1.0
RE1,DEMRESNGSWHT_NAT_LOW_URB,S101,2037,1.0
RE1,DEMRESNGSWHT_NAT_LOW_URB,S101,2038,1.0
RE1,DEMRESNGSWHT_NAT_LOW_URB,S101,2039,1.0
RE1,DEMRESNGSWHT_NAT_LOW_URB,S101,2040,1.0
RE1,DEMRESNGSWHT_NAT_LOW_URB,S101,2041,1.0
RE1,DEMRESNGSWHT_NAT_LOW_URB,S101,2042,1.0
RE1,DEMRESNGSWHT_NAT_LOW_URB,S101,2043,1.0
RE1,DEMRESNGSWHT_NAT_LOW_URB,S101,2044,1.0
RE1,DEMRESNGSWHT_NAT_LOW_URB,S101,2045,1.0
RE1,DEMRESNGSWHT_NAT_LOW_URB,S101,2046,1.0
RE1,DEMRESNGSWHT_NAT_LOW_URB,S101,2047,1.0
RE1,DEMRESNGSWHT_NAT_LOW_URB,S101,2048,1.0
RE1,DEMRESNGSWHT_NAT_LOW_URB,S101,2049,1.0
RE1,DEMRESNGSWHT_NAT_LOW_URB,S101,2050,1.0
RE1,DEMRESNGSWHT_NAT_LOW_URB,S101,2051,1.0
RE1,DEMRESNGSWHT_NAT_LOW_URB,S101,2052,1.0
RE1,DEMRESNGSWHT_NAT_LOW_URB,S101,2053,1.0
RE1,DEMRESNGSWHT_NAT_LOW_URB,S101,2054,1.0
RE1,DEMRESNGSWHT_NAT_LOW_URB,S101,2055,1.0
RE1,DEMRESNGSWHT_NAT_LOW_URB,S102,2022,1.0
RE1,DEMRESNGSWHT_NAT_LOW_URB,S102,2023,1.0
RE1,DEMRESNGSWHT_NAT_LOW_URB,S102,2024,1.0
RE1,DEMRESNGSWHT_NAT_LOW_URB,S102,2025,1.0
RE1,DEMRESNGSWHT_NAT_LOW_URB,S102,2026,1.0
RE1,DEMRESNGSWHT_NAT_LOW_URB,S102,2027,1.0
RE1,DEMRESNGSWHT_NAT_LOW_URB,S102,2028,1.0
RE1,DEMRESNGSWHT_NAT_LOW_URB,S102,2029,1.0
RE1,DEMRESNGSWHT_NAT_LOW_URB,S102,2030,1.0
RE1,DEMRESNGSWHT_NAT_LOW_URB,S102,2031,1.0
RE1,DEMRESNGSWHT_NAT_LOW_URB,S102,2032,1.0
RE1,DEMRESNGSWHT_NAT_LOW_URB,S102,2033,1.0
RE1,DEMRESNGSWHT_NAT_LOW_URB,S102,2034,1.0
RE1,DEMRESNGSWHT_NAT_LOW_URB,S102,2035,1.0
RE1,DEMRESNGSWHT_NAT_LOW_URB,S102,2036,1.0
RE1,DEMRESNGSWHT_NAT_LOW_URB,S102,2037,1.0
RE1,DEMRESNGSWHT_NAT_LOW_URB,S102,2038,1.0
RE1,DEMRESNGSWHT_NAT_LOW_URB,S102,2039,1.0
RE1,DEMRESNGSWHT_NAT_LOW_URB,S102,2040,1.0
RE1,DEMRESNGSWHT_NAT_LOW_URB,S102,2041,1.0
RE1,DEMRESNGSWHT_NAT_LOW_URB,S102,2042,1.0
RE1,DEMRESNGSWHT_NAT_LOW_URB,S102,2043,1.0
RE1,DEMRESNGSWHT_NAT_LOW_URB,S102,2044,1.0
RE1,DEMRESNGSWHT_NAT_LOW_URB,S102,2045,1.0
RE1,DEMRESNGSWHT_NAT_LOW_URB,S102,2046,1.0
RE1,DEMRESNGSWHT_NAT_LOW_URB,S102,2047,1.0
RE1,DEMRESNGSWHT_NAT_LOW_URB,S102,2048,1.0
RE1,DEMRESNGSWHT_NAT_LOW_URB,S102,2049,1.0
RE1,DEMRESNGSWHT_NAT_LOW_URB,S102,2050,1.0
RE1,DEMRESNGSWHT_NAT_LOW_URB,S102,2051,1.0
RE1,DEMRESNGSWHT_NAT_LOW_URB,S102,2052,1.0
RE1,DEMRESNGSWHT_NAT_LOW_URB,S102,2053,1.0
RE1,DEMRESNGSWHT_NAT_LOW_URB,S102,2054,1.0
RE1,DEMRESNGSWHT_NAT_LOW_URB,S102,2055,1.0
RE1,DEMRESWOOCKN_HIG_RUR,S101,2022,1.0
RE1,DEMRESWOOCKN_HIG_RUR,S101,2023,1.0
RE1,DEMRESWOOCKN_HIG_RUR,S101,2024,1.0
RE1,DEMRESWOOCKN_HIG_RUR,S101,2025,1.0
RE1,DEMRESWOOCKN_HIG_RUR,S101,2026,1.0
RE1,DEMRESWOOCKN_HIG_RUR,S101,2027,1.0
RE1,DEMRESWOOCKN_HIG_RUR,S101,2028,1.0
RE1,DEMRESWOOCKN_HIG_RUR,S101,2029,1.0
RE1,DEMRESWOOCKN_HIG_RUR,S101,2030,1.0
RE1,DEMRESWOOCKN_HIG_RUR,S101,2031,1.0
RE1,DEMRESWOOCKN_HIG_RUR,S101,2032,1.0
RE1,DEMRESWOOCKN_HIG_RUR,S101,2033,1.0
RE1,DEMRESWOOCKN_HIG_RUR,S101,2034,1.0
RE1,DEMRESWOOCKN_HIG_RUR,S101,2035,1.0
RE1,DEMRESWOOCKN_HIG_RUR,S101,2036,1.0
RE1,DEMRESWOOCKN_HIG_RUR,S101,2037,1.0
RE1,DEMRESWOOCKN_HIG_RUR,S101,2038,1.0
RE1,DEMRESWOOCKN_HIG_RUR,S101,2039,1.0
RE1,DEMRESWOOCKN_HIG_RUR,S101,2040,1.0
RE1,DEMRESWOOCKN_HIG_RUR,S101,2041,1.0
RE1,DEMRESWOOCKN_HIG_RUR,S101,2042,1.0
RE1,DEMRESWOOCKN_HIG_RUR,S101,2043,1.0
RE1,DEMRESWOOCKN_HIG_RUR,S101,2044,1.0
RE1,DEMRESWOOCKN_HIG_RUR,S101,2045,1.0
RE1,DEMRESWOOCKN_HIG_RUR,S101,2046,1.0
RE1,DEMRESWOOCKN_HIG_RUR,S101,2047,1.0
RE1,DEMRESWOOCKN_HIG_RUR,S101,2048,1.0
RE1,DEMRESWOOCKN_HIG_RUR,S101,2049,1.0
RE1,DEMRESWOOCKN_HIG_RUR,S101,2050,1.0
RE1,DEMRESWOOCKN_HIG_RUR,S101,2051,1.0
RE1,DEMRESWOOCKN_HIG_RUR,S101,2052,1.0
RE1,DEMRESWOOCKN_HIG_RUR,S101,2053,1.0
RE1,DEMRESWOOCKN_HIG_RUR,S101,2054,1.0
RE1,DEMRESWOOCKN_HIG_RUR,S101,2055,1.0
RE1,DEMRESWOOCKN_HIG_RUR,S102,2022,1.0
RE1,DEMRESWOOCKN_HIG_RUR,S102,2023,1.0
RE1,DEMRESWOOCKN_HIG_RUR,S102,2024,1.0
RE1,DEMRESWOOCKN_HIG_RUR,S102,2025,1.0
RE1,DEMRESWOOCKN_HIG_RUR,S102,2026,1.0
RE1,DEMRESWOOCKN_HIG_RUR,S102,2027,1.0
RE1,DEMRESWOOCKN_HIG_RUR,S102,2028,1.0
RE1,DEMRESWOOCKN_HIG_RUR,S102,2029,1.0
RE1,DEMRESWOOCKN_HIG_RUR,S102,2030,1.0
RE1,DEMRESWOOCKN_HIG_RUR,S102,2031,1.0
RE1,DEMRESWOOCKN_HIG_RUR,S102,2032,1.0
RE1,DEMRESWOOCKN_HIG_RUR,S102,2033,1.0
RE1,DEMRESWOOCKN_HIG_RUR,S102,2034,1.0
RE1,DEMRESWOOCKN_HIG_RUR,S102,2035,1.0
RE1,DEMRESWOOCKN_HIG_RUR,S102,2036,1.0
RE1,DEMRESWOOCKN_HIG_RUR,S102,2037,1.0
RE1,DEMRESWOOCKN_HIG_RUR,S102,2038,1.0
RE1,DEMRESWOOCKN_HIG_RUR,S102,2039,1.0
RE1,DEMRESWOOCKN_HIG_RUR,S102,2040,1.0
RE1,DEMRESWOOCKN_HIG_RUR,S102,2041,1.0
RE1,DEMRESWOOCKN_HIG_RUR,S102,2042,1.0
RE1,DEMRESWOOCKN_HIG_RUR,S102,2043,1.0
RE1,DEMRESWOOCKN_HIG_RUR,S102,2044,1.0
RE1,DEMRESWOOCKN_HIG_RUR,S102,2045,1.0
RE1,DEMRESWOOCKN_HIG_RUR,S102,2046,1.0
RE1,DEMRESWOOCKN_HIG_RUR,S102,2047,1.0
RE1,DEMRESWOOCKN_HIG_RUR,S102,2048,1.0
RE1,DEMRESWOOCKN_HIG_RUR,S102,2049,1.0
RE1,DEMRESWOOCKN_HIG_RUR,S102,2050,1.0
RE1,DEMRESWOOCKN_HIG_RUR,S102,2051,1.0
RE1,DEMRESWOOCKN_HIG_RUR,S102,2052,1.0
RE1,DEMRESWOOCKN_HIG_RUR,S102,2053,1.0
RE1,DEMRESWOOCKN_HIG_RUR,S102,2054,1.0
RE1,DEMRESWOOCKN_HIG_RUR,S102,2055,1.0
RE1,DEMRESWOOCKN_HIG_URB,S101,2022,1.0
RE1,DEMRESWOOCKN_HIG_URB,S101,2023,1.0
RE1,DEMRESWOOCKN_HIG_URB,S101,2024,1.0
RE1,DEMRESWOOCKN_HIG_URB,S101,2025,1.0
RE1,DEMRESWOOCKN_HIG_URB,S101,2026,1.0
RE1,DEMRESWOOCKN_HIG_URB,S101,2027,1.0
RE1,DEMRESWOOCKN_HIG_URB,S101,2028,1.0
RE1,DEMRESWOOCKN_HIG_URB,S101,2029,1.0
RE1,DEMRESWOOCKN_HIG_URB,S101,2030,1.0
RE1,DEMRESWOOCKN_HIG_URB,S101,2031,1.0
RE1,DEMRESWOOCKN_HIG_URB,S101,2032,1.0
RE1,DEMRESWOOCKN_HIG_URB,S101,2033,1.0
RE1,DEMRESWOOCKN_HIG_URB,S101,2034,1.0
RE1,DEMRESWOOCKN_HIG_URB,S101,2035,1.0
RE1,DEMRESWOOCKN_HIG_URB,S101,2036,1.0
RE1,DEMRESWOOCKN_HIG_URB,S101,2037,1.0
RE1,DEMRESWOOCKN_HIG_URB,S101,2038,1.0
RE1,DEMRESWOOCKN_HIG_URB,S101,2039,1.0
RE1,DEMRESWOOCKN_HIG_URB,S101,2040,1.0
RE1,DEMRESWOOCKN_HIG_URB,S101,2041,1.0
RE1,DEMRESWOOCKN_HIG_URB,S101,2042,1.0
RE1,DEMRESWOOCKN_HIG_URB,S101,2043,1.0
RE1,DEMRESWOOCKN_HIG_URB,S101,2044,1.0
RE1,DEMRESWOOCKN_HIG_URB,S101,2045,1.0
RE1,DEMRESWOOCKN_HIG_URB,S101,2046,1.0
RE1,DEMRESWOOCKN_HIG_URB,S101,2047,1.0
RE1,DEMRESWOOCKN_HIG_URB,S101,2048,1.0
RE1,DEMRESWOOCKN_HIG_URB,S101,2049,1.0
RE1,DEMRESWOOCKN_HIG_URB,S101,2050,1.0
RE1,DEMRESWOOCKN_HIG_URB,S101,2051,1.0
RE1,DEMRESWOOCKN_HIG_URB,S101,2052,1.0
RE1,DEMRESWOOCKN_HIG_URB,S101,2053,1.0
RE1,DEMRESWOOCKN_HIG_URB,S101,2054,1.0
RE1,DEMRESWOOCKN_HIG_URB,S101,2055,1.0
RE1,DEMRESWOOCKN_HIG_URB,S102,2022,1.0
RE1,DEMRESWOOCKN_HIG_URB,S102,2023,1.0
RE1,DEMRESWOOCKN_HIG_URB,S102,2024,1.0
RE1,DEMRESWOOCKN_HIG_URB,S102,2025,1.0
RE1,DEMRESWOOCKN_HIG_URB,S102,2026,1.0
RE1,DEMRESWOOCKN_HIG_URB,S102,2027,1.0
RE1,DEMRESWOOCKN_HIG_URB,S102,2028,1.0
RE1,DEMRESWOOCKN_HIG_URB,S102,2029,1.0
RE1,DEMRESWOOCKN_HIG_URB,S102,2030,1.0
RE1,DEMRESWOOCKN_HIG_URB,S102,2031,1.0
RE1,DEMRESWOOCKN_HIG_URB,S102,2032,1.0
RE1,DEMRESWOOCKN_HIG_URB,S102,2033,1.0
RE1,DEMRESWOOCKN_HIG_URB,S102,2034,1.0
RE1,DEMRESWOOCKN_HIG_URB,S102,2035,1.0
RE1,DEMRESWOOCKN_HIG_URB,S102,2036,1.0
RE1,DEMRESWOOCKN_HIG_URB,S102,2037,1.0
RE1,DEMRESWOOCKN_HIG_URB,S102,2038,1.0
RE1,DEMRESWOOCKN_HIG_URB,S102,2039,1.0
RE1,DEMRESWOOCKN_HIG_URB,S102,2040,1.0
RE1,DEMRESWOOCKN_HIG_URB,S102,2041,1.0
RE1,DEMRESWOOCKN_HIG_URB,S102,2042,1.0
RE1,DEMRESWOOCKN_HIG_URB,S102,2043,1.0
RE1,DEMRESWOOCKN_HIG_URB,S102,2044,1.0
RE1,DEMRESWOOCKN_HIG_URB,S102,2045,1.0
RE1,DEMRESWOOCKN_HIG_URB,S102,2046,1.0
RE1,DEMRESWOOCKN_HIG_URB,S102,2047,1.0
RE1,DEMRESWOOCKN_HIG_URB,S102,2048,1.0
RE1,DEMRESWOOCKN_HIG_URB,S102,2049,1.0
RE1,DEMRESWOOCKN_HIG_URB,S102,2050,1.0
RE1,DEMRESWOOCKN_HIG_URB,S102,2051,1.0
RE1,DEMRESWOOCKN_HIG_URB,S102,2052,1.0
RE1,DEMRESWOOCKN_HIG_URB,S102,2053,1.0
RE1,DEMRESWOOCKN_HIG_URB,S102,2054,1.0
RE1,DEMRESWOOCKN_HIG_URB,S102,2055,1.0
RE1,DEMRESWOOCKN_LOW_RUR,S101,2022,1.0
RE1,DEMRESWOOCKN_LOW_RUR,S101,2023,1.0
RE1,DEMRESWOOCKN_LOW_RUR,S101,2024,1.0
RE1,DEMRESWOOCKN_LOW_RUR,S101,2025,1.0
RE1,DEMRESWOOCKN_LOW_RUR,S101,2026,1.0
RE1,DEMRESWOOCKN_LOW_RUR,S101,2027,1.0
RE1,DEMRESWOOCKN_LOW_RUR,S101,2028,1.0
RE1,DEMRESWOOCKN_LOW_RUR,S101,2029,1.0
RE1,DEMRESWOOCKN_LOW_RUR,S101,2030,1.0
RE1,DEMRESWOOCKN_LOW_RUR,S101,2031,1.0
RE1,DEMRESWOOCKN_LOW_RUR,S101,2032,1.0
RE1,DEMRESWOOCKN_LOW_RUR,S101,2033,1.0
RE1,DEMRESWOOCKN_LOW_RUR,S101,2034,1.0
RE1,DEMRESWOOCKN_LOW_RUR,S101,2035,1.0
RE1,DEMRESWOOCKN_LOW_RUR,S101,2036,1.0
RE1,DEMRESWOOCKN_LOW_RUR,S101,2037,1.0
RE1,DEMRESWOOCKN_LOW_RUR,S101,2038,1.0
RE1,DEMRESWOOCKN_LOW_RUR,S101,2039,1.0
RE1,DEMRESWOOCKN_LOW_RUR,S101,2040,1.0
RE1,DEMRESWOOCKN_LOW_RUR,S101,2041,1.0
RE1,DEMRESWOOCKN_LOW_RUR,S101,2042,1.0
RE1,DEMRESWOOCKN_LOW_RUR,S101,2043,1.0
RE1,DEMRESWOOCKN_LOW_RUR,S101,2044,1.0
RE1,DEMRESWOOCKN_LOW_RUR,S101,2045,1.0
RE1,DEMRESWOOCKN_LOW_RUR,S101,2046,1.0
RE1,DEMRESWOOCKN_LOW_RUR,S101,2047,1.0
RE1,DEMRESWOOCKN_LOW_RUR,S101,2048,1.0
RE1,DEMRESWOOCKN_LOW_RUR,S101,2049,1.0
RE1,DEMRESWOOCKN_LOW_RUR,S101,2050,1.0
RE1,DEMRESWOOCKN_LOW_RUR,S101,2051,1.0
RE1,DEMRESWOOCKN_LOW_RUR,S101,2052,1.0
RE1,DEMRESWOOCKN_LOW_RUR,S101,2053,1.0
RE1,DEMRESWOOCKN_LOW_RUR,S101,2054,1.0
RE1,DEMRESWOOCKN_LOW_RUR,S101,2055,1.0
RE1,DEMRESWOOCKN_LOW_RUR,S102,2022,1.0
RE1,DEMRESWOOCKN_LOW_RUR,S102,2023,1.0
RE1,DEMRESWOOCKN_LOW_RUR,S102,2024,1.0
RE1,DEMRESWOOCKN_LOW_RUR,S102,2025,1.0
RE1,DEMRESWOOCKN_LOW_RUR,S102,2026,1.0
RE1,DEMRESWOOCKN_LOW_RUR,S102,2027,1.0
RE1,DEMRESWOOCKN_LOW_RUR,S102,2028,1.0
RE1,DEMRESWOOCKN_LOW_RUR,S102,2029,1.0
RE1,DEMRESWOOCKN_LOW_RUR,S102,2030,1.0
RE1,DEMRESWOOCKN_LOW_RUR,S102,2031,1.0
RE1,DEMRESWOOCKN_LOW_RUR,S102,2032,1.0
RE1,DEMRESWOOCKN_LOW_RUR,S102,2033,1.0
RE1,DEMRESWOOCKN_LOW_RUR,S102,2034,1.0
RE1,DEMRESWOOCKN_LOW_RUR,S102,2035,1.0
RE1,DEMRESWOOCKN_LOW_RUR,S102,2036,1.0
RE1,DEMRESWOOCKN_LOW_RUR,S102,2037,1.0
RE1,DEMRESWOOCKN_LOW_RUR,S102,2038,1.0
RE1,DEMRESWOOCKN_LOW_RUR,S102,2039,1.0
RE1,DEMRESWOOCKN_LOW_RUR,S102,2040,1.0
RE1,DEMRESWOOCKN_LOW_RUR,S102,2041,1.0
RE1,DEMRESWOOCKN_LOW_RUR,S102,2042,1.0
RE1,DEMRESWOOCKN_LOW_RUR,S102,2043,1.0
RE1,DEMRESWOOCKN_LOW_RUR,S102,2044,1.0
RE1,DEMRESWOOCKN_LOW_RUR,S102,2045,1.0
RE1,DEMRESWOOCKN_LOW_RUR,S102,2046,1.0
RE1,DEMRESWOOCKN_LOW_RUR,S102,2047,1.0
RE1,DEMRESWOOCKN_LOW_RUR,S102,2048,1.0
RE1,DEMRESWOOCKN_LOW_RUR,S102,2049,1.0
RE1,DEMRESWOOCKN_LOW_RUR,S102,2050,1.0
RE1,DEMRESWOOCKN_LOW_RUR,S102,2051,1.0
RE1,DEMRESWOOCKN_LOW_RUR,S102,2052,1.0
RE1,DEMRESWOOCKN_LOW_RUR,S102,2053,1.0
RE1,DEMRESWOOCKN_LOW_RUR,S102,2054,1.0
RE1,DEMRESWOOCKN_LOW_RUR,S102,2055,1.0
RE1,DEMRESWOOCKN_LOW_URB,S101,2022,1.0
RE1,DEMRESWOOCKN_LOW_URB,S101,2023,1.0
RE1,DEMRESWOOCKN_LOW_URB,S101,2024,1.0
RE1,DEMRESWOOCKN_LOW_URB,S101,2025,1.0
RE1,DEMRESWOOCKN_LOW_URB,S101,2026,1.0
RE1,DEMRESWOOCKN_LOW_URB,S101,2027,1.0
RE1,DEMRESWOOCKN_LOW_URB,S101,2028,1.0
RE1,DEMRESWOOCKN_LOW_URB,S101,2029,1.0
RE1,DEMRESWOOCKN_LOW_URB,S101,2030,1.0
RE1,DEMRESWOOCKN_LOW_URB,S101,2031,1.0
RE1,DEMRESWOOCKN_LOW_URB,S101,2032,1.0
RE1,DEMRESWOOCKN_LOW_URB,S101,2033,1.0
RE1,DEMRESWOOCKN_LOW_URB,S101,2034,1.0
RE1,DEMRESWOOCKN_LOW_URB,S101,2035,1.0
RE1,DEMRESWOOCKN_LOW_URB,S101,2036,1.0
RE1,DEMRESWOOCKN_LOW_URB,S101,2037,1.0
RE1,DEMRESWOOCKN_LOW_URB,S101,2038,1.0
RE1,DEMRESWOOCKN_LOW_URB,S101,2039,1.0
RE1,DEMRESWOOCKN_LOW_URB,S101,2040,1.0
RE1,DEMRESWOOCKN_LOW_URB,S101,2041,1.0
RE1,DEMRESWOOCKN_LOW_URB,S101,2042,1.0
RE1,DEMRESWOOCKN_LOW_URB,S101,2043,1.0
RE1,DEMRESWOOCKN_LOW_URB,S101,2044,1.0
RE1,DEMRESWOOCKN_LOW_URB,S101,2045,1.0
RE1,DEMRESWOOCKN_LOW_URB,S101,2046,1.0
RE1,DEMRESWOOCKN_LOW_URB,S101,2047,1.0
RE1,DEMRESWOOCKN_LOW_URB,S101,2048,1.0
RE1,DEMRESWOOCKN_LOW_URB,S101,2049,1.0
RE1,DEMRESWOOCKN_LOW_URB,S101,2050,1.0
RE1,DEMRESWOOCKN_LOW_URB,S101,2051,1.0
RE1,DEMRESWOOCKN_LOW_URB,S101,2052,1.0
RE1,DEMRESWOOCKN_LOW_URB,S101,2053,1.0
RE1,DEMRESWOOCKN_LOW_URB,S101,2054,1.0
RE1,DEMRESWOOCKN_LOW_URB,S101,2055,1.0
RE1,DEMRESWOOCKN_LOW_URB,S102,2022,1.0
RE1,DEMRESWOOCKN_LOW_URB,S102,2023,1.0
RE1,DEMRESWOOCKN_LOW_URB,S102,2024,1.0
RE1,DEMRESWOOCKN_LOW_URB,S102,2025,1.0
RE1,DEMRESWOOCKN_LOW_URB,S102,2026,1.0
RE1,DEMRESWOOCKN_LOW_URB,S102,2027,1.0
RE1,DEMRESWOOCKN_LOW_URB,S102,2028,1.0
RE1,DEMRESWOOCKN_LOW_URB,S102,2029,1.0
RE1,DEMRESWOOCKN_LOW_URB,S102,2030,1.0
RE1,DEMRESWOOCKN_LOW_URB,S102,2031,1.0
RE1,DEMRESWOOCKN_LOW_URB,S102,2032,1.0
RE1,DEMRESWOOCKN_LOW_URB,S102,2033,1.0
RE1,DEMRESWOOCKN_LOW_URB,S102,2034,1.0
RE1,DEMRESWOOCKN_LOW_URB,S102,2035,1.0
RE1,DEMRESWOOCKN_LOW_URB,S102,2036,1.0
RE1,DEMRESWOOCKN_LOW_URB,S102,2037,1.0
RE1,DEMRESWOOCKN_LOW_URB,S102,2038,1.0
RE1,DEMRESWOOCKN_LOW_URB,S102,2039,1.0
RE1,DEMRESWOOCKN_LOW_URB,S102,2040,1.0
RE1,DEMRESWOOCKN_LOW_URB,S102,2041,1.0
RE1,DEMRESWOOCKN_LOW_URB,S102,2042,1.0
RE1,DEMRESWOOCKN_LOW_URB,S102,2043,1.0
RE1,DEMRESWOOCKN_LOW_URB,S102,2044,1.0
RE1,DEMRESWOOCKN_LOW_URB,S102,2045,1.0
RE1,DEMRESWOOCKN_LOW_URB,S102,2046,1.0
RE1,DEMRESWOOCKN_LOW_URB,S102,2047,1.0
RE1,DEMRESWOOCKN_LOW_URB,S102,2048,1.0
RE1,DEMRESWOOCKN_LOW_URB,S102,2049,1.0
RE1,DEMRESWOOCKN_LOW_URB,S102,2050,1.0
RE1,DEMRESWOOCKN_LOW_URB,S102,2051,1.0
RE1,DEMRESWOOCKN_LOW_URB,S102,2052,1.0
RE1,DEMRESWOOCKN_LOW_URB,S102,2053,1.0
RE1,DEMRESWOOCKN_LOW_URB,S102,2054,1.0
RE1,DEMRESWOOCKN_LOW_URB,S102,2055,1.0
RE1,DEMRESWOOCKN_MID_RUR,S101,2022,1.0
RE1,DEMRESWOOCKN_MID_RUR,S101,2023,1.0
RE1,DEMRESWOOCKN_MID_RUR,S101,2024,1.0
RE1,DEMRESWOOCKN_MID_RUR,S101,2025,1.0
RE1,DEMRESWOOCKN_MID_RUR,S101,2026,1.0
RE1,DEMRESWOOCKN_MID_RUR,S101,2027,1.0
RE1,DEMRESWOOCKN_MID_RUR,S101,2028,1.0
RE1,DEMRESWOOCKN_MID_RUR,S101,2029,1.0
RE1,DEMRESWOOCKN_MID_RUR,S101,2030,1.0
RE1,DEMRESWOOCKN_MID_RUR,S101,2031,1.0
RE1,DEMRESWOOCKN_MID_RUR,S101,2032,1.0
RE1,DEMRESWOOCKN_MID_RUR,S101,2033,1.0
RE1,DEMRESWOOCKN_MID_RUR,S101,2034,1.0
RE1,DEMRESWOOCKN_MID_RUR,S101,2035,1.0
RE1,DEMRESWOOCKN_MID_RUR,S101,2036,1.0
RE1,DEMRESWOOCKN_MID_RUR,S101,2037,1.0
RE1,DEMRESWOOCKN_MID_RUR,S101,2038,1.0
RE1,DEMRESWOOCKN_MID_RUR,S101,2039,1.0
RE1,DEMRESWOOCKN_MID_RUR,S101,2040,1.0
RE1,DEMRESWOOCKN_MID_RUR,S101,2041,1.0
RE1,DEMRESWOOCKN_MID_RUR,S101,2042,1.0
RE1,DEMRESWOOCKN_MID_RUR,S101,2043,1.0
RE1,DEMRESWOOCKN_MID_RUR,S101,2044,1.0
RE1,DEMRESWOOCKN_MID_RUR,S101,2045,1.0
RE1,DEMRESWOOCKN_MID_RUR,S101,2046,1.0
RE1,DEMRESWOOCKN_MID_RUR,S101,2047,1.0
RE1,DEMRESWOOCKN_MID_RUR,S101,2048,1.0
RE1,DEMRESWOOCKN_MID_RUR,S101,2049,1.0
RE1,DEMRESWOOCKN_MID_RUR,S101,2050,1.0
RE1,DEMRESWOOCKN_MID_RUR,S101,2051,1.0
RE1,DEMRESWOOCKN_MID_RUR,S101,2052,1.0
RE1,DEMRESWOOCKN_MID_RUR,S101,2053,1.0
RE1,DEMRESWOOCKN_MID_RUR,S101,2054,1.0
RE1,DEMRESWOOCKN_MID_RUR,S101,2055,1.0
RE1,DEMRESWOOCKN_MID_RUR,S102,2022,1.0
RE1,DEMRESWOOCKN_MID_RUR,S102,2023,1.0
RE1,DEMRESWOOCKN_MID_RUR,S102,2024,1.0
RE1,DEMRESWOOCKN_MID_RUR,S102,2025,1.0
RE1,DEMRESWOOCKN_MID_RUR,S102,2026,1.0
RE1,DEMRESWOOCKN_MID_RUR,S102,2027,1.0
RE1,DEMRESWOOCKN_MID_RUR,S102,2028,1.0
RE1,DEMRESWOOCKN_MID_RUR,S102,2029,1.0
RE1,DEMRESWOOCKN_MID_RUR,S102,2030,1.0
RE1,DEMRESWOOCKN_MID_RUR,S102,2031,1.0
RE1,DEMRESWOOCKN_MID_RUR,S102,2032,1.0
RE1,DEMRESWOOCKN_MID_RUR,S102,2033,1.0
RE1,DEMRESWOOCKN_MID_RUR,S102,2034,1.0
RE1,DEMRESWOOCKN_MID_RUR,S102,2035,1.0
RE1,DEMRESWOOCKN_MID_RUR,S102,2036,1.0
RE1,DEMRESWOOCKN_MID_RUR,S102,2037,1.0
RE1,DEMRESWOOCKN_MID_RUR,S102,2038,1.0
RE1,DEMRESWOOCKN_MID_RUR,S102,2039,1.0
RE1,DEMRESWOOCKN_MID_RUR,S102,2040,1.0
RE1,DEMRESWOOCKN_MID_RUR,S102,2041,1.0
RE1,DEMRESWOOCKN_MID_RUR,S102,2042,1.0
RE1,DEMRESWOOCKN_MID_RUR,S102,2043,1.0
RE1,DEMRESWOOCKN_MID_RUR,S102,2044,1.0
RE1,DEMRESWOOCKN_MID_RUR,S102,2045,1.0
RE1,DEMRESWOOCKN_MID_RUR,S102,2046,1.0
RE1,DEMRESWOOCKN_MID_RUR,S102,2047,1.0
RE1,DEMRESWOOCKN_MID_RUR,S102,2048,1.0
RE1,DEMRESWOOCKN_MID_RUR,S102,2049,1.0
RE1,DEMRESWOOCKN_MID_RUR,S102,2050,1.0
RE1,DEMRESWOOCKN_MID_RUR,S102,2051,1.0
RE1,DEMRESWOOCKN_MID_RUR,S102,2052,1.0
RE1,DEMRESWOOCKN_MID_RUR,S102,2053,1.0
RE1,DEMRESWOOCKN_MID_RUR,S102,2054,1.0
RE1,DEMRESWOOCKN_MID_RUR,S102,2055,1.0
RE1,DEMRESWOOCKN_MID_URB,S101,2022,1.0
RE1,DEMRESWOOCKN_MID_URB,S101,2023,1.0
RE1,DEMRESWOOCKN_MID_URB,S101,2024,1.0
RE1,DEMRESWOOCKN_MID_URB,S101,2025,1.0
RE1,DEMRESWOOCKN_MID_URB,S101,2026,1.0
RE1,DEMRESWOOCKN_MID_URB,S101,2027,1.0
RE1,DEMRESWOOCKN_MID_URB,S101,2028,1.0
RE1,DEMRESWOOCKN_MID_URB,S101,2029,1.0
RE1,DEMRESWOOCKN_MID_URB,S101,2030,1.0
RE1,DEMRESWOOCKN_MID_URB,S101,2031,1.0
RE1,DEMRESWOOCKN_MID_URB,S101,2032,1.0
RE1,DEMRESWOOCKN_MID_URB,S101,2033,1.0
RE1,DEMRESWOOCKN_MID_URB,S101,2034,1.0
RE1,DEMRESWOOCKN_MID_URB,S101,2035,1.0
RE1,DEMRESWOOCKN_MID_URB,S101,2036,1.0
RE1,DEMRESWOOCKN_MID_URB,S101,2037,1.0
RE1,DEMRESWOOCKN_MID_URB,S101,2038,1.0
RE1,DEMRESWOOCKN_MID_URB,S101,2039,1.0
RE1,DEMRESWOOCKN_MID_URB,S101,2040,1.0
RE1,DEMRESWOOCKN_MID_URB,S101,2041,1.0
RE1,DEMRESWOOCKN_MID_URB,S101,2042,1.0
RE1,DEMRESWOOCKN_MID_URB,S101,2043,1.0
RE1,DEMRESWOOCKN_MID_URB,S101,2044,1.0
RE1,DEMRESWOOCKN_MID_URB,S101,2045,1.0
RE1,DEMRESWOOCKN_MID_URB,S101,2046,1.0
RE1,DEMRESWOOCKN_MID_URB,S101,2047,1.0
RE1,DEMRESWOOCKN_MID_URB,S101,2048,1.0
RE1,DEMRESWOOCKN_MID_URB,S101,2049,1.0
RE1,DEMRESWOOCKN_MID_URB,S101,2050,1.0
RE1,DEMRESWOOCKN_MID_URB,S101,2051,1.0
RE1,DEMRESWOOCKN_MID_URB,S101,2052,1.0
RE1,DEMRESWOOCKN_MID_URB,S101,2053,1.0
RE1,DEMRESWOOCKN_MID_URB,S101,2054,1.0
RE1,DEMRESWOOCKN_MID_URB,S101,2055,1.0
RE1,DEMRESWOOCKN_MID_URB,S102,2022,1.0
RE1,DEMRESWOOCKN_MID_URB,S102,2023,1.0
RE1,DEMRESWOOCKN_MID_URB,S102,2024,1.0
RE1,DEMRESWOOCKN_MID_URB,S102,2025,1.0
RE1,DEMRESWOOCKN_MID_URB,S102,2026,1.0
RE1,DEMRESWOOCKN_MID_URB,S102,2027,1.0
RE1,DEMRESWOOCKN_MID_URB,S102,2028,1.0
RE1,DEMRESWOOCKN_MID_URB,S102,2029,1.0
RE1,DEMRESWOOCKN_MID_URB,S102,2030,1.0
RE1,DEMRESWOOCKN_MID_URB,S102,2031,1.0
RE1,DEMRESWOOCKN_MID_URB,S102,2032,1.0
RE1,DEMRESWOOCKN_MID_URB,S102,2033,1.0
RE1,DEMRESWOOCKN_MID_URB,S102,2034,1.0
RE1,DEMRESWOOCKN_MID_URB,S102,2035,1.0
RE1,DEMRESWOOCKN_MID_URB,S102,2036,1.0
RE1,DEMRESWOOCKN_MID_URB,S102,2037,1.0
RE1,DEMRESWOOCKN_MID_URB,S102,2038,1.0
RE1,DEMRESWOOCKN_MID_URB,S102,2039,1.0
RE1,DEMRESWOOCKN_MID_URB,S102,2040,1.0
RE1,DEMRESWOOCKN_MID_URB,S102,2041,1.0
RE1,DEMRESWOOCKN_MID_URB,S102,2042,1.0
RE1,DEMRESWOOCKN_MID_URB,S102,2043,1.0
RE1,DEMRESWOOCKN_MID_URB,S102,2044,1.0
RE1,DEMRESWOOCKN_MID_URB,S102,2045,1.0
RE1,DEMRESWOOCKN_MID_URB,S102,2046,1.0
RE1,DEMRESWOOCKN_MID_URB,S102,2047,1.0
RE1,DEMRESWOOCKN_MID_URB,S102,2048,1.0
RE1,DEMRESWOOCKN_MID_URB,S102,2049,1.0
RE1,DEMRESWOOCKN_MID_URB,S102,2050,1.0
RE1,DEMRESWOOCKN_MID_URB,S102,2051,1.0
RE1,DEMRESWOOCKN_MID_URB,S102,2052,1.0
RE1,DEMRESWOOCKN_MID_URB,S102,2053,1.0
RE1,DEMRESWOOCKN_MID_URB,S102,2054,1.0
RE1,DEMRESWOOCKN_MID_URB,S102,2055,1.0
RE1,DEMRESZNIBGSCKN_MID,S101,2022,1.0
RE1,DEMRESZNIBGSCKN_MID,S101,2023,1.0
RE1,DEMRESZNIBGSCKN_MID,S101,2024,1.0
RE1,DEMRESZNIBGSCKN_MID,S101,2025,1.0
RE1,DEMRESZNIBGSCKN_MID,S101,2026,1.0
RE1,DEMRESZNIBGSCKN_MID,S101,2027,1.0
RE1,DEMRESZNIBGSCKN_MID,S101,2028,1.0
RE1,DEMRESZNIBGSCKN_MID,S101,2029,1.0
RE1,DEMRESZNIBGSCKN_MID,S101,2030,1.0
RE1,DEMRESZNIBGSCKN_MID,S101,2031,1.0
RE1,DEMRESZNIBGSCKN_MID,S101,2032,1.0
RE1,DEMRESZNIBGSCKN_MID,S101,2033,1.0
RE1,DEMRESZNIBGSCKN_MID,S101,2034,1.0
RE1,DEMRESZNIBGSCKN_MID,S101,2035,1.0
RE1,DEMRESZNIBGSCKN_MID,S101,2036,1.0
RE1,DEMRESZNIBGSCKN_MID,S101,2037,1.0
RE1,DEMRESZNIBGSCKN_MID,S101,2038,1.0
RE1,DEMRESZNIBGSCKN_MID,S101,2039,1.0
RE1,DEMRESZNIBGSCKN_MID,S101,2040,1.0
RE1,DEMRESZNIBGSCKN_MID,S101,2041,1.0
RE1,DEMRESZNIBGSCKN_MID,S101,2042,1.0
RE1,DEMRESZNIBGSCKN_MID,S101,2043,1.0
RE1,DEMRESZNIBGSCKN_MID,S101,2044,1.0
RE1,DEMRESZNIBGSCKN_MID,S101,2045,1.0
RE1,DEMRESZNIBGSCKN_MID,S101,2046,1.0
RE1,DEMRESZNIBGSCKN_MID,S101,2047,1.0
RE1,DEMRESZNIBGSCKN_MID,S101,2048,1.0
RE1,DEMRESZNIBGSCKN_MID,S101,2049,1.0
RE1,DEMRESZNIBGSCKN_MID,S101,2050,1.0
RE1,DEMRESZNIBGSCKN_MID,S101,2051,1.0
RE1,DEMRESZNIBGSCKN_MID,S101,2052,1.0
RE1,DEMRESZNIBGSCKN_MID,S101,2053,1.0
RE1,DEMRESZNIBGSCKN_MID,S101,2054,1.0
RE1,DEMRESZNIBGSCKN_MID,S101,2055,1.0
RE1,DEMRESZNIBGSCKN_MID,S102,2022,1.0
RE1,DEMRESZNIBGSCKN_MID,S102,2023,1.0
RE1,DEMRESZNIBGSCKN_MID,S102,2024,1.0
RE1,DEMRESZNIBGSCKN_MID,S102,2025,1.0
RE1,DEMRESZNIBGSCKN_MID,S102,2026,1.0
RE1,DEMRESZNIBGSCKN_MID,S102,2027,1.0
RE1,DEMRESZNIBGSCKN_MID,S102,2028,1.0
RE1,DEMRESZNIBGSCKN_MID,S102,2029,1.0
RE1,DEMRESZNIBGSCKN_MID,S102,2030,1.0
RE1,DEMRESZNIBGSCKN_MID,S102,2031,1.0
RE1,DEMRESZNIBGSCKN_MID,S102,2032,1.0
RE1,DEMRESZNIBGSCKN_MID,S102,2033,1.0
RE1,DEMRESZNIBGSCKN_MID,S102,2034,1.0
RE1,DEMRESZNIBGSCKN_MID,S102,2035,1.0
RE1,DEMRESZNIBGSCKN_MID,S102,2036,1.0
RE1,DEMRESZNIBGSCKN_MID,S102,2037,1.0
RE1,DEMRESZNIBGSCKN_MID,S102,2038,1.0
RE1,DEMRESZNIBGSCKN_MID,S102,2039,1.0
RE1,DEMRESZNIBGSCKN_MID,S102,2040,1.0
RE1,DEMRESZNIBGSCKN_MID,S102,2041,1.0
RE1,DEMRESZNIBGSCKN_MID,S102,2042,1.0
RE1,DEMRESZNIBGSCKN_MID,S102,2043,1.0
RE1,DEMRESZNIBGSCKN_MID,S102,2044,1.0
RE1,DEMRESZNIBGSCKN_MID,S102,2045,1.0
RE1,DEMRESZNIBGSCKN_MID,S102,2046,1.0
RE1,DEMRESZNIBGSCKN_MID,S102,2047,1.0
RE1,DEMRESZNIBGSCKN_MID,S102,2048,1.0
RE1,DEMRESZNIBGSCKN_MID,S102,2049,1.0
RE1,DEMRESZNIBGSCKN_MID,S102,2050,1.0
RE1,DEMRESZNIBGSCKN_MID,S102,2051,1.0
RE1,DEMRESZNIBGSCKN_MID,S102,2052,1.0
RE1,DEMRESZNIBGSCKN_MID,S102,2053,1.0
RE1,DEMRESZNIBGSCKN_MID,S102,2054,1.0
RE1,DEMRESZNIBGSCKN_MID,S102,2055,1.0
RE1,DEMRESZNIELCCKN_LOW,S101,2022,1.0
RE1,DEMRESZNIELCCKN_LOW,S101,2023,1.0
RE1,DEMRESZNIELCCKN_LOW,S101,2024,1.0
RE1,DEMRESZNIELCCKN_LOW,S101,2025,1.0
RE1,DEMRESZNIELCCKN_LOW,S101,2026,1.0
RE1,DEMRESZNIELCCKN_LOW,S101,2027,1.0
RE1,DEMRESZNIELCCKN_LOW,S101,2028,1.0
RE1,DEMRESZNIELCCKN_LOW,S101,2029,1.0
RE1,DEMRESZNIELCCKN_LOW,S101,2030,1.0
RE1,DEMRESZNIELCCKN_LOW,S101,2031,1.0
RE1,DEMRESZNIELCCKN_LOW,S101,2032,1.0
RE1,DEMRESZNIELCCKN_LOW,S101,2033,1.0
RE1,DEMRESZNIELCCKN_LOW,S101,2034,1.0
RE1,DEMRESZNIELCCKN_LOW,S101,2035,1.0
RE1,DEMRESZNIELCCKN_LOW,S101,2036,1.0
RE1,DEMRESZNIELCCKN_LOW,S101,2037,1.0
RE1,DEMRESZNIELCCKN_LOW,S101,2038,1.0
RE1,DEMRESZNIELCCKN_LOW,S101,2039,1.0
RE1,DEMRESZNIELCCKN_LOW,S101,2040,1.0
RE1,DEMRESZNIELCCKN_LOW,S101,2041,1.0
RE1,DEMRESZNIELCCKN_LOW,S101,2042,1.0
RE1,DEMRESZNIELCCKN_LOW,S101,2043,1.0
RE1,DEMRESZNIELCCKN_LOW,S101,2044,1.0
RE1,DEMRESZNIELCCKN_LOW,S101,2045,1.0
RE1,DEMRESZNIELCCKN_LOW,S101,2046,1.0
RE1,DEMRESZNIELCCKN_LOW,S101,2047,1.0
RE1,DEMRESZNIELCCKN_LOW,S101,2048,1.0
RE1,DEMRESZNIELCCKN_LOW,S101,2049,1.0
RE1,DEMRESZNIELCCKN_LOW,S101,2050,1.0
RE1,DEMRESZNIELCCKN_LOW,S101,2051,1.0
RE1,DEMRESZNIELCCKN_LOW,S101,2052,1.0
RE1,DEMRESZNIELCCKN_LOW,S101,2053,1.0
RE1,DEMRESZNIELCCKN_LOW,S101,2054,1.0
RE1,DEMRESZNIELCCKN_LOW,S101,2055,1.0
RE1,DEMRESZNIELCCKN_LOW,S102,2022,1.0
RE1,DEMRESZNIELCCKN_LOW,S102,2023,1.0
RE1,DEMRESZNIELCCKN_LOW,S102,2024,1.0
RE1,DEMRESZNIELCCKN_LOW,S102,2025,1.0
RE1,DEMRESZNIELCCKN_LOW,S102,2026,1.0
RE1,DEMRESZNIELCCKN_LOW,S102,2027,1.0
RE1,DEMRESZNIELCCKN_LOW,S102,2028,1.0
RE1,DEMRESZNIELCCKN_LOW,S102,2029,1.0
RE1,DEMRESZNIELCCKN_LOW,S102,2030,1.0
RE1,DEMRESZNIELCCKN_LOW,S102,2031,1.0
RE1,DEMRESZNIELCCKN_LOW,S102,2032,1.0
RE1,DEMRESZNIELCCKN_LOW,S102,2033,1.0
RE1,DEMRESZNIELCCKN_LOW,S102,2034,1.0
RE1,DEMRESZNIELCCKN_LOW,S102,2035,1.0
RE1,DEMRESZNIELCCKN_LOW,S102,2036,1.0
RE1,DEMRESZNIELCCKN_LOW,S102,2037,1.0
RE1,DEMRESZNIELCCKN_LOW,S102,2038,1.0
RE1,DEMRESZNIELCCKN_LOW,S102,2039,1.0
RE1,DEMRESZNIELCCKN_LOW,S102,2040,1.0
RE1,DEMRESZNIELCCKN_LOW,S102,2041,1.0
RE1,DEMRESZNIELCCKN_LOW,S102,2042,1.0
RE1,DEMRESZNIELCCKN_LOW,S102,2043,1.0
RE1,DEMRESZNIELCCKN_LOW,S102,2044,1.0
RE1,DEMRESZNIELCCKN_LOW,S102,2045,1.0
RE1,DEMRESZNIELCCKN_LOW,S102,2046,1.0
RE1,DEMRESZNIELCCKN_LOW,S102,2047,1.0
RE1,DEMRESZNIELCCKN_LOW,S102,2048,1.0
RE1,DEMRESZNIELCCKN_LOW,S102,2049,1.0
RE1,DEMRESZNIELCCKN_LOW,S102,2050,1.0
RE1,DEMRESZNIELCCKN_LOW,S102,2051,1.0
RE1,DEMRESZNIELCCKN_LOW,S102,2052,1.0
RE1,DEMRESZNIELCCKN_LOW,S102,2053,1.0
RE1,DEMRESZNIELCCKN_LOW,S102,2054,1.0
RE1,DEMRESZNIELCCKN_LOW,S102,2055,1.0
RE1,DEMRESZNIELC_LOW,S101,2022,1.0
RE1,DEMRESZNIELC_LOW,S101,2023,1.0
RE1,DEMRESZNIELC_LOW,S101,2024,1.0
RE1,DEMRESZNIELC_LOW,S101,2025,1.0
RE1,DEMRESZNIELC_LOW,S101,2026,1.0
RE1,DEMRESZNIELC_LOW,S101,2027,1.0
RE1,DEMRESZNIELC_LOW,S101,2028,1.0
RE1,DEMRESZNIELC_LOW,S101,2029,1.0
RE1,DEMRESZNIELC_LOW,S101,2030,1.0
RE1,DEMRESZNIELC_LOW,S101,2031,1.0
RE1,DEMRESZNIELC_LOW,S101,2032,1.0
RE1,DEMRESZNIELC_LOW,S101,2033,1.0
RE1,DEMRESZNIELC_LOW,S101,2034,1.0
RE1,DEMRESZNIELC_LOW,S101,2035,1.0
RE1,DEMRESZNIELC_LOW,S101,2036,1.0
RE1,DEMRESZNIELC_LOW,S101,2037,1.0
RE1,DEMRESZNIELC_LOW,S101,2038,1.0
RE1,DEMRESZNIELC_LOW,S101,2039,1.0
RE1,DEMRESZNIELC_LOW,S101,2040,1.0
RE1,DEMRESZNIELC_LOW,S101,2041,1.0
RE1,DEMRESZNIELC_LOW,S101,2042,1.0
RE1,DEMRESZNIELC_LOW,S101,2043,1.0
RE1,DEMRESZNIELC_LOW,S101,2044,1.0
RE1,DEMRESZNIELC_LOW,S101,2045,1.0
RE1,DEMRESZNIELC_LOW,S101,2046,1.0
RE1,DEMRESZNIELC_LOW,S101,2047,1.0
RE1,DEMRESZNIELC_LOW,S101,2048,1.0
RE1,DEMRESZNIELC_LOW,S101,2049,1.0
RE1,DEMRESZNIELC_LOW,S101,2050,1.0
RE1,DEMRESZNIELC_LOW,S101,2051,1.0
RE1,DEMRESZNIELC_LOW,S101,2052,1.0
RE1,DEMRESZNIELC_LOW,S101,2053,1.0
RE1,DEMRESZNIELC_LOW,S101,2054,1.0
RE1,DEMRESZNIELC_LOW,S101,2055,1.0
RE1,DEMRESZNIELC_LOW,S102,2022,1.0
RE1,DEMRESZNIELC_LOW,S102,2023,1.0
RE1,DEMRESZNIELC_LOW,S102,2024,1.0
RE1,DEMRESZNIELC_LOW,S102,2025,1.0
RE1,DEMRESZNIELC_LOW,S102,2026,1.0
RE1,DEMRESZNIELC_LOW,S102,2027,1.0
RE1,DEMRESZNIELC_LOW,S102,2028,1.0
RE1,DEMRESZNIELC_LOW,S102,2029,1.0
RE1,DEMRESZNIELC_LOW,S102,2030,1.0
RE1,DEMRESZNIELC_LOW,S102,2031,1.0
RE1,DEMRESZNIELC_LOW,S102,2032,1.0
RE1,DEMRESZNIELC_LOW,S102,2033,1.0
RE1,DEMRESZNIELC_LOW,S102,2034,1.0
RE1,DEMRESZNIELC_LOW,S102,2035,1.0
RE1,DEMRESZNIELC_LOW,S102,2036,1.0
RE1,DEMRESZNIELC_LOW,S102,2037,1.0
RE1,DEMRESZNIELC_LOW,S102,2038,1.0
RE1,DEMRESZNIELC_LOW,S102,2039,1.0
RE1,DEMRESZNIELC_LOW,S102,2040,1.0
RE1,DEMRESZNIELC_LOW,S102,2041,1.0
RE1,DEMRESZNIELC_LOW,S102,2042,1.0
RE1,DEMRESZNIELC_LOW,S102,2043,1.0
RE1,DEMRESZNIELC_LOW,S102,2044,1.0
RE1,DEMRESZNIELC_LOW,S102,2045,1.0
RE1,DEMRESZNIELC_LOW,S102,2046,1.0
RE1,DEMRESZNIELC_LOW,S102,2047,1.0
RE1,DEMRESZNIELC_LOW,S102,2048,1.0
RE1,DEMRESZNIELC_LOW,S102,2049,1.0
RE1,DEMRESZNIELC_LOW,S102,2050,1.0
RE1,DEMRESZNIELC_LOW,S102,2051,1.0
RE1,DEMRESZNIELC_LOW,S102,2052,1.0
RE1,DEMRESZNIELC_LOW,S102,2053,1.0
RE1,DEMRESZNIELC_LOW,S102,2054,1.0
RE1,DEMRESZNIELC_LOW,S102,2055,1.0
RE1,DEMRESZNILPGCKN_MID,S101,2022,1.0
RE1,DEMRESZNILPGCKN_MID,S101,2023,1.0
RE1,DEMRESZNILPGCKN_MID,S101,2024,1.0
RE1,DEMRESZNILPGCKN_MID,S101,2025,1.0
RE1,DEMRESZNILPGCKN_MID,S101,2026,1.0
RE1,DEMRESZNILPGCKN_MID,S101,2027,1.0
RE1,DEMRESZNILPGCKN_MID,S101,2028,1.0
RE1,DEMRESZNILPGCKN_MID,S101,2029,1.0
RE1,DEMRESZNILPGCKN_MID,S101,2030,1.0
RE1,DEMRESZNILPGCKN_MID,S101,2031,1.0
RE1,DEMRESZNILPGCKN_MID,S101,2032,1.0
RE1,DEMRESZNILPGCKN_MID,S101,2033,1.0
RE1,DEMRESZNILPGCKN_MID,S101,2034,1.0
RE1,DEMRESZNILPGCKN_MID,S101,2035,1.0
RE1,DEMRESZNILPGCKN_MID,S101,2036,1.0
RE1,DEMRESZNILPGCKN_MID,S101,2037,1.0
RE1,DEMRESZNILPGCKN_MID,S101,2038,1.0
RE1,DEMRESZNILPGCKN_MID,S101,2039,1.0
RE1,DEMRESZNILPGCKN_MID,S101,2040,1.0
RE1,DEMRESZNILPGCKN_MID,S101,2041,1.0
RE1,DEMRESZNILPGCKN_MID,S101,2042,1.0
RE1,DEMRESZNILPGCKN_MID,S101,2043,1.0
RE1,DEMRESZNILPGCKN_MID,S101,2044,1.0
RE1,DEMRESZNILPGCKN_MID,S101,2045,1.0
RE1,DEMRESZNILPGCKN_MID,S101,2046,1.0
RE1,DEMRESZNILPGCKN_MID,S101,2047,1.0
RE1,DEMRESZNILPGCKN_MID,S101,2048,1.0
RE1,DEMRESZNILPGCKN_MID,S101,2049,1.0
RE1,DEMRESZNILPGCKN_MID,S101,2050,1.0
RE1,DEMRESZNILPGCKN_MID,S101,2051,1.0
RE1,DEMRESZNILPGCKN_MID,S101,2052,1.0
RE1,DEMRESZNILPGCKN_MID,S101,2053,1.0
RE1,DEMRESZNILPGCKN_MID,S101,2054,1.0
RE1,DEMRESZNILPGCKN_MID,S101,2055,1.0
RE1,DEMRESZNILPGCKN_MID,S102,2022,1.0
RE1,DEMRESZNILPGCKN_MID,S102,2023,1.0
RE1,DEMRESZNILPGCKN_MID,S102,2024,1.0
RE1,DEMRESZNILPGCKN_MID,S102,2025,1.0
RE1,DEMRESZNILPGCKN_MID,S102,2026,1.0
RE1,DEMRESZNILPGCKN_MID,S102,2027,1.0
RE1,DEMRESZNILPGCKN_MID,S102,2028,1.0
RE1,DEMRESZNILPGCKN_MID,S102,2029,1.0
RE1,DEMRESZNILPGCKN_MID,S102,2030,1.0
RE1,DEMRESZNILPGCKN_MID,S102,2031,1.0
RE1,DEMRESZNILPGCKN_MID,S102,2032,1.0
RE1,DEMRESZNILPGCKN_MID,S102,2033,1.0
RE1,DEMRESZNILPGCKN_MID,S102,2034,1.0
RE1,DEMRESZNILPGCKN_MID,S102,2035,1.0
RE1,DEMRESZNILPGCKN_MID,S102,2036,1.0
RE1,DEMRESZNILPGCKN_MID,S102,2037,1.0
RE1,DEMRESZNILPGCKN_MID,S102,2038,1.0
RE1,DEMRESZNILPGCKN_MID,S102,2039,1.0
RE1,DEMRESZNILPGCKN_MID,S102,2040,1.0
RE1,DEMRESZNILPGCKN_MID,S102,2041,1.0
RE1,DEMRESZNILPGCKN_MID,S102,2042,1.0
RE1,DEMRESZNILPGCKN_MID,S102,2043,1.0
RE1,DEMRESZNILPGCKN_MID,S102,2044,1.0
RE1,DEMRESZNILPGCKN_MID,S102,2045,1.0
RE1,DEMRESZNILPGCKN_MID,S102,2046,1.0
RE1,DEMRESZNILPGCKN_MID,S102,2047,1.0
RE1,DEMRESZNILPGCKN_MID,S102,2048,1.0
RE1,DEMRESZNILPGCKN_MID,S102,2049,1.0
RE1,DEMRESZNILPGCKN_MID,S102,2050,1.0
RE1,DEMRESZNILPGCKN_MID,S102,2051,1.0
RE1,DEMRESZNILPGCKN_MID,S102,2052,1.0
RE1,DEMRESZNILPGCKN_MID,S102,2053,1.0
RE1,DEMRESZNILPGCKN_MID,S102,2054,1.0
RE1,DEMRESZNILPGCKN_MID,S102,2055,1.0
RE1,DEMRESZNIWOOCKN_LOW,S101,2022,1.0
RE1,DEMRESZNIWOOCKN_LOW,S101,2023,1.0
RE1,DEMRESZNIWOOCKN_LOW,S101,2024,1.0
RE1,DEMRESZNIWOOCKN_LOW,S101,2025,1.0
RE1,DEMRESZNIWOOCKN_LOW,S101,2026,1.0
RE1,DEMRESZNIWOOCKN_LOW,S101,2027,1.0
RE1,DEMRESZNIWOOCKN_LOW,S101,2028,1.0
RE1,DEMRESZNIWOOCKN_LOW,S101,2029,1.0
RE1,DEMRESZNIWOOCKN_LOW,S101,2030,1.0
RE1,DEMRESZNIWOOCKN_LOW,S101,2031,1.0
RE1,DEMRESZNIWOOCKN_LOW,S101,2032,1.0
RE1,DEMRESZNIWOOCKN_LOW,S101,2033,1.0
RE1,DEMRESZNIWOOCKN_LOW,S101,2034,1.0
RE1,DEMRESZNIWOOCKN_LOW,S101,2035,1.0
RE1,DEMRESZNIWOOCKN_LOW,S101,2036,1.0
RE1,DEMRESZNIWOOCKN_LOW,S101,2037,1.0
RE1,DEMRESZNIWOOCKN_LOW,S101,2038,1.0
RE1,DEMRESZNIWOOCKN_LOW,S101,2039,1.0
RE1,DEMRESZNIWOOCKN_LOW,S101,2040,1.0
RE1,DEMRESZNIWOOCKN_LOW,S101,2041,1.0
RE1,DEMRESZNIWOOCKN_LOW,S101,2042,1.0
RE1,DEMRESZNIWOOCKN_LOW,S101,2043,1.0
RE1,DEMRESZNIWOOCKN_LOW,S101,2044,1.0
RE1,DEMRESZNIWOOCKN_LOW,S101,2045,1.0
RE1,DEMRESZNIWOOCKN_LOW,S101,2046,1.0
RE1,DEMRESZNIWOOCKN_LOW,S101,2047,1.0
RE1,DEMRESZNIWOOCKN_LOW,S101,2048,1.0
RE1,DEMRESZNIWOOCKN_LOW,S101,2049,1.0
RE1,DEMRESZNIWOOCKN_LOW,S101,2050,1.0
RE1,DEMRESZNIWOOCKN_LOW,S101,2051,1.0
RE1,DEMRESZNIWOOCKN_LOW,S101,2052,1.0
RE1,DEMRESZNIWOOCKN_LOW,S101,2053,1.0
RE1,DEMRESZNIWOOCKN_LOW,S101,2054,1.0
RE1,DEMRESZNIWOOCKN_LOW,S101,2055,1.0
RE1,DEMRESZNIWOOCKN_LOW,S102,2022,1.0
RE1,DEMRESZNIWOOCKN_LOW,S102,2023,1.0
RE1,DEMRESZNIWOOCKN_LOW,S102,2024,1.0
RE1,DEMRESZNIWOOCKN_LOW,S102,2025,1.0
RE1,DEMRESZNIWOOCKN_LOW,S102,2026,1.0
RE1,DEMRESZNIWOOCKN_LOW,S102,2027,1.0
RE1,DEMRESZNIWOOCKN_LOW,S102,2028,1.0
RE1,DEMRESZNIWOOCKN_LOW,S102,2029,1.0
RE1,DEMRESZNIWOOCKN_LOW,S102,2030,1.0
RE1,DEMRESZNIWOOCKN_LOW,S102,2031,1.0
RE1,DEMRESZNIWOOCKN_LOW,S102,2032,1.0
RE1,DEMRESZNIWOOCKN_LOW,S102,2033,1.0
RE1,DEMRESZNIWOOCKN_LOW,S102,2034,1.0
RE1,DEMRESZNIWOOCKN_LOW,S102,2035,1.0
RE1,DEMRESZNIWOOCKN_LOW,S102,2036,1.0
RE1,DEMRESZNIWOOCKN_LOW,S102,2037,1.0
RE1,DEMRESZNIWOOCKN_LOW,S102,2038,1.0
RE1,DEMRESZNIWOOCKN_LOW,S102,2039,1.0
RE1,DEMRESZNIWOOCKN_LOW,S102,2040,1.0
RE1,DEMRESZNIWOOCKN_LOW,S102,2041,1.0
RE1,DEMRESZNIWOOCKN_LOW,S102,2042,1.0
RE1,DEMRESZNIWOOCKN_LOW,S102,2043,1.0
RE1,DEMRESZNIWOOCKN_LOW,S102,2044,1.0
RE1,DEMRESZNIWOOCKN_LOW,S102,2045,1.0
RE1,DEMRESZNIWOOCKN_LOW,S102,2046,1.0
RE1,DEMRESZNIWOOCKN_LOW,S102,2047,1.0
RE1,DEMRESZNIWOOCKN_LOW,S102,2048,1.0
RE1,DEMRESZNIWOOCKN_LOW,S102,2049,1.0
RE1,DEMRESZNIWOOCKN_LOW,S102,2050,1.0
RE1,DEMRESZNIWOOCKN_LOW,S102,2051,1.0
RE1,DEMRESZNIWOOCKN_LOW,S102,2052,1.0
RE1,DEMRESZNIWOOCKN_LOW,S102,2053,1.0
RE1,DEMRESZNIWOOCKN_LOW,S102,2054,1.0
RE1,DEMRESZNIWOOCKN_LOW,S102,2055,1.0
RE1,DEMRES_MEDPVA_URB,S101,2022,1.0
RE1,DEMRES_MEDPVA_URB,S101,2023,1.0
RE1,DEMRES_MEDPVA_URB,S101,2024,1.0
RE1,DEMRES_MEDPVA_URB,S101,2025,1.0
RE1,DEMRES_MEDPVA_URB,S101,2026,1.0
RE1,DEMRES_MEDPVA_URB,S101,2027,1.0
RE1,DEMRES_MEDPVA_URB,S101,2028,1.0
RE1,DEMRES_MEDPVA_URB,S101,2029,1.0
RE1,DEMRES_MEDPVA_URB,S101,2030,1.0
RE1,DEMRES_MEDPVA_URB,S101,2031,1.0
RE1,DEMRES_MEDPVA_URB,S101,2032,1.0
RE1,DEMRES_MEDPVA_URB,S101,2033,1.0
RE1,DEMRES_MEDPVA_URB,S101,2034,1.0
RE1,DEMRES_MEDPVA_URB,S101,2035,1.0
RE1,DEMRES_MEDPVA_URB,S101,2036,1.0
RE1,DEMRES_MEDPVA_URB,S101,2037,1.0
RE1,DEMRES_MEDPVA_URB,S101,2038,1.0
RE1,DEMRES_MEDPVA_URB,S101,2039,1.0
RE1,DEMRES_MEDPVA_URB,S101,2040,1.0
RE1,DEMRES_MEDPVA_URB,S101,2041,1.0
RE1,DEMRES_MEDPVA_URB,S101,2042,1.0
RE1,DEMRES_MEDPVA_URB,S101,2043,1.0
RE1,DEMRES_MEDPVA_URB,S101,2044,1.0
RE1,DEMRES_MEDPVA_URB,S101,2045,1.0
RE1,DEMRES_MEDPVA_URB,S101,2046,1.0
RE1,DEMRES_MEDPVA_URB,S101,2047,1.0
RE1,DEMRES_MEDPVA_URB,S101,2048,1.0
RE1,DEMRES_MEDPVA_URB,S101,2049,1.0
RE1,DEMRES_MEDPVA_URB,S101,2050,1.0
RE1,DEMRES_MEDPVA_URB,S101,2051,1.0
RE1,DEMRES_MEDPVA_URB,S101,2052,1.0
RE1,DEMRES_MEDPVA_URB,S101,2053,1.0
RE1,DEMRES_MEDPVA_URB,S101,2054,1.0
RE1,DEMRES_MEDPVA_URB,S101,2055,1.0
RE1,DEMRES_MEDPVA_URB,S102,2022,1.0
RE1,DEMRES_MEDPVA_URB,S102,2023,1.0
RE1,DEMRES_MEDPVA_URB,S102,2024,1.0
RE1,DEMRES_MEDPVA_URB,S102,2025,1.0
RE1,DEMRES_MEDPVA_URB,S102,2026,1.0
RE1,DEMRES_MEDPVA_URB,S102,2027,1.0
RE1,DEMRES_MEDPVA_URB,S102,2028,1.0
RE1,DEMRES_MEDPVA_URB,S102,2029,1.0
RE1,DEMRES_MEDPVA_URB,S102,2030,1.0
RE1,DEMRES_MEDPVA_URB,S102,2031,1.0
RE1,DEMRES_MEDPVA_URB,S102,2032,1.0
RE1,DEMRES_MEDPVA_URB,S102,2033,1.0
RE1,DEMRES_MEDPVA_URB,S102,2034,1.0
RE1,DEMRES_MEDPVA_URB,S102,2035,1.0
RE1,DEMRES_MEDPVA_URB,S102,2036,1.0
RE1,DEMRES_MEDPVA_URB,S102,2037,1.0
RE1,DEMRES_MEDPVA_URB,S102,2038,1.0
RE1,DEMRES_MEDPVA_URB,S102,2039,1.0
RE1,DEMRES_MEDPVA_URB,S102,2040,1.0
RE1,DEMRES_MEDPVA_URB,S102,2041,1.0
RE1,DEMRES_MEDPVA_URB,S102,2042,1.0
RE1,DEMRES_MEDPVA_URB,S102,2043,1.0
RE1,DEMRES_MEDPVA_URB,S102,2044,1.0
RE1,DEMRES_MEDPVA_URB,S102,2045,1.0
RE1,DEMRES_MEDPVA_URB,S102,2046,1.0
RE1,DEMRES_MEDPVA_URB,S102,2047,1.0
RE1,DEMRES_MEDPVA_URB,S102,2048,1.0
RE1,DEMRES_MEDPVA_URB,S102,2049,1.0
RE1,DEMRES_MEDPVA_URB,S102,2050,1.0
RE1,DEMRES_MEDPVA_URB,S102,2051,1.0
RE1,DEMRES_MEDPVA_URB,S102,2052,1.0
RE1,DEMRES_MEDPVA_URB,S102,2053,1.0
RE1,DEMRES_MEDPVA_URB,S102,2054,1.0
RE1,DEMRES_MEDPVA_URB,S102,2055,1.0
RE1,DEMTERBGSCKN_HIG,S101,2022,1.0
RE1,DEMTERBGSCKN_HIG,S101,2023,1.0
RE1,DEMTERBGSCKN_HIG,S101,2024,1.0
RE1,DEMTERBGSCKN_HIG,S101,2025,1.0
RE1,DEMTERBGSCKN_HIG,S101,2026,1.0
RE1,DEMTERBGSCKN_HIG,S101,2027,1.0
RE1,DEMTERBGSCKN_HIG,S101,2028,1.0
RE1,DEMTERBGSCKN_HIG,S101,2029,1.0
RE1,DEMTERBGSCKN_HIG,S101,2030,1.0
RE1,DEMTERBGSCKN_HIG,S101,2031,1.0
RE1,DEMTERBGSCKN_HIG,S101,2032,1.0
RE1,DEMTERBGSCKN_HIG,S101,2033,1.0
RE1,DEMTERBGSCKN_HIG,S101,2034,1.0
RE1,DEMTERBGSCKN_HIG,S101,2035,1.0
RE1,DEMTERBGSCKN_HIG,S101,2036,1.0
RE1,DEMTERBGSCKN_HIG,S101,2037,1.0
RE1,DEMTERBGSCKN_HIG,S101,2038,1.0
RE1,DEMTERBGSCKN_HIG,S101,2039,1.0
RE1,DEMTERBGSCKN_HIG,S101,2040,1.0
RE1,DEMTERBGSCKN_HIG,S101,2041,1.0
RE1,DEMTERBGSCKN_HIG,S101,2042,1.0
RE1,DEMTERBGSCKN_HIG,S101,2043,1.0
RE1,DEMTERBGSCKN_HIG,S101,2044,1.0
RE1,DEMTERBGSCKN_HIG,S101,2045,1.0
RE1,DEMTERBGSCKN_HIG,S101,2046,1.0
RE1,DEMTERBGSCKN_HIG,S101,2047,1.0
RE1,DEMTERBGSCKN_HIG,S101,2048,1.0
RE1,DEMTERBGSCKN_HIG,S101,2049,1.0
RE1,DEMTERBGSCKN_HIG,S101,2050,1.0
RE1,DEMTERBGSCKN_HIG,S101,2051,1.0
RE1,DEMTERBGSCKN_HIG,S101,2052,1.0
RE1,DEMTERBGSCKN_HIG,S101,2053,1.0
RE1,DEMTERBGSCKN_HIG,S101,2054,1.0
RE1,DEMTERBGSCKN_HIG,S101,2055,1.0
RE1,DEMTERBGSCKN_HIG,S102,2022,1.0
RE1,DEMTERBGSCKN_HIG,S102,2023,1.0
RE1,DEMTERBGSCKN_HIG,S102,2024,1.0
RE1,DEMTERBGSCKN_HIG,S102,2025,1.0
RE1,DEMTERBGSCKN_HIG,S102,2026,1.0
RE1,DEMTERBGSCKN_HIG,S102,2027,1.0
RE1,DEMTERBGSCKN_HIG,S102,2028,1.0
RE1,DEMTERBGSCKN_HIG,S102,2029,1.0
RE1,DEMTERBGSCKN_HIG,S102,2030,1.0
RE1,DEMTERBGSCKN_HIG,S102,2031,1.0
RE1,DEMTERBGSCKN_HIG,S102,2032,1.0
RE1,DEMTERBGSCKN_HIG,S102,2033,1.0
RE1,DEMTERBGSCKN_HIG,S102,2034,1.0
RE1,DEMTERBGSCKN_HIG,S102,2035,1.0
RE1,DEMTERBGSCKN_HIG,S102,2036,1.0
RE1,DEMTERBGSCKN_HIG,S102,2037,1.0
RE1,DEMTERBGSCKN_HIG,S102,2038,1.0
RE1,DEMTERBGSCKN_HIG,S102,2039,1.0
RE1,DEMTERBGSCKN_HIG,S102,2040,1.0
RE1,DEMTERBGSCKN_HIG,S102,2041,1.0
RE1,DEMTERBGSCKN_HIG,S102,2042,1.0
RE1,DEMTERBGSCKN_HIG,S102,2043,1.0
RE1,DEMTERBGSCKN_HIG,S102,2044,1.0
RE1,DEMTERBGSCKN_HIG,S102,2045,1.0
RE1,DEMTERBGSCKN_HIG,S102,2046,1.0
RE1,DEMTERBGSCKN_HIG,S102,2047,1.0
RE1,DEMTERBGSCKN_HIG,S102,2048,1.0
RE1,DEMTERBGSCKN_HIG,S102,2049,1.0
RE1,DEMTERBGSCKN_HIG,S102,2050,1.0
RE1,DEMTERBGSCKN_HIG,S102,2051,1.0
RE1,DEMTERBGSCKN_HIG,S102,2052,1.0
RE1,DEMTERBGSCKN_HIG,S102,2053,1.0
RE1,DEMTERBGSCKN_HIG,S102,2054,1.0
RE1,DEMTERBGSCKN_HIG,S102,2055,1.0
RE1,DEMTERBGSCKN_LOW,S101,2022,1.0
RE1,DEMTERBGSCKN_LOW,S101,2023,1.0
RE1,DEMTERBGSCKN_LOW,S101,2024,1.0
RE1,DEMTERBGSCKN_LOW,S101,2025,1.0
RE1,DEMTERBGSCKN_LOW,S101,2026,1.0
RE1,DEMTERBGSCKN_LOW,S101,2027,1.0
RE1,DEMTERBGSCKN_LOW,S101,2028,1.0
RE1,DEMTERBGSCKN_LOW,S101,2029,1.0
RE1,DEMTERBGSCKN_LOW,S101,2030,1.0
RE1,DEMTERBGSCKN_LOW,S101,2031,1.0
RE1,DEMTERBGSCKN_LOW,S101,2032,1.0
RE1,DEMTERBGSCKN_LOW,S101,2033,1.0
RE1,DEMTERBGSCKN_LOW,S101,2034,1.0
RE1,DEMTERBGSCKN_LOW,S101,2035,1.0
RE1,DEMTERBGSCKN_LOW,S101,2036,1.0
RE1,DEMTERBGSCKN_LOW,S101,2037,1.0
RE1,DEMTERBGSCKN_LOW,S101,2038,1.0
RE1,DEMTERBGSCKN_LOW,S101,2039,1.0
RE1,DEMTERBGSCKN_LOW,S101,2040,1.0
RE1,DEMTERBGSCKN_LOW,S101,2041,1.0
RE1,DEMTERBGSCKN_LOW,S101,2042,1.0
RE1,DEMTERBGSCKN_LOW,S101,2043,1.0
RE1,DEMTERBGSCKN_LOW,S101,2044,1.0
RE1,DEMTERBGSCKN_LOW,S101,2045,1.0
RE1,DEMTERBGSCKN_LOW,S101,2046,1.0
RE1,DEMTERBGSCKN_LOW,S101,2047,1.0
RE1,DEMTERBGSCKN_LOW,S101,2048,1.0
RE1,DEMTERBGSCKN_LOW,S101,2049,1.0
RE1,DEMTERBGSCKN_LOW,S101,2050,1.0
RE1,DEMTERBGSCKN_LOW,S101,2051,1.0
RE1,DEMTERBGSCKN_LOW,S101,2052,1.0
RE1,DEMTERBGSCKN_LOW,S101,2053,1.0
RE1,DEMTERBGSCKN_LOW,S101,2054,1.0
RE1,DEMTERBGSCKN_LOW,S101,2055,1.0
RE1,DEMTERBGSCKN_LOW,S102,2022,1.0
RE1,DEMTERBGSCKN_LOW,S102,2023,1.0
RE1,DEMTERBGSCKN_LOW,S102,2024,1.0
RE1,DEMTERBGSCKN_LOW,S102,2025,1.0
RE1,DEMTERBGSCKN_LOW,S102,2026,1.0
RE1,DEMTERBGSCKN_LOW,S102,2027,1.0
RE1,DEMTERBGSCKN_LOW,S102,2028,1.0
RE1,DEMTERBGSCKN_LOW,S102,2029,1.0
RE1,DEMTERBGSCKN_LOW,S102,2030,1.0
RE1,DEMTERBGSCKN_LOW,S102,2031,1.0
RE1,DEMTERBGSCKN_LOW,S102,2032,1.0
RE1,DEMTERBGSCKN_LOW,S102,2033,1.0
RE1,DEMTERBGSCKN_LOW,S102,2034,1.0
RE1,DEMTERBGSCKN_LOW,S102,2035,1.0
RE1,DEMTERBGSCKN_LOW,S102,2036,1.0
RE1,DEMTERBGSCKN_LOW,S102,2037,1.0
RE1,DEMTERBGSCKN_LOW,S102,2038,1.0
RE1,DEMTERBGSCKN_LOW,S102,2039,1.0
RE1,DEMTERBGSCKN_LOW,S102,2040,1.0
RE1,DEMTERBGSCKN_LOW,S102,2041,1.0
RE1,DEMTERBGSCKN_LOW,S102,2042,1.0
RE1,DEMTERBGSCKN_LOW,S102,2043,1.0
RE1,DEMTERBGSCKN_LOW,S102,2044,1.0
RE1,DEMTERBGSCKN_LOW,S102,2045,1.0
RE1,DEMTERBGSCKN_LOW,S102,2046,1.0
RE1,DEMTERBGSCKN_LOW,S102,2047,1.0
RE1,DEMTERBGSCKN_LOW,S102,2048,1.0
RE1,DEMTERBGSCKN_LOW,S102,2049,1.0
RE1,DEMTERBGSCKN_LOW,S102,2050,1.0
RE1,DEMTERBGSCKN_LOW,S102,2051,1.0
RE1,DEMTERBGSCKN_LOW,S102,2052,1.0
RE1,DEMTERBGSCKN_LOW,S102,2053,1.0
RE1,DEMTERBGSCKN_LOW,S102,2054,1.0
RE1,DEMTERBGSCKN_LOW,S102,2055,1.0
RE1,DEMTERBGSCKN_MID,S101,2022,1.0
RE1,DEMTERBGSCKN_MID,S101,2023,1.0
RE1,DEMTERBGSCKN_MID,S101,2024,1.0
RE1,DEMTERBGSCKN_MID,S101,2025,1.0
RE1,DEMTERBGSCKN_MID,S101,2026,1.0
RE1,DEMTERBGSCKN_MID,S101,2027,1.0
RE1,DEMTERBGSCKN_MID,S101,2028,1.0
RE1,DEMTERBGSCKN_MID,S101,2029,1.0
RE1,DEMTERBGSCKN_MID,S101,2030,1.0
RE1,DEMTERBGSCKN_MID,S101,2031,1.0
RE1,DEMTERBGSCKN_MID,S101,2032,1.0
RE1,DEMTERBGSCKN_MID,S101,2033,1.0
RE1,DEMTERBGSCKN_MID,S101,2034,1.0
RE1,DEMTERBGSCKN_MID,S101,2035,1.0
RE1,DEMTERBGSCKN_MID,S101,2036,1.0
RE1,DEMTERBGSCKN_MID,S101,2037,1.0
RE1,DEMTERBGSCKN_MID,S101,2038,1.0
RE1,DEMTERBGSCKN_MID,S101,2039,1.0
RE1,DEMTERBGSCKN_MID,S101,2040,1.0
RE1,DEMTERBGSCKN_MID,S101,2041,1.0
RE1,DEMTERBGSCKN_MID,S101,2042,1.0
RE1,DEMTERBGSCKN_MID,S101,2043,1.0
RE1,DEMTERBGSCKN_MID,S101,2044,1.0
RE1,DEMTERBGSCKN_MID,S101,2045,1.0
RE1,DEMTERBGSCKN_MID,S101,2046,1.0
RE1,DEMTERBGSCKN_MID,S101,2047,1.0
RE1,DEMTERBGSCKN_MID,S101,2048,1.0
RE1,DEMTERBGSCKN_MID,S101,2049,1.0
RE1,DEMTERBGSCKN_MID,S101,2050,1.0
RE1,DEMTERBGSCKN_MID,S101,2051,1.0
RE1,DEMTERBGSCKN_MID,S101,2052,1.0
RE1,DEMTERBGSCKN_MID,S101,2053,1.0
RE1,DEMTERBGSCKN_MID,S101,2054,1.0
RE1,DEMTERBGSCKN_MID,S101,2055,1.0
RE1,DEMTERBGSCKN_MID,S102,2022,1.0
RE1,DEMTERBGSCKN_MID,S102,2023,1.0
RE1,DEMTERBGSCKN_MID,S102,2024,1.0
RE1,DEMTERBGSCKN_MID,S102,2025,1.0
RE1,DEMTERBGSCKN_MID,S102,2026,1.0
RE1,DEMTERBGSCKN_MID,S102,2027,1.0
RE1,DEMTERBGSCKN_MID,S102,2028,1.0
RE1,DEMTERBGSCKN_MID,S102,2029,1.0
RE1,DEMTERBGSCKN_MID,S102,2030,1.0
RE1,DEMTERBGSCKN_MID,S102,2031,1.0
RE1,DEMTERBGSCKN_MID,S102,2032,1.0
RE1,DEMTERBGSCKN_MID,S102,2033,1.0
RE1,DEMTERBGSCKN_MID,S102,2034,1.0
RE1,DEMTERBGSCKN_MID,S102,2035,1.0
RE1,DEMTERBGSCKN_MID,S102,2036,1.0
RE1,DEMTERBGSCKN_MID,S102,2037,1.0
RE1,DEMTERBGSCKN_MID,S102,2038,1.0
RE1,DEMTERBGSCKN_MID,S102,2039,1.0
RE1,DEMTERBGSCKN_MID,S102,2040,1.0
RE1,DEMTERBGSCKN_MID,S102,2041,1.0
RE1,DEMTERBGSCKN_MID,S102,2042,1.0
RE1,DEMTERBGSCKN_MID,S102,2043,1.0
RE1,DEMTERBGSCKN_MID,S102,2044,1.0
RE1,DEMTERBGSCKN_MID,S102,2045,1.0
RE1,DEMTERBGSCKN_MID,S102,2046,1.0
RE1,DEMTERBGSCKN_MID,S102,2047,1.0
RE1,DEMTERBGSCKN_MID,S102,2048,1.0
RE1,DEMTERBGSCKN_MID,S102,2049,1.0
RE1,DEMTERBGSCKN_MID,S102,2050,1.0
RE1,DEMTERBGSCKN_MID,S102,2051,1.0
RE1,DEMTERBGSCKN_MID,S102,2052,1.0
RE1,DEMTERBGSCKN_MID,S102,2053,1.0
RE1,DEMTERBGSCKN_MID,S102,2054,1.0
RE1,DEMTERBGSCKN_MID,S102,2055,1.0
RE1,DEMTERELCACL_HIG,S101,2022,1.0
RE1,DEMTERELCACL_HIG,S101,2023,1.0
RE1,DEMTERELCACL_HIG,S101,2024,1.0
RE1,DEMTERELCACL_HIG,S101,2025,1.0
RE1,DEMTERELCACL_HIG,S101,2026,1.0
RE1,DEMTERELCACL_HIG,S101,2027,1.0
RE1,DEMTERELCACL_HIG,S101,2028,1.0
RE1,DEMTERELCACL_HIG,S101,2029,1.0
RE1,DEMTERELCACL_HIG,S101,2030,1.0
RE1,DEMTERELCACL_HIG,S101,2031,1.0
RE1,DEMTERELCACL_HIG,S101,2032,1.0
RE1,DEMTERELCACL_HIG,S101,2033,1.0
RE1,DEMTERELCACL_HIG,S101,2034,1.0
RE1,DEMTERELCACL_HIG,S101,2035,1.0
RE1,DEMTERELCACL_HIG,S101,2036,1.0
RE1,DEMTERELCACL_HIG,S101,2037,1.0
RE1,DEMTERELCACL_HIG,S101,2038,1.0
RE1,DEMTERELCACL_HIG,S101,2039,1.0
RE1,DEMTERELCACL_HIG,S101,2040,1.0
RE1,DEMTERELCACL_HIG,S101,2041,1.0
RE1,DEMTERELCACL_HIG,S101,2042,1.0
RE1,DEMTERELCACL_HIG,S101,2043,1.0
RE1,DEMTERELCACL_HIG,S101,2044,1.0
RE1,DEMTERELCACL_HIG,S101,2045,1.0
RE1,DEMTERELCACL_HIG,S101,2046,1.0
RE1,DEMTERELCACL_HIG,S101,2047,1.0
RE1,DEMTERELCACL_HIG,S101,2048,1.0
RE1,DEMTERELCACL_HIG,S101,2049,1.0
RE1,DEMTERELCACL_HIG,S101,2050,1.0
RE1,DEMTERELCACL_HIG,S101,2051,1.0
RE1,DEMTERELCACL_HIG,S101,2052,1.0
RE1,DEMTERELCACL_HIG,S101,2053,1.0
RE1,DEMTERELCACL_HIG,S101,2054,1.0
RE1,DEMTERELCACL_HIG,S101,2055,1.0
RE1,DEMTERELCACL_HIG,S102,2022,1.0
RE1,DEMTERELCACL_HIG,S102,2023,1.0
RE1,DEMTERELCACL_HIG,S102,2024,1.0
RE1,DEMTERELCACL_HIG,S102,2025,1.0
RE1,DEMTERELCACL_HIG,S102,2026,1.0
RE1,DEMTERELCACL_HIG,S102,2027,1.0
RE1,DEMTERELCACL_HIG,S102,2028,1.0
RE1,DEMTERELCACL_HIG,S102,2029,1.0
RE1,DEMTERELCACL_HIG,S102,2030,1.0
RE1,DEMTERELCACL_HIG,S102,2031,1.0
RE1,DEMTERELCACL_HIG,S102,2032,1.0
RE1,DEMTERELCACL_HIG,S102,2033,1.0
RE1,DEMTERELCACL_HIG,S102,2034,1.0
RE1,DEMTERELCACL_HIG,S102,2035,1.0
RE1,DEMTERELCACL_HIG,S102,2036,1.0
RE1,DEMTERELCACL_HIG,S102,2037,1.0
RE1,DEMTERELCACL_HIG,S102,2038,1.0
RE1,DEMTERELCACL_HIG,S102,2039,1.0
RE1,DEMTERELCACL_HIG,S102,2040,1.0
RE1,DEMTERELCACL_HIG,S102,2041,1.0
RE1,DEMTERELCACL_HIG,S102,2042,1.0
RE1,DEMTERELCACL_HIG,S102,2043,1.0
RE1,DEMTERELCACL_HIG,S102,2044,1.0
RE1,DEMTERELCACL_HIG,S102,2045,1.0
RE1,DEMTERELCACL_HIG,S102,2046,1.0
RE1,DEMTERELCACL_HIG,S102,2047,1.0
RE1,DEMTERELCACL_HIG,S102,2048,1.0
RE1,DEMTERELCACL_HIG,S102,2049,1.0
RE1,DEMTERELCACL_HIG,S102,2050,1.0
RE1,DEMTERELCACL_HIG,S102,2051,1.0
RE1,DEMTERELCACL_HIG,S102,2052,1.0
RE1,DEMTERELCACL_HIG,S102,2053,1.0
RE1,DEMTERELCACL_HIG,S102,2054,1.0
RE1,DEMTERELCACL_HIG,S102,2055,1.0
RE1,DEMTERELCACL_LOW,S101,2022,1.0
RE1,DEMTERELCACL_LOW,S101,2023,1.0
RE1,DEMTERELCACL_LOW,S101,2024,1.0
RE1,DEMTERELCACL_LOW,S101,2025,1.0
RE1,DEMTERELCACL_LOW,S101,2026,1.0
RE1,DEMTERELCACL_LOW,S101,2027,1.0
RE1,DEMTERELCACL_LOW,S101,2028,1.0
RE1,DEMTERELCACL_LOW,S101,2029,1.0
RE1,DEMTERELCACL_LOW,S101,2030,1.0
RE1,DEMTERELCACL_LOW,S101,2031,1.0
RE1,DEMTERELCACL_LOW,S101,2032,1.0
RE1,DEMTERELCACL_LOW,S101,2033,1.0
RE1,DEMTERELCACL_LOW,S101,2034,1.0
RE1,DEMTERELCACL_LOW,S101,2035,1.0
RE1,DEMTERELCACL_LOW,S101,2036,1.0
RE1,DEMTERELCACL_LOW,S101,2037,1.0
RE1,DEMTERELCACL_LOW,S101,2038,1.0
RE1,DEMTERELCACL_LOW,S101,2039,1.0
RE1,DEMTERELCACL_LOW,S101,2040,1.0
RE1,DEMTERELCACL_LOW,S101,2041,1.0
RE1,DEMTERELCACL_LOW,S101,2042,1.0
RE1,DEMTERELCACL_LOW,S101,2043,1.0
RE1,DEMTERELCACL_LOW,S101,2044,1.0
RE1,DEMTERELCACL_LOW,S101,2045,1.0
RE1,DEMTERELCACL_LOW,S101,2046,1.0
RE1,DEMTERELCACL_LOW,S101,2047,1.0
RE1,DEMTERELCACL_LOW,S101,2048,1.0
RE1,DEMTERELCACL_LOW,S101,2049,1.0
RE1,DEMTERELCACL_LOW,S101,2050,1.0
RE1,DEMTERELCACL_LOW,S101,2051,1.0
RE1,DEMTERELCACL_LOW,S101,2052,1.0
RE1,DEMTERELCACL_LOW,S101,2053,1.0
RE1,DEMTERELCACL_LOW,S101,2054,1.0
RE1,DEMTERELCACL_LOW,S101,2055,1.0
RE1,DEMTERELCACL_LOW,S102,2022,1.0
RE1,DEMTERELCACL_LOW,S102,2023,1.0
RE1,DEMTERELCACL_LOW,S102,2024,1.0
RE1,DEMTERELCACL_LOW,S102,2025,1.0
RE1,DEMTERELCACL_LOW,S102,2026,1.0
RE1,DEMTERELCACL_LOW,S102,2027,1.0
RE1,DEMTERELCACL_LOW,S102,2028,1.0
RE1,DEMTERELCACL_LOW,S102,2029,1.0
RE1,DEMTERELCACL_LOW,S102,2030,1.0
RE1,DEMTERELCACL_LOW,S102,2031,1.0
RE1,DEMTERELCACL_LOW,S102,2032,1.0
RE1,DEMTERELCACL_LOW,S102,2033,1.0
RE1,DEMTERELCACL_LOW,S102,2034,1.0
RE1,DEMTERELCACL_LOW,S102,2035,1.0
RE1,DEMTERELCACL_LOW,S102,2036,1.0
RE1,DEMTERELCACL_LOW,S102,2037,1.0
RE1,DEMTERELCACL_LOW,S102,2038,1.0
RE1,DEMTERELCACL_LOW,S102,2039,1.0
RE1,DEMTERELCACL_LOW,S102,2040,1.0
RE1,DEMTERELCACL_LOW,S102,2041,1.0
RE1,DEMTERELCACL_LOW,S102,2042,1.0
RE1,DEMTERELCACL_LOW,S102,2043,1.0
RE1,DEMTERELCACL_LOW,S102,2044,1.0
RE1,DEMTERELCACL_LOW,S102,2045,1.0
RE1,DEMTERELCACL_LOW,S102,2046,1.0
RE1,DEMTERELCACL_LOW,S102,2047,1.0
RE1,DEMTERELCACL_LOW,S102,2048,1.0
RE1,DEMTERELCACL_LOW,S102,2049,1.0
RE1,DEMTERELCACL_LOW,S102,2050,1.0
RE1,DEMTERELCACL_LOW,S102,2051,1.0
RE1,DEMTERELCACL_LOW,S102,2052,1.0
RE1,DEMTERELCACL_LOW,S102,2053,1.0
RE1,DEMTERELCACL_LOW,S102,2054,1.0
RE1,DEMTERELCACL_LOW,S102,2055,1.0
RE1,DEMTERELCACL_MID,S101,2022,1.0
RE1,DEMTERELCACL_MID,S101,2023,1.0
RE1,DEMTERELCACL_MID,S101,2024,1.0
RE1,DEMTERELCACL_MID,S101,2025,1.0
RE1,DEMTERELCACL_MID,S101,2026,1.0
RE1,DEMTERELCACL_MID,S101,2027,1.0
RE1,DEMTERELCACL_MID,S101,2028,1.0
RE1,DEMTERELCACL_MID,S101,2029,1.0
RE1,DEMTERELCACL_MID,S101,2030,1.0
RE1,DEMTERELCACL_MID,S101,2031,1.0
RE1,DEMTERELCACL_MID,S101,2032,1.0
RE1,DEMTERELCACL_MID,S101,2033,1.0
RE1,DEMTERELCACL_MID,S101,2034,1.0
RE1,DEMTERELCACL_MID,S101,2035,1.0
RE1,DEMTERELCACL_MID,S101,2036,1.0
RE1,DEMTERELCACL_MID,S101,2037,1.0
RE1,DEMTERELCACL_MID,S101,2038,1.0
RE1,DEMTERELCACL_MID,S101,2039,1.0
RE1,DEMTERELCACL_MID,S101,2040,1.0
RE1,DEMTERELCACL_MID,S101,2041,1.0
RE1,DEMTERELCACL_MID,S101,2042,1.0
RE1,DEMTERELCACL_MID,S101,2043,1.0
RE1,DEMTERELCACL_MID,S101,2044,1.0
RE1,DEMTERELCACL_MID,S101,2045,1.0
RE1,DEMTERELCACL_MID,S101,2046,1.0
RE1,DEMTERELCACL_MID,S101,2047,1.0
RE1,DEMTERELCACL_MID,S101,2048,1.0
RE1,DEMTERELCACL_MID,S101,2049,1.0
RE1,DEMTERELCACL_MID,S101,2050,1.0
RE1,DEMTERELCACL_MID,S101,2051,1.0
RE1,DEMTERELCACL_MID,S101,2052,1.0
RE1,DEMTERELCACL_MID,S101,2053,1.0
RE1,DEMTERELCACL_MID,S101,2054,1.0
RE1,DEMTERELCACL_MID,S101,2055,1.0
RE1,DEMTERELCACL_MID,S102,2022,1.0
RE1,DEMTERELCACL_MID,S102,2023,1.0
RE1,DEMTERELCACL_MID,S102,2024,1.0
RE1,DEMTERELCACL_MID,S102,2025,1.0
RE1,DEMTERELCACL_MID,S102,2026,1.0
RE1,DEMTERELCACL_MID,S102,2027,1.0
RE1,DEMTERELCACL_MID,S102,2028,1.0
RE1,DEMTERELCACL_MID,S102,2029,1.0
RE1,DEMTERELCACL_MID,S102,2030,1.0
RE1,DEMTERELCACL_MID,S102,2031,1.0
RE1,DEMTERELCACL_MID,S102,2032,1.0
RE1,DEMTERELCACL_MID,S102,2033,1.0
RE1,DEMTERELCACL_MID,S102,2034,1.0
RE1,DEMTERELCACL_MID,S102,2035,1.0
RE1,DEMTERELCACL_MID,S102,2036,1.0
RE1,DEMTERELCACL_MID,S102,2037,1.0
RE1,DEMTERELCACL_MID,S102,2038,1.0
RE1,DEMTERELCACL_MID,S102,2039,1.0
RE1,DEMTERELCACL_MID,S102,2040,1.0
RE1,DEMTERELCACL_MID,S102,2041,1.0
RE1,DEMTERELCACL_MID,S102,2042,1.0
RE1,DEMTERELCACL_MID,S102,2043,1.0
RE1,DEMTERELCACL_MID,S102,2044,1.0
RE1,DEMTERELCACL_MID,S102,2045,1.0
RE1,DEMTERELCACL_MID,S102,2046,1.0
RE1,DEMTERELCACL_MID,S102,2047,1.0
RE1,DEMTERELCACL_MID,S102,2048,1.0
RE1,DEMTERELCACL_MID,S102,2049,1.0
RE1,DEMTERELCACL_MID,S102,2050,1.0
RE1,DEMTERELCACL_MID,S102,2051,1.0
RE1,DEMTERELCACL_MID,S102,2052,1.0
RE1,DEMTERELCACL_MID,S102,2053,1.0
RE1,DEMTERELCACL_MID,S102,2054,1.0
RE1,DEMTERELCACL_MID,S102,2055,1.0
RE1,DEMTERELCAIR_CEN_HIG,S101,2022,1.0
RE1,DEMTERELCAIR_CEN_HIG,S101,2023,1.0
RE1,DEMTERELCAIR_CEN_HIG,S101,2024,1.0
RE1,DEMTERELCAIR_CEN_HIG,S101,2025,1.0
RE1,DEMTERELCAIR_CEN_HIG,S101,2026,1.0
RE1,DEMTERELCAIR_CEN_HIG,S101,2027,1.0
RE1,DEMTERELCAIR_CEN_HIG,S101,2028,1.0
RE1,DEMTERELCAIR_CEN_HIG,S101,2029,1.0
RE1,DEMTERELCAIR_CEN_HIG,S101,2030,1.0
RE1,DEMTERELCAIR_CEN_HIG,S101,2031,1.0
RE1,DEMTERELCAIR_CEN_HIG,S101,2032,1.0
RE1,DEMTERELCAIR_CEN_HIG,S101,2033,1.0
RE1,DEMTERELCAIR_CEN_HIG,S101,2034,1.0
RE1,DEMTERELCAIR_CEN_HIG,S101,2035,1.0
RE1,DEMTERELCAIR_CEN_HIG,S101,2036,1.0
RE1,DEMTERELCAIR_CEN_HIG,S101,2037,1.0
RE1,DEMTERELCAIR_CEN_HIG,S101,2038,1.0
RE1,DEMTERELCAIR_CEN_HIG,S101,2039,1.0
RE1,DEMTERELCAIR_CEN_HIG,S101,2040,1.0
RE1,DEMTERELCAIR_CEN_HIG,S101,2041,1.0
RE1,DEMTERELCAIR_CEN_HIG,S101,2042,1.0
RE1,DEMTERELCAIR_CEN_HIG,S101,2043,1.0
RE1,DEMTERELCAIR_CEN_HIG,S101,2044,1.0
RE1,DEMTERELCAIR_CEN_HIG,S101,2045,1.0
RE1,DEMTERELCAIR_CEN_HIG,S101,2046,1.0
RE1,DEMTERELCAIR_CEN_HIG,S101,2047,1.0
RE1,DEMTERELCAIR_CEN_HIG,S101,2048,1.0
RE1,DEMTERELCAIR_CEN_HIG,S101,2049,1.0
RE1,DEMTERELCAIR_CEN_HIG,S101,2050,1.0
RE1,DEMTERELCAIR_CEN_HIG,S101,2051,1.0
RE1,DEMTERELCAIR_CEN_HIG,S101,2052,1.0
RE1,DEMTERELCAIR_CEN_HIG,S101,2053,1.0
RE1,DEMTERELCAIR_CEN_HIG,S101,2054,1.0
RE1,DEMTERELCAIR_CEN_HIG,S101,2055,1.0
RE1,DEMTERELCAIR_CEN_HIG,S102,2022,1.0
RE1,DEMTERELCAIR_CEN_HIG,S102,2023,1.0
RE1,DEMTERELCAIR_CEN_HIG,S102,2024,1.0
RE1,DEMTERELCAIR_CEN_HIG,S102,2025,1.0
RE1,DEMTERELCAIR_CEN_HIG,S102,2026,1.0
RE1,DEMTERELCAIR_CEN_HIG,S102,2027,1.0
RE1,DEMTERELCAIR_CEN_HIG,S102,2028,1.0
RE1,DEMTERELCAIR_CEN_HIG,S102,2029,1.0
RE1,DEMTERELCAIR_CEN_HIG,S102,2030,1.0
RE1,DEMTERELCAIR_CEN_HIG,S102,2031,1.0
RE1,DEMTERELCAIR_CEN_HIG,S102,2032,1.0
RE1,DEMTERELCAIR_CEN_HIG,S102,2033,1.0
RE1,DEMTERELCAIR_CEN_HIG,S102,2034,1.0
RE1,DEMTERELCAIR_CEN_HIG,S102,2035,1.0
RE1,DEMTERELCAIR_CEN_HIG,S102,2036,1.0
RE1,DEMTERELCAIR_CEN_HIG,S102,2037,1.0
RE1,DEMTERELCAIR_CEN_HIG,S102,2038,1.0
RE1,DEMTERELCAIR_CEN_HIG,S102,2039,1.0
RE1,DEMTERELCAIR_CEN_HIG,S102,2040,1.0
RE1,DEMTERELCAIR_CEN_HIG,S102,2041,1.0
RE1,DEMTERELCAIR_CEN_HIG,S102,2042,1.0
RE1,DEMTERELCAIR_CEN_HIG,S102,2043,1.0
RE1,DEMTERELCAIR_CEN_HIG,S102,2044,1.0
RE1,DEMTERELCAIR_CEN_HIG,S102,2045,1.0
RE1,DEMTERELCAIR_CEN_HIG,S102,2046,1.0
RE1,DEMTERELCAIR_CEN_HIG,S102,2047,1.0
RE1,DEMTERELCAIR_CEN_HIG,S102,2048,1.0
RE1,DEMTERELCAIR_CEN_HIG,S102,2049,1.0
RE1,DEMTERELCAIR_CEN_HIG,S102,2050,1.0
RE1,DEMTERELCAIR_CEN_HIG,S102,2051,1.0
RE1,DEMTERELCAIR_CEN_HIG,S102,2052,1.0
RE1,DEMTERELCAIR_CEN_HIG,S102,2053,1.0
RE1,DEMTERELCAIR_CEN_HIG,S102,2054,1.0
RE1,DEMTERELCAIR_CEN_HIG,S102,2055,1.0
RE1,DEMTERELCAIR_CEN_LOW,S101,2022,1.0
RE1,DEMTERELCAIR_CEN_LOW,S101,2023,1.0
RE1,DEMTERELCAIR_CEN_LOW,S101,2024,1.0
RE1,DEMTERELCAIR_CEN_LOW,S101,2025,1.0
RE1,DEMTERELCAIR_CEN_LOW,S101,2026,1.0
RE1,DEMTERELCAIR_CEN_LOW,S101,2027,1.0
RE1,DEMTERELCAIR_CEN_LOW,S101,2028,1.0
RE1,DEMTERELCAIR_CEN_LOW,S101,2029,1.0
RE1,DEMTERELCAIR_CEN_LOW,S101,2030,1.0
RE1,DEMTERELCAIR_CEN_LOW,S101,2031,1.0
RE1,DEMTERELCAIR_CEN_LOW,S101,2032,1.0
RE1,DEMTERELCAIR_CEN_LOW,S101,2033,1.0
RE1,DEMTERELCAIR_CEN_LOW,S101,2034,1.0
RE1,DEMTERELCAIR_CEN_LOW,S101,2035,1.0
RE1,DEMTERELCAIR_CEN_LOW,S101,2036,1.0
RE1,DEMTERELCAIR_CEN_LOW,S101,2037,1.0
RE1,DEMTERELCAIR_CEN_LOW,S101,2038,1.0
RE1,DEMTERELCAIR_CEN_LOW,S101,2039,1.0
RE1,DEMTERELCAIR_CEN_LOW,S101,2040,1.0
RE1,DEMTERELCAIR_CEN_LOW,S101,2041,1.0
RE1,DEMTERELCAIR_CEN_LOW,S101,2042,1.0
RE1,DEMTERELCAIR_CEN_LOW,S101,2043,1.0
RE1,DEMTERELCAIR_CEN_LOW,S101,2044,1.0
RE1,DEMTERELCAIR_CEN_LOW,S101,2045,1.0
RE1,DEMTERELCAIR_CEN_LOW,S101,2046,1.0
RE1,DEMTERELCAIR_CEN_LOW,S101,2047,1.0
RE1,DEMTERELCAIR_CEN_LOW,S101,2048,1.0
RE1,DEMTERELCAIR_CEN_LOW,S101,2049,1.0
RE1,DEMTERELCAIR_CEN_LOW,S101,2050,1.0
RE1,DEMTERELCAIR_CEN_LOW,S101,2051,1.0
RE1,DEMTERELCAIR_CEN_LOW,S101,2052,1.0
RE1,DEMTERELCAIR_CEN_LOW,S101,2053,1.0
RE1,DEMTERELCAIR_CEN_LOW,S101,2054,1.0
RE1,DEMTERELCAIR_CEN_LOW,S101,2055,1.0
RE1,DEMTERELCAIR_CEN_LOW,S102,2022,1.0
RE1,DEMTERELCAIR_CEN_LOW,S102,2023,1.0
RE1,DEMTERELCAIR_CEN_LOW,S102,2024,1.0
RE1,DEMTERELCAIR_CEN_LOW,S102,2025,1.0
RE1,DEMTERELCAIR_CEN_LOW,S102,2026,1.0
RE1,DEMTERELCAIR_CEN_LOW,S102,2027,1.0
RE1,DEMTERELCAIR_CEN_LOW,S102,2028,1.0
RE1,DEMTERELCAIR_CEN_LOW,S102,2029,1.0
RE1,DEMTERELCAIR_CEN_LOW,S102,2030,1.0
RE1,DEMTERELCAIR_CEN_LOW,S102,2031,1.0
RE1,DEMTERELCAIR_CEN_LOW,S102,2032,1.0
RE1,DEMTERELCAIR_CEN_LOW,S102,2033,1.0
RE1,DEMTERELCAIR_CEN_LOW,S102,2034,1.0
RE1,DEMTERELCAIR_CEN_LOW,S102,2035,1.0
RE1,DEMTERELCAIR_CEN_LOW,S102,2036,1.0
RE1,DEMTERELCAIR_CEN_LOW,S102,2037,1.0
RE1,DEMTERELCAIR_CEN_LOW,S102,2038,1.0
RE1,DEMTERELCAIR_CEN_LOW,S102,2039,1.0
RE1,DEMTERELCAIR_CEN_LOW,S102,2040,1.0
RE1,DEMTERELCAIR_CEN_LOW,S102,2041,1.0
RE1,DEMTERELCAIR_CEN_LOW,S102,2042,1.0
RE1,DEMTERELCAIR_CEN_LOW,S102,2043,1.0
RE1,DEMTERELCAIR_CEN_LOW,S102,2044,1.0
RE1,DEMTERELCAIR_CEN_LOW,S102,2045,1.0
RE1,DEMTERELCAIR_CEN_LOW,S102,2046,1.0
RE1,DEMTERELCAIR_CEN_LOW,S102,2047,1.0
RE1,DEMTERELCAIR_CEN_LOW,S102,2048,1.0
RE1,DEMTERELCAIR_CEN_LOW,S102,2049,1.0
RE1,DEMTERELCAIR_CEN_LOW,S102,2050,1.0
RE1,DEMTERELCAIR_CEN_LOW,S102,2051,1.0
RE1,DEMTERELCAIR_CEN_LOW,S102,2052,1.0
RE1,DEMTERELCAIR_CEN_LOW,S102,2053,1.0
RE1,DEMTERELCAIR_CEN_LOW,S102,2054,1.0
RE1,DEMTERELCAIR_CEN_LOW,S102,2055,1.0
RE1,DEMTERELCAIR_CEN_MID,S101,2022,1.0
RE1,DEMTERELCAIR_CEN_MID,S101,2023,1.0
RE1,DEMTERELCAIR_CEN_MID,S101,2024,1.0
RE1,DEMTERELCAIR_CEN_MID,S101,2025,1.0
RE1,DEMTERELCAIR_CEN_MID,S101,2026,1.0
RE1,DEMTERELCAIR_CEN_MID,S101,2027,1.0
RE1,DEMTERELCAIR_CEN_MID,S101,2028,1.0
RE1,DEMTERELCAIR_CEN_MID,S101,2029,1.0
RE1,DEMTERELCAIR_CEN_MID,S101,2030,1.0
RE1,DEMTERELCAIR_CEN_MID,S101,2031,1.0
RE1,DEMTERELCAIR_CEN_MID,S101,2032,1.0
RE1,DEMTERELCAIR_CEN_MID,S101,2033,1.0
RE1,DEMTERELCAIR_CEN_MID,S101,2034,1.0
RE1,DEMTERELCAIR_CEN_MID,S101,2035,1.0
RE1,DEMTERELCAIR_CEN_MID,S101,2036,1.0
RE1,DEMTERELCAIR_CEN_MID,S101,2037,1.0
RE1,DEMTERELCAIR_CEN_MID,S101,2038,1.0
RE1,DEMTERELCAIR_CEN_MID,S101,2039,1.0
RE1,DEMTERELCAIR_CEN_MID,S101,2040,1.0
RE1,DEMTERELCAIR_CEN_MID,S101,2041,1.0
RE1,DEMTERELCAIR_CEN_MID,S101,2042,1.0
RE1,DEMTERELCAIR_CEN_MID,S101,2043,1.0
RE1,DEMTERELCAIR_CEN_MID,S101,2044,1.0
RE1,DEMTERELCAIR_CEN_MID,S101,2045,1.0
RE1,DEMTERELCAIR_CEN_MID,S101,2046,1.0
RE1,DEMTERELCAIR_CEN_MID,S101,2047,1.0
RE1,DEMTERELCAIR_CEN_MID,S101,2048,1.0
RE1,DEMTERELCAIR_CEN_MID,S101,2049,1.0
RE1,DEMTERELCAIR_CEN_MID,S101,2050,1.0
RE1,DEMTERELCAIR_CEN_MID,S101,2051,1.0
RE1,DEMTERELCAIR_CEN_MID,S101,2052,1.0
RE1,DEMTERELCAIR_CEN_MID,S101,2053,1.0
RE1,DEMTERELCAIR_CEN_MID,S101,2054,1.0
RE1,DEMTERELCAIR_CEN_MID,S101,2055,1.0
RE1,DEMTERELCAIR_CEN_MID,S102,2022,1.0
RE1,DEMTERELCAIR_CEN_MID,S102,2023,1.0
RE1,DEMTERELCAIR_CEN_MID,S102,2024,1.0
RE1,DEMTERELCAIR_CEN_MID,S102,2025,1.0
RE1,DEMTERELCAIR_CEN_MID,S102,2026,1.0
RE1,DEMTERELCAIR_CEN_MID,S102,2027,1.0
RE1,DEMTERELCAIR_CEN_MID,S102,2028,1.0
RE1,DEMTERELCAIR_CEN_MID,S102,2029,1.0
RE1,DEMTERELCAIR_CEN_MID,S102,2030,1.0
RE1,DEMTERELCAIR_CEN_MID,S102,2031,1.0
RE1,DEMTERELCAIR_CEN_MID,S102,2032,1.0
RE1,DEMTERELCAIR_CEN_MID,S102,2033,1.0
RE1,DEMTERELCAIR_CEN_MID,S102,2034,1.0
RE1,DEMTERELCAIR_CEN_MID,S102,2035,1.0
RE1,DEMTERELCAIR_CEN_MID,S102,2036,1.0
RE1,DEMTERELCAIR_CEN_MID,S102,2037,1.0
RE1,DEMTERELCAIR_CEN_MID,S102,2038,1.0
RE1,DEMTERELCAIR_CEN_MID,S102,2039,1.0
RE1,DEMTERELCAIR_CEN_MID,S102,2040,1.0
RE1,DEMTERELCAIR_CEN_MID,S102,2041,1.0
RE1,DEMTERELCAIR_CEN_MID,S102,2042,1.0
RE1,DEMTERELCAIR_CEN_MID,S102,2043,1.0
RE1,DEMTERELCAIR_CEN_MID,S102,2044,1.0
RE1,DEMTERELCAIR_CEN_MID,S102,2045,1.0
RE1,DEMTERELCAIR_CEN_MID,S102,2046,1.0
RE1,DEMTERELCAIR_CEN_MID,S102,2047,1.0
RE1,DEMTERELCAIR_CEN_MID,S102,2048,1.0
RE1,DEMTERELCAIR_CEN_MID,S102,2049,1.0
RE1,DEMTERELCAIR_CEN_MID,S102,2050,1.0
RE1,DEMTERELCAIR_CEN_MID,S102,2051,1.0
RE1,DEMTERELCAIR_CEN_MID,S102,2052,1.0
RE1,DEMTERELCAIR_CEN_MID,S102,2053,1.0
RE1,DEMTERELCAIR_CEN_MID,S102,2054,1.0
RE1,DEMTERELCAIR_CEN_MID,S102,2055,1.0
RE1,DEMTERELCAIR_SPL_HIG,S101,2022,1.0
RE1,DEMTERELCAIR_SPL_HIG,S101,2023,1.0
RE1,DEMTERELCAIR_SPL_HIG,S101,2024,1.0
RE1,DEMTERELCAIR_SPL_HIG,S101,2025,1.0
RE1,DEMTERELCAIR_SPL_HIG,S101,2026,1.0
RE1,DEMTERELCAIR_SPL_HIG,S101,2027,1.0
RE1,DEMTERELCAIR_SPL_HIG,S101,2028,1.0
RE1,DEMTERELCAIR_SPL_HIG,S101,2029,1.0
RE1,DEMTERELCAIR_SPL_HIG,S101,2030,1.0
RE1,DEMTERELCAIR_SPL_HIG,S101,2031,1.0
RE1,DEMTERELCAIR_SPL_HIG,S101,2032,1.0
RE1,DEMTERELCAIR_SPL_HIG,S101,2033,1.0
RE1,DEMTERELCAIR_SPL_HIG,S101,2034,1.0
RE1,DEMTERELCAIR_SPL_HIG,S101,2035,1.0
RE1,DEMTERELCAIR_SPL_HIG,S101,2036,1.0
RE1,DEMTERELCAIR_SPL_HIG,S101,2037,1.0
RE1,DEMTERELCAIR_SPL_HIG,S101,2038,1.0
RE1,DEMTERELCAIR_SPL_HIG,S101,2039,1.0
RE1,DEMTERELCAIR_SPL_HIG,S101,2040,1.0
RE1,DEMTERELCAIR_SPL_HIG,S101,2041,1.0
RE1,DEMTERELCAIR_SPL_HIG,S101,2042,1.0
RE1,DEMTERELCAIR_SPL_HIG,S101,2043,1.0
RE1,DEMTERELCAIR_SPL_HIG,S101,2044,1.0
RE1,DEMTERELCAIR_SPL_HIG,S101,2045,1.0
RE1,DEMTERELCAIR_SPL_HIG,S101,2046,1.0
RE1,DEMTERELCAIR_SPL_HIG,S101,2047,1.0
RE1,DEMTERELCAIR_SPL_HIG,S101,2048,1.0
RE1,DEMTERELCAIR_SPL_HIG,S101,2049,1.0
RE1,DEMTERELCAIR_SPL_HIG,S101,2050,1.0
RE1,DEMTERELCAIR_SPL_HIG,S101,2051,1.0
RE1,DEMTERELCAIR_SPL_HIG,S101,2052,1.0
RE1,DEMTERELCAIR_SPL_HIG,S101,2053,1.0
RE1,DEMTERELCAIR_SPL_HIG,S101,2054,1.0
RE1,DEMTERELCAIR_SPL_HIG,S101,2055,1.0
RE1,DEMTERELCAIR_SPL_HIG,S102,2022,1.0
RE1,DEMTERELCAIR_SPL_HIG,S102,2023,1.0
RE1,DEMTERELCAIR_SPL_HIG,S102,2024,1.0
RE1,DEMTERELCAIR_SPL_HIG,S102,2025,1.0
RE1,DEMTERELCAIR_SPL_HIG,S102,2026,1.0
RE1,DEMTERELCAIR_SPL_HIG,S102,2027,1.0
RE1,DEMTERELCAIR_SPL_HIG,S102,2028,1.0
RE1,DEMTERELCAIR_SPL_HIG,S102,2029,1.0
RE1,DEMTERELCAIR_SPL_HIG,S102,2030,1.0
RE1,DEMTERELCAIR_SPL_HIG,S102,2031,1.0
RE1,DEMTERELCAIR_SPL_HIG,S102,2032,1.0
RE1,DEMTERELCAIR_SPL_HIG,S102,2033,1.0
RE1,DEMTERELCAIR_SPL_HIG,S102,2034,1.0
RE1,DEMTERELCAIR_SPL_HIG,S102,2035,1.0
RE1,DEMTERELCAIR_SPL_HIG,S102,2036,1.0
RE1,DEMTERELCAIR_SPL_HIG,S102,2037,1.0
RE1,DEMTERELCAIR_SPL_HIG,S102,2038,1.0
RE1,DEMTERELCAIR_SPL_HIG,S102,2039,1.0
RE1,DEMTERELCAIR_SPL_HIG,S102,2040,1.0
RE1,DEMTERELCAIR_SPL_HIG,S102,2041,1.0
RE1,DEMTERELCAIR_SPL_HIG,S102,2042,1.0
RE1,DEMTERELCAIR_SPL_HIG,S102,2043,1.0
RE1,DEMTERELCAIR_SPL_HIG,S102,2044,1.0
RE1,DEMTERELCAIR_SPL_HIG,S102,2045,1.0
RE1,DEMTERELCAIR_SPL_HIG,S102,2046,1.0
RE1,DEMTERELCAIR_SPL_HIG,S102,2047,1.0
RE1,DEMTERELCAIR_SPL_HIG,S102,2048,1.0
RE1,DEMTERELCAIR_SPL_HIG,S102,2049,1.0
RE1,DEMTERELCAIR_SPL_HIG,S102,2050,1.0
RE1,DEMTERELCAIR_SPL_HIG,S102,2051,1.0
RE1,DEMTERELCAIR_SPL_HIG,S102,2052,1.0
RE1,DEMTERELCAIR_SPL_HIG,S102,2053,1.0
RE1,DEMTERELCAIR_SPL_HIG,S102,2054,1.0
RE1,DEMTERELCAIR_SPL_HIG,S102,2055,1.0
RE1,DEMTERELCAIR_SPL_LOW,S101,2022,1.0
RE1,DEMTERELCAIR_SPL_LOW,S101,2023,1.0
RE1,DEMTERELCAIR_SPL_LOW,S101,2024,1.0
RE1,DEMTERELCAIR_SPL_LOW,S101,2025,1.0
RE1,DEMTERELCAIR_SPL_LOW,S101,2026,1.0
RE1,DEMTERELCAIR_SPL_LOW,S101,2027,1.0
RE1,DEMTERELCAIR_SPL_LOW,S101,2028,1.0
RE1,DEMTERELCAIR_SPL_LOW,S101,2029,1.0
RE1,DEMTERELCAIR_SPL_LOW,S101,2030,1.0
RE1,DEMTERELCAIR_SPL_LOW,S101,2031,1.0
RE1,DEMTERELCAIR_SPL_LOW,S101,2032,1.0
RE1,DEMTERELCAIR_SPL_LOW,S101,2033,1.0
RE1,DEMTERELCAIR_SPL_LOW,S101,2034,1.0
RE1,DEMTERELCAIR_SPL_LOW,S101,2035,1.0
RE1,DEMTERELCAIR_SPL_LOW,S101,2036,1.0
RE1,DEMTERELCAIR_SPL_LOW,S101,2037,1.0
RE1,DEMTERELCAIR_SPL_LOW,S101,2038,1.0
RE1,DEMTERELCAIR_SPL_LOW,S101,2039,1.0
RE1,DEMTERELCAIR_SPL_LOW,S101,2040,1.0
RE1,DEMTERELCAIR_SPL_LOW,S101,2041,1.0
RE1,DEMTERELCAIR_SPL_LOW,S101,2042,1.0
RE1,DEMTERELCAIR_SPL_LOW,S101,2043,1.0
RE1,DEMTERELCAIR_SPL_LOW,S101,2044,1.0
RE1,DEMTERELCAIR_SPL_LOW,S101,2045,1.0
RE1,DEMTERELCAIR_SPL_LOW,S101,2046,1.0
RE1,DEMTERELCAIR_SPL_LOW,S101,2047,1.0
RE1,DEMTERELCAIR_SPL_LOW,S101,2048,1.0
RE1,DEMTERELCAIR_SPL_LOW,S101,2049,1.0
RE1,DEMTERELCAIR_SPL_LOW,S101,2050,1.0
RE1,DEMTERELCAIR_SPL_LOW,S101,2051,1.0
RE1,DEMTERELCAIR_SPL_LOW,S101,2052,1.0
RE1,DEMTERELCAIR_SPL_LOW,S101,2053,1.0
RE1,DEMTERELCAIR_SPL_LOW,S101,2054,1.0
RE1,DEMTERELCAIR_SPL_LOW,S101,2055,1.0
RE1,DEMTERELCAIR_SPL_LOW,S102,2022,1.0
RE1,DEMTERELCAIR_SPL_LOW,S102,2023,1.0
RE1,DEMTERELCAIR_SPL_LOW,S102,2024,1.0
RE1,DEMTERELCAIR_SPL_LOW,S102,2025,1.0
RE1,DEMTERELCAIR_SPL_LOW,S102,2026,1.0
RE1,DEMTERELCAIR_SPL_LOW,S102,2027,1.0
RE1,DEMTERELCAIR_SPL_LOW,S102,2028,1.0
RE1,DEMTERELCAIR_SPL_LOW,S102,2029,1.0
RE1,DEMTERELCAIR_SPL_LOW,S102,2030,1.0
RE1,DEMTERELCAIR_SPL_LOW,S102,2031,1.0
RE1,DEMTERELCAIR_SPL_LOW,S102,2032,1.0
RE1,DEMTERELCAIR_SPL_LOW,S102,2033,1.0
RE1,DEMTERELCAIR_SPL_LOW,S102,2034,1.0
RE1,DEMTERELCAIR_SPL_LOW,S102,2035,1.0
RE1,DEMTERELCAIR_SPL_LOW,S102,2036,1.0
RE1,DEMTERELCAIR_SPL_LOW,S102,2037,1.0
RE1,DEMTERELCAIR_SPL_LOW,S102,2038,1.0
RE1,DEMTERELCAIR_SPL_LOW,S102,2039,1.0
RE1,DEMTERELCAIR_SPL_LOW,S102,2040,1.0
RE1,DEMTERELCAIR_SPL_LOW,S102,2041,1.0
RE1,DEMTERELCAIR_SPL_LOW,S102,2042,1.0
RE1,DEMTERELCAIR_SPL_LOW,S102,2043,1.0
RE1,DEMTERELCAIR_SPL_LOW,S102,2044,1.0
RE1,DEMTERELCAIR_SPL_LOW,S102,2045,1.0
RE1,DEMTERELCAIR_SPL_LOW,S102,2046,1.0
RE1,DEMTERELCAIR_SPL_LOW,S102,2047,1.0
RE1,DEMTERELCAIR_SPL_LOW,S102,2048,1.0
RE1,DEMTERELCAIR_SPL_LOW,S102,2049,1.0
RE1,DEMTERELCAIR_SPL_LOW,S102,2050,1.0
RE1,DEMTERELCAIR_SPL_LOW,S102,2051,1.0
RE1,DEMTERELCAIR_SPL_LOW,S102,2052,1.0
RE1,DEMTERELCAIR_SPL_LOW,S102,2053,1.0
RE1,DEMTERELCAIR_SPL_LOW,S102,2054,1.0
RE1,DEMTERELCAIR_SPL_LOW,S102,2055,1.0
RE1,DEMTERELCAIR_SPL_MID,S101,2022,1.0
RE1,DEMTERELCAIR_SPL_MID,S101,2023,1.0
RE1,DEMTERELCAIR_SPL_MID,S101,2024,1.0
RE1,DEMTERELCAIR_SPL_MID,S101,2025,1.0
RE1,DEMTERELCAIR_SPL_MID,S101,2026,1.0
RE1,DEMTERELCAIR_SPL_MID,S101,2027,1.0
RE1,DEMTERELCAIR_SPL_MID,S101,2028,1.0
RE1,DEMTERELCAIR_SPL_MID,S101,2029,1.0
RE1,DEMTERELCAIR_SPL_MID,S101,2030,1.0
RE1,DEMTERELCAIR_SPL_MID,S101,2031,1.0
RE1,DEMTERELCAIR_SPL_MID,S101,2032,1.0
RE1,DEMTERELCAIR_SPL_MID,S101,2033,1.0
RE1,DEMTERELCAIR_SPL_MID,S101,2034,1.0
RE1,DEMTERELCAIR_SPL_MID,S101,2035,1.0
RE1,DEMTERELCAIR_SPL_MID,S101,2036,1.0
RE1,DEMTERELCAIR_SPL_MID,S101,2037,1.0
RE1,DEMTERELCAIR_SPL_MID,S101,2038,1.0
RE1,DEMTERELCAIR_SPL_MID,S101,2039,1.0
RE1,DEMTERELCAIR_SPL_MID,S101,2040,1.0
RE1,DEMTERELCAIR_SPL_MID,S101,2041,1.0
RE1,DEMTERELCAIR_SPL_MID,S101,2042,1.0
RE1,DEMTERELCAIR_SPL_MID,S101,2043,1.0
RE1,DEMTERELCAIR_SPL_MID,S101,2044,1.0
RE1,DEMTERELCAIR_SPL_MID,S101,2045,1.0
RE1,DEMTERELCAIR_SPL_MID,S101,2046,1.0
RE1,DEMTERELCAIR_SPL_MID,S101,2047,1.0
RE1,DEMTERELCAIR_SPL_MID,S101,2048,1.0
RE1,DEMTERELCAIR_SPL_MID,S101,2049,1.0
RE1,DEMTERELCAIR_SPL_MID,S101,2050,1.0
RE1,DEMTERELCAIR_SPL_MID,S101,2051,1.0
RE1,DEMTERELCAIR_SPL_MID,S101,2052,1.0
RE1,DEMTERELCAIR_SPL_MID,S101,2053,1.0
RE1,DEMTERELCAIR_SPL_MID,S101,2054,1.0
RE1,DEMTERELCAIR_SPL_MID,S101,2055,1.0
RE1,DEMTERELCAIR_SPL_MID,S102,2022,1.0
RE1,DEMTERELCAIR_SPL_MID,S102,2023,1.0
RE1,DEMTERELCAIR_SPL_MID,S102,2024,1.0
RE1,DEMTERELCAIR_SPL_MID,S102,2025,1.0
RE1,DEMTERELCAIR_SPL_MID,S102,2026,1.0
RE1,DEMTERELCAIR_SPL_MID,S102,2027,1.0
RE1,DEMTERELCAIR_SPL_MID,S102,2028,1.0
RE1,DEMTERELCAIR_SPL_MID,S102,2029,1.0
RE1,DEMTERELCAIR_SPL_MID,S102,2030,1.0
RE1,DEMTERELCAIR_SPL_MID,S102,2031,1.0
RE1,DEMTERELCAIR_SPL_MID,S102,2032,1.0
RE1,DEMTERELCAIR_SPL_MID,S102,2033,1.0
RE1,DEMTERELCAIR_SPL_MID,S102,2034,1.0
RE1,DEMTERELCAIR_SPL_MID,S102,2035,1.0
RE1,DEMTERELCAIR_SPL_MID,S102,2036,1.0
RE1,DEMTERELCAIR_SPL_MID,S102,2037,1.0
RE1,DEMTERELCAIR_SPL_MID,S102,2038,1.0
RE1,DEMTERELCAIR_SPL_MID,S102,2039,1.0
RE1,DEMTERELCAIR_SPL_MID,S102,2040,1.0
RE1,DEMTERELCAIR_SPL_MID,S102,2041,1.0
RE1,DEMTERELCAIR_SPL_MID,S102,2042,1.0
RE1,DEMTERELCAIR_SPL_MID,S102,2043,1.0
RE1,DEMTERELCAIR_SPL_MID,S102,2044,1.0
RE1,DEMTERELCAIR_SPL_MID,S102,2045,1.0
RE1,DEMTERELCAIR_SPL_MID,S102,2046,1.0
RE1,DEMTERELCAIR_SPL_MID,S102,2047,1.0
RE1,DEMTERELCAIR_SPL_MID,S102,2048,1.0
RE1,DEMTERELCAIR_SPL_MID,S102,2049,1.0
RE1,DEMTERELCAIR_SPL_MID,S102,2050,1.0
RE1,DEMTERELCAIR_SPL_MID,S102,2051,1.0
RE1,DEMTERELCAIR_SPL_MID,S102,2052,1.0
RE1,DEMTERELCAIR_SPL_MID,S102,2053,1.0
RE1,DEMTERELCAIR_SPL_MID,S102,2054,1.0
RE1,DEMTERELCAIR_SPL_MID,S102,2055,1.0
RE1,DEMTERELCCKN_HIG,S101,2022,1.0
RE1,DEMTERELCCKN_HIG,S101,2023,1.0
RE1,DEMTERELCCKN_HIG,S101,2024,1.0
RE1,DEMTERELCCKN_HIG,S101,2025,1.0
RE1,DEMTERELCCKN_HIG,S101,2026,1.0
RE1,DEMTERELCCKN_HIG,S101,2027,1.0
RE1,DEMTERELCCKN_HIG,S101,2028,1.0
RE1,DEMTERELCCKN_HIG,S101,2029,1.0
RE1,DEMTERELCCKN_HIG,S101,2030,1.0
RE1,DEMTERELCCKN_HIG,S101,2031,1.0
RE1,DEMTERELCCKN_HIG,S101,2032,1.0
RE1,DEMTERELCCKN_HIG,S101,2033,1.0
RE1,DEMTERELCCKN_HIG,S101,2034,1.0
RE1,DEMTERELCCKN_HIG,S101,2035,1.0
RE1,DEMTERELCCKN_HIG,S101,2036,1.0
RE1,DEMTERELCCKN_HIG,S101,2037,1.0
RE1,DEMTERELCCKN_HIG,S101,2038,1.0
RE1,DEMTERELCCKN_HIG,S101,2039,1.0
RE1,DEMTERELCCKN_HIG,S101,2040,1.0
RE1,DEMTERELCCKN_HIG,S101,2041,1.0
RE1,DEMTERELCCKN_HIG,S101,2042,1.0
RE1,DEMTERELCCKN_HIG,S101,2043,1.0
RE1,DEMTERELCCKN_HIG,S101,2044,1.0
RE1,DEMTERELCCKN_HIG,S101,2045,1.0
RE1,DEMTERELCCKN_HIG,S101,2046,1.0
RE1,DEMTERELCCKN_HIG,S101,2047,1.0
RE1,DEMTERELCCKN_HIG,S101,2048,1.0
RE1,DEMTERELCCKN_HIG,S101,2049,1.0
RE1,DEMTERELCCKN_HIG,S101,2050,1.0
RE1,DEMTERELCCKN_HIG,S101,2051,1.0
RE1,DEMTERELCCKN_HIG,S101,2052,1.0
RE1,DEMTERELCCKN_HIG,S101,2053,1.0
RE1,DEMTERELCCKN_HIG,S101,2054,1.0
RE1,DEMTERELCCKN_HIG,S101,2055,1.0
RE1,DEMTERELCCKN_HIG,S102,2022,1.0
RE1,DEMTERELCCKN_HIG,S102,2023,1.0
RE1,DEMTERELCCKN_HIG,S102,2024,1.0
RE1,DEMTERELCCKN_HIG,S102,2025,1.0
RE1,DEMTERELCCKN_HIG,S102,2026,1.0
RE1,DEMTERELCCKN_HIG,S102,2027,1.0
RE1,DEMTERELCCKN_HIG,S102,2028,1.0
RE1,DEMTERELCCKN_HIG,S102,2029,1.0
RE1,DEMTERELCCKN_HIG,S102,2030,1.0
RE1,DEMTERELCCKN_HIG,S102,2031,1.0
RE1,DEMTERELCCKN_HIG,S102,2032,1.0
RE1,DEMTERELCCKN_HIG,S102,2033,1.0
RE1,DEMTERELCCKN_HIG,S102,2034,1.0
RE1,DEMTERELCCKN_HIG,S102,2035,1.0
RE1,DEMTERELCCKN_HIG,S102,2036,1.0
RE1,DEMTERELCCKN_HIG,S102,2037,1.0
RE1,DEMTERELCCKN_HIG,S102,2038,1.0
RE1,DEMTERELCCKN_HIG,S102,2039,1.0
RE1,DEMTERELCCKN_HIG,S102,2040,1.0
RE1,DEMTERELCCKN_HIG,S102,2041,1.0
RE1,DEMTERELCCKN_HIG,S102,2042,1.0
RE1,DEMTERELCCKN_HIG,S102,2043,1.0
RE1,DEMTERELCCKN_HIG,S102,2044,1.0
RE1,DEMTERELCCKN_HIG,S102,2045,1.0
RE1,DEMTERELCCKN_HIG,S102,2046,1.0
RE1,DEMTERELCCKN_HIG,S102,2047,1.0
RE1,DEMTERELCCKN_HIG,S102,2048,1.0
RE1,DEMTERELCCKN_HIG,S102,2049,1.0
RE1,DEMTERELCCKN_HIG,S102,2050,1.0
RE1,DEMTERELCCKN_HIG,S102,2051,1.0
RE1,DEMTERELCCKN_HIG,S102,2052,1.0
RE1,DEMTERELCCKN_HIG,S102,2053,1.0
RE1,DEMTERELCCKN_HIG,S102,2054,1.0
RE1,DEMTERELCCKN_HIG,S102,2055,1.0
RE1,DEMTERELCCKN_LOW,S101,2022,1.0
RE1,DEMTERELCCKN_LOW,S101,2023,1.0
RE1,DEMTERELCCKN_LOW,S101,2024,1.0
RE1,DEMTERELCCKN_LOW,S101,2025,1.0
RE1,DEMTERELCCKN_LOW,S101,2026,1.0
RE1,DEMTERELCCKN_LOW,S101,2027,1.0
RE1,DEMTERELCCKN_LOW,S101,2028,1.0
RE1,DEMTERELCCKN_LOW,S101,2029,1.0
RE1,DEMTERELCCKN_LOW,S101,2030,1.0
RE1,DEMTERELCCKN_LOW,S101,2031,1.0
RE1,DEMTERELCCKN_LOW,S101,2032,1.0
RE1,DEMTERELCCKN_LOW,S101,2033,1.0
RE1,DEMTERELCCKN_LOW,S101,2034,1.0
RE1,DEMTERELCCKN_LOW,S101,2035,1.0
RE1,DEMTERELCCKN_LOW,S101,2036,1.0
RE1,DEMTERELCCKN_LOW,S101,2037,1.0
RE1,DEMTERELCCKN_LOW,S101,2038,1.0
RE1,DEMTERELCCKN_LOW,S101,2039,1.0
RE1,DEMTERELCCKN_LOW,S101,2040,1.0
RE1,DEMTERELCCKN_LOW,S101,2041,1.0
RE1,DEMTERELCCKN_LOW,S101,2042,1.0
RE1,DEMTERELCCKN_LOW,S101,2043,1.0
RE1,DEMTERELCCKN_LOW,S101,2044,1.0
RE1,DEMTERELCCKN_LOW,S101,2045,1.0
RE1,DEMTERELCCKN_LOW,S101,2046,1.0
RE1,DEMTERELCCKN_LOW,S101,2047,1.0
RE1,DEMTERELCCKN_LOW,S101,2048,1.0
RE1,DEMTERELCCKN_LOW,S101,2049,1.0
RE1,DEMTERELCCKN_LOW,S101,2050,1.0
RE1,DEMTERELCCKN_LOW,S101,2051,1.0
RE1,DEMTERELCCKN_LOW,S101,2052,1.0
RE1,DEMTERELCCKN_LOW,S101,2053,1.0
RE1,DEMTERELCCKN_LOW,S101,2054,1.0
RE1,DEMTERELCCKN_LOW,S101,2055,1.0
RE1,DEMTERELCCKN_LOW,S102,2022,1.0
RE1,DEMTERELCCKN_LOW,S102,2023,1.0
RE1,DEMTERELCCKN_LOW,S102,2024,1.0
RE1,DEMTERELCCKN_LOW,S102,2025,1.0
RE1,DEMTERELCCKN_LOW,S102,2026,1.0
RE1,DEMTERELCCKN_LOW,S102,2027,1.0
RE1,DEMTERELCCKN_LOW,S102,2028,1.0
RE1,DEMTERELCCKN_LOW,S102,2029,1.0
RE1,DEMTERELCCKN_LOW,S102,2030,1.0
RE1,DEMTERELCCKN_LOW,S102,2031,1.0
RE1,DEMTERELCCKN_LOW,S102,2032,1.0
RE1,DEMTERELCCKN_LOW,S102,2033,1.0
RE1,DEMTERELCCKN_LOW,S102,2034,1.0
RE1,DEMTERELCCKN_LOW,S102,2035,1.0
RE1,DEMTERELCCKN_LOW,S102,2036,1.0
RE1,DEMTERELCCKN_LOW,S102,2037,1.0
RE1,DEMTERELCCKN_LOW,S102,2038,1.0
RE1,DEMTERELCCKN_LOW,S102,2039,1.0
RE1,DEMTERELCCKN_LOW,S102,2040,1.0
RE1,DEMTERELCCKN_LOW,S102,2041,1.0
RE1,DEMTERELCCKN_LOW,S102,2042,1.0
RE1,DEMTERELCCKN_LOW,S102,2043,1.0
RE1,DEMTERELCCKN_LOW,S102,2044,1.0
RE1,DEMTERELCCKN_LOW,S102,2045,1.0
RE1,DEMTERELCCKN_LOW,S102,2046,1.0
RE1,DEMTERELCCKN_LOW,S102,2047,1.0
RE1,DEMTERELCCKN_LOW,S102,2048,1.0
RE1,DEMTERELCCKN_LOW,S102,2049,1.0
RE1,DEMTERELCCKN_LOW,S102,2050,1.0
RE1,DEMTERELCCKN_LOW,S102,2051,1.0
RE1,DEMTERELCCKN_LOW,S102,2052,1.0
RE1,DEMTERELCCKN_LOW,S102,2053,1.0
RE1,DEMTERELCCKN_LOW,S102,2054,1.0
RE1,DEMTERELCCKN_LOW,S102,2055,1.0
RE1,DEMTERELCCKN_MID,S101,2022,1.0
RE1,DEMTERELCCKN_MID,S101,2023,1.0
RE1,DEMTERELCCKN_MID,S101,2024,1.0
RE1,DEMTERELCCKN_MID,S101,2025,1.0
RE1,DEMTERELCCKN_MID,S101,2026,1.0
RE1,DEMTERELCCKN_MID,S101,2027,1.0
RE1,DEMTERELCCKN_MID,S101,2028,1.0
RE1,DEMTERELCCKN_MID,S101,2029,1.0
RE1,DEMTERELCCKN_MID,S101,2030,1.0
RE1,DEMTERELCCKN_MID,S101,2031,1.0
RE1,DEMTERELCCKN_MID,S101,2032,1.0
RE1,DEMTERELCCKN_MID,S101,2033,1.0
RE1,DEMTERELCCKN_MID,S101,2034,1.0
RE1,DEMTERELCCKN_MID,S101,2035,1.0
RE1,DEMTERELCCKN_MID,S101,2036,1.0
RE1,DEMTERELCCKN_MID,S101,2037,1.0
RE1,DEMTERELCCKN_MID,S101,2038,1.0
RE1,DEMTERELCCKN_MID,S101,2039,1.0
RE1,DEMTERELCCKN_MID,S101,2040,1.0
RE1,DEMTERELCCKN_MID,S101,2041,1.0
RE1,DEMTERELCCKN_MID,S101,2042,1.0
RE1,DEMTERELCCKN_MID,S101,2043,1.0
RE1,DEMTERELCCKN_MID,S101,2044,1.0
RE1,DEMTERELCCKN_MID,S101,2045,1.0
RE1,DEMTERELCCKN_MID,S101,2046,1.0
RE1,DEMTERELCCKN_MID,S101,2047,1.0
RE1,DEMTERELCCKN_MID,S101,2048,1.0
RE1,DEMTERELCCKN_MID,S101,2049,1.0
RE1,DEMTERELCCKN_MID,S101,2050,1.0
RE1,DEMTERELCCKN_MID,S101,2051,1.0
RE1,DEMTERELCCKN_MID,S101,2052,1.0
RE1,DEMTERELCCKN_MID,S101,2053,1.0
RE1,DEMTERELCCKN_MID,S101,2054,1.0
RE1,DEMTERELCCKN_MID,S101,2055,1.0
RE1,DEMTERELCCKN_MID,S102,2022,1.0
RE1,DEMTERELCCKN_MID,S102,2023,1.0
RE1,DEMTERELCCKN_MID,S102,2024,1.0
RE1,DEMTERELCCKN_MID,S102,2025,1.0
RE1,DEMTERELCCKN_MID,S102,2026,1.0
RE1,DEMTERELCCKN_MID,S102,2027,1.0
RE1,DEMTERELCCKN_MID,S102,2028,1.0
RE1,DEMTERELCCKN_MID,S102,2029,1.0
RE1,DEMTERELCCKN_MID,S102,2030,1.0
RE1,DEMTERELCCKN_MID,S102,2031,1.0
RE1,DEMTERELCCKN_MID,S102,2032,1.0
RE1,DEMTERELCCKN_MID,S102,2033,1.0
RE1,DEMTERELCCKN_MID,S102,2034,1.0
RE1,DEMTERELCCKN_MID,S102,2035,1.0
RE1,DEMTERELCCKN_MID,S102,2036,1.0
RE1,DEMTERELCCKN_MID,S102,2037,1.0
RE1,DEMTERELCCKN_MID,S102,2038,1.0
RE1,DEMTERELCCKN_MID,S102,2039,1.0
RE1,DEMTERELCCKN_MID,S102,2040,1.0
RE1,DEMTERELCCKN_MID,S102,2041,1.0
RE1,DEMTERELCCKN_MID,S102,2042,1.0
RE1,DEMTERELCCKN_MID,S102,2043,1.0
RE1,DEMTERELCCKN_MID,S102,2044,1.0
RE1,DEMTERELCCKN_MID,S102,2045,1.0
RE1,DEMTERELCCKN_MID,S102,2046,1.0
RE1,DEMTERELCCKN_MID,S102,2047,1.0
RE1,DEMTERELCCKN_MID,S102,2048,1.0
RE1,DEMTERELCCKN_MID,S102,2049,1.0
RE1,DEMTERELCCKN_MID,S102,2050,1.0
RE1,DEMTERELCCKN_MID,S102,2051,1.0
RE1,DEMTERELCCKN_MID,S102,2052,1.0
RE1,DEMTERELCCKN_MID,S102,2053,1.0
RE1,DEMTERELCCKN_MID,S102,2054,1.0
RE1,DEMTERELCCKN_MID,S102,2055,1.0
RE1,DEMTERELCDATA,S101,2022,1.0
RE1,DEMTERELCDATA,S101,2023,1.0
RE1,DEMTERELCDATA,S101,2024,1.0
RE1,DEMTERELCDATA,S101,2025,1.0
RE1,DEMTERELCDATA,S101,2026,1.0
RE1,DEMTERELCDATA,S101,2027,1.0
RE1,DEMTERELCDATA,S101,2028,1.0
RE1,DEMTERELCDATA,S101,2029,1.0
RE1,DEMTERELCDATA,S101,2030,1.0
RE1,DEMTERELCDATA,S101,2031,1.0
RE1,DEMTERELCDATA,S101,2032,1.0
RE1,DEMTERELCDATA,S101,2033,1.0
RE1,DEMTERELCDATA,S101,2034,1.0
RE1,DEMTERELCDATA,S101,2035,1.0
RE1,DEMTERELCDATA,S101,2036,1.0
RE1,DEMTERELCDATA,S101,2037,1.0
RE1,DEMTERELCDATA,S101,2038,1.0
RE1,DEMTERELCDATA,S101,2039,1.0
RE1,DEMTERELCDATA,S101,2040,1.0
RE1,DEMTERELCDATA,S101,2041,1.0
RE1,DEMTERELCDATA,S101,2042,1.0
RE1,DEMTERELCDATA,S101,2043,1.0
RE1,DEMTERELCDATA,S101,2044,1.0
RE1,DEMTERELCDATA,S101,2045,1.0
RE1,DEMTERELCDATA,S101,2046,1.0
RE1,DEMTERELCDATA,S101,2047,1.0
RE1,DEMTERELCDATA,S101,2048,1.0
RE1,DEMTERELCDATA,S101,2049,1.0
RE1,DEMTERELCDATA,S101,2050,1.0
RE1,DEMTERELCDATA,S101,2051,1.0
RE1,DEMTERELCDATA,S101,2052,1.0
RE1,DEMTERELCDATA,S101,2053,1.0
RE1,DEMTERELCDATA,S101,2054,1.0
RE1,DEMTERELCDATA,S101,2055,1.0
RE1,DEMTERELCDATA,S102,2022,1.0
RE1,DEMTERELCDATA,S102,2023,1.0
RE1,DEMTERELCDATA,S102,2024,1.0
RE1,DEMTERELCDATA,S102,2025,1.0
RE1,DEMTERELCDATA,S102,2026,1.0
RE1,DEMTERELCDATA,S102,2027,1.0
RE1,DEMTERELCDATA,S102,2028,1.0
RE1,DEMTERELCDATA,S102,2029,1.0
RE1,DEMTERELCDATA,S102,2030,1.0
RE1,DEMTERELCDATA,S102,2031,1.0
RE1,DEMTERELCDATA,S102,2032,1.0
RE1,DEMTERELCDATA,S102,2033,1.0
RE1,DEMTERELCDATA,S102,2034,1.0
RE1,DEMTERELCDATA,S102,2035,1.0
RE1,DEMTERELCDATA,S102,2036,1.0
RE1,DEMTERELCDATA,S102,2037,1.0
RE1,DEMTERELCDATA,S102,2038,1.0
RE1,DEMTERELCDATA,S102,2039,1.0
RE1,DEMTERELCDATA,S102,2040,1.0
RE1,DEMTERELCDATA,S102,2041,1.0
RE1,DEMTERELCDATA,S102,2042,1.0
RE1,DEMTERELCDATA,S102,2043,1.0
RE1,DEMTERELCDATA,S102,2044,1.0
RE1,DEMTERELCDATA,S102,2045,1.0
RE1,DEMTERELCDATA,S102,2046,1.0
RE1,DEMTERELCDATA,S102,2047,1.0
RE1,DEMTERELCDATA,S102,2048,1.0
RE1,DEMTERELCDATA,S102,2049,1.0
RE1,DEMTERELCDATA,S102,2050,1.0
RE1,DEMTERELCDATA,S102,2051,1.0
RE1,DEMTERELCDATA,S102,2052,1.0
RE1,DEMTERELCDATA,S102,2053,1.0
RE1,DEMTERELCDATA,S102,2054,1.0
RE1,DEMTERELCDATA,S102,2055,1.0
RE1,DEMTERELCFAN_HIG,S101,2022,1.0
RE1,DEMTERELCFAN_HIG,S101,2023,1.0
RE1,DEMTERELCFAN_HIG,S101,2024,1.0
RE1,DEMTERELCFAN_HIG,S101,2025,1.0
RE1,DEMTERELCFAN_HIG,S101,2026,1.0
RE1,DEMTERELCFAN_HIG,S101,2027,1.0
RE1,DEMTERELCFAN_HIG,S101,2028,1.0
RE1,DEMTERELCFAN_HIG,S101,2029,1.0
RE1,DEMTERELCFAN_HIG,S101,2030,1.0
RE1,DEMTERELCFAN_HIG,S101,2031,1.0
RE1,DEMTERELCFAN_HIG,S101,2032,1.0
RE1,DEMTERELCFAN_HIG,S101,2033,1.0
RE1,DEMTERELCFAN_HIG,S101,2034,1.0
RE1,DEMTERELCFAN_HIG,S101,2035,1.0
RE1,DEMTERELCFAN_HIG,S101,2036,1.0
RE1,DEMTERELCFAN_HIG,S101,2037,1.0
RE1,DEMTERELCFAN_HIG,S101,2038,1.0
RE1,DEMTERELCFAN_HIG,S101,2039,1.0
RE1,DEMTERELCFAN_HIG,S101,2040,1.0
RE1,DEMTERELCFAN_HIG,S101,2041,1.0
RE1,DEMTERELCFAN_HIG,S101,2042,1.0
RE1,DEMTERELCFAN_HIG,S101,2043,1.0
RE1,DEMTERELCFAN_HIG,S101,2044,1.0
RE1,DEMTERELCFAN_HIG,S101,2045,1.0
RE1,DEMTERELCFAN_HIG,S101,2046,1.0
RE1,DEMTERELCFAN_HIG,S101,2047,1.0
RE1,DEMTERELCFAN_HIG,S101,2048,1.0
RE1,DEMTERELCFAN_HIG,S101,2049,1.0
RE1,DEMTERELCFAN_HIG,S101,2050,1.0
RE1,DEMTERELCFAN_HIG,S101,2051,1.0
RE1,DEMTERELCFAN_HIG,S101,2052,1.0
RE1,DEMTERELCFAN_HIG,S101,2053,1.0
RE1,DEMTERELCFAN_HIG,S101,2054,1.0
RE1,DEMTERELCFAN_HIG,S101,2055,1.0
RE1,DEMTERELCFAN_HIG,S102,2022,1.0
RE1,DEMTERELCFAN_HIG,S102,2023,1.0
RE1,DEMTERELCFAN_HIG,S102,2024,1.0
RE1,DEMTERELCFAN_HIG,S102,2025,1.0
RE1,DEMTERELCFAN_HIG,S102,2026,1.0
RE1,DEMTERELCFAN_HIG,S102,2027,1.0
RE1,DEMTERELCFAN_HIG,S102,2028,1.0
RE1,DEMTERELCFAN_HIG,S102,2029,1.0
RE1,DEMTERELCFAN_HIG,S102,2030,1.0
RE1,DEMTERELCFAN_HIG,S102,2031,1.0
RE1,DEMTERELCFAN_HIG,S102,2032,1.0
RE1,DEMTERELCFAN_HIG,S102,2033,1.0
RE1,DEMTERELCFAN_HIG,S102,2034,1.0
RE1,DEMTERELCFAN_HIG,S102,2035,1.0
RE1,DEMTERELCFAN_HIG,S102,2036,1.0
RE1,DEMTERELCFAN_HIG,S102,2037,1.0
RE1,DEMTERELCFAN_HIG,S102,2038,1.0
RE1,DEMTERELCFAN_HIG,S102,2039,1.0
RE1,DEMTERELCFAN_HIG,S102,2040,1.0
RE1,DEMTERELCFAN_HIG,S102,2041,1.0
RE1,DEMTERELCFAN_HIG,S102,2042,1.0
RE1,DEMTERELCFAN_HIG,S102,2043,1.0
RE1,DEMTERELCFAN_HIG,S102,2044,1.0
RE1,DEMTERELCFAN_HIG,S102,2045,1.0
RE1,DEMTERELCFAN_HIG,S102,2046,1.0
RE1,DEMTERELCFAN_HIG,S102,2047,1.0
RE1,DEMTERELCFAN_HIG,S102,2048,1.0
RE1,DEMTERELCFAN_HIG,S102,2049,1.0
RE1,DEMTERELCFAN_HIG,S102,2050,1.0
RE1,DEMTERELCFAN_HIG,S102,2051,1.0
RE1,DEMTERELCFAN_HIG,S102,2052,1.0
RE1,DEMTERELCFAN_HIG,S102,2053,1.0
RE1,DEMTERELCFAN_HIG,S102,2054,1.0
RE1,DEMTERELCFAN_HIG,S102,2055,1.0
RE1,DEMTERELCFAN_LOW,S101,2022,1.0
RE1,DEMTERELCFAN_LOW,S101,2023,1.0
RE1,DEMTERELCFAN_LOW,S101,2024,1.0
RE1,DEMTERELCFAN_LOW,S101,2025,1.0
RE1,DEMTERELCFAN_LOW,S101,2026,1.0
RE1,DEMTERELCFAN_LOW,S101,2027,1.0
RE1,DEMTERELCFAN_LOW,S101,2028,1.0
RE1,DEMTERELCFAN_LOW,S101,2029,1.0
RE1,DEMTERELCFAN_LOW,S101,2030,1.0
RE1,DEMTERELCFAN_LOW,S101,2031,1.0
RE1,DEMTERELCFAN_LOW,S101,2032,1.0
RE1,DEMTERELCFAN_LOW,S101,2033,1.0
RE1,DEMTERELCFAN_LOW,S101,2034,1.0
RE1,DEMTERELCFAN_LOW,S101,2035,1.0
RE1,DEMTERELCFAN_LOW,S101,2036,1.0
RE1,DEMTERELCFAN_LOW,S101,2037,1.0
RE1,DEMTERELCFAN_LOW,S101,2038,1.0
RE1,DEMTERELCFAN_LOW,S101,2039,1.0
RE1,DEMTERELCFAN_LOW,S101,2040,1.0
RE1,DEMTERELCFAN_LOW,S101,2041,1.0
RE1,DEMTERELCFAN_LOW,S101,2042,1.0
RE1,DEMTERELCFAN_LOW,S101,2043,1.0
RE1,DEMTERELCFAN_LOW,S101,2044,1.0
RE1,DEMTERELCFAN_LOW,S101,2045,1.0
RE1,DEMTERELCFAN_LOW,S101,2046,1.0
RE1,DEMTERELCFAN_LOW,S101,2047,1.0
RE1,DEMTERELCFAN_LOW,S101,2048,1.0
RE1,DEMTERELCFAN_LOW,S101,2049,1.0
RE1,DEMTERELCFAN_LOW,S101,2050,1.0
RE1,DEMTERELCFAN_LOW,S101,2051,1.0
RE1,DEMTERELCFAN_LOW,S101,2052,1.0
RE1,DEMTERELCFAN_LOW,S101,2053,1.0
RE1,DEMTERELCFAN_LOW,S101,2054,1.0
RE1,DEMTERELCFAN_LOW,S101,2055,1.0
RE1,DEMTERELCFAN_LOW,S102,2022,1.0
RE1,DEMTERELCFAN_LOW,S102,2023,1.0
RE1,DEMTERELCFAN_LOW,S102,2024,1.0
RE1,DEMTERELCFAN_LOW,S102,2025,1.0
RE1,DEMTERELCFAN_LOW,S102,2026,1.0
RE1,DEMTERELCFAN_LOW,S102,2027,1.0
RE1,DEMTERELCFAN_LOW,S102,2028,1.0
RE1,DEMTERELCFAN_LOW,S102,2029,1.0
RE1,DEMTERELCFAN_LOW,S102,2030,1.0
RE1,DEMTERELCFAN_LOW,S102,2031,1.0
RE1,DEMTERELCFAN_LOW,S102,2032,1.0
RE1,DEMTERELCFAN_LOW,S102,2033,1.0
RE1,DEMTERELCFAN_LOW,S102,2034,1.0
RE1,DEMTERELCFAN_LOW,S102,2035,1.0
RE1,DEMTERELCFAN_LOW,S102,2036,1.0
RE1,DEMTERELCFAN_LOW,S102,2037,1.0
RE1,DEMTERELCFAN_LOW,S102,2038,1.0
RE1,DEMTERELCFAN_LOW,S102,2039,1.0
RE1,DEMTERELCFAN_LOW,S102,2040,1.0
RE1,DEMTERELCFAN_LOW,S102,2041,1.0
RE1,DEMTERELCFAN_LOW,S102,2042,1.0
RE1,DEMTERELCFAN_LOW,S102,2043,1.0
RE1,DEMTERELCFAN_LOW,S102,2044,1.0
RE1,DEMTERELCFAN_LOW,S102,2045,1.0
RE1,DEMTERELCFAN_LOW,S102,2046,1.0
RE1,DEMTERELCFAN_LOW,S102,2047,1.0
RE1,DEMTERELCFAN_LOW,S102,2048,1.0
RE1,DEMTERELCFAN_LOW,S102,2049,1.0
RE1,DEMTERELCFAN_LOW,S102,2050,1.0
RE1,DEMTERELCFAN_LOW,S102,2051,1.0
RE1,DEMTERELCFAN_LOW,S102,2052,1.0
RE1,DEMTERELCFAN_LOW,S102,2053,1.0
RE1,DEMTERELCFAN_LOW,S102,2054,1.0
RE1,DEMTERELCFAN_LOW,S102,2055,1.0
RE1,DEMTERELCFAN_MID,S101,2022,1.0
RE1,DEMTERELCFAN_MID,S101,2023,1.0
RE1,DEMTERELCFAN_MID,S101,2024,1.0
RE1,DEMTERELCFAN_MID,S101,2025,1.0
RE1,DEMTERELCFAN_MID,S101,2026,1.0
RE1,DEMTERELCFAN_MID,S101,2027,1.0
RE1,DEMTERELCFAN_MID,S101,2028,1.0
RE1,DEMTERELCFAN_MID,S101,2029,1.0
RE1,DEMTERELCFAN_MID,S101,2030,1.0
RE1,DEMTERELCFAN_MID,S101,2031,1.0
RE1,DEMTERELCFAN_MID,S101,2032,1.0
RE1,DEMTERELCFAN_MID,S101,2033,1.0
RE1,DEMTERELCFAN_MID,S101,2034,1.0
RE1,DEMTERELCFAN_MID,S101,2035,1.0
RE1,DEMTERELCFAN_MID,S101,2036,1.0
RE1,DEMTERELCFAN_MID,S101,2037,1.0
RE1,DEMTERELCFAN_MID,S101,2038,1.0
RE1,DEMTERELCFAN_MID,S101,2039,1.0
RE1,DEMTERELCFAN_MID,S101,2040,1.0
RE1,DEMTERELCFAN_MID,S101,2041,1.0
RE1,DEMTERELCFAN_MID,S101,2042,1.0
RE1,DEMTERELCFAN_MID,S101,2043,1.0
RE1,DEMTERELCFAN_MID,S101,2044,1.0
RE1,DEMTERELCFAN_MID,S101,2045,1.0
RE1,DEMTERELCFAN_MID,S101,2046,1.0
RE1,DEMTERELCFAN_MID,S101,2047,1.0
RE1,DEMTERELCFAN_MID,S101,2048,1.0
RE1,DEMTERELCFAN_MID,S101,2049,1.0
RE1,DEMTERELCFAN_MID,S101,2050,1.0
RE1,DEMTERELCFAN_MID,S101,2051,1.0
RE1,DEMTERELCFAN_MID,S101,2052,1.0
RE1,DEMTERELCFAN_MID,S101,2053,1.0
RE1,DEMTERELCFAN_MID,S101,2054,1.0
RE1,DEMTERELCFAN_MID,S101,2055,1.0
RE1,DEMTERELCFAN_MID,S102,2022,1.0
RE1,DEMTERELCFAN_MID,S102,2023,1.0
RE1,DEMTERELCFAN_MID,S102,2024,1.0
RE1,DEMTERELCFAN_MID,S102,2025,1.0
RE1,DEMTERELCFAN_MID,S102,2026,1.0
RE1,DEMTERELCFAN_MID,S102,2027,1.0
RE1,DEMTERELCFAN_MID,S102,2028,1.0
RE1,DEMTERELCFAN_MID,S102,2029,1.0
RE1,DEMTERELCFAN_MID,S102,2030,1.0
RE1,DEMTERELCFAN_MID,S102,2031,1.0
RE1,DEMTERELCFAN_MID,S102,2032,1.0
RE1,DEMTERELCFAN_MID,S102,2033,1.0
RE1,DEMTERELCFAN_MID,S102,2034,1.0
RE1,DEMTERELCFAN_MID,S102,2035,1.0
RE1,DEMTERELCFAN_MID,S102,2036,1.0
RE1,DEMTERELCFAN_MID,S102,2037,1.0
RE1,DEMTERELCFAN_MID,S102,2038,1.0
RE1,DEMTERELCFAN_MID,S102,2039,1.0
RE1,DEMTERELCFAN_MID,S102,2040,1.0
RE1,DEMTERELCFAN_MID,S102,2041,1.0
RE1,DEMTERELCFAN_MID,S102,2042,1.0
RE1,DEMTERELCFAN_MID,S102,2043,1.0
RE1,DEMTERELCFAN_MID,S102,2044,1.0
RE1,DEMTERELCFAN_MID,S102,2045,1.0
RE1,DEMTERELCFAN_MID,S102,2046,1.0
RE1,DEMTERELCFAN_MID,S102,2047,1.0
RE1,DEMTERELCFAN_MID,S102,2048,1.0
RE1,DEMTERELCFAN_MID,S102,2049,1.0
RE1,DEMTERELCFAN_MID,S102,2050,1.0
RE1,DEMTERELCFAN_MID,S102,2051,1.0
RE1,DEMTERELCFAN_MID,S102,2052,1.0
RE1,DEMTERELCFAN_MID,S102,2053,1.0
RE1,DEMTERELCFAN_MID,S102,2054,1.0
RE1,DEMTERELCFAN_MID,S102,2055,1.0
RE1,DEMTERELCILU_CIA,S101,2022,1.0
RE1,DEMTERELCILU_CIA,S101,2023,1.0
RE1,DEMTERELCILU_CIA,S101,2024,1.0
RE1,DEMTERELCILU_CIA,S101,2025,1.0
RE1,DEMTERELCILU_CIA,S101,2026,1.0
RE1,DEMTERELCILU_CIA,S101,2027,1.0
RE1,DEMTERELCILU_CIA,S101,2028,1.0
RE1,DEMTERELCILU_CIA,S101,2029,1.0
RE1,DEMTERELCILU_CIA,S101,2030,1.0
RE1,DEMTERELCILU_CIA,S101,2031,1.0
RE1,DEMTERELCILU_CIA,S101,2032,1.0
RE1,DEMTERELCILU_CIA,S101,2033,1.0
RE1,DEMTERELCILU_CIA,S101,2034,1.0
RE1,DEMTERELCILU_CIA,S101,2035,1.0
RE1,DEMTERELCILU_CIA,S101,2036,1.0
RE1,DEMTERELCILU_CIA,S101,2037,1.0
RE1,DEMTERELCILU_CIA,S101,2038,1.0
RE1,DEMTERELCILU_CIA,S101,2039,1.0
RE1,DEMTERELCILU_CIA,S101,2040,1.0
RE1,DEMTERELCILU_CIA,S101,2041,1.0
RE1,DEMTERELCILU_CIA,S101,2042,1.0
RE1,DEMTERELCILU_CIA,S101,2043,1.0
RE1,DEMTERELCILU_CIA,S101,2044,1.0
RE1,DEMTERELCILU_CIA,S101,2045,1.0
RE1,DEMTERELCILU_CIA,S101,2046,1.0
RE1,DEMTERELCILU_CIA,S101,2047,1.0
RE1,DEMTERELCILU_CIA,S101,2048,1.0
RE1,DEMTERELCILU_CIA,S101,2049,1.0
RE1,DEMTERELCILU_CIA,S101,2050,1.0
RE1,DEMTERELCILU_CIA,S101,2051,1.0
RE1,DEMTERELCILU_CIA,S101,2052,1.0
RE1,DEMTERELCILU_CIA,S101,2053,1.0
RE1,DEMTERELCILU_CIA,S101,2054,1.0
RE1,DEMTERELCILU_CIA,S101,2055,1.0
RE1,DEMTERELCILU_CIA,S102,2022,1.0
RE1,DEMTERELCILU_CIA,S102,2023,1.0
RE1,DEMTERELCILU_CIA,S102,2024,1.0
RE1,DEMTERELCILU_CIA,S102,2025,1.0
RE1,DEMTERELCILU_CIA,S102,2026,1.0
RE1,DEMTERELCILU_CIA,S102,2027,1.0
RE1,DEMTERELCILU_CIA,S102,2028,1.0
RE1,DEMTERELCILU_CIA,S102,2029,1.0
RE1,DEMTERELCILU_CIA,S102,2030,1.0
RE1,DEMTERELCILU_CIA,S102,2031,1.0
RE1,DEMTERELCILU_CIA,S102,2032,1.0
RE1,DEMTERELCILU_CIA,S102,2033,1.0
RE1,DEMTERELCILU_CIA,S102,2034,1.0
RE1,DEMTERELCILU_CIA,S102,2035,1.0
RE1,DEMTERELCILU_CIA,S102,2036,1.0
RE1,DEMTERELCILU_CIA,S102,2037,1.0
RE1,DEMTERELCILU_CIA,S102,2038,1.0
RE1,DEMTERELCILU_CIA,S102,2039,1.0
RE1,DEMTERELCILU_CIA,S102,2040,1.0
RE1,DEMTERELCILU_CIA,S102,2041,1.0
RE1,DEMTERELCILU_CIA,S102,2042,1.0
RE1,DEMTERELCILU_CIA,S102,2043,1.0
RE1,DEMTERELCILU_CIA,S102,2044,1.0
RE1,DEMTERELCILU_CIA,S102,2045,1.0
RE1,DEMTERELCILU_CIA,S102,2046,1.0
RE1,DEMTERELCILU_CIA,S102,2047,1.0
RE1,DEMTERELCILU_CIA,S102,2048,1.0
RE1,DEMTERELCILU_CIA,S102,2049,1.0
RE1,DEMTERELCILU_CIA,S102,2050,1.0
RE1,DEMTERELCILU_CIA,S102,2051,1.0
RE1,DEMTERELCILU_CIA,S102,2052,1.0
RE1,DEMTERELCILU_CIA,S102,2053,1.0
RE1,DEMTERELCILU_CIA,S102,2054,1.0
RE1,DEMTERELCILU_CIA,S102,2055,1.0
RE1,DEMTERELCILU_HAL,S101,2022,1.0
RE1,DEMTERELCILU_HAL,S101,2023,1.0
RE1,DEMTERELCILU_HAL,S101,2024,1.0
RE1,DEMTERELCILU_HAL,S101,2025,1.0
RE1,DEMTERELCILU_HAL,S101,2026,1.0
RE1,DEMTERELCILU_HAL,S101,2027,1.0
RE1,DEMTERELCILU_HAL,S101,2028,1.0
RE1,DEMTERELCILU_HAL,S101,2029,1.0
RE1,DEMTERELCILU_HAL,S101,2030,1.0
RE1,DEMTERELCILU_HAL,S101,2031,1.0
RE1,DEMTERELCILU_HAL,S101,2032,1.0
RE1,DEMTERELCILU_HAL,S101,2033,1.0
RE1,DEMTERELCILU_HAL,S101,2034,1.0
RE1,DEMTERELCILU_HAL,S101,2035,1.0
RE1,DEMTERELCILU_HAL,S101,2036,1.0
RE1,DEMTERELCILU_HAL,S101,2037,1.0
RE1,DEMTERELCILU_HAL,S101,2038,1.0
RE1,DEMTERELCILU_HAL,S101,2039,1.0
RE1,DEMTERELCILU_HAL,S101,2040,1.0
RE1,DEMTERELCILU_HAL,S101,2041,1.0
RE1,DEMTERELCILU_HAL,S101,2042,1.0
RE1,DEMTERELCILU_HAL,S101,2043,1.0
RE1,DEMTERELCILU_HAL,S101,2044,1.0
RE1,DEMTERELCILU_HAL,S101,2045,1.0
RE1,DEMTERELCILU_HAL,S101,2046,1.0
RE1,DEMTERELCILU_HAL,S101,2047,1.0
RE1,DEMTERELCILU_HAL,S101,2048,1.0
RE1,DEMTERELCILU_HAL,S101,2049,1.0
RE1,DEMTERELCILU_HAL,S101,2050,1.0
RE1,DEMTERELCILU_HAL,S101,2051,1.0
RE1,DEMTERELCILU_HAL,S101,2052,1.0
RE1,DEMTERELCILU_HAL,S101,2053,1.0
RE1,DEMTERELCILU_HAL,S101,2054,1.0
RE1,DEMTERELCILU_HAL,S101,2055,1.0
RE1,DEMTERELCILU_HAL,S102,2022,1.0
RE1,DEMTERELCILU_HAL,S102,2023,1.0
RE1,DEMTERELCILU_HAL,S102,2024,1.0
RE1,DEMTERELCILU_HAL,S102,2025,1.0
RE1,DEMTERELCILU_HAL,S102,2026,1.0
RE1,DEMTERELCILU_HAL,S102,2027,1.0
RE1,DEMTERELCILU_HAL,S102,2028,1.0
RE1,DEMTERELCILU_HAL,S102,2029,1.0
RE1,DEMTERELCILU_HAL,S102,2030,1.0
RE1,DEMTERELCILU_HAL,S102,2031,1.0
RE1,DEMTERELCILU_HAL,S102,2032,1.0
RE1,DEMTERELCILU_HAL,S102,2033,1.0
RE1,DEMTERELCILU_HAL,S102,2034,1.0
RE1,DEMTERELCILU_HAL,S102,2035,1.0
RE1,DEMTERELCILU_HAL,S102,2036,1.0
RE1,DEMTERELCILU_HAL,S102,2037,1.0
RE1,DEMTERELCILU_HAL,S102,2038,1.0
RE1,DEMTERELCILU_HAL,S102,2039,1.0
RE1,DEMTERELCILU_HAL,S102,2040,1.0
RE1,DEMTERELCILU_HAL,S102,2041,1.0
RE1,DEMTERELCILU_HAL,S102,2042,1.0
RE1,DEMTERELCILU_HAL,S102,2043,1.0
RE1,DEMTERELCILU_HAL,S102,2044,1.0
RE1,DEMTERELCILU_HAL,S102,2045,1.0
RE1,DEMTERELCILU_HAL,S102,2046,1.0
RE1,DEMTERELCILU_HAL,S102,2047,1.0
RE1,DEMTERELCILU_HAL,S102,2048,1.0
RE1,DEMTERELCILU_HAL,S102,2049,1.0
RE1,DEMTERELCILU_HAL,S102,2050,1.0
RE1,DEMTERELCILU_HAL,S102,2051,1.0
RE1,DEMTERELCILU_HAL,S102,2052,1.0
RE1,DEMTERELCILU_HAL,S102,2053,1.0
RE1,DEMTERELCILU_HAL,S102,2054,1.0
RE1,DEMTERELCILU_HAL,S102,2055,1.0
RE1,DEMTERELCILU_HIG,S101,2022,1.0
RE1,DEMTERELCILU_HIG,S101,2023,1.0
RE1,DEMTERELCILU_HIG,S101,2024,1.0
RE1,DEMTERELCILU_HIG,S101,2025,1.0
RE1,DEMTERELCILU_HIG,S101,2026,1.0
RE1,DEMTERELCILU_HIG,S101,2027,1.0
RE1,DEMTERELCILU_HIG,S101,2028,1.0
RE1,DEMTERELCILU_HIG,S101,2029,1.0
RE1,DEMTERELCILU_HIG,S101,2030,1.0
RE1,DEMTERELCILU_HIG,S101,2031,1.0
RE1,DEMTERELCILU_HIG,S101,2032,1.0
RE1,DEMTERELCILU_HIG,S101,2033,1.0
RE1,DEMTERELCILU_HIG,S101,2034,1.0
RE1,DEMTERELCILU_HIG,S101,2035,1.0
RE1,DEMTERELCILU_HIG,S101,2036,1.0
RE1,DEMTERELCILU_HIG,S101,2037,1.0
RE1,DEMTERELCILU_HIG,S101,2038,1.0
RE1,DEMTERELCILU_HIG,S101,2039,1.0
RE1,DEMTERELCILU_HIG,S101,2040,1.0
RE1,DEMTERELCILU_HIG,S101,2041,1.0
RE1,DEMTERELCILU_HIG,S101,2042,1.0
RE1,DEMTERELCILU_HIG,S101,2043,1.0
RE1,DEMTERELCILU_HIG,S101,2044,1.0
RE1,DEMTERELCILU_HIG,S101,2045,1.0
RE1,DEMTERELCILU_HIG,S101,2046,1.0
RE1,DEMTERELCILU_HIG,S101,2047,1.0
RE1,DEMTERELCILU_HIG,S101,2048,1.0
RE1,DEMTERELCILU_HIG,S101,2049,1.0
RE1,DEMTERELCILU_HIG,S101,2050,1.0
RE1,DEMTERELCILU_HIG,S101,2051,1.0
RE1,DEMTERELCILU_HIG,S101,2052,1.0
RE1,DEMTERELCILU_HIG,S101,2053,1.0
RE1,DEMTERELCILU_HIG,S101,2054,1.0
RE1,DEMTERELCILU_HIG,S101,2055,1.0
RE1,DEMTERELCILU_HIG,S102,2022,1.0
RE1,DEMTERELCILU_HIG,S102,2023,1.0
RE1,DEMTERELCILU_HIG,S102,2024,1.0
RE1,DEMTERELCILU_HIG,S102,2025,1.0
RE1,DEMTERELCILU_HIG,S102,2026,1.0
RE1,DEMTERELCILU_HIG,S102,2027,1.0
RE1,DEMTERELCILU_HIG,S102,2028,1.0
RE1,DEMTERELCILU_HIG,S102,2029,1.0
RE1,DEMTERELCILU_HIG,S102,2030,1.0
RE1,DEMTERELCILU_HIG,S102,2031,1.0
RE1,DEMTERELCILU_HIG,S102,2032,1.0
RE1,DEMTERELCILU_HIG,S102,2033,1.0
RE1,DEMTERELCILU_HIG,S102,2034,1.0
RE1,DEMTERELCILU_HIG,S102,2035,1.0
RE1,DEMTERELCILU_HIG,S102,2036,1.0
RE1,DEMTERELCILU_HIG,S102,2037,1.0
RE1,DEMTERELCILU_HIG,S102,2038,1.0
RE1,DEMTERELCILU_HIG,S102,2039,1.0
RE1,DEMTERELCILU_HIG,S102,2040,1.0
RE1,DEMTERELCILU_HIG,S102,2041,1.0
RE1,DEMTERELCILU_HIG,S102,2042,1.0
RE1,DEMTERELCILU_HIG,S102,2043,1.0
RE1,DEMTERELCILU_HIG,S102,2044,1.0
RE1,DEMTERELCILU_HIG,S102,2045,1.0
RE1,DEMTERELCILU_HIG,S102,2046,1.0
RE1,DEMTERELCILU_HIG,S102,2047,1.0
RE1,DEMTERELCILU_HIG,S102,2048,1.0
RE1,DEMTERELCILU_HIG,S102,2049,1.0
RE1,DEMTERELCILU_HIG,S102,2050,1.0
RE1,DEMTERELCILU_HIG,S102,2051,1.0
RE1,DEMTERELCILU_HIG,S102,2052,1.0
RE1,DEMTERELCILU_HIG,S102,2053,1.0
RE1,DEMTERELCILU_HIG,S102,2054,1.0
RE1,DEMTERELCILU_HIG,S102,2055,1.0
RE1,DEMTERELCILU_LFC,S101,2022,1.0
RE1,DEMTERELCILU_LFC,S101,2023,1.0
RE1,DEMTERELCILU_LFC,S101,2024,1.0
RE1,DEMTERELCILU_LFC,S101,2025,1.0
RE1,DEMTERELCILU_LFC,S101,2026,1.0
RE1,DEMTERELCILU_LFC,S101,2027,1.0
RE1,DEMTERELCILU_LFC,S101,2028,1.0
RE1,DEMTERELCILU_LFC,S101,2029,1.0
RE1,DEMTERELCILU_LFC,S101,2030,1.0
RE1,DEMTERELCILU_LFC,S101,2031,1.0
RE1,DEMTERELCILU_LFC,S101,2032,1.0
RE1,DEMTERELCILU_LFC,S101,2033,1.0
RE1,DEMTERELCILU_LFC,S101,2034,1.0
RE1,DEMTERELCILU_LFC,S101,2035,1.0
RE1,DEMTERELCILU_LFC,S101,2036,1.0
RE1,DEMTERELCILU_LFC,S101,2037,1.0
RE1,DEMTERELCILU_LFC,S101,2038,1.0
RE1,DEMTERELCILU_LFC,S101,2039,1.0
RE1,DEMTERELCILU_LFC,S101,2040,1.0
RE1,DEMTERELCILU_LFC,S101,2041,1.0
RE1,DEMTERELCILU_LFC,S101,2042,1.0
RE1,DEMTERELCILU_LFC,S101,2043,1.0
RE1,DEMTERELCILU_LFC,S101,2044,1.0
RE1,DEMTERELCILU_LFC,S101,2045,1.0
RE1,DEMTERELCILU_LFC,S101,2046,1.0
RE1,DEMTERELCILU_LFC,S101,2047,1.0
RE1,DEMTERELCILU_LFC,S101,2048,1.0
RE1,DEMTERELCILU_LFC,S101,2049,1.0
RE1,DEMTERELCILU_LFC,S101,2050,1.0
RE1,DEMTERELCILU_LFC,S101,2051,1.0
RE1,DEMTERELCILU_LFC,S101,2052,1.0
RE1,DEMTERELCILU_LFC,S101,2053,1.0
RE1,DEMTERELCILU_LFC,S101,2054,1.0
RE1,DEMTERELCILU_LFC,S101,2055,1.0
RE1,DEMTERELCILU_LFC,S102,2022,1.0
RE1,DEMTERELCILU_LFC,S102,2023,1.0
RE1,DEMTERELCILU_LFC,S102,2024,1.0
RE1,DEMTERELCILU_LFC,S102,2025,1.0
RE1,DEMTERELCILU_LFC,S102,2026,1.0
RE1,DEMTERELCILU_LFC,S102,2027,1.0
RE1,DEMTERELCILU_LFC,S102,2028,1.0
RE1,DEMTERELCILU_LFC,S102,2029,1.0
RE1,DEMTERELCILU_LFC,S102,2030,1.0
RE1,DEMTERELCILU_LFC,S102,2031,1.0
RE1,DEMTERELCILU_LFC,S102,2032,1.0
RE1,DEMTERELCILU_LFC,S102,2033,1.0
RE1,DEMTERELCILU_LFC,S102,2034,1.0
RE1,DEMTERELCILU_LFC,S102,2035,1.0
RE1,DEMTERELCILU_LFC,S102,2036,1.0
RE1,DEMTERELCILU_LFC,S102,2037,1.0
RE1,DEMTERELCILU_LFC,S102,2038,1.0
RE1,DEMTERELCILU_LFC,S102,2039,1.0
RE1,DEMTERELCILU_LFC,S102,2040,1.0
RE1,DEMTERELCILU_LFC,S102,2041,1.0
RE1,DEMTERELCILU_LFC,S102,2042,1.0
RE1,DEMTERELCILU_LFC,S102,2043,1.0
RE1,DEMTERELCILU_LFC,S102,2044,1.0
RE1,DEMTERELCILU_LFC,S102,2045,1.0
RE1,DEMTERELCILU_LFC,S102,2046,1.0
RE1,DEMTERELCILU_LFC,S102,2047,1.0
RE1,DEMTERELCILU_LFC,S102,2048,1.0
RE1,DEMTERELCILU_LFC,S102,2049,1.0
RE1,DEMTERELCILU_LFC,S102,2050,1.0
RE1,DEMTERELCILU_LFC,S102,2051,1.0
RE1,DEMTERELCILU_LFC,S102,2052,1.0
RE1,DEMTERELCILU_LFC,S102,2053,1.0
RE1,DEMTERELCILU_LFC,S102,2054,1.0
RE1,DEMTERELCILU_LFC,S102,2055,1.0
RE1,DEMTERELCILU_LOW,S101,2022,1.0
RE1,DEMTERELCILU_LOW,S101,2023,1.0
RE1,DEMTERELCILU_LOW,S101,2024,1.0
RE1,DEMTERELCILU_LOW,S101,2025,1.0
RE1,DEMTERELCILU_LOW,S101,2026,1.0
RE1,DEMTERELCILU_LOW,S101,2027,1.0
RE1,DEMTERELCILU_LOW,S101,2028,1.0
RE1,DEMTERELCILU_LOW,S101,2029,1.0
RE1,DEMTERELCILU_LOW,S101,2030,1.0
RE1,DEMTERELCILU_LOW,S101,2031,1.0
RE1,DEMTERELCILU_LOW,S101,2032,1.0
RE1,DEMTERELCILU_LOW,S101,2033,1.0
RE1,DEMTERELCILU_LOW,S101,2034,1.0
RE1,DEMTERELCILU_LOW,S101,2035,1.0
RE1,DEMTERELCILU_LOW,S101,2036,1.0
RE1,DEMTERELCILU_LOW,S101,2037,1.0
RE1,DEMTERELCILU_LOW,S101,2038,1.0
RE1,DEMTERELCILU_LOW,S101,2039,1.0
RE1,DEMTERELCILU_LOW,S101,2040,1.0
RE1,DEMTERELCILU_LOW,S101,2041,1.0
RE1,DEMTERELCILU_LOW,S101,2042,1.0
RE1,DEMTERELCILU_LOW,S101,2043,1.0
RE1,DEMTERELCILU_LOW,S101,2044,1.0
RE1,DEMTERELCILU_LOW,S101,2045,1.0
RE1,DEMTERELCILU_LOW,S101,2046,1.0
RE1,DEMTERELCILU_LOW,S101,2047,1.0
RE1,DEMTERELCILU_LOW,S101,2048,1.0
RE1,DEMTERELCILU_LOW,S101,2049,1.0
RE1,DEMTERELCILU_LOW,S101,2050,1.0
RE1,DEMTERELCILU_LOW,S101,2051,1.0
RE1,DEMTERELCILU_LOW,S101,2052,1.0
RE1,DEMTERELCILU_LOW,S101,2053,1.0
RE1,DEMTERELCILU_LOW,S101,2054,1.0
RE1,DEMTERELCILU_LOW,S101,2055,1.0
RE1,DEMTERELCILU_LOW,S102,2022,1.0
RE1,DEMTERELCILU_LOW,S102,2023,1.0
RE1,DEMTERELCILU_LOW,S102,2024,1.0
RE1,DEMTERELCILU_LOW,S102,2025,1.0
RE1,DEMTERELCILU_LOW,S102,2026,1.0
RE1,DEMTERELCILU_LOW,S102,2027,1.0
RE1,DEMTERELCILU_LOW,S102,2028,1.0
RE1,DEMTERELCILU_LOW,S102,2029,1.0
RE1,DEMTERELCILU_LOW,S102,2030,1.0
RE1,DEMTERELCILU_LOW,S102,2031,1.0
RE1,DEMTERELCILU_LOW,S102,2032,1.0
RE1,DEMTERELCILU_LOW,S102,2033,1.0
RE1,DEMTERELCILU_LOW,S102,2034,1.0
RE1,DEMTERELCILU_LOW,S102,2035,1.0
RE1,DEMTERELCILU_LOW,S102,2036,1.0
RE1,DEMTERELCILU_LOW,S102,2037,1.0
RE1,DEMTERELCILU_LOW,S102,2038,1.0
RE1,DEMTERELCILU_LOW,S102,2039,1.0
RE1,DEMTERELCILU_LOW,S102,2040,1.0
RE1,DEMTERELCILU_LOW,S102,2041,1.0
RE1,DEMTERELCILU_LOW,S102,2042,1.0
RE1,DEMTERELCILU_LOW,S102,2043,1.0
RE1,DEMTERELCILU_LOW,S102,2044,1.0
RE1,DEMTERELCILU_LOW,S102,2045,1.0
RE1,DEMTERELCILU_LOW,S102,2046,1.0
RE1,DEMTERELCILU_LOW,S102,2047,1.0
RE1,DEMTERELCILU_LOW,S102,2048,1.0
RE1,DEMTERELCILU_LOW,S102,2049,1.0
RE1,DEMTERELCILU_LOW,S102,2050,1.0
RE1,DEMTERELCILU_LOW,S102,2051,1.0
RE1,DEMTERELCILU_LOW,S102,2052,1.0
RE1,DEMTERELCILU_LOW,S102,2053,1.0
RE1,DEMTERELCILU_LOW,S102,2054,1.0
RE1,DEMTERELCILU_LOW,S102,2055,1.0
RE1,DEMTERELCILU_MID,S101,2022,1.0
RE1,DEMTERELCILU_MID,S101,2023,1.0
RE1,DEMTERELCILU_MID,S101,2024,1.0
RE1,DEMTERELCILU_MID,S101,2025,1.0
RE1,DEMTERELCILU_MID,S101,2026,1.0
RE1,DEMTERELCILU_MID,S101,2027,1.0
RE1,DEMTERELCILU_MID,S101,2028,1.0
RE1,DEMTERELCILU_MID,S101,2029,1.0
RE1,DEMTERELCILU_MID,S101,2030,1.0
RE1,DEMTERELCILU_MID,S101,2031,1.0
RE1,DEMTERELCILU_MID,S101,2032,1.0
RE1,DEMTERELCILU_MID,S101,2033,1.0
RE1,DEMTERELCILU_MID,S101,2034,1.0
RE1,DEMTERELCILU_MID,S101,2035,1.0
RE1,DEMTERELCILU_MID,S101,2036,1.0
RE1,DEMTERELCILU_MID,S101,2037,1.0
RE1,DEMTERELCILU_MID,S101,2038,1.0
RE1,DEMTERELCILU_MID,S101,2039,1.0
RE1,DEMTERELCILU_MID,S101,2040,1.0
RE1,DEMTERELCILU_MID,S101,2041,1.0
RE1,DEMTERELCILU_MID,S101,2042,1.0
RE1,DEMTERELCILU_MID,S101,2043,1.0
RE1,DEMTERELCILU_MID,S101,2044,1.0
RE1,DEMTERELCILU_MID,S101,2045,1.0
RE1,DEMTERELCILU_MID,S101,2046,1.0
RE1,DEMTERELCILU_MID,S101,2047,1.0
RE1,DEMTERELCILU_MID,S101,2048,1.0
RE1,DEMTERELCILU_MID,S101,2049,1.0
RE1,DEMTERELCILU_MID,S101,2050,1.0
RE1,DEMTERELCILU_MID,S101,2051,1.0
RE1,DEMTERELCILU_MID,S101,2052,1.0
RE1,DEMTERELCILU_MID,S101,2053,1.0
RE1,DEMTERELCILU_MID,S101,2054,1.0
RE1,DEMTERELCILU_MID,S101,2055,1.0
RE1,DEMTERELCILU_MID,S102,2022,1.0
RE1,DEMTERELCILU_MID,S102,2023,1.0
RE1,DEMTERELCILU_MID,S102,2024,1.0
RE1,DEMTERELCILU_MID,S102,2025,1.0
RE1,DEMTERELCILU_MID,S102,2026,1.0
RE1,DEMTERELCILU_MID,S102,2027,1.0
RE1,DEMTERELCILU_MID,S102,2028,1.0
RE1,DEMTERELCILU_MID,S102,2029,1.0
RE1,DEMTERELCILU_MID,S102,2030,1.0
RE1,DEMTERELCILU_MID,S102,2031,1.0
RE1,DEMTERELCILU_MID,S102,2032,1.0
RE1,DEMTERELCILU_MID,S102,2033,1.0
RE1,DEMTERELCILU_MID,S102,2034,1.0
RE1,DEMTERELCILU_MID,S102,2035,1.0
RE1,DEMTERELCILU_MID,S102,2036,1.0
RE1,DEMTERELCILU_MID,S102,2037,1.0
RE1,DEMTERELCILU_MID,S102,2038,1.0
RE1,DEMTERELCILU_MID,S102,2039,1.0
RE1,DEMTERELCILU_MID,S102,2040,1.0
RE1,DEMTERELCILU_MID,S102,2041,1.0
RE1,DEMTERELCILU_MID,S102,2042,1.0
RE1,DEMTERELCILU_MID,S102,2043,1.0
RE1,DEMTERELCILU_MID,S102,2044,1.0
RE1,DEMTERELCILU_MID,S102,2045,1.0
RE1,DEMTERELCILU_MID,S102,2046,1.0
RE1,DEMTERELCILU_MID,S102,2047,1.0
RE1,DEMTERELCILU_MID,S102,2048,1.0
RE1,DEMTERELCILU_MID,S102,2049,1.0
RE1,DEMTERELCILU_MID,S102,2050,1.0
RE1,DEMTERELCILU_MID,S102,2051,1.0
RE1,DEMTERELCILU_MID,S102,2052,1.0
RE1,DEMTERELCILU_MID,S102,2053,1.0
RE1,DEMTERELCILU_MID,S102,2054,1.0
RE1,DEMTERELCILU_MID,S102,2055,1.0
RE1,DEMTERELCILU_VAP,S101,2022,1.0
RE1,DEMTERELCILU_VAP,S101,2023,1.0
RE1,DEMTERELCILU_VAP,S101,2024,1.0
RE1,DEMTERELCILU_VAP,S101,2025,1.0
RE1,DEMTERELCILU_VAP,S101,2026,1.0
RE1,DEMTERELCILU_VAP,S101,2027,1.0
RE1,DEMTERELCILU_VAP,S101,2028,1.0
RE1,DEMTERELCILU_VAP,S101,2029,1.0
RE1,DEMTERELCILU_VAP,S101,2030,1.0
RE1,DEMTERELCILU_VAP,S101,2031,1.0
RE1,DEMTERELCILU_VAP,S101,2032,1.0
RE1,DEMTERELCILU_VAP,S101,2033,1.0
RE1,DEMTERELCILU_VAP,S101,2034,1.0
RE1,DEMTERELCILU_VAP,S101,2035,1.0
RE1,DEMTERELCILU_VAP,S101,2036,1.0
RE1,DEMTERELCILU_VAP,S101,2037,1.0
RE1,DEMTERELCILU_VAP,S101,2038,1.0
RE1,DEMTERELCILU_VAP,S101,2039,1.0
RE1,DEMTERELCILU_VAP,S101,2040,1.0
RE1,DEMTERELCILU_VAP,S101,2041,1.0
RE1,DEMTERELCILU_VAP,S101,2042,1.0
RE1,DEMTERELCILU_VAP,S101,2043,1.0
RE1,DEMTERELCILU_VAP,S101,2044,1.0
RE1,DEMTERELCILU_VAP,S101,2045,1.0
RE1,DEMTERELCILU_VAP,S101,2046,1.0
RE1,DEMTERELCILU_VAP,S101,2047,1.0
RE1,DEMTERELCILU_VAP,S101,2048,1.0
RE1,DEMTERELCILU_VAP,S101,2049,1.0
RE1,DEMTERELCILU_VAP,S101,2050,1.0
RE1,DEMTERELCILU_VAP,S101,2051,1.0
RE1,DEMTERELCILU_VAP,S101,2052,1.0
RE1,DEMTERELCILU_VAP,S101,2053,1.0
RE1,DEMTERELCILU_VAP,S101,2054,1.0
RE1,DEMTERELCILU_VAP,S101,2055,1.0
RE1,DEMTERELCILU_VAP,S102,2022,1.0
RE1,DEMTERELCILU_VAP,S102,2023,1.0
RE1,DEMTERELCILU_VAP,S102,2024,1.0
RE1,DEMTERELCILU_VAP,S102,2025,1.0
RE1,DEMTERELCILU_VAP,S102,2026,1.0
RE1,DEMTERELCILU_VAP,S102,2027,1.0
RE1,DEMTERELCILU_VAP,S102,2028,1.0
RE1,DEMTERELCILU_VAP,S102,2029,1.0
RE1,DEMTERELCILU_VAP,S102,2030,1.0
RE1,DEMTERELCILU_VAP,S102,2031,1.0
RE1,DEMTERELCILU_VAP,S102,2032,1.0
RE1,DEMTERELCILU_VAP,S102,2033,1.0
RE1,DEMTERELCILU_VAP,S102,2034,1.0
RE1,DEMTERELCILU_VAP,S102,2035,1.0
RE1,DEMTERELCILU_VAP,S102,2036,1.0
RE1,DEMTERELCILU_VAP,S102,2037,1.0
RE1,DEMTERELCILU_VAP,S102,2038,1.0
RE1,DEMTERELCILU_VAP,S102,2039,1.0
RE1,DEMTERELCILU_VAP,S102,2040,1.0
RE1,DEMTERELCILU_VAP,S102,2041,1.0
RE1,DEMTERELCILU_VAP,S102,2042,1.0
RE1,DEMTERELCILU_VAP,S102,2043,1.0
RE1,DEMTERELCILU_VAP,S102,2044,1.0
RE1,DEMTERELCILU_VAP,S102,2045,1.0
RE1,DEMTERELCILU_VAP,S102,2046,1.0
RE1,DEMTERELCILU_VAP,S102,2047,1.0
RE1,DEMTERELCILU_VAP,S102,2048,1.0
RE1,DEMTERELCILU_VAP,S102,2049,1.0
RE1,DEMTERELCILU_VAP,S102,2050,1.0
RE1,DEMTERELCILU_VAP,S102,2051,1.0
RE1,DEMTERELCILU_VAP,S102,2052,1.0
RE1,DEMTERELCILU_VAP,S102,2053,1.0
RE1,DEMTERELCILU_VAP,S102,2054,1.0
RE1,DEMTERELCILU_VAP,S102,2055,1.0
RE1,DEMTERELCMPW_HIG,S101,2022,1.0
RE1,DEMTERELCMPW_HIG,S101,2023,1.0
RE1,DEMTERELCMPW_HIG,S101,2024,1.0
RE1,DEMTERELCMPW_HIG,S101,2025,1.0
RE1,DEMTERELCMPW_HIG,S101,2026,1.0
RE1,DEMTERELCMPW_HIG,S101,2027,1.0
RE1,DEMTERELCMPW_HIG,S101,2028,1.0
RE1,DEMTERELCMPW_HIG,S101,2029,1.0
RE1,DEMTERELCMPW_HIG,S101,2030,1.0
RE1,DEMTERELCMPW_HIG,S101,2031,1.0
RE1,DEMTERELCMPW_HIG,S101,2032,1.0
RE1,DEMTERELCMPW_HIG,S101,2033,1.0
RE1,DEMTERELCMPW_HIG,S101,2034,1.0
RE1,DEMTERELCMPW_HIG,S101,2035,1.0
RE1,DEMTERELCMPW_HIG,S101,2036,1.0
RE1,DEMTERELCMPW_HIG,S101,2037,1.0
RE1,DEMTERELCMPW_HIG,S101,2038,1.0
RE1,DEMTERELCMPW_HIG,S101,2039,1.0
RE1,DEMTERELCMPW_HIG,S101,2040,1.0
RE1,DEMTERELCMPW_HIG,S101,2041,1.0
RE1,DEMTERELCMPW_HIG,S101,2042,1.0
RE1,DEMTERELCMPW_HIG,S101,2043,1.0
RE1,DEMTERELCMPW_HIG,S101,2044,1.0
RE1,DEMTERELCMPW_HIG,S101,2045,1.0
RE1,DEMTERELCMPW_HIG,S101,2046,1.0
RE1,DEMTERELCMPW_HIG,S101,2047,1.0
RE1,DEMTERELCMPW_HIG,S101,2048,1.0
RE1,DEMTERELCMPW_HIG,S101,2049,1.0
RE1,DEMTERELCMPW_HIG,S101,2050,1.0
RE1,DEMTERELCMPW_HIG,S101,2051,1.0
RE1,DEMTERELCMPW_HIG,S101,2052,1.0
RE1,DEMTERELCMPW_HIG,S101,2053,1.0
RE1,DEMTERELCMPW_HIG,S101,2054,1.0
RE1,DEMTERELCMPW_HIG,S101,2055,1.0
RE1,DEMTERELCMPW_HIG,S102,2022,1.0
RE1,DEMTERELCMPW_HIG,S102,2023,1.0
RE1,DEMTERELCMPW_HIG,S102,2024,1.0
RE1,DEMTERELCMPW_HIG,S102,2025,1.0
RE1,DEMTERELCMPW_HIG,S102,2026,1.0
RE1,DEMTERELCMPW_HIG,S102,2027,1.0
RE1,DEMTERELCMPW_HIG,S102,2028,1.0
RE1,DEMTERELCMPW_HIG,S102,2029,1.0
RE1,DEMTERELCMPW_HIG,S102,2030,1.0
RE1,DEMTERELCMPW_HIG,S102,2031,1.0
RE1,DEMTERELCMPW_HIG,S102,2032,1.0
RE1,DEMTERELCMPW_HIG,S102,2033,1.0
RE1,DEMTERELCMPW_HIG,S102,2034,1.0
RE1,DEMTERELCMPW_HIG,S102,2035,1.0
RE1,DEMTERELCMPW_HIG,S102,2036,1.0
RE1,DEMTERELCMPW_HIG,S102,2037,1.0
RE1,DEMTERELCMPW_HIG,S102,2038,1.0
RE1,DEMTERELCMPW_HIG,S102,2039,1.0
RE1,DEMTERELCMPW_HIG,S102,2040,1.0
RE1,DEMTERELCMPW_HIG,S102,2041,1.0
RE1,DEMTERELCMPW_HIG,S102,2042,1.0
RE1,DEMTERELCMPW_HIG,S102,2043,1.0
RE1,DEMTERELCMPW_HIG,S102,2044,1.0
RE1,DEMTERELCMPW_HIG,S102,2045,1.0
RE1,DEMTERELCMPW_HIG,S102,2046,1.0
RE1,DEMTERELCMPW_HIG,S102,2047,1.0
RE1,DEMTERELCMPW_HIG,S102,2048,1.0
RE1,DEMTERELCMPW_HIG,S102,2049,1.0
RE1,DEMTERELCMPW_HIG,S102,2050,1.0
RE1,DEMTERELCMPW_HIG,S102,2051,1.0
RE1,DEMTERELCMPW_HIG,S102,2052,1.0
RE1,DEMTERELCMPW_HIG,S102,2053,1.0
RE1,DEMTERELCMPW_HIG,S102,2054,1.0
RE1,DEMTERELCMPW_HIG,S102,2055,1.0
RE1,DEMTERELCMPW_LOW,S101,2022,1.0
RE1,DEMTERELCMPW_LOW,S101,2023,1.0
RE1,DEMTERELCMPW_LOW,S101,2024,1.0
RE1,DEMTERELCMPW_LOW,S101,2025,1.0
RE1,DEMTERELCMPW_LOW,S101,2026,1.0
RE1,DEMTERELCMPW_LOW,S101,2027,1.0
RE1,DEMTERELCMPW_LOW,S101,2028,1.0
RE1,DEMTERELCMPW_LOW,S101,2029,1.0
RE1,DEMTERELCMPW_LOW,S101,2030,1.0
RE1,DEMTERELCMPW_LOW,S101,2031,1.0
RE1,DEMTERELCMPW_LOW,S101,2032,1.0
RE1,DEMTERELCMPW_LOW,S101,2033,1.0
RE1,DEMTERELCMPW_LOW,S101,2034,1.0
RE1,DEMTERELCMPW_LOW,S101,2035,1.0
RE1,DEMTERELCMPW_LOW,S101,2036,1.0
RE1,DEMTERELCMPW_LOW,S101,2037,1.0
RE1,DEMTERELCMPW_LOW,S101,2038,1.0
RE1,DEMTERELCMPW_LOW,S101,2039,1.0
RE1,DEMTERELCMPW_LOW,S101,2040,1.0
RE1,DEMTERELCMPW_LOW,S101,2041,1.0
RE1,DEMTERELCMPW_LOW,S101,2042,1.0
RE1,DEMTERELCMPW_LOW,S101,2043,1.0
RE1,DEMTERELCMPW_LOW,S101,2044,1.0
RE1,DEMTERELCMPW_LOW,S101,2045,1.0
RE1,DEMTERELCMPW_LOW,S101,2046,1.0
RE1,DEMTERELCMPW_LOW,S101,2047,1.0
RE1,DEMTERELCMPW_LOW,S101,2048,1.0
RE1,DEMTERELCMPW_LOW,S101,2049,1.0
RE1,DEMTERELCMPW_LOW,S101,2050,1.0
RE1,DEMTERELCMPW_LOW,S101,2051,1.0
RE1,DEMTERELCMPW_LOW,S101,2052,1.0
RE1,DEMTERELCMPW_LOW,S101,2053,1.0
RE1,DEMTERELCMPW_LOW,S101,2054,1.0
RE1,DEMTERELCMPW_LOW,S101,2055,1.0
RE1,DEMTERELCMPW_LOW,S102,2022,1.0
RE1,DEMTERELCMPW_LOW,S102,2023,1.0
RE1,DEMTERELCMPW_LOW,S102,2024,1.0
RE1,DEMTERELCMPW_LOW,S102,2025,1.0
RE1,DEMTERELCMPW_LOW,S102,2026,1.0
RE1,DEMTERELCMPW_LOW,S102,2027,1.0
RE1,DEMTERELCMPW_LOW,S102,2028,1.0
RE1,DEMTERELCMPW_LOW,S102,2029,1.0
RE1,DEMTERELCMPW_LOW,S102,2030,1.0
RE1,DEMTERELCMPW_LOW,S102,2031,1.0
RE1,DEMTERELCMPW_LOW,S102,2032,1.0
RE1,DEMTERELCMPW_LOW,S102,2033,1.0
RE1,DEMTERELCMPW_LOW,S102,2034,1.0
RE1,DEMTERELCMPW_LOW,S102,2035,1.0
RE1,DEMTERELCMPW_LOW,S102,2036,1.0
RE1,DEMTERELCMPW_LOW,S102,2037,1.0
RE1,DEMTERELCMPW_LOW,S102,2038,1.0
RE1,DEMTERELCMPW_LOW,S102,2039,1.0
RE1,DEMTERELCMPW_LOW,S102,2040,1.0
RE1,DEMTERELCMPW_LOW,S102,2041,1.0
RE1,DEMTERELCMPW_LOW,S102,2042,1.0
RE1,DEMTERELCMPW_LOW,S102,2043,1.0
RE1,DEMTERELCMPW_LOW,S102,2044,1.0
RE1,DEMTERELCMPW_LOW,S102,2045,1.0
RE1,DEMTERELCMPW_LOW,S102,2046,1.0
RE1,DEMTERELCMPW_LOW,S102,2047,1.0
RE1,DEMTERELCMPW_LOW,S102,2048,1.0
RE1,DEMTERELCMPW_LOW,S102,2049,1.0
RE1,DEMTERELCMPW_LOW,S102,2050,1.0
RE1,DEMTERELCMPW_LOW,S102,2051,1.0
RE1,DEMTERELCMPW_LOW,S102,2052,1.0
RE1,DEMTERELCMPW_LOW,S102,2053,1.0
RE1,DEMTERELCMPW_LOW,S102,2054,1.0
RE1,DEMTERELCMPW_LOW,S102,2055,1.0
RE1,DEMTERELCMPW_MID,S101,2022,1.0
RE1,DEMTERELCMPW_MID,S101,2023,1.0
RE1,DEMTERELCMPW_MID,S101,2024,1.0
RE1,DEMTERELCMPW_MID,S101,2025,1.0
RE1,DEMTERELCMPW_MID,S101,2026,1.0
RE1,DEMTERELCMPW_MID,S101,2027,1.0
RE1,DEMTERELCMPW_MID,S101,2028,1.0
RE1,DEMTERELCMPW_MID,S101,2029,1.0
RE1,DEMTERELCMPW_MID,S101,2030,1.0
RE1,DEMTERELCMPW_MID,S101,2031,1.0
RE1,DEMTERELCMPW_MID,S101,2032,1.0
RE1,DEMTERELCMPW_MID,S101,2033,1.0
RE1,DEMTERELCMPW_MID,S101,2034,1.0
RE1,DEMTERELCMPW_MID,S101,2035,1.0
RE1,DEMTERELCMPW_MID,S101,2036,1.0
RE1,DEMTERELCMPW_MID,S101,2037,1.0
RE1,DEMTERELCMPW_MID,S101,2038,1.0
RE1,DEMTERELCMPW_MID,S101,2039,1.0
RE1,DEMTERELCMPW_MID,S101,2040,1.0
RE1,DEMTERELCMPW_MID,S101,2041,1.0
RE1,DEMTERELCMPW_MID,S101,2042,1.0
RE1,DEMTERELCMPW_MID,S101,2043,1.0
RE1,DEMTERELCMPW_MID,S101,2044,1.0
RE1,DEMTERELCMPW_MID,S101,2045,1.0
RE1,DEMTERELCMPW_MID,S101,2046,1.0
RE1,DEMTERELCMPW_MID,S101,2047,1.0
RE1,DEMTERELCMPW_MID,S101,2048,1.0
RE1,DEMTERELCMPW_MID,S101,2049,1.0
RE1,DEMTERELCMPW_MID,S101,2050,1.0
RE1,DEMTERELCMPW_MID,S101,2051,1.0
RE1,DEMTERELCMPW_MID,S101,2052,1.0
RE1,DEMTERELCMPW_MID,S101,2053,1.0
RE1,DEMTERELCMPW_MID,S101,2054,1.0
RE1,DEMTERELCMPW_MID,S101,2055,1.0
RE1,DEMTERELCMPW_MID,S102,2022,1.0
RE1,DEMTERELCMPW_MID,S102,2023,1.0
RE1,DEMTERELCMPW_MID,S102,2024,1.0
RE1,DEMTERELCMPW_MID,S102,2025,1.0
RE1,DEMTERELCMPW_MID,S102,2026,1.0
RE1,DEMTERELCMPW_MID,S102,2027,1.0
RE1,DEMTERELCMPW_MID,S102,2028,1.0
RE1,DEMTERELCMPW_MID,S102,2029,1.0
RE1,DEMTERELCMPW_MID,S102,2030,1.0
RE1,DEMTERELCMPW_MID,S102,2031,1.0
RE1,DEMTERELCMPW_MID,S102,2032,1.0
RE1,DEMTERELCMPW_MID,S102,2033,1.0
RE1,DEMTERELCMPW_MID,S102,2034,1.0
RE1,DEMTERELCMPW_MID,S102,2035,1.0
RE1,DEMTERELCMPW_MID,S102,2036,1.0
RE1,DEMTERELCMPW_MID,S102,2037,1.0
RE1,DEMTERELCMPW_MID,S102,2038,1.0
RE1,DEMTERELCMPW_MID,S102,2039,1.0
RE1,DEMTERELCMPW_MID,S102,2040,1.0
RE1,DEMTERELCMPW_MID,S102,2041,1.0
RE1,DEMTERELCMPW_MID,S102,2042,1.0
RE1,DEMTERELCMPW_MID,S102,2043,1.0
RE1,DEMTERELCMPW_MID,S102,2044,1.0
RE1,DEMTERELCMPW_MID,S102,2045,1.0
RE1,DEMTERELCMPW_MID,S102,2046,1.0
RE1,DEMTERELCMPW_MID,S102,2047,1.0
RE1,DEMTERELCMPW_MID,S102,2048,1.0
RE1,DEMTERELCMPW_MID,S102,2049,1.0
RE1,DEMTERELCMPW_MID,S102,2050,1.0
RE1,DEMTERELCMPW_MID,S102,2051,1.0
RE1,DEMTERELCMPW_MID,S102,2052,1.0
RE1,DEMTERELCMPW_MID,S102,2053,1.0
RE1,DEMTERELCMPW_MID,S102,2054,1.0
RE1,DEMTERELCMPW_MID,S102,2055,1.0
RE1,DEMTERELCOTH_HIG,S101,2022,1.0
RE1,DEMTERELCOTH_HIG,S101,2023,1.0
RE1,DEMTERELCOTH_HIG,S101,2024,1.0
RE1,DEMTERELCOTH_HIG,S101,2025,1.0
RE1,DEMTERELCOTH_HIG,S101,2026,1.0
RE1,DEMTERELCOTH_HIG,S101,2027,1.0
RE1,DEMTERELCOTH_HIG,S101,2028,1.0
RE1,DEMTERELCOTH_HIG,S101,2029,1.0
RE1,DEMTERELCOTH_HIG,S101,2030,1.0
RE1,DEMTERELCOTH_HIG,S101,2031,1.0
RE1,DEMTERELCOTH_HIG,S101,2032,1.0
RE1,DEMTERELCOTH_HIG,S101,2033,1.0
RE1,DEMTERELCOTH_HIG,S101,2034,1.0
RE1,DEMTERELCOTH_HIG,S101,2035,1.0
RE1,DEMTERELCOTH_HIG,S101,2036,1.0
RE1,DEMTERELCOTH_HIG,S101,2037,1.0
RE1,DEMTERELCOTH_HIG,S101,2038,1.0
RE1,DEMTERELCOTH_HIG,S101,2039,1.0
RE1,DEMTERELCOTH_HIG,S101,2040,1.0
RE1,DEMTERELCOTH_HIG,S101,2041,1.0
RE1,DEMTERELCOTH_HIG,S101,2042,1.0
RE1,DEMTERELCOTH_HIG,S101,2043,1.0
RE1,DEMTERELCOTH_HIG,S101,2044,1.0
RE1,DEMTERELCOTH_HIG,S101,2045,1.0
RE1,DEMTERELCOTH_HIG,S101,2046,1.0
RE1,DEMTERELCOTH_HIG,S101,2047,1.0
RE1,DEMTERELCOTH_HIG,S101,2048,1.0
RE1,DEMTERELCOTH_HIG,S101,2049,1.0
RE1,DEMTERELCOTH_HIG,S101,2050,1.0
RE1,DEMTERELCOTH_HIG,S101,2051,1.0
RE1,DEMTERELCOTH_HIG,S101,2052,1.0
RE1,DEMTERELCOTH_HIG,S101,2053,1.0
RE1,DEMTERELCOTH_HIG,S101,2054,1.0
RE1,DEMTERELCOTH_HIG,S101,2055,1.0
RE1,DEMTERELCOTH_HIG,S102,2022,1.0
RE1,DEMTERELCOTH_HIG,S102,2023,1.0
RE1,DEMTERELCOTH_HIG,S102,2024,1.0
RE1,DEMTERELCOTH_HIG,S102,2025,1.0
RE1,DEMTERELCOTH_HIG,S102,2026,1.0
RE1,DEMTERELCOTH_HIG,S102,2027,1.0
RE1,DEMTERELCOTH_HIG,S102,2028,1.0
RE1,DEMTERELCOTH_HIG,S102,2029,1.0
RE1,DEMTERELCOTH_HIG,S102,2030,1.0
RE1,DEMTERELCOTH_HIG,S102,2031,1.0
RE1,DEMTERELCOTH_HIG,S102,2032,1.0
RE1,DEMTERELCOTH_HIG,S102,2033,1.0
RE1,DEMTERELCOTH_HIG,S102,2034,1.0
RE1,DEMTERELCOTH_HIG,S102,2035,1.0
RE1,DEMTERELCOTH_HIG,S102,2036,1.0
RE1,DEMTERELCOTH_HIG,S102,2037,1.0
RE1,DEMTERELCOTH_HIG,S102,2038,1.0
RE1,DEMTERELCOTH_HIG,S102,2039,1.0
RE1,DEMTERELCOTH_HIG,S102,2040,1.0
RE1,DEMTERELCOTH_HIG,S102,2041,1.0
RE1,DEMTERELCOTH_HIG,S102,2042,1.0
RE1,DEMTERELCOTH_HIG,S102,2043,1.0
RE1,DEMTERELCOTH_HIG,S102,2044,1.0
RE1,DEMTERELCOTH_HIG,S102,2045,1.0
RE1,DEMTERELCOTH_HIG,S102,2046,1.0
RE1,DEMTERELCOTH_HIG,S102,2047,1.0
RE1,DEMTERELCOTH_HIG,S102,2048,1.0
RE1,DEMTERELCOTH_HIG,S102,2049,1.0
RE1,DEMTERELCOTH_HIG,S102,2050,1.0
RE1,DEMTERELCOTH_HIG,S102,2051,1.0
RE1,DEMTERELCOTH_HIG,S102,2052,1.0
RE1,DEMTERELCOTH_HIG,S102,2053,1.0
RE1,DEMTERELCOTH_HIG,S102,2054,1.0
RE1,DEMTERELCOTH_HIG,S102,2055,1.0
RE1,DEMTERELCOTH_LOW,S101,2022,1.0
RE1,DEMTERELCOTH_LOW,S101,2023,1.0
RE1,DEMTERELCOTH_LOW,S101,2024,1.0
RE1,DEMTERELCOTH_LOW,S101,2025,1.0
RE1,DEMTERELCOTH_LOW,S101,2026,1.0
RE1,DEMTERELCOTH_LOW,S101,2027,1.0
RE1,DEMTERELCOTH_LOW,S101,2028,1.0
RE1,DEMTERELCOTH_LOW,S101,2029,1.0
RE1,DEMTERELCOTH_LOW,S101,2030,1.0
RE1,DEMTERELCOTH_LOW,S101,2031,1.0
RE1,DEMTERELCOTH_LOW,S101,2032,1.0
RE1,DEMTERELCOTH_LOW,S101,2033,1.0
RE1,DEMTERELCOTH_LOW,S101,2034,1.0
RE1,DEMTERELCOTH_LOW,S101,2035,1.0
RE1,DEMTERELCOTH_LOW,S101,2036,1.0
RE1,DEMTERELCOTH_LOW,S101,2037,1.0
RE1,DEMTERELCOTH_LOW,S101,2038,1.0
RE1,DEMTERELCOTH_LOW,S101,2039,1.0
RE1,DEMTERELCOTH_LOW,S101,2040,1.0
RE1,DEMTERELCOTH_LOW,S101,2041,1.0
RE1,DEMTERELCOTH_LOW,S101,2042,1.0
RE1,DEMTERELCOTH_LOW,S101,2043,1.0
RE1,DEMTERELCOTH_LOW,S101,2044,1.0
RE1,DEMTERELCOTH_LOW,S101,2045,1.0
RE1,DEMTERELCOTH_LOW,S101,2046,1.0
RE1,DEMTERELCOTH_LOW,S101,2047,1.0
RE1,DEMTERELCOTH_LOW,S101,2048,1.0
RE1,DEMTERELCOTH_LOW,S101,2049,1.0
RE1,DEMTERELCOTH_LOW,S101,2050,1.0
RE1,DEMTERELCOTH_LOW,S101,2051,1.0
RE1,DEMTERELCOTH_LOW,S101,2052,1.0
RE1,DEMTERELCOTH_LOW,S101,2053,1.0
RE1,DEMTERELCOTH_LOW,S101,2054,1.0
RE1,DEMTERELCOTH_LOW,S101,2055,1.0
RE1,DEMTERELCOTH_LOW,S102,2022,1.0
RE1,DEMTERELCOTH_LOW,S102,2023,1.0
RE1,DEMTERELCOTH_LOW,S102,2024,1.0
RE1,DEMTERELCOTH_LOW,S102,2025,1.0
RE1,DEMTERELCOTH_LOW,S102,2026,1.0
RE1,DEMTERELCOTH_LOW,S102,2027,1.0
RE1,DEMTERELCOTH_LOW,S102,2028,1.0
RE1,DEMTERELCOTH_LOW,S102,2029,1.0
RE1,DEMTERELCOTH_LOW,S102,2030,1.0
RE1,DEMTERELCOTH_LOW,S102,2031,1.0
RE1,DEMTERELCOTH_LOW,S102,2032,1.0
RE1,DEMTERELCOTH_LOW,S102,2033,1.0
RE1,DEMTERELCOTH_LOW,S102,2034,1.0
RE1,DEMTERELCOTH_LOW,S102,2035,1.0
RE1,DEMTERELCOTH_LOW,S102,2036,1.0
RE1,DEMTERELCOTH_LOW,S102,2037,1.0
RE1,DEMTERELCOTH_LOW,S102,2038,1.0
RE1,DEMTERELCOTH_LOW,S102,2039,1.0
RE1,DEMTERELCOTH_LOW,S102,2040,1.0
RE1,DEMTERELCOTH_LOW,S102,2041,1.0
RE1,DEMTERELCOTH_LOW,S102,2042,1.0
RE1,DEMTERELCOTH_LOW,S102,2043,1.0
RE1,DEMTERELCOTH_LOW,S102,2044,1.0
RE1,DEMTERELCOTH_LOW,S102,2045,1.0
RE1,DEMTERELCOTH_LOW,S102,2046,1.0
RE1,DEMTERELCOTH_LOW,S102,2047,1.0
RE1,DEMTERELCOTH_LOW,S102,2048,1.0
RE1,DEMTERELCOTH_LOW,S102,2049,1.0
RE1,DEMTERELCOTH_LOW,S102,2050,1.0
RE1,DEMTERELCOTH_LOW,S102,2051,1.0
RE1,DEMTERELCOTH_LOW,S102,2052,1.0
RE1,DEMTERELCOTH_LOW,S102,2053,1.0
RE1,DEMTERELCOTH_LOW,S102,2054,1.0
RE1,DEMTERELCOTH_LOW,S102,2055,1.0
RE1,DEMTERELCOTH_MID,S101,2022,1.0
RE1,DEMTERELCOTH_MID,S101,2023,1.0
RE1,DEMTERELCOTH_MID,S101,2024,1.0
RE1,DEMTERELCOTH_MID,S101,2025,1.0
RE1,DEMTERELCOTH_MID,S101,2026,1.0
RE1,DEMTERELCOTH_MID,S101,2027,1.0
RE1,DEMTERELCOTH_MID,S101,2028,1.0
RE1,DEMTERELCOTH_MID,S101,2029,1.0
RE1,DEMTERELCOTH_MID,S101,2030,1.0
RE1,DEMTERELCOTH_MID,S101,2031,1.0
RE1,DEMTERELCOTH_MID,S101,2032,1.0
RE1,DEMTERELCOTH_MID,S101,2033,1.0
RE1,DEMTERELCOTH_MID,S101,2034,1.0
RE1,DEMTERELCOTH_MID,S101,2035,1.0
RE1,DEMTERELCOTH_MID,S101,2036,1.0
RE1,DEMTERELCOTH_MID,S101,2037,1.0
RE1,DEMTERELCOTH_MID,S101,2038,1.0
RE1,DEMTERELCOTH_MID,S101,2039,1.0
RE1,DEMTERELCOTH_MID,S101,2040,1.0
RE1,DEMTERELCOTH_MID,S101,2041,1.0
RE1,DEMTERELCOTH_MID,S101,2042,1.0
RE1,DEMTERELCOTH_MID,S101,2043,1.0
RE1,DEMTERELCOTH_MID,S101,2044,1.0
RE1,DEMTERELCOTH_MID,S101,2045,1.0
RE1,DEMTERELCOTH_MID,S101,2046,1.0
RE1,DEMTERELCOTH_MID,S101,2047,1.0
RE1,DEMTERELCOTH_MID,S101,2048,1.0
RE1,DEMTERELCOTH_MID,S101,2049,1.0
RE1,DEMTERELCOTH_MID,S101,2050,1.0
RE1,DEMTERELCOTH_MID,S101,2051,1.0
RE1,DEMTERELCOTH_MID,S101,2052,1.0
RE1,DEMTERELCOTH_MID,S101,2053,1.0
RE1,DEMTERELCOTH_MID,S101,2054,1.0
RE1,DEMTERELCOTH_MID,S101,2055,1.0
RE1,DEMTERELCOTH_MID,S102,2022,1.0
RE1,DEMTERELCOTH_MID,S102,2023,1.0
RE1,DEMTERELCOTH_MID,S102,2024,1.0
RE1,DEMTERELCOTH_MID,S102,2025,1.0
RE1,DEMTERELCOTH_MID,S102,2026,1.0
RE1,DEMTERELCOTH_MID,S102,2027,1.0
RE1,DEMTERELCOTH_MID,S102,2028,1.0
RE1,DEMTERELCOTH_MID,S102,2029,1.0
RE1,DEMTERELCOTH_MID,S102,2030,1.0
RE1,DEMTERELCOTH_MID,S102,2031,1.0
RE1,DEMTERELCOTH_MID,S102,2032,1.0
RE1,DEMTERELCOTH_MID,S102,2033,1.0
RE1,DEMTERELCOTH_MID,S102,2034,1.0
RE1,DEMTERELCOTH_MID,S102,2035,1.0
RE1,DEMTERELCOTH_MID,S102,2036,1.0
RE1,DEMTERELCOTH_MID,S102,2037,1.0
RE1,DEMTERELCOTH_MID,S102,2038,1.0
RE1,DEMTERELCOTH_MID,S102,2039,1.0
RE1,DEMTERELCOTH_MID,S102,2040,1.0
RE1,DEMTERELCOTH_MID,S102,2041,1.0
RE1,DEMTERELCOTH_MID,S102,2042,1.0
RE1,DEMTERELCOTH_MID,S102,2043,1.0
RE1,DEMTERELCOTH_MID,S102,2044,1.0
RE1,DEMTERELCOTH_MID,S102,2045,1.0
RE1,DEMTERELCOTH_MID,S102,2046,1.0
RE1,DEMTERELCOTH_MID,S102,2047,1.0
RE1,DEMTERELCOTH_MID,S102,2048,1.0
RE1,DEMTERELCOTH_MID,S102,2049,1.0
RE1,DEMTERELCOTH_MID,S102,2050,1.0
RE1,DEMTERELCOTH_MID,S102,2051,1.0
RE1,DEMTERELCOTH_MID,S102,2052,1.0
RE1,DEMTERELCOTH_MID,S102,2053,1.0
RE1,DEMTERELCOTH_MID,S102,2054,1.0
RE1,DEMTERELCOTH_MID,S102,2055,1.0
RE1,DEMTERELCREF_AUC_HIG,S101,2022,1.0
RE1,DEMTERELCREF_AUC_HIG,S101,2023,1.0
RE1,DEMTERELCREF_AUC_HIG,S101,2024,1.0
RE1,DEMTERELCREF_AUC_HIG,S101,2025,1.0
RE1,DEMTERELCREF_AUC_HIG,S101,2026,1.0
RE1,DEMTERELCREF_AUC_HIG,S101,2027,1.0
RE1,DEMTERELCREF_AUC_HIG,S101,2028,1.0
RE1,DEMTERELCREF_AUC_HIG,S101,2029,1.0
RE1,DEMTERELCREF_AUC_HIG,S101,2030,1.0
RE1,DEMTERELCREF_AUC_HIG,S101,2031,1.0
RE1,DEMTERELCREF_AUC_HIG,S101,2032,1.0
RE1,DEMTERELCREF_AUC_HIG,S101,2033,1.0
RE1,DEMTERELCREF_AUC_HIG,S101,2034,1.0
RE1,DEMTERELCREF_AUC_HIG,S101,2035,1.0
RE1,DEMTERELCREF_AUC_HIG,S101,2036,1.0
RE1,DEMTERELCREF_AUC_HIG,S101,2037,1.0
RE1,DEMTERELCREF_AUC_HIG,S101,2038,1.0
RE1,DEMTERELCREF_AUC_HIG,S101,2039,1.0
RE1,DEMTERELCREF_AUC_HIG,S101,2040,1.0
RE1,DEMTERELCREF_AUC_HIG,S101,2041,1.0
RE1,DEMTERELCREF_AUC_HIG,S101,2042,1.0
RE1,DEMTERELCREF_AUC_HIG,S101,2043,1.0
RE1,DEMTERELCREF_AUC_HIG,S101,2044,1.0
RE1,DEMTERELCREF_AUC_HIG,S101,2045,1.0
RE1,DEMTERELCREF_AUC_HIG,S101,2046,1.0
RE1,DEMTERELCREF_AUC_HIG,S101,2047,1.0
RE1,DEMTERELCREF_AUC_HIG,S101,2048,1.0
RE1,DEMTERELCREF_AUC_HIG,S101,2049,1.0
RE1,DEMTERELCREF_AUC_HIG,S101,2050,1.0
RE1,DEMTERELCREF_AUC_HIG,S101,2051,1.0
RE1,DEMTERELCREF_AUC_HIG,S101,2052,1.0
RE1,DEMTERELCREF_AUC_HIG,S101,2053,1.0
RE1,DEMTERELCREF_AUC_HIG,S101,2054,1.0
RE1,DEMTERELCREF_AUC_HIG,S101,2055,1.0
RE1,DEMTERELCREF_AUC_HIG,S102,2022,1.0
RE1,DEMTERELCREF_AUC_HIG,S102,2023,1.0
RE1,DEMTERELCREF_AUC_HIG,S102,2024,1.0
RE1,DEMTERELCREF_AUC_HIG,S102,2025,1.0
RE1,DEMTERELCREF_AUC_HIG,S102,2026,1.0
RE1,DEMTERELCREF_AUC_HIG,S102,2027,1.0
RE1,DEMTERELCREF_AUC_HIG,S102,2028,1.0
RE1,DEMTERELCREF_AUC_HIG,S102,2029,1.0
RE1,DEMTERELCREF_AUC_HIG,S102,2030,1.0
RE1,DEMTERELCREF_AUC_HIG,S102,2031,1.0
RE1,DEMTERELCREF_AUC_HIG,S102,2032,1.0
RE1,DEMTERELCREF_AUC_HIG,S102,2033,1.0
RE1,DEMTERELCREF_AUC_HIG,S102,2034,1.0
RE1,DEMTERELCREF_AUC_HIG,S102,2035,1.0
RE1,DEMTERELCREF_AUC_HIG,S102,2036,1.0
RE1,DEMTERELCREF_AUC_HIG,S102,2037,1.0
RE1,DEMTERELCREF_AUC_HIG,S102,2038,1.0
RE1,DEMTERELCREF_AUC_HIG,S102,2039,1.0
RE1,DEMTERELCREF_AUC_HIG,S102,2040,1.0
RE1,DEMTERELCREF_AUC_HIG,S102,2041,1.0
RE1,DEMTERELCREF_AUC_HIG,S102,2042,1.0
RE1,DEMTERELCREF_AUC_HIG,S102,2043,1.0
RE1,DEMTERELCREF_AUC_HIG,S102,2044,1.0
RE1,DEMTERELCREF_AUC_HIG,S102,2045,1.0
RE1,DEMTERELCREF_AUC_HIG,S102,2046,1.0
RE1,DEMTERELCREF_AUC_HIG,S102,2047,1.0
RE1,DEMTERELCREF_AUC_HIG,S102,2048,1.0
RE1,DEMTERELCREF_AUC_HIG,S102,2049,1.0
RE1,DEMTERELCREF_AUC_HIG,S102,2050,1.0
RE1,DEMTERELCREF_AUC_HIG,S102,2051,1.0
RE1,DEMTERELCREF_AUC_HIG,S102,2052,1.0
RE1,DEMTERELCREF_AUC_HIG,S102,2053,1.0
RE1,DEMTERELCREF_AUC_HIG,S102,2054,1.0
RE1,DEMTERELCREF_AUC_HIG,S102,2055,1.0
RE1,DEMTERELCREF_AUC_LOW,S101,2022,1.0
RE1,DEMTERELCREF_AUC_LOW,S101,2023,1.0
RE1,DEMTERELCREF_AUC_LOW,S101,2024,1.0
RE1,DEMTERELCREF_AUC_LOW,S101,2025,1.0
RE1,DEMTERELCREF_AUC_LOW,S101,2026,1.0
RE1,DEMTERELCREF_AUC_LOW,S101,2027,1.0
RE1,DEMTERELCREF_AUC_LOW,S101,2028,1.0
RE1,DEMTERELCREF_AUC_LOW,S101,2029,1.0
RE1,DEMTERELCREF_AUC_LOW,S101,2030,1.0
RE1,DEMTERELCREF_AUC_LOW,S101,2031,1.0
RE1,DEMTERELCREF_AUC_LOW,S101,2032,1.0
RE1,DEMTERELCREF_AUC_LOW,S101,2033,1.0
RE1,DEMTERELCREF_AUC_LOW,S101,2034,1.0
RE1,DEMTERELCREF_AUC_LOW,S101,2035,1.0
RE1,DEMTERELCREF_AUC_LOW,S101,2036,1.0
RE1,DEMTERELCREF_AUC_LOW,S101,2037,1.0
RE1,DEMTERELCREF_AUC_LOW,S101,2038,1.0
RE1,DEMTERELCREF_AUC_LOW,S101,2039,1.0
RE1,DEMTERELCREF_AUC_LOW,S101,2040,1.0
RE1,DEMTERELCREF_AUC_LOW,S101,2041,1.0
RE1,DEMTERELCREF_AUC_LOW,S101,2042,1.0
RE1,DEMTERELCREF_AUC_LOW,S101,2043,1.0
RE1,DEMTERELCREF_AUC_LOW,S101,2044,1.0
RE1,DEMTERELCREF_AUC_LOW,S101,2045,1.0
RE1,DEMTERELCREF_AUC_LOW,S101,2046,1.0
RE1,DEMTERELCREF_AUC_LOW,S101,2047,1.0
RE1,DEMTERELCREF_AUC_LOW,S101,2048,1.0
RE1,DEMTERELCREF_AUC_LOW,S101,2049,1.0
RE1,DEMTERELCREF_AUC_LOW,S101,2050,1.0
RE1,DEMTERELCREF_AUC_LOW,S101,2051,1.0
RE1,DEMTERELCREF_AUC_LOW,S101,2052,1.0
RE1,DEMTERELCREF_AUC_LOW,S101,2053,1.0
RE1,DEMTERELCREF_AUC_LOW,S101,2054,1.0
RE1,DEMTERELCREF_AUC_LOW,S101,2055,1.0
RE1,DEMTERELCREF_AUC_LOW,S102,2022,1.0
RE1,DEMTERELCREF_AUC_LOW,S102,2023,1.0
RE1,DEMTERELCREF_AUC_LOW,S102,2024,1.0
RE1,DEMTERELCREF_AUC_LOW,S102,2025,1.0
RE1,DEMTERELCREF_AUC_LOW,S102,2026,1.0
RE1,DEMTERELCREF_AUC_LOW,S102,2027,1.0
RE1,DEMTERELCREF_AUC_LOW,S102,2028,1.0
RE1,DEMTERELCREF_AUC_LOW,S102,2029,1.0
RE1,DEMTERELCREF_AUC_LOW,S102,2030,1.0
RE1,DEMTERELCREF_AUC_LOW,S102,2031,1.0
RE1,DEMTERELCREF_AUC_LOW,S102,2032,1.0
RE1,DEMTERELCREF_AUC_LOW,S102,2033,1.0
RE1,DEMTERELCREF_AUC_LOW,S102,2034,1.0
RE1,DEMTERELCREF_AUC_LOW,S102,2035,1.0
RE1,DEMTERELCREF_AUC_LOW,S102,2036,1.0
RE1,DEMTERELCREF_AUC_LOW,S102,2037,1.0
RE1,DEMTERELCREF_AUC_LOW,S102,2038,1.0
RE1,DEMTERELCREF_AUC_LOW,S102,2039,1.0
RE1,DEMTERELCREF_AUC_LOW,S102,2040,1.0
RE1,DEMTERELCREF_AUC_LOW,S102,2041,1.0
RE1,DEMTERELCREF_AUC_LOW,S102,2042,1.0
RE1,DEMTERELCREF_AUC_LOW,S102,2043,1.0
RE1,DEMTERELCREF_AUC_LOW,S102,2044,1.0
RE1,DEMTERELCREF_AUC_LOW,S102,2045,1.0
RE1,DEMTERELCREF_AUC_LOW,S102,2046,1.0
RE1,DEMTERELCREF_AUC_LOW,S102,2047,1.0
RE1,DEMTERELCREF_AUC_LOW,S102,2048,1.0
RE1,DEMTERELCREF_AUC_LOW,S102,2049,1.0
RE1,DEMTERELCREF_AUC_LOW,S102,2050,1.0
RE1,DEMTERELCREF_AUC_LOW,S102,2051,1.0
RE1,DEMTERELCREF_AUC_LOW,S102,2052,1.0
RE1,DEMTERELCREF_AUC_LOW,S102,2053,1.0
RE1,DEMTERELCREF_AUC_LOW,S102,2054,1.0
RE1,DEMTERELCREF_AUC_LOW,S102,2055,1.0
RE1,DEMTERELCREF_AUC_MID,S101,2022,1.0
RE1,DEMTERELCREF_AUC_MID,S101,2023,1.0
RE1,DEMTERELCREF_AUC_MID,S101,2024,1.0
RE1,DEMTERELCREF_AUC_MID,S101,2025,1.0
RE1,DEMTERELCREF_AUC_MID,S101,2026,1.0
RE1,DEMTERELCREF_AUC_MID,S101,2027,1.0
RE1,DEMTERELCREF_AUC_MID,S101,2028,1.0
RE1,DEMTERELCREF_AUC_MID,S101,2029,1.0
RE1,DEMTERELCREF_AUC_MID,S101,2030,1.0
RE1,DEMTERELCREF_AUC_MID,S101,2031,1.0
RE1,DEMTERELCREF_AUC_MID,S101,2032,1.0
RE1,DEMTERELCREF_AUC_MID,S101,2033,1.0
RE1,DEMTERELCREF_AUC_MID,S101,2034,1.0
RE1,DEMTERELCREF_AUC_MID,S101,2035,1.0
RE1,DEMTERELCREF_AUC_MID,S101,2036,1.0
RE1,DEMTERELCREF_AUC_MID,S101,2037,1.0
RE1,DEMTERELCREF_AUC_MID,S101,2038,1.0
RE1,DEMTERELCREF_AUC_MID,S101,2039,1.0
RE1,DEMTERELCREF_AUC_MID,S101,2040,1.0
RE1,DEMTERELCREF_AUC_MID,S101,2041,1.0
RE1,DEMTERELCREF_AUC_MID,S101,2042,1.0
RE1,DEMTERELCREF_AUC_MID,S101,2043,1.0
RE1,DEMTERELCREF_AUC_MID,S101,2044,1.0
RE1,DEMTERELCREF_AUC_MID,S101,2045,1.0
RE1,DEMTERELCREF_AUC_MID,S101,2046,1.0
RE1,DEMTERELCREF_AUC_MID,S101,2047,1.0
RE1,DEMTERELCREF_AUC_MID,S101,2048,1.0
RE1,DEMTERELCREF_AUC_MID,S101,2049,1.0
RE1,DEMTERELCREF_AUC_MID,S101,2050,1.0
RE1,DEMTERELCREF_AUC_MID,S101,2051,1.0
RE1,DEMTERELCREF_AUC_MID,S101,2052,1.0
RE1,DEMTERELCREF_AUC_MID,S101,2053,1.0
RE1,DEMTERELCREF_AUC_MID,S101,2054,1.0
RE1,DEMTERELCREF_AUC_MID,S101,2055,1.0
RE1,DEMTERELCREF_AUC_MID,S102,2022,1.0
RE1,DEMTERELCREF_AUC_MID,S102,2023,1.0
RE1,DEMTERELCREF_AUC_MID,S102,2024,1.0
RE1,DEMTERELCREF_AUC_MID,S102,2025,1.0
RE1,DEMTERELCREF_AUC_MID,S102,2026,1.0
RE1,DEMTERELCREF_AUC_MID,S102,2027,1.0
RE1,DEMTERELCREF_AUC_MID,S102,2028,1.0
RE1,DEMTERELCREF_AUC_MID,S102,2029,1.0
RE1,DEMTERELCREF_AUC_MID,S102,2030,1.0
RE1,DEMTERELCREF_AUC_MID,S102,2031,1.0
RE1,DEMTERELCREF_AUC_MID,S102,2032,1.0
RE1,DEMTERELCREF_AUC_MID,S102,2033,1.0
RE1,DEMTERELCREF_AUC_MID,S102,2034,1.0
RE1,DEMTERELCREF_AUC_MID,S102,2035,1.0
RE1,DEMTERELCREF_AUC_MID,S102,2036,1.0
RE1,DEMTERELCREF_AUC_MID,S102,2037,1.0
RE1,DEMTERELCREF_AUC_MID,S102,2038,1.0
RE1,DEMTERELCREF_AUC_MID,S102,2039,1.0
RE1,DEMTERELCREF_AUC_MID,S102,2040,1.0
RE1,DEMTERELCREF_AUC_MID,S102,2041,1.0
RE1,DEMTERELCREF_AUC_MID,S102,2042,1.0
RE1,DEMTERELCREF_AUC_MID,S102,2043,1.0
RE1,DEMTERELCREF_AUC_MID,S102,2044,1.0
RE1,DEMTERELCREF_AUC_MID,S102,2045,1.0
RE1,DEMTERELCREF_AUC_MID,S102,2046,1.0
RE1,DEMTERELCREF_AUC_MID,S102,2047,1.0
RE1,DEMTERELCREF_AUC_MID,S102,2048,1.0
RE1,DEMTERELCREF_AUC_MID,S102,2049,1.0
RE1,DEMTERELCREF_AUC_MID,S102,2050,1.0
RE1,DEMTERELCREF_AUC_MID,S102,2051,1.0
RE1,DEMTERELCREF_AUC_MID,S102,2052,1.0
RE1,DEMTERELCREF_AUC_MID,S102,2053,1.0
RE1,DEMTERELCREF_AUC_MID,S102,2054,1.0
RE1,DEMTERELCREF_AUC_MID,S102,2055,1.0
RE1,DEMTERELCREF_CEN_HIG,S101,2022,1.0
RE1,DEMTERELCREF_CEN_HIG,S101,2023,1.0
RE1,DEMTERELCREF_CEN_HIG,S101,2024,1.0
RE1,DEMTERELCREF_CEN_HIG,S101,2025,1.0
RE1,DEMTERELCREF_CEN_HIG,S101,2026,1.0
RE1,DEMTERELCREF_CEN_HIG,S101,2027,1.0
RE1,DEMTERELCREF_CEN_HIG,S101,2028,1.0
RE1,DEMTERELCREF_CEN_HIG,S101,2029,1.0
RE1,DEMTERELCREF_CEN_HIG,S101,2030,1.0
RE1,DEMTERELCREF_CEN_HIG,S101,2031,1.0
RE1,DEMTERELCREF_CEN_HIG,S101,2032,1.0
RE1,DEMTERELCREF_CEN_HIG,S101,2033,1.0
RE1,DEMTERELCREF_CEN_HIG,S101,2034,1.0
RE1,DEMTERELCREF_CEN_HIG,S101,2035,1.0
RE1,DEMTERELCREF_CEN_HIG,S101,2036,1.0
RE1,DEMTERELCREF_CEN_HIG,S101,2037,1.0
RE1,DEMTERELCREF_CEN_HIG,S101,2038,1.0
RE1,DEMTERELCREF_CEN_HIG,S101,2039,1.0
RE1,DEMTERELCREF_CEN_HIG,S101,2040,1.0
RE1,DEMTERELCREF_CEN_HIG,S101,2041,1.0
RE1,DEMTERELCREF_CEN_HIG,S101,2042,1.0
RE1,DEMTERELCREF_CEN_HIG,S101,2043,1.0
RE1,DEMTERELCREF_CEN_HIG,S101,2044,1.0
RE1,DEMTERELCREF_CEN_HIG,S101,2045,1.0
RE1,DEMTERELCREF_CEN_HIG,S101,2046,1.0
RE1,DEMTERELCREF_CEN_HIG,S101,2047,1.0
RE1,DEMTERELCREF_CEN_HIG,S101,2048,1.0
RE1,DEMTERELCREF_CEN_HIG,S101,2049,1.0
RE1,DEMTERELCREF_CEN_HIG,S101,2050,1.0
RE1,DEMTERELCREF_CEN_HIG,S101,2051,1.0
RE1,DEMTERELCREF_CEN_HIG,S101,2052,1.0
RE1,DEMTERELCREF_CEN_HIG,S101,2053,1.0
RE1,DEMTERELCREF_CEN_HIG,S101,2054,1.0
RE1,DEMTERELCREF_CEN_HIG,S101,2055,1.0
RE1,DEMTERELCREF_CEN_HIG,S102,2022,1.0
RE1,DEMTERELCREF_CEN_HIG,S102,2023,1.0
RE1,DEMTERELCREF_CEN_HIG,S102,2024,1.0
RE1,DEMTERELCREF_CEN_HIG,S102,2025,1.0
RE1,DEMTERELCREF_CEN_HIG,S102,2026,1.0
RE1,DEMTERELCREF_CEN_HIG,S102,2027,1.0
RE1,DEMTERELCREF_CEN_HIG,S102,2028,1.0
RE1,DEMTERELCREF_CEN_HIG,S102,2029,1.0
RE1,DEMTERELCREF_CEN_HIG,S102,2030,1.0
RE1,DEMTERELCREF_CEN_HIG,S102,2031,1.0
RE1,DEMTERELCREF_CEN_HIG,S102,2032,1.0
RE1,DEMTERELCREF_CEN_HIG,S102,2033,1.0
RE1,DEMTERELCREF_CEN_HIG,S102,2034,1.0
RE1,DEMTERELCREF_CEN_HIG,S102,2035,1.0
RE1,DEMTERELCREF_CEN_HIG,S102,2036,1.0
RE1,DEMTERELCREF_CEN_HIG,S102,2037,1.0
RE1,DEMTERELCREF_CEN_HIG,S102,2038,1.0
RE1,DEMTERELCREF_CEN_HIG,S102,2039,1.0
RE1,DEMTERELCREF_CEN_HIG,S102,2040,1.0
RE1,DEMTERELCREF_CEN_HIG,S102,2041,1.0
RE1,DEMTERELCREF_CEN_HIG,S102,2042,1.0
RE1,DEMTERELCREF_CEN_HIG,S102,2043,1.0
RE1,DEMTERELCREF_CEN_HIG,S102,2044,1.0
RE1,DEMTERELCREF_CEN_HIG,S102,2045,1.0
RE1,DEMTERELCREF_CEN_HIG,S102,2046,1.0
RE1,DEMTERELCREF_CEN_HIG,S102,2047,1.0
RE1,DEMTERELCREF_CEN_HIG,S102,2048,1.0
RE1,DEMTERELCREF_CEN_HIG,S102,2049,1.0
RE1,DEMTERELCREF_CEN_HIG,S102,2050,1.0
RE1,DEMTERELCREF_CEN_HIG,S102,2051,1.0
RE1,DEMTERELCREF_CEN_HIG,S102,2052,1.0
RE1,DEMTERELCREF_CEN_HIG,S102,2053,1.0
RE1,DEMTERELCREF_CEN_HIG,S102,2054,1.0
RE1,DEMTERELCREF_CEN_HIG,S102,2055,1.0
RE1,DEMTERELCREF_CEN_LOW,S101,2022,1.0
RE1,DEMTERELCREF_CEN_LOW,S101,2023,1.0
RE1,DEMTERELCREF_CEN_LOW,S101,2024,1.0
RE1,DEMTERELCREF_CEN_LOW,S101,2025,1.0
RE1,DEMTERELCREF_CEN_LOW,S101,2026,1.0
RE1,DEMTERELCREF_CEN_LOW,S101,2027,1.0
RE1,DEMTERELCREF_CEN_LOW,S101,2028,1.0
RE1,DEMTERELCREF_CEN_LOW,S101,2029,1.0
RE1,DEMTERELCREF_CEN_LOW,S101,2030,1.0
RE1,DEMTERELCREF_CEN_LOW,S101,2031,1.0
RE1,DEMTERELCREF_CEN_LOW,S101,2032,1.0
RE1,DEMTERELCREF_CEN_LOW,S101,2033,1.0
RE1,DEMTERELCREF_CEN_LOW,S101,2034,1.0
RE1,DEMTERELCREF_CEN_LOW,S101,2035,1.0
RE1,DEMTERELCREF_CEN_LOW,S101,2036,1.0
RE1,DEMTERELCREF_CEN_LOW,S101,2037,1.0
RE1,DEMTERELCREF_CEN_LOW,S101,2038,1.0
RE1,DEMTERELCREF_CEN_LOW,S101,2039,1.0
RE1,DEMTERELCREF_CEN_LOW,S101,2040,1.0
RE1,DEMTERELCREF_CEN_LOW,S101,2041,1.0
RE1,DEMTERELCREF_CEN_LOW,S101,2042,1.0
RE1,DEMTERELCREF_CEN_LOW,S101,2043,1.0
RE1,DEMTERELCREF_CEN_LOW,S101,2044,1.0
RE1,DEMTERELCREF_CEN_LOW,S101,2045,1.0
RE1,DEMTERELCREF_CEN_LOW,S101,2046,1.0
RE1,DEMTERELCREF_CEN_LOW,S101,2047,1.0
RE1,DEMTERELCREF_CEN_LOW,S101,2048,1.0
RE1,DEMTERELCREF_CEN_LOW,S101,2049,1.0
RE1,DEMTERELCREF_CEN_LOW,S101,2050,1.0
RE1,DEMTERELCREF_CEN_LOW,S101,2051,1.0
RE1,DEMTERELCREF_CEN_LOW,S101,2052,1.0
RE1,DEMTERELCREF_CEN_LOW,S101,2053,1.0
RE1,DEMTERELCREF_CEN_LOW,S101,2054,1.0
RE1,DEMTERELCREF_CEN_LOW,S101,2055,1.0
RE1,DEMTERELCREF_CEN_LOW,S102,2022,1.0
RE1,DEMTERELCREF_CEN_LOW,S102,2023,1.0
RE1,DEMTERELCREF_CEN_LOW,S102,2024,1.0
RE1,DEMTERELCREF_CEN_LOW,S102,2025,1.0
RE1,DEMTERELCREF_CEN_LOW,S102,2026,1.0
RE1,DEMTERELCREF_CEN_LOW,S102,2027,1.0
RE1,DEMTERELCREF_CEN_LOW,S102,2028,1.0
RE1,DEMTERELCREF_CEN_LOW,S102,2029,1.0
RE1,DEMTERELCREF_CEN_LOW,S102,2030,1.0
RE1,DEMTERELCREF_CEN_LOW,S102,2031,1.0
RE1,DEMTERELCREF_CEN_LOW,S102,2032,1.0
RE1,DEMTERELCREF_CEN_LOW,S102,2033,1.0
RE1,DEMTERELCREF_CEN_LOW,S102,2034,1.0
RE1,DEMTERELCREF_CEN_LOW,S102,2035,1.0
RE1,DEMTERELCREF_CEN_LOW,S102,2036,1.0
RE1,DEMTERELCREF_CEN_LOW,S102,2037,1.0
RE1,DEMTERELCREF_CEN_LOW,S102,2038,1.0
RE1,DEMTERELCREF_CEN_LOW,S102,2039,1.0
RE1,DEMTERELCREF_CEN_LOW,S102,2040,1.0
RE1,DEMTERELCREF_CEN_LOW,S102,2041,1.0
RE1,DEMTERELCREF_CEN_LOW,S102,2042,1.0
RE1,DEMTERELCREF_CEN_LOW,S102,2043,1.0
RE1,DEMTERELCREF_CEN_LOW,S102,2044,1.0
RE1,DEMTERELCREF_CEN_LOW,S102,2045,1.0
RE1,DEMTERELCREF_CEN_LOW,S102,2046,1.0
RE1,DEMTERELCREF_CEN_LOW,S102,2047,1.0
RE1,DEMTERELCREF_CEN_LOW,S102,2048,1.0
RE1,DEMTERELCREF_CEN_LOW,S102,2049,1.0
RE1,DEMTERELCREF_CEN_LOW,S102,2050,1.0
RE1,DEMTERELCREF_CEN_LOW,S102,2051,1.0
RE1,DEMTERELCREF_CEN_LOW,S102,2052,1.0
RE1,DEMTERELCREF_CEN_LOW,S102,2053,1.0
RE1,DEMTERELCREF_CEN_LOW,S102,2054,1.0
RE1,DEMTERELCREF_CEN_LOW,S102,2055,1.0
RE1,DEMTERELCREF_CEN_MID,S101,2022,1.0
RE1,DEMTERELCREF_CEN_MID,S101,2023,1.0
RE1,DEMTERELCREF_CEN_MID,S101,2024,1.0
RE1,DEMTERELCREF_CEN_MID,S101,2025,1.0
RE1,DEMTERELCREF_CEN_MID,S101,2026,1.0
RE1,DEMTERELCREF_CEN_MID,S101,2027,1.0
RE1,DEMTERELCREF_CEN_MID,S101,2028,1.0
RE1,DEMTERELCREF_CEN_MID,S101,2029,1.0
RE1,DEMTERELCREF_CEN_MID,S101,2030,1.0
RE1,DEMTERELCREF_CEN_MID,S101,2031,1.0
RE1,DEMTERELCREF_CEN_MID,S101,2032,1.0
RE1,DEMTERELCREF_CEN_MID,S101,2033,1.0
RE1,DEMTERELCREF_CEN_MID,S101,2034,1.0
RE1,DEMTERELCREF_CEN_MID,S101,2035,1.0
RE1,DEMTERELCREF_CEN_MID,S101,2036,1.0
RE1,DEMTERELCREF_CEN_MID,S101,2037,1.0
RE1,DEMTERELCREF_CEN_MID,S101,2038,1.0
RE1,DEMTERELCREF_CEN_MID,S101,2039,1.0
RE1,DEMTERELCREF_CEN_MID,S101,2040,1.0
RE1,DEMTERELCREF_CEN_MID,S101,2041,1.0
RE1,DEMTERELCREF_CEN_MID,S101,2042,1.0
RE1,DEMTERELCREF_CEN_MID,S101,2043,1.0
RE1,DEMTERELCREF_CEN_MID,S101,2044,1.0
RE1,DEMTERELCREF_CEN_MID,S101,2045,1.0
RE1,DEMTERELCREF_CEN_MID,S101,2046,1.0
RE1,DEMTERELCREF_CEN_MID,S101,2047,1.0
RE1,DEMTERELCREF_CEN_MID,S101,2048,1.0
RE1,DEMTERELCREF_CEN_MID,S101,2049,1.0
RE1,DEMTERELCREF_CEN_MID,S101,2050,1.0
RE1,DEMTERELCREF_CEN_MID,S101,2051,1.0
RE1,DEMTERELCREF_CEN_MID,S101,2052,1.0
RE1,DEMTERELCREF_CEN_MID,S101,2053,1.0
RE1,DEMTERELCREF_CEN_MID,S101,2054,1.0
RE1,DEMTERELCREF_CEN_MID,S101,2055,1.0
RE1,DEMTERELCREF_CEN_MID,S102,2022,1.0
RE1,DEMTERELCREF_CEN_MID,S102,2023,1.0
RE1,DEMTERELCREF_CEN_MID,S102,2024,1.0
RE1,DEMTERELCREF_CEN_MID,S102,2025,1.0
RE1,DEMTERELCREF_CEN_MID,S102,2026,1.0
RE1,DEMTERELCREF_CEN_MID,S102,2027,1.0
RE1,DEMTERELCREF_CEN_MID,S102,2028,1.0
RE1,DEMTERELCREF_CEN_MID,S102,2029,1.0
RE1,DEMTERELCREF_CEN_MID,S102,2030,1.0
RE1,DEMTERELCREF_CEN_MID,S102,2031,1.0
RE1,DEMTERELCREF_CEN_MID,S102,2032,1.0
RE1,DEMTERELCREF_CEN_MID,S102,2033,1.0
RE1,DEMTERELCREF_CEN_MID,S102,2034,1.0
RE1,DEMTERELCREF_CEN_MID,S102,2035,1.0
RE1,DEMTERELCREF_CEN_MID,S102,2036,1.0
RE1,DEMTERELCREF_CEN_MID,S102,2037,1.0
RE1,DEMTERELCREF_CEN_MID,S102,2038,1.0
RE1,DEMTERELCREF_CEN_MID,S102,2039,1.0
RE1,DEMTERELCREF_CEN_MID,S102,2040,1.0
RE1,DEMTERELCREF_CEN_MID,S102,2041,1.0
RE1,DEMTERELCREF_CEN_MID,S102,2042,1.0
RE1,DEMTERELCREF_CEN_MID,S102,2043,1.0
RE1,DEMTERELCREF_CEN_MID,S102,2044,1.0
RE1,DEMTERELCREF_CEN_MID,S102,2045,1.0
RE1,DEMTERELCREF_CEN_MID,S102,2046,1.0
RE1,DEMTERELCREF_CEN_MID,S102,2047,1.0
RE1,DEMTERELCREF_CEN_MID,S102,2048,1.0
RE1,DEMTERELCREF_CEN_MID,S102,2049,1.0
RE1,DEMTERELCREF_CEN_MID,S102,2050,1.0
RE1,DEMTERELCREF_CEN_MID,S102,2051,1.0
RE1,DEMTERELCREF_CEN_MID,S102,2052,1.0
RE1,DEMTERELCREF_CEN_MID,S102,2053,1.0
RE1,DEMTERELCREF_CEN_MID,S102,2054,1.0
RE1,DEMTERELCREF_CEN_MID,S102,2055,1.0
RE1,DEMTERLPGCKN_HIG,S101,2022,1.0
RE1,DEMTERLPGCKN_HIG,S101,2023,1.0
RE1,DEMTERLPGCKN_HIG,S101,2024,1.0
RE1,DEMTERLPGCKN_HIG,S101,2025,1.0
RE1,DEMTERLPGCKN_HIG,S101,2026,1.0
RE1,DEMTERLPGCKN_HIG,S101,2027,1.0
RE1,DEMTERLPGCKN_HIG,S101,2028,1.0
RE1,DEMTERLPGCKN_HIG,S101,2029,1.0
RE1,DEMTERLPGCKN_HIG,S101,2030,1.0
RE1,DEMTERLPGCKN_HIG,S101,2031,1.0
RE1,DEMTERLPGCKN_HIG,S101,2032,1.0
RE1,DEMTERLPGCKN_HIG,S101,2033,1.0
RE1,DEMTERLPGCKN_HIG,S101,2034,1.0
RE1,DEMTERLPGCKN_HIG,S101,2035,1.0
RE1,DEMTERLPGCKN_HIG,S101,2036,1.0
RE1,DEMTERLPGCKN_HIG,S101,2037,1.0
RE1,DEMTERLPGCKN_HIG,S101,2038,1.0
RE1,DEMTERLPGCKN_HIG,S101,2039,1.0
RE1,DEMTERLPGCKN_HIG,S101,2040,1.0
RE1,DEMTERLPGCKN_HIG,S101,2041,1.0
RE1,DEMTERLPGCKN_HIG,S101,2042,1.0
RE1,DEMTERLPGCKN_HIG,S101,2043,1.0
RE1,DEMTERLPGCKN_HIG,S101,2044,1.0
RE1,DEMTERLPGCKN_HIG,S101,2045,1.0
RE1,DEMTERLPGCKN_HIG,S101,2046,1.0
RE1,DEMTERLPGCKN_HIG,S101,2047,1.0
RE1,DEMTERLPGCKN_HIG,S101,2048,1.0
RE1,DEMTERLPGCKN_HIG,S101,2049,1.0
RE1,DEMTERLPGCKN_HIG,S101,2050,1.0
RE1,DEMTERLPGCKN_HIG,S101,2051,1.0
RE1,DEMTERLPGCKN_HIG,S101,2052,1.0
RE1,DEMTERLPGCKN_HIG,S101,2053,1.0
RE1,DEMTERLPGCKN_HIG,S101,2054,1.0
RE1,DEMTERLPGCKN_HIG,S101,2055,1.0
RE1,DEMTERLPGCKN_HIG,S102,2022,1.0
RE1,DEMTERLPGCKN_HIG,S102,2023,1.0
RE1,DEMTERLPGCKN_HIG,S102,2024,1.0
RE1,DEMTERLPGCKN_HIG,S102,2025,1.0
RE1,DEMTERLPGCKN_HIG,S102,2026,1.0
RE1,DEMTERLPGCKN_HIG,S102,2027,1.0
RE1,DEMTERLPGCKN_HIG,S102,2028,1.0
RE1,DEMTERLPGCKN_HIG,S102,2029,1.0
RE1,DEMTERLPGCKN_HIG,S102,2030,1.0
RE1,DEMTERLPGCKN_HIG,S102,2031,1.0
RE1,DEMTERLPGCKN_HIG,S102,2032,1.0
RE1,DEMTERLPGCKN_HIG,S102,2033,1.0
RE1,DEMTERLPGCKN_HIG,S102,2034,1.0
RE1,DEMTERLPGCKN_HIG,S102,2035,1.0
RE1,DEMTERLPGCKN_HIG,S102,2036,1.0
RE1,DEMTERLPGCKN_HIG,S102,2037,1.0
RE1,DEMTERLPGCKN_HIG,S102,2038,1.0
RE1,DEMTERLPGCKN_HIG,S102,2039,1.0
RE1,DEMTERLPGCKN_HIG,S102,2040,1.0
RE1,DEMTERLPGCKN_HIG,S102,2041,1.0
RE1,DEMTERLPGCKN_HIG,S102,2042,1.0
RE1,DEMTERLPGCKN_HIG,S102,2043,1.0
RE1,DEMTERLPGCKN_HIG,S102,2044,1.0
RE1,DEMTERLPGCKN_HIG,S102,2045,1.0
RE1,DEMTERLPGCKN_HIG,S102,2046,1.0
RE1,DEMTERLPGCKN_HIG,S102,2047,1.0
RE1,DEMTERLPGCKN_HIG,S102,2048,1.0
RE1,DEMTERLPGCKN_HIG,S102,2049,1.0
RE1,DEMTERLPGCKN_HIG,S102,2050,1.0
RE1,DEMTERLPGCKN_HIG,S102,2051,1.0
RE1,DEMTERLPGCKN_HIG,S102,2052,1.0
RE1,DEMTERLPGCKN_HIG,S102,2053,1.0
RE1,DEMTERLPGCKN_HIG,S102,2054,1.0
RE1,DEMTERLPGCKN_HIG,S102,2055,1.0
RE1,DEMTERLPGCKN_LOW,S101,2022,1.0
RE1,DEMTERLPGCKN_LOW,S101,2023,1.0
RE1,DEMTERLPGCKN_LOW,S101,2024,1.0
RE1,DEMTERLPGCKN_LOW,S101,2025,1.0
RE1,DEMTERLPGCKN_LOW,S101,2026,1.0
RE1,DEMTERLPGCKN_LOW,S101,2027,1.0
RE1,DEMTERLPGCKN_LOW,S101,2028,1.0
RE1,DEMTERLPGCKN_LOW,S101,2029,1.0
RE1,DEMTERLPGCKN_LOW,S101,2030,1.0
RE1,DEMTERLPGCKN_LOW,S101,2031,1.0
RE1,DEMTERLPGCKN_LOW,S101,2032,1.0
RE1,DEMTERLPGCKN_LOW,S101,2033,1.0
RE1,DEMTERLPGCKN_LOW,S101,2034,1.0
RE1,DEMTERLPGCKN_LOW,S101,2035,1.0
RE1,DEMTERLPGCKN_LOW,S101,2036,1.0
RE1,DEMTERLPGCKN_LOW,S101,2037,1.0
RE1,DEMTERLPGCKN_LOW,S101,2038,1.0
RE1,DEMTERLPGCKN_LOW,S101,2039,1.0
RE1,DEMTERLPGCKN_LOW,S101,2040,1.0
RE1,DEMTERLPGCKN_LOW,S101,2041,1.0
RE1,DEMTERLPGCKN_LOW,S101,2042,1.0
RE1,DEMTERLPGCKN_LOW,S101,2043,1.0
RE1,DEMTERLPGCKN_LOW,S101,2044,1.0
RE1,DEMTERLPGCKN_LOW,S101,2045,1.0
RE1,DEMTERLPGCKN_LOW,S101,2046,1.0
RE1,DEMTERLPGCKN_LOW,S101,2047,1.0
RE1,DEMTERLPGCKN_LOW,S101,2048,1.0
RE1,DEMTERLPGCKN_LOW,S101,2049,1.0
RE1,DEMTERLPGCKN_LOW,S101,2050,1.0
RE1,DEMTERLPGCKN_LOW,S101,2051,1.0
RE1,DEMTERLPGCKN_LOW,S101,2052,1.0
RE1,DEMTERLPGCKN_LOW,S101,2053,1.0
RE1,DEMTERLPGCKN_LOW,S101,2054,1.0
RE1,DEMTERLPGCKN_LOW,S101,2055,1.0
RE1,DEMTERLPGCKN_LOW,S102,2022,1.0
RE1,DEMTERLPGCKN_LOW,S102,2023,1.0
RE1,DEMTERLPGCKN_LOW,S102,2024,1.0
RE1,DEMTERLPGCKN_LOW,S102,2025,1.0
RE1,DEMTERLPGCKN_LOW,S102,2026,1.0
RE1,DEMTERLPGCKN_LOW,S102,2027,1.0
RE1,DEMTERLPGCKN_LOW,S102,2028,1.0
RE1,DEMTERLPGCKN_LOW,S102,2029,1.0
RE1,DEMTERLPGCKN_LOW,S102,2030,1.0
RE1,DEMTERLPGCKN_LOW,S102,2031,1.0
RE1,DEMTERLPGCKN_LOW,S102,2032,1.0
RE1,DEMTERLPGCKN_LOW,S102,2033,1.0
RE1,DEMTERLPGCKN_LOW,S102,2034,1.0
RE1,DEMTERLPGCKN_LOW,S102,2035,1.0
RE1,DEMTERLPGCKN_LOW,S102,2036,1.0
RE1,DEMTERLPGCKN_LOW,S102,2037,1.0
RE1,DEMTERLPGCKN_LOW,S102,2038,1.0
RE1,DEMTERLPGCKN_LOW,S102,2039,1.0
RE1,DEMTERLPGCKN_LOW,S102,2040,1.0
RE1,DEMTERLPGCKN_LOW,S102,2041,1.0
RE1,DEMTERLPGCKN_LOW,S102,2042,1.0
RE1,DEMTERLPGCKN_LOW,S102,2043,1.0
RE1,DEMTERLPGCKN_LOW,S102,2044,1.0
RE1,DEMTERLPGCKN_LOW,S102,2045,1.0
RE1,DEMTERLPGCKN_LOW,S102,2046,1.0
RE1,DEMTERLPGCKN_LOW,S102,2047,1.0
RE1,DEMTERLPGCKN_LOW,S102,2048,1.0
RE1,DEMTERLPGCKN_LOW,S102,2049,1.0
RE1,DEMTERLPGCKN_LOW,S102,2050,1.0
RE1,DEMTERLPGCKN_LOW,S102,2051,1.0
RE1,DEMTERLPGCKN_LOW,S102,2052,1.0
RE1,DEMTERLPGCKN_LOW,S102,2053,1.0
RE1,DEMTERLPGCKN_LOW,S102,2054,1.0
RE1,DEMTERLPGCKN_LOW,S102,2055,1.0
RE1,DEMTERLPGCKN_MID,S101,2022,1.0
RE1,DEMTERLPGCKN_MID,S101,2023,1.0
RE1,DEMTERLPGCKN_MID,S101,2024,1.0
RE1,DEMTERLPGCKN_MID,S101,2025,1.0
RE1,DEMTERLPGCKN_MID,S101,2026,1.0
RE1,DEMTERLPGCKN_MID,S101,2027,1.0
RE1,DEMTERLPGCKN_MID,S101,2028,1.0
RE1,DEMTERLPGCKN_MID,S101,2029,1.0
RE1,DEMTERLPGCKN_MID,S101,2030,1.0
RE1,DEMTERLPGCKN_MID,S101,2031,1.0
RE1,DEMTERLPGCKN_MID,S101,2032,1.0
RE1,DEMTERLPGCKN_MID,S101,2033,1.0
RE1,DEMTERLPGCKN_MID,S101,2034,1.0
RE1,DEMTERLPGCKN_MID,S101,2035,1.0
RE1,DEMTERLPGCKN_MID,S101,2036,1.0
RE1,DEMTERLPGCKN_MID,S101,2037,1.0
RE1,DEMTERLPGCKN_MID,S101,2038,1.0
RE1,DEMTERLPGCKN_MID,S101,2039,1.0
RE1,DEMTERLPGCKN_MID,S101,2040,1.0
RE1,DEMTERLPGCKN_MID,S101,2041,1.0
RE1,DEMTERLPGCKN_MID,S101,2042,1.0
RE1,DEMTERLPGCKN_MID,S101,2043,1.0
RE1,DEMTERLPGCKN_MID,S101,2044,1.0
RE1,DEMTERLPGCKN_MID,S101,2045,1.0
RE1,DEMTERLPGCKN_MID,S101,2046,1.0
RE1,DEMTERLPGCKN_MID,S101,2047,1.0
RE1,DEMTERLPGCKN_MID,S101,2048,1.0
RE1,DEMTERLPGCKN_MID,S101,2049,1.0
RE1,DEMTERLPGCKN_MID,S101,2050,1.0
RE1,DEMTERLPGCKN_MID,S101,2051,1.0
RE1,DEMTERLPGCKN_MID,S101,2052,1.0
RE1,DEMTERLPGCKN_MID,S101,2053,1.0
RE1,DEMTERLPGCKN_MID,S101,2054,1.0
RE1,DEMTERLPGCKN_MID,S101,2055,1.0
RE1,DEMTERLPGCKN_MID,S102,2022,1.0
RE1,DEMTERLPGCKN_MID,S102,2023,1.0
RE1,DEMTERLPGCKN_MID,S102,2024,1.0
RE1,DEMTERLPGCKN_MID,S102,2025,1.0
RE1,DEMTERLPGCKN_MID,S102,2026,1.0
RE1,DEMTERLPGCKN_MID,S102,2027,1.0
RE1,DEMTERLPGCKN_MID,S102,2028,1.0
RE1,DEMTERLPGCKN_MID,S102,2029,1.0
RE1,DEMTERLPGCKN_MID,S102,2030,1.0
RE1,DEMTERLPGCKN_MID,S102,2031,1.0
RE1,DEMTERLPGCKN_MID,S102,2032,1.0
RE1,DEMTERLPGCKN_MID,S102,2033,1.0
RE1,DEMTERLPGCKN_MID,S102,2034,1.0
RE1,DEMTERLPGCKN_MID,S102,2035,1.0
RE1,DEMTERLPGCKN_MID,S102,2036,1.0
RE1,DEMTERLPGCKN_MID,S102,2037,1.0
RE1,DEMTERLPGCKN_MID,S102,2038,1.0
RE1,DEMTERLPGCKN_MID,S102,2039,1.0
RE1,DEMTERLPGCKN_MID,S102,2040,1.0
RE1,DEMTERLPGCKN_MID,S102,2041,1.0
RE1,DEMTERLPGCKN_MID,S102,2042,1.0
RE1,DEMTERLPGCKN_MID,S102,2043,1.0
RE1,DEMTERLPGCKN_MID,S102,2044,1.0
RE1,DEMTERLPGCKN_MID,S102,2045,1.0
RE1,DEMTERLPGCKN_MID,S102,2046,1.0
RE1,DEMTERLPGCKN_MID,S102,2047,1.0
RE1,DEMTERLPGCKN_MID,S102,2048,1.0
RE1,DEMTERLPGCKN_MID,S102,2049,1.0
RE1,DEMTERLPGCKN_MID,S102,2050,1.0
RE1,DEMTERLPGCKN_MID,S102,2051,1.0
RE1,DEMTERLPGCKN_MID,S102,2052,1.0
RE1,DEMTERLPGCKN_MID,S102,2053,1.0
RE1,DEMTERLPGCKN_MID,S102,2054,1.0
RE1,DEMTERLPGCKN_MID,S102,2055,1.0
RE1,DEMTERNGSCKN_HIG,S101,2022,1.0
RE1,DEMTERNGSCKN_HIG,S101,2023,1.0
RE1,DEMTERNGSCKN_HIG,S101,2024,1.0
RE1,DEMTERNGSCKN_HIG,S101,2025,1.0
RE1,DEMTERNGSCKN_HIG,S101,2026,1.0
RE1,DEMTERNGSCKN_HIG,S101,2027,1.0
RE1,DEMTERNGSCKN_HIG,S101,2028,1.0
RE1,DEMTERNGSCKN_HIG,S101,2029,1.0
RE1,DEMTERNGSCKN_HIG,S101,2030,1.0
RE1,DEMTERNGSCKN_HIG,S101,2031,1.0
RE1,DEMTERNGSCKN_HIG,S101,2032,1.0
RE1,DEMTERNGSCKN_HIG,S101,2033,1.0
RE1,DEMTERNGSCKN_HIG,S101,2034,1.0
RE1,DEMTERNGSCKN_HIG,S101,2035,1.0
RE1,DEMTERNGSCKN_HIG,S101,2036,1.0
RE1,DEMTERNGSCKN_HIG,S101,2037,1.0
RE1,DEMTERNGSCKN_HIG,S101,2038,1.0
RE1,DEMTERNGSCKN_HIG,S101,2039,1.0
RE1,DEMTERNGSCKN_HIG,S101,2040,1.0
RE1,DEMTERNGSCKN_HIG,S101,2041,1.0
RE1,DEMTERNGSCKN_HIG,S101,2042,1.0
RE1,DEMTERNGSCKN_HIG,S101,2043,1.0
RE1,DEMTERNGSCKN_HIG,S101,2044,1.0
RE1,DEMTERNGSCKN_HIG,S101,2045,1.0
RE1,DEMTERNGSCKN_HIG,S101,2046,1.0
RE1,DEMTERNGSCKN_HIG,S101,2047,1.0
RE1,DEMTERNGSCKN_HIG,S101,2048,1.0
RE1,DEMTERNGSCKN_HIG,S101,2049,1.0
RE1,DEMTERNGSCKN_HIG,S101,2050,1.0
RE1,DEMTERNGSCKN_HIG,S101,2051,1.0
RE1,DEMTERNGSCKN_HIG,S101,2052,1.0
RE1,DEMTERNGSCKN_HIG,S101,2053,1.0
RE1,DEMTERNGSCKN_HIG,S101,2054,1.0
RE1,DEMTERNGSCKN_HIG,S101,2055,1.0
RE1,DEMTERNGSCKN_HIG,S102,2022,1.0
RE1,DEMTERNGSCKN_HIG,S102,2023,1.0
RE1,DEMTERNGSCKN_HIG,S102,2024,1.0
RE1,DEMTERNGSCKN_HIG,S102,2025,1.0
RE1,DEMTERNGSCKN_HIG,S102,2026,1.0
RE1,DEMTERNGSCKN_HIG,S102,2027,1.0
RE1,DEMTERNGSCKN_HIG,S102,2028,1.0
RE1,DEMTERNGSCKN_HIG,S102,2029,1.0
RE1,DEMTERNGSCKN_HIG,S102,2030,1.0
RE1,DEMTERNGSCKN_HIG,S102,2031,1.0
RE1,DEMTERNGSCKN_HIG,S102,2032,1.0
RE1,DEMTERNGSCKN_HIG,S102,2033,1.0
RE1,DEMTERNGSCKN_HIG,S102,2034,1.0
RE1,DEMTERNGSCKN_HIG,S102,2035,1.0
RE1,DEMTERNGSCKN_HIG,S102,2036,1.0
RE1,DEMTERNGSCKN_HIG,S102,2037,1.0
RE1,DEMTERNGSCKN_HIG,S102,2038,1.0
RE1,DEMTERNGSCKN_HIG,S102,2039,1.0
RE1,DEMTERNGSCKN_HIG,S102,2040,1.0
RE1,DEMTERNGSCKN_HIG,S102,2041,1.0
RE1,DEMTERNGSCKN_HIG,S102,2042,1.0
RE1,DEMTERNGSCKN_HIG,S102,2043,1.0
RE1,DEMTERNGSCKN_HIG,S102,2044,1.0
RE1,DEMTERNGSCKN_HIG,S102,2045,1.0
RE1,DEMTERNGSCKN_HIG,S102,2046,1.0
RE1,DEMTERNGSCKN_HIG,S102,2047,1.0
RE1,DEMTERNGSCKN_HIG,S102,2048,1.0
RE1,DEMTERNGSCKN_HIG,S102,2049,1.0
RE1,DEMTERNGSCKN_HIG,S102,2050,1.0
RE1,DEMTERNGSCKN_HIG,S102,2051,1.0
RE1,DEMTERNGSCKN_HIG,S102,2052,1.0
RE1,DEMTERNGSCKN_HIG,S102,2053,1.0
RE1,DEMTERNGSCKN_HIG,S102,2054,1.0
RE1,DEMTERNGSCKN_HIG,S102,2055,1.0
RE1,DEMTERNGSCKN_LOW,S101,2022,1.0
RE1,DEMTERNGSCKN_LOW,S101,2023,1.0
RE1,DEMTERNGSCKN_LOW,S101,2024,1.0
RE1,DEMTERNGSCKN_LOW,S101,2025,1.0
RE1,DEMTERNGSCKN_LOW,S101,2026,1.0
RE1,DEMTERNGSCKN_LOW,S101,2027,1.0
RE1,DEMTERNGSCKN_LOW,S101,2028,1.0
RE1,DEMTERNGSCKN_LOW,S101,2029,1.0
RE1,DEMTERNGSCKN_LOW,S101,2030,1.0
RE1,DEMTERNGSCKN_LOW,S101,2031,1.0
RE1,DEMTERNGSCKN_LOW,S101,2032,1.0
RE1,DEMTERNGSCKN_LOW,S101,2033,1.0
RE1,DEMTERNGSCKN_LOW,S101,2034,1.0
RE1,DEMTERNGSCKN_LOW,S101,2035,1.0
RE1,DEMTERNGSCKN_LOW,S101,2036,1.0
RE1,DEMTERNGSCKN_LOW,S101,2037,1.0
RE1,DEMTERNGSCKN_LOW,S101,2038,1.0
RE1,DEMTERNGSCKN_LOW,S101,2039,1.0
RE1,DEMTERNGSCKN_LOW,S101,2040,1.0
RE1,DEMTERNGSCKN_LOW,S101,2041,1.0
RE1,DEMTERNGSCKN_LOW,S101,2042,1.0
RE1,DEMTERNGSCKN_LOW,S101,2043,1.0
RE1,DEMTERNGSCKN_LOW,S101,2044,1.0
RE1,DEMTERNGSCKN_LOW,S101,2045,1.0
RE1,DEMTERNGSCKN_LOW,S101,2046,1.0
RE1,DEMTERNGSCKN_LOW,S101,2047,1.0
RE1,DEMTERNGSCKN_LOW,S101,2048,1.0
RE1,DEMTERNGSCKN_LOW,S101,2049,1.0
RE1,DEMTERNGSCKN_LOW,S101,2050,1.0
RE1,DEMTERNGSCKN_LOW,S101,2051,1.0
RE1,DEMTERNGSCKN_LOW,S101,2052,1.0
RE1,DEMTERNGSCKN_LOW,S101,2053,1.0
RE1,DEMTERNGSCKN_LOW,S101,2054,1.0
RE1,DEMTERNGSCKN_LOW,S101,2055,1.0
RE1,DEMTERNGSCKN_LOW,S102,2022,1.0
RE1,DEMTERNGSCKN_LOW,S102,2023,1.0
RE1,DEMTERNGSCKN_LOW,S102,2024,1.0
RE1,DEMTERNGSCKN_LOW,S102,2025,1.0
RE1,DEMTERNGSCKN_LOW,S102,2026,1.0
RE1,DEMTERNGSCKN_LOW,S102,2027,1.0
RE1,DEMTERNGSCKN_LOW,S102,2028,1.0
RE1,DEMTERNGSCKN_LOW,S102,2029,1.0
RE1,DEMTERNGSCKN_LOW,S102,2030,1.0
RE1,DEMTERNGSCKN_LOW,S102,2031,1.0
RE1,DEMTERNGSCKN_LOW,S102,2032,1.0
RE1,DEMTERNGSCKN_LOW,S102,2033,1.0
RE1,DEMTERNGSCKN_LOW,S102,2034,1.0
RE1,DEMTERNGSCKN_LOW,S102,2035,1.0
RE1,DEMTERNGSCKN_LOW,S102,2036,1.0
RE1,DEMTERNGSCKN_LOW,S102,2037,1.0
RE1,DEMTERNGSCKN_LOW,S102,2038,1.0
RE1,DEMTERNGSCKN_LOW,S102,2039,1.0
RE1,DEMTERNGSCKN_LOW,S102,2040,1.0
RE1,DEMTERNGSCKN_LOW,S102,2041,1.0
RE1,DEMTERNGSCKN_LOW,S102,2042,1.0
RE1,DEMTERNGSCKN_LOW,S102,2043,1.0
RE1,DEMTERNGSCKN_LOW,S102,2044,1.0
RE1,DEMTERNGSCKN_LOW,S102,2045,1.0
RE1,DEMTERNGSCKN_LOW,S102,2046,1.0
RE1,DEMTERNGSCKN_LOW,S102,2047,1.0
RE1,DEMTERNGSCKN_LOW,S102,2048,1.0
RE1,DEMTERNGSCKN_LOW,S102,2049,1.0
RE1,DEMTERNGSCKN_LOW,S102,2050,1.0
RE1,DEMTERNGSCKN_LOW,S102,2051,1.0
RE1,DEMTERNGSCKN_LOW,S102,2052,1.0
RE1,DEMTERNGSCKN_LOW,S102,2053,1.0
RE1,DEMTERNGSCKN_LOW,S102,2054,1.0
RE1,DEMTERNGSCKN_LOW,S102,2055,1.0
RE1,DEMTRADSLBOT,S101,2022,1.0
RE1,DEMTRADSLBOT,S101,2023,1.0
RE1,DEMTRADSLBOT,S101,2024,1.0
RE1,DEMTRADSLBOT,S101,2025,1.0
RE1,DEMTRADSLBOT,S101,2026,1.0
RE1,DEMTRADSLBOT,S101,2027,1.0
RE1,DEMTRADSLBOT,S101,2028,1.0
RE1,DEMTRADSLBOT,S101,2029,1.0
RE1,DEMTRADSLBOT,S101,2030,1.0
RE1,DEMTRADSLBOT,S101,2031,1.0
RE1,DEMTRADSLBOT,S101,2032,1.0
RE1,DEMTRADSLBOT,S101,2033,1.0
RE1,DEMTRADSLBOT,S101,2034,1.0
RE1,DEMTRADSLBOT,S101,2035,1.0
RE1,DEMTRADSLBOT,S101,2036,1.0
RE1,DEMTRADSLBOT,S101,2037,1.0
RE1,DEMTRADSLBOT,S101,2038,1.0
RE1,DEMTRADSLBOT,S101,2039,1.0
RE1,DEMTRADSLBOT,S101,2040,1.0
RE1,DEMTRADSLBOT,S101,2041,1.0
RE1,DEMTRADSLBOT,S101,2042,1.0
RE1,DEMTRADSLBOT,S101,2043,1.0
RE1,DEMTRADSLBOT,S101,2044,1.0
RE1,DEMTRADSLBOT,S101,2045,1.0
RE1,DEMTRADSLBOT,S101,2046,1.0
RE1,DEMTRADSLBOT,S101,2047,1.0
RE1,DEMTRADSLBOT,S101,2048,1.0
RE1,DEMTRADSLBOT,S101,2049,1.0
RE1,DEMTRADSLBOT,S101,2050,1.0
RE1,DEMTRADSLBOT,S101,2051,1.0
RE1,DEMTRADSLBOT,S101,2052,1.0
RE1,DEMTRADSLBOT,S101,2053,1.0
RE1,DEMTRADSLBOT,S101,2054,1.0
RE1,DEMTRADSLBOT,S101,2055,1.0
RE1,DEMTRADSLBOT,S102,2022,1.0
RE1,DEMTRADSLBOT,S102,2023,1.0
RE1,DEMTRADSLBOT,S102,2024,1.0
RE1,DEMTRADSLBOT,S102,2025,1.0
RE1,DEMTRADSLBOT,S102,2026,1.0
RE1,DEMTRADSLBOT,S102,2027,1.0
RE1,DEMTRADSLBOT,S102,2028,1.0
RE1,DEMTRADSLBOT,S102,2029,1.0
RE1,DEMTRADSLBOT,S102,2030,1.0
RE1,DEMTRADSLBOT,S102,2031,1.0
RE1,DEMTRADSLBOT,S102,2032,1.0
RE1,DEMTRADSLBOT,S102,2033,1.0
RE1,DEMTRADSLBOT,S102,2034,1.0
RE1,DEMTRADSLBOT,S102,2035,1.0
RE1,DEMTRADSLBOT,S102,2036,1.0
RE1,DEMTRADSLBOT,S102,2037,1.0
RE1,DEMTRADSLBOT,S102,2038,1.0
RE1,DEMTRADSLBOT,S102,2039,1.0
RE1,DEMTRADSLBOT,S102,2040,1.0
RE1,DEMTRADSLBOT,S102,2041,1.0
RE1,DEMTRADSLBOT,S102,2042,1.0
RE1,DEMTRADSLBOT,S102,2043,1.0
RE1,DEMTRADSLBOT,S102,2044,1.0
RE1,DEMTRADSLBOT,S102,2045,1.0
RE1,DEMTRADSLBOT,S102,2046,1.0
RE1,DEMTRADSLBOT,S102,2047,1.0
RE1,DEMTRADSLBOT,S102,2048,1.0
RE1,DEMTRADSLBOT,S102,2049,1.0
RE1,DEMTRADSLBOT,S102,2050,1.0
RE1,DEMTRADSLBOT,S102,2051,1.0
RE1,DEMTRADSLBOT,S102,2052,1.0
RE1,DEMTRADSLBOT,S102,2053,1.0
RE1,DEMTRADSLBOT,S102,2054,1.0
RE1,DEMTRADSLBOT,S102,2055,1.0
RE1,DEMTRADSLBUS_ART,S101,2022,1.0
RE1,DEMTRADSLBUS_ART,S101,2023,1.0
RE1,DEMTRADSLBUS_ART,S101,2024,1.0
RE1,DEMTRADSLBUS_ART,S101,2025,1.0
RE1,DEMTRADSLBUS_ART,S101,2026,1.0
RE1,DEMTRADSLBUS_ART,S101,2027,1.0
RE1,DEMTRADSLBUS_ART,S101,2028,1.0
RE1,DEMTRADSLBUS_ART,S101,2029,1.0
RE1,DEMTRADSLBUS_ART,S101,2030,1.0
RE1,DEMTRADSLBUS_ART,S101,2031,1.0
RE1,DEMTRADSLBUS_ART,S101,2032,1.0
RE1,DEMTRADSLBUS_ART,S101,2033,1.0
RE1,DEMTRADSLBUS_ART,S101,2034,1.0
RE1,DEMTRADSLBUS_ART,S101,2035,1.0
RE1,DEMTRADSLBUS_ART,S101,2036,1.0
RE1,DEMTRADSLBUS_ART,S101,2037,1.0
RE1,DEMTRADSLBUS_ART,S101,2038,1.0
RE1,DEMTRADSLBUS_ART,S101,2039,1.0
RE1,DEMTRADSLBUS_ART,S101,2040,1.0
RE1,DEMTRADSLBUS_ART,S101,2041,1.0
RE1,DEMTRADSLBUS_ART,S101,2042,1.0
RE1,DEMTRADSLBUS_ART,S101,2043,1.0
RE1,DEMTRADSLBUS_ART,S101,2044,1.0
RE1,DEMTRADSLBUS_ART,S101,2045,1.0
RE1,DEMTRADSLBUS_ART,S101,2046,1.0
RE1,DEMTRADSLBUS_ART,S101,2047,1.0
RE1,DEMTRADSLBUS_ART,S101,2048,1.0
RE1,DEMTRADSLBUS_ART,S101,2049,1.0
RE1,DEMTRADSLBUS_ART,S101,2050,1.0
RE1,DEMTRADSLBUS_ART,S101,2051,1.0
RE1,DEMTRADSLBUS_ART,S101,2052,1.0
RE1,DEMTRADSLBUS_ART,S101,2053,1.0
RE1,DEMTRADSLBUS_ART,S101,2054,1.0
RE1,DEMTRADSLBUS_ART,S101,2055,1.0
RE1,DEMTRADSLBUS_ART,S102,2022,1.0
RE1,DEMTRADSLBUS_ART,S102,2023,1.0
RE1,DEMTRADSLBUS_ART,S102,2024,1.0
RE1,DEMTRADSLBUS_ART,S102,2025,1.0
RE1,DEMTRADSLBUS_ART,S102,2026,1.0
RE1,DEMTRADSLBUS_ART,S102,2027,1.0
RE1,DEMTRADSLBUS_ART,S102,2028,1.0
RE1,DEMTRADSLBUS_ART,S102,2029,1.0
RE1,DEMTRADSLBUS_ART,S102,2030,1.0
RE1,DEMTRADSLBUS_ART,S102,2031,1.0
RE1,DEMTRADSLBUS_ART,S102,2032,1.0
RE1,DEMTRADSLBUS_ART,S102,2033,1.0
RE1,DEMTRADSLBUS_ART,S102,2034,1.0
RE1,DEMTRADSLBUS_ART,S102,2035,1.0
RE1,DEMTRADSLBUS_ART,S102,2036,1.0
RE1,DEMTRADSLBUS_ART,S102,2037,1.0
RE1,DEMTRADSLBUS_ART,S102,2038,1.0
RE1,DEMTRADSLBUS_ART,S102,2039,1.0
RE1,DEMTRADSLBUS_ART,S102,2040,1.0
RE1,DEMTRADSLBUS_ART,S102,2041,1.0
RE1,DEMTRADSLBUS_ART,S102,2042,1.0
RE1,DEMTRADSLBUS_ART,S102,2043,1.0
RE1,DEMTRADSLBUS_ART,S102,2044,1.0
RE1,DEMTRADSLBUS_ART,S102,2045,1.0
RE1,DEMTRADSLBUS_ART,S102,2046,1.0
RE1,DEMTRADSLBUS_ART,S102,2047,1.0
RE1,DEMTRADSLBUS_ART,S102,2048,1.0
RE1,DEMTRADSLBUS_ART,S102,2049,1.0
RE1,DEMTRADSLBUS_ART,S102,2050,1.0
RE1,DEMTRADSLBUS_ART,S102,2051,1.0
RE1,DEMTRADSLBUS_ART,S102,2052,1.0
RE1,DEMTRADSLBUS_ART,S102,2053,1.0
RE1,DEMTRADSLBUS_ART,S102,2054,1.0
RE1,DEMTRADSLBUS_ART,S102,2055,1.0
RE1,DEMTRADSLBUS_BIA,S101,2022,1.0
RE1,DEMTRADSLBUS_BIA,S101,2023,1.0
RE1,DEMTRADSLBUS_BIA,S101,2024,1.0
RE1,DEMTRADSLBUS_BIA,S101,2025,1.0
RE1,DEMTRADSLBUS_BIA,S101,2026,1.0
RE1,DEMTRADSLBUS_BIA,S101,2027,1.0
RE1,DEMTRADSLBUS_BIA,S101,2028,1.0
RE1,DEMTRADSLBUS_BIA,S101,2029,1.0
RE1,DEMTRADSLBUS_BIA,S101,2030,1.0
RE1,DEMTRADSLBUS_BIA,S101,2031,1.0
RE1,DEMTRADSLBUS_BIA,S101,2032,1.0
RE1,DEMTRADSLBUS_BIA,S101,2033,1.0
RE1,DEMTRADSLBUS_BIA,S101,2034,1.0
RE1,DEMTRADSLBUS_BIA,S101,2035,1.0
RE1,DEMTRADSLBUS_BIA,S101,2036,1.0
RE1,DEMTRADSLBUS_BIA,S101,2037,1.0
RE1,DEMTRADSLBUS_BIA,S101,2038,1.0
RE1,DEMTRADSLBUS_BIA,S101,2039,1.0
RE1,DEMTRADSLBUS_BIA,S101,2040,1.0
RE1,DEMTRADSLBUS_BIA,S101,2041,1.0
RE1,DEMTRADSLBUS_BIA,S101,2042,1.0
RE1,DEMTRADSLBUS_BIA,S101,2043,1.0
RE1,DEMTRADSLBUS_BIA,S101,2044,1.0
RE1,DEMTRADSLBUS_BIA,S101,2045,1.0
RE1,DEMTRADSLBUS_BIA,S101,2046,1.0
RE1,DEMTRADSLBUS_BIA,S101,2047,1.0
RE1,DEMTRADSLBUS_BIA,S101,2048,1.0
RE1,DEMTRADSLBUS_BIA,S101,2049,1.0
RE1,DEMTRADSLBUS_BIA,S101,2050,1.0
RE1,DEMTRADSLBUS_BIA,S101,2051,1.0
RE1,DEMTRADSLBUS_BIA,S101,2052,1.0
RE1,DEMTRADSLBUS_BIA,S101,2053,1.0
RE1,DEMTRADSLBUS_BIA,S101,2054,1.0
RE1,DEMTRADSLBUS_BIA,S101,2055,1.0
RE1,DEMTRADSLBUS_BIA,S102,2022,1.0
RE1,DEMTRADSLBUS_BIA,S102,2023,1.0
RE1,DEMTRADSLBUS_BIA,S102,2024,1.0
RE1,DEMTRADSLBUS_BIA,S102,2025,1.0
RE1,DEMTRADSLBUS_BIA,S102,2026,1.0
RE1,DEMTRADSLBUS_BIA,S102,2027,1.0
RE1,DEMTRADSLBUS_BIA,S102,2028,1.0
RE1,DEMTRADSLBUS_BIA,S102,2029,1.0
RE1,DEMTRADSLBUS_BIA,S102,2030,1.0
RE1,DEMTRADSLBUS_BIA,S102,2031,1.0
RE1,DEMTRADSLBUS_BIA,S102,2032,1.0
RE1,DEMTRADSLBUS_BIA,S102,2033,1.0
RE1,DEMTRADSLBUS_BIA,S102,2034,1.0
RE1,DEMTRADSLBUS_BIA,S102,2035,1.0
RE1,DEMTRADSLBUS_BIA,S102,2036,1.0
RE1,DEMTRADSLBUS_BIA,S102,2037,1.0
RE1,DEMTRADSLBUS_BIA,S102,2038,1.0
RE1,DEMTRADSLBUS_BIA,S102,2039,1.0
RE1,DEMTRADSLBUS_BIA,S102,2040,1.0
RE1,DEMTRADSLBUS_BIA,S102,2041,1.0
RE1,DEMTRADSLBUS_BIA,S102,2042,1.0
RE1,DEMTRADSLBUS_BIA,S102,2043,1.0
RE1,DEMTRADSLBUS_BIA,S102,2044,1.0
RE1,DEMTRADSLBUS_BIA,S102,2045,1.0
RE1,DEMTRADSLBUS_BIA,S102,2046,1.0
RE1,DEMTRADSLBUS_BIA,S102,2047,1.0
RE1,DEMTRADSLBUS_BIA,S102,2048,1.0
RE1,DEMTRADSLBUS_BIA,S102,2049,1.0
RE1,DEMTRADSLBUS_BIA,S102,2050,1.0
RE1,DEMTRADSLBUS_BIA,S102,2051,1.0
RE1,DEMTRADSLBUS_BIA,S102,2052,1.0
RE1,DEMTRADSLBUS_BIA,S102,2053,1.0
RE1,DEMTRADSLBUS_BIA,S102,2054,1.0
RE1,DEMTRADSLBUS_BIA,S102,2055,1.0
RE1,DEMTRADSLBUS_IMU,S101,2022,1.0
RE1,DEMTRADSLBUS_IMU,S101,2023,1.0
RE1,DEMTRADSLBUS_IMU,S101,2024,1.0
RE1,DEMTRADSLBUS_IMU,S101,2025,1.0
RE1,DEMTRADSLBUS_IMU,S101,2026,1.0
RE1,DEMTRADSLBUS_IMU,S101,2027,1.0
RE1,DEMTRADSLBUS_IMU,S101,2028,1.0
RE1,DEMTRADSLBUS_IMU,S101,2029,1.0
RE1,DEMTRADSLBUS_IMU,S101,2030,1.0
RE1,DEMTRADSLBUS_IMU,S101,2031,1.0
RE1,DEMTRADSLBUS_IMU,S101,2032,1.0
RE1,DEMTRADSLBUS_IMU,S101,2033,1.0
RE1,DEMTRADSLBUS_IMU,S101,2034,1.0
RE1,DEMTRADSLBUS_IMU,S101,2035,1.0
RE1,DEMTRADSLBUS_IMU,S101,2036,1.0
RE1,DEMTRADSLBUS_IMU,S101,2037,1.0
RE1,DEMTRADSLBUS_IMU,S101,2038,1.0
RE1,DEMTRADSLBUS_IMU,S101,2039,1.0
RE1,DEMTRADSLBUS_IMU,S101,2040,1.0
RE1,DEMTRADSLBUS_IMU,S101,2041,1.0
RE1,DEMTRADSLBUS_IMU,S101,2042,1.0
RE1,DEMTRADSLBUS_IMU,S101,2043,1.0
RE1,DEMTRADSLBUS_IMU,S101,2044,1.0
RE1,DEMTRADSLBUS_IMU,S101,2045,1.0
RE1,DEMTRADSLBUS_IMU,S101,2046,1.0
RE1,DEMTRADSLBUS_IMU,S101,2047,1.0
RE1,DEMTRADSLBUS_IMU,S101,2048,1.0
RE1,DEMTRADSLBUS_IMU,S101,2049,1.0
RE1,DEMTRADSLBUS_IMU,S101,2050,1.0
RE1,DEMTRADSLBUS_IMU,S101,2051,1.0
RE1,DEMTRADSLBUS_IMU,S101,2052,1.0
RE1,DEMTRADSLBUS_IMU,S101,2053,1.0
RE1,DEMTRADSLBUS_IMU,S101,2054,1.0
RE1,DEMTRADSLBUS_IMU,S101,2055,1.0
RE1,DEMTRADSLBUS_IMU,S102,2022,1.0
RE1,DEMTRADSLBUS_IMU,S102,2023,1.0
RE1,DEMTRADSLBUS_IMU,S102,2024,1.0
RE1,DEMTRADSLBUS_IMU,S102,2025,1.0
RE1,DEMTRADSLBUS_IMU,S102,2026,1.0
RE1,DEMTRADSLBUS_IMU,S102,2027,1.0
RE1,DEMTRADSLBUS_IMU,S102,2028,1.0
RE1,DEMTRADSLBUS_IMU,S102,2029,1.0
RE1,DEMTRADSLBUS_IMU,S102,2030,1.0
RE1,DEMTRADSLBUS_IMU,S102,2031,1.0
RE1,DEMTRADSLBUS_IMU,S102,2032,1.0
RE1,DEMTRADSLBUS_IMU,S102,2033,1.0
RE1,DEMTRADSLBUS_IMU,S102,2034,1.0
RE1,DEMTRADSLBUS_IMU,S102,2035,1.0
RE1,DEMTRADSLBUS_IMU,S102,2036,1.0
RE1,DEMTRADSLBUS_IMU,S102,2037,1.0
RE1,DEMTRADSLBUS_IMU,S102,2038,1.0
RE1,DEMTRADSLBUS_IMU,S102,2039,1.0
RE1,DEMTRADSLBUS_IMU,S102,2040,1.0
RE1,DEMTRADSLBUS_IMU,S102,2041,1.0
RE1,DEMTRADSLBUS_IMU,S102,2042,1.0
RE1,DEMTRADSLBUS_IMU,S102,2043,1.0
RE1,DEMTRADSLBUS_IMU,S102,2044,1.0
RE1,DEMTRADSLBUS_IMU,S102,2045,1.0
RE1,DEMTRADSLBUS_IMU,S102,2046,1.0
RE1,DEMTRADSLBUS_IMU,S102,2047,1.0
RE1,DEMTRADSLBUS_IMU,S102,2048,1.0
RE1,DEMTRADSLBUS_IMU,S102,2049,1.0
RE1,DEMTRADSLBUS_IMU,S102,2050,1.0
RE1,DEMTRADSLBUS_IMU,S102,2051,1.0
RE1,DEMTRADSLBUS_IMU,S102,2052,1.0
RE1,DEMTRADSLBUS_IMU,S102,2053,1.0
RE1,DEMTRADSLBUS_IMU,S102,2054,1.0
RE1,DEMTRADSLBUS_IMU,S102,2055,1.0
RE1,DEMTRADSLBUS_URB,S101,2022,1.0
RE1,DEMTRADSLBUS_URB,S101,2023,1.0
RE1,DEMTRADSLBUS_URB,S101,2024,1.0
RE1,DEMTRADSLBUS_URB,S101,2025,1.0
RE1,DEMTRADSLBUS_URB,S101,2026,1.0
RE1,DEMTRADSLBUS_URB,S101,2027,1.0
RE1,DEMTRADSLBUS_URB,S101,2028,1.0
RE1,DEMTRADSLBUS_URB,S101,2029,1.0
RE1,DEMTRADSLBUS_URB,S101,2030,1.0
RE1,DEMTRADSLBUS_URB,S101,2031,1.0
RE1,DEMTRADSLBUS_URB,S101,2032,1.0
RE1,DEMTRADSLBUS_URB,S101,2033,1.0
RE1,DEMTRADSLBUS_URB,S101,2034,1.0
RE1,DEMTRADSLBUS_URB,S101,2035,1.0
RE1,DEMTRADSLBUS_URB,S101,2036,1.0
RE1,DEMTRADSLBUS_URB,S101,2037,1.0
RE1,DEMTRADSLBUS_URB,S101,2038,1.0
RE1,DEMTRADSLBUS_URB,S101,2039,1.0
RE1,DEMTRADSLBUS_URB,S101,2040,1.0
RE1,DEMTRADSLBUS_URB,S101,2041,1.0
RE1,DEMTRADSLBUS_URB,S101,2042,1.0
RE1,DEMTRADSLBUS_URB,S101,2043,1.0
RE1,DEMTRADSLBUS_URB,S101,2044,1.0
RE1,DEMTRADSLBUS_URB,S101,2045,1.0
RE1,DEMTRADSLBUS_URB,S101,2046,1.0
RE1,DEMTRADSLBUS_URB,S101,2047,1.0
RE1,DEMTRADSLBUS_URB,S101,2048,1.0
RE1,DEMTRADSLBUS_URB,S101,2049,1.0
RE1,DEMTRADSLBUS_URB,S101,2050,1.0
RE1,DEMTRADSLBUS_URB,S101,2051,1.0
RE1,DEMTRADSLBUS_URB,S101,2052,1.0
RE1,DEMTRADSLBUS_URB,S101,2053,1.0
RE1,DEMTRADSLBUS_URB,S101,2054,1.0
RE1,DEMTRADSLBUS_URB,S101,2055,1.0
RE1,DEMTRADSLBUS_URB,S102,2022,1.0
RE1,DEMTRADSLBUS_URB,S102,2023,1.0
RE1,DEMTRADSLBUS_URB,S102,2024,1.0
RE1,DEMTRADSLBUS_URB,S102,2025,1.0
RE1,DEMTRADSLBUS_URB,S102,2026,1.0
RE1,DEMTRADSLBUS_URB,S102,2027,1.0
RE1,DEMTRADSLBUS_URB,S102,2028,1.0
RE1,DEMTRADSLBUS_URB,S102,2029,1.0
RE1,DEMTRADSLBUS_URB,S102,2030,1.0
RE1,DEMTRADSLBUS_URB,S102,2031,1.0
RE1,DEMTRADSLBUS_URB,S102,2032,1.0
RE1,DEMTRADSLBUS_URB,S102,2033,1.0
RE1,DEMTRADSLBUS_URB,S102,2034,1.0
RE1,DEMTRADSLBUS_URB,S102,2035,1.0
RE1,DEMTRADSLBUS_URB,S102,2036,1.0
RE1,DEMTRADSLBUS_URB,S102,2037,1.0
RE1,DEMTRADSLBUS_URB,S102,2038,1.0
RE1,DEMTRADSLBUS_URB,S102,2039,1.0
RE1,DEMTRADSLBUS_URB,S102,2040,1.0
RE1,DEMTRADSLBUS_URB,S102,2041,1.0
RE1,DEMTRADSLBUS_URB,S102,2042,1.0
RE1,DEMTRADSLBUS_URB,S102,2043,1.0
RE1,DEMTRADSLBUS_URB,S102,2044,1.0
RE1,DEMTRADSLBUS_URB,S102,2045,1.0
RE1,DEMTRADSLBUS_URB,S102,2046,1.0
RE1,DEMTRADSLBUS_URB,S102,2047,1.0
RE1,DEMTRADSLBUS_URB,S102,2048,1.0
RE1,DEMTRADSLBUS_URB,S102,2049,1.0
RE1,DEMTRADSLBUS_URB,S102,2050,1.0
RE1,DEMTRADSLBUS_URB,S102,2051,1.0
RE1,DEMTRADSLBUS_URB,S102,2052,1.0
RE1,DEMTRADSLBUS_URB,S102,2053,1.0
RE1,DEMTRADSLBUS_URB,S102,2054,1.0
RE1,DEMTRADSLBUS_URB,S102,2055,1.0
RE1,DEMTRADSLFWD,S101,2022,1.0
RE1,DEMTRADSLFWD,S101,2023,1.0
RE1,DEMTRADSLFWD,S101,2024,1.0
RE1,DEMTRADSLFWD,S101,2025,1.0
RE1,DEMTRADSLFWD,S101,2026,1.0
RE1,DEMTRADSLFWD,S101,2027,1.0
RE1,DEMTRADSLFWD,S101,2028,1.0
RE1,DEMTRADSLFWD,S101,2029,1.0
RE1,DEMTRADSLFWD,S101,2030,1.0
RE1,DEMTRADSLFWD,S101,2031,1.0
RE1,DEMTRADSLFWD,S101,2032,1.0
RE1,DEMTRADSLFWD,S101,2033,1.0
RE1,DEMTRADSLFWD,S101,2034,1.0
RE1,DEMTRADSLFWD,S101,2035,1.0
RE1,DEMTRADSLFWD,S101,2036,1.0
RE1,DEMTRADSLFWD,S101,2037,1.0
RE1,DEMTRADSLFWD,S101,2038,1.0
RE1,DEMTRADSLFWD,S101,2039,1.0
RE1,DEMTRADSLFWD,S101,2040,1.0
RE1,DEMTRADSLFWD,S101,2041,1.0
RE1,DEMTRADSLFWD,S101,2042,1.0
RE1,DEMTRADSLFWD,S101,2043,1.0
RE1,DEMTRADSLFWD,S101,2044,1.0
RE1,DEMTRADSLFWD,S101,2045,1.0
RE1,DEMTRADSLFWD,S101,2046,1.0
RE1,DEMTRADSLFWD,S101,2047,1.0
RE1,DEMTRADSLFWD,S101,2048,1.0
RE1,DEMTRADSLFWD,S101,2049,1.0
RE1,DEMTRADSLFWD,S101,2050,1.0
RE1,DEMTRADSLFWD,S101,2051,1.0
RE1,DEMTRADSLFWD,S101,2052,1.0
RE1,DEMTRADSLFWD,S101,2053,1.0
RE1,DEMTRADSLFWD,S101,2054,1.0
RE1,DEMTRADSLFWD,S101,2055,1.0
RE1,DEMTRADSLFWD,S102,2022,1.0
RE1,DEMTRADSLFWD,S102,2023,1.0
RE1,DEMTRADSLFWD,S102,2024,1.0
RE1,DEMTRADSLFWD,S102,2025,1.0
RE1,DEMTRADSLFWD,S102,2026,1.0
RE1,DEMTRADSLFWD,S102,2027,1.0
RE1,DEMTRADSLFWD,S102,2028,1.0
RE1,DEMTRADSLFWD,S102,2029,1.0
RE1,DEMTRADSLFWD,S102,2030,1.0
RE1,DEMTRADSLFWD,S102,2031,1.0
RE1,DEMTRADSLFWD,S102,2032,1.0
RE1,DEMTRADSLFWD,S102,2033,1.0
RE1,DEMTRADSLFWD,S102,2034,1.0
RE1,DEMTRADSLFWD,S102,2035,1.0
RE1,DEMTRADSLFWD,S102,2036,1.0
RE1,DEMTRADSLFWD,S102,2037,1.0
RE1,DEMTRADSLFWD,S102,2038,1.0
RE1,DEMTRADSLFWD,S102,2039,1.0
RE1,DEMTRADSLFWD,S102,2040,1.0
RE1,DEMTRADSLFWD,S102,2041,1.0
RE1,DEMTRADSLFWD,S102,2042,1.0
RE1,DEMTRADSLFWD,S102,2043,1.0
RE1,DEMTRADSLFWD,S102,2044,1.0
RE1,DEMTRADSLFWD,S102,2045,1.0
RE1,DEMTRADSLFWD,S102,2046,1.0
RE1,DEMTRADSLFWD,S102,2047,1.0
RE1,DEMTRADSLFWD,S102,2048,1.0
RE1,DEMTRADSLFWD,S102,2049,1.0
RE1,DEMTRADSLFWD,S102,2050,1.0
RE1,DEMTRADSLFWD,S102,2051,1.0
RE1,DEMTRADSLFWD,S102,2052,1.0
RE1,DEMTRADSLFWD,S102,2053,1.0
RE1,DEMTRADSLFWD,S102,2054,1.0
RE1,DEMTRADSLFWD,S102,2055,1.0
RE1,DEMTRADSLLDV,S101,2022,1.0
RE1,DEMTRADSLLDV,S101,2023,1.0
RE1,DEMTRADSLLDV,S101,2024,1.0
RE1,DEMTRADSLLDV,S101,2025,1.0
RE1,DEMTRADSLLDV,S101,2026,1.0
RE1,DEMTRADSLLDV,S101,2027,1.0
RE1,DEMTRADSLLDV,S101,2028,1.0
RE1,DEMTRADSLLDV,S101,2029,1.0
RE1,DEMTRADSLLDV,S101,2030,1.0
RE1,DEMTRADSLLDV,S101,2031,1.0
RE1,DEMTRADSLLDV,S101,2032,1.0
RE1,DEMTRADSLLDV,S101,2033,1.0
RE1,DEMTRADSLLDV,S101,2034,1.0
RE1,DEMTRADSLLDV,S101,2035,1.0
RE1,DEMTRADSLLDV,S101,2036,1.0
RE1,DEMTRADSLLDV,S101,2037,1.0
RE1,DEMTRADSLLDV,S101,2038,1.0
RE1,DEMTRADSLLDV,S101,2039,1.0
RE1,DEMTRADSLLDV,S101,2040,1.0
RE1,DEMTRADSLLDV,S101,2041,1.0
RE1,DEMTRADSLLDV,S101,2042,1.0
RE1,DEMTRADSLLDV,S101,2043,1.0
RE1,DEMTRADSLLDV,S101,2044,1.0
RE1,DEMTRADSLLDV,S101,2045,1.0
RE1,DEMTRADSLLDV,S101,2046,1.0
RE1,DEMTRADSLLDV,S101,2047,1.0
RE1,DEMTRADSLLDV,S101,2048,1.0
RE1,DEMTRADSLLDV,S101,2049,1.0
RE1,DEMTRADSLLDV,S101,2050,1.0
RE1,DEMTRADSLLDV,S101,2051,1.0
RE1,DEMTRADSLLDV,S101,2052,1.0
RE1,DEMTRADSLLDV,S101,2053,1.0
RE1,DEMTRADSLLDV,S101,2054,1.0
RE1,DEMTRADSLLDV,S101,2055,1.0
RE1,DEMTRADSLLDV,S102,2022,1.0
RE1,DEMTRADSLLDV,S102,2023,1.0
RE1,DEMTRADSLLDV,S102,2024,1.0
RE1,DEMTRADSLLDV,S102,2025,1.0
RE1,DEMTRADSLLDV,S102,2026,1.0
RE1,DEMTRADSLLDV,S102,2027,1.0
RE1,DEMTRADSLLDV,S102,2028,1.0
RE1,DEMTRADSLLDV,S102,2029,1.0
RE1,DEMTRADSLLDV,S102,2030,1.0
RE1,DEMTRADSLLDV,S102,2031,1.0
RE1,DEMTRADSLLDV,S102,2032,1.0
RE1,DEMTRADSLLDV,S102,2033,1.0
RE1,DEMTRADSLLDV,S102,2034,1.0
RE1,DEMTRADSLLDV,S102,2035,1.0
RE1,DEMTRADSLLDV,S102,2036,1.0
RE1,DEMTRADSLLDV,S102,2037,1.0
RE1,DEMTRADSLLDV,S102,2038,1.0
RE1,DEMTRADSLLDV,S102,2039,1.0
RE1,DEMTRADSLLDV,S102,2040,1.0
RE1,DEMTRADSLLDV,S102,2041,1.0
RE1,DEMTRADSLLDV,S102,2042,1.0
RE1,DEMTRADSLLDV,S102,2043,1.0
RE1,DEMTRADSLLDV,S102,2044,1.0
RE1,DEMTRADSLLDV,S102,2045,1.0
RE1,DEMTRADSLLDV,S102,2046,1.0
RE1,DEMTRADSLLDV,S102,2047,1.0
RE1,DEMTRADSLLDV,S102,2048,1.0
RE1,DEMTRADSLLDV,S102,2049,1.0
RE1,DEMTRADSLLDV,S102,2050,1.0
RE1,DEMTRADSLLDV,S102,2051,1.0
RE1,DEMTRADSLLDV,S102,2052,1.0
RE1,DEMTRADSLLDV,S102,2053,1.0
RE1,DEMTRADSLLDV,S102,2054,1.0
RE1,DEMTRADSLLDV,S102,2055,1.0
RE1,DEMTRADSLMIC,S101,2022,1.0
RE1,DEMTRADSLMIC,S101,2023,1.0
RE1,DEMTRADSLMIC,S101,2024,1.0
RE1,DEMTRADSLMIC,S101,2025,1.0
RE1,DEMTRADSLMIC,S101,2026,1.0
RE1,DEMTRADSLMIC,S101,2027,1.0
RE1,DEMTRADSLMIC,S101,2028,1.0
RE1,DEMTRADSLMIC,S101,2029,1.0
RE1,DEMTRADSLMIC,S101,2030,1.0
RE1,DEMTRADSLMIC,S101,2031,1.0
RE1,DEMTRADSLMIC,S101,2032,1.0
RE1,DEMTRADSLMIC,S101,2033,1.0
RE1,DEMTRADSLMIC,S101,2034,1.0
RE1,DEMTRADSLMIC,S101,2035,1.0
RE1,DEMTRADSLMIC,S101,2036,1.0
RE1,DEMTRADSLMIC,S101,2037,1.0
RE1,DEMTRADSLMIC,S101,2038,1.0
RE1,DEMTRADSLMIC,S101,2039,1.0
RE1,DEMTRADSLMIC,S101,2040,1.0
RE1,DEMTRADSLMIC,S101,2041,1.0
RE1,DEMTRADSLMIC,S101,2042,1.0
RE1,DEMTRADSLMIC,S101,2043,1.0
RE1,DEMTRADSLMIC,S101,2044,1.0
RE1,DEMTRADSLMIC,S101,2045,1.0
RE1,DEMTRADSLMIC,S101,2046,1.0
RE1,DEMTRADSLMIC,S101,2047,1.0
RE1,DEMTRADSLMIC,S101,2048,1.0
RE1,DEMTRADSLMIC,S101,2049,1.0
RE1,DEMTRADSLMIC,S101,2050,1.0
RE1,DEMTRADSLMIC,S101,2051,1.0
RE1,DEMTRADSLMIC,S101,2052,1.0
RE1,DEMTRADSLMIC,S101,2053,1.0
RE1,DEMTRADSLMIC,S101,2054,1.0
RE1,DEMTRADSLMIC,S101,2055,1.0
RE1,DEMTRADSLMIC,S102,2022,1.0
RE1,DEMTRADSLMIC,S102,2023,1.0
RE1,DEMTRADSLMIC,S102,2024,1.0
RE1,DEMTRADSLMIC,S102,2025,1.0
RE1,DEMTRADSLMIC,S102,2026,1.0
RE1,DEMTRADSLMIC,S102,2027,1.0
RE1,DEMTRADSLMIC,S102,2028,1.0
RE1,DEMTRADSLMIC,S102,2029,1.0
RE1,DEMTRADSLMIC,S102,2030,1.0
RE1,DEMTRADSLMIC,S102,2031,1.0
RE1,DEMTRADSLMIC,S102,2032,1.0
RE1,DEMTRADSLMIC,S102,2033,1.0
RE1,DEMTRADSLMIC,S102,2034,1.0
RE1,DEMTRADSLMIC,S102,2035,1.0
RE1,DEMTRADSLMIC,S102,2036,1.0
RE1,DEMTRADSLMIC,S102,2037,1.0
RE1,DEMTRADSLMIC,S102,2038,1.0
RE1,DEMTRADSLMIC,S102,2039,1.0
RE1,DEMTRADSLMIC,S102,2040,1.0
RE1,DEMTRADSLMIC,S102,2041,1.0
RE1,DEMTRADSLMIC,S102,2042,1.0
RE1,DEMTRADSLMIC,S102,2043,1.0
RE1,DEMTRADSLMIC,S102,2044,1.0
RE1,DEMTRADSLMIC,S102,2045,1.0
RE1,DEMTRADSLMIC,S102,2046,1.0
RE1,DEMTRADSLMIC,S102,2047,1.0
RE1,DEMTRADSLMIC,S102,2048,1.0
RE1,DEMTRADSLMIC,S102,2049,1.0
RE1,DEMTRADSLMIC,S102,2050,1.0
RE1,DEMTRADSLMIC,S102,2051,1.0
RE1,DEMTRADSLMIC,S102,2052,1.0
RE1,DEMTRADSLMIC,S102,2053,1.0
RE1,DEMTRADSLMIC,S102,2054,1.0
RE1,DEMTRADSLMIC,S102,2055,1.0
RE1,DEMTRADSLSHP,S101,2022,1.0
RE1,DEMTRADSLSHP,S101,2023,1.0
RE1,DEMTRADSLSHP,S101,2024,1.0
RE1,DEMTRADSLSHP,S101,2025,1.0
RE1,DEMTRADSLSHP,S101,2026,1.0
RE1,DEMTRADSLSHP,S101,2027,1.0
RE1,DEMTRADSLSHP,S101,2028,1.0
RE1,DEMTRADSLSHP,S101,2029,1.0
RE1,DEMTRADSLSHP,S101,2030,1.0
RE1,DEMTRADSLSHP,S101,2031,1.0
RE1,DEMTRADSLSHP,S101,2032,1.0
RE1,DEMTRADSLSHP,S101,2033,1.0
RE1,DEMTRADSLSHP,S101,2034,1.0
RE1,DEMTRADSLSHP,S101,2035,1.0
RE1,DEMTRADSLSHP,S101,2036,1.0
RE1,DEMTRADSLSHP,S101,2037,1.0
RE1,DEMTRADSLSHP,S101,2038,1.0
RE1,DEMTRADSLSHP,S101,2039,1.0
RE1,DEMTRADSLSHP,S101,2040,1.0
RE1,DEMTRADSLSHP,S101,2041,1.0
RE1,DEMTRADSLSHP,S101,2042,1.0
RE1,DEMTRADSLSHP,S101,2043,1.0
RE1,DEMTRADSLSHP,S101,2044,1.0
RE1,DEMTRADSLSHP,S101,2045,1.0
RE1,DEMTRADSLSHP,S101,2046,1.0
RE1,DEMTRADSLSHP,S101,2047,1.0
RE1,DEMTRADSLSHP,S101,2048,1.0
RE1,DEMTRADSLSHP,S101,2049,1.0
RE1,DEMTRADSLSHP,S101,2050,1.0
RE1,DEMTRADSLSHP,S101,2051,1.0
RE1,DEMTRADSLSHP,S101,2052,1.0
RE1,DEMTRADSLSHP,S101,2053,1.0
RE1,DEMTRADSLSHP,S101,2054,1.0
RE1,DEMTRADSLSHP,S101,2055,1.0
RE1,DEMTRADSLSHP,S102,2022,1.0
RE1,DEMTRADSLSHP,S102,2023,1.0
RE1,DEMTRADSLSHP,S102,2024,1.0
RE1,DEMTRADSLSHP,S102,2025,1.0
RE1,DEMTRADSLSHP,S102,2026,1.0
RE1,DEMTRADSLSHP,S102,2027,1.0
RE1,DEMTRADSLSHP,S102,2028,1.0
RE1,DEMTRADSLSHP,S102,2029,1.0
RE1,DEMTRADSLSHP,S102,2030,1.0
RE1,DEMTRADSLSHP,S102,2031,1.0
RE1,DEMTRADSLSHP,S102,2032,1.0
RE1,DEMTRADSLSHP,S102,2033,1.0
RE1,DEMTRADSLSHP,S102,2034,1.0
RE1,DEMTRADSLSHP,S102,2035,1.0
RE1,DEMTRADSLSHP,S102,2036,1.0
RE1,DEMTRADSLSHP,S102,2037,1.0
RE1,DEMTRADSLSHP,S102,2038,1.0
RE1,DEMTRADSLSHP,S102,2039,1.0
RE1,DEMTRADSLSHP,S102,2040,1.0
RE1,DEMTRADSLSHP,S102,2041,1.0
RE1,DEMTRADSLSHP,S102,2042,1.0
RE1,DEMTRADSLSHP,S102,2043,1.0
RE1,DEMTRADSLSHP,S102,2044,1.0
RE1,DEMTRADSLSHP,S102,2045,1.0
RE1,DEMTRADSLSHP,S102,2046,1.0
RE1,DEMTRADSLSHP,S102,2047,1.0
RE1,DEMTRADSLSHP,S102,2048,1.0
RE1,DEMTRADSLSHP,S102,2049,1.0
RE1,DEMTRADSLSHP,S102,2050,1.0
RE1,DEMTRADSLSHP,S102,2051,1.0
RE1,DEMTRADSLSHP,S102,2052,1.0
RE1,DEMTRADSLSHP,S102,2053,1.0
RE1,DEMTRADSLSHP,S102,2054,1.0
RE1,DEMTRADSLSHP,S102,2055,1.0
RE1,DEMTRADSLSTT,S101,2022,1.0
RE1,DEMTRADSLSTT,S101,2023,1.0
RE1,DEMTRADSLSTT,S101,2024,1.0
RE1,DEMTRADSLSTT,S101,2025,1.0
RE1,DEMTRADSLSTT,S101,2026,1.0
RE1,DEMTRADSLSTT,S101,2027,1.0
RE1,DEMTRADSLSTT,S101,2028,1.0
RE1,DEMTRADSLSTT,S101,2029,1.0
RE1,DEMTRADSLSTT,S101,2030,1.0
RE1,DEMTRADSLSTT,S101,2031,1.0
RE1,DEMTRADSLSTT,S101,2032,1.0
RE1,DEMTRADSLSTT,S101,2033,1.0
RE1,DEMTRADSLSTT,S101,2034,1.0
RE1,DEMTRADSLSTT,S101,2035,1.0
RE1,DEMTRADSLSTT,S101,2036,1.0
RE1,DEMTRADSLSTT,S101,2037,1.0
RE1,DEMTRADSLSTT,S101,2038,1.0
RE1,DEMTRADSLSTT,S101,2039,1.0
RE1,DEMTRADSLSTT,S101,2040,1.0
RE1,DEMTRADSLSTT,S101,2041,1.0
RE1,DEMTRADSLSTT,S101,2042,1.0
RE1,DEMTRADSLSTT,S101,2043,1.0
RE1,DEMTRADSLSTT,S101,2044,1.0
RE1,DEMTRADSLSTT,S101,2045,1.0
RE1,DEMTRADSLSTT,S101,2046,1.0
RE1,DEMTRADSLSTT,S101,2047,1.0
RE1,DEMTRADSLSTT,S101,2048,1.0
RE1,DEMTRADSLSTT,S101,2049,1.0
RE1,DEMTRADSLSTT,S101,2050,1.0
RE1,DEMTRADSLSTT,S101,2051,1.0
RE1,DEMTRADSLSTT,S101,2052,1.0
RE1,DEMTRADSLSTT,S101,2053,1.0
RE1,DEMTRADSLSTT,S101,2054,1.0
RE1,DEMTRADSLSTT,S101,2055,1.0
RE1,DEMTRADSLSTT,S102,2022,1.0
RE1,DEMTRADSLSTT,S102,2023,1.0
RE1,DEMTRADSLSTT,S102,2024,1.0
RE1,DEMTRADSLSTT,S102,2025,1.0
RE1,DEMTRADSLSTT,S102,2026,1.0
RE1,DEMTRADSLSTT,S102,2027,1.0
RE1,DEMTRADSLSTT,S102,2028,1.0
RE1,DEMTRADSLSTT,S102,2029,1.0
RE1,DEMTRADSLSTT,S102,2030,1.0
RE1,DEMTRADSLSTT,S102,2031,1.0
RE1,DEMTRADSLSTT,S102,2032,1.0
RE1,DEMTRADSLSTT,S102,2033,1.0
RE1,DEMTRADSLSTT,S102,2034,1.0
RE1,DEMTRADSLSTT,S102,2035,1.0
RE1,DEMTRADSLSTT,S102,2036,1.0
RE1,DEMTRADSLSTT,S102,2037,1.0
RE1,DEMTRADSLSTT,S102,2038,1.0
RE1,DEMTRADSLSTT,S102,2039,1.0
RE1,DEMTRADSLSTT,S102,2040,1.0
RE1,DEMTRADSLSTT,S102,2041,1.0
RE1,DEMTRADSLSTT,S102,2042,1.0
RE1,DEMTRADSLSTT,S102,2043,1.0
RE1,DEMTRADSLSTT,S102,2044,1.0
RE1,DEMTRADSLSTT,S102,2045,1.0
RE1,DEMTRADSLSTT,S102,2046,1.0
RE1,DEMTRADSLSTT,S102,2047,1.0
RE1,DEMTRADSLSTT,S102,2048,1.0
RE1,DEMTRADSLSTT,S102,2049,1.0
RE1,DEMTRADSLSTT,S102,2050,1.0
RE1,DEMTRADSLSTT,S102,2051,1.0
RE1,DEMTRADSLSTT,S102,2052,1.0
RE1,DEMTRADSLSTT,S102,2053,1.0
RE1,DEMTRADSLSTT,S102,2054,1.0
RE1,DEMTRADSLSTT,S102,2055,1.0
RE1,DEMTRADSLTAX,S101,2022,1.0
RE1,DEMTRADSLTAX,S101,2023,1.0
RE1,DEMTRADSLTAX,S101,2024,1.0
RE1,DEMTRADSLTAX,S101,2025,1.0
RE1,DEMTRADSLTAX,S101,2026,1.0
RE1,DEMTRADSLTAX,S101,2027,1.0
RE1,DEMTRADSLTAX,S101,2028,1.0
RE1,DEMTRADSLTAX,S101,2029,1.0
RE1,DEMTRADSLTAX,S101,2030,1.0
RE1,DEMTRADSLTAX,S101,2031,1.0
RE1,DEMTRADSLTAX,S101,2032,1.0
RE1,DEMTRADSLTAX,S101,2033,1.0
RE1,DEMTRADSLTAX,S101,2034,1.0
RE1,DEMTRADSLTAX,S101,2035,1.0
RE1,DEMTRADSLTAX,S101,2036,1.0
RE1,DEMTRADSLTAX,S101,2037,1.0
RE1,DEMTRADSLTAX,S101,2038,1.0
RE1,DEMTRADSLTAX,S101,2039,1.0
RE1,DEMTRADSLTAX,S101,2040,1.0
RE1,DEMTRADSLTAX,S101,2041,1.0
RE1,DEMTRADSLTAX,S101,2042,1.0
RE1,DEMTRADSLTAX,S101,2043,1.0
RE1,DEMTRADSLTAX,S101,2044,1.0
RE1,DEMTRADSLTAX,S101,2045,1.0
RE1,DEMTRADSLTAX,S101,2046,1.0
RE1,DEMTRADSLTAX,S101,2047,1.0
RE1,DEMTRADSLTAX,S101,2048,1.0
RE1,DEMTRADSLTAX,S101,2049,1.0
RE1,DEMTRADSLTAX,S101,2050,1.0
RE1,DEMTRADSLTAX,S101,2051,1.0
RE1,DEMTRADSLTAX,S101,2052,1.0
RE1,DEMTRADSLTAX,S101,2053,1.0
RE1,DEMTRADSLTAX,S101,2054,1.0
RE1,DEMTRADSLTAX,S101,2055,1.0
RE1,DEMTRADSLTAX,S102,2022,1.0
RE1,DEMTRADSLTAX,S102,2023,1.0
RE1,DEMTRADSLTAX,S102,2024,1.0
RE1,DEMTRADSLTAX,S102,2025,1.0
RE1,DEMTRADSLTAX,S102,2026,1.0
RE1,DEMTRADSLTAX,S102,2027,1.0
RE1,DEMTRADSLTAX,S102,2028,1.0
RE1,DEMTRADSLTAX,S102,2029,1.0
RE1,DEMTRADSLTAX,S102,2030,1.0
RE1,DEMTRADSLTAX,S102,2031,1.0
RE1,DEMTRADSLTAX,S102,2032,1.0
RE1,DEMTRADSLTAX,S102,2033,1.0
RE1,DEMTRADSLTAX,S102,2034,1.0
RE1,DEMTRADSLTAX,S102,2035,1.0
RE1,DEMTRADSLTAX,S102,2036,1.0
RE1,DEMTRADSLTAX,S102,2037,1.0
RE1,DEMTRADSLTAX,S102,2038,1.0
RE1,DEMTRADSLTAX,S102,2039,1.0
RE1,DEMTRADSLTAX,S102,2040,1.0
RE1,DEMTRADSLTAX,S102,2041,1.0
RE1,DEMTRADSLTAX,S102,2042,1.0
RE1,DEMTRADSLTAX,S102,2043,1.0
RE1,DEMTRADSLTAX,S102,2044,1.0
RE1,DEMTRADSLTAX,S102,2045,1.0
RE1,DEMTRADSLTAX,S102,2046,1.0
RE1,DEMTRADSLTAX,S102,2047,1.0
RE1,DEMTRADSLTAX,S102,2048,1.0
RE1,DEMTRADSLTAX,S102,2049,1.0
RE1,DEMTRADSLTAX,S102,2050,1.0
RE1,DEMTRADSLTAX,S102,2051,1.0
RE1,DEMTRADSLTAX,S102,2052,1.0
RE1,DEMTRADSLTAX,S102,2053,1.0
RE1,DEMTRADSLTAX,S102,2054,1.0
RE1,DEMTRADSLTAX,S102,2055,1.0
RE1,DEMTRADSLTCK_C2P,S101,2022,1.0
RE1,DEMTRADSLTCK_C2P,S101,2023,1.0
RE1,DEMTRADSLTCK_C2P,S101,2024,1.0
RE1,DEMTRADSLTCK_C2P,S101,2025,1.0
RE1,DEMTRADSLTCK_C2P,S101,2026,1.0
RE1,DEMTRADSLTCK_C2P,S101,2027,1.0
RE1,DEMTRADSLTCK_C2P,S101,2028,1.0
RE1,DEMTRADSLTCK_C2P,S101,2029,1.0
RE1,DEMTRADSLTCK_C2P,S101,2030,1.0
RE1,DEMTRADSLTCK_C2P,S101,2031,1.0
RE1,DEMTRADSLTCK_C2P,S101,2032,1.0
RE1,DEMTRADSLTCK_C2P,S101,2033,1.0
RE1,DEMTRADSLTCK_C2P,S101,2034,1.0
RE1,DEMTRADSLTCK_C2P,S101,2035,1.0
RE1,DEMTRADSLTCK_C2P,S101,2036,1.0
RE1,DEMTRADSLTCK_C2P,S101,2037,1.0
RE1,DEMTRADSLTCK_C2P,S101,2038,1.0
RE1,DEMTRADSLTCK_C2P,S101,2039,1.0
RE1,DEMTRADSLTCK_C2P,S101,2040,1.0
RE1,DEMTRADSLTCK_C2P,S101,2041,1.0
RE1,DEMTRADSLTCK_C2P,S101,2042,1.0
RE1,DEMTRADSLTCK_C2P,S101,2043,1.0
RE1,DEMTRADSLTCK_C2P,S101,2044,1.0
RE1,DEMTRADSLTCK_C2P,S101,2045,1.0
RE1,DEMTRADSLTCK_C2P,S101,2046,1.0
RE1,DEMTRADSLTCK_C2P,S101,2047,1.0
RE1,DEMTRADSLTCK_C2P,S101,2048,1.0
RE1,DEMTRADSLTCK_C2P,S101,2049,1.0
RE1,DEMTRADSLTCK_C2P,S101,2050,1.0
RE1,DEMTRADSLTCK_C2P,S101,2051,1.0
RE1,DEMTRADSLTCK_C2P,S101,2052,1.0
RE1,DEMTRADSLTCK_C2P,S101,2053,1.0
RE1,DEMTRADSLTCK_C2P,S101,2054,1.0
RE1,DEMTRADSLTCK_C2P,S101,2055,1.0
RE1,DEMTRADSLTCK_C2P,S102,2022,1.0
RE1,DEMTRADSLTCK_C2P,S102,2023,1.0
RE1,DEMTRADSLTCK_C2P,S102,2024,1.0
RE1,DEMTRADSLTCK_C2P,S102,2025,1.0
RE1,DEMTRADSLTCK_C2P,S102,2026,1.0
RE1,DEMTRADSLTCK_C2P,S102,2027,1.0
RE1,DEMTRADSLTCK_C2P,S102,2028,1.0
RE1,DEMTRADSLTCK_C2P,S102,2029,1.0
RE1,DEMTRADSLTCK_C2P,S102,2030,1.0
RE1,DEMTRADSLTCK_C2P,S102,2031,1.0
RE1,DEMTRADSLTCK_C2P,S102,2032,1.0
RE1,DEMTRADSLTCK_C2P,S102,2033,1.0
RE1,DEMTRADSLTCK_C2P,S102,2034,1.0
RE1,DEMTRADSLTCK_C2P,S102,2035,1.0
RE1,DEMTRADSLTCK_C2P,S102,2036,1.0
RE1,DEMTRADSLTCK_C2P,S102,2037,1.0
RE1,DEMTRADSLTCK_C2P,S102,2038,1.0
RE1,DEMTRADSLTCK_C2P,S102,2039,1.0
RE1,DEMTRADSLTCK_C2P,S102,2040,1.0
RE1,DEMTRADSLTCK_C2P,S102,2041,1.0
RE1,DEMTRADSLTCK_C2P,S102,2042,1.0
RE1,DEMTRADSLTCK_C2P,S102,2043,1.0
RE1,DEMTRADSLTCK_C2P,S102,2044,1.0
RE1,DEMTRADSLTCK_C2P,S102,2045,1.0
RE1,DEMTRADSLTCK_C2P,S102,2046,1.0
RE1,DEMTRADSLTCK_C2P,S102,2047,1.0
RE1,DEMTRADSLTCK_C2P,S102,2048,1.0
RE1,DEMTRADSLTCK_C2P,S102,2049,1.0
RE1,DEMTRADSLTCK_C2P,S102,2050,1.0
RE1,DEMTRADSLTCK_C2P,S102,2051,1.0
RE1,DEMTRADSLTCK_C2P,S102,2052,1.0
RE1,DEMTRADSLTCK_C2P,S102,2053,1.0
RE1,DEMTRADSLTCK_C2P,S102,2054,1.0
RE1,DEMTRADSLTCK_C2P,S102,2055,1.0
RE1,DEMTRADSLTCK_CSG,S101,2022,1.0
RE1,DEMTRADSLTCK_CSG,S101,2023,1.0
RE1,DEMTRADSLTCK_CSG,S101,2024,1.0
RE1,DEMTRADSLTCK_CSG,S101,2025,1.0
RE1,DEMTRADSLTCK_CSG,S101,2026,1.0
RE1,DEMTRADSLTCK_CSG,S101,2027,1.0
RE1,DEMTRADSLTCK_CSG,S101,2028,1.0
RE1,DEMTRADSLTCK_CSG,S101,2029,1.0
RE1,DEMTRADSLTCK_CSG,S101,2030,1.0
RE1,DEMTRADSLTCK_CSG,S101,2031,1.0
RE1,DEMTRADSLTCK_CSG,S101,2032,1.0
RE1,DEMTRADSLTCK_CSG,S101,2033,1.0
RE1,DEMTRADSLTCK_CSG,S101,2034,1.0
RE1,DEMTRADSLTCK_CSG,S101,2035,1.0
RE1,DEMTRADSLTCK_CSG,S101,2036,1.0
RE1,DEMTRADSLTCK_CSG,S101,2037,1.0
RE1,DEMTRADSLTCK_CSG,S101,2038,1.0
RE1,DEMTRADSLTCK_CSG,S101,2039,1.0
RE1,DEMTRADSLTCK_CSG,S101,2040,1.0
RE1,DEMTRADSLTCK_CSG,S101,2041,1.0
RE1,DEMTRADSLTCK_CSG,S101,2042,1.0
RE1,DEMTRADSLTCK_CSG,S101,2043,1.0
RE1,DEMTRADSLTCK_CSG,S101,2044,1.0
RE1,DEMTRADSLTCK_CSG,S101,2045,1.0
RE1,DEMTRADSLTCK_CSG,S101,2046,1.0
RE1,DEMTRADSLTCK_CSG,S101,2047,1.0
RE1,DEMTRADSLTCK_CSG,S101,2048,1.0
RE1,DEMTRADSLTCK_CSG,S101,2049,1.0
RE1,DEMTRADSLTCK_CSG,S101,2050,1.0
RE1,DEMTRADSLTCK_CSG,S101,2051,1.0
RE1,DEMTRADSLTCK_CSG,S101,2052,1.0
RE1,DEMTRADSLTCK_CSG,S101,2053,1.0
RE1,DEMTRADSLTCK_CSG,S101,2054,1.0
RE1,DEMTRADSLTCK_CSG,S101,2055,1.0
RE1,DEMTRADSLTCK_CSG,S102,2022,1.0
RE1,DEMTRADSLTCK_CSG,S102,2023,1.0
RE1,DEMTRADSLTCK_CSG,S102,2024,1.0
RE1,DEMTRADSLTCK_CSG,S102,2025,1.0
RE1,DEMTRADSLTCK_CSG,S102,2026,1.0
RE1,DEMTRADSLTCK_CSG,S102,2027,1.0
RE1,DEMTRADSLTCK_CSG,S102,2028,1.0
RE1,DEMTRADSLTCK_CSG,S102,2029,1.0
RE1,DEMTRADSLTCK_CSG,S102,2030,1.0
RE1,DEMTRADSLTCK_CSG,S102,2031,1.0
RE1,DEMTRADSLTCK_CSG,S102,2032,1.0
RE1,DEMTRADSLTCK_CSG,S102,2033,1.0
RE1,DEMTRADSLTCK_CSG,S102,2034,1.0
RE1,DEMTRADSLTCK_CSG,S102,2035,1.0
RE1,DEMTRADSLTCK_CSG,S102,2036,1.0
RE1,DEMTRADSLTCK_CSG,S102,2037,1.0
RE1,DEMTRADSLTCK_CSG,S102,2038,1.0
RE1,DEMTRADSLTCK_CSG,S102,2039,1.0
RE1,DEMTRADSLTCK_CSG,S102,2040,1.0
RE1,DEMTRADSLTCK_CSG,S102,2041,1.0
RE1,DEMTRADSLTCK_CSG,S102,2042,1.0
RE1,DEMTRADSLTCK_CSG,S102,2043,1.0
RE1,DEMTRADSLTCK_CSG,S102,2044,1.0
RE1,DEMTRADSLTCK_CSG,S102,2045,1.0
RE1,DEMTRADSLTCK_CSG,S102,2046,1.0
RE1,DEMTRADSLTCK_CSG,S102,2047,1.0
RE1,DEMTRADSLTCK_CSG,S102,2048,1.0
RE1,DEMTRADSLTCK_CSG,S102,2049,1.0
RE1,DEMTRADSLTCK_CSG,S102,2050,1.0
RE1,DEMTRADSLTCK_CSG,S102,2051,1.0
RE1,DEMTRADSLTCK_CSG,S102,2052,1.0
RE1,DEMTRADSLTCK_CSG,S102,2053,1.0
RE1,DEMTRADSLTCK_CSG,S102,2054,1.0
RE1,DEMTRADSLTCK_CSG,S102,2055,1.0
RE1,DEMTRAELCBOT,S101,2022,1.0
RE1,DEMTRAELCBOT,S101,2023,1.0
RE1,DEMTRAELCBOT,S101,2024,1.0
RE1,DEMTRAELCBOT,S101,2025,1.0
RE1,DEMTRAELCBOT,S101,2026,1.0
RE1,DEMTRAELCBOT,S101,2027,1.0
RE1,DEMTRAELCBOT,S101,2028,1.0
RE1,DEMTRAELCBOT,S101,2029,1.0
RE1,DEMTRAELCBOT,S101,2030,1.0
RE1,DEMTRAELCBOT,S101,2031,1.0
RE1,DEMTRAELCBOT,S101,2032,1.0
RE1,DEMTRAELCBOT,S101,2033,1.0
RE1,DEMTRAELCBOT,S101,2034,1.0
RE1,DEMTRAELCBOT,S101,2035,1.0
RE1,DEMTRAELCBOT,S101,2036,1.0
RE1,DEMTRAELCBOT,S101,2037,1.0
RE1,DEMTRAELCBOT,S101,2038,1.0
RE1,DEMTRAELCBOT,S101,2039,1.0
RE1,DEMTRAELCBOT,S101,2040,1.0
RE1,DEMTRAELCBOT,S101,2041,1.0
RE1,DEMTRAELCBOT,S101,2042,1.0
RE1,DEMTRAELCBOT,S101,2043,1.0
RE1,DEMTRAELCBOT,S101,2044,1.0
RE1,DEMTRAELCBOT,S101,2045,1.0
RE1,DEMTRAELCBOT,S101,2046,1.0
RE1,DEMTRAELCBOT,S101,2047,1.0
RE1,DEMTRAELCBOT,S101,2048,1.0
RE1,DEMTRAELCBOT,S101,2049,1.0
RE1,DEMTRAELCBOT,S101,2050,1.0
RE1,DEMTRAELCBOT,S101,2051,1.0
RE1,DEMTRAELCBOT,S101,2052,1.0
RE1,DEMTRAELCBOT,S101,2053,1.0
RE1,DEMTRAELCBOT,S101,2054,1.0
RE1,DEMTRAELCBOT,S101,2055,1.0
RE1,DEMTRAELCBOT,S102,2022,1.0
RE1,DEMTRAELCBOT,S102,2023,1.0
RE1,DEMTRAELCBOT,S102,2024,1.0
RE1,DEMTRAELCBOT,S102,2025,1.0
RE1,DEMTRAELCBOT,S102,2026,1.0
RE1,DEMTRAELCBOT,S102,2027,1.0
RE1,DEMTRAELCBOT,S102,2028,1.0
RE1,DEMTRAELCBOT,S102,2029,1.0
RE1,DEMTRAELCBOT,S102,2030,1.0
RE1,DEMTRAELCBOT,S102,2031,1.0
RE1,DEMTRAELCBOT,S102,2032,1.0
RE1,DEMTRAELCBOT,S102,2033,1.0
RE1,DEMTRAELCBOT,S102,2034,1.0
RE1,DEMTRAELCBOT,S102,2035,1.0
RE1,DEMTRAELCBOT,S102,2036,1.0
RE1,DEMTRAELCBOT,S102,2037,1.0
RE1,DEMTRAELCBOT,S102,2038,1.0
RE1,DEMTRAELCBOT,S102,2039,1.0
RE1,DEMTRAELCBOT,S102,2040,1.0
RE1,DEMTRAELCBOT,S102,2041,1.0
RE1,DEMTRAELCBOT,S102,2042,1.0
RE1,DEMTRAELCBOT,S102,2043,1.0
RE1,DEMTRAELCBOT,S102,2044,1.0
RE1,DEMTRAELCBOT,S102,2045,1.0
RE1,DEMTRAELCBOT,S102,2046,1.0
RE1,DEMTRAELCBOT,S102,2047,1.0
RE1,DEMTRAELCBOT,S102,2048,1.0
RE1,DEMTRAELCBOT,S102,2049,1.0
RE1,DEMTRAELCBOT,S102,2050,1.0
RE1,DEMTRAELCBOT,S102,2051,1.0
RE1,DEMTRAELCBOT,S102,2052,1.0
RE1,DEMTRAELCBOT,S102,2053,1.0
RE1,DEMTRAELCBOT,S102,2054,1.0
RE1,DEMTRAELCBOT,S102,2055,1.0
RE1,DEMTRAELCBUS_ART,S101,2022,1.0
RE1,DEMTRAELCBUS_ART,S101,2023,1.0
RE1,DEMTRAELCBUS_ART,S101,2024,1.0
RE1,DEMTRAELCBUS_ART,S101,2025,1.0
RE1,DEMTRAELCBUS_ART,S101,2026,1.0
RE1,DEMTRAELCBUS_ART,S101,2027,1.0
RE1,DEMTRAELCBUS_ART,S101,2028,1.0
RE1,DEMTRAELCBUS_ART,S101,2029,1.0
RE1,DEMTRAELCBUS_ART,S101,2030,1.0
RE1,DEMTRAELCBUS_ART,S101,2031,1.0
RE1,DEMTRAELCBUS_ART,S101,2032,1.0
RE1,DEMTRAELCBUS_ART,S101,2033,1.0
RE1,DEMTRAELCBUS_ART,S101,2034,1.0
RE1,DEMTRAELCBUS_ART,S101,2035,1.0
RE1,DEMTRAELCBUS_ART,S101,2036,1.0
RE1,DEMTRAELCBUS_ART,S101,2037,1.0
RE1,DEMTRAELCBUS_ART,S101,2038,1.0
RE1,DEMTRAELCBUS_ART,S101,2039,1.0
RE1,DEMTRAELCBUS_ART,S101,2040,1.0
RE1,DEMTRAELCBUS_ART,S101,2041,1.0
RE1,DEMTRAELCBUS_ART,S101,2042,1.0
RE1,DEMTRAELCBUS_ART,S101,2043,1.0
RE1,DEMTRAELCBUS_ART,S101,2044,1.0
RE1,DEMTRAELCBUS_ART,S101,2045,1.0
RE1,DEMTRAELCBUS_ART,S101,2046,1.0
RE1,DEMTRAELCBUS_ART,S101,2047,1.0
RE1,DEMTRAELCBUS_ART,S101,2048,1.0
RE1,DEMTRAELCBUS_ART,S101,2049,1.0
RE1,DEMTRAELCBUS_ART,S101,2050,1.0
RE1,DEMTRAELCBUS_ART,S101,2051,1.0
RE1,DEMTRAELCBUS_ART,S101,2052,1.0
RE1,DEMTRAELCBUS_ART,S101,2053,1.0
RE1,DEMTRAELCBUS_ART,S101,2054,1.0
RE1,DEMTRAELCBUS_ART,S101,2055,1.0
RE1,DEMTRAELCBUS_ART,S102,2022,1.0
RE1,DEMTRAELCBUS_ART,S102,2023,1.0
RE1,DEMTRAELCBUS_ART,S102,2024,1.0
RE1,DEMTRAELCBUS_ART,S102,2025,1.0
RE1,DEMTRAELCBUS_ART,S102,2026,1.0
RE1,DEMTRAELCBUS_ART,S102,2027,1.0
RE1,DEMTRAELCBUS_ART,S102,2028,1.0
RE1,DEMTRAELCBUS_ART,S102,2029,1.0
RE1,DEMTRAELCBUS_ART,S102,2030,1.0
RE1,DEMTRAELCBUS_ART,S102,2031,1.0
RE1,DEMTRAELCBUS_ART,S102,2032,1.0
RE1,DEMTRAELCBUS_ART,S102,2033,1.0
RE1,DEMTRAELCBUS_ART,S102,2034,1.0
RE1,DEMTRAELCBUS_ART,S102,2035,1.0
RE1,DEMTRAELCBUS_ART,S102,2036,1.0
RE1,DEMTRAELCBUS_ART,S102,2037,1.0
RE1,DEMTRAELCBUS_ART,S102,2038,1.0
RE1,DEMTRAELCBUS_ART,S102,2039,1.0
RE1,DEMTRAELCBUS_ART,S102,2040,1.0
RE1,DEMTRAELCBUS_ART,S102,2041,1.0
RE1,DEMTRAELCBUS_ART,S102,2042,1.0
RE1,DEMTRAELCBUS_ART,S102,2043,1.0
RE1,DEMTRAELCBUS_ART,S102,2044,1.0
RE1,DEMTRAELCBUS_ART,S102,2045,1.0
RE1,DEMTRAELCBUS_ART,S102,2046,1.0
RE1,DEMTRAELCBUS_ART,S102,2047,1.0
RE1,DEMTRAELCBUS_ART,S102,2048,1.0
RE1,DEMTRAELCBUS_ART,S102,2049,1.0
RE1,DEMTRAELCBUS_ART,S102,2050,1.0
RE1,DEMTRAELCBUS_ART,S102,2051,1.0
RE1,DEMTRAELCBUS_ART,S102,2052,1.0
RE1,DEMTRAELCBUS_ART,S102,2053,1.0
RE1,DEMTRAELCBUS_ART,S102,2054,1.0
RE1,DEMTRAELCBUS_ART,S102,2055,1.0
RE1,DEMTRAELCBUS_BIA,S101,2022,1.0
RE1,DEMTRAELCBUS_BIA,S101,2023,1.0
RE1,DEMTRAELCBUS_BIA,S101,2024,1.0
RE1,DEMTRAELCBUS_BIA,S101,2025,1.0
RE1,DEMTRAELCBUS_BIA,S101,2026,1.0
RE1,DEMTRAELCBUS_BIA,S101,2027,1.0
RE1,DEMTRAELCBUS_BIA,S101,2028,1.0
RE1,DEMTRAELCBUS_BIA,S101,2029,1.0
RE1,DEMTRAELCBUS_BIA,S101,2030,1.0
RE1,DEMTRAELCBUS_BIA,S101,2031,1.0
RE1,DEMTRAELCBUS_BIA,S101,2032,1.0
RE1,DEMTRAELCBUS_BIA,S101,2033,1.0
RE1,DEMTRAELCBUS_BIA,S101,2034,1.0
RE1,DEMTRAELCBUS_BIA,S101,2035,1.0
RE1,DEMTRAELCBUS_BIA,S101,2036,1.0
RE1,DEMTRAELCBUS_BIA,S101,2037,1.0
RE1,DEMTRAELCBUS_BIA,S101,2038,1.0
RE1,DEMTRAELCBUS_BIA,S101,2039,1.0
RE1,DEMTRAELCBUS_BIA,S101,2040,1.0
RE1,DEMTRAELCBUS_BIA,S101,2041,1.0
RE1,DEMTRAELCBUS_BIA,S101,2042,1.0
RE1,DEMTRAELCBUS_BIA,S101,2043,1.0
RE1,DEMTRAELCBUS_BIA,S101,2044,1.0
RE1,DEMTRAELCBUS_BIA,S101,2045,1.0
RE1,DEMTRAELCBUS_BIA,S101,2046,1.0
RE1,DEMTRAELCBUS_BIA,S101,2047,1.0
RE1,DEMTRAELCBUS_BIA,S101,2048,1.0
RE1,DEMTRAELCBUS_BIA,S101,2049,1.0
RE1,DEMTRAELCBUS_BIA,S101,2050,1.0
RE1,DEMTRAELCBUS_BIA,S101,2051,1.0
RE1,DEMTRAELCBUS_BIA,S101,2052,1.0
RE1,DEMTRAELCBUS_BIA,S101,2053,1.0
RE1,DEMTRAELCBUS_BIA,S101,2054,1.0
RE1,DEMTRAELCBUS_BIA,S101,2055,1.0
RE1,DEMTRAELCBUS_BIA,S102,2022,1.0
RE1,DEMTRAELCBUS_BIA,S102,2023,1.0
RE1,DEMTRAELCBUS_BIA,S102,2024,1.0
RE1,DEMTRAELCBUS_BIA,S102,2025,1.0
RE1,DEMTRAELCBUS_BIA,S102,2026,1.0
RE1,DEMTRAELCBUS_BIA,S102,2027,1.0
RE1,DEMTRAELCBUS_BIA,S102,2028,1.0
RE1,DEMTRAELCBUS_BIA,S102,2029,1.0
RE1,DEMTRAELCBUS_BIA,S102,2030,1.0
RE1,DEMTRAELCBUS_BIA,S102,2031,1.0
RE1,DEMTRAELCBUS_BIA,S102,2032,1.0
RE1,DEMTRAELCBUS_BIA,S102,2033,1.0
RE1,DEMTRAELCBUS_BIA,S102,2034,1.0
RE1,DEMTRAELCBUS_BIA,S102,2035,1.0
RE1,DEMTRAELCBUS_BIA,S102,2036,1.0
RE1,DEMTRAELCBUS_BIA,S102,2037,1.0
RE1,DEMTRAELCBUS_BIA,S102,2038,1.0
RE1,DEMTRAELCBUS_BIA,S102,2039,1.0
RE1,DEMTRAELCBUS_BIA,S102,2040,1.0
RE1,DEMTRAELCBUS_BIA,S102,2041,1.0
RE1,DEMTRAELCBUS_BIA,S102,2042,1.0
RE1,DEMTRAELCBUS_BIA,S102,2043,1.0
RE1,DEMTRAELCBUS_BIA,S102,2044,1.0
RE1,DEMTRAELCBUS_BIA,S102,2045,1.0
RE1,DEMTRAELCBUS_BIA,S102,2046,1.0
RE1,DEMTRAELCBUS_BIA,S102,2047,1.0
RE1,DEMTRAELCBUS_BIA,S102,2048,1.0
RE1,DEMTRAELCBUS_BIA,S102,2049,1.0
RE1,DEMTRAELCBUS_BIA,S102,2050,1.0
RE1,DEMTRAELCBUS_BIA,S102,2051,1.0
RE1,DEMTRAELCBUS_BIA,S102,2052,1.0
RE1,DEMTRAELCBUS_BIA,S102,2053,1.0
RE1,DEMTRAELCBUS_BIA,S102,2054,1.0
RE1,DEMTRAELCBUS_BIA,S102,2055,1.0
RE1,DEMTRAELCBUS_IMU,S101,2022,1.0
RE1,DEMTRAELCBUS_IMU,S101,2023,1.0
RE1,DEMTRAELCBUS_IMU,S101,2024,1.0
RE1,DEMTRAELCBUS_IMU,S101,2025,1.0
RE1,DEMTRAELCBUS_IMU,S101,2026,1.0
RE1,DEMTRAELCBUS_IMU,S101,2027,1.0
RE1,DEMTRAELCBUS_IMU,S101,2028,1.0
RE1,DEMTRAELCBUS_IMU,S101,2029,1.0
RE1,DEMTRAELCBUS_IMU,S101,2030,1.0
RE1,DEMTRAELCBUS_IMU,S101,2031,1.0
RE1,DEMTRAELCBUS_IMU,S101,2032,1.0
RE1,DEMTRAELCBUS_IMU,S101,2033,1.0
RE1,DEMTRAELCBUS_IMU,S101,2034,1.0
RE1,DEMTRAELCBUS_IMU,S101,2035,1.0
RE1,DEMTRAELCBUS_IMU,S101,2036,1.0
RE1,DEMTRAELCBUS_IMU,S101,2037,1.0
RE1,DEMTRAELCBUS_IMU,S101,2038,1.0
RE1,DEMTRAELCBUS_IMU,S101,2039,1.0
RE1,DEMTRAELCBUS_IMU,S101,2040,1.0
RE1,DEMTRAELCBUS_IMU,S101,2041,1.0
RE1,DEMTRAELCBUS_IMU,S101,2042,1.0
RE1,DEMTRAELCBUS_IMU,S101,2043,1.0
RE1,DEMTRAELCBUS_IMU,S101,2044,1.0
RE1,DEMTRAELCBUS_IMU,S101,2045,1.0
RE1,DEMTRAELCBUS_IMU,S101,2046,1.0
RE1,DEMTRAELCBUS_IMU,S101,2047,1.0
RE1,DEMTRAELCBUS_IMU,S101,2048,1.0
RE1,DEMTRAELCBUS_IMU,S101,2049,1.0
RE1,DEMTRAELCBUS_IMU,S101,2050,1.0
RE1,DEMTRAELCBUS_IMU,S101,2051,1.0
RE1,DEMTRAELCBUS_IMU,S101,2052,1.0
RE1,DEMTRAELCBUS_IMU,S101,2053,1.0
RE1,DEMTRAELCBUS_IMU,S101,2054,1.0
RE1,DEMTRAELCBUS_IMU,S101,2055,1.0
RE1,DEMTRAELCBUS_IMU,S102,2022,1.0
RE1,DEMTRAELCBUS_IMU,S102,2023,1.0
RE1,DEMTRAELCBUS_IMU,S102,2024,1.0
RE1,DEMTRAELCBUS_IMU,S102,2025,1.0
RE1,DEMTRAELCBUS_IMU,S102,2026,1.0
RE1,DEMTRAELCBUS_IMU,S102,2027,1.0
RE1,DEMTRAELCBUS_IMU,S102,2028,1.0
RE1,DEMTRAELCBUS_IMU,S102,2029,1.0
RE1,DEMTRAELCBUS_IMU,S102,2030,1.0
RE1,DEMTRAELCBUS_IMU,S102,2031,1.0
RE1,DEMTRAELCBUS_IMU,S102,2032,1.0
RE1,DEMTRAELCBUS_IMU,S102,2033,1.0
RE1,DEMTRAELCBUS_IMU,S102,2034,1.0
RE1,DEMTRAELCBUS_IMU,S102,2035,1.0
RE1,DEMTRAELCBUS_IMU,S102,2036,1.0
RE1,DEMTRAELCBUS_IMU,S102,2037,1.0
RE1,DEMTRAELCBUS_IMU,S102,2038,1.0
RE1,DEMTRAELCBUS_IMU,S102,2039,1.0
RE1,DEMTRAELCBUS_IMU,S102,2040,1.0
RE1,DEMTRAELCBUS_IMU,S102,2041,1.0
RE1,DEMTRAELCBUS_IMU,S102,2042,1.0
RE1,DEMTRAELCBUS_IMU,S102,2043,1.0
RE1,DEMTRAELCBUS_IMU,S102,2044,1.0
RE1,DEMTRAELCBUS_IMU,S102,2045,1.0
RE1,DEMTRAELCBUS_IMU,S102,2046,1.0
RE1,DEMTRAELCBUS_IMU,S102,2047,1.0
RE1,DEMTRAELCBUS_IMU,S102,2048,1.0
RE1,DEMTRAELCBUS_IMU,S102,2049,1.0
RE1,DEMTRAELCBUS_IMU,S102,2050,1.0
RE1,DEMTRAELCBUS_IMU,S102,2051,1.0
RE1,DEMTRAELCBUS_IMU,S102,2052,1.0
RE1,DEMTRAELCBUS_IMU,S102,2053,1.0
RE1,DEMTRAELCBUS_IMU,S102,2054,1.0
RE1,DEMTRAELCBUS_IMU,S102,2055,1.0
RE1,DEMTRAELCBUS_URB,S101,2022,1.0
RE1,DEMTRAELCBUS_URB,S101,2023,1.0
RE1,DEMTRAELCBUS_URB,S101,2024,1.0
RE1,DEMTRAELCBUS_URB,S101,2025,1.0
RE1,DEMTRAELCBUS_URB,S101,2026,1.0
RE1,DEMTRAELCBUS_URB,S101,2027,1.0
RE1,DEMTRAELCBUS_URB,S101,2028,1.0
RE1,DEMTRAELCBUS_URB,S101,2029,1.0
RE1,DEMTRAELCBUS_URB,S101,2030,1.0
RE1,DEMTRAELCBUS_URB,S101,2031,1.0
RE1,DEMTRAELCBUS_URB,S101,2032,1.0
RE1,DEMTRAELCBUS_URB,S101,2033,1.0
RE1,DEMTRAELCBUS_URB,S101,2034,1.0
RE1,DEMTRAELCBUS_URB,S101,2035,1.0
RE1,DEMTRAELCBUS_URB,S101,2036,1.0
RE1,DEMTRAELCBUS_URB,S101,2037,1.0
RE1,DEMTRAELCBUS_URB,S101,2038,1.0
RE1,DEMTRAELCBUS_URB,S101,2039,1.0
RE1,DEMTRAELCBUS_URB,S101,2040,1.0
RE1,DEMTRAELCBUS_URB,S101,2041,1.0
RE1,DEMTRAELCBUS_URB,S101,2042,1.0
RE1,DEMTRAELCBUS_URB,S101,2043,1.0
RE1,DEMTRAELCBUS_URB,S101,2044,1.0
RE1,DEMTRAELCBUS_URB,S101,2045,1.0
RE1,DEMTRAELCBUS_URB,S101,2046,1.0
RE1,DEMTRAELCBUS_URB,S101,2047,1.0
RE1,DEMTRAELCBUS_URB,S101,2048,1.0
RE1,DEMTRAELCBUS_URB,S101,2049,1.0
RE1,DEMTRAELCBUS_URB,S101,2050,1.0
RE1,DEMTRAELCBUS_URB,S101,2051,1.0
RE1,DEMTRAELCBUS_URB,S101,2052,1.0
RE1,DEMTRAELCBUS_URB,S101,2053,1.0
RE1,DEMTRAELCBUS_URB,S101,2054,1.0
RE1,DEMTRAELCBUS_URB,S101,2055,1.0
RE1,DEMTRAELCBUS_URB,S102,2022,1.0
RE1,DEMTRAELCBUS_URB,S102,2023,1.0
RE1,DEMTRAELCBUS_URB,S102,2024,1.0
RE1,DEMTRAELCBUS_URB,S102,2025,1.0
RE1,DEMTRAELCBUS_URB,S102,2026,1.0
RE1,DEMTRAELCBUS_URB,S102,2027,1.0
RE1,DEMTRAELCBUS_URB,S102,2028,1.0
RE1,DEMTRAELCBUS_URB,S102,2029,1.0
RE1,DEMTRAELCBUS_URB,S102,2030,1.0
RE1,DEMTRAELCBUS_URB,S102,2031,1.0
RE1,DEMTRAELCBUS_URB,S102,2032,1.0
RE1,DEMTRAELCBUS_URB,S102,2033,1.0
RE1,DEMTRAELCBUS_URB,S102,2034,1.0
RE1,DEMTRAELCBUS_URB,S102,2035,1.0
RE1,DEMTRAELCBUS_URB,S102,2036,1.0
RE1,DEMTRAELCBUS_URB,S102,2037,1.0
RE1,DEMTRAELCBUS_URB,S102,2038,1.0
RE1,DEMTRAELCBUS_URB,S102,2039,1.0
RE1,DEMTRAELCBUS_URB,S102,2040,1.0
RE1,DEMTRAELCBUS_URB,S102,2041,1.0
RE1,DEMTRAELCBUS_URB,S102,2042,1.0
RE1,DEMTRAELCBUS_URB,S102,2043,1.0
RE1,DEMTRAELCBUS_URB,S102,2044,1.0
RE1,DEMTRAELCBUS_URB,S102,2045,1.0
RE1,DEMTRAELCBUS_URB,S102,2046,1.0
RE1,DEMTRAELCBUS_URB,S102,2047,1.0
RE1,DEMTRAELCBUS_URB,S102,2048,1.0
RE1,DEMTRAELCBUS_URB,S102,2049,1.0
RE1,DEMTRAELCBUS_URB,S102,2050,1.0
RE1,DEMTRAELCBUS_URB,S102,2051,1.0
RE1,DEMTRAELCBUS_URB,S102,2052,1.0
RE1,DEMTRAELCBUS_URB,S102,2053,1.0
RE1,DEMTRAELCBUS_URB,S102,2054,1.0
RE1,DEMTRAELCBUS_URB,S102,2055,1.0
RE1,DEMTRAELCFWD,S101,2022,1.0
RE1,DEMTRAELCFWD,S101,2023,1.0
RE1,DEMTRAELCFWD,S101,2024,1.0
RE1,DEMTRAELCFWD,S101,2025,1.0
RE1,DEMTRAELCFWD,S101,2026,1.0
RE1,DEMTRAELCFWD,S101,2027,1.0
RE1,DEMTRAELCFWD,S101,2028,1.0
RE1,DEMTRAELCFWD,S101,2029,1.0
RE1,DEMTRAELCFWD,S101,2030,1.0
RE1,DEMTRAELCFWD,S101,2031,1.0
RE1,DEMTRAELCFWD,S101,2032,1.0
RE1,DEMTRAELCFWD,S101,2033,1.0
RE1,DEMTRAELCFWD,S101,2034,1.0
RE1,DEMTRAELCFWD,S101,2035,1.0
RE1,DEMTRAELCFWD,S101,2036,1.0
RE1,DEMTRAELCFWD,S101,2037,1.0
RE1,DEMTRAELCFWD,S101,2038,1.0
RE1,DEMTRAELCFWD,S101,2039,1.0
RE1,DEMTRAELCFWD,S101,2040,1.0
RE1,DEMTRAELCFWD,S101,2041,1.0
RE1,DEMTRAELCFWD,S101,2042,1.0
RE1,DEMTRAELCFWD,S101,2043,1.0
RE1,DEMTRAELCFWD,S101,2044,1.0
RE1,DEMTRAELCFWD,S101,2045,1.0
RE1,DEMTRAELCFWD,S101,2046,1.0
RE1,DEMTRAELCFWD,S101,2047,1.0
RE1,DEMTRAELCFWD,S101,2048,1.0
RE1,DEMTRAELCFWD,S101,2049,1.0
RE1,DEMTRAELCFWD,S101,2050,1.0
RE1,DEMTRAELCFWD,S101,2051,1.0
RE1,DEMTRAELCFWD,S101,2052,1.0
RE1,DEMTRAELCFWD,S101,2053,1.0
RE1,DEMTRAELCFWD,S101,2054,1.0
RE1,DEMTRAELCFWD,S101,2055,1.0
RE1,DEMTRAELCFWD,S102,2022,1.0
RE1,DEMTRAELCFWD,S102,2023,1.0
RE1,DEMTRAELCFWD,S102,2024,1.0
RE1,DEMTRAELCFWD,S102,2025,1.0
RE1,DEMTRAELCFWD,S102,2026,1.0
RE1,DEMTRAELCFWD,S102,2027,1.0
RE1,DEMTRAELCFWD,S102,2028,1.0
RE1,DEMTRAELCFWD,S102,2029,1.0
RE1,DEMTRAELCFWD,S102,2030,1.0
RE1,DEMTRAELCFWD,S102,2031,1.0
RE1,DEMTRAELCFWD,S102,2032,1.0
RE1,DEMTRAELCFWD,S102,2033,1.0
RE1,DEMTRAELCFWD,S102,2034,1.0
RE1,DEMTRAELCFWD,S102,2035,1.0
RE1,DEMTRAELCFWD,S102,2036,1.0
RE1,DEMTRAELCFWD,S102,2037,1.0
RE1,DEMTRAELCFWD,S102,2038,1.0
RE1,DEMTRAELCFWD,S102,2039,1.0
RE1,DEMTRAELCFWD,S102,2040,1.0
RE1,DEMTRAELCFWD,S102,2041,1.0
RE1,DEMTRAELCFWD,S102,2042,1.0
RE1,DEMTRAELCFWD,S102,2043,1.0
RE1,DEMTRAELCFWD,S102,2044,1.0
RE1,DEMTRAELCFWD,S102,2045,1.0
RE1,DEMTRAELCFWD,S102,2046,1.0
RE1,DEMTRAELCFWD,S102,2047,1.0
RE1,DEMTRAELCFWD,S102,2048,1.0
RE1,DEMTRAELCFWD,S102,2049,1.0
RE1,DEMTRAELCFWD,S102,2050,1.0
RE1,DEMTRAELCFWD,S102,2051,1.0
RE1,DEMTRAELCFWD,S102,2052,1.0
RE1,DEMTRAELCFWD,S102,2053,1.0
RE1,DEMTRAELCFWD,S102,2054,1.0
RE1,DEMTRAELCFWD,S102,2055,1.0
RE1,DEMTRAELCLDV,S101,2022,1.0
RE1,DEMTRAELCLDV,S101,2023,1.0
RE1,DEMTRAELCLDV,S101,2024,1.0
RE1,DEMTRAELCLDV,S101,2025,1.0
RE1,DEMTRAELCLDV,S101,2026,1.0
RE1,DEMTRAELCLDV,S101,2027,1.0
RE1,DEMTRAELCLDV,S101,2028,1.0
RE1,DEMTRAELCLDV,S101,2029,1.0
RE1,DEMTRAELCLDV,S101,2030,1.0
RE1,DEMTRAELCLDV,S101,2031,1.0
RE1,DEMTRAELCLDV,S101,2032,1.0
RE1,DEMTRAELCLDV,S101,2033,1.0
RE1,DEMTRAELCLDV,S101,2034,1.0
RE1,DEMTRAELCLDV,S101,2035,1.0
RE1,DEMTRAELCLDV,S101,2036,1.0
RE1,DEMTRAELCLDV,S101,2037,1.0
RE1,DEMTRAELCLDV,S101,2038,1.0
RE1,DEMTRAELCLDV,S101,2039,1.0
RE1,DEMTRAELCLDV,S101,2040,1.0
RE1,DEMTRAELCLDV,S101,2041,1.0
RE1,DEMTRAELCLDV,S101,2042,1.0
RE1,DEMTRAELCLDV,S101,2043,1.0
RE1,DEMTRAELCLDV,S101,2044,1.0
RE1,DEMTRAELCLDV,S101,2045,1.0
RE1,DEMTRAELCLDV,S101,2046,1.0
RE1,DEMTRAELCLDV,S101,2047,1.0
RE1,DEMTRAELCLDV,S101,2048,1.0
RE1,DEMTRAELCLDV,S101,2049,1.0
RE1,DEMTRAELCLDV,S101,2050,1.0
RE1,DEMTRAELCLDV,S101,2051,1.0
RE1,DEMTRAELCLDV,S101,2052,1.0
RE1,DEMTRAELCLDV,S101,2053,1.0
RE1,DEMTRAELCLDV,S101,2054,1.0
RE1,DEMTRAELCLDV,S101,2055,1.0
RE1,DEMTRAELCLDV,S102,2022,1.0
RE1,DEMTRAELCLDV,S102,2023,1.0
RE1,DEMTRAELCLDV,S102,2024,1.0
RE1,DEMTRAELCLDV,S102,2025,1.0
RE1,DEMTRAELCLDV,S102,2026,1.0
RE1,DEMTRAELCLDV,S102,2027,1.0
RE1,DEMTRAELCLDV,S102,2028,1.0
RE1,DEMTRAELCLDV,S102,2029,1.0
RE1,DEMTRAELCLDV,S102,2030,1.0
RE1,DEMTRAELCLDV,S102,2031,1.0
RE1,DEMTRAELCLDV,S102,2032,1.0
RE1,DEMTRAELCLDV,S102,2033,1.0
RE1,DEMTRAELCLDV,S102,2034,1.0
RE1,DEMTRAELCLDV,S102,2035,1.0
RE1,DEMTRAELCLDV,S102,2036,1.0
RE1,DEMTRAELCLDV,S102,2037,1.0
RE1,DEMTRAELCLDV,S102,2038,1.0
RE1,DEMTRAELCLDV,S102,2039,1.0
RE1,DEMTRAELCLDV,S102,2040,1.0
RE1,DEMTRAELCLDV,S102,2041,1.0
RE1,DEMTRAELCLDV,S102,2042,1.0
RE1,DEMTRAELCLDV,S102,2043,1.0
RE1,DEMTRAELCLDV,S102,2044,1.0
RE1,DEMTRAELCLDV,S102,2045,1.0
RE1,DEMTRAELCLDV,S102,2046,1.0
RE1,DEMTRAELCLDV,S102,2047,1.0
RE1,DEMTRAELCLDV,S102,2048,1.0
RE1,DEMTRAELCLDV,S102,2049,1.0
RE1,DEMTRAELCLDV,S102,2050,1.0
RE1,DEMTRAELCLDV,S102,2051,1.0
RE1,DEMTRAELCLDV,S102,2052,1.0
RE1,DEMTRAELCLDV,S102,2053,1.0
RE1,DEMTRAELCLDV,S102,2054,1.0
RE1,DEMTRAELCLDV,S102,2055,1.0
RE1,DEMTRAELCMET,S101,2022,1.0
RE1,DEMTRAELCMET,S101,2023,1.0
RE1,DEMTRAELCMET,S101,2024,1.0
RE1,DEMTRAELCMET,S101,2025,1.0
RE1,DEMTRAELCMET,S101,2026,1.0
RE1,DEMTRAELCMET,S101,2027,1.0
RE1,DEMTRAELCMET,S101,2028,1.0
RE1,DEMTRAELCMET,S101,2029,1.0
RE1,DEMTRAELCMET,S101,2030,1.0
RE1,DEMTRAELCMET,S101,2031,1.0
RE1,DEMTRAELCMET,S101,2032,1.0
RE1,DEMTRAELCMET,S101,2033,1.0
RE1,DEMTRAELCMET,S101,2034,1.0
RE1,DEMTRAELCMET,S101,2035,1.0
RE1,DEMTRAELCMET,S101,2036,1.0
RE1,DEMTRAELCMET,S101,2037,1.0
RE1,DEMTRAELCMET,S101,2038,1.0
RE1,DEMTRAELCMET,S101,2039,1.0
RE1,DEMTRAELCMET,S101,2040,1.0
RE1,DEMTRAELCMET,S101,2041,1.0
RE1,DEMTRAELCMET,S101,2042,1.0
RE1,DEMTRAELCMET,S101,2043,1.0
RE1,DEMTRAELCMET,S101,2044,1.0
RE1,DEMTRAELCMET,S101,2045,1.0
RE1,DEMTRAELCMET,S101,2046,1.0
RE1,DEMTRAELCMET,S101,2047,1.0
RE1,DEMTRAELCMET,S101,2048,1.0
RE1,DEMTRAELCMET,S101,2049,1.0
RE1,DEMTRAELCMET,S101,2050,1.0
RE1,DEMTRAELCMET,S101,2051,1.0
RE1,DEMTRAELCMET,S101,2052,1.0
RE1,DEMTRAELCMET,S101,2053,1.0
RE1,DEMTRAELCMET,S101,2054,1.0
RE1,DEMTRAELCMET,S101,2055,1.0
RE1,DEMTRAELCMET,S102,2022,1.0
RE1,DEMTRAELCMET,S102,2023,1.0
RE1,DEMTRAELCMET,S102,2024,1.0
RE1,DEMTRAELCMET,S102,2025,1.0
RE1,DEMTRAELCMET,S102,2026,1.0
RE1,DEMTRAELCMET,S102,2027,1.0
RE1,DEMTRAELCMET,S102,2028,1.0
RE1,DEMTRAELCMET,S102,2029,1.0
RE1,DEMTRAELCMET,S102,2030,1.0
RE1,DEMTRAELCMET,S102,2031,1.0
RE1,DEMTRAELCMET,S102,2032,1.0
RE1,DEMTRAELCMET,S102,2033,1.0
RE1,DEMTRAELCMET,S102,2034,1.0
RE1,DEMTRAELCMET,S102,2035,1.0
RE1,DEMTRAELCMET,S102,2036,1.0
RE1,DEMTRAELCMET,S102,2037,1.0
RE1,DEMTRAELCMET,S102,2038,1.0
RE1,DEMTRAELCMET,S102,2039,1.0
RE1,DEMTRAELCMET,S102,2040,1.0
RE1,DEMTRAELCMET,S102,2041,1.0
RE1,DEMTRAELCMET,S102,2042,1.0
RE1,DEMTRAELCMET,S102,2043,1.0
RE1,DEMTRAELCMET,S102,2044,1.0
RE1,DEMTRAELCMET,S102,2045,1.0
RE1,DEMTRAELCMET,S102,2046,1.0
RE1,DEMTRAELCMET,S102,2047,1.0
RE1,DEMTRAELCMET,S102,2048,1.0
RE1,DEMTRAELCMET,S102,2049,1.0
RE1,DEMTRAELCMET,S102,2050,1.0
RE1,DEMTRAELCMET,S102,2051,1.0
RE1,DEMTRAELCMET,S102,2052,1.0
RE1,DEMTRAELCMET,S102,2053,1.0
RE1,DEMTRAELCMET,S102,2054,1.0
RE1,DEMTRAELCMET,S102,2055,1.0
RE1,DEMTRAELCMIC,S101,2022,1.0
RE1,DEMTRAELCMIC,S101,2023,1.0
RE1,DEMTRAELCMIC,S101,2024,1.0
RE1,DEMTRAELCMIC,S101,2025,1.0
RE1,DEMTRAELCMIC,S101,2026,1.0
RE1,DEMTRAELCMIC,S101,2027,1.0
RE1,DEMTRAELCMIC,S101,2028,1.0
RE1,DEMTRAELCMIC,S101,2029,1.0
RE1,DEMTRAELCMIC,S101,2030,1.0
RE1,DEMTRAELCMIC,S101,2031,1.0
RE1,DEMTRAELCMIC,S101,2032,1.0
RE1,DEMTRAELCMIC,S101,2033,1.0
RE1,DEMTRAELCMIC,S101,2034,1.0
RE1,DEMTRAELCMIC,S101,2035,1.0
RE1,DEMTRAELCMIC,S101,2036,1.0
RE1,DEMTRAELCMIC,S101,2037,1.0
RE1,DEMTRAELCMIC,S101,2038,1.0
RE1,DEMTRAELCMIC,S101,2039,1.0
RE1,DEMTRAELCMIC,S101,2040,1.0
RE1,DEMTRAELCMIC,S101,2041,1.0
RE1,DEMTRAELCMIC,S101,2042,1.0
RE1,DEMTRAELCMIC,S101,2043,1.0
RE1,DEMTRAELCMIC,S101,2044,1.0
RE1,DEMTRAELCMIC,S101,2045,1.0
RE1,DEMTRAELCMIC,S101,2046,1.0
RE1,DEMTRAELCMIC,S101,2047,1.0
RE1,DEMTRAELCMIC,S101,2048,1.0
RE1,DEMTRAELCMIC,S101,2049,1.0
RE1,DEMTRAELCMIC,S101,2050,1.0
RE1,DEMTRAELCMIC,S101,2051,1.0
RE1,DEMTRAELCMIC,S101,2052,1.0
RE1,DEMTRAELCMIC,S101,2053,1.0
RE1,DEMTRAELCMIC,S101,2054,1.0
RE1,DEMTRAELCMIC,S101,2055,1.0
RE1,DEMTRAELCMIC,S102,2022,1.0
RE1,DEMTRAELCMIC,S102,2023,1.0
RE1,DEMTRAELCMIC,S102,2024,1.0
RE1,DEMTRAELCMIC,S102,2025,1.0
RE1,DEMTRAELCMIC,S102,2026,1.0
RE1,DEMTRAELCMIC,S102,2027,1.0
RE1,DEMTRAELCMIC,S102,2028,1.0
RE1,DEMTRAELCMIC,S102,2029,1.0
RE1,DEMTRAELCMIC,S102,2030,1.0
RE1,DEMTRAELCMIC,S102,2031,1.0
RE1,DEMTRAELCMIC,S102,2032,1.0
RE1,DEMTRAELCMIC,S102,2033,1.0
RE1,DEMTRAELCMIC,S102,2034,1.0
RE1,DEMTRAELCMIC,S102,2035,1.0
RE1,DEMTRAELCMIC,S102,2036,1.0
RE1,DEMTRAELCMIC,S102,2037,1.0
RE1,DEMTRAELCMIC,S102,2038,1.0
RE1,DEMTRAELCMIC,S102,2039,1.0
RE1,DEMTRAELCMIC,S102,2040,1.0
RE1,DEMTRAELCMIC,S102,2041,1.0
RE1,DEMTRAELCMIC,S102,2042,1.0
RE1,DEMTRAELCMIC,S102,2043,1.0
RE1,DEMTRAELCMIC,S102,2044,1.0
RE1,DEMTRAELCMIC,S102,2045,1.0
RE1,DEMTRAELCMIC,S102,2046,1.0
RE1,DEMTRAELCMIC,S102,2047,1.0
RE1,DEMTRAELCMIC,S102,2048,1.0
RE1,DEMTRAELCMIC,S102,2049,1.0
RE1,DEMTRAELCMIC,S102,2050,1.0
RE1,DEMTRAELCMIC,S102,2051,1.0
RE1,DEMTRAELCMIC,S102,2052,1.0
RE1,DEMTRAELCMIC,S102,2053,1.0
RE1,DEMTRAELCMIC,S102,2054,1.0
RE1,DEMTRAELCMIC,S102,2055,1.0
RE1,DEMTRAELCMOT,S101,2022,1.0
RE1,DEMTRAELCMOT,S101,2023,1.0
RE1,DEMTRAELCMOT,S101,2024,1.0
RE1,DEMTRAELCMOT,S101,2025,1.0
RE1,DEMTRAELCMOT,S101,2026,1.0
RE1,DEMTRAELCMOT,S101,2027,1.0
RE1,DEMTRAELCMOT,S101,2028,1.0
RE1,DEMTRAELCMOT,S101,2029,1.0
RE1,DEMTRAELCMOT,S101,2030,1.0
RE1,DEMTRAELCMOT,S101,2031,1.0
RE1,DEMTRAELCMOT,S101,2032,1.0
RE1,DEMTRAELCMOT,S101,2033,1.0
RE1,DEMTRAELCMOT,S101,2034,1.0
RE1,DEMTRAELCMOT,S101,2035,1.0
RE1,DEMTRAELCMOT,S101,2036,1.0
RE1,DEMTRAELCMOT,S101,2037,1.0
RE1,DEMTRAELCMOT,S101,2038,1.0
RE1,DEMTRAELCMOT,S101,2039,1.0
RE1,DEMTRAELCMOT,S101,2040,1.0
RE1,DEMTRAELCMOT,S101,2041,1.0
RE1,DEMTRAELCMOT,S101,2042,1.0
RE1,DEMTRAELCMOT,S101,2043,1.0
RE1,DEMTRAELCMOT,S101,2044,1.0
RE1,DEMTRAELCMOT,S101,2045,1.0
RE1,DEMTRAELCMOT,S101,2046,1.0
RE1,DEMTRAELCMOT,S101,2047,1.0
RE1,DEMTRAELCMOT,S101,2048,1.0
RE1,DEMTRAELCMOT,S101,2049,1.0
RE1,DEMTRAELCMOT,S101,2050,1.0
RE1,DEMTRAELCMOT,S101,2051,1.0
RE1,DEMTRAELCMOT,S101,2052,1.0
RE1,DEMTRAELCMOT,S101,2053,1.0
RE1,DEMTRAELCMOT,S101,2054,1.0
RE1,DEMTRAELCMOT,S101,2055,1.0
RE1,DEMTRAELCMOT,S102,2022,1.0
RE1,DEMTRAELCMOT,S102,2023,1.0
RE1,DEMTRAELCMOT,S102,2024,1.0
RE1,DEMTRAELCMOT,S102,2025,1.0
RE1,DEMTRAELCMOT,S102,2026,1.0
RE1,DEMTRAELCMOT,S102,2027,1.0
RE1,DEMTRAELCMOT,S102,2028,1.0
RE1,DEMTRAELCMOT,S102,2029,1.0
RE1,DEMTRAELCMOT,S102,2030,1.0
RE1,DEMTRAELCMOT,S102,2031,1.0
RE1,DEMTRAELCMOT,S102,2032,1.0
RE1,DEMTRAELCMOT,S102,2033,1.0
RE1,DEMTRAELCMOT,S102,2034,1.0
RE1,DEMTRAELCMOT,S102,2035,1.0
RE1,DEMTRAELCMOT,S102,2036,1.0
RE1,DEMTRAELCMOT,S102,2037,1.0
RE1,DEMTRAELCMOT,S102,2038,1.0
RE1,DEMTRAELCMOT,S102,2039,1.0
RE1,DEMTRAELCMOT,S102,2040,1.0
RE1,DEMTRAELCMOT,S102,2041,1.0
RE1,DEMTRAELCMOT,S102,2042,1.0
RE1,DEMTRAELCMOT,S102,2043,1.0
RE1,DEMTRAELCMOT,S102,2044,1.0
RE1,DEMTRAELCMOT,S102,2045,1.0
RE1,DEMTRAELCMOT,S102,2046,1.0
RE1,DEMTRAELCMOT,S102,2047,1.0
RE1,DEMTRAELCMOT,S102,2048,1.0
RE1,DEMTRAELCMOT,S102,2049,1.0
RE1,DEMTRAELCMOT,S102,2050,1.0
RE1,DEMTRAELCMOT,S102,2051,1.0
RE1,DEMTRAELCMOT,S102,2052,1.0
RE1,DEMTRAELCMOT,S102,2053,1.0
RE1,DEMTRAELCMOT,S102,2054,1.0
RE1,DEMTRAELCMOT,S102,2055,1.0
RE1,DEMTRAELCSTT,S101,2022,1.0
RE1,DEMTRAELCSTT,S101,2023,1.0
RE1,DEMTRAELCSTT,S101,2024,1.0
RE1,DEMTRAELCSTT,S101,2025,1.0
RE1,DEMTRAELCSTT,S101,2026,1.0
RE1,DEMTRAELCSTT,S101,2027,1.0
RE1,DEMTRAELCSTT,S101,2028,1.0
RE1,DEMTRAELCSTT,S101,2029,1.0
RE1,DEMTRAELCSTT,S101,2030,1.0
RE1,DEMTRAELCSTT,S101,2031,1.0
RE1,DEMTRAELCSTT,S101,2032,1.0
RE1,DEMTRAELCSTT,S101,2033,1.0
RE1,DEMTRAELCSTT,S101,2034,1.0
RE1,DEMTRAELCSTT,S101,2035,1.0
RE1,DEMTRAELCSTT,S101,2036,1.0
RE1,DEMTRAELCSTT,S101,2037,1.0
RE1,DEMTRAELCSTT,S101,2038,1.0
RE1,DEMTRAELCSTT,S101,2039,1.0
RE1,DEMTRAELCSTT,S101,2040,1.0
RE1,DEMTRAELCSTT,S101,2041,1.0
RE1,DEMTRAELCSTT,S101,2042,1.0
RE1,DEMTRAELCSTT,S101,2043,1.0
RE1,DEMTRAELCSTT,S101,2044,1.0
RE1,DEMTRAELCSTT,S101,2045,1.0
RE1,DEMTRAELCSTT,S101,2046,1.0
RE1,DEMTRAELCSTT,S101,2047,1.0
RE1,DEMTRAELCSTT,S101,2048,1.0
RE1,DEMTRAELCSTT,S101,2049,1.0
RE1,DEMTRAELCSTT,S101,2050,1.0
RE1,DEMTRAELCSTT,S101,2051,1.0
RE1,DEMTRAELCSTT,S101,2052,1.0
RE1,DEMTRAELCSTT,S101,2053,1.0
RE1,DEMTRAELCSTT,S101,2054,1.0
RE1,DEMTRAELCSTT,S101,2055,1.0
RE1,DEMTRAELCSTT,S102,2022,1.0
RE1,DEMTRAELCSTT,S102,2023,1.0
RE1,DEMTRAELCSTT,S102,2024,1.0
RE1,DEMTRAELCSTT,S102,2025,1.0
RE1,DEMTRAELCSTT,S102,2026,1.0
RE1,DEMTRAELCSTT,S102,2027,1.0
RE1,DEMTRAELCSTT,S102,2028,1.0
RE1,DEMTRAELCSTT,S102,2029,1.0
RE1,DEMTRAELCSTT,S102,2030,1.0
RE1,DEMTRAELCSTT,S102,2031,1.0
RE1,DEMTRAELCSTT,S102,2032,1.0
RE1,DEMTRAELCSTT,S102,2033,1.0
RE1,DEMTRAELCSTT,S102,2034,1.0
RE1,DEMTRAELCSTT,S102,2035,1.0
RE1,DEMTRAELCSTT,S102,2036,1.0
RE1,DEMTRAELCSTT,S102,2037,1.0
RE1,DEMTRAELCSTT,S102,2038,1.0
RE1,DEMTRAELCSTT,S102,2039,1.0
RE1,DEMTRAELCSTT,S102,2040,1.0
RE1,DEMTRAELCSTT,S102,2041,1.0
RE1,DEMTRAELCSTT,S102,2042,1.0
RE1,DEMTRAELCSTT,S102,2043,1.0
RE1,DEMTRAELCSTT,S102,2044,1.0
RE1,DEMTRAELCSTT,S102,2045,1.0
RE1,DEMTRAELCSTT,S102,2046,1.0
RE1,DEMTRAELCSTT,S102,2047,1.0
RE1,DEMTRAELCSTT,S102,2048,1.0
RE1,DEMTRAELCSTT,S102,2049,1.0
RE1,DEMTRAELCSTT,S102,2050,1.0
RE1,DEMTRAELCSTT,S102,2051,1.0
RE1,DEMTRAELCSTT,S102,2052,1.0
RE1,DEMTRAELCSTT,S102,2053,1.0
RE1,DEMTRAELCSTT,S102,2054,1.0
RE1,DEMTRAELCSTT,S102,2055,1.0
RE1,DEMTRAELCTAX,S101,2022,1.0
RE1,DEMTRAELCTAX,S101,2023,1.0
RE1,DEMTRAELCTAX,S101,2024,1.0
RE1,DEMTRAELCTAX,S101,2025,1.0
RE1,DEMTRAELCTAX,S101,2026,1.0
RE1,DEMTRAELCTAX,S101,2027,1.0
RE1,DEMTRAELCTAX,S101,2028,1.0
RE1,DEMTRAELCTAX,S101,2029,1.0
RE1,DEMTRAELCTAX,S101,2030,1.0
RE1,DEMTRAELCTAX,S101,2031,1.0
RE1,DEMTRAELCTAX,S101,2032,1.0
RE1,DEMTRAELCTAX,S101,2033,1.0
RE1,DEMTRAELCTAX,S101,2034,1.0
RE1,DEMTRAELCTAX,S101,2035,1.0
RE1,DEMTRAELCTAX,S101,2036,1.0
RE1,DEMTRAELCTAX,S101,2037,1.0
RE1,DEMTRAELCTAX,S101,2038,1.0
RE1,DEMTRAELCTAX,S101,2039,1.0
RE1,DEMTRAELCTAX,S101,2040,1.0
RE1,DEMTRAELCTAX,S101,2041,1.0
RE1,DEMTRAELCTAX,S101,2042,1.0
RE1,DEMTRAELCTAX,S101,2043,1.0
RE1,DEMTRAELCTAX,S101,2044,1.0
RE1,DEMTRAELCTAX,S101,2045,1.0
RE1,DEMTRAELCTAX,S101,2046,1.0
RE1,DEMTRAELCTAX,S101,2047,1.0
RE1,DEMTRAELCTAX,S101,2048,1.0
RE1,DEMTRAELCTAX,S101,2049,1.0
RE1,DEMTRAELCTAX,S101,2050,1.0
RE1,DEMTRAELCTAX,S101,2051,1.0
RE1,DEMTRAELCTAX,S101,2052,1.0
RE1,DEMTRAELCTAX,S101,2053,1.0
RE1,DEMTRAELCTAX,S101,2054,1.0
RE1,DEMTRAELCTAX,S101,2055,1.0
RE1,DEMTRAELCTAX,S102,2022,1.0
RE1,DEMTRAELCTAX,S102,2023,1.0
RE1,DEMTRAELCTAX,S102,2024,1.0
RE1,DEMTRAELCTAX,S102,2025,1.0
RE1,DEMTRAELCTAX,S102,2026,1.0
RE1,DEMTRAELCTAX,S102,2027,1.0
RE1,DEMTRAELCTAX,S102,2028,1.0
RE1,DEMTRAELCTAX,S102,2029,1.0
RE1,DEMTRAELCTAX,S102,2030,1.0
RE1,DEMTRAELCTAX,S102,2031,1.0
RE1,DEMTRAELCTAX,S102,2032,1.0
RE1,DEMTRAELCTAX,S102,2033,1.0
RE1,DEMTRAELCTAX,S102,2034,1.0
RE1,DEMTRAELCTAX,S102,2035,1.0
RE1,DEMTRAELCTAX,S102,2036,1.0
RE1,DEMTRAELCTAX,S102,2037,1.0
RE1,DEMTRAELCTAX,S102,2038,1.0
RE1,DEMTRAELCTAX,S102,2039,1.0
RE1,DEMTRAELCTAX,S102,2040,1.0
RE1,DEMTRAELCTAX,S102,2041,1.0
RE1,DEMTRAELCTAX,S102,2042,1.0
RE1,DEMTRAELCTAX,S102,2043,1.0
RE1,DEMTRAELCTAX,S102,2044,1.0
RE1,DEMTRAELCTAX,S102,2045,1.0
RE1,DEMTRAELCTAX,S102,2046,1.0
RE1,DEMTRAELCTAX,S102,2047,1.0
RE1,DEMTRAELCTAX,S102,2048,1.0
RE1,DEMTRAELCTAX,S102,2049,1.0
RE1,DEMTRAELCTAX,S102,2050,1.0
RE1,DEMTRAELCTAX,S102,2051,1.0
RE1,DEMTRAELCTAX,S102,2052,1.0
RE1,DEMTRAELCTAX,S102,2053,1.0
RE1,DEMTRAELCTAX,S102,2054,1.0
RE1,DEMTRAELCTAX,S102,2055,1.0
RE1,DEMTRAELCTCK_C2P,S101,2022,1.0
RE1,DEMTRAELCTCK_C2P,S101,2023,1.0
RE1,DEMTRAELCTCK_C2P,S101,2024,1.0
RE1,DEMTRAELCTCK_C2P,S101,2025,1.0
RE1,DEMTRAELCTCK_C2P,S101,2026,1.0
RE1,DEMTRAELCTCK_C2P,S101,2027,1.0
RE1,DEMTRAELCTCK_C2P,S101,2028,1.0
RE1,DEMTRAELCTCK_C2P,S101,2029,1.0
RE1,DEMTRAELCTCK_C2P,S101,2030,1.0
RE1,DEMTRAELCTCK_C2P,S101,2031,1.0
RE1,DEMTRAELCTCK_C2P,S101,2032,1.0
RE1,DEMTRAELCTCK_C2P,S101,2033,1.0
RE1,DEMTRAELCTCK_C2P,S101,2034,1.0
RE1,DEMTRAELCTCK_C2P,S101,2035,1.0
RE1,DEMTRAELCTCK_C2P,S101,2036,1.0
RE1,DEMTRAELCTCK_C2P,S101,2037,1.0
RE1,DEMTRAELCTCK_C2P,S101,2038,1.0
RE1,DEMTRAELCTCK_C2P,S101,2039,1.0
RE1,DEMTRAELCTCK_C2P,S101,2040,1.0
RE1,DEMTRAELCTCK_C2P,S101,2041,1.0
RE1,DEMTRAELCTCK_C2P,S101,2042,1.0
RE1,DEMTRAELCTCK_C2P,S101,2043,1.0
RE1,DEMTRAELCTCK_C2P,S101,2044,1.0
RE1,DEMTRAELCTCK_C2P,S101,2045,1.0
RE1,DEMTRAELCTCK_C2P,S101,2046,1.0
RE1,DEMTRAELCTCK_C2P,S101,2047,1.0
RE1,DEMTRAELCTCK_C2P,S101,2048,1.0
RE1,DEMTRAELCTCK_C2P,S101,2049,1.0
RE1,DEMTRAELCTCK_C2P,S101,2050,1.0
RE1,DEMTRAELCTCK_C2P,S101,2051,1.0
RE1,DEMTRAELCTCK_C2P,S101,2052,1.0
RE1,DEMTRAELCTCK_C2P,S101,2053,1.0
RE1,DEMTRAELCTCK_C2P,S101,2054,1.0
RE1,DEMTRAELCTCK_C2P,S101,2055,1.0
RE1,DEMTRAELCTCK_C2P,S102,2022,1.0
RE1,DEMTRAELCTCK_C2P,S102,2023,1.0
RE1,DEMTRAELCTCK_C2P,S102,2024,1.0
RE1,DEMTRAELCTCK_C2P,S102,2025,1.0
RE1,DEMTRAELCTCK_C2P,S102,2026,1.0
RE1,DEMTRAELCTCK_C2P,S102,2027,1.0
RE1,DEMTRAELCTCK_C2P,S102,2028,1.0
RE1,DEMTRAELCTCK_C2P,S102,2029,1.0
RE1,DEMTRAELCTCK_C2P,S102,2030,1.0
RE1,DEMTRAELCTCK_C2P,S102,2031,1.0
RE1,DEMTRAELCTCK_C2P,S102,2032,1.0
RE1,DEMTRAELCTCK_C2P,S102,2033,1.0
RE1,DEMTRAELCTCK_C2P,S102,2034,1.0
RE1,DEMTRAELCTCK_C2P,S102,2035,1.0
RE1,DEMTRAELCTCK_C2P,S102,2036,1.0
RE1,DEMTRAELCTCK_C2P,S102,2037,1.0
RE1,DEMTRAELCTCK_C2P,S102,2038,1.0
RE1,DEMTRAELCTCK_C2P,S102,2039,1.0
RE1,DEMTRAELCTCK_C2P,S102,2040,1.0
RE1,DEMTRAELCTCK_C2P,S102,2041,1.0
RE1,DEMTRAELCTCK_C2P,S102,2042,1.0
RE1,DEMTRAELCTCK_C2P,S102,2043,1.0
RE1,DEMTRAELCTCK_C2P,S102,2044,1.0
RE1,DEMTRAELCTCK_C2P,S102,2045,1.0
RE1,DEMTRAELCTCK_C2P,S102,2046,1.0
RE1,DEMTRAELCTCK_C2P,S102,2047,1.0
RE1,DEMTRAELCTCK_C2P,S102,2048,1.0
RE1,DEMTRAELCTCK_C2P,S102,2049,1.0
RE1,DEMTRAELCTCK_C2P,S102,2050,1.0
RE1,DEMTRAELCTCK_C2P,S102,2051,1.0
RE1,DEMTRAELCTCK_C2P,S102,2052,1.0
RE1,DEMTRAELCTCK_C2P,S102,2053,1.0
RE1,DEMTRAELCTCK_C2P,S102,2054,1.0
RE1,DEMTRAELCTCK_C2P,S102,2055,1.0
RE1,DEMTRAELCTCK_CSG,S101,2022,1.0
RE1,DEMTRAELCTCK_CSG,S101,2023,1.0
RE1,DEMTRAELCTCK_CSG,S101,2024,1.0
RE1,DEMTRAELCTCK_CSG,S101,2025,1.0
RE1,DEMTRAELCTCK_CSG,S101,2026,1.0
RE1,DEMTRAELCTCK_CSG,S101,2027,1.0
RE1,DEMTRAELCTCK_CSG,S101,2028,1.0
RE1,DEMTRAELCTCK_CSG,S101,2029,1.0
RE1,DEMTRAELCTCK_CSG,S101,2030,1.0
RE1,DEMTRAELCTCK_CSG,S101,2031,1.0
RE1,DEMTRAELCTCK_CSG,S101,2032,1.0
RE1,DEMTRAELCTCK_CSG,S101,2033,1.0
RE1,DEMTRAELCTCK_CSG,S101,2034,1.0
RE1,DEMTRAELCTCK_CSG,S101,2035,1.0
RE1,DEMTRAELCTCK_CSG,S101,2036,1.0
RE1,DEMTRAELCTCK_CSG,S101,2037,1.0
RE1,DEMTRAELCTCK_CSG,S101,2038,1.0
RE1,DEMTRAELCTCK_CSG,S101,2039,1.0
RE1,DEMTRAELCTCK_CSG,S101,2040,1.0
RE1,DEMTRAELCTCK_CSG,S101,2041,1.0
RE1,DEMTRAELCTCK_CSG,S101,2042,1.0
RE1,DEMTRAELCTCK_CSG,S101,2043,1.0
RE1,DEMTRAELCTCK_CSG,S101,2044,1.0
RE1,DEMTRAELCTCK_CSG,S101,2045,1.0
RE1,DEMTRAELCTCK_CSG,S101,2046,1.0
RE1,DEMTRAELCTCK_CSG,S101,2047,1.0
RE1,DEMTRAELCTCK_CSG,S101,2048,1.0
RE1,DEMTRAELCTCK_CSG,S101,2049,1.0
RE1,DEMTRAELCTCK_CSG,S101,2050,1.0
RE1,DEMTRAELCTCK_CSG,S101,2051,1.0
RE1,DEMTRAELCTCK_CSG,S101,2052,1.0
RE1,DEMTRAELCTCK_CSG,S101,2053,1.0
RE1,DEMTRAELCTCK_CSG,S101,2054,1.0
RE1,DEMTRAELCTCK_CSG,S101,2055,1.0
RE1,DEMTRAELCTCK_CSG,S102,2022,1.0
RE1,DEMTRAELCTCK_CSG,S102,2023,1.0
RE1,DEMTRAELCTCK_CSG,S102,2024,1.0
RE1,DEMTRAELCTCK_CSG,S102,2025,1.0
RE1,DEMTRAELCTCK_CSG,S102,2026,1.0
RE1,DEMTRAELCTCK_CSG,S102,2027,1.0
RE1,DEMTRAELCTCK_CSG,S102,2028,1.0
RE1,DEMTRAELCTCK_CSG,S102,2029,1.0
RE1,DEMTRAELCTCK_CSG,S102,2030,1.0
RE1,DEMTRAELCTCK_CSG,S102,2031,1.0
RE1,DEMTRAELCTCK_CSG,S102,2032,1.0
RE1,DEMTRAELCTCK_CSG,S102,2033,1.0
RE1,DEMTRAELCTCK_CSG,S102,2034,1.0
RE1,DEMTRAELCTCK_CSG,S102,2035,1.0
RE1,DEMTRAELCTCK_CSG,S102,2036,1.0
RE1,DEMTRAELCTCK_CSG,S102,2037,1.0
RE1,DEMTRAELCTCK_CSG,S102,2038,1.0
RE1,DEMTRAELCTCK_CSG,S102,2039,1.0
RE1,DEMTRAELCTCK_CSG,S102,2040,1.0
RE1,DEMTRAELCTCK_CSG,S102,2041,1.0
RE1,DEMTRAELCTCK_CSG,S102,2042,1.0
RE1,DEMTRAELCTCK_CSG,S102,2043,1.0
RE1,DEMTRAELCTCK_CSG,S102,2044,1.0
RE1,DEMTRAELCTCK_CSG,S102,2045,1.0
RE1,DEMTRAELCTCK_CSG,S102,2046,1.0
RE1,DEMTRAELCTCK_CSG,S102,2047,1.0
RE1,DEMTRAELCTCK_CSG,S102,2048,1.0
RE1,DEMTRAELCTCK_CSG,S102,2049,1.0
RE1,DEMTRAELCTCK_CSG,S102,2050,1.0
RE1,DEMTRAELCTCK_CSG,S102,2051,1.0
RE1,DEMTRAELCTCK_CSG,S102,2052,1.0
RE1,DEMTRAELCTCK_CSG,S102,2053,1.0
RE1,DEMTRAELCTCK_CSG,S102,2054,1.0
RE1,DEMTRAELCTCK_CSG,S102,2055,1.0
RE1,DEMTRAFOLSHP,S101,2022,1.0
RE1,DEMTRAFOLSHP,S101,2023,1.0
RE1,DEMTRAFOLSHP,S101,2024,1.0
RE1,DEMTRAFOLSHP,S101,2025,1.0
RE1,DEMTRAFOLSHP,S101,2026,1.0
RE1,DEMTRAFOLSHP,S101,2027,1.0
RE1,DEMTRAFOLSHP,S101,2028,1.0
RE1,DEMTRAFOLSHP,S101,2029,1.0
RE1,DEMTRAFOLSHP,S101,2030,1.0
RE1,DEMTRAFOLSHP,S101,2031,1.0
RE1,DEMTRAFOLSHP,S101,2032,1.0
RE1,DEMTRAFOLSHP,S101,2033,1.0
RE1,DEMTRAFOLSHP,S101,2034,1.0
RE1,DEMTRAFOLSHP,S101,2035,1.0
RE1,DEMTRAFOLSHP,S101,2036,1.0
RE1,DEMTRAFOLSHP,S101,2037,1.0
RE1,DEMTRAFOLSHP,S101,2038,1.0
RE1,DEMTRAFOLSHP,S101,2039,1.0
RE1,DEMTRAFOLSHP,S101,2040,1.0
RE1,DEMTRAFOLSHP,S101,2041,1.0
RE1,DEMTRAFOLSHP,S101,2042,1.0
RE1,DEMTRAFOLSHP,S101,2043,1.0
RE1,DEMTRAFOLSHP,S101,2044,1.0
RE1,DEMTRAFOLSHP,S101,2045,1.0
RE1,DEMTRAFOLSHP,S101,2046,1.0
RE1,DEMTRAFOLSHP,S101,2047,1.0
RE1,DEMTRAFOLSHP,S101,2048,1.0
RE1,DEMTRAFOLSHP,S101,2049,1.0
RE1,DEMTRAFOLSHP,S101,2050,1.0
RE1,DEMTRAFOLSHP,S101,2051,1.0
RE1,DEMTRAFOLSHP,S101,2052,1.0
RE1,DEMTRAFOLSHP,S101,2053,1.0
RE1,DEMTRAFOLSHP,S101,2054,1.0
RE1,DEMTRAFOLSHP,S101,2055,1.0
RE1,DEMTRAFOLSHP,S102,2022,1.0
RE1,DEMTRAFOLSHP,S102,2023,1.0
RE1,DEMTRAFOLSHP,S102,2024,1.0
RE1,DEMTRAFOLSHP,S102,2025,1.0
RE1,DEMTRAFOLSHP,S102,2026,1.0
RE1,DEMTRAFOLSHP,S102,2027,1.0
RE1,DEMTRAFOLSHP,S102,2028,1.0
RE1,DEMTRAFOLSHP,S102,2029,1.0
RE1,DEMTRAFOLSHP,S102,2030,1.0
RE1,DEMTRAFOLSHP,S102,2031,1.0
RE1,DEMTRAFOLSHP,S102,2032,1.0
RE1,DEMTRAFOLSHP,S102,2033,1.0
RE1,DEMTRAFOLSHP,S102,2034,1.0
RE1,DEMTRAFOLSHP,S102,2035,1.0
RE1,DEMTRAFOLSHP,S102,2036,1.0
RE1,DEMTRAFOLSHP,S102,2037,1.0
RE1,DEMTRAFOLSHP,S102,2038,1.0
RE1,DEMTRAFOLSHP,S102,2039,1.0
RE1,DEMTRAFOLSHP,S102,2040,1.0
RE1,DEMTRAFOLSHP,S102,2041,1.0
RE1,DEMTRAFOLSHP,S102,2042,1.0
RE1,DEMTRAFOLSHP,S102,2043,1.0
RE1,DEMTRAFOLSHP,S102,2044,1.0
RE1,DEMTRAFOLSHP,S102,2045,1.0
RE1,DEMTRAFOLSHP,S102,2046,1.0
RE1,DEMTRAFOLSHP,S102,2047,1.0
RE1,DEMTRAFOLSHP,S102,2048,1.0
RE1,DEMTRAFOLSHP,S102,2049,1.0
RE1,DEMTRAFOLSHP,S102,2050,1.0
RE1,DEMTRAFOLSHP,S102,2051,1.0
RE1,DEMTRAFOLSHP,S102,2052,1.0
RE1,DEMTRAFOLSHP,S102,2053,1.0
RE1,DEMTRAFOLSHP,S102,2054,1.0
RE1,DEMTRAFOLSHP,S102,2055,1.0
RE1,DEMTRAGSLBOT,S101,2022,1.0
RE1,DEMTRAGSLBOT,S101,2023,1.0
RE1,DEMTRAGSLBOT,S101,2024,1.0
RE1,DEMTRAGSLBOT,S101,2025,1.0
RE1,DEMTRAGSLBOT,S101,2026,1.0
RE1,DEMTRAGSLBOT,S101,2027,1.0
RE1,DEMTRAGSLBOT,S101,2028,1.0
RE1,DEMTRAGSLBOT,S101,2029,1.0
RE1,DEMTRAGSLBOT,S101,2030,1.0
RE1,DEMTRAGSLBOT,S101,2031,1.0
RE1,DEMTRAGSLBOT,S101,2032,1.0
RE1,DEMTRAGSLBOT,S101,2033,1.0
RE1,DEMTRAGSLBOT,S101,2034,1.0
RE1,DEMTRAGSLBOT,S101,2035,1.0
RE1,DEMTRAGSLBOT,S101,2036,1.0
RE1,DEMTRAGSLBOT,S101,2037,1.0
RE1,DEMTRAGSLBOT,S101,2038,1.0
RE1,DEMTRAGSLBOT,S101,2039,1.0
RE1,DEMTRAGSLBOT,S101,2040,1.0
RE1,DEMTRAGSLBOT,S101,2041,1.0
RE1,DEMTRAGSLBOT,S101,2042,1.0
RE1,DEMTRAGSLBOT,S101,2043,1.0
RE1,DEMTRAGSLBOT,S101,2044,1.0
RE1,DEMTRAGSLBOT,S101,2045,1.0
RE1,DEMTRAGSLBOT,S101,2046,1.0
RE1,DEMTRAGSLBOT,S101,2047,1.0
RE1,DEMTRAGSLBOT,S101,2048,1.0
RE1,DEMTRAGSLBOT,S101,2049,1.0
RE1,DEMTRAGSLBOT,S101,2050,1.0
RE1,DEMTRAGSLBOT,S101,2051,1.0
RE1,DEMTRAGSLBOT,S101,2052,1.0
RE1,DEMTRAGSLBOT,S101,2053,1.0
RE1,DEMTRAGSLBOT,S101,2054,1.0
RE1,DEMTRAGSLBOT,S101,2055,1.0
RE1,DEMTRAGSLBOT,S102,2022,1.0
RE1,DEMTRAGSLBOT,S102,2023,1.0
RE1,DEMTRAGSLBOT,S102,2024,1.0
RE1,DEMTRAGSLBOT,S102,2025,1.0
RE1,DEMTRAGSLBOT,S102,2026,1.0
RE1,DEMTRAGSLBOT,S102,2027,1.0
RE1,DEMTRAGSLBOT,S102,2028,1.0
RE1,DEMTRAGSLBOT,S102,2029,1.0
RE1,DEMTRAGSLBOT,S102,2030,1.0
RE1,DEMTRAGSLBOT,S102,2031,1.0
RE1,DEMTRAGSLBOT,S102,2032,1.0
RE1,DEMTRAGSLBOT,S102,2033,1.0
RE1,DEMTRAGSLBOT,S102,2034,1.0
RE1,DEMTRAGSLBOT,S102,2035,1.0
RE1,DEMTRAGSLBOT,S102,2036,1.0
RE1,DEMTRAGSLBOT,S102,2037,1.0
RE1,DEMTRAGSLBOT,S102,2038,1.0
RE1,DEMTRAGSLBOT,S102,2039,1.0
RE1,DEMTRAGSLBOT,S102,2040,1.0
RE1,DEMTRAGSLBOT,S102,2041,1.0
RE1,DEMTRAGSLBOT,S102,2042,1.0
RE1,DEMTRAGSLBOT,S102,2043,1.0
RE1,DEMTRAGSLBOT,S102,2044,1.0
RE1,DEMTRAGSLBOT,S102,2045,1.0
RE1,DEMTRAGSLBOT,S102,2046,1.0
RE1,DEMTRAGSLBOT,S102,2047,1.0
RE1,DEMTRAGSLBOT,S102,2048,1.0
RE1,DEMTRAGSLBOT,S102,2049,1.0
RE1,DEMTRAGSLBOT,S102,2050,1.0
RE1,DEMTRAGSLBOT,S102,2051,1.0
RE1,DEMTRAGSLBOT,S102,2052,1.0
RE1,DEMTRAGSLBOT,S102,2053,1.0
RE1,DEMTRAGSLBOT,S102,2054,1.0
RE1,DEMTRAGSLBOT,S102,2055,1.0
RE1,DEMTRAGSLBUS_IMU,S101,2022,1.0
RE1,DEMTRAGSLBUS_IMU,S101,2023,1.0
RE1,DEMTRAGSLBUS_IMU,S101,2024,1.0
RE1,DEMTRAGSLBUS_IMU,S101,2025,1.0
RE1,DEMTRAGSLBUS_IMU,S101,2026,1.0
RE1,DEMTRAGSLBUS_IMU,S101,2027,1.0
RE1,DEMTRAGSLBUS_IMU,S101,2028,1.0
RE1,DEMTRAGSLBUS_IMU,S101,2029,1.0
RE1,DEMTRAGSLBUS_IMU,S101,2030,1.0
RE1,DEMTRAGSLBUS_IMU,S101,2031,1.0
RE1,DEMTRAGSLBUS_IMU,S101,2032,1.0
RE1,DEMTRAGSLBUS_IMU,S101,2033,1.0
RE1,DEMTRAGSLBUS_IMU,S101,2034,1.0
RE1,DEMTRAGSLBUS_IMU,S101,2035,1.0
RE1,DEMTRAGSLBUS_IMU,S101,2036,1.0
RE1,DEMTRAGSLBUS_IMU,S101,2037,1.0
RE1,DEMTRAGSLBUS_IMU,S101,2038,1.0
RE1,DEMTRAGSLBUS_IMU,S101,2039,1.0
RE1,DEMTRAGSLBUS_IMU,S101,2040,1.0
RE1,DEMTRAGSLBUS_IMU,S101,2041,1.0
RE1,DEMTRAGSLBUS_IMU,S101,2042,1.0
RE1,DEMTRAGSLBUS_IMU,S101,2043,1.0
RE1,DEMTRAGSLBUS_IMU,S101,2044,1.0
RE1,DEMTRAGSLBUS_IMU,S101,2045,1.0
RE1,DEMTRAGSLBUS_IMU,S101,2046,1.0
RE1,DEMTRAGSLBUS_IMU,S101,2047,1.0
RE1,DEMTRAGSLBUS_IMU,S101,2048,1.0
RE1,DEMTRAGSLBUS_IMU,S101,2049,1.0
RE1,DEMTRAGSLBUS_IMU,S101,2050,1.0
RE1,DEMTRAGSLBUS_IMU,S101,2051,1.0
RE1,DEMTRAGSLBUS_IMU,S101,2052,1.0
RE1,DEMTRAGSLBUS_IMU,S101,2053,1.0
RE1,DEMTRAGSLBUS_IMU,S101,2054,1.0
RE1,DEMTRAGSLBUS_IMU,S101,2055,1.0
RE1,DEMTRAGSLBUS_IMU,S102,2022,1.0
RE1,DEMTRAGSLBUS_IMU,S102,2023,1.0
RE1,DEMTRAGSLBUS_IMU,S102,2024,1.0
RE1,DEMTRAGSLBUS_IMU,S102,2025,1.0
RE1,DEMTRAGSLBUS_IMU,S102,2026,1.0
RE1,DEMTRAGSLBUS_IMU,S102,2027,1.0
RE1,DEMTRAGSLBUS_IMU,S102,2028,1.0
RE1,DEMTRAGSLBUS_IMU,S102,2029,1.0
RE1,DEMTRAGSLBUS_IMU,S102,2030,1.0
RE1,DEMTRAGSLBUS_IMU,S102,2031,1.0
RE1,DEMTRAGSLBUS_IMU,S102,2032,1.0
RE1,DEMTRAGSLBUS_IMU,S102,2033,1.0
RE1,DEMTRAGSLBUS_IMU,S102,2034,1.0
RE1,DEMTRAGSLBUS_IMU,S102,2035,1.0
RE1,DEMTRAGSLBUS_IMU,S102,2036,1.0
RE1,DEMTRAGSLBUS_IMU,S102,2037,1.0
RE1,DEMTRAGSLBUS_IMU,S102,2038,1.0
RE1,DEMTRAGSLBUS_IMU,S102,2039,1.0
RE1,DEMTRAGSLBUS_IMU,S102,2040,1.0
RE1,DEMTRAGSLBUS_IMU,S102,2041,1.0
RE1,DEMTRAGSLBUS_IMU,S102,2042,1.0
RE1,DEMTRAGSLBUS_IMU,S102,2043,1.0
RE1,DEMTRAGSLBUS_IMU,S102,2044,1.0
RE1,DEMTRAGSLBUS_IMU,S102,2045,1.0
RE1,DEMTRAGSLBUS_IMU,S102,2046,1.0
RE1,DEMTRAGSLBUS_IMU,S102,2047,1.0
RE1,DEMTRAGSLBUS_IMU,S102,2048,1.0
RE1,DEMTRAGSLBUS_IMU,S102,2049,1.0
RE1,DEMTRAGSLBUS_IMU,S102,2050,1.0
RE1,DEMTRAGSLBUS_IMU,S102,2051,1.0
RE1,DEMTRAGSLBUS_IMU,S102,2052,1.0
RE1,DEMTRAGSLBUS_IMU,S102,2053,1.0
RE1,DEMTRAGSLBUS_IMU,S102,2054,1.0
RE1,DEMTRAGSLBUS_IMU,S102,2055,1.0
RE1,DEMTRAGSLFWD,S101,2022,1.0
RE1,DEMTRAGSLFWD,S101,2023,1.0
RE1,DEMTRAGSLFWD,S101,2024,1.0
RE1,DEMTRAGSLFWD,S101,2025,1.0
RE1,DEMTRAGSLFWD,S101,2026,1.0
RE1,DEMTRAGSLFWD,S101,2027,1.0
RE1,DEMTRAGSLFWD,S101,2028,1.0
RE1,DEMTRAGSLFWD,S101,2029,1.0
RE1,DEMTRAGSLFWD,S101,2030,1.0
RE1,DEMTRAGSLFWD,S101,2031,1.0
RE1,DEMTRAGSLFWD,S101,2032,1.0
RE1,DEMTRAGSLFWD,S101,2033,1.0
RE1,DEMTRAGSLFWD,S101,2034,1.0
RE1,DEMTRAGSLFWD,S101,2035,1.0
RE1,DEMTRAGSLFWD,S101,2036,1.0
RE1,DEMTRAGSLFWD,S101,2037,1.0
RE1,DEMTRAGSLFWD,S101,2038,1.0
RE1,DEMTRAGSLFWD,S101,2039,1.0
RE1,DEMTRAGSLFWD,S101,2040,1.0
RE1,DEMTRAGSLFWD,S101,2041,1.0
RE1,DEMTRAGSLFWD,S101,2042,1.0
RE1,DEMTRAGSLFWD,S101,2043,1.0
RE1,DEMTRAGSLFWD,S101,2044,1.0
RE1,DEMTRAGSLFWD,S101,2045,1.0
RE1,DEMTRAGSLFWD,S101,2046,1.0
RE1,DEMTRAGSLFWD,S101,2047,1.0
RE1,DEMTRAGSLFWD,S101,2048,1.0
RE1,DEMTRAGSLFWD,S101,2049,1.0
RE1,DEMTRAGSLFWD,S101,2050,1.0
RE1,DEMTRAGSLFWD,S101,2051,1.0
RE1,DEMTRAGSLFWD,S101,2052,1.0
RE1,DEMTRAGSLFWD,S101,2053,1.0
RE1,DEMTRAGSLFWD,S101,2054,1.0
RE1,DEMTRAGSLFWD,S101,2055,1.0
RE1,DEMTRAGSLFWD,S102,2022,1.0
RE1,DEMTRAGSLFWD,S102,2023,1.0
RE1,DEMTRAGSLFWD,S102,2024,1.0
RE1,DEMTRAGSLFWD,S102,2025,1.0
RE1,DEMTRAGSLFWD,S102,2026,1.0
RE1,DEMTRAGSLFWD,S102,2027,1.0
RE1,DEMTRAGSLFWD,S102,2028,1.0
RE1,DEMTRAGSLFWD,S102,2029,1.0
RE1,DEMTRAGSLFWD,S102,2030,1.0
RE1,DEMTRAGSLFWD,S102,2031,1.0
RE1,DEMTRAGSLFWD,S102,2032,1.0
RE1,DEMTRAGSLFWD,S102,2033,1.0
RE1,DEMTRAGSLFWD,S102,2034,1.0
RE1,DEMTRAGSLFWD,S102,2035,1.0
RE1,DEMTRAGSLFWD,S102,2036,1.0
RE1,DEMTRAGSLFWD,S102,2037,1.0
RE1,DEMTRAGSLFWD,S102,2038,1.0
RE1,DEMTRAGSLFWD,S102,2039,1.0
RE1,DEMTRAGSLFWD,S102,2040,1.0
RE1,DEMTRAGSLFWD,S102,2041,1.0
RE1,DEMTRAGSLFWD,S102,2042,1.0
RE1,DEMTRAGSLFWD,S102,2043,1.0
RE1,DEMTRAGSLFWD,S102,2044,1.0
RE1,DEMTRAGSLFWD,S102,2045,1.0
RE1,DEMTRAGSLFWD,S102,2046,1.0
RE1,DEMTRAGSLFWD,S102,2047,1.0
RE1,DEMTRAGSLFWD,S102,2048,1.0
RE1,DEMTRAGSLFWD,S102,2049,1.0
RE1,DEMTRAGSLFWD,S102,2050,1.0
RE1,DEMTRAGSLFWD,S102,2051,1.0
RE1,DEMTRAGSLFWD,S102,2052,1.0
RE1,DEMTRAGSLFWD,S102,2053,1.0
RE1,DEMTRAGSLFWD,S102,2054,1.0
RE1,DEMTRAGSLFWD,S102,2055,1.0
RE1,DEMTRAGSLLDV,S101,2022,1.0
RE1,DEMTRAGSLLDV,S101,2023,1.0
RE1,DEMTRAGSLLDV,S101,2024,1.0
RE1,DEMTRAGSLLDV,S101,2025,1.0
RE1,DEMTRAGSLLDV,S101,2026,1.0
RE1,DEMTRAGSLLDV,S101,2027,1.0
RE1,DEMTRAGSLLDV,S101,2028,1.0
RE1,DEMTRAGSLLDV,S101,2029,1.0
RE1,DEMTRAGSLLDV,S101,2030,1.0
RE1,DEMTRAGSLLDV,S101,2031,1.0
RE1,DEMTRAGSLLDV,S101,2032,1.0
RE1,DEMTRAGSLLDV,S101,2033,1.0
RE1,DEMTRAGSLLDV,S101,2034,1.0
RE1,DEMTRAGSLLDV,S101,2035,1.0
RE1,DEMTRAGSLLDV,S101,2036,1.0
RE1,DEMTRAGSLLDV,S101,2037,1.0
RE1,DEMTRAGSLLDV,S101,2038,1.0
RE1,DEMTRAGSLLDV,S101,2039,1.0
RE1,DEMTRAGSLLDV,S101,2040,1.0
RE1,DEMTRAGSLLDV,S101,2041,1.0
RE1,DEMTRAGSLLDV,S101,2042,1.0
RE1,DEMTRAGSLLDV,S101,2043,1.0
RE1,DEMTRAGSLLDV,S101,2044,1.0
RE1,DEMTRAGSLLDV,S101,2045,1.0
RE1,DEMTRAGSLLDV,S101,2046,1.0
RE1,DEMTRAGSLLDV,S101,2047,1.0
RE1,DEMTRAGSLLDV,S101,2048,1.0
RE1,DEMTRAGSLLDV,S101,2049,1.0
RE1,DEMTRAGSLLDV,S101,2050,1.0
RE1,DEMTRAGSLLDV,S101,2051,1.0
RE1,DEMTRAGSLLDV,S101,2052,1.0
RE1,DEMTRAGSLLDV,S101,2053,1.0
RE1,DEMTRAGSLLDV,S101,2054,1.0
RE1,DEMTRAGSLLDV,S101,2055,1.0
RE1,DEMTRAGSLLDV,S102,2022,1.0
RE1,DEMTRAGSLLDV,S102,2023,1.0
RE1,DEMTRAGSLLDV,S102,2024,1.0
RE1,DEMTRAGSLLDV,S102,2025,1.0
RE1,DEMTRAGSLLDV,S102,2026,1.0
RE1,DEMTRAGSLLDV,S102,2027,1.0
RE1,DEMTRAGSLLDV,S102,2028,1.0
RE1,DEMTRAGSLLDV,S102,2029,1.0
RE1,DEMTRAGSLLDV,S102,2030,1.0
RE1,DEMTRAGSLLDV,S102,2031,1.0
RE1,DEMTRAGSLLDV,S102,2032,1.0
RE1,DEMTRAGSLLDV,S102,2033,1.0
RE1,DEMTRAGSLLDV,S102,2034,1.0
RE1,DEMTRAGSLLDV,S102,2035,1.0
RE1,DEMTRAGSLLDV,S102,2036,1.0
RE1,DEMTRAGSLLDV,S102,2037,1.0
RE1,DEMTRAGSLLDV,S102,2038,1.0
RE1,DEMTRAGSLLDV,S102,2039,1.0
RE1,DEMTRAGSLLDV,S102,2040,1.0
RE1,DEMTRAGSLLDV,S102,2041,1.0
RE1,DEMTRAGSLLDV,S102,2042,1.0
RE1,DEMTRAGSLLDV,S102,2043,1.0
RE1,DEMTRAGSLLDV,S102,2044,1.0
RE1,DEMTRAGSLLDV,S102,2045,1.0
RE1,DEMTRAGSLLDV,S102,2046,1.0
RE1,DEMTRAGSLLDV,S102,2047,1.0
RE1,DEMTRAGSLLDV,S102,2048,1.0
RE1,DEMTRAGSLLDV,S102,2049,1.0
RE1,DEMTRAGSLLDV,S102,2050,1.0
RE1,DEMTRAGSLLDV,S102,2051,1.0
RE1,DEMTRAGSLLDV,S102,2052,1.0
RE1,DEMTRAGSLLDV,S102,2053,1.0
RE1,DEMTRAGSLLDV,S102,2054,1.0
RE1,DEMTRAGSLLDV,S102,2055,1.0
RE1,DEMTRAGSLMIC,S101,2022,1.0
RE1,DEMTRAGSLMIC,S101,2023,1.0
RE1,DEMTRAGSLMIC,S101,2024,1.0
RE1,DEMTRAGSLMIC,S101,2025,1.0
RE1,DEMTRAGSLMIC,S101,2026,1.0
RE1,DEMTRAGSLMIC,S101,2027,1.0
RE1,DEMTRAGSLMIC,S101,2028,1.0
RE1,DEMTRAGSLMIC,S101,2029,1.0
RE1,DEMTRAGSLMIC,S101,2030,1.0
RE1,DEMTRAGSLMIC,S101,2031,1.0
RE1,DEMTRAGSLMIC,S101,2032,1.0
RE1,DEMTRAGSLMIC,S101,2033,1.0
RE1,DEMTRAGSLMIC,S101,2034,1.0
RE1,DEMTRAGSLMIC,S101,2035,1.0
RE1,DEMTRAGSLMIC,S101,2036,1.0
RE1,DEMTRAGSLMIC,S101,2037,1.0
RE1,DEMTRAGSLMIC,S101,2038,1.0
RE1,DEMTRAGSLMIC,S101,2039,1.0
RE1,DEMTRAGSLMIC,S101,2040,1.0
RE1,DEMTRAGSLMIC,S101,2041,1.0
RE1,DEMTRAGSLMIC,S101,2042,1.0
RE1,DEMTRAGSLMIC,S101,2043,1.0
RE1,DEMTRAGSLMIC,S101,2044,1.0
RE1,DEMTRAGSLMIC,S101,2045,1.0
RE1,DEMTRAGSLMIC,S101,2046,1.0
RE1,DEMTRAGSLMIC,S101,2047,1.0
RE1,DEMTRAGSLMIC,S101,2048,1.0
RE1,DEMTRAGSLMIC,S101,2049,1.0
RE1,DEMTRAGSLMIC,S101,2050,1.0
RE1,DEMTRAGSLMIC,S101,2051,1.0
RE1,DEMTRAGSLMIC,S101,2052,1.0
RE1,DEMTRAGSLMIC,S101,2053,1.0
RE1,DEMTRAGSLMIC,S101,2054,1.0
RE1,DEMTRAGSLMIC,S101,2055,1.0
RE1,DEMTRAGSLMIC,S102,2022,1.0
RE1,DEMTRAGSLMIC,S102,2023,1.0
RE1,DEMTRAGSLMIC,S102,2024,1.0
RE1,DEMTRAGSLMIC,S102,2025,1.0
RE1,DEMTRAGSLMIC,S102,2026,1.0
RE1,DEMTRAGSLMIC,S102,2027,1.0
RE1,DEMTRAGSLMIC,S102,2028,1.0
RE1,DEMTRAGSLMIC,S102,2029,1.0
RE1,DEMTRAGSLMIC,S102,2030,1.0
RE1,DEMTRAGSLMIC,S102,2031,1.0
RE1,DEMTRAGSLMIC,S102,2032,1.0
RE1,DEMTRAGSLMIC,S102,2033,1.0
RE1,DEMTRAGSLMIC,S102,2034,1.0
RE1,DEMTRAGSLMIC,S102,2035,1.0
RE1,DEMTRAGSLMIC,S102,2036,1.0
RE1,DEMTRAGSLMIC,S102,2037,1.0
RE1,DEMTRAGSLMIC,S102,2038,1.0
RE1,DEMTRAGSLMIC,S102,2039,1.0
RE1,DEMTRAGSLMIC,S102,2040,1.0
RE1,DEMTRAGSLMIC,S102,2041,1.0
RE1,DEMTRAGSLMIC,S102,2042,1.0
RE1,DEMTRAGSLMIC,S102,2043,1.0
RE1,DEMTRAGSLMIC,S102,2044,1.0
RE1,DEMTRAGSLMIC,S102,2045,1.0
RE1,DEMTRAGSLMIC,S102,2046,1.0
RE1,DEMTRAGSLMIC,S102,2047,1.0
RE1,DEMTRAGSLMIC,S102,2048,1.0
RE1,DEMTRAGSLMIC,S102,2049,1.0
RE1,DEMTRAGSLMIC,S102,2050,1.0
RE1,DEMTRAGSLMIC,S102,2051,1.0
RE1,DEMTRAGSLMIC,S102,2052,1.0
RE1,DEMTRAGSLMIC,S102,2053,1.0
RE1,DEMTRAGSLMIC,S102,2054,1.0
RE1,DEMTRAGSLMIC,S102,2055,1.0
RE1,DEMTRAGSLMOT,S101,2022,1.0
RE1,DEMTRAGSLMOT,S101,2023,1.0
RE1,DEMTRAGSLMOT,S101,2024,1.0
RE1,DEMTRAGSLMOT,S101,2025,1.0
RE1,DEMTRAGSLMOT,S101,2026,1.0
RE1,DEMTRAGSLMOT,S101,2027,1.0
RE1,DEMTRAGSLMOT,S101,2028,1.0
RE1,DEMTRAGSLMOT,S101,2029,1.0
RE1,DEMTRAGSLMOT,S101,2030,1.0
RE1,DEMTRAGSLMOT,S101,2031,1.0
RE1,DEMTRAGSLMOT,S101,2032,1.0
RE1,DEMTRAGSLMOT,S101,2033,1.0
RE1,DEMTRAGSLMOT,S101,2034,1.0
RE1,DEMTRAGSLMOT,S101,2035,1.0
RE1,DEMTRAGSLMOT,S101,2036,1.0
RE1,DEMTRAGSLMOT,S101,2037,1.0
RE1,DEMTRAGSLMOT,S101,2038,1.0
RE1,DEMTRAGSLMOT,S101,2039,1.0
RE1,DEMTRAGSLMOT,S101,2040,1.0
RE1,DEMTRAGSLMOT,S101,2041,1.0
RE1,DEMTRAGSLMOT,S101,2042,1.0
RE1,DEMTRAGSLMOT,S101,2043,1.0
RE1,DEMTRAGSLMOT,S101,2044,1.0
RE1,DEMTRAGSLMOT,S101,2045,1.0
RE1,DEMTRAGSLMOT,S101,2046,1.0
RE1,DEMTRAGSLMOT,S101,2047,1.0
RE1,DEMTRAGSLMOT,S101,2048,1.0
RE1,DEMTRAGSLMOT,S101,2049,1.0
RE1,DEMTRAGSLMOT,S101,2050,1.0
RE1,DEMTRAGSLMOT,S101,2051,1.0
RE1,DEMTRAGSLMOT,S101,2052,1.0
RE1,DEMTRAGSLMOT,S101,2053,1.0
RE1,DEMTRAGSLMOT,S101,2054,1.0
RE1,DEMTRAGSLMOT,S101,2055,1.0
RE1,DEMTRAGSLMOT,S102,2022,1.0
RE1,DEMTRAGSLMOT,S102,2023,1.0
RE1,DEMTRAGSLMOT,S102,2024,1.0
RE1,DEMTRAGSLMOT,S102,2025,1.0
RE1,DEMTRAGSLMOT,S102,2026,1.0
RE1,DEMTRAGSLMOT,S102,2027,1.0
RE1,DEMTRAGSLMOT,S102,2028,1.0
RE1,DEMTRAGSLMOT,S102,2029,1.0
RE1,DEMTRAGSLMOT,S102,2030,1.0
RE1,DEMTRAGSLMOT,S102,2031,1.0
RE1,DEMTRAGSLMOT,S102,2032,1.0
RE1,DEMTRAGSLMOT,S102,2033,1.0
RE1,DEMTRAGSLMOT,S102,2034,1.0
RE1,DEMTRAGSLMOT,S102,2035,1.0
RE1,DEMTRAGSLMOT,S102,2036,1.0
RE1,DEMTRAGSLMOT,S102,2037,1.0
RE1,DEMTRAGSLMOT,S102,2038,1.0
RE1,DEMTRAGSLMOT,S102,2039,1.0
RE1,DEMTRAGSLMOT,S102,2040,1.0
RE1,DEMTRAGSLMOT,S102,2041,1.0
RE1,DEMTRAGSLMOT,S102,2042,1.0
RE1,DEMTRAGSLMOT,S102,2043,1.0
RE1,DEMTRAGSLMOT,S102,2044,1.0
RE1,DEMTRAGSLMOT,S102,2045,1.0
RE1,DEMTRAGSLMOT,S102,2046,1.0
RE1,DEMTRAGSLMOT,S102,2047,1.0
RE1,DEMTRAGSLMOT,S102,2048,1.0
RE1,DEMTRAGSLMOT,S102,2049,1.0
RE1,DEMTRAGSLMOT,S102,2050,1.0
RE1,DEMTRAGSLMOT,S102,2051,1.0
RE1,DEMTRAGSLMOT,S102,2052,1.0
RE1,DEMTRAGSLMOT,S102,2053,1.0
RE1,DEMTRAGSLMOT,S102,2054,1.0
RE1,DEMTRAGSLMOT,S102,2055,1.0
RE1,DEMTRAGSLSTT,S101,2022,1.0
RE1,DEMTRAGSLSTT,S101,2023,1.0
RE1,DEMTRAGSLSTT,S101,2024,1.0
RE1,DEMTRAGSLSTT,S101,2025,1.0
RE1,DEMTRAGSLSTT,S101,2026,1.0
RE1,DEMTRAGSLSTT,S101,2027,1.0
RE1,DEMTRAGSLSTT,S101,2028,1.0
RE1,DEMTRAGSLSTT,S101,2029,1.0
RE1,DEMTRAGSLSTT,S101,2030,1.0
RE1,DEMTRAGSLSTT,S101,2031,1.0
RE1,DEMTRAGSLSTT,S101,2032,1.0
RE1,DEMTRAGSLSTT,S101,2033,1.0
RE1,DEMTRAGSLSTT,S101,2034,1.0
RE1,DEMTRAGSLSTT,S101,2035,1.0
RE1,DEMTRAGSLSTT,S101,2036,1.0
RE1,DEMTRAGSLSTT,S101,2037,1.0
RE1,DEMTRAGSLSTT,S101,2038,1.0
RE1,DEMTRAGSLSTT,S101,2039,1.0
RE1,DEMTRAGSLSTT,S101,2040,1.0
RE1,DEMTRAGSLSTT,S101,2041,1.0
RE1,DEMTRAGSLSTT,S101,2042,1.0
RE1,DEMTRAGSLSTT,S101,2043,1.0
RE1,DEMTRAGSLSTT,S101,2044,1.0
RE1,DEMTRAGSLSTT,S101,2045,1.0
RE1,DEMTRAGSLSTT,S101,2046,1.0
RE1,DEMTRAGSLSTT,S101,2047,1.0
RE1,DEMTRAGSLSTT,S101,2048,1.0
RE1,DEMTRAGSLSTT,S101,2049,1.0
RE1,DEMTRAGSLSTT,S101,2050,1.0
RE1,DEMTRAGSLSTT,S101,2051,1.0
RE1,DEMTRAGSLSTT,S101,2052,1.0
RE1,DEMTRAGSLSTT,S101,2053,1.0
RE1,DEMTRAGSLSTT,S101,2054,1.0
RE1,DEMTRAGSLSTT,S101,2055,1.0
RE1,DEMTRAGSLSTT,S102,2022,1.0
RE1,DEMTRAGSLSTT,S102,2023,1.0
RE1,DEMTRAGSLSTT,S102,2024,1.0
RE1,DEMTRAGSLSTT,S102,2025,1.0
RE1,DEMTRAGSLSTT,S102,2026,1.0
RE1,DEMTRAGSLSTT,S102,2027,1.0
RE1,DEMTRAGSLSTT,S102,2028,1.0
RE1,DEMTRAGSLSTT,S102,2029,1.0
RE1,DEMTRAGSLSTT,S102,2030,1.0
RE1,DEMTRAGSLSTT,S102,2031,1.0
RE1,DEMTRAGSLSTT,S102,2032,1.0
RE1,DEMTRAGSLSTT,S102,2033,1.0
RE1,DEMTRAGSLSTT,S102,2034,1.0
RE1,DEMTRAGSLSTT,S102,2035,1.0
RE1,DEMTRAGSLSTT,S102,2036,1.0
RE1,DEMTRAGSLSTT,S102,2037,1.0
RE1,DEMTRAGSLSTT,S102,2038,1.0
RE1,DEMTRAGSLSTT,S102,2039,1.0
RE1,DEMTRAGSLSTT,S102,2040,1.0
RE1,DEMTRAGSLSTT,S102,2041,1.0
RE1,DEMTRAGSLSTT,S102,2042,1.0
RE1,DEMTRAGSLSTT,S102,2043,1.0
RE1,DEMTRAGSLSTT,S102,2044,1.0
RE1,DEMTRAGSLSTT,S102,2045,1.0
RE1,DEMTRAGSLSTT,S102,2046,1.0
RE1,DEMTRAGSLSTT,S102,2047,1.0
RE1,DEMTRAGSLSTT,S102,2048,1.0
RE1,DEMTRAGSLSTT,S102,2049,1.0
RE1,DEMTRAGSLSTT,S102,2050,1.0
RE1,DEMTRAGSLSTT,S102,2051,1.0
RE1,DEMTRAGSLSTT,S102,2052,1.0
RE1,DEMTRAGSLSTT,S102,2053,1.0
RE1,DEMTRAGSLSTT,S102,2054,1.0
RE1,DEMTRAGSLSTT,S102,2055,1.0
RE1,DEMTRAGSLTAX,S101,2022,1.0
RE1,DEMTRAGSLTAX,S101,2023,1.0
RE1,DEMTRAGSLTAX,S101,2024,1.0
RE1,DEMTRAGSLTAX,S101,2025,1.0
RE1,DEMTRAGSLTAX,S101,2026,1.0
RE1,DEMTRAGSLTAX,S101,2027,1.0
RE1,DEMTRAGSLTAX,S101,2028,1.0
RE1,DEMTRAGSLTAX,S101,2029,1.0
RE1,DEMTRAGSLTAX,S101,2030,1.0
RE1,DEMTRAGSLTAX,S101,2031,1.0
RE1,DEMTRAGSLTAX,S101,2032,1.0
RE1,DEMTRAGSLTAX,S101,2033,1.0
RE1,DEMTRAGSLTAX,S101,2034,1.0
RE1,DEMTRAGSLTAX,S101,2035,1.0
RE1,DEMTRAGSLTAX,S101,2036,1.0
RE1,DEMTRAGSLTAX,S101,2037,1.0
RE1,DEMTRAGSLTAX,S101,2038,1.0
RE1,DEMTRAGSLTAX,S101,2039,1.0
RE1,DEMTRAGSLTAX,S101,2040,1.0
RE1,DEMTRAGSLTAX,S101,2041,1.0
RE1,DEMTRAGSLTAX,S101,2042,1.0
RE1,DEMTRAGSLTAX,S101,2043,1.0
RE1,DEMTRAGSLTAX,S101,2044,1.0
RE1,DEMTRAGSLTAX,S101,2045,1.0
RE1,DEMTRAGSLTAX,S101,2046,1.0
RE1,DEMTRAGSLTAX,S101,2047,1.0
RE1,DEMTRAGSLTAX,S101,2048,1.0
RE1,DEMTRAGSLTAX,S101,2049,1.0
RE1,DEMTRAGSLTAX,S101,2050,1.0
RE1,DEMTRAGSLTAX,S101,2051,1.0
RE1,DEMTRAGSLTAX,S101,2052,1.0
RE1,DEMTRAGSLTAX,S101,2053,1.0
RE1,DEMTRAGSLTAX,S101,2054,1.0
RE1,DEMTRAGSLTAX,S101,2055,1.0
RE1,DEMTRAGSLTAX,S102,2022,1.0
RE1,DEMTRAGSLTAX,S102,2023,1.0
RE1,DEMTRAGSLTAX,S102,2024,1.0
RE1,DEMTRAGSLTAX,S102,2025,1.0
RE1,DEMTRAGSLTAX,S102,2026,1.0
RE1,DEMTRAGSLTAX,S102,2027,1.0
RE1,DEMTRAGSLTAX,S102,2028,1.0
RE1,DEMTRAGSLTAX,S102,2029,1.0
RE1,DEMTRAGSLTAX,S102,2030,1.0
RE1,DEMTRAGSLTAX,S102,2031,1.0
RE1,DEMTRAGSLTAX,S102,2032,1.0
RE1,DEMTRAGSLTAX,S102,2033,1.0
RE1,DEMTRAGSLTAX,S102,2034,1.0
RE1,DEMTRAGSLTAX,S102,2035,1.0
RE1,DEMTRAGSLTAX,S102,2036,1.0
RE1,DEMTRAGSLTAX,S102,2037,1.0
RE1,DEMTRAGSLTAX,S102,2038,1.0
RE1,DEMTRAGSLTAX,S102,2039,1.0
RE1,DEMTRAGSLTAX,S102,2040,1.0
RE1,DEMTRAGSLTAX,S102,2041,1.0
RE1,DEMTRAGSLTAX,S102,2042,1.0
RE1,DEMTRAGSLTAX,S102,2043,1.0
RE1,DEMTRAGSLTAX,S102,2044,1.0
RE1,DEMTRAGSLTAX,S102,2045,1.0
RE1,DEMTRAGSLTAX,S102,2046,1.0
RE1,DEMTRAGSLTAX,S102,2047,1.0
RE1,DEMTRAGSLTAX,S102,2048,1.0
RE1,DEMTRAGSLTAX,S102,2049,1.0
RE1,DEMTRAGSLTAX,S102,2050,1.0
RE1,DEMTRAGSLTAX,S102,2051,1.0
RE1,DEMTRAGSLTAX,S102,2052,1.0
RE1,DEMTRAGSLTAX,S102,2053,1.0
RE1,DEMTRAGSLTAX,S102,2054,1.0
RE1,DEMTRAGSLTAX,S102,2055,1.0
RE1,DEMTRAGSLTCK_C2P,S101,2022,1.0
RE1,DEMTRAGSLTCK_C2P,S101,2023,1.0
RE1,DEMTRAGSLTCK_C2P,S101,2024,1.0
RE1,DEMTRAGSLTCK_C2P,S101,2025,1.0
RE1,DEMTRAGSLTCK_C2P,S101,2026,1.0
RE1,DEMTRAGSLTCK_C2P,S101,2027,1.0
RE1,DEMTRAGSLTCK_C2P,S101,2028,1.0
RE1,DEMTRAGSLTCK_C2P,S101,2029,1.0
RE1,DEMTRAGSLTCK_C2P,S101,2030,1.0
RE1,DEMTRAGSLTCK_C2P,S101,2031,1.0
RE1,DEMTRAGSLTCK_C2P,S101,2032,1.0
RE1,DEMTRAGSLTCK_C2P,S101,2033,1.0
RE1,DEMTRAGSLTCK_C2P,S101,2034,1.0
RE1,DEMTRAGSLTCK_C2P,S101,2035,1.0
RE1,DEMTRAGSLTCK_C2P,S101,2036,1.0
RE1,DEMTRAGSLTCK_C2P,S101,2037,1.0
RE1,DEMTRAGSLTCK_C2P,S101,2038,1.0
RE1,DEMTRAGSLTCK_C2P,S101,2039,1.0
RE1,DEMTRAGSLTCK_C2P,S101,2040,1.0
RE1,DEMTRAGSLTCK_C2P,S101,2041,1.0
RE1,DEMTRAGSLTCK_C2P,S101,2042,1.0
RE1,DEMTRAGSLTCK_C2P,S101,2043,1.0
RE1,DEMTRAGSLTCK_C2P,S101,2044,1.0
RE1,DEMTRAGSLTCK_C2P,S101,2045,1.0
RE1,DEMTRAGSLTCK_C2P,S101,2046,1.0
RE1,DEMTRAGSLTCK_C2P,S101,2047,1.0
RE1,DEMTRAGSLTCK_C2P,S101,2048,1.0
RE1,DEMTRAGSLTCK_C2P,S101,2049,1.0
RE1,DEMTRAGSLTCK_C2P,S101,2050,1.0
RE1,DEMTRAGSLTCK_C2P,S101,2051,1.0
RE1,DEMTRAGSLTCK_C2P,S101,2052,1.0
RE1,DEMTRAGSLTCK_C2P,S101,2053,1.0
RE1,DEMTRAGSLTCK_C2P,S101,2054,1.0
RE1,DEMTRAGSLTCK_C2P,S101,2055,1.0
RE1,DEMTRAGSLTCK_C2P,S102,2022,1.0
RE1,DEMTRAGSLTCK_C2P,S102,2023,1.0
RE1,DEMTRAGSLTCK_C2P,S102,2024,1.0
RE1,DEMTRAGSLTCK_C2P,S102,2025,1.0
RE1,DEMTRAGSLTCK_C2P,S102,2026,1.0
RE1,DEMTRAGSLTCK_C2P,S102,2027,1.0
RE1,DEMTRAGSLTCK_C2P,S102,2028,1.0
RE1,DEMTRAGSLTCK_C2P,S102,2029,1.0
RE1,DEMTRAGSLTCK_C2P,S102,2030,1.0
RE1,DEMTRAGSLTCK_C2P,S102,2031,1.0
RE1,DEMTRAGSLTCK_C2P,S102,2032,1.0
RE1,DEMTRAGSLTCK_C2P,S102,2033,1.0
RE1,DEMTRAGSLTCK_C2P,S102,2034,1.0
RE1,DEMTRAGSLTCK_C2P,S102,2035,1.0
RE1,DEMTRAGSLTCK_C2P,S102,2036,1.0
RE1,DEMTRAGSLTCK_C2P,S102,2037,1.0
RE1,DEMTRAGSLTCK_C2P,S102,2038,1.0
RE1,DEMTRAGSLTCK_C2P,S102,2039,1.0
RE1,DEMTRAGSLTCK_C2P,S102,2040,1.0
RE1,DEMTRAGSLTCK_C2P,S102,2041,1.0
RE1,DEMTRAGSLTCK_C2P,S102,2042,1.0
RE1,DEMTRAGSLTCK_C2P,S102,2043,1.0
RE1,DEMTRAGSLTCK_C2P,S102,2044,1.0
RE1,DEMTRAGSLTCK_C2P,S102,2045,1.0
RE1,DEMTRAGSLTCK_C2P,S102,2046,1.0
RE1,DEMTRAGSLTCK_C2P,S102,2047,1.0
RE1,DEMTRAGSLTCK_C2P,S102,2048,1.0
RE1,DEMTRAGSLTCK_C2P,S102,2049,1.0
RE1,DEMTRAGSLTCK_C2P,S102,2050,1.0
RE1,DEMTRAGSLTCK_C2P,S102,2051,1.0
RE1,DEMTRAGSLTCK_C2P,S102,2052,1.0
RE1,DEMTRAGSLTCK_C2P,S102,2053,1.0
RE1,DEMTRAGSLTCK_C2P,S102,2054,1.0
RE1,DEMTRAGSLTCK_C2P,S102,2055,1.0
RE1,DEMTRAHDGBUS_IMU,S101,2022,1.0
RE1,DEMTRAHDGBUS_IMU,S101,2023,1.0
RE1,DEMTRAHDGBUS_IMU,S101,2024,1.0
RE1,DEMTRAHDGBUS_IMU,S101,2025,1.0
RE1,DEMTRAHDGBUS_IMU,S101,2026,1.0
RE1,DEMTRAHDGBUS_IMU,S101,2027,1.0
RE1,DEMTRAHDGBUS_IMU,S101,2028,1.0
RE1,DEMTRAHDGBUS_IMU,S101,2029,1.0
RE1,DEMTRAHDGBUS_IMU,S101,2030,1.0
RE1,DEMTRAHDGBUS_IMU,S101,2031,1.0
RE1,DEMTRAHDGBUS_IMU,S101,2032,1.0
RE1,DEMTRAHDGBUS_IMU,S101,2033,1.0
RE1,DEMTRAHDGBUS_IMU,S101,2034,1.0
RE1,DEMTRAHDGBUS_IMU,S101,2035,1.0
RE1,DEMTRAHDGBUS_IMU,S101,2036,1.0
RE1,DEMTRAHDGBUS_IMU,S101,2037,1.0
RE1,DEMTRAHDGBUS_IMU,S101,2038,1.0
RE1,DEMTRAHDGBUS_IMU,S101,2039,1.0
RE1,DEMTRAHDGBUS_IMU,S101,2040,1.0
RE1,DEMTRAHDGBUS_IMU,S101,2041,1.0
RE1,DEMTRAHDGBUS_IMU,S101,2042,1.0
RE1,DEMTRAHDGBUS_IMU,S101,2043,1.0
RE1,DEMTRAHDGBUS_IMU,S101,2044,1.0
RE1,DEMTRAHDGBUS_IMU,S101,2045,1.0
RE1,DEMTRAHDGBUS_IMU,S101,2046,1.0
RE1,DEMTRAHDGBUS_IMU,S101,2047,1.0
RE1,DEMTRAHDGBUS_IMU,S101,2048,1.0
RE1,DEMTRAHDGBUS_IMU,S101,2049,1.0
RE1,DEMTRAHDGBUS_IMU,S101,2050,1.0
RE1,DEMTRAHDGBUS_IMU,S101,2051,1.0
RE1,DEMTRAHDGBUS_IMU,S101,2052,1.0
RE1,DEMTRAHDGBUS_IMU,S101,2053,1.0
RE1,DEMTRAHDGBUS_IMU,S101,2054,1.0
RE1,DEMTRAHDGBUS_IMU,S101,2055,1.0
RE1,DEMTRAHDGBUS_IMU,S102,2022,1.0
RE1,DEMTRAHDGBUS_IMU,S102,2023,1.0
RE1,DEMTRAHDGBUS_IMU,S102,2024,1.0
RE1,DEMTRAHDGBUS_IMU,S102,2025,1.0
RE1,DEMTRAHDGBUS_IMU,S102,2026,1.0
RE1,DEMTRAHDGBUS_IMU,S102,2027,1.0
RE1,DEMTRAHDGBUS_IMU,S102,2028,1.0
RE1,DEMTRAHDGBUS_IMU,S102,2029,1.0
RE1,DEMTRAHDGBUS_IMU,S102,2030,1.0
RE1,DEMTRAHDGBUS_IMU,S102,2031,1.0
RE1,DEMTRAHDGBUS_IMU,S102,2032,1.0
RE1,DEMTRAHDGBUS_IMU,S102,2033,1.0
RE1,DEMTRAHDGBUS_IMU,S102,2034,1.0
RE1,DEMTRAHDGBUS_IMU,S102,2035,1.0
RE1,DEMTRAHDGBUS_IMU,S102,2036,1.0
RE1,DEMTRAHDGBUS_IMU,S102,2037,1.0
RE1,DEMTRAHDGBUS_IMU,S102,2038,1.0
RE1,DEMTRAHDGBUS_IMU,S102,2039,1.0
RE1,DEMTRAHDGBUS_IMU,S102,2040,1.0
RE1,DEMTRAHDGBUS_IMU,S102,2041,1.0
RE1,DEMTRAHDGBUS_IMU,S102,2042,1.0
RE1,DEMTRAHDGBUS_IMU,S102,2043,1.0
RE1,DEMTRAHDGBUS_IMU,S102,2044,1.0
RE1,DEMTRAHDGBUS_IMU,S102,2045,1.0
RE1,DEMTRAHDGBUS_IMU,S102,2046,1.0
RE1,DEMTRAHDGBUS_IMU,S102,2047,1.0
RE1,DEMTRAHDGBUS_IMU,S102,2048,1.0
RE1,DEMTRAHDGBUS_IMU,S102,2049,1.0
RE1,DEMTRAHDGBUS_IMU,S102,2050,1.0
RE1,DEMTRAHDGBUS_IMU,S102,2051,1.0
RE1,DEMTRAHDGBUS_IMU,S102,2052,1.0
RE1,DEMTRAHDGBUS_IMU,S102,2053,1.0
RE1,DEMTRAHDGBUS_IMU,S102,2054,1.0
RE1,DEMTRAHDGBUS_IMU,S102,2055,1.0
RE1,DEMTRAHDGBUS_URB,S101,2022,1.0
RE1,DEMTRAHDGBUS_URB,S101,2023,1.0
RE1,DEMTRAHDGBUS_URB,S101,2024,1.0
RE1,DEMTRAHDGBUS_URB,S101,2025,1.0
RE1,DEMTRAHDGBUS_URB,S101,2026,1.0
RE1,DEMTRAHDGBUS_URB,S101,2027,1.0
RE1,DEMTRAHDGBUS_URB,S101,2028,1.0
RE1,DEMTRAHDGBUS_URB,S101,2029,1.0
RE1,DEMTRAHDGBUS_URB,S101,2030,1.0
RE1,DEMTRAHDGBUS_URB,S101,2031,1.0
RE1,DEMTRAHDGBUS_URB,S101,2032,1.0
RE1,DEMTRAHDGBUS_URB,S101,2033,1.0
RE1,DEMTRAHDGBUS_URB,S101,2034,1.0
RE1,DEMTRAHDGBUS_URB,S101,2035,1.0
RE1,DEMTRAHDGBUS_URB,S101,2036,1.0
RE1,DEMTRAHDGBUS_URB,S101,2037,1.0
RE1,DEMTRAHDGBUS_URB,S101,2038,1.0
RE1,DEMTRAHDGBUS_URB,S101,2039,1.0
RE1,DEMTRAHDGBUS_URB,S101,2040,1.0
RE1,DEMTRAHDGBUS_URB,S101,2041,1.0
RE1,DEMTRAHDGBUS_URB,S101,2042,1.0
RE1,DEMTRAHDGBUS_URB,S101,2043,1.0
RE1,DEMTRAHDGBUS_URB,S101,2044,1.0
RE1,DEMTRAHDGBUS_URB,S101,2045,1.0
RE1,DEMTRAHDGBUS_URB,S101,2046,1.0
RE1,DEMTRAHDGBUS_URB,S101,2047,1.0
RE1,DEMTRAHDGBUS_URB,S101,2048,1.0
RE1,DEMTRAHDGBUS_URB,S101,2049,1.0
RE1,DEMTRAHDGBUS_URB,S101,2050,1.0
RE1,DEMTRAHDGBUS_URB,S101,2051,1.0
RE1,DEMTRAHDGBUS_URB,S101,2052,1.0
RE1,DEMTRAHDGBUS_URB,S101,2053,1.0
RE1,DEMTRAHDGBUS_URB,S101,2054,1.0
RE1,DEMTRAHDGBUS_URB,S101,2055,1.0
RE1,DEMTRAHDGBUS_URB,S102,2022,1.0
RE1,DEMTRAHDGBUS_URB,S102,2023,1.0
RE1,DEMTRAHDGBUS_URB,S102,2024,1.0
RE1,DEMTRAHDGBUS_URB,S102,2025,1.0
RE1,DEMTRAHDGBUS_URB,S102,2026,1.0
RE1,DEMTRAHDGBUS_URB,S102,2027,1.0
RE1,DEMTRAHDGBUS_URB,S102,2028,1.0
RE1,DEMTRAHDGBUS_URB,S102,2029,1.0
RE1,DEMTRAHDGBUS_URB,S102,2030,1.0
RE1,DEMTRAHDGBUS_URB,S102,2031,1.0
RE1,DEMTRAHDGBUS_URB,S102,2032,1.0
RE1,DEMTRAHDGBUS_URB,S102,2033,1.0
RE1,DEMTRAHDGBUS_URB,S102,2034,1.0
RE1,DEMTRAHDGBUS_URB,S102,2035,1.0
RE1,DEMTRAHDGBUS_URB,S102,2036,1.0
RE1,DEMTRAHDGBUS_URB,S102,2037,1.0
RE1,DEMTRAHDGBUS_URB,S102,2038,1.0
RE1,DEMTRAHDGBUS_URB,S102,2039,1.0
RE1,DEMTRAHDGBUS_URB,S102,2040,1.0
RE1,DEMTRAHDGBUS_URB,S102,2041,1.0
RE1,DEMTRAHDGBUS_URB,S102,2042,1.0
RE1,DEMTRAHDGBUS_URB,S102,2043,1.0
RE1,DEMTRAHDGBUS_URB,S102,2044,1.0
RE1,DEMTRAHDGBUS_URB,S102,2045,1.0
RE1,DEMTRAHDGBUS_URB,S102,2046,1.0
RE1,DEMTRAHDGBUS_URB,S102,2047,1.0
RE1,DEMTRAHDGBUS_URB,S102,2048,1.0
RE1,DEMTRAHDGBUS_URB,S102,2049,1.0
RE1,DEMTRAHDGBUS_URB,S102,2050,1.0
RE1,DEMTRAHDGBUS_URB,S102,2051,1.0
RE1,DEMTRAHDGBUS_URB,S102,2052,1.0
RE1,DEMTRAHDGBUS_URB,S102,2053,1.0
RE1,DEMTRAHDGBUS_URB,S102,2054,1.0
RE1,DEMTRAHDGBUS_URB,S102,2055,1.0
RE1,DEMTRAHDGFWD,S101,2022,1.0
RE1,DEMTRAHDGFWD,S101,2023,1.0
RE1,DEMTRAHDGFWD,S101,2024,1.0
RE1,DEMTRAHDGFWD,S101,2025,1.0
RE1,DEMTRAHDGFWD,S101,2026,1.0
RE1,DEMTRAHDGFWD,S101,2027,1.0
RE1,DEMTRAHDGFWD,S101,2028,1.0
RE1,DEMTRAHDGFWD,S101,2029,1.0
RE1,DEMTRAHDGFWD,S101,2030,1.0
RE1,DEMTRAHDGFWD,S101,2031,1.0
RE1,DEMTRAHDGFWD,S101,2032,1.0
RE1,DEMTRAHDGFWD,S101,2033,1.0
RE1,DEMTRAHDGFWD,S101,2034,1.0
RE1,DEMTRAHDGFWD,S101,2035,1.0
RE1,DEMTRAHDGFWD,S101,2036,1.0
RE1,DEMTRAHDGFWD,S101,2037,1.0
RE1,DEMTRAHDGFWD,S101,2038,1.0
RE1,DEMTRAHDGFWD,S101,2039,1.0
RE1,DEMTRAHDGFWD,S101,2040,1.0
RE1,DEMTRAHDGFWD,S101,2041,1.0
RE1,DEMTRAHDGFWD,S101,2042,1.0
RE1,DEMTRAHDGFWD,S101,2043,1.0
RE1,DEMTRAHDGFWD,S101,2044,1.0
RE1,DEMTRAHDGFWD,S101,2045,1.0
RE1,DEMTRAHDGFWD,S101,2046,1.0
RE1,DEMTRAHDGFWD,S101,2047,1.0
RE1,DEMTRAHDGFWD,S101,2048,1.0
RE1,DEMTRAHDGFWD,S101,2049,1.0
RE1,DEMTRAHDGFWD,S101,2050,1.0
RE1,DEMTRAHDGFWD,S101,2051,1.0
RE1,DEMTRAHDGFWD,S101,2052,1.0
RE1,DEMTRAHDGFWD,S101,2053,1.0
RE1,DEMTRAHDGFWD,S101,2054,1.0
RE1,DEMTRAHDGFWD,S101,2055,1.0
RE1,DEMTRAHDGFWD,S102,2022,1.0
RE1,DEMTRAHDGFWD,S102,2023,1.0
RE1,DEMTRAHDGFWD,S102,2024,1.0
RE1,DEMTRAHDGFWD,S102,2025,1.0
RE1,DEMTRAHDGFWD,S102,2026,1.0
RE1,DEMTRAHDGFWD,S102,2027,1.0
RE1,DEMTRAHDGFWD,S102,2028,1.0
RE1,DEMTRAHDGFWD,S102,2029,1.0
RE1,DEMTRAHDGFWD,S102,2030,1.0
RE1,DEMTRAHDGFWD,S102,2031,1.0
RE1,DEMTRAHDGFWD,S102,2032,1.0
RE1,DEMTRAHDGFWD,S102,2033,1.0
RE1,DEMTRAHDGFWD,S102,2034,1.0
RE1,DEMTRAHDGFWD,S102,2035,1.0
RE1,DEMTRAHDGFWD,S102,2036,1.0
RE1,DEMTRAHDGFWD,S102,2037,1.0
RE1,DEMTRAHDGFWD,S102,2038,1.0
RE1,DEMTRAHDGFWD,S102,2039,1.0
RE1,DEMTRAHDGFWD,S102,2040,1.0
RE1,DEMTRAHDGFWD,S102,2041,1.0
RE1,DEMTRAHDGFWD,S102,2042,1.0
RE1,DEMTRAHDGFWD,S102,2043,1.0
RE1,DEMTRAHDGFWD,S102,2044,1.0
RE1,DEMTRAHDGFWD,S102,2045,1.0
RE1,DEMTRAHDGFWD,S102,2046,1.0
RE1,DEMTRAHDGFWD,S102,2047,1.0
RE1,DEMTRAHDGFWD,S102,2048,1.0
RE1,DEMTRAHDGFWD,S102,2049,1.0
RE1,DEMTRAHDGFWD,S102,2050,1.0
RE1,DEMTRAHDGFWD,S102,2051,1.0
RE1,DEMTRAHDGFWD,S102,2052,1.0
RE1,DEMTRAHDGFWD,S102,2053,1.0
RE1,DEMTRAHDGFWD,S102,2054,1.0
RE1,DEMTRAHDGFWD,S102,2055,1.0
RE1,DEMTRAHDGLDV,S101,2022,1.0
RE1,DEMTRAHDGLDV,S101,2023,1.0
RE1,DEMTRAHDGLDV,S101,2024,1.0
RE1,DEMTRAHDGLDV,S101,2025,1.0
RE1,DEMTRAHDGLDV,S101,2026,1.0
RE1,DEMTRAHDGLDV,S101,2027,1.0
RE1,DEMTRAHDGLDV,S101,2028,1.0
RE1,DEMTRAHDGLDV,S101,2029,1.0
RE1,DEMTRAHDGLDV,S101,2030,1.0
RE1,DEMTRAHDGLDV,S101,2031,1.0
RE1,DEMTRAHDGLDV,S101,2032,1.0
RE1,DEMTRAHDGLDV,S101,2033,1.0
RE1,DEMTRAHDGLDV,S101,2034,1.0
RE1,DEMTRAHDGLDV,S101,2035,1.0
RE1,DEMTRAHDGLDV,S101,2036,1.0
RE1,DEMTRAHDGLDV,S101,2037,1.0
RE1,DEMTRAHDGLDV,S101,2038,1.0
RE1,DEMTRAHDGLDV,S101,2039,1.0
RE1,DEMTRAHDGLDV,S101,2040,1.0
RE1,DEMTRAHDGLDV,S101,2041,1.0
RE1,DEMTRAHDGLDV,S101,2042,1.0
RE1,DEMTRAHDGLDV,S101,2043,1.0
RE1,DEMTRAHDGLDV,S101,2044,1.0
RE1,DEMTRAHDGLDV,S101,2045,1.0
RE1,DEMTRAHDGLDV,S101,2046,1.0
RE1,DEMTRAHDGLDV,S101,2047,1.0
RE1,DEMTRAHDGLDV,S101,2048,1.0
RE1,DEMTRAHDGLDV,S101,2049,1.0
RE1,DEMTRAHDGLDV,S101,2050,1.0
RE1,DEMTRAHDGLDV,S101,2051,1.0
RE1,DEMTRAHDGLDV,S101,2052,1.0
RE1,DEMTRAHDGLDV,S101,2053,1.0
RE1,DEMTRAHDGLDV,S101,2054,1.0
RE1,DEMTRAHDGLDV,S101,2055,1.0
RE1,DEMTRAHDGLDV,S102,2022,1.0
RE1,DEMTRAHDGLDV,S102,2023,1.0
RE1,DEMTRAHDGLDV,S102,2024,1.0
RE1,DEMTRAHDGLDV,S102,2025,1.0
RE1,DEMTRAHDGLDV,S102,2026,1.0
RE1,DEMTRAHDGLDV,S102,2027,1.0
RE1,DEMTRAHDGLDV,S102,2028,1.0
RE1,DEMTRAHDGLDV,S102,2029,1.0
RE1,DEMTRAHDGLDV,S102,2030,1.0
RE1,DEMTRAHDGLDV,S102,2031,1.0
RE1,DEMTRAHDGLDV,S102,2032,1.0
RE1,DEMTRAHDGLDV,S102,2033,1.0
RE1,DEMTRAHDGLDV,S102,2034,1.0
RE1,DEMTRAHDGLDV,S102,2035,1.0
RE1,DEMTRAHDGLDV,S102,2036,1.0
RE1,DEMTRAHDGLDV,S102,2037,1.0
RE1,DEMTRAHDGLDV,S102,2038,1.0
RE1,DEMTRAHDGLDV,S102,2039,1.0
RE1,DEMTRAHDGLDV,S102,2040,1.0
RE1,DEMTRAHDGLDV,S102,2041,1.0
RE1,DEMTRAHDGLDV,S102,2042,1.0
RE1,DEMTRAHDGLDV,S102,2043,1.0
RE1,DEMTRAHDGLDV,S102,2044,1.0
RE1,DEMTRAHDGLDV,S102,2045,1.0
RE1,DEMTRAHDGLDV,S102,2046,1.0
RE1,DEMTRAHDGLDV,S102,2047,1.0
RE1,DEMTRAHDGLDV,S102,2048,1.0
RE1,DEMTRAHDGLDV,S102,2049,1.0
RE1,DEMTRAHDGLDV,S102,2050,1.0
RE1,DEMTRAHDGLDV,S102,2051,1.0
RE1,DEMTRAHDGLDV,S102,2052,1.0
RE1,DEMTRAHDGLDV,S102,2053,1.0
RE1,DEMTRAHDGLDV,S102,2054,1.0
RE1,DEMTRAHDGLDV,S102,2055,1.0
RE1,DEMTRAHDGMIC,S101,2022,1.0
RE1,DEMTRAHDGMIC,S101,2023,1.0
RE1,DEMTRAHDGMIC,S101,2024,1.0
RE1,DEMTRAHDGMIC,S101,2025,1.0
RE1,DEMTRAHDGMIC,S101,2026,1.0
RE1,DEMTRAHDGMIC,S101,2027,1.0
RE1,DEMTRAHDGMIC,S101,2028,1.0
RE1,DEMTRAHDGMIC,S101,2029,1.0
RE1,DEMTRAHDGMIC,S101,2030,1.0
RE1,DEMTRAHDGMIC,S101,2031,1.0
RE1,DEMTRAHDGMIC,S101,2032,1.0
RE1,DEMTRAHDGMIC,S101,2033,1.0
RE1,DEMTRAHDGMIC,S101,2034,1.0
RE1,DEMTRAHDGMIC,S101,2035,1.0
RE1,DEMTRAHDGMIC,S101,2036,1.0
RE1,DEMTRAHDGMIC,S101,2037,1.0
RE1,DEMTRAHDGMIC,S101,2038,1.0
RE1,DEMTRAHDGMIC,S101,2039,1.0
RE1,DEMTRAHDGMIC,S101,2040,1.0
RE1,DEMTRAHDGMIC,S101,2041,1.0
RE1,DEMTRAHDGMIC,S101,2042,1.0
RE1,DEMTRAHDGMIC,S101,2043,1.0
RE1,DEMTRAHDGMIC,S101,2044,1.0
RE1,DEMTRAHDGMIC,S101,2045,1.0
RE1,DEMTRAHDGMIC,S101,2046,1.0
RE1,DEMTRAHDGMIC,S101,2047,1.0
RE1,DEMTRAHDGMIC,S101,2048,1.0
RE1,DEMTRAHDGMIC,S101,2049,1.0
RE1,DEMTRAHDGMIC,S101,2050,1.0
RE1,DEMTRAHDGMIC,S101,2051,1.0
RE1,DEMTRAHDGMIC,S101,2052,1.0
RE1,DEMTRAHDGMIC,S101,2053,1.0
RE1,DEMTRAHDGMIC,S101,2054,1.0
RE1,DEMTRAHDGMIC,S101,2055,1.0
RE1,DEMTRAHDGMIC,S102,2022,1.0
RE1,DEMTRAHDGMIC,S102,2023,1.0
RE1,DEMTRAHDGMIC,S102,2024,1.0
RE1,DEMTRAHDGMIC,S102,2025,1.0
RE1,DEMTRAHDGMIC,S102,2026,1.0
RE1,DEMTRAHDGMIC,S102,2027,1.0
RE1,DEMTRAHDGMIC,S102,2028,1.0
RE1,DEMTRAHDGMIC,S102,2029,1.0
RE1,DEMTRAHDGMIC,S102,2030,1.0
RE1,DEMTRAHDGMIC,S102,2031,1.0
RE1,DEMTRAHDGMIC,S102,2032,1.0
RE1,DEMTRAHDGMIC,S102,2033,1.0
RE1,DEMTRAHDGMIC,S102,2034,1.0
RE1,DEMTRAHDGMIC,S102,2035,1.0
RE1,DEMTRAHDGMIC,S102,2036,1.0
RE1,DEMTRAHDGMIC,S102,2037,1.0
RE1,DEMTRAHDGMIC,S102,2038,1.0
RE1,DEMTRAHDGMIC,S102,2039,1.0
RE1,DEMTRAHDGMIC,S102,2040,1.0
RE1,DEMTRAHDGMIC,S102,2041,1.0
RE1,DEMTRAHDGMIC,S102,2042,1.0
RE1,DEMTRAHDGMIC,S102,2043,1.0
RE1,DEMTRAHDGMIC,S102,2044,1.0
RE1,DEMTRAHDGMIC,S102,2045,1.0
RE1,DEMTRAHDGMIC,S102,2046,1.0
RE1,DEMTRAHDGMIC,S102,2047,1.0
RE1,DEMTRAHDGMIC,S102,2048,1.0
RE1,DEMTRAHDGMIC,S102,2049,1.0
RE1,DEMTRAHDGMIC,S102,2050,1.0
RE1,DEMTRAHDGMIC,S102,2051,1.0
RE1,DEMTRAHDGMIC,S102,2052,1.0
RE1,DEMTRAHDGMIC,S102,2053,1.0
RE1,DEMTRAHDGMIC,S102,2054,1.0
RE1,DEMTRAHDGMIC,S102,2055,1.0
RE1,DEMTRAHDGSTT,S101,2022,1.0
RE1,DEMTRAHDGSTT,S101,2023,1.0
RE1,DEMTRAHDGSTT,S101,2024,1.0
RE1,DEMTRAHDGSTT,S101,2025,1.0
RE1,DEMTRAHDGSTT,S101,2026,1.0
RE1,DEMTRAHDGSTT,S101,2027,1.0
RE1,DEMTRAHDGSTT,S101,2028,1.0
RE1,DEMTRAHDGSTT,S101,2029,1.0
RE1,DEMTRAHDGSTT,S101,2030,1.0
RE1,DEMTRAHDGSTT,S101,2031,1.0
RE1,DEMTRAHDGSTT,S101,2032,1.0
RE1,DEMTRAHDGSTT,S101,2033,1.0
RE1,DEMTRAHDGSTT,S101,2034,1.0
RE1,DEMTRAHDGSTT,S101,2035,1.0
RE1,DEMTRAHDGSTT,S101,2036,1.0
RE1,DEMTRAHDGSTT,S101,2037,1.0
RE1,DEMTRAHDGSTT,S101,2038,1.0
RE1,DEMTRAHDGSTT,S101,2039,1.0
RE1,DEMTRAHDGSTT,S101,2040,1.0
RE1,DEMTRAHDGSTT,S101,2041,1.0
RE1,DEMTRAHDGSTT,S101,2042,1.0
RE1,DEMTRAHDGSTT,S101,2043,1.0
RE1,DEMTRAHDGSTT,S101,2044,1.0
RE1,DEMTRAHDGSTT,S101,2045,1.0
RE1,DEMTRAHDGSTT,S101,2046,1.0
RE1,DEMTRAHDGSTT,S101,2047,1.0
RE1,DEMTRAHDGSTT,S101,2048,1.0
RE1,DEMTRAHDGSTT,S101,2049,1.0
RE1,DEMTRAHDGSTT,S101,2050,1.0
RE1,DEMTRAHDGSTT,S101,2051,1.0
RE1,DEMTRAHDGSTT,S101,2052,1.0
RE1,DEMTRAHDGSTT,S101,2053,1.0
RE1,DEMTRAHDGSTT,S101,2054,1.0
RE1,DEMTRAHDGSTT,S101,2055,1.0
RE1,DEMTRAHDGSTT,S102,2022,1.0
RE1,DEMTRAHDGSTT,S102,2023,1.0
RE1,DEMTRAHDGSTT,S102,2024,1.0
RE1,DEMTRAHDGSTT,S102,2025,1.0
RE1,DEMTRAHDGSTT,S102,2026,1.0
RE1,DEMTRAHDGSTT,S102,2027,1.0
RE1,DEMTRAHDGSTT,S102,2028,1.0
RE1,DEMTRAHDGSTT,S102,2029,1.0
RE1,DEMTRAHDGSTT,S102,2030,1.0
RE1,DEMTRAHDGSTT,S102,2031,1.0
RE1,DEMTRAHDGSTT,S102,2032,1.0
RE1,DEMTRAHDGSTT,S102,2033,1.0
RE1,DEMTRAHDGSTT,S102,2034,1.0
RE1,DEMTRAHDGSTT,S102,2035,1.0
RE1,DEMTRAHDGSTT,S102,2036,1.0
RE1,DEMTRAHDGSTT,S102,2037,1.0
RE1,DEMTRAHDGSTT,S102,2038,1.0
RE1,DEMTRAHDGSTT,S102,2039,1.0
RE1,DEMTRAHDGSTT,S102,2040,1.0
RE1,DEMTRAHDGSTT,S102,2041,1.0
RE1,DEMTRAHDGSTT,S102,2042,1.0
RE1,DEMTRAHDGSTT,S102,2043,1.0
RE1,DEMTRAHDGSTT,S102,2044,1.0
RE1,DEMTRAHDGSTT,S102,2045,1.0
RE1,DEMTRAHDGSTT,S102,2046,1.0
RE1,DEMTRAHDGSTT,S102,2047,1.0
RE1,DEMTRAHDGSTT,S102,2048,1.0
RE1,DEMTRAHDGSTT,S102,2049,1.0
RE1,DEMTRAHDGSTT,S102,2050,1.0
RE1,DEMTRAHDGSTT,S102,2051,1.0
RE1,DEMTRAHDGSTT,S102,2052,1.0
RE1,DEMTRAHDGSTT,S102,2053,1.0
RE1,DEMTRAHDGSTT,S102,2054,1.0
RE1,DEMTRAHDGSTT,S102,2055,1.0
RE1,DEMTRAHDGTAX,S101,2022,1.0
RE1,DEMTRAHDGTAX,S101,2023,1.0
RE1,DEMTRAHDGTAX,S101,2024,1.0
RE1,DEMTRAHDGTAX,S101,2025,1.0
RE1,DEMTRAHDGTAX,S101,2026,1.0
RE1,DEMTRAHDGTAX,S101,2027,1.0
RE1,DEMTRAHDGTAX,S101,2028,1.0
RE1,DEMTRAHDGTAX,S101,2029,1.0
RE1,DEMTRAHDGTAX,S101,2030,1.0
RE1,DEMTRAHDGTAX,S101,2031,1.0
RE1,DEMTRAHDGTAX,S101,2032,1.0
RE1,DEMTRAHDGTAX,S101,2033,1.0
RE1,DEMTRAHDGTAX,S101,2034,1.0
RE1,DEMTRAHDGTAX,S101,2035,1.0
RE1,DEMTRAHDGTAX,S101,2036,1.0
RE1,DEMTRAHDGTAX,S101,2037,1.0
RE1,DEMTRAHDGTAX,S101,2038,1.0
RE1,DEMTRAHDGTAX,S101,2039,1.0
RE1,DEMTRAHDGTAX,S101,2040,1.0
RE1,DEMTRAHDGTAX,S101,2041,1.0
RE1,DEMTRAHDGTAX,S101,2042,1.0
RE1,DEMTRAHDGTAX,S101,2043,1.0
RE1,DEMTRAHDGTAX,S101,2044,1.0
RE1,DEMTRAHDGTAX,S101,2045,1.0
RE1,DEMTRAHDGTAX,S101,2046,1.0
RE1,DEMTRAHDGTAX,S101,2047,1.0
RE1,DEMTRAHDGTAX,S101,2048,1.0
RE1,DEMTRAHDGTAX,S101,2049,1.0
RE1,DEMTRAHDGTAX,S101,2050,1.0
RE1,DEMTRAHDGTAX,S101,2051,1.0
RE1,DEMTRAHDGTAX,S101,2052,1.0
RE1,DEMTRAHDGTAX,S101,2053,1.0
RE1,DEMTRAHDGTAX,S101,2054,1.0
RE1,DEMTRAHDGTAX,S101,2055,1.0
RE1,DEMTRAHDGTAX,S102,2022,1.0
RE1,DEMTRAHDGTAX,S102,2023,1.0
RE1,DEMTRAHDGTAX,S102,2024,1.0
RE1,DEMTRAHDGTAX,S102,2025,1.0
RE1,DEMTRAHDGTAX,S102,2026,1.0
RE1,DEMTRAHDGTAX,S102,2027,1.0
RE1,DEMTRAHDGTAX,S102,2028,1.0
RE1,DEMTRAHDGTAX,S102,2029,1.0
RE1,DEMTRAHDGTAX,S102,2030,1.0
RE1,DEMTRAHDGTAX,S102,2031,1.0
RE1,DEMTRAHDGTAX,S102,2032,1.0
RE1,DEMTRAHDGTAX,S102,2033,1.0
RE1,DEMTRAHDGTAX,S102,2034,1.0
RE1,DEMTRAHDGTAX,S102,2035,1.0
RE1,DEMTRAHDGTAX,S102,2036,1.0
RE1,DEMTRAHDGTAX,S102,2037,1.0
RE1,DEMTRAHDGTAX,S102,2038,1.0
RE1,DEMTRAHDGTAX,S102,2039,1.0
RE1,DEMTRAHDGTAX,S102,2040,1.0
RE1,DEMTRAHDGTAX,S102,2041,1.0
RE1,DEMTRAHDGTAX,S102,2042,1.0
RE1,DEMTRAHDGTAX,S102,2043,1.0
RE1,DEMTRAHDGTAX,S102,2044,1.0
RE1,DEMTRAHDGTAX,S102,2045,1.0
RE1,DEMTRAHDGTAX,S102,2046,1.0
RE1,DEMTRAHDGTAX,S102,2047,1.0
RE1,DEMTRAHDGTAX,S102,2048,1.0
RE1,DEMTRAHDGTAX,S102,2049,1.0
RE1,DEMTRAHDGTAX,S102,2050,1.0
RE1,DEMTRAHDGTAX,S102,2051,1.0
RE1,DEMTRAHDGTAX,S102,2052,1.0
RE1,DEMTRAHDGTAX,S102,2053,1.0
RE1,DEMTRAHDGTAX,S102,2054,1.0
RE1,DEMTRAHDGTAX,S102,2055,1.0
RE1,DEMTRAHDGTCK_CSG,S101,2022,1.0
RE1,DEMTRAHDGTCK_CSG,S101,2023,1.0
RE1,DEMTRAHDGTCK_CSG,S101,2024,1.0
RE1,DEMTRAHDGTCK_CSG,S101,2025,1.0
RE1,DEMTRAHDGTCK_CSG,S101,2026,1.0
RE1,DEMTRAHDGTCK_CSG,S101,2027,1.0
RE1,DEMTRAHDGTCK_CSG,S101,2028,1.0
RE1,DEMTRAHDGTCK_CSG,S101,2029,1.0
RE1,DEMTRAHDGTCK_CSG,S101,2030,1.0
RE1,DEMTRAHDGTCK_CSG,S101,2031,1.0
RE1,DEMTRAHDGTCK_CSG,S101,2032,1.0
RE1,DEMTRAHDGTCK_CSG,S101,2033,1.0
RE1,DEMTRAHDGTCK_CSG,S101,2034,1.0
RE1,DEMTRAHDGTCK_CSG,S101,2035,1.0
RE1,DEMTRAHDGTCK_CSG,S101,2036,1.0
RE1,DEMTRAHDGTCK_CSG,S101,2037,1.0
RE1,DEMTRAHDGTCK_CSG,S101,2038,1.0
RE1,DEMTRAHDGTCK_CSG,S101,2039,1.0
RE1,DEMTRAHDGTCK_CSG,S101,2040,1.0
RE1,DEMTRAHDGTCK_CSG,S101,2041,1.0
RE1,DEMTRAHDGTCK_CSG,S101,2042,1.0
RE1,DEMTRAHDGTCK_CSG,S101,2043,1.0
RE1,DEMTRAHDGTCK_CSG,S101,2044,1.0
RE1,DEMTRAHDGTCK_CSG,S101,2045,1.0
RE1,DEMTRAHDGTCK_CSG,S101,2046,1.0
RE1,DEMTRAHDGTCK_CSG,S101,2047,1.0
RE1,DEMTRAHDGTCK_CSG,S101,2048,1.0
RE1,DEMTRAHDGTCK_CSG,S101,2049,1.0
RE1,DEMTRAHDGTCK_CSG,S101,2050,1.0
RE1,DEMTRAHDGTCK_CSG,S101,2051,1.0
RE1,DEMTRAHDGTCK_CSG,S101,2052,1.0
RE1,DEMTRAHDGTCK_CSG,S101,2053,1.0
RE1,DEMTRAHDGTCK_CSG,S101,2054,1.0
RE1,DEMTRAHDGTCK_CSG,S101,2055,1.0
RE1,DEMTRAHDGTCK_CSG,S102,2022,1.0
RE1,DEMTRAHDGTCK_CSG,S102,2023,1.0
RE1,DEMTRAHDGTCK_CSG,S102,2024,1.0
RE1,DEMTRAHDGTCK_CSG,S102,2025,1.0
RE1,DEMTRAHDGTCK_CSG,S102,2026,1.0
RE1,DEMTRAHDGTCK_CSG,S102,2027,1.0
RE1,DEMTRAHDGTCK_CSG,S102,2028,1.0
RE1,DEMTRAHDGTCK_CSG,S102,2029,1.0
RE1,DEMTRAHDGTCK_CSG,S102,2030,1.0
RE1,DEMTRAHDGTCK_CSG,S102,2031,1.0
RE1,DEMTRAHDGTCK_CSG,S102,2032,1.0
RE1,DEMTRAHDGTCK_CSG,S102,2033,1.0
RE1,DEMTRAHDGTCK_CSG,S102,2034,1.0
RE1,DEMTRAHDGTCK_CSG,S102,2035,1.0
RE1,DEMTRAHDGTCK_CSG,S102,2036,1.0
RE1,DEMTRAHDGTCK_CSG,S102,2037,1.0
RE1,DEMTRAHDGTCK_CSG,S102,2038,1.0
RE1,DEMTRAHDGTCK_CSG,S102,2039,1.0
RE1,DEMTRAHDGTCK_CSG,S102,2040,1.0
RE1,DEMTRAHDGTCK_CSG,S102,2041,1.0
RE1,DEMTRAHDGTCK_CSG,S102,2042,1.0
RE1,DEMTRAHDGTCK_CSG,S102,2043,1.0
RE1,DEMTRAHDGTCK_CSG,S102,2044,1.0
RE1,DEMTRAHDGTCK_CSG,S102,2045,1.0
RE1,DEMTRAHDGTCK_CSG,S102,2046,1.0
RE1,DEMTRAHDGTCK_CSG,S102,2047,1.0
RE1,DEMTRAHDGTCK_CSG,S102,2048,1.0
RE1,DEMTRAHDGTCK_CSG,S102,2049,1.0
RE1,DEMTRAHDGTCK_CSG,S102,2050,1.0
RE1,DEMTRAHDGTCK_CSG,S102,2051,1.0
RE1,DEMTRAHDGTCK_CSG,S102,2052,1.0
RE1,DEMTRAHDGTCK_CSG,S102,2053,1.0
RE1,DEMTRAHDGTCK_CSG,S102,2054,1.0
RE1,DEMTRAHDGTCK_CSG,S102,2055,1.0
RE1,DEMTRAHEVFWD,S101,2022,1.0
RE1,DEMTRAHEVFWD,S101,2023,1.0
RE1,DEMTRAHEVFWD,S101,2024,1.0
RE1,DEMTRAHEVFWD,S101,2025,1.0
RE1,DEMTRAHEVFWD,S101,2026,1.0
RE1,DEMTRAHEVFWD,S101,2027,1.0
RE1,DEMTRAHEVFWD,S101,2028,1.0
RE1,DEMTRAHEVFWD,S101,2029,1.0
RE1,DEMTRAHEVFWD,S101,2030,1.0
RE1,DEMTRAHEVFWD,S101,2031,1.0
RE1,DEMTRAHEVFWD,S101,2032,1.0
RE1,DEMTRAHEVFWD,S101,2033,1.0
RE1,DEMTRAHEVFWD,S101,2034,1.0
RE1,DEMTRAHEVFWD,S101,2035,1.0
RE1,DEMTRAHEVFWD,S101,2036,1.0
RE1,DEMTRAHEVFWD,S101,2037,1.0
RE1,DEMTRAHEVFWD,S101,2038,1.0
RE1,DEMTRAHEVFWD,S101,2039,1.0
RE1,DEMTRAHEVFWD,S101,2040,1.0
RE1,DEMTRAHEVFWD,S101,2041,1.0
RE1,DEMTRAHEVFWD,S101,2042,1.0
RE1,DEMTRAHEVFWD,S101,2043,1.0
RE1,DEMTRAHEVFWD,S101,2044,1.0
RE1,DEMTRAHEVFWD,S101,2045,1.0
RE1,DEMTRAHEVFWD,S101,2046,1.0
RE1,DEMTRAHEVFWD,S101,2047,1.0
RE1,DEMTRAHEVFWD,S101,2048,1.0
RE1,DEMTRAHEVFWD,S101,2049,1.0
RE1,DEMTRAHEVFWD,S101,2050,1.0
RE1,DEMTRAHEVFWD,S101,2051,1.0
RE1,DEMTRAHEVFWD,S101,2052,1.0
RE1,DEMTRAHEVFWD,S101,2053,1.0
RE1,DEMTRAHEVFWD,S101,2054,1.0
RE1,DEMTRAHEVFWD,S101,2055,1.0
RE1,DEMTRAHEVFWD,S102,2022,1.0
RE1,DEMTRAHEVFWD,S102,2023,1.0
RE1,DEMTRAHEVFWD,S102,2024,1.0
RE1,DEMTRAHEVFWD,S102,2025,1.0
RE1,DEMTRAHEVFWD,S102,2026,1.0
RE1,DEMTRAHEVFWD,S102,2027,1.0
RE1,DEMTRAHEVFWD,S102,2028,1.0
RE1,DEMTRAHEVFWD,S102,2029,1.0
RE1,DEMTRAHEVFWD,S102,2030,1.0
RE1,DEMTRAHEVFWD,S102,2031,1.0
RE1,DEMTRAHEVFWD,S102,2032,1.0
RE1,DEMTRAHEVFWD,S102,2033,1.0
RE1,DEMTRAHEVFWD,S102,2034,1.0
RE1,DEMTRAHEVFWD,S102,2035,1.0
RE1,DEMTRAHEVFWD,S102,2036,1.0
RE1,DEMTRAHEVFWD,S102,2037,1.0
RE1,DEMTRAHEVFWD,S102,2038,1.0
RE1,DEMTRAHEVFWD,S102,2039,1.0
RE1,DEMTRAHEVFWD,S102,2040,1.0
RE1,DEMTRAHEVFWD,S102,2041,1.0
RE1,DEMTRAHEVFWD,S102,2042,1.0
RE1,DEMTRAHEVFWD,S102,2043,1.0
RE1,DEMTRAHEVFWD,S102,2044,1.0
RE1,DEMTRAHEVFWD,S102,2045,1.0
RE1,DEMTRAHEVFWD,S102,2046,1.0
RE1,DEMTRAHEVFWD,S102,2047,1.0
RE1,DEMTRAHEVFWD,S102,2048,1.0
RE1,DEMTRAHEVFWD,S102,2049,1.0
RE1,DEMTRAHEVFWD,S102,2050,1.0
RE1,DEMTRAHEVFWD,S102,2051,1.0
RE1,DEMTRAHEVFWD,S102,2052,1.0
RE1,DEMTRAHEVFWD,S102,2053,1.0
RE1,DEMTRAHEVFWD,S102,2054,1.0
RE1,DEMTRAHEVFWD,S102,2055,1.0
RE1,DEMTRAHEVLDV,S101,2022,1.0
RE1,DEMTRAHEVLDV,S101,2023,1.0
RE1,DEMTRAHEVLDV,S101,2024,1.0
RE1,DEMTRAHEVLDV,S101,2025,1.0
RE1,DEMTRAHEVLDV,S101,2026,1.0
RE1,DEMTRAHEVLDV,S101,2027,1.0
RE1,DEMTRAHEVLDV,S101,2028,1.0
RE1,DEMTRAHEVLDV,S101,2029,1.0
RE1,DEMTRAHEVLDV,S101,2030,1.0
RE1,DEMTRAHEVLDV,S101,2031,1.0
RE1,DEMTRAHEVLDV,S101,2032,1.0
RE1,DEMTRAHEVLDV,S101,2033,1.0
RE1,DEMTRAHEVLDV,S101,2034,1.0
RE1,DEMTRAHEVLDV,S101,2035,1.0
RE1,DEMTRAHEVLDV,S101,2036,1.0
RE1,DEMTRAHEVLDV,S101,2037,1.0
RE1,DEMTRAHEVLDV,S101,2038,1.0
RE1,DEMTRAHEVLDV,S101,2039,1.0
RE1,DEMTRAHEVLDV,S101,2040,1.0
RE1,DEMTRAHEVLDV,S101,2041,1.0
RE1,DEMTRAHEVLDV,S101,2042,1.0
RE1,DEMTRAHEVLDV,S101,2043,1.0
RE1,DEMTRAHEVLDV,S101,2044,1.0
RE1,DEMTRAHEVLDV,S101,2045,1.0
RE1,DEMTRAHEVLDV,S101,2046,1.0
RE1,DEMTRAHEVLDV,S101,2047,1.0
RE1,DEMTRAHEVLDV,S101,2048,1.0
RE1,DEMTRAHEVLDV,S101,2049,1.0
RE1,DEMTRAHEVLDV,S101,2050,1.0
RE1,DEMTRAHEVLDV,S101,2051,1.0
RE1,DEMTRAHEVLDV,S101,2052,1.0
RE1,DEMTRAHEVLDV,S101,2053,1.0
RE1,DEMTRAHEVLDV,S101,2054,1.0
RE1,DEMTRAHEVLDV,S101,2055,1.0
RE1,DEMTRAHEVLDV,S102,2022,1.0
RE1,DEMTRAHEVLDV,S102,2023,1.0
RE1,DEMTRAHEVLDV,S102,2024,1.0
RE1,DEMTRAHEVLDV,S102,2025,1.0
RE1,DEMTRAHEVLDV,S102,2026,1.0
RE1,DEMTRAHEVLDV,S102,2027,1.0
RE1,DEMTRAHEVLDV,S102,2028,1.0
RE1,DEMTRAHEVLDV,S102,2029,1.0
RE1,DEMTRAHEVLDV,S102,2030,1.0
RE1,DEMTRAHEVLDV,S102,2031,1.0
RE1,DEMTRAHEVLDV,S102,2032,1.0
RE1,DEMTRAHEVLDV,S102,2033,1.0
RE1,DEMTRAHEVLDV,S102,2034,1.0
RE1,DEMTRAHEVLDV,S102,2035,1.0
RE1,DEMTRAHEVLDV,S102,2036,1.0
RE1,DEMTRAHEVLDV,S102,2037,1.0
RE1,DEMTRAHEVLDV,S102,2038,1.0
RE1,DEMTRAHEVLDV,S102,2039,1.0
RE1,DEMTRAHEVLDV,S102,2040,1.0
RE1,DEMTRAHEVLDV,S102,2041,1.0
RE1,DEMTRAHEVLDV,S102,2042,1.0
RE1,DEMTRAHEVLDV,S102,2043,1.0
RE1,DEMTRAHEVLDV,S102,2044,1.0
RE1,DEMTRAHEVLDV,S102,2045,1.0
RE1,DEMTRAHEVLDV,S102,2046,1.0
RE1,DEMTRAHEVLDV,S102,2047,1.0
RE1,DEMTRAHEVLDV,S102,2048,1.0
RE1,DEMTRAHEVLDV,S102,2049,1.0
RE1,DEMTRAHEVLDV,S102,2050,1.0
RE1,DEMTRAHEVLDV,S102,2051,1.0
RE1,DEMTRAHEVLDV,S102,2052,1.0
RE1,DEMTRAHEVLDV,S102,2053,1.0
RE1,DEMTRAHEVLDV,S102,2054,1.0
RE1,DEMTRAHEVLDV,S102,2055,1.0
RE1,DEMTRAJETAVI,S101,2022,1.0
RE1,DEMTRAJETAVI,S101,2023,1.0
RE1,DEMTRAJETAVI,S101,2024,1.0
RE1,DEMTRAJETAVI,S101,2025,1.0
RE1,DEMTRAJETAVI,S101,2026,1.0
RE1,DEMTRAJETAVI,S101,2027,1.0
RE1,DEMTRAJETAVI,S101,2028,1.0
RE1,DEMTRAJETAVI,S101,2029,1.0
RE1,DEMTRAJETAVI,S101,2030,1.0
RE1,DEMTRAJETAVI,S101,2031,1.0
RE1,DEMTRAJETAVI,S101,2032,1.0
RE1,DEMTRAJETAVI,S101,2033,1.0
RE1,DEMTRAJETAVI,S101,2034,1.0
RE1,DEMTRAJETAVI,S101,2035,1.0
RE1,DEMTRAJETAVI,S101,2036,1.0
RE1,DEMTRAJETAVI,S101,2037,1.0
RE1,DEMTRAJETAVI,S101,2038,1.0
RE1,DEMTRAJETAVI,S101,2039,1.0
RE1,DEMTRAJETAVI,S101,2040,1.0
RE1,DEMTRAJETAVI,S101,2041,1.0
RE1,DEMTRAJETAVI,S101,2042,1.0
RE1,DEMTRAJETAVI,S101,2043,1.0
RE1,DEMTRAJETAVI,S101,2044,1.0
RE1,DEMTRAJETAVI,S101,2045,1.0
RE1,DEMTRAJETAVI,S101,2046,1.0
RE1,DEMTRAJETAVI,S101,2047,1.0
RE1,DEMTRAJETAVI,S101,2048,1.0
RE1,DEMTRAJETAVI,S101,2049,1.0
RE1,DEMTRAJETAVI,S101,2050,1.0
RE1,DEMTRAJETAVI,S101,2051,1.0
RE1,DEMTRAJETAVI,S101,2052,1.0
RE1,DEMTRAJETAVI,S101,2053,1.0
RE1,DEMTRAJETAVI,S101,2054,1.0
RE1,DEMTRAJETAVI,S101,2055,1.0
RE1,DEMTRAJETAVI,S102,2022,1.0
RE1,DEMTRAJETAVI,S102,2023,1.0
RE1,DEMTRAJETAVI,S102,2024,1.0
RE1,DEMTRAJETAVI,S102,2025,1.0
RE1,DEMTRAJETAVI,S102,2026,1.0
RE1,DEMTRAJETAVI,S102,2027,1.0
RE1,DEMTRAJETAVI,S102,2028,1.0
RE1,DEMTRAJETAVI,S102,2029,1.0
RE1,DEMTRAJETAVI,S102,2030,1.0
RE1,DEMTRAJETAVI,S102,2031,1.0
RE1,DEMTRAJETAVI,S102,2032,1.0
RE1,DEMTRAJETAVI,S102,2033,1.0
RE1,DEMTRAJETAVI,S102,2034,1.0
RE1,DEMTRAJETAVI,S102,2035,1.0
RE1,DEMTRAJETAVI,S102,2036,1.0
RE1,DEMTRAJETAVI,S102,2037,1.0
RE1,DEMTRAJETAVI,S102,2038,1.0
RE1,DEMTRAJETAVI,S102,2039,1.0
RE1,DEMTRAJETAVI,S102,2040,1.0
RE1,DEMTRAJETAVI,S102,2041,1.0
RE1,DEMTRAJETAVI,S102,2042,1.0
RE1,DEMTRAJETAVI,S102,2043,1.0
RE1,DEMTRAJETAVI,S102,2044,1.0
RE1,DEMTRAJETAVI,S102,2045,1.0
RE1,DEMTRAJETAVI,S102,2046,1.0
RE1,DEMTRAJETAVI,S102,2047,1.0
RE1,DEMTRAJETAVI,S102,2048,1.0
RE1,DEMTRAJETAVI,S102,2049,1.0
RE1,DEMTRAJETAVI,S102,2050,1.0
RE1,DEMTRAJETAVI,S102,2051,1.0
RE1,DEMTRAJETAVI,S102,2052,1.0
RE1,DEMTRAJETAVI,S102,2053,1.0
RE1,DEMTRAJETAVI,S102,2054,1.0
RE1,DEMTRAJETAVI,S102,2055,1.0
RE1,DEMTRAJETSAFAVI,S101,2022,1.0
RE1,DEMTRAJETSAFAVI,S101,2023,1.0
RE1,DEMTRAJETSAFAVI,S101,2024,1.0
RE1,DEMTRAJETSAFAVI,S101,2025,1.0
RE1,DEMTRAJETSAFAVI,S101,2026,1.0
RE1,DEMTRAJETSAFAVI,S101,2027,1.0
RE1,DEMTRAJETSAFAVI,S101,2028,1.0
RE1,DEMTRAJETSAFAVI,S101,2029,1.0
RE1,DEMTRAJETSAFAVI,S101,2030,1.0
RE1,DEMTRAJETSAFAVI,S101,2031,1.0
RE1,DEMTRAJETSAFAVI,S101,2032,1.0
RE1,DEMTRAJETSAFAVI,S101,2033,1.0
RE1,DEMTRAJETSAFAVI,S101,2034,1.0
RE1,DEMTRAJETSAFAVI,S101,2035,1.0
RE1,DEMTRAJETSAFAVI,S101,2036,1.0
RE1,DEMTRAJETSAFAVI,S101,2037,1.0
RE1,DEMTRAJETSAFAVI,S101,2038,1.0
RE1,DEMTRAJETSAFAVI,S101,2039,1.0
RE1,DEMTRAJETSAFAVI,S101,2040,1.0
RE1,DEMTRAJETSAFAVI,S101,2041,1.0
RE1,DEMTRAJETSAFAVI,S101,2042,1.0
RE1,DEMTRAJETSAFAVI,S101,2043,1.0
RE1,DEMTRAJETSAFAVI,S101,2044,1.0
RE1,DEMTRAJETSAFAVI,S101,2045,1.0
RE1,DEMTRAJETSAFAVI,S101,2046,1.0
RE1,DEMTRAJETSAFAVI,S101,2047,1.0
RE1,DEMTRAJETSAFAVI,S101,2048,1.0
RE1,DEMTRAJETSAFAVI,S101,2049,1.0
RE1,DEMTRAJETSAFAVI,S101,2050,1.0
RE1,DEMTRAJETSAFAVI,S101,2051,1.0
RE1,DEMTRAJETSAFAVI,S101,2052,1.0
RE1,DEMTRAJETSAFAVI,S101,2053,1.0
RE1,DEMTRAJETSAFAVI,S101,2054,1.0
RE1,DEMTRAJETSAFAVI,S101,2055,1.0
RE1,DEMTRAJETSAFAVI,S102,2022,1.0
RE1,DEMTRAJETSAFAVI,S102,2023,1.0
RE1,DEMTRAJETSAFAVI,S102,2024,1.0
RE1,DEMTRAJETSAFAVI,S102,2025,1.0
RE1,DEMTRAJETSAFAVI,S102,2026,1.0
RE1,DEMTRAJETSAFAVI,S102,2027,1.0
RE1,DEMTRAJETSAFAVI,S102,2028,1.0
RE1,DEMTRAJETSAFAVI,S102,2029,1.0
RE1,DEMTRAJETSAFAVI,S102,2030,1.0
RE1,DEMTRAJETSAFAVI,S102,2031,1.0
RE1,DEMTRAJETSAFAVI,S102,2032,1.0
RE1,DEMTRAJETSAFAVI,S102,2033,1.0
RE1,DEMTRAJETSAFAVI,S102,2034,1.0
RE1,DEMTRAJETSAFAVI,S102,2035,1.0
RE1,DEMTRAJETSAFAVI,S102,2036,1.0
RE1,DEMTRAJETSAFAVI,S102,2037,1.0
RE1,DEMTRAJETSAFAVI,S102,2038,1.0
RE1,DEMTRAJETSAFAVI,S102,2039,1.0
RE1,DEMTRAJETSAFAVI,S102,2040,1.0
RE1,DEMTRAJETSAFAVI,S102,2041,1.0
RE1,DEMTRAJETSAFAVI,S102,2042,1.0
RE1,DEMTRAJETSAFAVI,S102,2043,1.0
RE1,DEMTRAJETSAFAVI,S102,2044,1.0
RE1,DEMTRAJETSAFAVI,S102,2045,1.0
RE1,DEMTRAJETSAFAVI,S102,2046,1.0
RE1,DEMTRAJETSAFAVI,S102,2047,1.0
RE1,DEMTRAJETSAFAVI,S102,2048,1.0
RE1,DEMTRAJETSAFAVI,S102,2049,1.0
RE1,DEMTRAJETSAFAVI,S102,2050,1.0
RE1,DEMTRAJETSAFAVI,S102,2051,1.0
RE1,DEMTRAJETSAFAVI,S102,2052,1.0
RE1,DEMTRAJETSAFAVI,S102,2053,1.0
RE1,DEMTRAJETSAFAVI,S102,2054,1.0
RE1,DEMTRAJETSAFAVI,S102,2055,1.0
RE1,DEMTRANGSBUS_ART,S101,2022,1.0
RE1,DEMTRANGSBUS_ART,S101,2023,1.0
RE1,DEMTRANGSBUS_ART,S101,2024,1.0
RE1,DEMTRANGSBUS_ART,S101,2025,1.0
RE1,DEMTRANGSBUS_ART,S101,2026,1.0
RE1,DEMTRANGSBUS_ART,S101,2027,1.0
RE1,DEMTRANGSBUS_ART,S101,2028,1.0
RE1,DEMTRANGSBUS_ART,S101,2029,1.0
RE1,DEMTRANGSBUS_ART,S101,2030,1.0
RE1,DEMTRANGSBUS_ART,S101,2031,1.0
RE1,DEMTRANGSBUS_ART,S101,2032,1.0
RE1,DEMTRANGSBUS_ART,S101,2033,1.0
RE1,DEMTRANGSBUS_ART,S101,2034,1.0
RE1,DEMTRANGSBUS_ART,S101,2035,1.0
RE1,DEMTRANGSBUS_ART,S101,2036,1.0
RE1,DEMTRANGSBUS_ART,S101,2037,1.0
RE1,DEMTRANGSBUS_ART,S101,2038,1.0
RE1,DEMTRANGSBUS_ART,S101,2039,1.0
RE1,DEMTRANGSBUS_ART,S101,2040,1.0
RE1,DEMTRANGSBUS_ART,S101,2041,1.0
RE1,DEMTRANGSBUS_ART,S101,2042,1.0
RE1,DEMTRANGSBUS_ART,S101,2043,1.0
RE1,DEMTRANGSBUS_ART,S101,2044,1.0
RE1,DEMTRANGSBUS_ART,S101,2045,1.0
RE1,DEMTRANGSBUS_ART,S101,2046,1.0
RE1,DEMTRANGSBUS_ART,S101,2047,1.0
RE1,DEMTRANGSBUS_ART,S101,2048,1.0
RE1,DEMTRANGSBUS_ART,S101,2049,1.0
RE1,DEMTRANGSBUS_ART,S101,2050,1.0
RE1,DEMTRANGSBUS_ART,S101,2051,1.0
RE1,DEMTRANGSBUS_ART,S101,2052,1.0
RE1,DEMTRANGSBUS_ART,S101,2053,1.0
RE1,DEMTRANGSBUS_ART,S101,2054,1.0
RE1,DEMTRANGSBUS_ART,S101,2055,1.0
RE1,DEMTRANGSBUS_ART,S102,2022,1.0
RE1,DEMTRANGSBUS_ART,S102,2023,1.0
RE1,DEMTRANGSBUS_ART,S102,2024,1.0
RE1,DEMTRANGSBUS_ART,S102,2025,1.0
RE1,DEMTRANGSBUS_ART,S102,2026,1.0
RE1,DEMTRANGSBUS_ART,S102,2027,1.0
RE1,DEMTRANGSBUS_ART,S102,2028,1.0
RE1,DEMTRANGSBUS_ART,S102,2029,1.0
RE1,DEMTRANGSBUS_ART,S102,2030,1.0
RE1,DEMTRANGSBUS_ART,S102,2031,1.0
RE1,DEMTRANGSBUS_ART,S102,2032,1.0
RE1,DEMTRANGSBUS_ART,S102,2033,1.0
RE1,DEMTRANGSBUS_ART,S102,2034,1.0
RE1,DEMTRANGSBUS_ART,S102,2035,1.0
RE1,DEMTRANGSBUS_ART,S102,2036,1.0
RE1,DEMTRANGSBUS_ART,S102,2037,1.0
RE1,DEMTRANGSBUS_ART,S102,2038,1.0
RE1,DEMTRANGSBUS_ART,S102,2039,1.0
RE1,DEMTRANGSBUS_ART,S102,2040,1.0
RE1,DEMTRANGSBUS_ART,S102,2041,1.0
RE1,DEMTRANGSBUS_ART,S102,2042,1.0
RE1,DEMTRANGSBUS_ART,S102,2043,1.0
RE1,DEMTRANGSBUS_ART,S102,2044,1.0
RE1,DEMTRANGSBUS_ART,S102,2045,1.0
RE1,DEMTRANGSBUS_ART,S102,2046,1.0
RE1,DEMTRANGSBUS_ART,S102,2047,1.0
RE1,DEMTRANGSBUS_ART,S102,2048,1.0
RE1,DEMTRANGSBUS_ART,S102,2049,1.0
RE1,DEMTRANGSBUS_ART,S102,2050,1.0
RE1,DEMTRANGSBUS_ART,S102,2051,1.0
RE1,DEMTRANGSBUS_ART,S102,2052,1.0
RE1,DEMTRANGSBUS_ART,S102,2053,1.0
RE1,DEMTRANGSBUS_ART,S102,2054,1.0
RE1,DEMTRANGSBUS_ART,S102,2055,1.0
RE1,DEMTRANGSBUS_BIA,S101,2022,1.0
RE1,DEMTRANGSBUS_BIA,S101,2023,1.0
RE1,DEMTRANGSBUS_BIA,S101,2024,1.0
RE1,DEMTRANGSBUS_BIA,S101,2025,1.0
RE1,DEMTRANGSBUS_BIA,S101,2026,1.0
RE1,DEMTRANGSBUS_BIA,S101,2027,1.0
RE1,DEMTRANGSBUS_BIA,S101,2028,1.0
RE1,DEMTRANGSBUS_BIA,S101,2029,1.0
RE1,DEMTRANGSBUS_BIA,S101,2030,1.0
RE1,DEMTRANGSBUS_BIA,S101,2031,1.0
RE1,DEMTRANGSBUS_BIA,S101,2032,1.0
RE1,DEMTRANGSBUS_BIA,S101,2033,1.0
RE1,DEMTRANGSBUS_BIA,S101,2034,1.0
RE1,DEMTRANGSBUS_BIA,S101,2035,1.0
RE1,DEMTRANGSBUS_BIA,S101,2036,1.0
RE1,DEMTRANGSBUS_BIA,S101,2037,1.0
RE1,DEMTRANGSBUS_BIA,S101,2038,1.0
RE1,DEMTRANGSBUS_BIA,S101,2039,1.0
RE1,DEMTRANGSBUS_BIA,S101,2040,1.0
RE1,DEMTRANGSBUS_BIA,S101,2041,1.0
RE1,DEMTRANGSBUS_BIA,S101,2042,1.0
RE1,DEMTRANGSBUS_BIA,S101,2043,1.0
RE1,DEMTRANGSBUS_BIA,S101,2044,1.0
RE1,DEMTRANGSBUS_BIA,S101,2045,1.0
RE1,DEMTRANGSBUS_BIA,S101,2046,1.0
RE1,DEMTRANGSBUS_BIA,S101,2047,1.0
RE1,DEMTRANGSBUS_BIA,S101,2048,1.0
RE1,DEMTRANGSBUS_BIA,S101,2049,1.0
RE1,DEMTRANGSBUS_BIA,S101,2050,1.0
RE1,DEMTRANGSBUS_BIA,S101,2051,1.0
RE1,DEMTRANGSBUS_BIA,S101,2052,1.0
RE1,DEMTRANGSBUS_BIA,S101,2053,1.0
RE1,DEMTRANGSBUS_BIA,S101,2054,1.0
RE1,DEMTRANGSBUS_BIA,S101,2055,1.0
RE1,DEMTRANGSBUS_BIA,S102,2022,1.0
RE1,DEMTRANGSBUS_BIA,S102,2023,1.0
RE1,DEMTRANGSBUS_BIA,S102,2024,1.0
RE1,DEMTRANGSBUS_BIA,S102,2025,1.0
RE1,DEMTRANGSBUS_BIA,S102,2026,1.0
RE1,DEMTRANGSBUS_BIA,S102,2027,1.0
RE1,DEMTRANGSBUS_BIA,S102,2028,1.0
RE1,DEMTRANGSBUS_BIA,S102,2029,1.0
RE1,DEMTRANGSBUS_BIA,S102,2030,1.0
RE1,DEMTRANGSBUS_BIA,S102,2031,1.0
RE1,DEMTRANGSBUS_BIA,S102,2032,1.0
RE1,DEMTRANGSBUS_BIA,S102,2033,1.0
RE1,DEMTRANGSBUS_BIA,S102,2034,1.0
RE1,DEMTRANGSBUS_BIA,S102,2035,1.0
RE1,DEMTRANGSBUS_BIA,S102,2036,1.0
RE1,DEMTRANGSBUS_BIA,S102,2037,1.0
RE1,DEMTRANGSBUS_BIA,S102,2038,1.0
RE1,DEMTRANGSBUS_BIA,S102,2039,1.0
RE1,DEMTRANGSBUS_BIA,S102,2040,1.0
RE1,DEMTRANGSBUS_BIA,S102,2041,1.0
RE1,DEMTRANGSBUS_BIA,S102,2042,1.0
RE1,DEMTRANGSBUS_BIA,S102,2043,1.0
RE1,DEMTRANGSBUS_BIA,S102,2044,1.0
RE1,DEMTRANGSBUS_BIA,S102,2045,1.0
RE1,DEMTRANGSBUS_BIA,S102,2046,1.0
RE1,DEMTRANGSBUS_BIA,S102,2047,1.0
RE1,DEMTRANGSBUS_BIA,S102,2048,1.0
RE1,DEMTRANGSBUS_BIA,S102,2049,1.0
RE1,DEMTRANGSBUS_BIA,S102,2050,1.0
RE1,DEMTRANGSBUS_BIA,S102,2051,1.0
RE1,DEMTRANGSBUS_BIA,S102,2052,1.0
RE1,DEMTRANGSBUS_BIA,S102,2053,1.0
RE1,DEMTRANGSBUS_BIA,S102,2054,1.0
RE1,DEMTRANGSBUS_BIA,S102,2055,1.0
RE1,DEMTRANGSBUS_IMU,S101,2022,1.0
RE1,DEMTRANGSBUS_IMU,S101,2023,1.0
RE1,DEMTRANGSBUS_IMU,S101,2024,1.0
RE1,DEMTRANGSBUS_IMU,S101,2025,1.0
RE1,DEMTRANGSBUS_IMU,S101,2026,1.0
RE1,DEMTRANGSBUS_IMU,S101,2027,1.0
RE1,DEMTRANGSBUS_IMU,S101,2028,1.0
RE1,DEMTRANGSBUS_IMU,S101,2029,1.0
RE1,DEMTRANGSBUS_IMU,S101,2030,1.0
RE1,DEMTRANGSBUS_IMU,S101,2031,1.0
RE1,DEMTRANGSBUS_IMU,S101,2032,1.0
RE1,DEMTRANGSBUS_IMU,S101,2033,1.0
RE1,DEMTRANGSBUS_IMU,S101,2034,1.0
RE1,DEMTRANGSBUS_IMU,S101,2035,1.0
RE1,DEMTRANGSBUS_IMU,S101,2036,1.0
RE1,DEMTRANGSBUS_IMU,S101,2037,1.0
RE1,DEMTRANGSBUS_IMU,S101,2038,1.0
RE1,DEMTRANGSBUS_IMU,S101,2039,1.0
RE1,DEMTRANGSBUS_IMU,S101,2040,1.0
RE1,DEMTRANGSBUS_IMU,S101,2041,1.0
RE1,DEMTRANGSBUS_IMU,S101,2042,1.0
RE1,DEMTRANGSBUS_IMU,S101,2043,1.0
RE1,DEMTRANGSBUS_IMU,S101,2044,1.0
RE1,DEMTRANGSBUS_IMU,S101,2045,1.0
RE1,DEMTRANGSBUS_IMU,S101,2046,1.0
RE1,DEMTRANGSBUS_IMU,S101,2047,1.0
RE1,DEMTRANGSBUS_IMU,S101,2048,1.0
RE1,DEMTRANGSBUS_IMU,S101,2049,1.0
RE1,DEMTRANGSBUS_IMU,S101,2050,1.0
RE1,DEMTRANGSBUS_IMU,S101,2051,1.0
RE1,DEMTRANGSBUS_IMU,S101,2052,1.0
RE1,DEMTRANGSBUS_IMU,S101,2053,1.0
RE1,DEMTRANGSBUS_IMU,S101,2054,1.0
RE1,DEMTRANGSBUS_IMU,S101,2055,1.0
RE1,DEMTRANGSBUS_IMU,S102,2022,1.0
RE1,DEMTRANGSBUS_IMU,S102,2023,1.0
RE1,DEMTRANGSBUS_IMU,S102,2024,1.0
RE1,DEMTRANGSBUS_IMU,S102,2025,1.0
RE1,DEMTRANGSBUS_IMU,S102,2026,1.0
RE1,DEMTRANGSBUS_IMU,S102,2027,1.0
RE1,DEMTRANGSBUS_IMU,S102,2028,1.0
RE1,DEMTRANGSBUS_IMU,S102,2029,1.0
RE1,DEMTRANGSBUS_IMU,S102,2030,1.0
RE1,DEMTRANGSBUS_IMU,S102,2031,1.0
RE1,DEMTRANGSBUS_IMU,S102,2032,1.0
RE1,DEMTRANGSBUS_IMU,S102,2033,1.0
RE1,DEMTRANGSBUS_IMU,S102,2034,1.0
RE1,DEMTRANGSBUS_IMU,S102,2035,1.0
RE1,DEMTRANGSBUS_IMU,S102,2036,1.0
RE1,DEMTRANGSBUS_IMU,S102,2037,1.0
RE1,DEMTRANGSBUS_IMU,S102,2038,1.0
RE1,DEMTRANGSBUS_IMU,S102,2039,1.0
RE1,DEMTRANGSBUS_IMU,S102,2040,1.0
RE1,DEMTRANGSBUS_IMU,S102,2041,1.0
RE1,DEMTRANGSBUS_IMU,S102,2042,1.0
RE1,DEMTRANGSBUS_IMU,S102,2043,1.0
RE1,DEMTRANGSBUS_IMU,S102,2044,1.0
RE1,DEMTRANGSBUS_IMU,S102,2045,1.0
RE1,DEMTRANGSBUS_IMU,S102,2046,1.0
RE1,DEMTRANGSBUS_IMU,S102,2047,1.0
RE1,DEMTRANGSBUS_IMU,S102,2048,1.0
RE1,DEMTRANGSBUS_IMU,S102,2049,1.0
RE1,DEMTRANGSBUS_IMU,S102,2050,1.0
RE1,DEMTRANGSBUS_IMU,S102,2051,1.0
RE1,DEMTRANGSBUS_IMU,S102,2052,1.0
RE1,DEMTRANGSBUS_IMU,S102,2053,1.0
RE1,DEMTRANGSBUS_IMU,S102,2054,1.0
RE1,DEMTRANGSBUS_IMU,S102,2055,1.0
RE1,DEMTRANGSBUS_URB,S101,2022,1.0
RE1,DEMTRANGSBUS_URB,S101,2023,1.0
RE1,DEMTRANGSBUS_URB,S101,2024,1.0
RE1,DEMTRANGSBUS_URB,S101,2025,1.0
RE1,DEMTRANGSBUS_URB,S101,2026,1.0
RE1,DEMTRANGSBUS_URB,S101,2027,1.0
RE1,DEMTRANGSBUS_URB,S101,2028,1.0
RE1,DEMTRANGSBUS_URB,S101,2029,1.0
RE1,DEMTRANGSBUS_URB,S101,2030,1.0
RE1,DEMTRANGSBUS_URB,S101,2031,1.0
RE1,DEMTRANGSBUS_URB,S101,2032,1.0
RE1,DEMTRANGSBUS_URB,S101,2033,1.0
RE1,DEMTRANGSBUS_URB,S101,2034,1.0
RE1,DEMTRANGSBUS_URB,S101,2035,1.0
RE1,DEMTRANGSBUS_URB,S101,2036,1.0
RE1,DEMTRANGSBUS_URB,S101,2037,1.0
RE1,DEMTRANGSBUS_URB,S101,2038,1.0
RE1,DEMTRANGSBUS_URB,S101,2039,1.0
RE1,DEMTRANGSBUS_URB,S101,2040,1.0
RE1,DEMTRANGSBUS_URB,S101,2041,1.0
RE1,DEMTRANGSBUS_URB,S101,2042,1.0
RE1,DEMTRANGSBUS_URB,S101,2043,1.0
RE1,DEMTRANGSBUS_URB,S101,2044,1.0
RE1,DEMTRANGSBUS_URB,S101,2045,1.0
RE1,DEMTRANGSBUS_URB,S101,2046,1.0
RE1,DEMTRANGSBUS_URB,S101,2047,1.0
RE1,DEMTRANGSBUS_URB,S101,2048,1.0
RE1,DEMTRANGSBUS_URB,S101,2049,1.0
RE1,DEMTRANGSBUS_URB,S101,2050,1.0
RE1,DEMTRANGSBUS_URB,S101,2051,1.0
RE1,DEMTRANGSBUS_URB,S101,2052,1.0
RE1,DEMTRANGSBUS_URB,S101,2053,1.0
RE1,DEMTRANGSBUS_URB,S101,2054,1.0
RE1,DEMTRANGSBUS_URB,S101,2055,1.0
RE1,DEMTRANGSBUS_URB,S102,2022,1.0
RE1,DEMTRANGSBUS_URB,S102,2023,1.0
RE1,DEMTRANGSBUS_URB,S102,2024,1.0
RE1,DEMTRANGSBUS_URB,S102,2025,1.0
RE1,DEMTRANGSBUS_URB,S102,2026,1.0
RE1,DEMTRANGSBUS_URB,S102,2027,1.0
RE1,DEMTRANGSBUS_URB,S102,2028,1.0
RE1,DEMTRANGSBUS_URB,S102,2029,1.0
RE1,DEMTRANGSBUS_URB,S102,2030,1.0
RE1,DEMTRANGSBUS_URB,S102,2031,1.0
RE1,DEMTRANGSBUS_URB,S102,2032,1.0
RE1,DEMTRANGSBUS_URB,S102,2033,1.0
RE1,DEMTRANGSBUS_URB,S102,2034,1.0
RE1,DEMTRANGSBUS_URB,S102,2035,1.0
RE1,DEMTRANGSBUS_URB,S102,2036,1.0
RE1,DEMTRANGSBUS_URB,S102,2037,1.0
RE1,DEMTRANGSBUS_URB,S102,2038,1.0
RE1,DEMTRANGSBUS_URB,S102,2039,1.0
RE1,DEMTRANGSBUS_URB,S102,2040,1.0
RE1,DEMTRANGSBUS_URB,S102,2041,1.0
RE1,DEMTRANGSBUS_URB,S102,2042,1.0
RE1,DEMTRANGSBUS_URB,S102,2043,1.0
RE1,DEMTRANGSBUS_URB,S102,2044,1.0
RE1,DEMTRANGSBUS_URB,S102,2045,1.0
RE1,DEMTRANGSBUS_URB,S102,2046,1.0
RE1,DEMTRANGSBUS_URB,S102,2047,1.0
RE1,DEMTRANGSBUS_URB,S102,2048,1.0
RE1,DEMTRANGSBUS_URB,S102,2049,1.0
RE1,DEMTRANGSBUS_URB,S102,2050,1.0
RE1,DEMTRANGSBUS_URB,S102,2051,1.0
RE1,DEMTRANGSBUS_URB,S102,2052,1.0
RE1,DEMTRANGSBUS_URB,S102,2053,1.0
RE1,DEMTRANGSBUS_URB,S102,2054,1.0
RE1,DEMTRANGSBUS_URB,S102,2055,1.0
RE1,DEMTRANGSFWD,S101,2022,1.0
RE1,DEMTRANGSFWD,S101,2023,1.0
RE1,DEMTRANGSFWD,S101,2024,1.0
RE1,DEMTRANGSFWD,S101,2025,1.0
RE1,DEMTRANGSFWD,S101,2026,1.0
RE1,DEMTRANGSFWD,S101,2027,1.0
RE1,DEMTRANGSFWD,S101,2028,1.0
RE1,DEMTRANGSFWD,S101,2029,1.0
RE1,DEMTRANGSFWD,S101,2030,1.0
RE1,DEMTRANGSFWD,S101,2031,1.0
RE1,DEMTRANGSFWD,S101,2032,1.0
RE1,DEMTRANGSFWD,S101,2033,1.0
RE1,DEMTRANGSFWD,S101,2034,1.0
RE1,DEMTRANGSFWD,S101,2035,1.0
RE1,DEMTRANGSFWD,S101,2036,1.0
RE1,DEMTRANGSFWD,S101,2037,1.0
RE1,DEMTRANGSFWD,S101,2038,1.0
RE1,DEMTRANGSFWD,S101,2039,1.0
RE1,DEMTRANGSFWD,S101,2040,1.0
RE1,DEMTRANGSFWD,S101,2041,1.0
RE1,DEMTRANGSFWD,S101,2042,1.0
RE1,DEMTRANGSFWD,S101,2043,1.0
RE1,DEMTRANGSFWD,S101,2044,1.0
RE1,DEMTRANGSFWD,S101,2045,1.0
RE1,DEMTRANGSFWD,S101,2046,1.0
RE1,DEMTRANGSFWD,S101,2047,1.0
RE1,DEMTRANGSFWD,S101,2048,1.0
RE1,DEMTRANGSFWD,S101,2049,1.0
RE1,DEMTRANGSFWD,S101,2050,1.0
RE1,DEMTRANGSFWD,S101,2051,1.0
RE1,DEMTRANGSFWD,S101,2052,1.0
RE1,DEMTRANGSFWD,S101,2053,1.0
RE1,DEMTRANGSFWD,S101,2054,1.0
RE1,DEMTRANGSFWD,S101,2055,1.0
RE1,DEMTRANGSFWD,S102,2022,1.0
RE1,DEMTRANGSFWD,S102,2023,1.0
RE1,DEMTRANGSFWD,S102,2024,1.0
RE1,DEMTRANGSFWD,S102,2025,1.0
RE1,DEMTRANGSFWD,S102,2026,1.0
RE1,DEMTRANGSFWD,S102,2027,1.0
RE1,DEMTRANGSFWD,S102,2028,1.0
RE1,DEMTRANGSFWD,S102,2029,1.0
RE1,DEMTRANGSFWD,S102,2030,1.0
RE1,DEMTRANGSFWD,S102,2031,1.0
RE1,DEMTRANGSFWD,S102,2032,1.0
RE1,DEMTRANGSFWD,S102,2033,1.0
RE1,DEMTRANGSFWD,S102,2034,1.0
RE1,DEMTRANGSFWD,S102,2035,1.0
RE1,DEMTRANGSFWD,S102,2036,1.0
RE1,DEMTRANGSFWD,S102,2037,1.0
RE1,DEMTRANGSFWD,S102,2038,1.0
RE1,DEMTRANGSFWD,S102,2039,1.0
RE1,DEMTRANGSFWD,S102,2040,1.0
RE1,DEMTRANGSFWD,S102,2041,1.0
RE1,DEMTRANGSFWD,S102,2042,1.0
RE1,DEMTRANGSFWD,S102,2043,1.0
RE1,DEMTRANGSFWD,S102,2044,1.0
RE1,DEMTRANGSFWD,S102,2045,1.0
RE1,DEMTRANGSFWD,S102,2046,1.0
RE1,DEMTRANGSFWD,S102,2047,1.0
RE1,DEMTRANGSFWD,S102,2048,1.0
RE1,DEMTRANGSFWD,S102,2049,1.0
RE1,DEMTRANGSFWD,S102,2050,1.0
RE1,DEMTRANGSFWD,S102,2051,1.0
RE1,DEMTRANGSFWD,S102,2052,1.0
RE1,DEMTRANGSFWD,S102,2053,1.0
RE1,DEMTRANGSFWD,S102,2054,1.0
RE1,DEMTRANGSFWD,S102,2055,1.0
RE1,DEMTRANGSLDV,S101,2022,1.0
RE1,DEMTRANGSLDV,S101,2023,1.0
RE1,DEMTRANGSLDV,S101,2024,1.0
RE1,DEMTRANGSLDV,S101,2025,1.0
RE1,DEMTRANGSLDV,S101,2026,1.0
RE1,DEMTRANGSLDV,S101,2027,1.0
RE1,DEMTRANGSLDV,S101,2028,1.0
RE1,DEMTRANGSLDV,S101,2029,1.0
RE1,DEMTRANGSLDV,S101,2030,1.0
RE1,DEMTRANGSLDV,S101,2031,1.0
RE1,DEMTRANGSLDV,S101,2032,1.0
RE1,DEMTRANGSLDV,S101,2033,1.0
RE1,DEMTRANGSLDV,S101,2034,1.0
RE1,DEMTRANGSLDV,S101,2035,1.0
RE1,DEMTRANGSLDV,S101,2036,1.0
RE1,DEMTRANGSLDV,S101,2037,1.0
RE1,DEMTRANGSLDV,S101,2038,1.0
RE1,DEMTRANGSLDV,S101,2039,1.0
RE1,DEMTRANGSLDV,S101,2040,1.0
RE1,DEMTRANGSLDV,S101,2041,1.0
RE1,DEMTRANGSLDV,S101,2042,1.0
RE1,DEMTRANGSLDV,S101,2043,1.0
RE1,DEMTRANGSLDV,S101,2044,1.0
RE1,DEMTRANGSLDV,S101,2045,1.0
RE1,DEMTRANGSLDV,S101,2046,1.0
RE1,DEMTRANGSLDV,S101,2047,1.0
RE1,DEMTRANGSLDV,S101,2048,1.0
RE1,DEMTRANGSLDV,S101,2049,1.0
RE1,DEMTRANGSLDV,S101,2050,1.0
RE1,DEMTRANGSLDV,S101,2051,1.0
RE1,DEMTRANGSLDV,S101,2052,1.0
RE1,DEMTRANGSLDV,S101,2053,1.0
RE1,DEMTRANGSLDV,S101,2054,1.0
RE1,DEMTRANGSLDV,S101,2055,1.0
RE1,DEMTRANGSLDV,S102,2022,1.0
RE1,DEMTRANGSLDV,S102,2023,1.0
RE1,DEMTRANGSLDV,S102,2024,1.0
RE1,DEMTRANGSLDV,S102,2025,1.0
RE1,DEMTRANGSLDV,S102,2026,1.0
RE1,DEMTRANGSLDV,S102,2027,1.0
RE1,DEMTRANGSLDV,S102,2028,1.0
RE1,DEMTRANGSLDV,S102,2029,1.0
RE1,DEMTRANGSLDV,S102,2030,1.0
RE1,DEMTRANGSLDV,S102,2031,1.0
RE1,DEMTRANGSLDV,S102,2032,1.0
RE1,DEMTRANGSLDV,S102,2033,1.0
RE1,DEMTRANGSLDV,S102,2034,1.0
RE1,DEMTRANGSLDV,S102,2035,1.0
RE1,DEMTRANGSLDV,S102,2036,1.0
RE1,DEMTRANGSLDV,S102,2037,1.0
RE1,DEMTRANGSLDV,S102,2038,1.0
RE1,DEMTRANGSLDV,S102,2039,1.0
RE1,DEMTRANGSLDV,S102,2040,1.0
RE1,DEMTRANGSLDV,S102,2041,1.0
RE1,DEMTRANGSLDV,S102,2042,1.0
RE1,DEMTRANGSLDV,S102,2043,1.0
RE1,DEMTRANGSLDV,S102,2044,1.0
RE1,DEMTRANGSLDV,S102,2045,1.0
RE1,DEMTRANGSLDV,S102,2046,1.0
RE1,DEMTRANGSLDV,S102,2047,1.0
RE1,DEMTRANGSLDV,S102,2048,1.0
RE1,DEMTRANGSLDV,S102,2049,1.0
RE1,DEMTRANGSLDV,S102,2050,1.0
RE1,DEMTRANGSLDV,S102,2051,1.0
RE1,DEMTRANGSLDV,S102,2052,1.0
RE1,DEMTRANGSLDV,S102,2053,1.0
RE1,DEMTRANGSLDV,S102,2054,1.0
RE1,DEMTRANGSLDV,S102,2055,1.0
RE1,DEMTRANGSMIC,S101,2022,1.0
RE1,DEMTRANGSMIC,S101,2023,1.0
RE1,DEMTRANGSMIC,S101,2024,1.0
RE1,DEMTRANGSMIC,S101,2025,1.0
RE1,DEMTRANGSMIC,S101,2026,1.0
RE1,DEMTRANGSMIC,S101,2027,1.0
RE1,DEMTRANGSMIC,S101,2028,1.0
RE1,DEMTRANGSMIC,S101,2029,1.0
RE1,DEMTRANGSMIC,S101,2030,1.0
RE1,DEMTRANGSMIC,S101,2031,1.0
RE1,DEMTRANGSMIC,S101,2032,1.0
RE1,DEMTRANGSMIC,S101,2033,1.0
RE1,DEMTRANGSMIC,S101,2034,1.0
RE1,DEMTRANGSMIC,S101,2035,1.0
RE1,DEMTRANGSMIC,S101,2036,1.0
RE1,DEMTRANGSMIC,S101,2037,1.0
RE1,DEMTRANGSMIC,S101,2038,1.0
RE1,DEMTRANGSMIC,S101,2039,1.0
RE1,DEMTRANGSMIC,S101,2040,1.0
RE1,DEMTRANGSMIC,S101,2041,1.0
RE1,DEMTRANGSMIC,S101,2042,1.0
RE1,DEMTRANGSMIC,S101,2043,1.0
RE1,DEMTRANGSMIC,S101,2044,1.0
RE1,DEMTRANGSMIC,S101,2045,1.0
RE1,DEMTRANGSMIC,S101,2046,1.0
RE1,DEMTRANGSMIC,S101,2047,1.0
RE1,DEMTRANGSMIC,S101,2048,1.0
RE1,DEMTRANGSMIC,S101,2049,1.0
RE1,DEMTRANGSMIC,S101,2050,1.0
RE1,DEMTRANGSMIC,S101,2051,1.0
RE1,DEMTRANGSMIC,S101,2052,1.0
RE1,DEMTRANGSMIC,S101,2053,1.0
RE1,DEMTRANGSMIC,S101,2054,1.0
RE1,DEMTRANGSMIC,S101,2055,1.0
RE1,DEMTRANGSMIC,S102,2022,1.0
RE1,DEMTRANGSMIC,S102,2023,1.0
RE1,DEMTRANGSMIC,S102,2024,1.0
RE1,DEMTRANGSMIC,S102,2025,1.0
RE1,DEMTRANGSMIC,S102,2026,1.0
RE1,DEMTRANGSMIC,S102,2027,1.0
RE1,DEMTRANGSMIC,S102,2028,1.0
RE1,DEMTRANGSMIC,S102,2029,1.0
RE1,DEMTRANGSMIC,S102,2030,1.0
RE1,DEMTRANGSMIC,S102,2031,1.0
RE1,DEMTRANGSMIC,S102,2032,1.0
RE1,DEMTRANGSMIC,S102,2033,1.0
RE1,DEMTRANGSMIC,S102,2034,1.0
RE1,DEMTRANGSMIC,S102,2035,1.0
RE1,DEMTRANGSMIC,S102,2036,1.0
RE1,DEMTRANGSMIC,S102,2037,1.0
RE1,DEMTRANGSMIC,S102,2038,1.0
RE1,DEMTRANGSMIC,S102,2039,1.0
RE1,DEMTRANGSMIC,S102,2040,1.0
RE1,DEMTRANGSMIC,S102,2041,1.0
RE1,DEMTRANGSMIC,S102,2042,1.0
RE1,DEMTRANGSMIC,S102,2043,1.0
RE1,DEMTRANGSMIC,S102,2044,1.0
RE1,DEMTRANGSMIC,S102,2045,1.0
RE1,DEMTRANGSMIC,S102,2046,1.0
RE1,DEMTRANGSMIC,S102,2047,1.0
RE1,DEMTRANGSMIC,S102,2048,1.0
RE1,DEMTRANGSMIC,S102,2049,1.0
RE1,DEMTRANGSMIC,S102,2050,1.0
RE1,DEMTRANGSMIC,S102,2051,1.0
RE1,DEMTRANGSMIC,S102,2052,1.0
RE1,DEMTRANGSMIC,S102,2053,1.0
RE1,DEMTRANGSMIC,S102,2054,1.0
RE1,DEMTRANGSMIC,S102,2055,1.0
RE1,DEMTRANGSSTT,S101,2022,1.0
RE1,DEMTRANGSSTT,S101,2023,1.0
RE1,DEMTRANGSSTT,S101,2024,1.0
RE1,DEMTRANGSSTT,S101,2025,1.0
RE1,DEMTRANGSSTT,S101,2026,1.0
RE1,DEMTRANGSSTT,S101,2027,1.0
RE1,DEMTRANGSSTT,S101,2028,1.0
RE1,DEMTRANGSSTT,S101,2029,1.0
RE1,DEMTRANGSSTT,S101,2030,1.0
RE1,DEMTRANGSSTT,S101,2031,1.0
RE1,DEMTRANGSSTT,S101,2032,1.0
RE1,DEMTRANGSSTT,S101,2033,1.0
RE1,DEMTRANGSSTT,S101,2034,1.0
RE1,DEMTRANGSSTT,S101,2035,1.0
RE1,DEMTRANGSSTT,S101,2036,1.0
RE1,DEMTRANGSSTT,S101,2037,1.0
RE1,DEMTRANGSSTT,S101,2038,1.0
RE1,DEMTRANGSSTT,S101,2039,1.0
RE1,DEMTRANGSSTT,S101,2040,1.0
RE1,DEMTRANGSSTT,S101,2041,1.0
RE1,DEMTRANGSSTT,S101,2042,1.0
RE1,DEMTRANGSSTT,S101,2043,1.0
RE1,DEMTRANGSSTT,S101,2044,1.0
RE1,DEMTRANGSSTT,S101,2045,1.0
RE1,DEMTRANGSSTT,S101,2046,1.0
RE1,DEMTRANGSSTT,S101,2047,1.0
RE1,DEMTRANGSSTT,S101,2048,1.0
RE1,DEMTRANGSSTT,S101,2049,1.0
RE1,DEMTRANGSSTT,S101,2050,1.0
RE1,DEMTRANGSSTT,S101,2051,1.0
RE1,DEMTRANGSSTT,S101,2052,1.0
RE1,DEMTRANGSSTT,S101,2053,1.0
RE1,DEMTRANGSSTT,S101,2054,1.0
RE1,DEMTRANGSSTT,S101,2055,1.0
RE1,DEMTRANGSSTT,S102,2022,1.0
RE1,DEMTRANGSSTT,S102,2023,1.0
RE1,DEMTRANGSSTT,S102,2024,1.0
RE1,DEMTRANGSSTT,S102,2025,1.0
RE1,DEMTRANGSSTT,S102,2026,1.0
RE1,DEMTRANGSSTT,S102,2027,1.0
RE1,DEMTRANGSSTT,S102,2028,1.0
RE1,DEMTRANGSSTT,S102,2029,1.0
RE1,DEMTRANGSSTT,S102,2030,1.0
RE1,DEMTRANGSSTT,S102,2031,1.0
RE1,DEMTRANGSSTT,S102,2032,1.0
RE1,DEMTRANGSSTT,S102,2033,1.0
RE1,DEMTRANGSSTT,S102,2034,1.0
RE1,DEMTRANGSSTT,S102,2035,1.0
RE1,DEMTRANGSSTT,S102,2036,1.0
RE1,DEMTRANGSSTT,S102,2037,1.0
RE1,DEMTRANGSSTT,S102,2038,1.0
RE1,DEMTRANGSSTT,S102,2039,1.0
RE1,DEMTRANGSSTT,S102,2040,1.0
RE1,DEMTRANGSSTT,S102,2041,1.0
RE1,DEMTRANGSSTT,S102,2042,1.0
RE1,DEMTRANGSSTT,S102,2043,1.0
RE1,DEMTRANGSSTT,S102,2044,1.0
RE1,DEMTRANGSSTT,S102,2045,1.0
RE1,DEMTRANGSSTT,S102,2046,1.0
RE1,DEMTRANGSSTT,S102,2047,1.0
RE1,DEMTRANGSSTT,S102,2048,1.0
RE1,DEMTRANGSSTT,S102,2049,1.0
RE1,DEMTRANGSSTT,S102,2050,1.0
RE1,DEMTRANGSSTT,S102,2051,1.0
RE1,DEMTRANGSSTT,S102,2052,1.0
RE1,DEMTRANGSSTT,S102,2053,1.0
RE1,DEMTRANGSSTT,S102,2054,1.0
RE1,DEMTRANGSSTT,S102,2055,1.0
RE1,DEMTRANGSTAX,S101,2022,1.0
RE1,DEMTRANGSTAX,S101,2023,1.0
RE1,DEMTRANGSTAX,S101,2024,1.0
RE1,DEMTRANGSTAX,S101,2025,1.0
RE1,DEMTRANGSTAX,S101,2026,1.0
RE1,DEMTRANGSTAX,S101,2027,1.0
RE1,DEMTRANGSTAX,S101,2028,1.0
RE1,DEMTRANGSTAX,S101,2029,1.0
RE1,DEMTRANGSTAX,S101,2030,1.0
RE1,DEMTRANGSTAX,S101,2031,1.0
RE1,DEMTRANGSTAX,S101,2032,1.0
RE1,DEMTRANGSTAX,S101,2033,1.0
RE1,DEMTRANGSTAX,S101,2034,1.0
RE1,DEMTRANGSTAX,S101,2035,1.0
RE1,DEMTRANGSTAX,S101,2036,1.0
RE1,DEMTRANGSTAX,S101,2037,1.0
RE1,DEMTRANGSTAX,S101,2038,1.0
RE1,DEMTRANGSTAX,S101,2039,1.0
RE1,DEMTRANGSTAX,S101,2040,1.0
RE1,DEMTRANGSTAX,S101,2041,1.0
RE1,DEMTRANGSTAX,S101,2042,1.0
RE1,DEMTRANGSTAX,S101,2043,1.0
RE1,DEMTRANGSTAX,S101,2044,1.0
RE1,DEMTRANGSTAX,S101,2045,1.0
RE1,DEMTRANGSTAX,S101,2046,1.0
RE1,DEMTRANGSTAX,S101,2047,1.0
RE1,DEMTRANGSTAX,S101,2048,1.0
RE1,DEMTRANGSTAX,S101,2049,1.0
RE1,DEMTRANGSTAX,S101,2050,1.0
RE1,DEMTRANGSTAX,S101,2051,1.0
RE1,DEMTRANGSTAX,S101,2052,1.0
RE1,DEMTRANGSTAX,S101,2053,1.0
RE1,DEMTRANGSTAX,S101,2054,1.0
RE1,DEMTRANGSTAX,S101,2055,1.0
RE1,DEMTRANGSTAX,S102,2022,1.0
RE1,DEMTRANGSTAX,S102,2023,1.0
RE1,DEMTRANGSTAX,S102,2024,1.0
RE1,DEMTRANGSTAX,S102,2025,1.0
RE1,DEMTRANGSTAX,S102,2026,1.0
RE1,DEMTRANGSTAX,S102,2027,1.0
RE1,DEMTRANGSTAX,S102,2028,1.0
RE1,DEMTRANGSTAX,S102,2029,1.0
RE1,DEMTRANGSTAX,S102,2030,1.0
RE1,DEMTRANGSTAX,S102,2031,1.0
RE1,DEMTRANGSTAX,S102,2032,1.0
RE1,DEMTRANGSTAX,S102,2033,1.0
RE1,DEMTRANGSTAX,S102,2034,1.0
RE1,DEMTRANGSTAX,S102,2035,1.0
RE1,DEMTRANGSTAX,S102,2036,1.0
RE1,DEMTRANGSTAX,S102,2037,1.0
RE1,DEMTRANGSTAX,S102,2038,1.0
RE1,DEMTRANGSTAX,S102,2039,1.0
RE1,DEMTRANGSTAX,S102,2040,1.0
RE1,DEMTRANGSTAX,S102,2041,1.0
RE1,DEMTRANGSTAX,S102,2042,1.0
RE1,DEMTRANGSTAX,S102,2043,1.0
RE1,DEMTRANGSTAX,S102,2044,1.0
RE1,DEMTRANGSTAX,S102,2045,1.0
RE1,DEMTRANGSTAX,S102,2046,1.0
RE1,DEMTRANGSTAX,S102,2047,1.0
RE1,DEMTRANGSTAX,S102,2048,1.0
RE1,DEMTRANGSTAX,S102,2049,1.0
RE1,DEMTRANGSTAX,S102,2050,1.0
RE1,DEMTRANGSTAX,S102,2051,1.0
RE1,DEMTRANGSTAX,S102,2052,1.0
RE1,DEMTRANGSTAX,S102,2053,1.0
RE1,DEMTRANGSTAX,S102,2054,1.0
RE1,DEMTRANGSTAX,S102,2055,1.0
RE1,DEMTRANGSTCK_C2P,S101,2022,1.0
RE1,DEMTRANGSTCK_C2P,S101,2023,1.0
RE1,DEMTRANGSTCK_C2P,S101,2024,1.0
RE1,DEMTRANGSTCK_C2P,S101,2025,1.0
RE1,DEMTRANGSTCK_C2P,S101,2026,1.0
RE1,DEMTRANGSTCK_C2P,S101,2027,1.0
RE1,DEMTRANGSTCK_C2P,S101,2028,1.0
RE1,DEMTRANGSTCK_C2P,S101,2029,1.0
RE1,DEMTRANGSTCK_C2P,S101,2030,1.0
RE1,DEMTRANGSTCK_C2P,S101,2031,1.0
RE1,DEMTRANGSTCK_C2P,S101,2032,1.0
RE1,DEMTRANGSTCK_C2P,S101,2033,1.0
RE1,DEMTRANGSTCK_C2P,S101,2034,1.0
RE1,DEMTRANGSTCK_C2P,S101,2035,1.0
RE1,DEMTRANGSTCK_C2P,S101,2036,1.0
RE1,DEMTRANGSTCK_C2P,S101,2037,1.0
RE1,DEMTRANGSTCK_C2P,S101,2038,1.0
RE1,DEMTRANGSTCK_C2P,S101,2039,1.0
RE1,DEMTRANGSTCK_C2P,S101,2040,1.0
RE1,DEMTRANGSTCK_C2P,S101,2041,1.0
RE1,DEMTRANGSTCK_C2P,S101,2042,1.0
RE1,DEMTRANGSTCK_C2P,S101,2043,1.0
RE1,DEMTRANGSTCK_C2P,S101,2044,1.0
RE1,DEMTRANGSTCK_C2P,S101,2045,1.0
RE1,DEMTRANGSTCK_C2P,S101,2046,1.0
RE1,DEMTRANGSTCK_C2P,S101,2047,1.0
RE1,DEMTRANGSTCK_C2P,S101,2048,1.0
RE1,DEMTRANGSTCK_C2P,S101,2049,1.0
RE1,DEMTRANGSTCK_C2P,S101,2050,1.0
RE1,DEMTRANGSTCK_C2P,S101,2051,1.0
RE1,DEMTRANGSTCK_C2P,S101,2052,1.0
RE1,DEMTRANGSTCK_C2P,S101,2053,1.0
RE1,DEMTRANGSTCK_C2P,S101,2054,1.0
RE1,DEMTRANGSTCK_C2P,S101,2055,1.0
RE1,DEMTRANGSTCK_C2P,S102,2022,1.0
RE1,DEMTRANGSTCK_C2P,S102,2023,1.0
RE1,DEMTRANGSTCK_C2P,S102,2024,1.0
RE1,DEMTRANGSTCK_C2P,S102,2025,1.0
RE1,DEMTRANGSTCK_C2P,S102,2026,1.0
RE1,DEMTRANGSTCK_C2P,S102,2027,1.0
RE1,DEMTRANGSTCK_C2P,S102,2028,1.0
RE1,DEMTRANGSTCK_C2P,S102,2029,1.0
RE1,DEMTRANGSTCK_C2P,S102,2030,1.0
RE1,DEMTRANGSTCK_C2P,S102,2031,1.0
RE1,DEMTRANGSTCK_C2P,S102,2032,1.0
RE1,DEMTRANGSTCK_C2P,S102,2033,1.0
RE1,DEMTRANGSTCK_C2P,S102,2034,1.0
RE1,DEMTRANGSTCK_C2P,S102,2035,1.0
RE1,DEMTRANGSTCK_C2P,S102,2036,1.0
RE1,DEMTRANGSTCK_C2P,S102,2037,1.0
RE1,DEMTRANGSTCK_C2P,S102,2038,1.0
RE1,DEMTRANGSTCK_C2P,S102,2039,1.0
RE1,DEMTRANGSTCK_C2P,S102,2040,1.0
RE1,DEMTRANGSTCK_C2P,S102,2041,1.0
RE1,DEMTRANGSTCK_C2P,S102,2042,1.0
RE1,DEMTRANGSTCK_C2P,S102,2043,1.0
RE1,DEMTRANGSTCK_C2P,S102,2044,1.0
RE1,DEMTRANGSTCK_C2P,S102,2045,1.0
RE1,DEMTRANGSTCK_C2P,S102,2046,1.0
RE1,DEMTRANGSTCK_C2P,S102,2047,1.0
RE1,DEMTRANGSTCK_C2P,S102,2048,1.0
RE1,DEMTRANGSTCK_C2P,S102,2049,1.0
RE1,DEMTRANGSTCK_C2P,S102,2050,1.0
RE1,DEMTRANGSTCK_C2P,S102,2051,1.0
RE1,DEMTRANGSTCK_C2P,S102,2052,1.0
RE1,DEMTRANGSTCK_C2P,S102,2053,1.0
RE1,DEMTRANGSTCK_C2P,S102,2054,1.0
RE1,DEMTRANGSTCK_C2P,S102,2055,1.0
RE1,DEMTRANGSTCK_CSG,S101,2022,1.0
RE1,DEMTRANGSTCK_CSG,S101,2023,1.0
RE1,DEMTRANGSTCK_CSG,S101,2024,1.0
RE1,DEMTRANGSTCK_CSG,S101,2025,1.0
RE1,DEMTRANGSTCK_CSG,S101,2026,1.0
RE1,DEMTRANGSTCK_CSG,S101,2027,1.0
RE1,DEMTRANGSTCK_CSG,S101,2028,1.0
RE1,DEMTRANGSTCK_CSG,S101,2029,1.0
RE1,DEMTRANGSTCK_CSG,S101,2030,1.0
RE1,DEMTRANGSTCK_CSG,S101,2031,1.0
RE1,DEMTRANGSTCK_CSG,S101,2032,1.0
RE1,DEMTRANGSTCK_CSG,S101,2033,1.0
RE1,DEMTRANGSTCK_CSG,S101,2034,1.0
RE1,DEMTRANGSTCK_CSG,S101,2035,1.0
RE1,DEMTRANGSTCK_CSG,S101,2036,1.0
RE1,DEMTRANGSTCK_CSG,S101,2037,1.0
RE1,DEMTRANGSTCK_CSG,S101,2038,1.0
RE1,DEMTRANGSTCK_CSG,S101,2039,1.0
RE1,DEMTRANGSTCK_CSG,S101,2040,1.0
RE1,DEMTRANGSTCK_CSG,S101,2041,1.0
RE1,DEMTRANGSTCK_CSG,S101,2042,1.0
RE1,DEMTRANGSTCK_CSG,S101,2043,1.0
RE1,DEMTRANGSTCK_CSG,S101,2044,1.0
RE1,DEMTRANGSTCK_CSG,S101,2045,1.0
RE1,DEMTRANGSTCK_CSG,S101,2046,1.0
RE1,DEMTRANGSTCK_CSG,S101,2047,1.0
RE1,DEMTRANGSTCK_CSG,S101,2048,1.0
RE1,DEMTRANGSTCK_CSG,S101,2049,1.0
RE1,DEMTRANGSTCK_CSG,S101,2050,1.0
RE1,DEMTRANGSTCK_CSG,S101,2051,1.0
RE1,DEMTRANGSTCK_CSG,S101,2052,1.0
RE1,DEMTRANGSTCK_CSG,S101,2053,1.0
RE1,DEMTRANGSTCK_CSG,S101,2054,1.0
RE1,DEMTRANGSTCK_CSG,S101,2055,1.0
RE1,DEMTRANGSTCK_CSG,S102,2022,1.0
RE1,DEMTRANGSTCK_CSG,S102,2023,1.0
RE1,DEMTRANGSTCK_CSG,S102,2024,1.0
RE1,DEMTRANGSTCK_CSG,S102,2025,1.0
RE1,DEMTRANGSTCK_CSG,S102,2026,1.0
RE1,DEMTRANGSTCK_CSG,S102,2027,1.0
RE1,DEMTRANGSTCK_CSG,S102,2028,1.0
RE1,DEMTRANGSTCK_CSG,S102,2029,1.0
RE1,DEMTRANGSTCK_CSG,S102,2030,1.0
RE1,DEMTRANGSTCK_CSG,S102,2031,1.0
RE1,DEMTRANGSTCK_CSG,S102,2032,1.0
RE1,DEMTRANGSTCK_CSG,S102,2033,1.0
RE1,DEMTRANGSTCK_CSG,S102,2034,1.0
RE1,DEMTRANGSTCK_CSG,S102,2035,1.0
RE1,DEMTRANGSTCK_CSG,S102,2036,1.0
RE1,DEMTRANGSTCK_CSG,S102,2037,1.0
RE1,DEMTRANGSTCK_CSG,S102,2038,1.0
RE1,DEMTRANGSTCK_CSG,S102,2039,1.0
RE1,DEMTRANGSTCK_CSG,S102,2040,1.0
RE1,DEMTRANGSTCK_CSG,S102,2041,1.0
RE1,DEMTRANGSTCK_CSG,S102,2042,1.0
RE1,DEMTRANGSTCK_CSG,S102,2043,1.0
RE1,DEMTRANGSTCK_CSG,S102,2044,1.0
RE1,DEMTRANGSTCK_CSG,S102,2045,1.0
RE1,DEMTRANGSTCK_CSG,S102,2046,1.0
RE1,DEMTRANGSTCK_CSG,S102,2047,1.0
RE1,DEMTRANGSTCK_CSG,S102,2048,1.0
RE1,DEMTRANGSTCK_CSG,S102,2049,1.0
RE1,DEMTRANGSTCK_CSG,S102,2050,1.0
RE1,DEMTRANGSTCK_CSG,S102,2051,1.0
RE1,DEMTRANGSTCK_CSG,S102,2052,1.0
RE1,DEMTRANGSTCK_CSG,S102,2053,1.0
RE1,DEMTRANGSTCK_CSG,S102,2054,1.0
RE1,DEMTRANGSTCK_CSG,S102,2055,1.0
RE1,DEMTRAPHEVFWD,S101,2022,1.0
RE1,DEMTRAPHEVFWD,S101,2023,1.0
RE1,DEMTRAPHEVFWD,S101,2024,1.0
RE1,DEMTRAPHEVFWD,S101,2025,1.0
RE1,DEMTRAPHEVFWD,S101,2026,1.0
RE1,DEMTRAPHEVFWD,S101,2027,1.0
RE1,DEMTRAPHEVFWD,S101,2028,1.0
RE1,DEMTRAPHEVFWD,S101,2029,1.0
RE1,DEMTRAPHEVFWD,S101,2030,1.0
RE1,DEMTRAPHEVFWD,S101,2031,1.0
RE1,DEMTRAPHEVFWD,S101,2032,1.0
RE1,DEMTRAPHEVFWD,S101,2033,1.0
RE1,DEMTRAPHEVFWD,S101,2034,1.0
RE1,DEMTRAPHEVFWD,S101,2035,1.0
RE1,DEMTRAPHEVFWD,S101,2036,1.0
RE1,DEMTRAPHEVFWD,S101,2037,1.0
RE1,DEMTRAPHEVFWD,S101,2038,1.0
RE1,DEMTRAPHEVFWD,S101,2039,1.0
RE1,DEMTRAPHEVFWD,S101,2040,1.0
RE1,DEMTRAPHEVFWD,S101,2041,1.0
RE1,DEMTRAPHEVFWD,S101,2042,1.0
RE1,DEMTRAPHEVFWD,S101,2043,1.0
RE1,DEMTRAPHEVFWD,S101,2044,1.0
RE1,DEMTRAPHEVFWD,S101,2045,1.0
RE1,DEMTRAPHEVFWD,S101,2046,1.0
RE1,DEMTRAPHEVFWD,S101,2047,1.0
RE1,DEMTRAPHEVFWD,S101,2048,1.0
RE1,DEMTRAPHEVFWD,S101,2049,1.0
RE1,DEMTRAPHEVFWD,S101,2050,1.0
RE1,DEMTRAPHEVFWD,S101,2051,1.0
RE1,DEMTRAPHEVFWD,S101,2052,1.0
RE1,DEMTRAPHEVFWD,S101,2053,1.0
RE1,DEMTRAPHEVFWD,S101,2054,1.0
RE1,DEMTRAPHEVFWD,S101,2055,1.0
RE1,DEMTRAPHEVFWD,S102,2022,1.0
RE1,DEMTRAPHEVFWD,S102,2023,1.0
RE1,DEMTRAPHEVFWD,S102,2024,1.0
RE1,DEMTRAPHEVFWD,S102,2025,1.0
RE1,DEMTRAPHEVFWD,S102,2026,1.0
RE1,DEMTRAPHEVFWD,S102,2027,1.0
RE1,DEMTRAPHEVFWD,S102,2028,1.0
RE1,DEMTRAPHEVFWD,S102,2029,1.0
RE1,DEMTRAPHEVFWD,S102,2030,1.0
RE1,DEMTRAPHEVFWD,S102,2031,1.0
RE1,DEMTRAPHEVFWD,S102,2032,1.0
RE1,DEMTRAPHEVFWD,S102,2033,1.0
RE1,DEMTRAPHEVFWD,S102,2034,1.0
RE1,DEMTRAPHEVFWD,S102,2035,1.0
RE1,DEMTRAPHEVFWD,S102,2036,1.0
RE1,DEMTRAPHEVFWD,S102,2037,1.0
RE1,DEMTRAPHEVFWD,S102,2038,1.0
RE1,DEMTRAPHEVFWD,S102,2039,1.0
RE1,DEMTRAPHEVFWD,S102,2040,1.0
RE1,DEMTRAPHEVFWD,S102,2041,1.0
RE1,DEMTRAPHEVFWD,S102,2042,1.0
RE1,DEMTRAPHEVFWD,S102,2043,1.0
RE1,DEMTRAPHEVFWD,S102,2044,1.0
RE1,DEMTRAPHEVFWD,S102,2045,1.0
RE1,DEMTRAPHEVFWD,S102,2046,1.0
RE1,DEMTRAPHEVFWD,S102,2047,1.0
RE1,DEMTRAPHEVFWD,S102,2048,1.0
RE1,DEMTRAPHEVFWD,S102,2049,1.0
RE1,DEMTRAPHEVFWD,S102,2050,1.0
RE1,DEMTRAPHEVFWD,S102,2051,1.0
RE1,DEMTRAPHEVFWD,S102,2052,1.0
RE1,DEMTRAPHEVFWD,S102,2053,1.0
RE1,DEMTRAPHEVFWD,S102,2054,1.0
RE1,DEMTRAPHEVFWD,S102,2055,1.0
RE1,DEMTRAPHEVLDV,S101,2022,1.0
RE1,DEMTRAPHEVLDV,S101,2023,1.0
RE1,DEMTRAPHEVLDV,S101,2024,1.0
RE1,DEMTRAPHEVLDV,S101,2025,1.0
RE1,DEMTRAPHEVLDV,S101,2026,1.0
RE1,DEMTRAPHEVLDV,S101,2027,1.0
RE1,DEMTRAPHEVLDV,S101,2028,1.0
RE1,DEMTRAPHEVLDV,S101,2029,1.0
RE1,DEMTRAPHEVLDV,S101,2030,1.0
RE1,DEMTRAPHEVLDV,S101,2031,1.0
RE1,DEMTRAPHEVLDV,S101,2032,1.0
RE1,DEMTRAPHEVLDV,S101,2033,1.0
RE1,DEMTRAPHEVLDV,S101,2034,1.0
RE1,DEMTRAPHEVLDV,S101,2035,1.0
RE1,DEMTRAPHEVLDV,S101,2036,1.0
RE1,DEMTRAPHEVLDV,S101,2037,1.0
RE1,DEMTRAPHEVLDV,S101,2038,1.0
RE1,DEMTRAPHEVLDV,S101,2039,1.0
RE1,DEMTRAPHEVLDV,S101,2040,1.0
RE1,DEMTRAPHEVLDV,S101,2041,1.0
RE1,DEMTRAPHEVLDV,S101,2042,1.0
RE1,DEMTRAPHEVLDV,S101,2043,1.0
RE1,DEMTRAPHEVLDV,S101,2044,1.0
RE1,DEMTRAPHEVLDV,S101,2045,1.0
RE1,DEMTRAPHEVLDV,S101,2046,1.0
RE1,DEMTRAPHEVLDV,S101,2047,1.0
RE1,DEMTRAPHEVLDV,S101,2048,1.0
RE1,DEMTRAPHEVLDV,S101,2049,1.0
RE1,DEMTRAPHEVLDV,S101,2050,1.0
RE1,DEMTRAPHEVLDV,S101,2051,1.0
RE1,DEMTRAPHEVLDV,S101,2052,1.0
RE1,DEMTRAPHEVLDV,S101,2053,1.0
RE1,DEMTRAPHEVLDV,S101,2054,1.0
RE1,DEMTRAPHEVLDV,S101,2055,1.0
RE1,DEMTRAPHEVLDV,S102,2022,1.0
RE1,DEMTRAPHEVLDV,S102,2023,1.0
RE1,DEMTRAPHEVLDV,S102,2024,1.0
RE1,DEMTRAPHEVLDV,S102,2025,1.0
RE1,DEMTRAPHEVLDV,S102,2026,1.0
RE1,DEMTRAPHEVLDV,S102,2027,1.0
RE1,DEMTRAPHEVLDV,S102,2028,1.0
RE1,DEMTRAPHEVLDV,S102,2029,1.0
RE1,DEMTRAPHEVLDV,S102,2030,1.0
RE1,DEMTRAPHEVLDV,S102,2031,1.0
RE1,DEMTRAPHEVLDV,S102,2032,1.0
RE1,DEMTRAPHEVLDV,S102,2033,1.0
RE1,DEMTRAPHEVLDV,S102,2034,1.0
RE1,DEMTRAPHEVLDV,S102,2035,1.0
RE1,DEMTRAPHEVLDV,S102,2036,1.0
RE1,DEMTRAPHEVLDV,S102,2037,1.0
RE1,DEMTRAPHEVLDV,S102,2038,1.0
RE1,DEMTRAPHEVLDV,S102,2039,1.0
RE1,DEMTRAPHEVLDV,S102,2040,1.0
RE1,DEMTRAPHEVLDV,S102,2041,1.0
RE1,DEMTRAPHEVLDV,S102,2042,1.0
RE1,DEMTRAPHEVLDV,S102,2043,1.0
RE1,DEMTRAPHEVLDV,S102,2044,1.0
RE1,DEMTRAPHEVLDV,S102,2045,1.0
RE1,DEMTRAPHEVLDV,S102,2046,1.0
RE1,DEMTRAPHEVLDV,S102,2047,1.0
RE1,DEMTRAPHEVLDV,S102,2048,1.0
RE1,DEMTRAPHEVLDV,S102,2049,1.0
RE1,DEMTRAPHEVLDV,S102,2050,1.0
RE1,DEMTRAPHEVLDV,S102,2051,1.0
RE1,DEMTRAPHEVLDV,S102,2052,1.0
RE1,DEMTRAPHEVLDV,S102,2053,1.0
RE1,DEMTRAPHEVLDV,S102,2054,1.0
RE1,DEMTRAPHEVLDV,S102,2055,1.0
RE1,DEMTRAPHEVTAX,S101,2022,1.0
RE1,DEMTRAPHEVTAX,S101,2023,1.0
RE1,DEMTRAPHEVTAX,S101,2024,1.0
RE1,DEMTRAPHEVTAX,S101,2025,1.0
RE1,DEMTRAPHEVTAX,S101,2026,1.0
RE1,DEMTRAPHEVTAX,S101,2027,1.0
RE1,DEMTRAPHEVTAX,S101,2028,1.0
RE1,DEMTRAPHEVTAX,S101,2029,1.0
RE1,DEMTRAPHEVTAX,S101,2030,1.0
RE1,DEMTRAPHEVTAX,S101,2031,1.0
RE1,DEMTRAPHEVTAX,S101,2032,1.0
RE1,DEMTRAPHEVTAX,S101,2033,1.0
RE1,DEMTRAPHEVTAX,S101,2034,1.0
RE1,DEMTRAPHEVTAX,S101,2035,1.0
RE1,DEMTRAPHEVTAX,S101,2036,1.0
RE1,DEMTRAPHEVTAX,S101,2037,1.0
RE1,DEMTRAPHEVTAX,S101,2038,1.0
RE1,DEMTRAPHEVTAX,S101,2039,1.0
RE1,DEMTRAPHEVTAX,S101,2040,1.0
RE1,DEMTRAPHEVTAX,S101,2041,1.0
RE1,DEMTRAPHEVTAX,S101,2042,1.0
RE1,DEMTRAPHEVTAX,S101,2043,1.0
RE1,DEMTRAPHEVTAX,S101,2044,1.0
RE1,DEMTRAPHEVTAX,S101,2045,1.0
RE1,DEMTRAPHEVTAX,S101,2046,1.0
RE1,DEMTRAPHEVTAX,S101,2047,1.0
RE1,DEMTRAPHEVTAX,S101,2048,1.0
RE1,DEMTRAPHEVTAX,S101,2049,1.0
RE1,DEMTRAPHEVTAX,S101,2050,1.0
RE1,DEMTRAPHEVTAX,S101,2051,1.0
RE1,DEMTRAPHEVTAX,S101,2052,1.0
RE1,DEMTRAPHEVTAX,S101,2053,1.0
RE1,DEMTRAPHEVTAX,S101,2054,1.0
RE1,DEMTRAPHEVTAX,S101,2055,1.0
RE1,DEMTRAPHEVTAX,S102,2022,1.0
RE1,DEMTRAPHEVTAX,S102,2023,1.0
RE1,DEMTRAPHEVTAX,S102,2024,1.0
RE1,DEMTRAPHEVTAX,S102,2025,1.0
RE1,DEMTRAPHEVTAX,S102,2026,1.0
RE1,DEMTRAPHEVTAX,S102,2027,1.0
RE1,DEMTRAPHEVTAX,S102,2028,1.0
RE1,DEMTRAPHEVTAX,S102,2029,1.0
RE1,DEMTRAPHEVTAX,S102,2030,1.0
RE1,DEMTRAPHEVTAX,S102,2031,1.0
RE1,DEMTRAPHEVTAX,S102,2032,1.0
RE1,DEMTRAPHEVTAX,S102,2033,1.0
RE1,DEMTRAPHEVTAX,S102,2034,1.0
RE1,DEMTRAPHEVTAX,S102,2035,1.0
RE1,DEMTRAPHEVTAX,S102,2036,1.0
RE1,DEMTRAPHEVTAX,S102,2037,1.0
RE1,DEMTRAPHEVTAX,S102,2038,1.0
RE1,DEMTRAPHEVTAX,S102,2039,1.0
RE1,DEMTRAPHEVTAX,S102,2040,1.0
RE1,DEMTRAPHEVTAX,S102,2041,1.0
RE1,DEMTRAPHEVTAX,S102,2042,1.0
RE1,DEMTRAPHEVTAX,S102,2043,1.0
RE1,DEMTRAPHEVTAX,S102,2044,1.0
RE1,DEMTRAPHEVTAX,S102,2045,1.0
RE1,DEMTRAPHEVTAX,S102,2046,1.0
RE1,DEMTRAPHEVTAX,S102,2047,1.0
RE1,DEMTRAPHEVTAX,S102,2048,1.0
RE1,DEMTRAPHEVTAX,S102,2049,1.0
RE1,DEMTRAPHEVTAX,S102,2050,1.0
RE1,DEMTRAPHEVTAX,S102,2051,1.0
RE1,DEMTRAPHEVTAX,S102,2052,1.0
RE1,DEMTRAPHEVTAX,S102,2053,1.0
RE1,DEMTRAPHEVTAX,S102,2054,1.0
RE1,DEMTRAPHEVTAX,S102,2055,1.0
RE1,EXPECU,S101,2022,1.0
RE1,EXPECU,S101,2023,1.0
RE1,EXPECU,S101,2024,1.0
RE1,EXPECU,S101,2025,1.0
RE1,EXPECU,S101,2026,1.0
RE1,EXPECU,S101,2027,1.0
RE1,EXPECU,S101,2028,1.0
RE1,EXPECU,S101,2029,1.0
RE1,EXPECU,S101,2030,1.0
RE1,EXPECU,S101,2031,1.0
RE1,EXPECU,S101,2032,1.0
RE1,EXPECU,S101,2033,1.0
RE1,EXPECU,S101,2034,1.0
RE1,EXPECU,S101,2035,1.0
RE1,EXPECU,S101,2036,1.0
RE1,EXPECU,S101,2037,1.0
RE1,EXPECU,S101,2038,1.0
RE1,EXPECU,S101,2039,1.0
RE1,EXPECU,S101,2040,1.0
RE1,EXPECU,S101,2041,1.0
RE1,EXPECU,S101,2042,1.0
RE1,EXPECU,S101,2043,1.0
RE1,EXPECU,S101,2044,1.0
RE1,EXPECU,S101,2045,1.0
RE1,EXPECU,S101,2046,1.0
RE1,EXPECU,S101,2047,1.0
RE1,EXPECU,S101,2048,1.0
RE1,EXPECU,S101,2049,1.0
RE1,EXPECU,S101,2050,1.0
RE1,EXPECU,S101,2051,1.0
RE1,EXPECU,S101,2052,1.0
RE1,EXPECU,S101,2053,1.0
RE1,EXPECU,S101,2054,1.0
RE1,EXPECU,S101,2055,1.0
RE1,EXPECU,S102,2022,1.0
RE1,EXPECU,S102,2023,1.0
RE1,EXPECU,S102,2024,1.0
RE1,EXPECU,S102,2025,1.0
RE1,EXPECU,S102,2026,1.0
RE1,EXPECU,S102,2027,1.0
RE1,EXPECU,S102,2028,1.0
RE1,EXPECU,S102,2029,1.0
RE1,EXPECU,S102,2030,1.0
RE1,EXPECU,S102,2031,1.0
RE1,EXPECU,S102,2032,1.0
RE1,EXPECU,S102,2033,1.0
RE1,EXPECU,S102,2034,1.0
RE1,EXPECU,S102,2035,1.0
RE1,EXPECU,S102,2036,1.0
RE1,EXPECU,S102,2037,1.0
RE1,EXPECU,S102,2038,1.0
RE1,EXPECU,S102,2039,1.0
RE1,EXPECU,S102,2040,1.0
RE1,EXPECU,S102,2041,1.0
RE1,EXPECU,S102,2042,1.0
RE1,EXPECU,S102,2043,1.0
RE1,EXPECU,S102,2044,1.0
RE1,EXPECU,S102,2045,1.0
RE1,EXPECU,S102,2046,1.0
RE1,EXPECU,S102,2047,1.0
RE1,EXPECU,S102,2048,1.0
RE1,EXPECU,S102,2049,1.0
RE1,EXPECU,S102,2050,1.0
RE1,EXPECU,S102,2051,1.0
RE1,EXPECU,S102,2052,1.0
RE1,EXPECU,S102,2053,1.0
RE1,EXPECU,S102,2054,1.0
RE1,EXPECU,S102,2055,1.0
RE1,GRDCOADST,S101,2022,1.0
RE1,GRDCOADST,S101,2023,1.0
RE1,GRDCOADST,S101,2024,1.0
RE1,GRDCOADST,S101,2025,1.0
RE1,GRDCOADST,S101,2026,1.0
RE1,GRDCOADST,S101,2027,1.0
RE1,GRDCOADST,S101,2028,1.0
RE1,GRDCOADST,S101,2029,1.0
RE1,GRDCOADST,S101,2030,1.0
RE1,GRDCOADST,S101,2031,1.0
RE1,GRDCOADST,S101,2032,1.0
RE1,GRDCOADST,S101,2033,1.0
RE1,GRDCOADST,S101,2034,1.0
RE1,GRDCOADST,S101,2035,1.0
RE1,GRDCOADST,S101,2036,1.0
RE1,GRDCOADST,S101,2037,1.0
RE1,GRDCOADST,S101,2038,1.0
RE1,GRDCOADST,S101,2039,1.0
RE1,GRDCOADST,S101,2040,1.0
RE1,GRDCOADST,S101,2041,1.0
RE1,GRDCOADST,S101,2042,1.0
RE1,GRDCOADST,S101,2043,1.0
RE1,GRDCOADST,S101,2044,1.0
RE1,GRDCOADST,S101,2045,1.0
RE1,GRDCOADST,S101,2046,1.0
RE1,GRDCOADST,S101,2047,1.0
RE1,GRDCOADST,S101,2048,1.0
RE1,GRDCOADST,S101,2049,1.0
RE1,GRDCOADST,S101,2050,1.0
RE1,GRDCOADST,S101,2051,1.0
RE1,GRDCOADST,S101,2052,1.0
RE1,GRDCOADST,S101,2053,1.0
RE1,GRDCOADST,S101,2054,1.0
RE1,GRDCOADST,S101,2055,1.0
RE1,GRDCOADST,S102,2022,1.0
RE1,GRDCOADST,S102,2023,1.0
RE1,GRDCOADST,S102,2024,1.0
RE1,GRDCOADST,S102,2025,1.0
RE1,GRDCOADST,S102,2026,1.0
RE1,GRDCOADST,S102,2027,1.0
RE1,GRDCOADST,S102,2028,1.0
RE1,GRDCOADST,S102,2029,1.0
RE1,GRDCOADST,S102,2030,1.0
RE1,GRDCOADST,S102,2031,1.0
RE1,GRDCOADST,S102,2032,1.0
RE1,GRDCOADST,S102,2033,1.0
RE1,GRDCOADST,S102,2034,1.0
RE1,GRDCOADST,S102,2035,1.0
RE1,GRDCOADST,S102,2036,1.0
RE1,GRDCOADST,S102,2037,1.0
RE1,GRDCOADST,S102,2038,1.0
RE1,GRDCOADST,S102,2039,1.0
RE1,GRDCOADST,S102,2040,1.0
RE1,GRDCOADST,S102,2041,1.0
RE1,GRDCOADST,S102,2042,1.0
RE1,GRDCOADST,S102,2043,1.0
RE1,GRDCOADST,S102,2044,1.0
RE1,GRDCOADST,S102,2045,1.0
RE1,GRDCOADST,S102,2046,1.0
RE1,GRDCOADST,S102,2047,1.0
RE1,GRDCOADST,S102,2048,1.0
RE1,GRDCOADST,S102,2049,1.0
RE1,GRDCOADST,S102,2050,1.0
RE1,GRDCOADST,S102,2051,1.0
RE1,GRDCOADST,S102,2052,1.0
RE1,GRDCOADST,S102,2053,1.0
RE1,GRDCOADST,S102,2054,1.0
RE1,GRDCOADST,S102,2055,1.0
RE1,GRDLPGDST,S101,2022,1.0
RE1,GRDLPGDST,S101,2023,1.0
RE1,GRDLPGDST,S101,2024,1.0
RE1,GRDLPGDST,S101,2025,1.0
RE1,GRDLPGDST,S101,2026,1.0
RE1,GRDLPGDST,S101,2027,1.0
RE1,GRDLPGDST,S101,2028,1.0
RE1,GRDLPGDST,S101,2029,1.0
RE1,GRDLPGDST,S101,2030,1.0
RE1,GRDLPGDST,S101,2031,1.0
RE1,GRDLPGDST,S101,2032,1.0
RE1,GRDLPGDST,S101,2033,1.0
RE1,GRDLPGDST,S101,2034,1.0
RE1,GRDLPGDST,S101,2035,1.0
RE1,GRDLPGDST,S101,2036,1.0
RE1,GRDLPGDST,S101,2037,1.0
RE1,GRDLPGDST,S101,2038,1.0
RE1,GRDLPGDST,S101,2039,1.0
RE1,GRDLPGDST,S101,2040,1.0
RE1,GRDLPGDST,S101,2041,1.0
RE1,GRDLPGDST,S101,2042,1.0
RE1,GRDLPGDST,S101,2043,1.0
RE1,GRDLPGDST,S101,2044,1.0
RE1,GRDLPGDST,S101,2045,1.0
RE1,GRDLPGDST,S101,2046,1.0
RE1,GRDLPGDST,S101,2047,1.0
RE1,GRDLPGDST,S101,2048,1.0
RE1,GRDLPGDST,S101,2049,1.0
RE1,GRDLPGDST,S101,2050,1.0
RE1,GRDLPGDST,S101,2051,1.0
RE1,GRDLPGDST,S101,2052,1.0
RE1,GRDLPGDST,S101,2053,1.0
RE1,GRDLPGDST,S101,2054,1.0
RE1,GRDLPGDST,S101,2055,1.0
RE1,GRDLPGDST,S102,2022,1.0
RE1,GRDLPGDST,S102,2023,1.0
RE1,GRDLPGDST,S102,2024,1.0
RE1,GRDLPGDST,S102,2025,1.0
RE1,GRDLPGDST,S102,2026,1.0
RE1,GRDLPGDST,S102,2027,1.0
RE1,GRDLPGDST,S102,2028,1.0
RE1,GRDLPGDST,S102,2029,1.0
RE1,GRDLPGDST,S102,2030,1.0
RE1,GRDLPGDST,S102,2031,1.0
RE1,GRDLPGDST,S102,2032,1.0
RE1,GRDLPGDST,S102,2033,1.0
RE1,GRDLPGDST,S102,2034,1.0
RE1,GRDLPGDST,S102,2035,1.0
RE1,GRDLPGDST,S102,2036,1.0
RE1,GRDLPGDST,S102,2037,1.0
RE1,GRDLPGDST,S102,2038,1.0
RE1,GRDLPGDST,S102,2039,1.0
RE1,GRDLPGDST,S102,2040,1.0
RE1,GRDLPGDST,S102,2041,1.0
RE1,GRDLPGDST,S102,2042,1.0
RE1,GRDLPGDST,S102,2043,1.0
RE1,GRDLPGDST,S102,2044,1.0
RE1,GRDLPGDST,S102,2045,1.0
RE1,GRDLPGDST,S102,2046,1.0
RE1,GRDLPGDST,S102,2047,1.0
RE1,GRDLPGDST,S102,2048,1.0
RE1,GRDLPGDST,S102,2049,1.0
RE1,GRDLPGDST,S102,2050,1.0
RE1,GRDLPGDST,S102,2051,1.0
RE1,GRDLPGDST,S102,2052,1.0
RE1,GRDLPGDST,S102,2053,1.0
RE1,GRDLPGDST,S102,2054,1.0
RE1,GRDLPGDST,S102,2055,1.0
RE1,GRDNGSDST,S101,2022,1.0
RE1,GRDNGSDST,S101,2023,1.0
RE1,GRDNGSDST,S101,2024,1.0
RE1,GRDNGSDST,S101,2025,1.0
RE1,GRDNGSDST,S101,2026,1.0
RE1,GRDNGSDST,S101,2027,1.0
RE1,GRDNGSDST,S101,2028,1.0
RE1,GRDNGSDST,S101,2029,1.0
RE1,GRDNGSDST,S101,2030,1.0
RE1,GRDNGSDST,S101,2031,1.0
RE1,GRDNGSDST,S101,2032,1.0
RE1,GRDNGSDST,S101,2033,1.0
RE1,GRDNGSDST,S101,2034,1.0
RE1,GRDNGSDST,S101,2035,1.0
RE1,GRDNGSDST,S101,2036,1.0
RE1,GRDNGSDST,S101,2037,1.0
RE1,GRDNGSDST,S101,2038,1.0
RE1,GRDNGSDST,S101,2039,1.0
RE1,GRDNGSDST,S101,2040,1.0
RE1,GRDNGSDST,S101,2041,1.0
RE1,GRDNGSDST,S101,2042,1.0
RE1,GRDNGSDST,S101,2043,1.0
RE1,GRDNGSDST,S101,2044,1.0
RE1,GRDNGSDST,S101,2045,1.0
RE1,GRDNGSDST,S101,2046,1.0
RE1,GRDNGSDST,S101,2047,1.0
RE1,GRDNGSDST,S101,2048,1.0
RE1,GRDNGSDST,S101,2049,1.0
RE1,GRDNGSDST,S101,2050,1.0
RE1,GRDNGSDST,S101,2051,1.0
RE1,GRDNGSDST,S101,2052,1.0
RE1,GRDNGSDST,S101,2053,1.0
RE1,GRDNGSDST,S101,2054,1.0
RE1,GRDNGSDST,S101,2055,1.0
RE1,GRDNGSDST,S102,2022,1.0
RE1,GRDNGSDST,S102,2023,1.0
RE1,GRDNGSDST,S102,2024,1.0
RE1,GRDNGSDST,S102,2025,1.0
RE1,GRDNGSDST,S102,2026,1.0
RE1,GRDNGSDST,S102,2027,1.0
RE1,GRDNGSDST,S102,2028,1.0
RE1,GRDNGSDST,S102,2029,1.0
RE1,GRDNGSDST,S102,2030,1.0
RE1,GRDNGSDST,S102,2031,1.0
RE1,GRDNGSDST,S102,2032,1.0
RE1,GRDNGSDST,S102,2033,1.0
RE1,GRDNGSDST,S102,2034,1.0
RE1,GRDNGSDST,S102,2035,1.0
RE1,GRDNGSDST,S102,2036,1.0
RE1,GRDNGSDST,S102,2037,1.0
RE1,GRDNGSDST,S102,2038,1.0
RE1,GRDNGSDST,S102,2039,1.0
RE1,GRDNGSDST,S102,2040,1.0
RE1,GRDNGSDST,S102,2041,1.0
RE1,GRDNGSDST,S102,2042,1.0
RE1,GRDNGSDST,S102,2043,1.0
RE1,GRDNGSDST,S102,2044,1.0
RE1,GRDNGSDST,S102,2045,1.0
RE1,GRDNGSDST,S102,2046,1.0
RE1,GRDNGSDST,S102,2047,1.0
RE1,GRDNGSDST,S102,2048,1.0
RE1,GRDNGSDST,S102,2049,1.0
RE1,GRDNGSDST,S102,2050,1.0
RE1,GRDNGSDST,S102,2051,1.0
RE1,GRDNGSDST,S102,2052,1.0
RE1,GRDNGSDST,S102,2053,1.0
RE1,GRDNGSDST,S102,2054,1.0
RE1,GRDNGSDST,S102,2055,1.0
RE1,GRDTYDELC,S101,2022,1.0
RE1,GRDTYDELC,S101,2023,1.0
RE1,GRDTYDELC,S101,2024,1.0
RE1,GRDTYDELC,S101,2025,1.0
RE1,GRDTYDELC,S101,2026,1.0
RE1,GRDTYDELC,S101,2027,1.0
RE1,GRDTYDELC,S101,2028,1.0
RE1,GRDTYDELC,S101,2029,1.0
RE1,GRDTYDELC,S101,2030,1.0
RE1,GRDTYDELC,S101,2031,1.0
RE1,GRDTYDELC,S101,2032,1.0
RE1,GRDTYDELC,S101,2033,1.0
RE1,GRDTYDELC,S101,2034,1.0
RE1,GRDTYDELC,S101,2035,1.0
RE1,GRDTYDELC,S101,2036,1.0
RE1,GRDTYDELC,S101,2037,1.0
RE1,GRDTYDELC,S101,2038,1.0
RE1,GRDTYDELC,S101,2039,1.0
RE1,GRDTYDELC,S101,2040,1.0
RE1,GRDTYDELC,S101,2041,1.0
RE1,GRDTYDELC,S101,2042,1.0
RE1,GRDTYDELC,S101,2043,1.0
RE1,GRDTYDELC,S101,2044,1.0
RE1,GRDTYDELC,S101,2045,1.0
RE1,GRDTYDELC,S101,2046,1.0
RE1,GRDTYDELC,S101,2047,1.0
RE1,GRDTYDELC,S101,2048,1.0
RE1,GRDTYDELC,S101,2049,1.0
RE1,GRDTYDELC,S101,2050,1.0
RE1,GRDTYDELC,S101,2051,1.0
RE1,GRDTYDELC,S101,2052,1.0
RE1,GRDTYDELC,S101,2053,1.0
RE1,GRDTYDELC,S101,2054,1.0
RE1,GRDTYDELC,S101,2055,1.0
RE1,GRDTYDELC,S102,2022,1.0
RE1,GRDTYDELC,S102,2023,1.0
RE1,GRDTYDELC,S102,2024,1.0
RE1,GRDTYDELC,S102,2025,1.0
RE1,GRDTYDELC,S102,2026,1.0
RE1,GRDTYDELC,S102,2027,1.0
RE1,GRDTYDELC,S102,2028,1.0
RE1,GRDTYDELC,S102,2029,1.0
RE1,GRDTYDELC,S102,2030,1.0
RE1,GRDTYDELC,S102,2031,1.0
RE1,GRDTYDELC,S102,2032,1.0
RE1,GRDTYDELC,S102,2033,1.0
RE1,GRDTYDELC,S102,2034,1.0
RE1,GRDTYDELC,S102,2035,1.0
RE1,GRDTYDELC,S102,2036,1.0
RE1,GRDTYDELC,S102,2037,1.0
RE1,GRDTYDELC,S102,2038,1.0
RE1,GRDTYDELC,S102,2039,1.0
RE1,GRDTYDELC,S102,2040,1.0
RE1,GRDTYDELC,S102,2041,1.0
RE1,GRDTYDELC,S102,2042,1.0
RE1,GRDTYDELC,S102,2043,1.0
RE1,GRDTYDELC,S102,2044,1.0
RE1,GRDTYDELC,S102,2045,1.0
RE1,GRDTYDELC,S102,2046,1.0
RE1,GRDTYDELC,S102,2047,1.0
RE1,GRDTYDELC,S102,2048,1.0
RE1,GRDTYDELC,S102,2049,1.0
RE1,GRDTYDELC,S102,2050,1.0
RE1,GRDTYDELC,S102,2051,1.0
RE1,GRDTYDELC,S102,2052,1.0
RE1,GRDTYDELC,S102,2053,1.0
RE1,GRDTYDELC,S102,2054,1.0
RE1,GRDTYDELC,S102,2055,1.0
RE1,GRDZNIELC,S101,2022,1.0
RE1,GRDZNIELC,S101,2023,1.0
RE1,GRDZNIELC,S101,2024,1.0
RE1,GRDZNIELC,S101,2025,1.0
RE1,GRDZNIELC,S101,2026,1.0
RE1,GRDZNIELC,S101,2027,1.0
RE1,GRDZNIELC,S101,2028,1.0
RE1,GRDZNIELC,S101,2029,1.0
RE1,GRDZNIELC,S101,2030,1.0
RE1,GRDZNIELC,S101,2031,1.0
RE1,GRDZNIELC,S101,2032,1.0
RE1,GRDZNIELC,S101,2033,1.0
RE1,GRDZNIELC,S101,2034,1.0
RE1,GRDZNIELC,S101,2035,1.0
RE1,GRDZNIELC,S101,2036,1.0
RE1,GRDZNIELC,S101,2037,1.0
RE1,GRDZNIELC,S101,2038,1.0
RE1,GRDZNIELC,S101,2039,1.0
RE1,GRDZNIELC,S101,2040,1.0
RE1,GRDZNIELC,S101,2041,1.0
RE1,GRDZNIELC,S101,2042,1.0
RE1,GRDZNIELC,S101,2043,1.0
RE1,GRDZNIELC,S101,2044,1.0
RE1,GRDZNIELC,S101,2045,1.0
RE1,GRDZNIELC,S101,2046,1.0
RE1,GRDZNIELC,S101,2047,1.0
RE1,GRDZNIELC,S101,2048,1.0
RE1,GRDZNIELC,S101,2049,1.0
RE1,GRDZNIELC,S101,2050,1.0
RE1,GRDZNIELC,S101,2051,1.0
RE1,GRDZNIELC,S101,2052,1.0
RE1,GRDZNIELC,S101,2053,1.0
RE1,GRDZNIELC,S101,2054,1.0
RE1,GRDZNIELC,S101,2055,1.0
RE1,GRDZNIELC,S102,2022,1.0
RE1,GRDZNIELC,S102,2023,1.0
RE1,GRDZNIELC,S102,2024,1.0
RE1,GRDZNIELC,S102,2025,1.0
RE1,GRDZNIELC,S102,2026,1.0
RE1,GRDZNIELC,S102,2027,1.0
RE1,GRDZNIELC,S102,2028,1.0
RE1,GRDZNIELC,S102,2029,1.0
RE1,GRDZNIELC,S102,2030,1.0
RE1,GRDZNIELC,S102,2031,1.0
RE1,GRDZNIELC,S102,2032,1.0
RE1,GRDZNIELC,S102,2033,1.0
RE1,GRDZNIELC,S102,2034,1.0
RE1,GRDZNIELC,S102,2035,1.0
RE1,GRDZNIELC,S102,2036,1.0
RE1,GRDZNIELC,S102,2037,1.0
RE1,GRDZNIELC,S102,2038,1.0
RE1,GRDZNIELC,S102,2039,1.0
RE1,GRDZNIELC,S102,2040,1.0
RE1,GRDZNIELC,S102,2041,1.0
RE1,GRDZNIELC,S102,2042,1.0
RE1,GRDZNIELC,S102,2043,1.0
RE1,GRDZNIELC,S102,2044,1.0
RE1,GRDZNIELC,S102,2045,1.0
RE1,GRDZNIELC,S102,2046,1.0
RE1,GRDZNIELC,S102,2047,1.0
RE1,GRDZNIELC,S102,2048,1.0
RE1,GRDZNIELC,S102,2049,1.0
RE1,GRDZNIELC,S102,2050,1.0
RE1,GRDZNIELC,S102,2051,1.0
RE1,GRDZNIELC,S102,2052,1.0
RE1,GRDZNIELC,S102,2053,1.0
RE1,GRDZNIELC,S102,2054,1.0
RE1,GRDZNIELC,S102,2055,1.0
RE1,IMPDSL,S101,2022,1.0
RE1,IMPDSL,S101,2023,1.0
RE1,IMPDSL,S101,2024,1.0
RE1,IMPDSL,S101,2025,1.0
RE1,IMPDSL,S101,2026,1.0
RE1,IMPDSL,S101,2027,1.0
RE1,IMPDSL,S101,2028,1.0
RE1,IMPDSL,S101,2029,1.0
RE1,IMPDSL,S101,2030,1.0
RE1,IMPDSL,S101,2031,1.0
RE1,IMPDSL,S101,2032,1.0
RE1,IMPDSL,S101,2033,1.0
RE1,IMPDSL,S101,2034,1.0
RE1,IMPDSL,S101,2035,1.0
RE1,IMPDSL,S101,2036,1.0
RE1,IMPDSL,S101,2037,1.0
RE1,IMPDSL,S101,2038,1.0
RE1,IMPDSL,S101,2039,1.0
RE1,IMPDSL,S101,2040,1.0
RE1,IMPDSL,S101,2041,1.0
RE1,IMPDSL,S101,2042,1.0
RE1,IMPDSL,S101,2043,1.0
RE1,IMPDSL,S101,2044,1.0
RE1,IMPDSL,S101,2045,1.0
RE1,IMPDSL,S101,2046,1.0
RE1,IMPDSL,S101,2047,1.0
RE1,IMPDSL,S101,2048,1.0
RE1,IMPDSL,S101,2049,1.0
RE1,IMPDSL,S101,2050,1.0
RE1,IMPDSL,S101,2051,1.0
RE1,IMPDSL,S101,2052,1.0
RE1,IMPDSL,S101,2053,1.0
RE1,IMPDSL,S101,2054,1.0
RE1,IMPDSL,S101,2055,1.0
RE1,IMPDSL,S102,2022,1.0
RE1,IMPDSL,S102,2023,1.0
RE1,IMPDSL,S102,2024,1.0
RE1,IMPDSL,S102,2025,1.0
RE1,IMPDSL,S102,2026,1.0
RE1,IMPDSL,S102,2027,1.0
RE1,IMPDSL,S102,2028,1.0
RE1,IMPDSL,S102,2029,1.0
RE1,IMPDSL,S102,2030,1.0
RE1,IMPDSL,S102,2031,1.0
RE1,IMPDSL,S102,2032,1.0
RE1,IMPDSL,S102,2033,1.0
RE1,IMPDSL,S102,2034,1.0
RE1,IMPDSL,S102,2035,1.0
RE1,IMPDSL,S102,2036,1.0
RE1,IMPDSL,S102,2037,1.0
RE1,IMPDSL,S102,2038,1.0
RE1,IMPDSL,S102,2039,1.0
RE1,IMPDSL,S102,2040,1.0
RE1,IMPDSL,S102,2041,1.0
RE1,IMPDSL,S102,2042,1.0
RE1,IMPDSL,S102,2043,1.0
RE1,IMPDSL,S102,2044,1.0
RE1,IMPDSL,S102,2045,1.0
RE1,IMPDSL,S102,2046,1.0
RE1,IMPDSL,S102,2047,1.0
RE1,IMPDSL,S102,2048,1.0
RE1,IMPDSL,S102,2049,1.0
RE1,IMPDSL,S102,2050,1.0
RE1,IMPDSL,S102,2051,1.0
RE1,IMPDSL,S102,2052,1.0
RE1,IMPDSL,S102,2053,1.0
RE1,IMPDSL,S102,2054,1.0
RE1,IMPDSL,S102,2055,1.0
RE1,IMPFOL,S101,2022,1.0
RE1,IMPFOL,S101,2023,1.0
RE1,IMPFOL,S101,2024,1.0
RE1,IMPFOL,S101,2025,1.0
RE1,IMPFOL,S101,2026,1.0
RE1,IMPFOL,S101,2027,1.0
RE1,IMPFOL,S101,2028,1.0
RE1,IMPFOL,S101,2029,1.0
RE1,IMPFOL,S101,2030,1.0
RE1,IMPFOL,S101,2031,1.0
RE1,IMPFOL,S101,2032,1.0
RE1,IMPFOL,S101,2033,1.0
RE1,IMPFOL,S101,2034,1.0
RE1,IMPFOL,S101,2035,1.0
RE1,IMPFOL,S101,2036,1.0
RE1,IMPFOL,S101,2037,1.0
RE1,IMPFOL,S101,2038,1.0
RE1,IMPFOL,S101,2039,1.0
RE1,IMPFOL,S101,2040,1.0
RE1,IMPFOL,S101,2041,1.0
RE1,IMPFOL,S101,2042,1.0
RE1,IMPFOL,S101,2043,1.0
RE1,IMPFOL,S101,2044,1.0
RE1,IMPFOL,S101,2045,1.0
RE1,IMPFOL,S101,2046,1.0
RE1,IMPFOL,S101,2047,1.0
RE1,IMPFOL,S101,2048,1.0
RE1,IMPFOL,S101,2049,1.0
RE1,IMPFOL,S101,2050,1.0
RE1,IMPFOL,S101,2051,1.0
RE1,IMPFOL,S101,2052,1.0
RE1,IMPFOL,S101,2053,1.0
RE1,IMPFOL,S101,2054,1.0
RE1,IMPFOL,S101,2055,1.0
RE1,IMPFOL,S102,2022,1.0
RE1,IMPFOL,S102,2023,1.0
RE1,IMPFOL,S102,2024,1.0
RE1,IMPFOL,S102,2025,1.0
RE1,IMPFOL,S102,2026,1.0
RE1,IMPFOL,S102,2027,1.0
RE1,IMPFOL,S102,2028,1.0
RE1,IMPFOL,S102,2029,1.0
RE1,IMPFOL,S102,2030,1.0
RE1,IMPFOL,S102,2031,1.0
RE1,IMPFOL,S102,2032,1.0
RE1,IMPFOL,S102,2033,1.0
RE1,IMPFOL,S102,2034,1.0
RE1,IMPFOL,S102,2035,1.0
RE1,IMPFOL,S102,2036,1.0
RE1,IMPFOL,S102,2037,1.0
RE1,IMPFOL,S102,2038,1.0
RE1,IMPFOL,S102,2039,1.0
RE1,IMPFOL,S102,2040,1.0
RE1,IMPFOL,S102,2041,1.0
RE1,IMPFOL,S102,2042,1.0
RE1,IMPFOL,S102,2043,1.0
RE1,IMPFOL,S102,2044,1.0
RE1,IMPFOL,S102,2045,1.0
RE1,IMPFOL,S102,2046,1.0
RE1,IMPFOL,S102,2047,1.0
RE1,IMPFOL,S102,2048,1.0
RE1,IMPFOL,S102,2049,1.0
RE1,IMPFOL,S102,2050,1.0
RE1,IMPFOL,S102,2051,1.0
RE1,IMPFOL,S102,2052,1.0
RE1,IMPFOL,S102,2053,1.0
RE1,IMPFOL,S102,2054,1.0
RE1,IMPFOL,S102,2055,1.0
RE1,IMPGSL,S101,2022,1.0
RE1,IMPGSL,S101,2023,1.0
RE1,IMPGSL,S101,2024,1.0
RE1,IMPGSL,S101,2025,1.0
RE1,IMPGSL,S101,2026,1.0
RE1,IMPGSL,S101,2027,1.0
RE1,IMPGSL,S101,2028,1.0
RE1,IMPGSL,S101,2029,1.0
RE1,IMPGSL,S101,2030,1.0
RE1,IMPGSL,S101,2031,1.0
RE1,IMPGSL,S101,2032,1.0
RE1,IMPGSL,S101,2033,1.0
RE1,IMPGSL,S101,2034,1.0
RE1,IMPGSL,S101,2035,1.0
RE1,IMPGSL,S101,2036,1.0
RE1,IMPGSL,S101,2037,1.0
RE1,IMPGSL,S101,2038,1.0
RE1,IMPGSL,S101,2039,1.0
RE1,IMPGSL,S101,2040,1.0
RE1,IMPGSL,S101,2041,1.0
RE1,IMPGSL,S101,2042,1.0
RE1,IMPGSL,S101,2043,1.0
RE1,IMPGSL,S101,2044,1.0
RE1,IMPGSL,S101,2045,1.0
RE1,IMPGSL,S101,2046,1.0
RE1,IMPGSL,S101,2047,1.0
RE1,IMPGSL,S101,2048,1.0
RE1,IMPGSL,S101,2049,1.0
RE1,IMPGSL,S101,2050,1.0
RE1,IMPGSL,S101,2051,1.0
RE1,IMPGSL,S101,2052,1.0
RE1,IMPGSL,S101,2053,1.0
RE1,IMPGSL,S101,2054,1.0
RE1,IMPGSL,S101,2055,1.0
RE1,IMPGSL,S102,2022,1.0
RE1,IMPGSL,S102,2023,1.0
RE1,IMPGSL,S102,2024,1.0
RE1,IMPGSL,S102,2025,1.0
RE1,IMPGSL,S102,2026,1.0
RE1,IMPGSL,S102,2027,1.0
RE1,IMPGSL,S102,2028,1.0
RE1,IMPGSL,S102,2029,1.0
RE1,IMPGSL,S102,2030,1.0
RE1,IMPGSL,S102,2031,1.0
RE1,IMPGSL,S102,2032,1.0
RE1,IMPGSL,S102,2033,1.0
RE1,IMPGSL,S102,2034,1.0
RE1,IMPGSL,S102,2035,1.0
RE1,IMPGSL,S102,2036,1.0
RE1,IMPGSL,S102,2037,1.0
RE1,IMPGSL,S102,2038,1.0
RE1,IMPGSL,S102,2039,1.0
RE1,IMPGSL,S102,2040,1.0
RE1,IMPGSL,S102,2041,1.0
RE1,IMPGSL,S102,2042,1.0
RE1,IMPGSL,S102,2043,1.0
RE1,IMPGSL,S102,2044,1.0
RE1,IMPGSL,S102,2045,1.0
RE1,IMPGSL,S102,2046,1.0
RE1,IMPGSL,S102,2047,1.0
RE1,IMPGSL,S102,2048,1.0
RE1,IMPGSL,S102,2049,1.0
RE1,IMPGSL,S102,2050,1.0
RE1,IMPGSL,S102,2051,1.0
RE1,IMPGSL,S102,2052,1.0
RE1,IMPGSL,S102,2053,1.0
RE1,IMPGSL,S102,2054,1.0
RE1,IMPGSL,S102,2055,1.0
RE1,IMPJET,S101,2022,1.0
RE1,IMPJET,S101,2023,1.0
RE1,IMPJET,S101,2024,1.0
RE1,IMPJET,S101,2025,1.0
RE1,IMPJET,S101,2026,1.0
RE1,IMPJET,S101,2027,1.0
RE1,IMPJET,S101,2028,1.0
RE1,IMPJET,S101,2029,1.0
RE1,IMPJET,S101,2030,1.0
RE1,IMPJET,S101,2031,1.0
RE1,IMPJET,S101,2032,1.0
RE1,IMPJET,S101,2033,1.0
RE1,IMPJET,S101,2034,1.0
RE1,IMPJET,S101,2035,1.0
RE1,IMPJET,S101,2036,1.0
RE1,IMPJET,S101,2037,1.0
RE1,IMPJET,S101,2038,1.0
RE1,IMPJET,S101,2039,1.0
RE1,IMPJET,S101,2040,1.0
RE1,IMPJET,S101,2041,1.0
RE1,IMPJET,S101,2042,1.0
RE1,IMPJET,S101,2043,1.0
RE1,IMPJET,S101,2044,1.0
RE1,IMPJET,S101,2045,1.0
RE1,IMPJET,S101,2046,1.0
RE1,IMPJET,S101,2047,1.0
RE1,IMPJET,S101,2048,1.0
RE1,IMPJET,S101,2049,1.0
RE1,IMPJET,S101,2050,1.0
RE1,IMPJET,S101,2051,1.0
RE1,IMPJET,S101,2052,1.0
RE1,IMPJET,S101,2053,1.0
RE1,IMPJET,S101,2054,1.0
RE1,IMPJET,S101,2055,1.0
RE1,IMPJET,S102,2022,1.0
RE1,IMPJET,S102,2023,1.0
RE1,IMPJET,S102,2024,1.0
RE1,IMPJET,S102,2025,1.0
RE1,IMPJET,S102,2026,1.0
RE1,IMPJET,S102,2027,1.0
RE1,IMPJET,S102,2028,1.0
RE1,IMPJET,S102,2029,1.0
RE1,IMPJET,S102,2030,1.0
RE1,IMPJET,S102,2031,1.0
RE1,IMPJET,S102,2032,1.0
RE1,IMPJET,S102,2033,1.0
RE1,IMPJET,S102,2034,1.0
RE1,IMPJET,S102,2035,1.0
RE1,IMPJET,S102,2036,1.0
RE1,IMPJET,S102,2037,1.0
RE1,IMPJET,S102,2038,1.0
RE1,IMPJET,S102,2039,1.0
RE1,IMPJET,S102,2040,1.0
RE1,IMPJET,S102,2041,1.0
RE1,IMPJET,S102,2042,1.0
RE1,IMPJET,S102,2043,1.0
RE1,IMPJET,S102,2044,1.0
RE1,IMPJET,S102,2045,1.0
RE1,IMPJET,S102,2046,1.0
RE1,IMPJET,S102,2047,1.0
RE1,IMPJET,S102,2048,1.0
RE1,IMPJET,S102,2049,1.0
RE1,IMPJET,S102,2050,1.0
RE1,IMPJET,S102,2051,1.0
RE1,IMPJET,S102,2052,1.0
RE1,IMPJET,S102,2053,1.0
RE1,IMPJET,S102,2054,1.0
RE1,IMPJET,S102,2055,1.0
RE1,IMPLNG,S101,2022,1.0
RE1,IMPLNG,S101,2023,1.0
RE1,IMPLNG,S101,2024,1.0
RE1,IMPLNG,S101,2025,1.0
RE1,IMPLNG,S101,2026,1.0
RE1,IMPLNG,S101,2027,1.0
RE1,IMPLNG,S101,2028,1.0
RE1,IMPLNG,S101,2029,1.0
RE1,IMPLNG,S101,2030,1.0
RE1,IMPLNG,S101,2031,1.0
RE1,IMPLNG,S101,2032,1.0
RE1,IMPLNG,S101,2033,1.0
RE1,IMPLNG,S101,2034,1.0
RE1,IMPLNG,S101,2035,1.0
RE1,IMPLNG,S101,2036,1.0
RE1,IMPLNG,S101,2037,1.0
RE1,IMPLNG,S101,2038,1.0
RE1,IMPLNG,S101,2039,1.0
RE1,IMPLNG,S101,2040,1.0
RE1,IMPLNG,S101,2041,1.0
RE1,IMPLNG,S101,2042,1.0
RE1,IMPLNG,S101,2043,1.0
RE1,IMPLNG,S101,2044,1.0
RE1,IMPLNG,S101,2045,1.0
RE1,IMPLNG,S101,2046,1.0
RE1,IMPLNG,S101,2047,1.0
RE1,IMPLNG,S101,2048,1.0
RE1,IMPLNG,S101,2049,1.0
RE1,IMPLNG,S101,2050,1.0
RE1,IMPLNG,S101,2051,1.0
RE1,IMPLNG,S101,2052,1.0
RE1,IMPLNG,S101,2053,1.0
RE1,IMPLNG,S101,2054,1.0
RE1,IMPLNG,S101,2055,1.0
RE1,IMPLNG,S102,2022,1.0
RE1,IMPLNG,S102,2023,1.0
RE1,IMPLNG,S102,2024,1.0
RE1,IMPLNG,S102,2025,1.0
RE1,IMPLNG,S102,2026,1.0
RE1,IMPLNG,S102,2027,1.0
RE1,IMPLNG,S102,2028,1.0
RE1,IMPLNG,S102,2029,1.0
RE1,IMPLNG,S102,2030,1.0
RE1,IMPLNG,S102,2031,1.0
RE1,IMPLNG,S102,2032,1.0
RE1,IMPLNG,S102,2033,1.0
RE1,IMPLNG,S102,2034,1.0
RE1,IMPLNG,S102,2035,1.0
RE1,IMPLNG,S102,2036,1.0
RE1,IMPLNG,S102,2037,1.0
RE1,IMPLNG,S102,2038,1.0
RE1,IMPLNG,S102,2039,1.0
RE1,IMPLNG,S102,2040,1.0
RE1,IMPLNG,S102,2041,1.0
RE1,IMPLNG,S102,2042,1.0
RE1,IMPLNG,S102,2043,1.0
RE1,IMPLNG,S102,2044,1.0
RE1,IMPLNG,S102,2045,1.0
RE1,IMPLNG,S102,2046,1.0
RE1,IMPLNG,S102,2047,1.0
RE1,IMPLNG,S102,2048,1.0
RE1,IMPLNG,S102,2049,1.0
RE1,IMPLNG,S102,2050,1.0
RE1,IMPLNG,S102,2051,1.0
RE1,IMPLNG,S102,2052,1.0
RE1,IMPLNG,S102,2053,1.0
RE1,IMPLNG,S102,2054,1.0
RE1,IMPLNG,S102,2055,1.0
RE1,IMPLPG,S101,2022,1.0
RE1,IMPLPG,S101,2023,1.0
RE1,IMPLPG,S101,2024,1.0
RE1,IMPLPG,S101,2025,1.0
RE1,IMPLPG,S101,2026,1.0
RE1,IMPLPG,S101,2027,1.0
RE1,IMPLPG,S101,2028,1.0
RE1,IMPLPG,S101,2029,1.0
RE1,IMPLPG,S101,2030,1.0
RE1,IMPLPG,S101,2031,1.0
RE1,IMPLPG,S101,2032,1.0
RE1,IMPLPG,S101,2033,1.0
RE1,IMPLPG,S101,2034,1.0
RE1,IMPLPG,S101,2035,1.0
RE1,IMPLPG,S101,2036,1.0
RE1,IMPLPG,S101,2037,1.0
RE1,IMPLPG,S101,2038,1.0
RE1,IMPLPG,S101,2039,1.0
RE1,IMPLPG,S101,2040,1.0
RE1,IMPLPG,S101,2041,1.0
RE1,IMPLPG,S101,2042,1.0
RE1,IMPLPG,S101,2043,1.0
RE1,IMPLPG,S101,2044,1.0
RE1,IMPLPG,S101,2045,1.0
RE1,IMPLPG,S101,2046,1.0
RE1,IMPLPG,S101,2047,1.0
RE1,IMPLPG,S101,2048,1.0
RE1,IMPLPG,S101,2049,1.0
RE1,IMPLPG,S101,2050,1.0
RE1,IMPLPG,S101,2051,1.0
RE1,IMPLPG,S101,2052,1.0
RE1,IMPLPG,S101,2053,1.0
RE1,IMPLPG,S101,2054,1.0
RE1,IMPLPG,S101,2055,1.0
RE1,IMPLPG,S102,2022,1.0
RE1,IMPLPG,S102,2023,1.0
RE1,IMPLPG,S102,2024,1.0
RE1,IMPLPG,S102,2025,1.0
RE1,IMPLPG,S102,2026,1.0
RE1,IMPLPG,S102,2027,1.0
RE1,IMPLPG,S102,2028,1.0
RE1,IMPLPG,S102,2029,1.0
RE1,IMPLPG,S102,2030,1.0
RE1,IMPLPG,S102,2031,1.0
RE1,IMPLPG,S102,2032,1.0
RE1,IMPLPG,S102,2033,1.0
RE1,IMPLPG,S102,2034,1.0
RE1,IMPLPG,S102,2035,1.0
RE1,IMPLPG,S102,2036,1.0
RE1,IMPLPG,S102,2037,1.0
RE1,IMPLPG,S102,2038,1.0
RE1,IMPLPG,S102,2039,1.0
RE1,IMPLPG,S102,2040,1.0
RE1,IMPLPG,S102,2041,1.0
RE1,IMPLPG,S102,2042,1.0
RE1,IMPLPG,S102,2043,1.0
RE1,IMPLPG,S102,2044,1.0
RE1,IMPLPG,S102,2045,1.0
RE1,IMPLPG,S102,2046,1.0
RE1,IMPLPG,S102,2047,1.0
RE1,IMPLPG,S102,2048,1.0
RE1,IMPLPG,S102,2049,1.0
RE1,IMPLPG,S102,2050,1.0
RE1,IMPLPG,S102,2051,1.0
RE1,IMPLPG,S102,2052,1.0
RE1,IMPLPG,S102,2053,1.0
RE1,IMPLPG,S102,2054,1.0
RE1,IMPLPG,S102,2055,1.0
RE1,IMPURN,S101,2022,1.0
RE1,IMPURN,S101,2023,1.0
RE1,IMPURN,S101,2024,1.0
RE1,IMPURN,S101,2025,1.0
RE1,IMPURN,S101,2026,1.0
RE1,IMPURN,S101,2027,1.0
RE1,IMPURN,S101,2028,1.0
RE1,IMPURN,S101,2029,1.0
RE1,IMPURN,S101,2030,1.0
RE1,IMPURN,S101,2031,1.0
RE1,IMPURN,S101,2032,1.0
RE1,IMPURN,S101,2033,1.0
RE1,IMPURN,S101,2034,1.0
RE1,IMPURN,S101,2035,1.0
RE1,IMPURN,S101,2036,1.0
RE1,IMPURN,S101,2037,1.0
RE1,IMPURN,S101,2038,1.0
RE1,IMPURN,S101,2039,1.0
RE1,IMPURN,S101,2040,1.0
RE1,IMPURN,S101,2041,1.0
RE1,IMPURN,S101,2042,1.0
RE1,IMPURN,S101,2043,1.0
RE1,IMPURN,S101,2044,1.0
RE1,IMPURN,S101,2045,1.0
RE1,IMPURN,S101,2046,1.0
RE1,IMPURN,S101,2047,1.0
RE1,IMPURN,S101,2048,1.0
RE1,IMPURN,S101,2049,1.0
RE1,IMPURN,S101,2050,1.0
RE1,IMPURN,S101,2051,1.0
RE1,IMPURN,S101,2052,1.0
RE1,IMPURN,S101,2053,1.0
RE1,IMPURN,S101,2054,1.0
RE1,IMPURN,S101,2055,1.0
RE1,IMPURN,S102,2022,1.0
RE1,IMPURN,S102,2023,1.0
RE1,IMPURN,S102,2024,1.0
RE1,IMPURN,S102,2025,1.0
RE1,IMPURN,S102,2026,1.0
RE1,IMPURN,S102,2027,1.0
RE1,IMPURN,S102,2028,1.0
RE1,IMPURN,S102,2029,1.0
RE1,IMPURN,S102,2030,1.0
RE1,IMPURN,S102,2031,1.0
RE1,IMPURN,S102,2032,1.0
RE1,IMPURN,S102,2033,1.0
RE1,IMPURN,S102,2034,1.0
RE1,IMPURN,S102,2035,1.0
RE1,IMPURN,S102,2036,1.0
RE1,IMPURN,S102,2037,1.0
RE1,IMPURN,S102,2038,1.0
RE1,IMPURN,S102,2039,1.0
RE1,IMPURN,S102,2040,1.0
RE1,IMPURN,S102,2041,1.0
RE1,IMPURN,S102,2042,1.0
RE1,IMPURN,S102,2043,1.0
RE1,IMPURN,S102,2044,1.0
RE1,IMPURN,S102,2045,1.0
RE1,IMPURN,S102,2046,1.0
RE1,IMPURN,S102,2047,1.0
RE1,IMPURN,S102,2048,1.0
RE1,IMPURN,S102,2049,1.0
RE1,IMPURN,S102,2050,1.0
RE1,IMPURN,S102,2051,1.0
RE1,IMPURN,S102,2052,1.0
RE1,IMPURN,S102,2053,1.0
RE1,IMPURN,S102,2054,1.0
RE1,IMPURN,S102,2055,1.0
RE1,MINAFR,S101,2022,1.0
RE1,MINAFR,S101,2023,1.0
RE1,MINAFR,S101,2024,1.0
RE1,MINAFR,S101,2025,1.0
RE1,MINAFR,S101,2026,1.0
RE1,MINAFR,S101,2027,1.0
RE1,MINAFR,S101,2028,1.0
RE1,MINAFR,S101,2029,1.0
RE1,MINAFR,S101,2030,1.0
RE1,MINAFR,S101,2031,1.0
RE1,MINAFR,S101,2032,1.0
RE1,MINAFR,S101,2033,1.0
RE1,MINAFR,S101,2034,1.0
RE1,MINAFR,S101,2035,1.0
RE1,MINAFR,S101,2036,1.0
RE1,MINAFR,S101,2037,1.0
RE1,MINAFR,S101,2038,1.0
RE1,MINAFR,S101,2039,1.0
RE1,MINAFR,S101,2040,1.0
RE1,MINAFR,S101,2041,1.0
RE1,MINAFR,S101,2042,1.0
RE1,MINAFR,S101,2043,1.0
RE1,MINAFR,S101,2044,1.0
RE1,MINAFR,S101,2045,1.0
RE1,MINAFR,S101,2046,1.0
RE1,MINAFR,S101,2047,1.0
RE1,MINAFR,S101,2048,1.0
RE1,MINAFR,S101,2049,1.0
RE1,MINAFR,S101,2050,1.0
RE1,MINAFR,S101,2051,1.0
RE1,MINAFR,S101,2052,1.0
RE1,MINAFR,S101,2053,1.0
RE1,MINAFR,S101,2054,1.0
RE1,MINAFR,S101,2055,1.0
RE1,MINAFR,S102,2022,1.0
RE1,MINAFR,S102,2023,1.0
RE1,MINAFR,S102,2024,1.0
RE1,MINAFR,S102,2025,1.0
RE1,MINAFR,S102,2026,1.0
RE1,MINAFR,S102,2027,1.0
RE1,MINAFR,S102,2028,1.0
RE1,MINAFR,S102,2029,1.0
RE1,MINAFR,S102,2030,1.0
RE1,MINAFR,S102,2031,1.0
RE1,MINAFR,S102,2032,1.0
RE1,MINAFR,S102,2033,1.0
RE1,MINAFR,S102,2034,1.0
RE1,MINAFR,S102,2035,1.0
RE1,MINAFR,S102,2036,1.0
RE1,MINAFR,S102,2037,1.0
RE1,MINAFR,S102,2038,1.0
RE1,MINAFR,S102,2039,1.0
RE1,MINAFR,S102,2040,1.0
RE1,MINAFR,S102,2041,1.0
RE1,MINAFR,S102,2042,1.0
RE1,MINAFR,S102,2043,1.0
RE1,MINAFR,S102,2044,1.0
RE1,MINAFR,S102,2045,1.0
RE1,MINAFR,S102,2046,1.0
RE1,MINAFR,S102,2047,1.0
RE1,MINAFR,S102,2048,1.0
RE1,MINAFR,S102,2049,1.0
RE1,MINAFR,S102,2050,1.0
RE1,MINAFR,S102,2051,1.0
RE1,MINAFR,S102,2052,1.0
RE1,MINAFR,S102,2053,1.0
RE1,MINAFR,S102,2054,1.0
RE1,MINAFR,S102,2055,1.0
RE1,MINBAG,S101,2022,1.0
RE1,MINBAG,S101,2023,1.0
RE1,MINBAG,S101,2024,1.0
RE1,MINBAG,S101,2025,1.0
RE1,MINBAG,S101,2026,1.0
RE1,MINBAG,S101,2027,1.0
RE1,MINBAG,S101,2028,1.0
RE1,MINBAG,S101,2029,1.0
RE1,MINBAG,S101,2030,1.0
RE1,MINBAG,S101,2031,1.0
RE1,MINBAG,S101,2032,1.0
RE1,MINBAG,S101,2033,1.0
RE1,MINBAG,S101,2034,1.0
RE1,MINBAG,S101,2035,1.0
RE1,MINBAG,S101,2036,1.0
RE1,MINBAG,S101,2037,1.0
RE1,MINBAG,S101,2038,1.0
RE1,MINBAG,S101,2039,1.0
RE1,MINBAG,S101,2040,1.0
RE1,MINBAG,S101,2041,1.0
RE1,MINBAG,S101,2042,1.0
RE1,MINBAG,S101,2043,1.0
RE1,MINBAG,S101,2044,1.0
RE1,MINBAG,S101,2045,1.0
RE1,MINBAG,S101,2046,1.0
RE1,MINBAG,S101,2047,1.0
RE1,MINBAG,S101,2048,1.0
RE1,MINBAG,S101,2049,1.0
RE1,MINBAG,S101,2050,1.0
RE1,MINBAG,S101,2051,1.0
RE1,MINBAG,S101,2052,1.0
RE1,MINBAG,S101,2053,1.0
RE1,MINBAG,S101,2054,1.0
RE1,MINBAG,S101,2055,1.0
RE1,MINBAG,S102,2022,1.0
RE1,MINBAG,S102,2023,1.0
RE1,MINBAG,S102,2024,1.0
RE1,MINBAG,S102,2025,1.0
RE1,MINBAG,S102,2026,1.0
RE1,MINBAG,S102,2027,1.0
RE1,MINBAG,S102,2028,1.0
RE1,MINBAG,S102,2029,1.0
RE1,MINBAG,S102,2030,1.0
RE1,MINBAG,S102,2031,1.0
RE1,MINBAG,S102,2032,1.0
RE1,MINBAG,S102,2033,1.0
RE1,MINBAG,S102,2034,1.0
RE1,MINBAG,S102,2035,1.0
RE1,MINBAG,S102,2036,1.0
RE1,MINBAG,S102,2037,1.0
RE1,MINBAG,S102,2038,1.0
RE1,MINBAG,S102,2039,1.0
RE1,MINBAG,S102,2040,1.0
RE1,MINBAG,S102,2041,1.0
RE1,MINBAG,S102,2042,1.0
RE1,MINBAG,S102,2043,1.0
RE1,MINBAG,S102,2044,1.0
RE1,MINBAG,S102,2045,1.0
RE1,MINBAG,S102,2046,1.0
RE1,MINBAG,S102,2047,1.0
RE1,MINBAG,S102,2048,1.0
RE1,MINBAG,S102,2049,1.0
RE1,MINBAG,S102,2050,1.0
RE1,MINBAG,S102,2051,1.0
RE1,MINBAG,S102,2052,1.0
RE1,MINBAG,S102,2053,1.0
RE1,MINBAG,S102,2054,1.0
RE1,MINBAG,S102,2055,1.0
RE1,MINCOA,S101,2022,1.0
RE1,MINCOA,S101,2023,1.0
RE1,MINCOA,S101,2024,1.0
RE1,MINCOA,S101,2025,1.0
RE1,MINCOA,S101,2026,1.0
RE1,MINCOA,S101,2027,1.0
RE1,MINCOA,S101,2028,1.0
RE1,MINCOA,S101,2029,1.0
RE1,MINCOA,S101,2030,1.0
RE1,MINCOA,S101,2031,1.0
RE1,MINCOA,S101,2032,1.0
RE1,MINCOA,S101,2033,1.0
RE1,MINCOA,S101,2034,1.0
RE1,MINCOA,S101,2035,1.0
RE1,MINCOA,S101,2036,1.0
RE1,MINCOA,S101,2037,1.0
RE1,MINCOA,S101,2038,1.0
RE1,MINCOA,S101,2039,1.0
RE1,MINCOA,S101,2040,1.0
RE1,MINCOA,S101,2041,1.0
RE1,MINCOA,S101,2042,1.0
RE1,MINCOA,S101,2043,1.0
RE1,MINCOA,S101,2044,1.0
RE1,MINCOA,S101,2045,1.0
RE1,MINCOA,S101,2046,1.0
RE1,MINCOA,S101,2047,1.0
RE1,MINCOA,S101,2048,1.0
RE1,MINCOA,S101,2049,1.0
RE1,MINCOA,S101,2050,1.0
RE1,MINCOA,S101,2051,1.0
RE1,MINCOA,S101,2052,1.0
RE1,MINCOA,S101,2053,1.0
RE1,MINCOA,S101,2054,1.0
RE1,MINCOA,S101,2055,1.0
RE1,MINCOA,S102,2022,1.0
RE1,MINCOA,S102,2023,1.0
RE1,MINCOA,S102,2024,1.0
RE1,MINCOA,S102,2025,1.0
RE1,MINCOA,S102,2026,1.0
RE1,MINCOA,S102,2027,1.0
RE1,MINCOA,S102,2028,1.0
RE1,MINCOA,S102,2029,1.0
RE1,MINCOA,S102,2030,1.0
RE1,MINCOA,S102,2031,1.0
RE1,MINCOA,S102,2032,1.0
RE1,MINCOA,S102,2033,1.0
RE1,MINCOA,S102,2034,1.0
RE1,MINCOA,S102,2035,1.0
RE1,MINCOA,S102,2036,1.0
RE1,MINCOA,S102,2037,1.0
RE1,MINCOA,S102,2038,1.0
RE1,MINCOA,S102,2039,1.0
RE1,MINCOA,S102,2040,1.0
RE1,MINCOA,S102,2041,1.0
RE1,MINCOA,S102,2042,1.0
RE1,MINCOA,S102,2043,1.0
RE1,MINCOA,S102,2044,1.0
RE1,MINCOA,S102,2045,1.0
RE1,MINCOA,S102,2046,1.0
RE1,MINCOA,S102,2047,1.0
RE1,MINCOA,S102,2048,1.0
RE1,MINCOA,S102,2049,1.0
RE1,MINCOA,S102,2050,1.0
RE1,MINCOA,S102,2051,1.0
RE1,MINCOA,S102,2052,1.0
RE1,MINCOA,S102,2053,1.0
RE1,MINCOA,S102,2054,1.0
RE1,MINCOA,S102,2055,1.0
RE1,MINCSP,S101,2022,1.0
RE1,MINCSP,S101,2023,1.0
RE1,MINCSP,S101,2024,1.0
RE1,MINCSP,S101,2025,1.0
RE1,MINCSP,S101,2026,1.0
RE1,MINCSP,S101,2027,1.0
RE1,MINCSP,S101,2028,1.0
RE1,MINCSP,S101,2029,1.0
RE1,MINCSP,S101,2030,1.0
RE1,MINCSP,S101,2031,1.0
RE1,MINCSP,S101,2032,1.0
RE1,MINCSP,S101,2033,1.0
RE1,MINCSP,S101,2034,1.0
RE1,MINCSP,S101,2035,1.0
RE1,MINCSP,S101,2036,1.0
RE1,MINCSP,S101,2037,1.0
RE1,MINCSP,S101,2038,1.0
RE1,MINCSP,S101,2039,1.0
RE1,MINCSP,S101,2040,1.0
RE1,MINCSP,S101,2041,1.0
RE1,MINCSP,S101,2042,1.0
RE1,MINCSP,S101,2043,1.0
RE1,MINCSP,S101,2044,1.0
RE1,MINCSP,S101,2045,1.0
RE1,MINCSP,S101,2046,1.0
RE1,MINCSP,S101,2047,1.0
RE1,MINCSP,S101,2048,1.0
RE1,MINCSP,S101,2049,1.0
RE1,MINCSP,S101,2050,1.0
RE1,MINCSP,S101,2051,1.0
RE1,MINCSP,S101,2052,1.0
RE1,MINCSP,S101,2053,1.0
RE1,MINCSP,S101,2054,1.0
RE1,MINCSP,S101,2055,1.0
RE1,MINCSP,S102,2022,1.0
RE1,MINCSP,S102,2023,1.0
RE1,MINCSP,S102,2024,1.0
RE1,MINCSP,S102,2025,1.0
RE1,MINCSP,S102,2026,1.0
RE1,MINCSP,S102,2027,1.0
RE1,MINCSP,S102,2028,1.0
RE1,MINCSP,S102,2029,1.0
RE1,MINCSP,S102,2030,1.0
RE1,MINCSP,S102,2031,1.0
RE1,MINCSP,S102,2032,1.0
RE1,MINCSP,S102,2033,1.0
RE1,MINCSP,S102,2034,1.0
RE1,MINCSP,S102,2035,1.0
RE1,MINCSP,S102,2036,1.0
RE1,MINCSP,S102,2037,1.0
RE1,MINCSP,S102,2038,1.0
RE1,MINCSP,S102,2039,1.0
RE1,MINCSP,S102,2040,1.0
RE1,MINCSP,S102,2041,1.0
RE1,MINCSP,S102,2042,1.0
RE1,MINCSP,S102,2043,1.0
RE1,MINCSP,S102,2044,1.0
RE1,MINCSP,S102,2045,1.0
RE1,MINCSP,S102,2046,1.0
RE1,MINCSP,S102,2047,1.0
RE1,MINCSP,S102,2048,1.0
RE1,MINCSP,S102,2049,1.0
RE1,MINCSP,S102,2050,1.0
RE1,MINCSP,S102,2051,1.0
RE1,MINCSP,S102,2052,1.0
RE1,MINCSP,S102,2053,1.0
RE1,MINCSP,S102,2054,1.0
RE1,MINCSP,S102,2055,1.0
RE1,MINDAM,S101,2022,1.0
RE1,MINDAM,S101,2023,1.0
RE1,MINDAM,S101,2024,1.0
RE1,MINDAM,S101,2025,1.0
RE1,MINDAM,S101,2026,1.0
RE1,MINDAM,S101,2027,1.0
RE1,MINDAM,S101,2028,1.0
RE1,MINDAM,S101,2029,1.0
RE1,MINDAM,S101,2030,1.0
RE1,MINDAM,S101,2031,1.0
RE1,MINDAM,S101,2032,1.0
RE1,MINDAM,S101,2033,1.0
RE1,MINDAM,S101,2034,1.0
RE1,MINDAM,S101,2035,1.0
RE1,MINDAM,S101,2036,1.0
RE1,MINDAM,S101,2037,1.0
RE1,MINDAM,S101,2038,1.0
RE1,MINDAM,S101,2039,1.0
RE1,MINDAM,S101,2040,1.0
RE1,MINDAM,S101,2041,1.0
RE1,MINDAM,S101,2042,1.0
RE1,MINDAM,S101,2043,1.0
RE1,MINDAM,S101,2044,1.0
RE1,MINDAM,S101,2045,1.0
RE1,MINDAM,S101,2046,1.0
RE1,MINDAM,S101,2047,1.0
RE1,MINDAM,S101,2048,1.0
RE1,MINDAM,S101,2049,1.0
RE1,MINDAM,S101,2050,1.0
RE1,MINDAM,S101,2051,1.0
RE1,MINDAM,S101,2052,1.0
RE1,MINDAM,S101,2053,1.0
RE1,MINDAM,S101,2054,1.0
RE1,MINDAM,S101,2055,1.0
RE1,MINDAM,S102,2022,1.0
RE1,MINDAM,S102,2023,1.0
RE1,MINDAM,S102,2024,1.0
RE1,MINDAM,S102,2025,1.0
RE1,MINDAM,S102,2026,1.0
RE1,MINDAM,S102,2027,1.0
RE1,MINDAM,S102,2028,1.0
RE1,MINDAM,S102,2029,1.0
RE1,MINDAM,S102,2030,1.0
RE1,MINDAM,S102,2031,1.0
RE1,MINDAM,S102,2032,1.0
RE1,MINDAM,S102,2033,1.0
RE1,MINDAM,S102,2034,1.0
RE1,MINDAM,S102,2035,1.0
RE1,MINDAM,S102,2036,1.0
RE1,MINDAM,S102,2037,1.0
RE1,MINDAM,S102,2038,1.0
RE1,MINDAM,S102,2039,1.0
RE1,MINDAM,S102,2040,1.0
RE1,MINDAM,S102,2041,1.0
RE1,MINDAM,S102,2042,1.0
RE1,MINDAM,S102,2043,1.0
RE1,MINDAM,S102,2044,1.0
RE1,MINDAM,S102,2045,1.0
RE1,MINDAM,S102,2046,1.0
RE1,MINDAM,S102,2047,1.0
RE1,MINDAM,S102,2048,1.0
RE1,MINDAM,S102,2049,1.0
RE1,MINDAM,S102,2050,1.0
RE1,MINDAM,S102,2051,1.0
RE1,MINDAM,S102,2052,1.0
RE1,MINDAM,S102,2053,1.0
RE1,MINDAM,S102,2054,1.0
RE1,MINDAM,S102,2055,1.0
RE1,MINGEO,S101,2022,1.0
RE1,MINGEO,S101,2023,1.0
RE1,MINGEO,S101,2024,1.0
RE1,MINGEO,S101,2025,1.0
RE1,MINGEO,S101,2026,1.0
RE1,MINGEO,S101,2027,1.0
RE1,MINGEO,S101,2028,1.0
RE1,MINGEO,S101,2029,1.0
RE1,MINGEO,S101,2030,1.0
RE1,MINGEO,S101,2031,1.0
RE1,MINGEO,S101,2032,1.0
RE1,MINGEO,S101,2033,1.0
RE1,MINGEO,S101,2034,1.0
RE1,MINGEO,S101,2035,1.0
RE1,MINGEO,S101,2036,1.0
RE1,MINGEO,S101,2037,1.0
RE1,MINGEO,S101,2038,1.0
RE1,MINGEO,S101,2039,1.0
RE1,MINGEO,S101,2040,1.0
RE1,MINGEO,S101,2041,1.0
RE1,MINGEO,S101,2042,1.0
RE1,MINGEO,S101,2043,1.0
RE1,MINGEO,S101,2044,1.0
RE1,MINGEO,S101,2045,1.0
RE1,MINGEO,S101,2046,1.0
RE1,MINGEO,S101,2047,1.0
RE1,MINGEO,S101,2048,1.0
RE1,MINGEO,S101,2049,1.0
RE1,MINGEO,S101,2050,1.0
RE1,MINGEO,S101,2051,1.0
RE1,MINGEO,S101,2052,1.0
RE1,MINGEO,S101,2053,1.0
RE1,MINGEO,S101,2054,1.0
RE1,MINGEO,S101,2055,1.0
RE1,MINGEO,S102,2022,1.0
RE1,MINGEO,S102,2023,1.0
RE1,MINGEO,S102,2024,1.0
RE1,MINGEO,S102,2025,1.0
RE1,MINGEO,S102,2026,1.0
RE1,MINGEO,S102,2027,1.0
RE1,MINGEO,S102,2028,1.0
RE1,MINGEO,S102,2029,1.0
RE1,MINGEO,S102,2030,1.0
RE1,MINGEO,S102,2031,1.0
RE1,MINGEO,S102,2032,1.0
RE1,MINGEO,S102,2033,1.0
RE1,MINGEO,S102,2034,1.0
RE1,MINGEO,S102,2035,1.0
RE1,MINGEO,S102,2036,1.0
RE1,MINGEO,S102,2037,1.0
RE1,MINGEO,S102,2038,1.0
RE1,MINGEO,S102,2039,1.0
RE1,MINGEO,S102,2040,1.0
RE1,MINGEO,S102,2041,1.0
RE1,MINGEO,S102,2042,1.0
RE1,MINGEO,S102,2043,1.0
RE1,MINGEO,S102,2044,1.0
RE1,MINGEO,S102,2045,1.0
RE1,MINGEO,S102,2046,1.0
RE1,MINGEO,S102,2047,1.0
RE1,MINGEO,S102,2048,1.0
RE1,MINGEO,S102,2049,1.0
RE1,MINGEO,S102,2050,1.0
RE1,MINGEO,S102,2051,1.0
RE1,MINGEO,S102,2052,1.0
RE1,MINGEO,S102,2053,1.0
RE1,MINGEO,S102,2054,1.0
RE1,MINGEO,S102,2055,1.0
RE1,MINNGS,S101,2022,1.0
RE1,MINNGS,S101,2023,1.0
RE1,MINNGS,S101,2024,1.0
RE1,MINNGS,S101,2025,1.0
RE1,MINNGS,S101,2026,1.0
RE1,MINNGS,S101,2027,1.0
RE1,MINNGS,S101,2028,1.0
RE1,MINNGS,S101,2029,1.0
RE1,MINNGS,S101,2030,1.0
RE1,MINNGS,S101,2031,1.0
RE1,MINNGS,S101,2032,1.0
RE1,MINNGS,S101,2033,1.0
RE1,MINNGS,S101,2034,1.0
RE1,MINNGS,S101,2035,1.0
RE1,MINNGS,S101,2036,1.0
RE1,MINNGS,S101,2037,1.0
RE1,MINNGS,S101,2038,1.0
RE1,MINNGS,S101,2039,1.0
RE1,MINNGS,S101,2040,1.0
RE1,MINNGS,S101,2041,1.0
RE1,MINNGS,S101,2042,1.0
RE1,MINNGS,S101,2043,1.0
RE1,MINNGS,S101,2044,1.0
RE1,MINNGS,S101,2045,1.0
RE1,MINNGS,S101,2046,1.0
RE1,MINNGS,S101,2047,1.0
RE1,MINNGS,S101,2048,1.0
RE1,MINNGS,S101,2049,1.0
RE1,MINNGS,S101,2050,1.0
RE1,MINNGS,S101,2051,1.0
RE1,MINNGS,S101,2052,1.0
RE1,MINNGS,S101,2053,1.0
RE1,MINNGS,S101,2054,1.0
RE1,MINNGS,S101,2055,1.0
RE1,MINNGS,S102,2022,1.0
RE1,MINNGS,S102,2023,1.0
RE1,MINNGS,S102,2024,1.0
RE1,MINNGS,S102,2025,1.0
RE1,MINNGS,S102,2026,1.0
RE1,MINNGS,S102,2027,1.0
RE1,MINNGS,S102,2028,1.0
RE1,MINNGS,S102,2029,1.0
RE1,MINNGS,S102,2030,1.0
RE1,MINNGS,S102,2031,1.0
RE1,MINNGS,S102,2032,1.0
RE1,MINNGS,S102,2033,1.0
RE1,MINNGS,S102,2034,1.0
RE1,MINNGS,S102,2035,1.0
RE1,MINNGS,S102,2036,1.0
RE1,MINNGS,S102,2037,1.0
RE1,MINNGS,S102,2038,1.0
RE1,MINNGS,S102,2039,1.0
RE1,MINNGS,S102,2040,1.0
RE1,MINNGS,S102,2041,1.0
RE1,MINNGS,S102,2042,1.0
RE1,MINNGS,S102,2043,1.0
RE1,MINNGS,S102,2044,1.0
RE1,MINNGS,S102,2045,1.0
RE1,MINNGS,S102,2046,1.0
RE1,MINNGS,S102,2047,1.0
RE1,MINNGS,S102,2048,1.0
RE1,MINNGS,S102,2049,1.0
RE1,MINNGS,S102,2050,1.0
RE1,MINNGS,S102,2051,1.0
RE1,MINNGS,S102,2052,1.0
RE1,MINNGS,S102,2053,1.0
RE1,MINNGS,S102,2054,1.0
RE1,MINNGS,S102,2055,1.0
RE1,MINOFW_FIX,S101,2022,1.0
RE1,MINOFW_FIX,S101,2023,1.0
RE1,MINOFW_FIX,S101,2024,1.0
RE1,MINOFW_FIX,S101,2025,1.0
RE1,MINOFW_FIX,S101,2026,1.0
RE1,MINOFW_FIX,S101,2027,1.0
RE1,MINOFW_FIX,S101,2028,1.0
RE1,MINOFW_FIX,S101,2029,1.0
RE1,MINOFW_FIX,S101,2030,1.0
RE1,MINOFW_FIX,S101,2031,1.0
RE1,MINOFW_FIX,S101,2032,1.0
RE1,MINOFW_FIX,S101,2033,1.0
RE1,MINOFW_FIX,S101,2034,1.0
RE1,MINOFW_FIX,S101,2035,1.0
RE1,MINOFW_FIX,S101,2036,1.0
RE1,MINOFW_FIX,S101,2037,1.0
RE1,MINOFW_FIX,S101,2038,1.0
RE1,MINOFW_FIX,S101,2039,1.0
RE1,MINOFW_FIX,S101,2040,1.0
RE1,MINOFW_FIX,S101,2041,1.0
RE1,MINOFW_FIX,S101,2042,1.0
RE1,MINOFW_FIX,S101,2043,1.0
RE1,MINOFW_FIX,S101,2044,1.0
RE1,MINOFW_FIX,S101,2045,1.0
RE1,MINOFW_FIX,S101,2046,1.0
RE1,MINOFW_FIX,S101,2047,1.0
RE1,MINOFW_FIX,S101,2048,1.0
RE1,MINOFW_FIX,S101,2049,1.0
RE1,MINOFW_FIX,S101,2050,1.0
RE1,MINOFW_FIX,S101,2051,1.0
RE1,MINOFW_FIX,S101,2052,1.0
RE1,MINOFW_FIX,S101,2053,1.0
RE1,MINOFW_FIX,S101,2054,1.0
RE1,MINOFW_FIX,S101,2055,1.0
RE1,MINOFW_FIX,S102,2022,1.0
RE1,MINOFW_FIX,S102,2023,1.0
RE1,MINOFW_FIX,S102,2024,1.0
RE1,MINOFW_FIX,S102,2025,1.0
RE1,MINOFW_FIX,S102,2026,1.0
RE1,MINOFW_FIX,S102,2027,1.0
RE1,MINOFW_FIX,S102,2028,1.0
RE1,MINOFW_FIX,S102,2029,1.0
RE1,MINOFW_FIX,S102,2030,1.0
RE1,MINOFW_FIX,S102,2031,1.0
RE1,MINOFW_FIX,S102,2032,1.0
RE1,MINOFW_FIX,S102,2033,1.0
RE1,MINOFW_FIX,S102,2034,1.0
RE1,MINOFW_FIX,S102,2035,1.0
RE1,MINOFW_FIX,S102,2036,1.0
RE1,MINOFW_FIX,S102,2037,1.0
RE1,MINOFW_FIX,S102,2038,1.0
RE1,MINOFW_FIX,S102,2039,1.0
RE1,MINOFW_FIX,S102,2040,1.0
RE1,MINOFW_FIX,S102,2041,1.0
RE1,MINOFW_FIX,S102,2042,1.0
RE1,MINOFW_FIX,S102,2043,1.0
RE1,MINOFW_FIX,S102,2044,1.0
RE1,MINOFW_FIX,S102,2045,1.0
RE1,MINOFW_FIX,S102,2046,1.0
RE1,MINOFW_FIX,S102,2047,1.0
RE1,MINOFW_FIX,S102,2048,1.0
RE1,MINOFW_FIX,S102,2049,1.0
RE1,MINOFW_FIX,S102,2050,1.0
RE1,MINOFW_FIX,S102,2051,1.0
RE1,MINOFW_FIX,S102,2052,1.0
RE1,MINOFW_FIX,S102,2053,1.0
RE1,MINOFW_FIX,S102,2054,1.0
RE1,MINOFW_FIX,S102,2055,1.0
RE1,MINOFW_FLO,S101,2022,1.0
RE1,MINOFW_FLO,S101,2023,1.0
RE1,MINOFW_FLO,S101,2024,1.0
RE1,MINOFW_FLO,S101,2025,1.0
RE1,MINOFW_FLO,S101,2026,1.0
RE1,MINOFW_FLO,S101,2027,1.0
RE1,MINOFW_FLO,S101,2028,1.0
RE1,MINOFW_FLO,S101,2029,1.0
RE1,MINOFW_FLO,S101,2030,1.0
RE1,MINOFW_FLO,S101,2031,1.0
RE1,MINOFW_FLO,S101,2032,1.0
RE1,MINOFW_FLO,S101,2033,1.0
RE1,MINOFW_FLO,S101,2034,1.0
RE1,MINOFW_FLO,S101,2035,1.0
RE1,MINOFW_FLO,S101,2036,1.0
RE1,MINOFW_FLO,S101,2037,1.0
RE1,MINOFW_FLO,S101,2038,1.0
RE1,MINOFW_FLO,S101,2039,1.0
RE1,MINOFW_FLO,S101,2040,1.0
RE1,MINOFW_FLO,S101,2041,1.0
RE1,MINOFW_FLO,S101,2042,1.0
RE1,MINOFW_FLO,S101,2043,1.0
RE1,MINOFW_FLO,S101,2044,1.0
RE1,MINOFW_FLO,S101,2045,1.0
RE1,MINOFW_FLO,S101,2046,1.0
RE1,MINOFW_FLO,S101,2047,1.0
RE1,MINOFW_FLO,S101,2048,1.0
RE1,MINOFW_FLO,S101,2049,1.0
RE1,MINOFW_FLO,S101,2050,1.0
RE1,MINOFW_FLO,S101,2051,1.0
RE1,MINOFW_FLO,S101,2052,1.0
RE1,MINOFW_FLO,S101,2053,1.0
RE1,MINOFW_FLO,S101,2054,1.0
RE1,MINOFW_FLO,S101,2055,1.0
RE1,MINOFW_FLO,S102,2022,1.0
RE1,MINOFW_FLO,S102,2023,1.0
RE1,MINOFW_FLO,S102,2024,1.0
RE1,MINOFW_FLO,S102,2025,1.0
RE1,MINOFW_FLO,S102,2026,1.0
RE1,MINOFW_FLO,S102,2027,1.0
RE1,MINOFW_FLO,S102,2028,1.0
RE1,MINOFW_FLO,S102,2029,1.0
RE1,MINOFW_FLO,S102,2030,1.0
RE1,MINOFW_FLO,S102,2031,1.0
RE1,MINOFW_FLO,S102,2032,1.0
RE1,MINOFW_FLO,S102,2033,1.0
RE1,MINOFW_FLO,S102,2034,1.0
RE1,MINOFW_FLO,S102,2035,1.0
RE1,MINOFW_FLO,S102,2036,1.0
RE1,MINOFW_FLO,S102,2037,1.0
RE1,MINOFW_FLO,S102,2038,1.0
RE1,MINOFW_FLO,S102,2039,1.0
RE1,MINOFW_FLO,S102,2040,1.0
RE1,MINOFW_FLO,S102,2041,1.0
RE1,MINOFW_FLO,S102,2042,1.0
RE1,MINOFW_FLO,S102,2043,1.0
RE1,MINOFW_FLO,S102,2044,1.0
RE1,MINOFW_FLO,S102,2045,1.0
RE1,MINOFW_FLO,S102,2046,1.0
RE1,MINOFW_FLO,S102,2047,1.0
RE1,MINOFW_FLO,S102,2048,1.0
RE1,MINOFW_FLO,S102,2049,1.0
RE1,MINOFW_FLO,S102,2050,1.0
RE1,MINOFW_FLO,S102,2051,1.0
RE1,MINOFW_FLO,S102,2052,1.0
RE1,MINOFW_FLO,S102,2053,1.0
RE1,MINOFW_FLO,S102,2054,1.0
RE1,MINOFW_FLO,S102,2055,1.0
RE1,MINONW,S101,2022,1.0
RE1,MINONW,S101,2023,1.0
RE1,MINONW,S101,2024,1.0
RE1,MINONW,S101,2025,1.0
RE1,MINONW,S101,2026,1.0
RE1,MINONW,S101,2027,1.0
RE1,MINONW,S101,2028,1.0
RE1,MINONW,S101,2029,1.0
RE1,MINONW,S101,2030,1.0
RE1,MINONW,S101,2031,1.0
RE1,MINONW,S101,2032,1.0
RE1,MINONW,S101,2033,1.0
RE1,MINONW,S101,2034,1.0
RE1,MINONW,S101,2035,1.0
RE1,MINONW,S101,2036,1.0
RE1,MINONW,S101,2037,1.0
RE1,MINONW,S101,2038,1.0
RE1,MINONW,S101,2039,1.0
RE1,MINONW,S101,2040,1.0
RE1,MINONW,S101,2041,1.0
RE1,MINONW,S101,2042,1.0
RE1,MINONW,S101,2043,1.0
RE1,MINONW,S101,2044,1.0
RE1,MINONW,S101,2045,1.0
RE1,MINONW,S101,2046,1.0
RE1,MINONW,S101,2047,1.0
RE1,MINONW,S101,2048,1.0
RE1,MINONW,S101,2049,1.0
RE1,MINONW,S101,2050,1.0
RE1,MINONW,S101,2051,1.0
RE1,MINONW,S101,2052,1.0
RE1,MINONW,S101,2053,1.0
RE1,MINONW,S101,2054,1.0
RE1,MINONW,S101,2055,1.0
RE1,MINONW,S102,2022,1.0
RE1,MINONW,S102,2023,1.0
RE1,MINONW,S102,2024,1.0
RE1,MINONW,S102,2025,1.0
RE1,MINONW,S102,2026,1.0
RE1,MINONW,S102,2027,1.0
RE1,MINONW,S102,2028,1.0
RE1,MINONW,S102,2029,1.0
RE1,MINONW,S102,2030,1.0
RE1,MINONW,S102,2031,1.0
RE1,MINONW,S102,2032,1.0
RE1,MINONW,S102,2033,1.0
RE1,MINONW,S102,2034,1.0
RE1,MINONW,S102,2035,1.0
RE1,MINONW,S102,2036,1.0
RE1,MINONW,S102,2037,1.0
RE1,MINONW,S102,2038,1.0
RE1,MINONW,S102,2039,1.0
RE1,MINONW,S102,2040,1.0
RE1,MINONW,S102,2041,1.0
RE1,MINONW,S102,2042,1.0
RE1,MINONW,S102,2043,1.0
RE1,MINONW,S102,2044,1.0
RE1,MINONW,S102,2045,1.0
RE1,MINONW,S102,2046,1.0
RE1,MINONW,S102,2047,1.0
RE1,MINONW,S102,2048,1.0
RE1,MINONW,S102,2049,1.0
RE1,MINONW,S102,2050,1.0
RE1,MINONW,S102,2051,1.0
RE1,MINONW,S102,2052,1.0
RE1,MINONW,S102,2053,1.0
RE1,MINONW,S102,2054,1.0
RE1,MINONW,S102,2055,1.0
RE1,MINOPL,S101,2022,1.0
RE1,MINOPL,S101,2023,1.0
RE1,MINOPL,S101,2024,1.0
RE1,MINOPL,S101,2025,1.0
RE1,MINOPL,S101,2026,1.0
RE1,MINOPL,S101,2027,1.0
RE1,MINOPL,S101,2028,1.0
RE1,MINOPL,S101,2029,1.0
RE1,MINOPL,S101,2030,1.0
RE1,MINOPL,S101,2031,1.0
RE1,MINOPL,S101,2032,1.0
RE1,MINOPL,S101,2033,1.0
RE1,MINOPL,S101,2034,1.0
RE1,MINOPL,S101,2035,1.0
RE1,MINOPL,S101,2036,1.0
RE1,MINOPL,S101,2037,1.0
RE1,MINOPL,S101,2038,1.0
RE1,MINOPL,S101,2039,1.0
RE1,MINOPL,S101,2040,1.0
RE1,MINOPL,S101,2041,1.0
RE1,MINOPL,S101,2042,1.0
RE1,MINOPL,S101,2043,1.0
RE1,MINOPL,S101,2044,1.0
RE1,MINOPL,S101,2045,1.0
RE1,MINOPL,S101,2046,1.0
RE1,MINOPL,S101,2047,1.0
RE1,MINOPL,S101,2048,1.0
RE1,MINOPL,S101,2049,1.0
RE1,MINOPL,S101,2050,1.0
RE1,MINOPL,S101,2051,1.0
RE1,MINOPL,S101,2052,1.0
RE1,MINOPL,S101,2053,1.0
RE1,MINOPL,S101,2054,1.0
RE1,MINOPL,S101,2055,1.0
RE1,MINOPL,S102,2022,1.0
RE1,MINOPL,S102,2023,1.0
RE1,MINOPL,S102,2024,1.0
RE1,MINOPL,S102,2025,1.0
RE1,MINOPL,S102,2026,1.0
RE1,MINOPL,S102,2027,1.0
RE1,MINOPL,S102,2028,1.0
RE1,MINOPL,S102,2029,1.0
RE1,MINOPL,S102,2030,1.0
RE1,MINOPL,S102,2031,1.0
RE1,MINOPL,S102,2032,1.0
RE1,MINOPL,S102,2033,1.0
RE1,MINOPL,S102,2034,1.0
RE1,MINOPL,S102,2035,1.0
RE1,MINOPL,S102,2036,1.0
RE1,MINOPL,S102,2037,1.0
RE1,MINOPL,S102,2038,1.0
RE1,MINOPL,S102,2039,1.0
RE1,MINOPL,S102,2040,1.0
RE1,MINOPL,S102,2041,1.0
RE1,MINOPL,S102,2042,1.0
RE1,MINOPL,S102,2043,1.0
RE1,MINOPL,S102,2044,1.0
RE1,MINOPL,S102,2045,1.0
RE1,MINOPL,S102,2046,1.0
RE1,MINOPL,S102,2047,1.0
RE1,MINOPL,S102,2048,1.0
RE1,MINOPL,S102,2049,1.0
RE1,MINOPL,S102,2050,1.0
RE1,MINOPL,S102,2051,1.0
RE1,MINOPL,S102,2052,1.0
RE1,MINOPL,S102,2053,1.0
RE1,MINOPL,S102,2054,1.0
RE1,MINOPL,S102,2055,1.0
RE1,MINROR,S101,2022,1.0
RE1,MINROR,S101,2023,1.0
RE1,MINROR,S101,2024,1.0
RE1,MINROR,S101,2025,1.0
RE1,MINROR,S101,2026,1.0
RE1,MINROR,S101,2027,1.0
RE1,MINROR,S101,2028,1.0
RE1,MINROR,S101,2029,1.0
RE1,MINROR,S101,2030,1.0
RE1,MINROR,S101,2031,1.0
RE1,MINROR,S101,2032,1.0
RE1,MINROR,S101,2033,1.0
RE1,MINROR,S101,2034,1.0
RE1,MINROR,S101,2035,1.0
RE1,MINROR,S101,2036,1.0
RE1,MINROR,S101,2037,1.0
RE1,MINROR,S101,2038,1.0
RE1,MINROR,S101,2039,1.0
RE1,MINROR,S101,2040,1.0
RE1,MINROR,S101,2041,1.0
RE1,MINROR,S101,2042,1.0
RE1,MINROR,S101,2043,1.0
RE1,MINROR,S101,2044,1.0
RE1,MINROR,S101,2045,1.0
RE1,MINROR,S101,2046,1.0
RE1,MINROR,S101,2047,1.0
RE1,MINROR,S101,2048,1.0
RE1,MINROR,S101,2049,1.0
RE1,MINROR,S101,2050,1.0
RE1,MINROR,S101,2051,1.0
RE1,MINROR,S101,2052,1.0
RE1,MINROR,S101,2053,1.0
RE1,MINROR,S101,2054,1.0
RE1,MINROR,S101,2055,1.0
RE1,MINROR,S102,2022,1.0
RE1,MINROR,S102,2023,1.0
RE1,MINROR,S102,2024,1.0
RE1,MINROR,S102,2025,1.0
RE1,MINROR,S102,2026,1.0
RE1,MINROR,S102,2027,1.0
RE1,MINROR,S102,2028,1.0
RE1,MINROR,S102,2029,1.0
RE1,MINROR,S102,2030,1.0
RE1,MINROR,S102,2031,1.0
RE1,MINROR,S102,2032,1.0
RE1,MINROR,S102,2033,1.0
RE1,MINROR,S102,2034,1.0
RE1,MINROR,S102,2035,1.0
RE1,MINROR,S102,2036,1.0
RE1,MINROR,S102,2037,1.0
RE1,MINROR,S102,2038,1.0
RE1,MINROR,S102,2039,1.0
RE1,MINROR,S102,2040,1.0
RE1,MINROR,S102,2041,1.0
RE1,MINROR,S102,2042,1.0
RE1,MINROR,S102,2043,1.0
RE1,MINROR,S102,2044,1.0
RE1,MINROR,S102,2045,1.0
RE1,MINROR,S102,2046,1.0
RE1,MINROR,S102,2047,1.0
RE1,MINROR,S102,2048,1.0
RE1,MINROR,S102,2049,1.0
RE1,MINROR,S102,2050,1.0
RE1,MINROR,S102,2051,1.0
RE1,MINROR,S102,2052,1.0
RE1,MINROR,S102,2053,1.0
RE1,MINROR,S102,2054,1.0
RE1,MINROR,S102,2055,1.0
RE1,MINSGC,S101,2022,1.0
RE1,MINSGC,S101,2023,1.0
RE1,MINSGC,S101,2024,1.0
RE1,MINSGC,S101,2025,1.0
RE1,MINSGC,S101,2026,1.0
RE1,MINSGC,S101,2027,1.0
RE1,MINSGC,S101,2028,1.0
RE1,MINSGC,S101,2029,1.0
RE1,MINSGC,S101,2030,1.0
RE1,MINSGC,S101,2031,1.0
RE1,MINSGC,S101,2032,1.0
RE1,MINSGC,S101,2033,1.0
RE1,MINSGC,S101,2034,1.0
RE1,MINSGC,S101,2035,1.0
RE1,MINSGC,S101,2036,1.0
RE1,MINSGC,S101,2037,1.0
RE1,MINSGC,S101,2038,1.0
RE1,MINSGC,S101,2039,1.0
RE1,MINSGC,S101,2040,1.0
RE1,MINSGC,S101,2041,1.0
RE1,MINSGC,S101,2042,1.0
RE1,MINSGC,S101,2043,1.0
RE1,MINSGC,S101,2044,1.0
RE1,MINSGC,S101,2045,1.0
RE1,MINSGC,S101,2046,1.0
RE1,MINSGC,S101,2047,1.0
RE1,MINSGC,S101,2048,1.0
RE1,MINSGC,S101,2049,1.0
RE1,MINSGC,S101,2050,1.0
RE1,MINSGC,S101,2051,1.0
RE1,MINSGC,S101,2052,1.0
RE1,MINSGC,S101,2053,1.0
RE1,MINSGC,S101,2054,1.0
RE1,MINSGC,S101,2055,1.0
RE1,MINSGC,S102,2022,1.0
RE1,MINSGC,S102,2023,1.0
RE1,MINSGC,S102,2024,1.0
RE1,MINSGC,S102,2025,1.0
RE1,MINSGC,S102,2026,1.0
RE1,MINSGC,S102,2027,1.0
RE1,MINSGC,S102,2028,1.0
RE1,MINSGC,S102,2029,1.0
RE1,MINSGC,S102,2030,1.0
RE1,MINSGC,S102,2031,1.0
RE1,MINSGC,S102,2032,1.0
RE1,MINSGC,S102,2033,1.0
RE1,MINSGC,S102,2034,1.0
RE1,MINSGC,S102,2035,1.0
RE1,MINSGC,S102,2036,1.0
RE1,MINSGC,S102,2037,1.0
RE1,MINSGC,S102,2038,1.0
RE1,MINSGC,S102,2039,1.0
RE1,MINSGC,S102,2040,1.0
RE1,MINSGC,S102,2041,1.0
RE1,MINSGC,S102,2042,1.0
RE1,MINSGC,S102,2043,1.0
RE1,MINSGC,S102,2044,1.0
RE1,MINSGC,S102,2045,1.0
RE1,MINSGC,S102,2046,1.0
RE1,MINSGC,S102,2047,1.0
RE1,MINSGC,S102,2048,1.0
RE1,MINSGC,S102,2049,1.0
RE1,MINSGC,S102,2050,1.0
RE1,MINSGC,S102,2051,1.0
RE1,MINSGC,S102,2052,1.0
RE1,MINSGC,S102,2053,1.0
RE1,MINSGC,S102,2054,1.0
RE1,MINSGC,S102,2055,1.0
RE1,MINSOL,S101,2022,1.0
RE1,MINSOL,S101,2023,1.0
RE1,MINSOL,S101,2024,1.0
RE1,MINSOL,S101,2025,1.0
RE1,MINSOL,S101,2026,1.0
RE1,MINSOL,S101,2027,1.0
RE1,MINSOL,S101,2028,1.0
RE1,MINSOL,S101,2029,1.0
RE1,MINSOL,S101,2030,1.0
RE1,MINSOL,S101,2031,1.0
RE1,MINSOL,S101,2032,1.0
RE1,MINSOL,S101,2033,1.0
RE1,MINSOL,S101,2034,1.0
RE1,MINSOL,S101,2035,1.0
RE1,MINSOL,S101,2036,1.0
RE1,MINSOL,S101,2037,1.0
RE1,MINSOL,S101,2038,1.0
RE1,MINSOL,S101,2039,1.0
RE1,MINSOL,S101,2040,1.0
RE1,MINSOL,S101,2041,1.0
RE1,MINSOL,S101,2042,1.0
RE1,MINSOL,S101,2043,1.0
RE1,MINSOL,S101,2044,1.0
RE1,MINSOL,S101,2045,1.0
RE1,MINSOL,S101,2046,1.0
RE1,MINSOL,S101,2047,1.0
RE1,MINSOL,S101,2048,1.0
RE1,MINSOL,S101,2049,1.0
RE1,MINSOL,S101,2050,1.0
RE1,MINSOL,S101,2051,1.0
RE1,MINSOL,S101,2052,1.0
RE1,MINSOL,S101,2053,1.0
RE1,MINSOL,S101,2054,1.0
RE1,MINSOL,S101,2055,1.0
RE1,MINSOL,S102,2022,1.0
RE1,MINSOL,S102,2023,1.0
RE1,MINSOL,S102,2024,1.0
RE1,MINSOL,S102,2025,1.0
RE1,MINSOL,S102,2026,1.0
RE1,MINSOL,S102,2027,1.0
RE1,MINSOL,S102,2028,1.0
RE1,MINSOL,S102,2029,1.0
RE1,MINSOL,S102,2030,1.0
RE1,MINSOL,S102,2031,1.0
RE1,MINSOL,S102,2032,1.0
RE1,MINSOL,S102,2033,1.0
RE1,MINSOL,S102,2034,1.0
RE1,MINSOL,S102,2035,1.0
RE1,MINSOL,S102,2036,1.0
RE1,MINSOL,S102,2037,1.0
RE1,MINSOL,S102,2038,1.0
RE1,MINSOL,S102,2039,1.0
RE1,MINSOL,S102,2040,1.0
RE1,MINSOL,S102,2041,1.0
RE1,MINSOL,S102,2042,1.0
RE1,MINSOL,S102,2043,1.0
RE1,MINSOL,S102,2044,1.0
RE1,MINSOL,S102,2045,1.0
RE1,MINSOL,S102,2046,1.0
RE1,MINSOL,S102,2047,1.0
RE1,MINSOL,S102,2048,1.0
RE1,MINSOL,S102,2049,1.0
RE1,MINSOL,S102,2050,1.0
RE1,MINSOL,S102,2051,1.0
RE1,MINSOL,S102,2052,1.0
RE1,MINSOL,S102,2053,1.0
RE1,MINSOL,S102,2054,1.0
RE1,MINSOL,S102,2055,1.0
RE1,MINSOL_RTP,S101,2022,1.0
RE1,MINSOL_RTP,S101,2023,1.0
RE1,MINSOL_RTP,S101,2024,1.0
RE1,MINSOL_RTP,S101,2025,1.0
RE1,MINSOL_RTP,S101,2026,1.0
RE1,MINSOL_RTP,S101,2027,1.0
RE1,MINSOL_RTP,S101,2028,1.0
RE1,MINSOL_RTP,S101,2029,1.0
RE1,MINSOL_RTP,S101,2030,1.0
RE1,MINSOL_RTP,S101,2031,1.0
RE1,MINSOL_RTP,S101,2032,1.0
RE1,MINSOL_RTP,S101,2033,1.0
RE1,MINSOL_RTP,S101,2034,1.0
RE1,MINSOL_RTP,S101,2035,1.0
RE1,MINSOL_RTP,S101,2036,1.0
RE1,MINSOL_RTP,S101,2037,1.0
RE1,MINSOL_RTP,S101,2038,1.0
RE1,MINSOL_RTP,S101,2039,1.0
RE1,MINSOL_RTP,S101,2040,1.0
RE1,MINSOL_RTP,S101,2041,1.0
RE1,MINSOL_RTP,S101,2042,1.0
RE1,MINSOL_RTP,S101,2043,1.0
RE1,MINSOL_RTP,S101,2044,1.0
RE1,MINSOL_RTP,S101,2045,1.0
RE1,MINSOL_RTP,S101,2046,1.0
RE1,MINSOL_RTP,S101,2047,1.0
RE1,MINSOL_RTP,S101,2048,1.0
RE1,MINSOL_RTP,S101,2049,1.0
RE1,MINSOL_RTP,S101,2050,1.0
RE1,MINSOL_RTP,S101,2051,1.0
RE1,MINSOL_RTP,S101,2052,1.0
RE1,MINSOL_RTP,S101,2053,1.0
RE1,MINSOL_RTP,S101,2054,1.0
RE1,MINSOL_RTP,S101,2055,1.0
RE1,MINSOL_RTP,S102,2022,1.0
RE1,MINSOL_RTP,S102,2023,1.0
RE1,MINSOL_RTP,S102,2024,1.0
RE1,MINSOL_RTP,S102,2025,1.0
RE1,MINSOL_RTP,S102,2026,1.0
RE1,MINSOL_RTP,S102,2027,1.0
RE1,MINSOL_RTP,S102,2028,1.0
RE1,MINSOL_RTP,S102,2029,1.0
RE1,MINSOL_RTP,S102,2030,1.0
RE1,MINSOL_RTP,S102,2031,1.0
RE1,MINSOL_RTP,S102,2032,1.0
RE1,MINSOL_RTP,S102,2033,1.0
RE1,MINSOL_RTP,S102,2034,1.0
RE1,MINSOL_RTP,S102,2035,1.0
RE1,MINSOL_RTP,S102,2036,1.0
RE1,MINSOL_RTP,S102,2037,1.0
RE1,MINSOL_RTP,S102,2038,1.0
RE1,MINSOL_RTP,S102,2039,1.0
RE1,MINSOL_RTP,S102,2040,1.0
RE1,MINSOL_RTP,S102,2041,1.0
RE1,MINSOL_RTP,S102,2042,1.0
RE1,MINSOL_RTP,S102,2043,1.0
RE1,MINSOL_RTP,S102,2044,1.0
RE1,MINSOL_RTP,S102,2045,1.0
RE1,MINSOL_RTP,S102,2046,1.0
RE1,MINSOL_RTP,S102,2047,1.0
RE1,MINSOL_RTP,S102,2048,1.0
RE1,MINSOL_RTP,S102,2049,1.0
RE1,MINSOL_RTP,S102,2050,1.0
RE1,MINSOL_RTP,S102,2051,1.0
RE1,MINSOL_RTP,S102,2052,1.0
RE1,MINSOL_RTP,S102,2053,1.0
RE1,MINSOL_RTP,S102,2054,1.0
RE1,MINSOL_RTP,S102,2055,1.0
RE1,MINWAS,S101,2022,1.0
RE1,MINWAS,S101,2023,1.0
RE1,MINWAS,S101,2024,1.0
RE1,MINWAS,S101,2025,1.0
RE1,MINWAS,S101,2026,1.0
RE1,MINWAS,S101,2027,1.0
RE1,MINWAS,S101,2028,1.0
RE1,MINWAS,S101,2029,1.0
RE1,MINWAS,S101,2030,1.0
RE1,MINWAS,S101,2031,1.0
RE1,MINWAS,S101,2032,1.0
RE1,MINWAS,S101,2033,1.0
RE1,MINWAS,S101,2034,1.0
RE1,MINWAS,S101,2035,1.0
RE1,MINWAS,S101,2036,1.0
RE1,MINWAS,S101,2037,1.0
RE1,MINWAS,S101,2038,1.0
RE1,MINWAS,S101,2039,1.0
RE1,MINWAS,S101,2040,1.0
RE1,MINWAS,S101,2041,1.0
RE1,MINWAS,S101,2042,1.0
RE1,MINWAS,S101,2043,1.0
RE1,MINWAS,S101,2044,1.0
RE1,MINWAS,S101,2045,1.0
RE1,MINWAS,S101,2046,1.0
RE1,MINWAS,S101,2047,1.0
RE1,MINWAS,S101,2048,1.0
RE1,MINWAS,S101,2049,1.0
RE1,MINWAS,S101,2050,1.0
RE1,MINWAS,S101,2051,1.0
RE1,MINWAS,S101,2052,1.0
RE1,MINWAS,S101,2053,1.0
RE1,MINWAS,S101,2054,1.0
RE1,MINWAS,S101,2055,1.0
RE1,MINWAS,S102,2022,1.0
RE1,MINWAS,S102,2023,1.0
RE1,MINWAS,S102,2024,1.0
RE1,MINWAS,S102,2025,1.0
RE1,MINWAS,S102,2026,1.0
RE1,MINWAS,S102,2027,1.0
RE1,MINWAS,S102,2028,1.0
RE1,MINWAS,S102,2029,1.0
RE1,MINWAS,S102,2030,1.0
RE1,MINWAS,S102,2031,1.0
RE1,MINWAS,S102,2032,1.0
RE1,MINWAS,S102,2033,1.0
RE1,MINWAS,S102,2034,1.0
RE1,MINWAS,S102,2035,1.0
RE1,MINWAS,S102,2036,1.0
RE1,MINWAS,S102,2037,1.0
RE1,MINWAS,S102,2038,1.0
RE1,MINWAS,S102,2039,1.0
RE1,MINWAS,S102,2040,1.0
RE1,MINWAS,S102,2041,1.0
RE1,MINWAS,S102,2042,1.0
RE1,MINWAS,S102,2043,1.0
RE1,MINWAS,S102,2044,1.0
RE1,MINWAS,S102,2045,1.0
RE1,MINWAS,S102,2046,1.0
RE1,MINWAS,S102,2047,1.0
RE1,MINWAS,S102,2048,1.0
RE1,MINWAS,S102,2049,1.0
RE1,MINWAS,S102,2050,1.0
RE1,MINWAS,S102,2051,1.0
RE1,MINWAS,S102,2052,1.0
RE1,MINWAS,S102,2053,1.0
RE1,MINWAS,S102,2054,1.0
RE1,MINWAS,S102,2055,1.0
RE1,MINWAS_ORG,S101,2022,1.0
RE1,MINWAS_ORG,S101,2023,1.0
RE1,MINWAS_ORG,S101,2024,1.0
RE1,MINWAS_ORG,S101,2025,1.0
RE1,MINWAS_ORG,S101,2026,1.0
RE1,MINWAS_ORG,S101,2027,1.0
RE1,MINWAS_ORG,S101,2028,1.0
RE1,MINWAS_ORG,S101,2029,1.0
RE1,MINWAS_ORG,S101,2030,1.0
RE1,MINWAS_ORG,S101,2031,1.0
RE1,MINWAS_ORG,S101,2032,1.0
RE1,MINWAS_ORG,S101,2033,1.0
RE1,MINWAS_ORG,S101,2034,1.0
RE1,MINWAS_ORG,S101,2035,1.0
RE1,MINWAS_ORG,S101,2036,1.0
RE1,MINWAS_ORG,S101,2037,1.0
RE1,MINWAS_ORG,S101,2038,1.0
RE1,MINWAS_ORG,S101,2039,1.0
RE1,MINWAS_ORG,S101,2040,1.0
RE1,MINWAS_ORG,S101,2041,1.0
RE1,MINWAS_ORG,S101,2042,1.0
RE1,MINWAS_ORG,S101,2043,1.0
RE1,MINWAS_ORG,S101,2044,1.0
RE1,MINWAS_ORG,S101,2045,1.0
RE1,MINWAS_ORG,S101,2046,1.0
RE1,MINWAS_ORG,S101,2047,1.0
RE1,MINWAS_ORG,S101,2048,1.0
RE1,MINWAS_ORG,S101,2049,1.0
RE1,MINWAS_ORG,S101,2050,1.0
RE1,MINWAS_ORG,S101,2051,1.0
RE1,MINWAS_ORG,S101,2052,1.0
RE1,MINWAS_ORG,S101,2053,1.0
RE1,MINWAS_ORG,S101,2054,1.0
RE1,MINWAS_ORG,S101,2055,1.0
RE1,MINWAS_ORG,S102,2022,1.0
RE1,MINWAS_ORG,S102,2023,1.0
RE1,MINWAS_ORG,S102,2024,1.0
RE1,MINWAS_ORG,S102,2025,1.0
RE1,MINWAS_ORG,S102,2026,1.0
RE1,MINWAS_ORG,S102,2027,1.0
RE1,MINWAS_ORG,S102,2028,1.0
RE1,MINWAS_ORG,S102,2029,1.0
RE1,MINWAS_ORG,S102,2030,1.0
RE1,MINWAS_ORG,S102,2031,1.0
RE1,MINWAS_ORG,S102,2032,1.0
RE1,MINWAS_ORG,S102,2033,1.0
RE1,MINWAS_ORG,S102,2034,1.0
RE1,MINWAS_ORG,S102,2035,1.0
RE1,MINWAS_ORG,S102,2036,1.0
RE1,MINWAS_ORG,S102,2037,1.0
RE1,MINWAS_ORG,S102,2038,1.0
RE1,MINWAS_ORG,S102,2039,1.0
RE1,MINWAS_ORG,S102,2040,1.0
RE1,MINWAS_ORG,S102,2041,1.0
RE1,MINWAS_ORG,S102,2042,1.0
RE1,MINWAS_ORG,S102,2043,1.0
RE1,MINWAS_ORG,S102,2044,1.0
RE1,MINWAS_ORG,S102,2045,1.0
RE1,MINWAS_ORG,S102,2046,1.0
RE1,MINWAS_ORG,S102,2047,1.0
RE1,MINWAS_ORG,S102,2048,1.0
RE1,MINWAS_ORG,S102,2049,1.0
RE1,MINWAS_ORG,S102,2050,1.0
RE1,MINWAS_ORG,S102,2051,1.0
RE1,MINWAS_ORG,S102,2052,1.0
RE1,MINWAS_ORG,S102,2053,1.0
RE1,MINWAS_ORG,S102,2054,1.0
RE1,MINWAS_ORG,S102,2055,1.0
RE1,MINWOO,S101,2022,1.0
RE1,MINWOO,S101,2023,1.0
RE1,MINWOO,S101,2024,1.0
RE1,MINWOO,S101,2025,1.0
RE1,MINWOO,S101,2026,1.0
RE1,MINWOO,S101,2027,1.0
RE1,MINWOO,S101,2028,1.0
RE1,MINWOO,S101,2029,1.0
RE1,MINWOO,S101,2030,1.0
RE1,MINWOO,S101,2031,1.0
RE1,MINWOO,S101,2032,1.0
RE1,MINWOO,S101,2033,1.0
RE1,MINWOO,S101,2034,1.0
RE1,MINWOO,S101,2035,1.0
RE1,MINWOO,S101,2036,1.0
RE1,MINWOO,S101,2037,1.0
RE1,MINWOO,S101,2038,1.0
RE1,MINWOO,S101,2039,1.0
RE1,MINWOO,S101,2040,1.0
RE1,MINWOO,S101,2041,1.0
RE1,MINWOO,S101,2042,1.0
RE1,MINWOO,S101,2043,1.0
RE1,MINWOO,S101,2044,1.0
RE1,MINWOO,S101,2045,1.0
RE1,MINWOO,S101,2046,1.0
RE1,MINWOO,S101,2047,1.0
RE1,MINWOO,S101,2048,1.0
RE1,MINWOO,S101,2049,1.0
RE1,MINWOO,S101,2050,1.0
RE1,MINWOO,S101,2051,1.0
RE1,MINWOO,S101,2052,1.0
RE1,MINWOO,S101,2053,1.0
RE1,MINWOO,S101,2054,1.0
RE1,MINWOO,S101,2055,1.0
RE1,MINWOO,S102,2022,1.0
RE1,MINWOO,S102,2023,1.0
RE1,MINWOO,S102,2024,1.0
RE1,MINWOO,S102,2025,1.0
RE1,MINWOO,S102,2026,1.0
RE1,MINWOO,S102,2027,1.0
RE1,MINWOO,S102,2028,1.0
RE1,MINWOO,S102,2029,1.0
RE1,MINWOO,S102,2030,1.0
RE1,MINWOO,S102,2031,1.0
RE1,MINWOO,S102,2032,1.0
RE1,MINWOO,S102,2033,1.0
RE1,MINWOO,S102,2034,1.0
RE1,MINWOO,S102,2035,1.0
RE1,MINWOO,S102,2036,1.0
RE1,MINWOO,S102,2037,1.0
RE1,MINWOO,S102,2038,1.0
RE1,MINWOO,S102,2039,1.0
RE1,MINWOO,S102,2040,1.0
RE1,MINWOO,S102,2041,1.0
RE1,MINWOO,S102,2042,1.0
RE1,MINWOO,S102,2043,1.0
RE1,MINWOO,S102,2044,1.0
RE1,MINWOO,S102,2045,1.0
RE1,MINWOO,S102,2046,1.0
RE1,MINWOO,S102,2047,1.0
RE1,MINWOO,S102,2048,1.0
RE1,MINWOO,S102,2049,1.0
RE1,MINWOO,S102,2050,1.0
RE1,MINWOO,S102,2051,1.0
RE1,MINWOO,S102,2052,1.0
RE1,MINWOO,S102,2053,1.0
RE1,MINWOO,S102,2054,1.0
RE1,MINWOO,S102,2055,1.0
RE1,PWRAFR,S101,2022,0.433
RE1,PWRAFR,S101,2023,0.433
RE1,PWRAFR,S101,2024,0.433
RE1,PWRAFR,S101,2025,0.433
RE1,PWRAFR,S101,2026,0.433
RE1,PWRAFR,S101,2027,0.433
RE1,PWRAFR,S101,2028,0.433
RE1,PWRAFR,S101,2029,0.433
RE1,PWRAFR,S101,2030,0.433
RE1,PWRAFR,S101,2031,0.433
RE1,PWRAFR,S101,2032,0.433
RE1,PWRAFR,S101,2033,0.433
RE1,PWRAFR,S101,2034,0.433
RE1,PWRAFR,S101,2035,0.433
RE1,PWRAFR,S101,2036,0.433
RE1,PWRAFR,S101,2037,0.433
RE1,PWRAFR,S101,2038,0.433
RE1,PWRAFR,S101,2039,0.433
RE1,PWRAFR,S101,2040,0.433
RE1,PWRAFR,S101,2041,0.433
RE1,PWRAFR,S101,2042,0.433
RE1,PWRAFR,S101,2043,0.433
RE1,PWRAFR,S101,2044,0.433
RE1,PWRAFR,S101,2045,0.433
RE1,PWRAFR,S101,2046,0.433
RE1,PWRAFR,S101,2047,0.433
RE1,PWRAFR,S101,2048,0.433
RE1,PWRAFR,S101,2049,0.433
RE1,PWRAFR,S101,2050,0.433
RE1,PWRAFR,S101,2051,0.433
RE1,PWRAFR,S101,2052,0.433
RE1,PWRAFR,S101,2053,0.433
RE1,PWRAFR,S101,2054,0.433
RE1,PWRAFR,S101,2055,0.433
RE1,PWRAFR,S102,2022,0.433
RE1,PWRAFR,S102,2023,0.433
RE1,PWRAFR,S102,2024,0.433
RE1,PWRAFR,S102,2025,0.433
RE1,PWRAFR,S102,2026,0.433
RE1,PWRAFR,S102,2027,0.433
RE1,PWRAFR,S102,2028,0.433
RE1,PWRAFR,S102,2029,0.433
RE1,PWRAFR,S102,2030,0.433
RE1,PWRAFR,S102,2031,0.433
RE1,PWRAFR,S102,2032,0.433
RE1,PWRAFR,S102,2033,0.433
RE1,PWRAFR,S102,2034,0.433
RE1,PWRAFR,S102,2035,0.433
RE1,PWRAFR,S102,2036,0.433
RE1,PWRAFR,S102,2037,0.433
RE1,PWRAFR,S102,2038,0.433
RE1,PWRAFR,S102,2039,0.433
RE1,PWRAFR,S102,2040,0.433
RE1,PWRAFR,S102,2041,0.433
RE1,PWRAFR,S102,2042,0.433
RE1,PWRAFR,S102,2043,0.433
RE1,PWRAFR,S102,2044,0.433
RE1,PWRAFR,S102,2045,0.433
RE1,PWRAFR,S102,2046,0.433
RE1,PWRAFR,S102,2047,0.433
RE1,PWRAFR,S102,2048,0.433
RE1,PWRAFR,S102,2049,0.433
RE1,PWRAFR,S102,2050,0.433
RE1,PWRAFR,S102,2051,0.433
RE1,PWRAFR,S102,2052,0.433
RE1,PWRAFR,S102,2053,0.433
RE1,PWRAFR,S102,2054,0.433
RE1,PWRAFR,S102,2055,0.433
RE1,PWRBGS,S101,2022,0.66
RE1,PWRBGS,S101,2023,0.66
RE1,PWRBGS,S101,2024,0.66
RE1,PWRBGS,S101,2025,0.66
RE1,PWRBGS,S101,2026,0.66
RE1,PWRBGS,S101,2027,0.9
RE1,PWRBGS,S101,2028,0.9
RE1,PWRBGS,S101,2029,0.9
RE1,PWRBGS,S101,2030,0.9
RE1,PWRBGS,S101,2031,0.9
RE1,PWRBGS,S101,2032,0.9
RE1,PWRBGS,S101,2033,0.9
RE1,PWRBGS,S101,2034,0.9
RE1,PWRBGS,S101,2035,0.9
RE1,PWRBGS,S101,2036,0.9
RE1,PWRBGS,S101,2037,0.9
RE1,PWRBGS,S101,2038,0.9
RE1,PWRBGS,S101,2039,0.9
RE1,PWRBGS,S101,2040,0.9
RE1,PWRBGS,S101,2041,0.9
RE1,PWRBGS,S101,2042,0.9
RE1,PWRBGS,S101,2043,0.9
RE1,PWRBGS,S101,2044,0.9
RE1,PWRBGS,S101,2045,0.9
RE1,PWRBGS,S101,2046,0.9
RE1,PWRBGS,S101,2047,0.9
RE1,PWRBGS,S101,2048,0.9
RE1,PWRBGS,S101,2049,0.9
RE1,PWRBGS,S101,2050,0.9
RE1,PWRBGS,S101,2051,0.9
RE1,PWRBGS,S101,2052,0.9
RE1,PWRBGS,S101,2053,0.9
RE1,PWRBGS,S101,2054,0.9
RE1,PWRBGS,S101,2055,0.9
RE1,PWRBGS,S102,2022,0.66
RE1,PWRBGS,S102,2023,0.66
RE1,PWRBGS,S102,2024,0.66
RE1,PWRBGS,S102,2025,0.66
RE1,PWRBGS,S102,2026,0.66
RE1,PWRBGS,S102,2027,0.9
RE1,PWRBGS,S102,2028,0.9
RE1,PWRBGS,S102,2029,0.9
RE1,PWRBGS,S102,2030,0.9
RE1,PWRBGS,S102,2031,0.9
RE1,PWRBGS,S102,2032,0.9
RE1,PWRBGS,S102,2033,0.9
RE1,PWRBGS,S102,2034,0.9
RE1,PWRBGS,S102,2035,0.9
RE1,PWRBGS,S102,2036,0.9
RE1,PWRBGS,S102,2037,0.9
RE1,PWRBGS,S102,2038,0.9
RE1,PWRBGS,S102,2039,0.9
RE1,PWRBGS,S102,2040,0.9
RE1,PWRBGS,S102,2041,0.9
RE1,PWRBGS,S102,2042,0.9
RE1,PWRBGS,S102,2043,0.9
RE1,PWRBGS,S102,2044,0.9
RE1,PWRBGS,S102,2045,0.9
RE1,PWRBGS,S102,2046,0.9
RE1,PWRBGS,S102,2047,0.9
RE1,PWRBGS,S102,2048,0.9
RE1,PWRBGS,S102,2049,0.9
RE1,PWRBGS,S102,2050,0.9
RE1,PWRBGS,S102,2051,0.9
RE1,PWRBGS,S102,2052,0.9
RE1,PWRBGS,S102,2053,0.9
RE1,PWRBGS,S102,2054,0.9
RE1,PWRBGS,S102,2055,0.9
RE1,PWRCOA,S101,2022,0.3579999999999999
RE1,PWRCOA,S101,2023,0.6999999999999998
RE1,PWRCOA,S101,2024,0.6999999999999998
RE1,PWRCOA,S101,2025,0.3579999999999999
RE1,PWRCOA,S101,2026,0.3579999999999999
RE1,PWRCOA,S101,2027,0.3579999999999999
RE1,PWRCOA,S101,2028,0.3579999999999999
RE1,PWRCOA,S101,2029,0.3579999999999999
RE1,PWRCOA,S101,2030,0.3779999999999999
RE1,PWRCOA,S101,2031,0.3779999999999999
RE1,PWRCOA,S101,2032,0.3779999999999999
RE1,PWRCOA,S101,2033,0.3779999999999999
RE1,PWRCOA,S101,2034,0.3779999999999999
RE1,PWRCOA,S101,2035,0.3779999999999999
RE1,PWRCOA,S101,2036,0.3779999999999999
RE1,PWRCOA,S101,2037,0.3779999999999999
RE1,PWRCOA,S101,2038,0.3779999999999999
RE1,PWRCOA,S101,2039,0.3779999999999999
RE1,PWRCOA,S101,2040,0.3779999999999999
RE1,PWRCOA,S101,2041,0.3779999999999999
RE1,PWRCOA,S101,2042,0.3779999999999999
RE1,PWRCOA,S101,2043,0.3779999999999999
RE1,PWRCOA,S101,2044,0.3779999999999999
RE1,PWRCOA,S101,2045,0.3779999999999999
RE1,PWRCOA,S101,2046,0.3779999999999999
RE1,PWRCOA,S101,2047,0.3779999999999999
RE1,PWRCOA,S101,2048,0.3779999999999999
RE1,PWRCOA,S101,2049,0.3779999999999999
RE1,PWRCOA,S101,2050,0.407
RE1,PWRCOA,S101,2051,0.407
RE1,PWRCOA,S101,2052,0.407
RE1,PWRCOA,S101,2053,0.407
RE1,PWRCOA,S101,2054,0.407
RE1,PWRCOA,S101,2055,0.407
RE1,PWRCOA,S102,2022,0.3579999999999999
RE1,PWRCOA,S102,2023,0.6999999999999998
RE1,PWRCOA,S102,2024,0.6999999999999998
RE1,PWRCOA,S102,2025,0.3579999999999999
RE1,PWRCOA,S102,2026,0.3579999999999999
RE1,PWRCOA,S102,2027,0.3579999999999999
RE1,PWRCOA,S102,2028,0.3579999999999999
RE1,PWRCOA,S102,2029,0.3579999999999999
RE1,PWRCOA,S102,2030,0.3779999999999999
RE1,PWRCOA,S102,2031,0.3779999999999999
RE1,PWRCOA,S102,2032,0.3779999999999999
RE1,PWRCOA,S102,2033,0.3779999999999999
RE1,PWRCOA,S102,2034,0.3779999999999999
RE1,PWRCOA,S102,2035,0.3779999999999999
RE1,PWRCOA,S102,2036,0.3779999999999999
RE1,PWRCOA,S102,2037,0.3779999999999999
RE1,PWRCOA,S102,2038,0.3779999999999999
RE1,PWRCOA,S102,2039,0.3779999999999999
RE1,PWRCOA,S102,2040,0.3779999999999999
RE1,PWRCOA,S102,2041,0.3779999999999999
RE1,PWRCOA,S102,2042,0.3779999999999999
RE1,PWRCOA,S102,2043,0.3779999999999999
RE1,PWRCOA,S102,2044,0.3779999999999999
RE1,PWRCOA,S102,2045,0.3779999999999999
RE1,PWRCOA,S102,2046,0.3779999999999999
RE1,PWRCOA,S102,2047,0.3779999999999999
RE1,PWRCOA,S102,2048,0.3779999999999999
RE1,PWRCOA,S102,2049,0.3779999999999999
RE1,PWRCOA,S102,2050,0.407
RE1,PWRCOA,S102,2051,0.407
RE1,PWRCOA,S102,2052,0.407
RE1,PWRCOA,S102,2053,0.407
RE1,PWRCOA,S102,2054,0.407
RE1,PWRCOA,S102,2055,0.407
RE1,PWRCOACCS,S101,2022,0.3579999999999999
RE1,PWRCOACCS,S101,2023,0.3579999999999999
RE1,PWRCOACCS,S101,2024,0.3579999999999999
RE1,PWRCOACCS,S101,2025,0.3579999999999999
RE1,PWRCOACCS,S101,2026,0.3579999999999999
RE1,PWRCOACCS,S101,2027,0.3579999999999999
RE1,PWRCOACCS,S101,2028,0.3579999999999999
RE1,PWRCOACCS,S101,2029,0.3579999999999999
RE1,PWRCOACCS,S101,2030,0.3779999999999999
RE1,PWRCOACCS,S101,2031,0.3779999999999999
RE1,PWRCOACCS,S101,2032,0.3779999999999999
RE1,PWRCOACCS,S101,2033,0.3779999999999999
RE1,PWRCOACCS,S101,2034,0.3779999999999999
RE1,PWRCOACCS,S101,2035,0.3779999999999999
RE1,PWRCOACCS,S101,2036,0.3779999999999999
RE1,PWRCOACCS,S101,2037,0.3779999999999999
RE1,PWRCOACCS,S101,2038,0.3779999999999999
RE1,PWRCOACCS,S101,2039,0.3779999999999999
RE1,PWRCOACCS,S101,2040,0.3779999999999999
RE1,PWRCOACCS,S101,2041,0.3779999999999999
RE1,PWRCOACCS,S101,2042,0.3779999999999999
RE1,PWRCOACCS,S101,2043,0.3779999999999999
RE1,PWRCOACCS,S101,2044,0.3779999999999999
RE1,PWRCOACCS,S101,2045,0.3779999999999999
RE1,PWRCOACCS,S101,2046,0.3779999999999999
RE1,PWRCOACCS,S101,2047,0.3779999999999999
RE1,PWRCOACCS,S101,2048,0.3779999999999999
RE1,PWRCOACCS,S101,2049,0.3779999999999999
RE1,PWRCOACCS,S101,2050,0.407
RE1,PWRCOACCS,S101,2051,0.407
RE1,PWRCOACCS,S101,2052,0.407
RE1,PWRCOACCS,S101,2053,0.407
RE1,PWRCOACCS,S101,2054,0.407
RE1,PWRCOACCS,S101,2055,0.407
RE1,PWRCOACCS,S102,2022,0.3579999999999999
RE1,PWRCOACCS,S102,2023,0.3579999999999999
RE1,PWRCOACCS,S102,2024,0.3579999999999999
RE1,PWRCOACCS,S102,2025,0.3579999999999999
RE1,PWRCOACCS,S102,2026,0.3579999999999999
RE1,PWRCOACCS,S102,2027,0.3579999999999999
RE1,PWRCOACCS,S102,2028,0.3579999999999999
RE1,PWRCOACCS,S102,2029,0.3579999999999999
RE1,PWRCOACCS,S102,2030,0.3779999999999999
RE1,PWRCOACCS,S102,2031,0.3779999999999999
RE1,PWRCOACCS,S102,2032,0.3779999999999999
RE1,PWRCOACCS,S102,2033,0.3779999999999999
RE1,PWRCOACCS,S102,2034,0.3779999999999999
RE1,PWRCOACCS,S102,2035,0.3779999999999999
RE1,PWRCOACCS,S102,2036,0.3779999999999999
RE1,PWRCOACCS,S102,2037,0.3779999999999999
RE1,PWRCOACCS,S102,2038,0.3779999999999999
RE1,PWRCOACCS,S102,2039,0.3779999999999999
RE1,PWRCOACCS,S102,2040,0.3779999999999999
RE1,PWRCOACCS,S102,2041,0.3779999999999999
RE1,PWRCOACCS,S102,2042,0.3779999999999999
RE1,PWRCOACCS,S102,2043,0.3779999999999999
RE1,PWRCOACCS,S102,2044,0.3779999999999999
RE1,PWRCOACCS,S102,2045,0.3779999999999999
RE1,PWRCOACCS,S102,2046,0.3779999999999999
RE1,PWRCOACCS,S102,2047,0.3779999999999999
RE1,PWRCOACCS,S102,2048,0.3779999999999999
RE1,PWRCOACCS,S102,2049,0.3779999999999999
RE1,PWRCOACCS,S102,2050,0.407
RE1,PWRCOACCS,S102,2051,0.407
RE1,PWRCOACCS,S102,2052,0.407
RE1,PWRCOACCS,S102,2053,0.407
RE1,PWRCOACCS,S102,2054,0.407
RE1,PWRCOACCS,S102,2055,0.407
RE1,PWRCSP,S101,2022,0.8166666666666668
RE1,PWRCSP,S101,2023,0.8166666666666668
RE1,PWRCSP,S101,2024,0.8166666666666668
RE1,PWRCSP,S101,2025,0.8166666666666668
RE1,PWRCSP,S101,2026,0.8166666666666668
RE1,PWRCSP,S101,2027,0.8166666666666668
RE1,PWRCSP,S101,2028,0.8166666666666668
RE1,PWRCSP,S101,2029,0.8166666666666668
RE1,PWRCSP,S101,2030,0.8166666666666668
RE1,PWRCSP,S101,2031,0.8166666666666668
RE1,PWRCSP,S101,2032,0.8166666666666668
RE1,PWRCSP,S101,2033,0.8166666666666668
RE1,PWRCSP,S101,2034,0.8166666666666668
RE1,PWRCSP,S101,2035,0.8166666666666668
RE1,PWRCSP,S101,2036,0.8166666666666668
RE1,PWRCSP,S101,2037,0.8166666666666668
RE1,PWRCSP,S101,2038,0.8166666666666668
RE1,PWRCSP,S101,2039,0.8166666666666668
RE1,PWRCSP,S101,2040,0.8166666666666668
RE1,PWRCSP,S101,2041,0.8166666666666668
RE1,PWRCSP,S101,2042,0.8166666666666668
RE1,PWRCSP,S101,2043,0.8166666666666668
RE1,PWRCSP,S101,2044,0.8166666666666668
RE1,PWRCSP,S101,2045,0.8166666666666668
RE1,PWRCSP,S101,2046,0.8166666666666668
RE1,PWRCSP,S101,2047,0.8166666666666668
RE1,PWRCSP,S101,2048,0.8166666666666668
RE1,PWRCSP,S101,2049,0.8166666666666668
RE1,PWRCSP,S101,2050,0.8166666666666668
RE1,PWRCSP,S101,2051,0.8166666666666668
RE1,PWRCSP,S101,2052,0.8166666666666668
RE1,PWRCSP,S101,2053,0.8166666666666668
RE1,PWRCSP,S101,2054,0.8166666666666668
RE1,PWRCSP,S101,2055,0.8166666666666668
RE1,PWRCSP,S102,2022,0.0
RE1,PWRCSP,S102,2023,0.0
RE1,PWRCSP,S102,2024,0.0
RE1,PWRCSP,S102,2025,0.0
RE1,PWRCSP,S102,2026,0.0
RE1,PWRCSP,S102,2027,0.0
RE1,PWRCSP,S102,2028,0.0
RE1,PWRCSP,S102,2029,0.0
RE1,PWRCSP,S102,2030,0.0
RE1,PWRCSP,S102,2031,0.0
RE1,PWRCSP,S102,2032,0.0
RE1,PWRCSP,S102,2033,0.0
RE1,PWRCSP,S102,2034,0.0
RE1,PWRCSP,S102,2035,0.0
RE1,PWRCSP,S102,2036,0.0
RE1,PWRCSP,S102,2037,0.0
RE1,PWRCSP,S102,2038,0.0
RE1,PWRCSP,S102,2039,0.0
RE1,PWRCSP,S102,2040,0.0
RE1,PWRCSP,S102,2041,0.0
RE1,PWRCSP,S102,2042,0.0
RE1,PWRCSP,S102,2043,0.0
RE1,PWRCSP,S102,2044,0.0
RE1,PWRCSP,S102,2045,0.0
RE1,PWRCSP,S102,2046,0.0
RE1,PWRCSP,S102,2047,0.0
RE1,PWRCSP,S102,2048,0.0
RE1,PWRCSP,S102,2049,0.0
RE1,PWRCSP,S102,2050,0.0
RE1,PWRCSP,S102,2051,0.0
RE1,PWRCSP,S102,2052,0.0
RE1,PWRCSP,S102,2053,0.0
RE1,PWRCSP,S102,2054,0.0
RE1,PWRCSP,S102,2055,0.0
RE1,PWRDSL,S101,2022,0.293
RE1,PWRDSL,S101,2023,0.293
RE1,PWRDSL,S101,2024,0.293
RE1,PWRDSL,S101,2025,0.293
RE1,PWRDSL,S101,2026,0.293
RE1,PWRDSL,S101,2027,0.293
RE1,PWRDSL,S101,2028,0.293
RE1,PWRDSL,S101,2029,0.293
RE1,PWRDSL,S101,2030,0.293
RE1,PWRDSL,S101,2031,0.293
RE1,PWRDSL,S101,2032,0.293
RE1,PWRDSL,S101,2033,0.293
RE1,PWRDSL,S101,2034,0.293
RE1,PWRDSL,S101,2035,0.293
RE1,PWRDSL,S101,2036,0.293
RE1,PWRDSL,S101,2037,0.293
RE1,PWRDSL,S101,2038,0.293
RE1,PWRDSL,S101,2039,0.293
RE1,PWRDSL,S101,2040,0.293
RE1,PWRDSL,S101,2041,0.293
RE1,PWRDSL,S101,2042,0.293
RE1,PWRDSL,S101,2043,0.293
RE1,PWRDSL,S101,2044,0.293
RE1,PWRDSL,S101,2045,0.293
RE1,PWRDSL,S101,2046,0.293
RE1,PWRDSL,S101,2047,0.293
RE1,PWRDSL,S101,2048,0.293
RE1,PWRDSL,S101,2049,0.293
RE1,PWRDSL,S101,2050,0.293
RE1,PWRDSL,S101,2051,0.293
RE1,PWRDSL,S101,2052,0.293
RE1,PWRDSL,S101,2053,0.293
RE1,PWRDSL,S101,2054,0.293
RE1,PWRDSL,S101,2055,0.293
RE1,PWRDSL,S102,2022,0.293
RE1,PWRDSL,S102,2023,0.293
RE1,PWRDSL,S102,2024,0.293
RE1,PWRDSL,S102,2025,0.293
RE1,PWRDSL,S102,2026,0.293
RE1,PWRDSL,S102,2027,0.293
RE1,PWRDSL,S102,2028,0.293
RE1,PWRDSL,S102,2029,0.293
RE1,PWRDSL,S102,2030,0.293
RE1,PWRDSL,S102,2031,0.293
RE1,PWRDSL,S102,2032,0.293
RE1,PWRDSL,S102,2033,0.293
RE1,PWRDSL,S102,2034,0.293
RE1,PWRDSL,S102,2035,0.293
RE1,PWRDSL,S102,2036,0.293
RE1,PWRDSL,S102,2037,0.293
RE1,PWRDSL,S102,2038,0.293
RE1,PWRDSL,S102,2039,0.293
RE1,PWRDSL,S102,2040,0.293
RE1,PWRDSL,S102,2041,0.293
RE1,PWRDSL,S102,2042,0.293
RE1,PWRDSL,S102,2043,0.293
RE1,PWRDSL,S102,2044,0.293
RE1,PWRDSL,S102,2045,0.293
RE1,PWRDSL,S102,2046,0.293
RE1,PWRDSL,S102,2047,0.293
RE1,PWRDSL,S102,2048,0.293
RE1,PWRDSL,S102,2049,0.293
RE1,PWRDSL,S102,2050,0.293
RE1,PWRDSL,S102,2051,0.293
RE1,PWRDSL,S102,2052,0.293
RE1,PWRDSL,S102,2053,0.293
RE1,PWRDSL,S102,2054,0.293
RE1,PWRDSL,S102,2055,0.293
RE1,PWRFOL,S101,2022,0.527
RE1,PWRFOL,S101,2023,0.527
RE1,PWRFOL,S101,2024,0.527
RE1,PWRFOL,S101,2025,0.527
RE1,PWRFOL,S101,2026,0.527
RE1,PWRFOL,S101,2027,0.527
RE1,PWRFOL,S101,2028,0.527
RE1,PWRFOL,S101,2029,0.527
RE1,PWRFOL,S101,2030,0.527
RE1,PWRFOL,S101,2031,0.527
RE1,PWRFOL,S101,2032,0.527
RE1,PWRFOL,S101,2033,0.527
RE1,PWRFOL,S101,2034,0.527
RE1,PWRFOL,S101,2035,0.527
RE1,PWRFOL,S101,2036,0.527
RE1,PWRFOL,S101,2037,0.527
RE1,PWRFOL,S101,2038,0.527
RE1,PWRFOL,S101,2039,0.527
RE1,PWRFOL,S101,2040,0.527
RE1,PWRFOL,S101,2041,0.527
RE1,PWRFOL,S101,2042,0.527
RE1,PWRFOL,S101,2043,0.527
RE1,PWRFOL,S101,2044,0.527
RE1,PWRFOL,S101,2045,0.527
RE1,PWRFOL,S101,2046,0.527
RE1,PWRFOL,S101,2047,0.527
RE1,PWRFOL,S101,2048,0.527
RE1,PWRFOL,S101,2049,0.527
RE1,PWRFOL,S101,2050,0.527
RE1,PWRFOL,S101,2051,0.527
RE1,PWRFOL,S101,2052,0.527
RE1,PWRFOL,S101,2053,0.527
RE1,PWRFOL,S101,2054,0.527
RE1,PWRFOL,S101,2055,0.527
RE1,PWRFOL,S102,2022,0.527
RE1,PWRFOL,S102,2023,0.527
RE1,PWRFOL,S102,2024,0.527
RE1,PWRFOL,S102,2025,0.527
RE1,PWRFOL,S102,2026,0.527
RE1,PWRFOL,S102,2027,0.527
RE1,PWRFOL,S102,2028,0.527
RE1,PWRFOL,S102,2029,0.527
RE1,PWRFOL,S102,2030,0.527
RE1,PWRFOL,S102,2031,0.527
RE1,PWRFOL,S102,2032,0.527
RE1,PWRFOL,S102,2033,0.527
RE1,PWRFOL,S102,2034,0.527
RE1,PWRFOL,S102,2035,0.527
RE1,PWRFOL,S102,2036,0.527
RE1,PWRFOL,S102,2037,0.527
RE1,PWRFOL,S102,2038,0.527
RE1,PWRFOL,S102,2039,0.527
RE1,PWRFOL,S102,2040,0.527
RE1,PWRFOL,S102,2041,0.527
RE1,PWRFOL,S102,2042,0.527
RE1,PWRFOL,S102,2043,0.527
RE1,PWRFOL,S102,2044,0.527
RE1,PWRFOL,S102,2045,0.527
RE1,PWRFOL,S102,2046,0.527
RE1,PWRFOL,S102,2047,0.527
RE1,PWRFOL,S102,2048,0.527
RE1,PWRFOL,S102,2049,0.527
RE1,PWRFOL,S102,2050,0.527
RE1,PWRFOL,S102,2051,0.527
RE1,PWRFOL,S102,2052,0.527
RE1,PWRFOL,S102,2053,0.527
RE1,PWRFOL,S102,2054,0.527
RE1,PWRFOL,S102,2055,0.527
RE1,PWRGEO,S101,2022,0.731
RE1,PWRGEO,S101,2023,0.731
RE1,PWRGEO,S101,2024,0.731
RE1,PWRGEO,S101,2025,0.731
RE1,PWRGEO,S101,2026,0.731
RE1,PWRGEO,S101,2027,0.731
RE1,PWRGEO,S101,2028,0.731
RE1,PWRGEO,S101,2029,0.731
RE1,PWRGEO,S101,2030,0.731
RE1,PWRGEO,S101,2031,0.731
RE1,PWRGEO,S101,2032,0.731
RE1,PWRGEO,S101,2033,0.731
RE1,PWRGEO,S101,2034,0.731
RE1,PWRGEO,S101,2035,0.731
RE1,PWRGEO,S101,2036,0.731
RE1,PWRGEO,S101,2037,0.731
RE1,PWRGEO,S101,2038,0.731
RE1,PWRGEO,S101,2039,0.731
RE1,PWRGEO,S101,2040,0.731
RE1,PWRGEO,S101,2041,0.731
RE1,PWRGEO,S101,2042,0.731
RE1,PWRGEO,S101,2043,0.731
RE1,PWRGEO,S101,2044,0.731
RE1,PWRGEO,S101,2045,0.731
RE1,PWRGEO,S101,2046,0.731
RE1,PWRGEO,S101,2047,0.731
RE1,PWRGEO,S101,2048,0.731
RE1,PWRGEO,S101,2049,0.731
RE1,PWRGEO,S101,2050,0.731
RE1,PWRGEO,S101,2051,0.731
RE1,PWRGEO,S101,2052,0.731
RE1,PWRGEO,S101,2053,0.731
RE1,PWRGEO,S101,2054,0.731
RE1,PWRGEO,S101,2055,0.731
RE1,PWRGEO,S102,2022,0.731
RE1,PWRGEO,S102,2023,0.731
RE1,PWRGEO,S102,2024,0.731
RE1,PWRGEO,S102,2025,0.731
RE1,PWRGEO,S102,2026,0.731
RE1,PWRGEO,S102,2027,0.731
RE1,PWRGEO,S102,2028,0.731
RE1,PWRGEO,S102,2029,0.731
RE1,PWRGEO,S102,2030,0.731
RE1,PWRGEO,S102,2031,0.731
RE1,PWRGEO,S102,2032,0.731
RE1,PWRGEO,S102,2033,0.731
RE1,PWRGEO,S102,2034,0.731
RE1,PWRGEO,S102,2035,0.731
RE1,PWRGEO,S102,2036,0.731
RE1,PWRGEO,S102,2037,0.731
RE1,PWRGEO,S102,2038,0.731
RE1,PWRGEO,S102,2039,0.731
RE1,PWRGEO,S102,2040,0.731
RE1,PWRGEO,S102,2041,0.731
RE1,PWRGEO,S102,2042,0.731
RE1,PWRGEO,S102,2043,0.731
RE1,PWRGEO,S102,2044,0.731
RE1,PWRGEO,S102,2045,0.731
RE1,PWRGEO,S102,2046,0.731
RE1,PWRGEO,S102,2047,0.731
RE1,PWRGEO,S102,2048,0.731
RE1,PWRGEO,S102,2049,0.731
RE1,PWRGEO,S102,2050,0.731
RE1,PWRGEO,S102,2051,0.731
RE1,PWRGEO,S102,2052,0.731
RE1,PWRGEO,S102,2053,0.731
RE1,PWRGEO,S102,2054,0.731
RE1,PWRGEO,S102,2055,0.731
RE1,PWRHYDDAM,S101,2022,0.6148626441000002
RE1,PWRHYDDAM,S101,2023,0.55
RE1,PWRHYDDAM,S101,2024,0.48
RE1,PWRHYDDAM,S101,2025,0.5
RE1,PWRHYDDAM,S101,2026,0.55
RE1,PWRHYDDAM,S101,2027,0.58
RE1,PWRHYDDAM,S101,2028,0.55
RE1,PWRHYDDAM,S101,2029,0.5
RE1,PWRHYDDAM,S101,2030,0.47
RE1,PWRHYDDAM,S101,2031,0.5
RE1,PWRHYDDAM,S101,2032,0.55
RE1,PWRHYDDAM,S101,2033,0.58
RE1,PWRHYDDAM,S101,2034,0.55
RE1,PWRHYDDAM,S101,2035,0.5
RE1,PWRHYDDAM,S101,2036,0.47
RE1,PWRHYDDAM,S101,2037,0.5
RE1,PWRHYDDAM,S101,2038,0.55
RE1,PWRHYDDAM,S101,2039,0.58
RE1,PWRHYDDAM,S101,2040,0.55
RE1,PWRHYDDAM,S101,2041,0.5
RE1,PWRHYDDAM,S101,2042,0.47
RE1,PWRHYDDAM,S101,2043,0.5
RE1,PWRHYDDAM,S101,2044,0.55
RE1,PWRHYDDAM,S101,2045,0.58
RE1,PWRHYDDAM,S101,2046,0.55
RE1,PWRHYDDAM,S101,2047,0.5
RE1,PWRHYDDAM,S101,2048,0.47
RE1,PWRHYDDAM,S101,2049,0.5
RE1,PWRHYDDAM,S101,2050,0.55
RE1,PWRHYDDAM,S101,2051,0.58
RE1,PWRHYDDAM,S101,2052,0.55
RE1,PWRHYDDAM,S101,2053,0.5
RE1,PWRHYDDAM,S101,2054,0.47
RE1,PWRHYDDAM,S101,2055,0.47
RE1,PWRHYDDAM,S102,2022,0.6148626441000002
RE1,PWRHYDDAM,S102,2023,0.55
RE1,PWRHYDDAM,S102,2024,0.48
RE1,PWRHYDDAM,S102,2025,0.5
RE1,PWRHYDDAM,S102,2026,0.55
RE1,PWRHYDDAM,S102,2027,0.58
RE1,PWRHYDDAM,S102,2028,0.55
RE1,PWRHYDDAM,S102,2029,0.5
RE1,PWRHYDDAM,S102,2030,0.47
RE1,PWRHYDDAM,S102,2031,0.5
RE1,PWRHYDDAM,S102,2032,0.55
RE1,PWRHYDDAM,S102,2033,0.58
RE1,PWRHYDDAM,S102,2034,0.55
RE1,PWRHYDDAM,S102,2035,0.5
RE1,PWRHYDDAM,S102,2036,0.47
RE1,PWRHYDDAM,S102,2037,0.5
RE1,PWRHYDDAM,S102,2038,0.55
RE1,PWRHYDDAM,S102,2039,0.58
RE1,PWRHYDDAM,S102,2040,0.55
RE1,PWRHYDDAM,S102,2041,0.5
RE1,PWRHYDDAM,S102,2042,0.47
RE1,PWRHYDDAM,S102,2043,0.5
RE1,PWRHYDDAM,S102,2044,0.55
RE1,PWRHYDDAM,S102,2045,0.58
RE1,PWRHYDDAM,S102,2046,0.55
RE1,PWRHYDDAM,S102,2047,0.5
RE1,PWRHYDDAM,S102,2048,0.47
RE1,PWRHYDDAM,S102,2049,0.5
RE1,PWRHYDDAM,S102,2050,0.55
RE1,PWRHYDDAM,S102,2051,0.58
RE1,PWRHYDDAM,S102,2052,0.55
RE1,PWRHYDDAM,S102,2053,0.5
RE1,PWRHYDDAM,S102,2054,0.47
RE1,PWRHYDDAM,S102,2055,0.47
RE1,PWRHYDROR,S101,2022,0.593
RE1,PWRHYDROR,S101,2023,0.4749999999999999
RE1,PWRHYDROR,S101,2024,0.4465000000000001
RE1,PWRHYDROR,S101,2025,0.4749999999999999
RE1,PWRHYDROR,S101,2026,0.5225
RE1,PWRHYDROR,S101,2027,0.551
RE1,PWRHYDROR,S101,2028,0.5225
RE1,PWRHYDROR,S101,2029,0.4749999999999999
RE1,PWRHYDROR,S101,2030,0.4465000000000001
RE1,PWRHYDROR,S101,2031,0.4749999999999999
RE1,PWRHYDROR,S101,2032,0.5225
RE1,PWRHYDROR,S101,2033,0.551
RE1,PWRHYDROR,S101,2034,0.5225
RE1,PWRHYDROR,S101,2035,0.4749999999999999
RE1,PWRHYDROR,S101,2036,0.4465000000000001
RE1,PWRHYDROR,S101,2037,0.4749999999999999
RE1,PWRHYDROR,S101,2038,0.5225
RE1,PWRHYDROR,S101,2039,0.551
RE1,PWRHYDROR,S101,2040,0.5225
RE1,PWRHYDROR,S101,2041,0.4749999999999999
RE1,PWRHYDROR,S101,2042,0.4465000000000001
RE1,PWRHYDROR,S101,2043,0.4749999999999999
RE1,PWRHYDROR,S101,2044,0.5225
RE1,PWRHYDROR,S101,2045,0.551
RE1,PWRHYDROR,S101,2046,0.5225
RE1,PWRHYDROR,S101,2047,0.4749999999999999
RE1,PWRHYDROR,S101,2048,0.4465000000000001
RE1,PWRHYDROR,S101,2049,0.4749999999999999
RE1,PWRHYDROR,S101,2050,0.5225
RE1,PWRHYDROR,S101,2051,0.551
RE1,PWRHYDROR,S101,2052,0.5225
RE1,PWRHYDROR,S101,2053,0.4749999999999999
RE1,PWRHYDROR,S101,2054,0.4465000000000001
RE1,PWRHYDROR,S101,2055,0.4465000000000001
RE1,PWRHYDROR,S102,2022,0.593
RE1,PWRHYDROR,S102,2023,0.4749999999999999
RE1,PWRHYDROR,S102,2024,0.4465000000000001
RE1,PWRHYDROR,S102,2025,0.4749999999999999
RE1,PWRHYDROR,S102,2026,0.5225
RE1,PWRHYDROR,S102,2027,0.551
RE1,PWRHYDROR,S102,2028,0.5225
RE1,PWRHYDROR,S102,2029,0.4749999999999999
RE1,PWRHYDROR,S102,2030,0.4465000000000001
RE1,PWRHYDROR,S102,2031,0.4749999999999999
RE1,PWRHYDROR,S102,2032,0.5225
RE1,PWRHYDROR,S102,2033,0.551
RE1,PWRHYDROR,S102,2034,0.5225
RE1,PWRHYDROR,S102,2035,0.4749999999999999
RE1,PWRHYDROR,S102,2036,0.4465000000000001
RE1,PWRHYDROR,S102,2037,0.4749999999999999
RE1,PWRHYDROR,S102,2038,0.5225
RE1,PWRHYDROR,S102,2039,0.551
RE1,PWRHYDROR,S102,2040,0.5225
RE1,PWRHYDROR,S102,2041,0.4749999999999999
RE1,PWRHYDROR,S102,2042,0.4465000000000001
RE1,PWRHYDROR,S102,2043,0.4749999999999999
RE1,PWRHYDROR,S102,2044,0.5225
RE1,PWRHYDROR,S102,2045,0.551
RE1,PWRHYDROR,S102,2046,0.5225
RE1,PWRHYDROR,S102,2047,0.4749999999999999
RE1,PWRHYDROR,S102,2048,0.4465000000000001
RE1,PWRHYDROR,S102,2049,0.4749999999999999
RE1,PWRHYDROR,S102,2050,0.5225
RE1,PWRHYDROR,S102,2051,0.551
RE1,PWRHYDROR,S102,2052,0.5225
RE1,PWRHYDROR,S102,2053,0.4749999999999999
RE1,PWRHYDROR,S102,2054,0.4465000000000001
RE1,PWRHYDROR,S102,2055,0.4465000000000001
RE1,PWRHYDROR_NDC,S101,2022,0.63
RE1,PWRHYDROR_NDC,S101,2023,0.5
RE1,PWRHYDROR_NDC,S101,2024,0.4465000000000001
RE1,PWRHYDROR_NDC,S101,2025,0.4749999999999999
RE1,PWRHYDROR_NDC,S101,2026,0.5225
RE1,PWRHYDROR_NDC,S101,2027,0.551
RE1,PWRHYDROR_NDC,S101,2028,0.5225
RE1,PWRHYDROR_NDC,S101,2029,0.4749999999999999
RE1,PWRHYDROR_NDC,S101,2030,0.4465000000000001
RE1,PWRHYDROR_NDC,S101,2031,0.4749999999999999
RE1,PWRHYDROR_NDC,S101,2032,0.5225
RE1,PWRHYDROR_NDC,S101,2033,0.551
RE1,PWRHYDROR_NDC,S101,2034,0.5225
RE1,PWRHYDROR_NDC,S101,2035,0.4749999999999999
RE1,PWRHYDROR_NDC,S101,2036,0.4465000000000001
RE1,PWRHYDROR_NDC,S101,2037,0.4749999999999999
RE1,PWRHYDROR_NDC,S101,2038,0.5225
RE1,PWRHYDROR_NDC,S101,2039,0.551
RE1,PWRHYDROR_NDC,S101,2040,0.5225
RE1,PWRHYDROR_NDC,S101,2041,0.4749999999999999
RE1,PWRHYDROR_NDC,S101,2042,0.4465000000000001
RE1,PWRHYDROR_NDC,S101,2043,0.4749999999999999
RE1,PWRHYDROR_NDC,S101,2044,0.5225
RE1,PWRHYDROR_NDC,S101,2045,0.551
RE1,PWRHYDROR_NDC,S101,2046,0.5225
RE1,PWRHYDROR_NDC,S101,2047,0.4749999999999999
RE1,PWRHYDROR_NDC,S101,2048,0.4465000000000001
RE1,PWRHYDROR_NDC,S101,2049,0.4749999999999999
RE1,PWRHYDROR_NDC,S101,2050,0.5225
RE1,PWRHYDROR_NDC,S101,2051,0.551
RE1,PWRHYDROR_NDC,S101,2052,0.5225
RE1,PWRHYDROR_NDC,S101,2053,0.5225
RE1,PWRHYDROR_NDC,S101,2054,0.5225
RE1,PWRHYDROR_NDC,S101,2055,0.5225
RE1,PWRHYDROR_NDC,S102,2022,0.63
RE1,PWRHYDROR_NDC,S102,2023,0.5
RE1,PWRHYDROR_NDC,S102,2024,0.4465000000000001
RE1,PWRHYDROR_NDC,S102,2025,0.4749999999999999
RE1,PWRHYDROR_NDC,S102,2026,0.5225
RE1,PWRHYDROR_NDC,S102,2027,0.551
RE1,PWRHYDROR_NDC,S102,2028,0.5225
RE1,PWRHYDROR_NDC,S102,2029,0.4749999999999999
RE1,PWRHYDROR_NDC,S102,2030,0.4465000000000001
RE1,PWRHYDROR_NDC,S102,2031,0.4749999999999999
RE1,PWRHYDROR_NDC,S102,2032,0.5225
RE1,PWRHYDROR_NDC,S102,2033,0.551
RE1,PWRHYDROR_NDC,S102,2034,0.5225
RE1,PWRHYDROR_NDC,S102,2035,0.4749999999999999
RE1,PWRHYDROR_NDC,S102,2036,0.4465000000000001
RE1,PWRHYDROR_NDC,S102,2037,0.4749999999999999
RE1,PWRHYDROR_NDC,S102,2038,0.5225
RE1,PWRHYDROR_NDC,S102,2039,0.551
RE1,PWRHYDROR_NDC,S102,2040,0.5225
RE1,PWRHYDROR_NDC,S102,2041,0.4749999999999999
RE1,PWRHYDROR_NDC,S102,2042,0.4465000000000001
RE1,PWRHYDROR_NDC,S102,2043,0.4749999999999999
RE1,PWRHYDROR_NDC,S102,2044,0.5225
RE1,PWRHYDROR_NDC,S102,2045,0.551
RE1,PWRHYDROR_NDC,S102,2046,0.5225
RE1,PWRHYDROR_NDC,S102,2047,0.4749999999999999
RE1,PWRHYDROR_NDC,S102,2048,0.4465000000000001
RE1,PWRHYDROR_NDC,S102,2049,0.4749999999999999
RE1,PWRHYDROR_NDC,S102,2050,0.5225
RE1,PWRHYDROR_NDC,S102,2051,0.551
RE1,PWRHYDROR_NDC,S102,2052,0.5225
RE1,PWRHYDROR_NDC,S102,2053,0.5225
RE1,PWRHYDROR_NDC,S102,2054,0.5225
RE1,PWRHYDROR_NDC,S102,2055,0.5225
RE1,PWRJET,S101,2022,0.85
RE1,PWRJET,S101,2023,0.85
RE1,PWRJET,S101,2024,0.85
RE1,PWRJET,S101,2025,0.85
RE1,PWRJET,S101,2026,0.85
RE1,PWRJET,S101,2027,0.85
RE1,PWRJET,S101,2028,0.85
RE1,PWRJET,S101,2029,0.85
RE1,PWRJET,S101,2030,0.85
RE1,PWRJET,S101,2031,0.85
RE1,PWRJET,S101,2032,0.85
RE1,PWRJET,S101,2033,0.85
RE1,PWRJET,S101,2034,0.85
RE1,PWRJET,S101,2035,0.85
RE1,PWRJET,S101,2036,0.85
RE1,PWRJET,S101,2037,0.85
RE1,PWRJET,S101,2038,0.85
RE1,PWRJET,S101,2039,0.85
RE1,PWRJET,S101,2040,0.85
RE1,PWRJET,S101,2041,0.85
RE1,PWRJET,S101,2042,0.85
RE1,PWRJET,S101,2043,0.85
RE1,PWRJET,S101,2044,0.85
RE1,PWRJET,S101,2045,0.85
RE1,PWRJET,S101,2046,0.85
RE1,PWRJET,S101,2047,0.85
RE1,PWRJET,S101,2048,0.85
RE1,PWRJET,S101,2049,0.85
RE1,PWRJET,S101,2050,0.85
RE1,PWRJET,S101,2051,0.85
RE1,PWRJET,S101,2052,0.85
RE1,PWRJET,S101,2053,0.85
RE1,PWRJET,S101,2054,0.85
RE1,PWRJET,S101,2055,0.85
RE1,PWRJET,S102,2022,0.85
RE1,PWRJET,S102,2023,0.85
RE1,PWRJET,S102,2024,0.85
RE1,PWRJET,S102,2025,0.85
RE1,PWRJET,S102,2026,0.85
RE1,PWRJET,S102,2027,0.85
RE1,PWRJET,S102,2028,0.85
RE1,PWRJET,S102,2029,0.85
RE1,PWRJET,S102,2030,0.85
RE1,PWRJET,S102,2031,0.85
RE1,PWRJET,S102,2032,0.85
RE1,PWRJET,S102,2033,0.85
RE1,PWRJET,S102,2034,0.85
RE1,PWRJET,S102,2035,0.85
RE1,PWRJET,S102,2036,0.85
RE1,PWRJET,S102,2037,0.85
RE1,PWRJET,S102,2038,0.85
RE1,PWRJET,S102,2039,0.85
RE1,PWRJET,S102,2040,0.85
RE1,PWRJET,S102,2041,0.85
RE1,PWRJET,S102,2042,0.85
RE1,PWRJET,S102,2043,0.85
RE1,PWRJET,S102,2044,0.85
RE1,PWRJET,S102,2045,0.85
RE1,PWRJET,S102,2046,0.85
RE1,PWRJET,S102,2047,0.85
RE1,PWRJET,S102,2048,0.85
RE1,PWRJET,S102,2049,0.85
RE1,PWRJET,S102,2050,0.85
RE1,PWRJET,S102,2051,0.85
RE1,PWRJET,S102,2052,0.85
RE1,PWRJET,S102,2053,0.85
RE1,PWRJET,S102,2054,0.85
RE1,PWRJET,S102,2055,0.85
RE1,PWRLPG,S101,2022,0.527
RE1,PWRLPG,S101,2023,0.527
RE1,PWRLPG,S101,2024,0.527
RE1,PWRLPG,S101,2025,0.527
RE1,PWRLPG,S101,2026,0.527
RE1,PWRLPG,S101,2027,0.527
RE1,PWRLPG,S101,2028,0.527
RE1,PWRLPG,S101,2029,0.527
RE1,PWRLPG,S101,2030,0.527
RE1,PWRLPG,S101,2031,0.527
RE1,PWRLPG,S101,2032,0.527
RE1,PWRLPG,S101,2033,0.527
RE1,PWRLPG,S101,2034,0.527
RE1,PWRLPG,S101,2035,0.527
RE1,PWRLPG,S101,2036,0.527
RE1,PWRLPG,S101,2037,0.527
RE1,PWRLPG,S101,2038,0.527
RE1,PWRLPG,S101,2039,0.527
RE1,PWRLPG,S101,2040,0.527
RE1,PWRLPG,S101,2041,0.527
RE1,PWRLPG,S101,2042,0.527
RE1,PWRLPG,S101,2043,0.527
RE1,PWRLPG,S101,2044,0.527
RE1,PWRLPG,S101,2045,0.527
RE1,PWRLPG,S101,2046,0.527
RE1,PWRLPG,S101,2047,0.527
RE1,PWRLPG,S101,2048,0.527
RE1,PWRLPG,S101,2049,0.527
RE1,PWRLPG,S101,2050,0.527
RE1,PWRLPG,S101,2051,0.527
RE1,PWRLPG,S101,2052,0.527
RE1,PWRLPG,S101,2053,0.527
RE1,PWRLPG,S101,2054,0.527
RE1,PWRLPG,S101,2055,0.527
RE1,PWRLPG,S102,2022,0.527
RE1,PWRLPG,S102,2023,0.527
RE1,PWRLPG,S102,2024,0.527
RE1,PWRLPG,S102,2025,0.527
RE1,PWRLPG,S102,2026,0.527
RE1,PWRLPG,S102,2027,0.527
RE1,PWRLPG,S102,2028,0.527
RE1,PWRLPG,S102,2029,0.527
RE1,PWRLPG,S102,2030,0.527
RE1,PWRLPG,S102,2031,0.527
RE1,PWRLPG,S102,2032,0.527
RE1,PWRLPG,S102,2033,0.527
RE1,PWRLPG,S102,2034,0.527
RE1,PWRLPG,S102,2035,0.527
RE1,PWRLPG,S102,2036,0.527
RE1,PWRLPG,S102,2037,0.527
RE1,PWRLPG,S102,2038,0.527
RE1,PWRLPG,S102,2039,0.527
RE1,PWRLPG,S102,2040,0.527
RE1,PWRLPG,S102,2041,0.527
RE1,PWRLPG,S102,2042,0.527
RE1,PWRLPG,S102,2043,0.527
RE1,PWRLPG,S102,2044,0.527
RE1,PWRLPG,S102,2045,0.527
RE1,PWRLPG,S102,2046,0.527
RE1,PWRLPG,S102,2047,0.527
RE1,PWRLPG,S102,2048,0.527
RE1,PWRLPG,S102,2049,0.527
RE1,PWRLPG,S102,2050,0.527
RE1,PWRLPG,S102,2051,0.527
RE1,PWRLPG,S102,2052,0.527
RE1,PWRLPG,S102,2053,0.527
RE1,PWRLPG,S102,2054,0.527
RE1,PWRLPG,S102,2055,0.527
RE1,PWRNGSCCS,S101,2022,0.588
RE1,PWRNGSCCS,S101,2023,0.588
RE1,PWRNGSCCS,S101,2024,0.588
RE1,PWRNGSCCS,S101,2025,0.588
RE1,PWRNGSCCS,S101,2026,0.588
RE1,PWRNGSCCS,S101,2027,0.588
RE1,PWRNGSCCS,S101,2028,0.588
RE1,PWRNGSCCS,S101,2029,0.588
RE1,PWRNGSCCS,S101,2030,0.588
RE1,PWRNGSCCS,S101,2031,0.588
RE1,PWRNGSCCS,S101,2032,0.588
RE1,PWRNGSCCS,S101,2033,0.588
RE1,PWRNGSCCS,S101,2034,0.588
RE1,PWRNGSCCS,S101,2035,0.588
RE1,PWRNGSCCS,S101,2036,0.588
RE1,PWRNGSCCS,S101,2037,0.588
RE1,PWRNGSCCS,S101,2038,0.588
RE1,PWRNGSCCS,S101,2039,0.588
RE1,PWRNGSCCS,S101,2040,0.588
RE1,PWRNGSCCS,S101,2041,0.588
RE1,PWRNGSCCS,S101,2042,0.588
RE1,PWRNGSCCS,S101,2043,0.588
RE1,PWRNGSCCS,S101,2044,0.588
RE1,PWRNGSCCS,S101,2045,0.588
RE1,PWRNGSCCS,S101,2046,0.588
RE1,PWRNGSCCS,S101,2047,0.588
RE1,PWRNGSCCS,S101,2048,0.588
RE1,PWRNGSCCS,S101,2049,0.588
RE1,PWRNGSCCS,S101,2050,0.588
RE1,PWRNGSCCS,S101,2051,0.588
RE1,PWRNGSCCS,S101,2052,0.588
RE1,PWRNGSCCS,S101,2053,0.588
RE1,PWRNGSCCS,S101,2054,0.588
RE1,PWRNGSCCS,S101,2055,0.588
RE1,PWRNGSCCS,S102,2022,0.588
RE1,PWRNGSCCS,S102,2023,0.588
RE1,PWRNGSCCS,S102,2024,0.588
RE1,PWRNGSCCS,S102,2025,0.588
RE1,PWRNGSCCS,S102,2026,0.588
RE1,PWRNGSCCS,S102,2027,0.588
RE1,PWRNGSCCS,S102,2028,0.588
RE1,PWRNGSCCS,S102,2029,0.588
RE1,PWRNGSCCS,S102,2030,0.588
RE1,PWRNGSCCS,S102,2031,0.588
RE1,PWRNGSCCS,S102,2032,0.588
RE1,PWRNGSCCS,S102,2033,0.588
RE1,PWRNGSCCS,S102,2034,0.588
RE1,PWRNGSCCS,S102,2035,0.588
RE1,PWRNGSCCS,S102,2036,0.588
RE1,PWRNGSCCS,S102,2037,0.588
RE1,PWRNGSCCS,S102,2038,0.588
RE1,PWRNGSCCS,S102,2039,0.588
RE1,PWRNGSCCS,S102,2040,0.588
RE1,PWRNGSCCS,S102,2041,0.588
RE1,PWRNGSCCS,S102,2042,0.588
RE1,PWRNGSCCS,S102,2043,0.588
RE1,PWRNGSCCS,S102,2044,0.588
RE1,PWRNGSCCS,S102,2045,0.588
RE1,PWRNGSCCS,S102,2046,0.588
RE1,PWRNGSCCS,S102,2047,0.588
RE1,PWRNGSCCS,S102,2048,0.588
RE1,PWRNGSCCS,S102,2049,0.588
RE1,PWRNGSCCS,S102,2050,0.588
RE1,PWRNGSCCS,S102,2051,0.588
RE1,PWRNGSCCS,S102,2052,0.588
RE1,PWRNGSCCS,S102,2053,0.588
RE1,PWRNGSCCS,S102,2054,0.588
RE1,PWRNGSCCS,S102,2055,0.588
RE1,PWRNGS_CC,S101,2022,0.506
RE1,PWRNGS_CC,S101,2023,0.506
RE1,PWRNGS_CC,S101,2024,0.55
RE1,PWRNGS_CC,S101,2025,0.506
RE1,PWRNGS_CC,S101,2026,0.506
RE1,PWRNGS_CC,S101,2027,0.506
RE1,PWRNGS_CC,S101,2028,0.506
RE1,PWRNGS_CC,S101,2029,0.506
RE1,PWRNGS_CC,S101,2030,0.506
RE1,PWRNGS_CC,S101,2031,0.506
RE1,PWRNGS_CC,S101,2032,0.506
RE1,PWRNGS_CC,S101,2033,0.506
RE1,PWRNGS_CC,S101,2034,0.506
RE1,PWRNGS_CC,S101,2035,0.506
RE1,PWRNGS_CC,S101,2036,0.506
RE1,PWRNGS_CC,S101,2037,0.506
RE1,PWRNGS_CC,S101,2038,0.506
RE1,PWRNGS_CC,S101,2039,0.506
RE1,PWRNGS_CC,S101,2040,0.506
RE1,PWRNGS_CC,S101,2041,0.506
RE1,PWRNGS_CC,S101,2042,0.506
RE1,PWRNGS_CC,S101,2043,0.506
RE1,PWRNGS_CC,S101,2044,0.506
RE1,PWRNGS_CC,S101,2045,0.506
RE1,PWRNGS_CC,S101,2046,0.506
RE1,PWRNGS_CC,S101,2047,0.506
RE1,PWRNGS_CC,S101,2048,0.506
RE1,PWRNGS_CC,S101,2049,0.506
RE1,PWRNGS_CC,S101,2050,0.506
RE1,PWRNGS_CC,S101,2051,0.506
RE1,PWRNGS_CC,S101,2052,0.506
RE1,PWRNGS_CC,S101,2053,0.506
RE1,PWRNGS_CC,S101,2054,0.506
RE1,PWRNGS_CC,S101,2055,0.506
RE1,PWRNGS_CC,S102,2022,0.506
RE1,PWRNGS_CC,S102,2023,0.506
RE1,PWRNGS_CC,S102,2024,0.55
RE1,PWRNGS_CC,S102,2025,0.506
RE1,PWRNGS_CC,S102,2026,0.506
RE1,PWRNGS_CC,S102,2027,0.506
RE1,PWRNGS_CC,S102,2028,0.506
RE1,PWRNGS_CC,S102,2029,0.506
RE1,PWRNGS_CC,S102,2030,0.506
RE1,PWRNGS_CC,S102,2031,0.506
RE1,PWRNGS_CC,S102,2032,0.506
RE1,PWRNGS_CC,S102,2033,0.506
RE1,PWRNGS_CC,S102,2034,0.506
RE1,PWRNGS_CC,S102,2035,0.506
RE1,PWRNGS_CC,S102,2036,0.506
RE1,PWRNGS_CC,S102,2037,0.506
RE1,PWRNGS_CC,S102,2038,0.506
RE1,PWRNGS_CC,S102,2039,0.506
RE1,PWRNGS_CC,S102,2040,0.506
RE1,PWRNGS_CC,S102,2041,0.506
RE1,PWRNGS_CC,S102,2042,0.506
RE1,PWRNGS_CC,S102,2043,0.506
RE1,PWRNGS_CC,S102,2044,0.506
RE1,PWRNGS_CC,S102,2045,0.506
RE1,PWRNGS_CC,S102,2046,0.506
RE1,PWRNGS_CC,S102,2047,0.506
RE1,PWRNGS_CC,S102,2048,0.506
RE1,PWRNGS_CC,S102,2049,0.506
RE1,PWRNGS_CC,S102,2050,0.506
RE1,PWRNGS_CC,S102,2051,0.506
RE1,PWRNGS_CC,S102,2052,0.506
RE1,PWRNGS_CC,S102,2053,0.506
RE1,PWRNGS_CC,S102,2054,0.506
RE1,PWRNGS_CC,S102,2055,0.506
RE1,PWRNGS_CS,S101,2022,0.527
RE1,PWRNGS_CS,S101,2023,0.65
RE1,PWRNGS_CS,S101,2024,0.527
RE1,PWRNGS_CS,S101,2025,0.527
RE1,PWRNGS_CS,S101,2026,0.527
RE1,PWRNGS_CS,S101,2027,0.527
RE1,PWRNGS_CS,S101,2028,0.527
RE1,PWRNGS_CS,S101,2029,0.527
RE1,PWRNGS_CS,S101,2030,0.527
RE1,PWRNGS_CS,S101,2031,0.527
RE1,PWRNGS_CS,S101,2032,0.527
RE1,PWRNGS_CS,S101,2033,0.527
RE1,PWRNGS_CS,S101,2034,0.527
RE1,PWRNGS_CS,S101,2035,0.527
RE1,PWRNGS_CS,S101,2036,0.527
RE1,PWRNGS_CS,S101,2037,0.527
RE1,PWRNGS_CS,S101,2038,0.527
RE1,PWRNGS_CS,S101,2039,0.527
RE1,PWRNGS_CS,S101,2040,0.527
RE1,PWRNGS_CS,S101,2041,0.527
RE1,PWRNGS_CS,S101,2042,0.527
RE1,PWRNGS_CS,S101,2043,0.527
RE1,PWRNGS_CS,S101,2044,0.527
RE1,PWRNGS_CS,S101,2045,0.527
RE1,PWRNGS_CS,S101,2046,0.527
RE1,PWRNGS_CS,S101,2047,0.527
RE1,PWRNGS_CS,S101,2048,0.527
RE1,PWRNGS_CS,S101,2049,0.527
RE1,PWRNGS_CS,S101,2050,0.527
RE1,PWRNGS_CS,S101,2051,0.527
RE1,PWRNGS_CS,S101,2052,0.527
RE1,PWRNGS_CS,S101,2053,0.527
RE1,PWRNGS_CS,S101,2054,0.527
RE1,PWRNGS_CS,S101,2055,0.527
RE1,PWRNGS_CS,S102,2022,0.527
RE1,PWRNGS_CS,S102,2023,0.65
RE1,PWRNGS_CS,S102,2024,0.527
RE1,PWRNGS_CS,S102,2025,0.527
RE1,PWRNGS_CS,S102,2026,0.527
RE1,PWRNGS_CS,S102,2027,0.527
RE1,PWRNGS_CS,S102,2028,0.527
RE1,PWRNGS_CS,S102,2029,0.527
RE1,PWRNGS_CS,S102,2030,0.527
RE1,PWRNGS_CS,S102,2031,0.527
RE1,PWRNGS_CS,S102,2032,0.527
RE1,PWRNGS_CS,S102,2033,0.527
RE1,PWRNGS_CS,S102,2034,0.527
RE1,PWRNGS_CS,S102,2035,0.527
RE1,PWRNGS_CS,S102,2036,0.527
RE1,PWRNGS_CS,S102,2037,0.527
RE1,PWRNGS_CS,S102,2038,0.527
RE1,PWRNGS_CS,S102,2039,0.527
RE1,PWRNGS_CS,S102,2040,0.527
RE1,PWRNGS_CS,S102,2041,0.527
RE1,PWRNGS_CS,S102,2042,0.527
RE1,PWRNGS_CS,S102,2043,0.527
RE1,PWRNGS_CS,S102,2044,0.527
RE1,PWRNGS_CS,S102,2045,0.527
RE1,PWRNGS_CS,S102,2046,0.527
RE1,PWRNGS_CS,S102,2047,0.527
RE1,PWRNGS_CS,S102,2048,0.527
RE1,PWRNGS_CS,S102,2049,0.527
RE1,PWRNGS_CS,S102,2050,0.527
RE1,PWRNGS_CS,S102,2051,0.527
RE1,PWRNGS_CS,S102,2052,0.527
RE1,PWRNGS_CS,S102,2053,0.527
RE1,PWRNGS_CS,S102,2054,0.527
RE1,PWRNGS_CS,S102,2055,0.527
RE1,PWRNUC,S101,2022,0.95
RE1,PWRNUC,S101,2023,0.95
RE1,PWRNUC,S101,2024,0.95
RE1,PWRNUC,S101,2025,0.95
RE1,PWRNUC,S101,2026,0.95
RE1,PWRNUC,S101,2027,0.95
RE1,PWRNUC,S101,2028,0.95
RE1,PWRNUC,S101,2029,0.95
RE1,PWRNUC,S101,2030,0.95
RE1,PWRNUC,S101,2031,0.95
RE1,PWRNUC,S101,2032,0.95
RE1,PWRNUC,S101,2033,0.95
RE1,PWRNUC,S101,2034,0.95
RE1,PWRNUC,S101,2035,0.95
RE1,PWRNUC,S101,2036,0.95
RE1,PWRNUC,S101,2037,0.95
RE1,PWRNUC,S101,2038,0.95
RE1,PWRNUC,S101,2039,0.95
RE1,PWRNUC,S101,2040,0.95
RE1,PWRNUC,S101,2041,0.95
RE1,PWRNUC,S101,2042,0.95
RE1,PWRNUC,S101,2043,0.95
RE1,PWRNUC,S101,2044,0.95
RE1,PWRNUC,S101,2045,0.95
RE1,PWRNUC,S101,2046,0.95
RE1,PWRNUC,S101,2047,0.95
RE1,PWRNUC,S101,2048,0.95
RE1,PWRNUC,S101,2049,0.95
RE1,PWRNUC,S101,2050,0.95
RE1,PWRNUC,S101,2051,0.95
RE1,PWRNUC,S101,2052,0.95
RE1,PWRNUC,S101,2053,0.95
RE1,PWRNUC,S101,2054,0.95
RE1,PWRNUC,S101,2055,0.95
RE1,PWRNUC,S102,2022,0.95
RE1,PWRNUC,S102,2023,0.95
RE1,PWRNUC,S102,2024,0.95
RE1,PWRNUC,S102,2025,0.95
RE1,PWRNUC,S102,2026,0.95
RE1,PWRNUC,S102,2027,0.95
RE1,PWRNUC,S102,2028,0.95
RE1,PWRNUC,S102,2029,0.95
RE1,PWRNUC,S102,2030,0.95
RE1,PWRNUC,S102,2031,0.95
RE1,PWRNUC,S102,2032,0.95
RE1,PWRNUC,S102,2033,0.95
RE1,PWRNUC,S102,2034,0.95
RE1,PWRNUC,S102,2035,0.95
RE1,PWRNUC,S102,2036,0.95
RE1,PWRNUC,S102,2037,0.95
RE1,PWRNUC,S102,2038,0.95
RE1,PWRNUC,S102,2039,0.95
RE1,PWRNUC,S102,2040,0.95
RE1,PWRNUC,S102,2041,0.95
RE1,PWRNUC,S102,2042,0.95
RE1,PWRNUC,S102,2043,0.95
RE1,PWRNUC,S102,2044,0.95
RE1,PWRNUC,S102,2045,0.95
RE1,PWRNUC,S102,2046,0.95
RE1,PWRNUC,S102,2047,0.95
RE1,PWRNUC,S102,2048,0.95
RE1,PWRNUC,S102,2049,0.95
RE1,PWRNUC,S102,2050,0.95
RE1,PWRNUC,S102,2051,0.95
RE1,PWRNUC,S102,2052,0.95
RE1,PWRNUC,S102,2053,0.95
RE1,PWRNUC,S102,2054,0.95
RE1,PWRNUC,S102,2055,0.95
RE1,PWRSOLRTP,S101,2022,0.374
RE1,PWRSOLRTP,S101,2023,0.374
RE1,PWRSOLRTP,S101,2024,0.374
RE1,PWRSOLRTP,S101,2025,0.374
RE1,PWRSOLRTP,S101,2026,0.374
RE1,PWRSOLRTP,S101,2027,0.374
RE1,PWRSOLRTP,S101,2028,0.374
RE1,PWRSOLRTP,S101,2029,0.374
RE1,PWRSOLRTP,S101,2030,0.374
RE1,PWRSOLRTP,S101,2031,0.386
RE1,PWRSOLRTP,S101,2032,0.386
RE1,PWRSOLRTP,S101,2033,0.386
RE1,PWRSOLRTP,S101,2034,0.386
RE1,PWRSOLRTP,S101,2035,0.386
RE1,PWRSOLRTP,S101,2036,0.386
RE1,PWRSOLRTP,S101,2037,0.386
RE1,PWRSOLRTP,S101,2038,0.386
RE1,PWRSOLRTP,S101,2039,0.386
RE1,PWRSOLRTP,S101,2040,0.386
RE1,PWRSOLRTP,S101,2041,0.386
RE1,PWRSOLRTP,S101,2042,0.386
RE1,PWRSOLRTP,S101,2043,0.386
RE1,PWRSOLRTP,S101,2044,0.386
RE1,PWRSOLRTP,S101,2045,0.386
RE1,PWRSOLRTP,S101,2046,0.386
RE1,PWRSOLRTP,S101,2047,0.386
RE1,PWRSOLRTP,S101,2048,0.386
RE1,PWRSOLRTP,S101,2049,0.386
RE1,PWRSOLRTP,S101,2050,0.41
RE1,PWRSOLRTP,S101,2051,0.41
RE1,PWRSOLRTP,S101,2052,0.41
RE1,PWRSOLRTP,S101,2053,0.41
RE1,PWRSOLRTP,S101,2054,0.41
RE1,PWRSOLRTP,S101,2055,0.41
RE1,PWRSOLRTP,S102,2022,0.0
RE1,PWRSOLRTP,S102,2023,0.0
RE1,PWRSOLRTP,S102,2024,0.0
RE1,PWRSOLRTP,S102,2025,0.0
RE1,PWRSOLRTP,S102,2026,0.0
RE1,PWRSOLRTP,S102,2027,0.0
RE1,PWRSOLRTP,S102,2028,0.0
RE1,PWRSOLRTP,S102,2029,0.0
RE1,PWRSOLRTP,S102,2030,0.0
RE1,PWRSOLRTP,S102,2031,0.0
RE1,PWRSOLRTP,S102,2032,0.0
RE1,PWRSOLRTP,S102,2033,0.0
RE1,PWRSOLRTP,S102,2034,0.0
RE1,PWRSOLRTP,S102,2035,0.0
RE1,PWRSOLRTP,S102,2036,0.0
RE1,PWRSOLRTP,S102,2037,0.0
RE1,PWRSOLRTP,S102,2038,0.0
RE1,PWRSOLRTP,S102,2039,0.0
RE1,PWRSOLRTP,S102,2040,0.0
RE1,PWRSOLRTP,S102,2041,0.0
RE1,PWRSOLRTP,S102,2042,0.0
RE1,PWRSOLRTP,S102,2043,0.0
RE1,PWRSOLRTP,S102,2044,0.0
RE1,PWRSOLRTP,S102,2045,0.0
RE1,PWRSOLRTP,S102,2046,0.0
RE1,PWRSOLRTP,S102,2047,0.0
RE1,PWRSOLRTP,S102,2048,0.0
RE1,PWRSOLRTP,S102,2049,0.0
RE1,PWRSOLRTP,S102,2050,0.0
RE1,PWRSOLRTP,S102,2051,0.0
RE1,PWRSOLRTP,S102,2052,0.0
RE1,PWRSOLRTP,S102,2053,0.0
RE1,PWRSOLRTP,S102,2054,0.0
RE1,PWRSOLRTP,S102,2055,0.0
RE1,PWRSOLRTP_ZNI,S101,2022,0.36
RE1,PWRSOLRTP_ZNI,S101,2023,0.36
RE1,PWRSOLRTP_ZNI,S101,2024,0.36
RE1,PWRSOLRTP_ZNI,S101,2025,0.36
RE1,PWRSOLRTP_ZNI,S101,2026,0.36
RE1,PWRSOLRTP_ZNI,S101,2027,0.36
RE1,PWRSOLRTP_ZNI,S101,2028,0.36
RE1,PWRSOLRTP_ZNI,S101,2029,0.36
RE1,PWRSOLRTP_ZNI,S101,2030,0.36
RE1,PWRSOLRTP_ZNI,S101,2031,0.37
RE1,PWRSOLRTP_ZNI,S101,2032,0.37
RE1,PWRSOLRTP_ZNI,S101,2033,0.37
RE1,PWRSOLRTP_ZNI,S101,2034,0.37
RE1,PWRSOLRTP_ZNI,S101,2035,0.37
RE1,PWRSOLRTP_ZNI,S101,2036,0.37
RE1,PWRSOLRTP_ZNI,S101,2037,0.37
RE1,PWRSOLRTP_ZNI,S101,2038,0.37
RE1,PWRSOLRTP_ZNI,S101,2039,0.37
RE1,PWRSOLRTP_ZNI,S101,2040,0.37
RE1,PWRSOLRTP_ZNI,S101,2041,0.37
RE1,PWRSOLRTP_ZNI,S101,2042,0.37
RE1,PWRSOLRTP_ZNI,S101,2043,0.37
RE1,PWRSOLRTP_ZNI,S101,2044,0.37
RE1,PWRSOLRTP_ZNI,S101,2045,0.37
RE1,PWRSOLRTP_ZNI,S101,2046,0.37
RE1,PWRSOLRTP_ZNI,S101,2047,0.37
RE1,PWRSOLRTP_ZNI,S101,2048,0.37
RE1,PWRSOLRTP_ZNI,S101,2049,0.37
RE1,PWRSOLRTP_ZNI,S101,2050,0.392
RE1,PWRSOLRTP_ZNI,S101,2051,0.392
RE1,PWRSOLRTP_ZNI,S101,2052,0.392
RE1,PWRSOLRTP_ZNI,S101,2053,0.392
RE1,PWRSOLRTP_ZNI,S101,2054,0.392
RE1,PWRSOLRTP_ZNI,S101,2055,0.392
RE1,PWRSOLRTP_ZNI,S102,2022,0.0
RE1,PWRSOLRTP_ZNI,S102,2023,0.0
RE1,PWRSOLRTP_ZNI,S102,2024,0.0
RE1,PWRSOLRTP_ZNI,S102,2025,0.0
RE1,PWRSOLRTP_ZNI,S102,2026,0.0
RE1,PWRSOLRTP_ZNI,S102,2027,0.0
RE1,PWRSOLRTP_ZNI,S102,2028,0.0
RE1,PWRSOLRTP_ZNI,S102,2029,0.0
RE1,PWRSOLRTP_ZNI,S102,2030,0.0
RE1,PWRSOLRTP_ZNI,S102,2031,0.0
RE1,PWRSOLRTP_ZNI,S102,2032,0.0
RE1,PWRSOLRTP_ZNI,S102,2033,0.0
RE1,PWRSOLRTP_ZNI,S102,2034,0.0
RE1,PWRSOLRTP_ZNI,S102,2035,0.0
RE1,PWRSOLRTP_ZNI,S102,2036,0.0
RE1,PWRSOLRTP_ZNI,S102,2037,0.0
RE1,PWRSOLRTP_ZNI,S102,2038,0.0
RE1,PWRSOLRTP_ZNI,S102,2039,0.0
RE1,PWRSOLRTP_ZNI,S102,2040,0.0
RE1,PWRSOLRTP_ZNI,S102,2041,0.0
RE1,PWRSOLRTP_ZNI,S102,2042,0.0
RE1,PWRSOLRTP_ZNI,S102,2043,0.0
RE1,PWRSOLRTP_ZNI,S102,2044,0.0
RE1,PWRSOLRTP_ZNI,S102,2045,0.0
RE1,PWRSOLRTP_ZNI,S102,2046,0.0
RE1,PWRSOLRTP_ZNI,S102,2047,0.0
RE1,PWRSOLRTP_ZNI,S102,2048,0.0
RE1,PWRSOLRTP_ZNI,S102,2049,0.0
RE1,PWRSOLRTP_ZNI,S102,2050,0.0
RE1,PWRSOLRTP_ZNI,S102,2051,0.0
RE1,PWRSOLRTP_ZNI,S102,2052,0.0
RE1,PWRSOLRTP_ZNI,S102,2053,0.0
RE1,PWRSOLRTP_ZNI,S102,2054,0.0
RE1,PWRSOLRTP_ZNI,S102,2055,0.0
RE1,PWRSOLUGE,S101,2022,0.498
RE1,PWRSOLUGE,S101,2023,0.498
RE1,PWRSOLUGE,S101,2024,0.498
RE1,PWRSOLUGE,S101,2025,0.498
RE1,PWRSOLUGE,S101,2026,0.498
RE1,PWRSOLUGE,S101,2027,0.498
RE1,PWRSOLUGE,S101,2028,0.498
RE1,PWRSOLUGE,S101,2029,0.498
RE1,PWRSOLUGE,S101,2030,0.498
RE1,PWRSOLUGE,S101,2031,0.514
RE1,PWRSOLUGE,S101,2032,0.514
RE1,PWRSOLUGE,S101,2033,0.514
RE1,PWRSOLUGE,S101,2034,0.514
RE1,PWRSOLUGE,S101,2035,0.514
RE1,PWRSOLUGE,S101,2036,0.514
RE1,PWRSOLUGE,S101,2037,0.514
RE1,PWRSOLUGE,S101,2038,0.514
RE1,PWRSOLUGE,S101,2039,0.514
RE1,PWRSOLUGE,S101,2040,0.514
RE1,PWRSOLUGE,S101,2041,0.514
RE1,PWRSOLUGE,S101,2042,0.514
RE1,PWRSOLUGE,S101,2043,0.514
RE1,PWRSOLUGE,S101,2044,0.514
RE1,PWRSOLUGE,S101,2045,0.514
RE1,PWRSOLUGE,S101,2046,0.514
RE1,PWRSOLUGE,S101,2047,0.514
RE1,PWRSOLUGE,S101,2048,0.514
RE1,PWRSOLUGE,S101,2049,0.514
RE1,PWRSOLUGE,S101,2050,0.556
RE1,PWRSOLUGE,S101,2051,0.556
RE1,PWRSOLUGE,S101,2052,0.556
RE1,PWRSOLUGE,S101,2053,0.556
RE1,PWRSOLUGE,S101,2054,0.556
RE1,PWRSOLUGE,S101,2055,0.556
RE1,PWRSOLUGE,S102,2022,0.0
RE1,PWRSOLUGE,S102,2023,0.0
RE1,PWRSOLUGE,S102,2024,0.0
RE1,PWRSOLUGE,S102,2025,0.0
RE1,PWRSOLUGE,S102,2026,0.0
RE1,PWRSOLUGE,S102,2027,0.0
RE1,PWRSOLUGE,S102,2028,0.0
RE1,PWRSOLUGE,S102,2029,0.0
RE1,PWRSOLUGE,S102,2030,0.0
RE1,PWRSOLUGE,S102,2031,0.0
RE1,PWRSOLUGE,S102,2032,0.0
RE1,PWRSOLUGE,S102,2033,0.0
RE1,PWRSOLUGE,S102,2034,0.0
RE1,PWRSOLUGE,S102,2035,0.0
RE1,PWRSOLUGE,S102,2036,0.0
RE1,PWRSOLUGE,S102,2037,0.0
RE1,PWRSOLUGE,S102,2038,0.0
RE1,PWRSOLUGE,S102,2039,0.0
RE1,PWRSOLUGE,S102,2040,0.0
RE1,PWRSOLUGE,S102,2041,0.0
RE1,PWRSOLUGE,S102,2042,0.0
RE1,PWRSOLUGE,S102,2043,0.0
RE1,PWRSOLUGE,S102,2044,0.0
RE1,PWRSOLUGE,S102,2045,0.0
RE1,PWRSOLUGE,S102,2046,0.0
RE1,PWRSOLUGE,S102,2047,0.0
RE1,PWRSOLUGE,S102,2048,0.0
RE1,PWRSOLUGE,S102,2049,0.0
RE1,PWRSOLUGE,S102,2050,0.0
RE1,PWRSOLUGE,S102,2051,0.0
RE1,PWRSOLUGE,S102,2052,0.0
RE1,PWRSOLUGE,S102,2053,0.0
RE1,PWRSOLUGE,S102,2054,0.0
RE1,PWRSOLUGE,S102,2055,0.0
RE1,PWRSOLUGE_BAT,S101,2022,0.45
RE1,PWRSOLUGE_BAT,S101,2023,0.45
RE1,PWRSOLUGE_BAT,S101,2024,0.45
RE1,PWRSOLUGE_BAT,S101,2025,0.45
RE1,PWRSOLUGE_BAT,S101,2026,0.45
RE1,PWRSOLUGE_BAT,S101,2027,0.45
RE1,PWRSOLUGE_BAT,S101,2028,0.45
RE1,PWRSOLUGE_BAT,S101,2029,0.45
RE1,PWRSOLUGE_BAT,S101,2030,0.45
RE1,PWRSOLUGE_BAT,S101,2031,0.45
RE1,PWRSOLUGE_BAT,S101,2032,0.45
RE1,PWRSOLUGE_BAT,S101,2033,0.45
RE1,PWRSOLUGE_BAT,S101,2034,0.45
RE1,PWRSOLUGE_BAT,S101,2035,0.45
RE1,PWRSOLUGE_BAT,S101,2036,0.45
RE1,PWRSOLUGE_BAT,S101,2037,0.45
RE1,PWRSOLUGE_BAT,S101,2038,0.45
RE1,PWRSOLUGE_BAT,S101,2039,0.45
RE1,PWRSOLUGE_BAT,S101,2040,0.45
RE1,PWRSOLUGE_BAT,S101,2041,0.45
RE1,PWRSOLUGE_BAT,S101,2042,0.45
RE1,PWRSOLUGE_BAT,S101,2043,0.45
RE1,PWRSOLUGE_BAT,S101,2044,0.45
RE1,PWRSOLUGE_BAT,S101,2045,0.45
RE1,PWRSOLUGE_BAT,S101,2046,0.45
RE1,PWRSOLUGE_BAT,S101,2047,0.45
RE1,PWRSOLUGE_BAT,S101,2048,0.45
RE1,PWRSOLUGE_BAT,S101,2049,0.45
RE1,PWRSOLUGE_BAT,S101,2050,0.45
RE1,PWRSOLUGE_BAT,S101,2051,0.45
RE1,PWRSOLUGE_BAT,S101,2052,0.45
RE1,PWRSOLUGE_BAT,S101,2053,0.45
RE1,PWRSOLUGE_BAT,S101,2054,0.45
RE1,PWRSOLUGE_BAT,S101,2055,0.45
RE1,PWRSOLUGE_BAT,S102,2022,0.09
RE1,PWRSOLUGE_BAT,S102,2023,0.09
RE1,PWRSOLUGE_BAT,S102,2024,0.09
RE1,PWRSOLUGE_BAT,S102,2025,0.09
RE1,PWRSOLUGE_BAT,S102,2026,0.09
RE1,PWRSOLUGE_BAT,S102,2027,0.09
RE1,PWRSOLUGE_BAT,S102,2028,0.09
RE1,PWRSOLUGE_BAT,S102,2029,0.09
RE1,PWRSOLUGE_BAT,S102,2030,0.09
RE1,PWRSOLUGE_BAT,S102,2031,0.09
RE1,PWRSOLUGE_BAT,S102,2032,0.09
RE1,PWRSOLUGE_BAT,S102,2033,0.09
RE1,PWRSOLUGE_BAT,S102,2034,0.09
RE1,PWRSOLUGE_BAT,S102,2035,0.09
RE1,PWRSOLUGE_BAT,S102,2036,0.09
RE1,PWRSOLUGE_BAT,S102,2037,0.09
RE1,PWRSOLUGE_BAT,S102,2038,0.09
RE1,PWRSOLUGE_BAT,S102,2039,0.09
RE1,PWRSOLUGE_BAT,S102,2040,0.09
RE1,PWRSOLUGE_BAT,S102,2041,0.09
RE1,PWRSOLUGE_BAT,S102,2042,0.09
RE1,PWRSOLUGE_BAT,S102,2043,0.09
RE1,PWRSOLUGE_BAT,S102,2044,0.09
RE1,PWRSOLUGE_BAT,S102,2045,0.09
RE1,PWRSOLUGE_BAT,S102,2046,0.09
RE1,PWRSOLUGE_BAT,S102,2047,0.09
RE1,PWRSOLUGE_BAT,S102,2048,0.09
RE1,PWRSOLUGE_BAT,S102,2049,0.09
RE1,PWRSOLUGE_BAT,S102,2050,0.09
RE1,PWRSOLUGE_BAT,S102,2051,0.09
RE1,PWRSOLUGE_BAT,S102,2052,0.09
RE1,PWRSOLUGE_BAT,S102,2053,0.09
RE1,PWRSOLUGE_BAT,S102,2054,0.09
RE1,PWRSOLUGE_BAT,S102,2055,0.09
RE1,PWRSOLUPE,S101,2022,0.398
RE1,PWRSOLUPE,S101,2023,0.424
RE1,PWRSOLUPE,S101,2024,0.398
RE1,PWRSOLUPE,S101,2025,0.398
RE1,PWRSOLUPE,S101,2026,0.398
RE1,PWRSOLUPE,S101,2027,0.398
RE1,PWRSOLUPE,S101,2028,0.398
RE1,PWRSOLUPE,S101,2029,0.398
RE1,PWRSOLUPE,S101,2030,0.398
RE1,PWRSOLUPE,S101,2031,0.398
RE1,PWRSOLUPE,S101,2032,0.398
RE1,PWRSOLUPE,S101,2033,0.398
RE1,PWRSOLUPE,S101,2034,0.398
RE1,PWRSOLUPE,S101,2035,0.398
RE1,PWRSOLUPE,S101,2036,0.398
RE1,PWRSOLUPE,S101,2037,0.398
RE1,PWRSOLUPE,S101,2038,0.398
RE1,PWRSOLUPE,S101,2039,0.398
RE1,PWRSOLUPE,S101,2040,0.398
RE1,PWRSOLUPE,S101,2041,0.398
RE1,PWRSOLUPE,S101,2042,0.398
RE1,PWRSOLUPE,S101,2043,0.398
RE1,PWRSOLUPE,S101,2044,0.398
RE1,PWRSOLUPE,S101,2045,0.398
RE1,PWRSOLUPE,S101,2046,0.398
RE1,PWRSOLUPE,S101,2047,0.398
RE1,PWRSOLUPE,S101,2048,0.398
RE1,PWRSOLUPE,S101,2049,0.398
RE1,PWRSOLUPE,S101,2050,0.398
RE1,PWRSOLUPE,S101,2051,0.398
RE1,PWRSOLUPE,S101,2052,0.398
RE1,PWRSOLUPE,S101,2053,0.398
RE1,PWRSOLUPE,S101,2054,0.398
RE1,PWRSOLUPE,S101,2055,0.398
RE1,PWRSOLUPE,S102,2022,0.0
RE1,PWRSOLUPE,S102,2023,0.0
RE1,PWRSOLUPE,S102,2024,0.0
RE1,PWRSOLUPE,S102,2025,0.0
RE1,PWRSOLUPE,S102,2026,0.0
RE1,PWRSOLUPE,S102,2027,0.0
RE1,PWRSOLUPE,S102,2028,0.0
RE1,PWRSOLUPE,S102,2029,0.0
RE1,PWRSOLUPE,S102,2030,0.0
RE1,PWRSOLUPE,S102,2031,0.0
RE1,PWRSOLUPE,S102,2032,0.0
RE1,PWRSOLUPE,S102,2033,0.0
RE1,PWRSOLUPE,S102,2034,0.0
RE1,PWRSOLUPE,S102,2035,0.0
RE1,PWRSOLUPE,S102,2036,0.0
RE1,PWRSOLUPE,S102,2037,0.0
RE1,PWRSOLUPE,S102,2038,0.0
RE1,PWRSOLUPE,S102,2039,0.0
RE1,PWRSOLUPE,S102,2040,0.0
RE1,PWRSOLUPE,S102,2041,0.0
RE1,PWRSOLUPE,S102,2042,0.0
RE1,PWRSOLUPE,S102,2043,0.0
RE1,PWRSOLUPE,S102,2044,0.0
RE1,PWRSOLUPE,S102,2045,0.0
RE1,PWRSOLUPE,S102,2046,0.0
RE1,PWRSOLUPE,S102,2047,0.0
RE1,PWRSOLUPE,S102,2048,0.0
RE1,PWRSOLUPE,S102,2049,0.0
RE1,PWRSOLUPE,S102,2050,0.0
RE1,PWRSOLUPE,S102,2051,0.0
RE1,PWRSOLUPE,S102,2052,0.0
RE1,PWRSOLUPE,S102,2053,0.0
RE1,PWRSOLUPE,S102,2054,0.0
RE1,PWRSOLUPE,S102,2055,0.0
RE1,PWRSTD,S101,2022,0.8
RE1,PWRSTD,S101,2023,0.8
RE1,PWRSTD,S101,2024,0.8
RE1,PWRSTD,S101,2025,0.8
RE1,PWRSTD,S101,2026,0.8
RE1,PWRSTD,S101,2027,0.8
RE1,PWRSTD,S101,2028,0.8
RE1,PWRSTD,S101,2029,0.8
RE1,PWRSTD,S101,2030,0.8
RE1,PWRSTD,S101,2031,0.8
RE1,PWRSTD,S101,2032,0.8
RE1,PWRSTD,S101,2033,0.8
RE1,PWRSTD,S101,2034,0.8
RE1,PWRSTD,S101,2035,0.8
RE1,PWRSTD,S101,2036,0.8
RE1,PWRSTD,S101,2037,0.8
RE1,PWRSTD,S101,2038,0.8
RE1,PWRSTD,S101,2039,0.8
RE1,PWRSTD,S101,2040,0.8
RE1,PWRSTD,S101,2041,0.8
RE1,PWRSTD,S101,2042,0.8
RE1,PWRSTD,S101,2043,0.8
RE1,PWRSTD,S101,2044,0.8
RE1,PWRSTD,S101,2045,0.8
RE1,PWRSTD,S101,2046,0.8
RE1,PWRSTD,S101,2047,0.8
RE1,PWRSTD,S101,2048,0.8
RE1,PWRSTD,S101,2049,0.8
RE1,PWRSTD,S101,2050,0.8
RE1,PWRSTD,S101,2051,0.8
RE1,PWRSTD,S101,2052,0.8
RE1,PWRSTD,S101,2053,0.8
RE1,PWRSTD,S101,2054,0.8
RE1,PWRSTD,S101,2055,0.8
RE1,PWRSTD,S102,2022,0.8
RE1,PWRSTD,S102,2023,0.8
RE1,PWRSTD,S102,2024,0.8
RE1,PWRSTD,S102,2025,0.8
RE1,PWRSTD,S102,2026,0.8
RE1,PWRSTD,S102,2027,0.8
RE1,PWRSTD,S102,2028,0.8
RE1,PWRSTD,S102,2029,0.8
RE1,PWRSTD,S102,2030,0.8
RE1,PWRSTD,S102,2031,0.8
RE1,PWRSTD,S102,2032,0.8
RE1,PWRSTD,S102,2033,0.8
RE1,PWRSTD,S102,2034,0.8
RE1,PWRSTD,S102,2035,0.8
RE1,PWRSTD,S102,2036,0.8
RE1,PWRSTD,S102,2037,0.8
RE1,PWRSTD,S102,2038,0.8
RE1,PWRSTD,S102,2039,0.8
RE1,PWRSTD,S102,2040,0.8
RE1,PWRSTD,S102,2041,0.8
RE1,PWRSTD,S102,2042,0.8
RE1,PWRSTD,S102,2043,0.8
RE1,PWRSTD,S102,2044,0.8
RE1,PWRSTD,S102,2045,0.8
RE1,PWRSTD,S102,2046,0.8
RE1,PWRSTD,S102,2047,0.8
RE1,PWRSTD,S102,2048,0.8
RE1,PWRSTD,S102,2049,0.8
RE1,PWRSTD,S102,2050,0.8
RE1,PWRSTD,S102,2051,0.8
RE1,PWRSTD,S102,2052,0.8
RE1,PWRSTD,S102,2053,0.8
RE1,PWRSTD,S102,2054,0.8
RE1,PWRSTD,S102,2055,0.8
RE1,PWRWNDOFS_FIX,S101,2022,0.399
RE1,PWRWNDOFS_FIX,S101,2023,0.399
RE1,PWRWNDOFS_FIX,S101,2024,0.399
RE1,PWRWNDOFS_FIX,S101,2025,0.399
RE1,PWRWNDOFS_FIX,S101,2026,0.399
RE1,PWRWNDOFS_FIX,S101,2027,0.399
RE1,PWRWNDOFS_FIX,S101,2028,0.399
RE1,PWRWNDOFS_FIX,S101,2029,0.399
RE1,PWRWNDOFS_FIX,S101,2030,0.399
RE1,PWRWNDOFS_FIX,S101,2031,0.548
RE1,PWRWNDOFS_FIX,S101,2032,0.548
RE1,PWRWNDOFS_FIX,S101,2033,0.548
RE1,PWRWNDOFS_FIX,S101,2034,0.548
RE1,PWRWNDOFS_FIX,S101,2035,0.548
RE1,PWRWNDOFS_FIX,S101,2036,0.548
RE1,PWRWNDOFS_FIX,S101,2037,0.548
RE1,PWRWNDOFS_FIX,S101,2038,0.548
RE1,PWRWNDOFS_FIX,S101,2039,0.548
RE1,PWRWNDOFS_FIX,S101,2040,0.548
RE1,PWRWNDOFS_FIX,S101,2041,0.548
RE1,PWRWNDOFS_FIX,S101,2042,0.548
RE1,PWRWNDOFS_FIX,S101,2043,0.548
RE1,PWRWNDOFS_FIX,S101,2044,0.548
RE1,PWRWNDOFS_FIX,S101,2045,0.548
RE1,PWRWNDOFS_FIX,S101,2046,0.548
RE1,PWRWNDOFS_FIX,S101,2047,0.548
RE1,PWRWNDOFS_FIX,S101,2048,0.548
RE1,PWRWNDOFS_FIX,S101,2049,0.548
RE1,PWRWNDOFS_FIX,S101,2050,0.56
RE1,PWRWNDOFS_FIX,S101,2051,0.56
RE1,PWRWNDOFS_FIX,S101,2052,0.56
RE1,PWRWNDOFS_FIX,S101,2053,0.56
RE1,PWRWNDOFS_FIX,S101,2054,0.56
RE1,PWRWNDOFS_FIX,S101,2055,0.56
RE1,PWRWNDOFS_FIX,S102,2022,0.399
RE1,PWRWNDOFS_FIX,S102,2023,0.399
RE1,PWRWNDOFS_FIX,S102,2024,0.399
RE1,PWRWNDOFS_FIX,S102,2025,0.399
RE1,PWRWNDOFS_FIX,S102,2026,0.399
RE1,PWRWNDOFS_FIX,S102,2027,0.399
RE1,PWRWNDOFS_FIX,S102,2028,0.399
RE1,PWRWNDOFS_FIX,S102,2029,0.399
RE1,PWRWNDOFS_FIX,S102,2030,0.399
RE1,PWRWNDOFS_FIX,S102,2031,0.548
RE1,PWRWNDOFS_FIX,S102,2032,0.548
RE1,PWRWNDOFS_FIX,S102,2033,0.548
RE1,PWRWNDOFS_FIX,S102,2034,0.548
RE1,PWRWNDOFS_FIX,S102,2035,0.548
RE1,PWRWNDOFS_FIX,S102,2036,0.548
RE1,PWRWNDOFS_FIX,S102,2037,0.548
RE1,PWRWNDOFS_FIX,S102,2038,0.548
RE1,PWRWNDOFS_FIX,S102,2039,0.548
RE1,PWRWNDOFS_FIX,S102,2040,0.548
RE1,PWRWNDOFS_FIX,S102,2041,0.548
RE1,PWRWNDOFS_FIX,S102,2042,0.548
RE1,PWRWNDOFS_FIX,S102,2043,0.548
RE1,PWRWNDOFS_FIX,S102,2044,0.548
RE1,PWRWNDOFS_FIX,S102,2045,0.548
RE1,PWRWNDOFS_FIX,S102,2046,0.548
RE1,PWRWNDOFS_FIX,S102,2047,0.548
RE1,PWRWNDOFS_FIX,S102,2048,0.548
RE1,PWRWNDOFS_FIX,S102,2049,0.548
RE1,PWRWNDOFS_FIX,S102,2050,0.56
RE1,PWRWNDOFS_FIX,S102,2051,0.56
RE1,PWRWNDOFS_FIX,S102,2052,0.56
RE1,PWRWNDOFS_FIX,S102,2053,0.56
RE1,PWRWNDOFS_FIX,S102,2054,0.56
RE1,PWRWNDOFS_FIX,S102,2055,0.56
RE1,PWRWNDOFS_FLO,S101,2022,0.399
RE1,PWRWNDOFS_FLO,S101,2023,0.399
RE1,PWRWNDOFS_FLO,S101,2024,0.399
RE1,PWRWNDOFS_FLO,S101,2025,0.399
RE1,PWRWNDOFS_FLO,S101,2026,0.399
RE1,PWRWNDOFS_FLO,S101,2027,0.399
RE1,PWRWNDOFS_FLO,S101,2028,0.399
RE1,PWRWNDOFS_FLO,S101,2029,0.399
RE1,PWRWNDOFS_FLO,S101,2030,0.399
RE1,PWRWNDOFS_FLO,S101,2031,0.548
RE1,PWRWNDOFS_FLO,S101,2032,0.548
RE1,PWRWNDOFS_FLO,S101,2033,0.548
RE1,PWRWNDOFS_FLO,S101,2034,0.548
RE1,PWRWNDOFS_FLO,S101,2035,0.548
RE1,PWRWNDOFS_FLO,S101,2036,0.548
RE1,PWRWNDOFS_FLO,S101,2037,0.548
RE1,PWRWNDOFS_FLO,S101,2038,0.548
RE1,PWRWNDOFS_FLO,S101,2039,0.548
RE1,PWRWNDOFS_FLO,S101,2040,0.548
RE1,PWRWNDOFS_FLO,S101,2041,0.548
RE1,PWRWNDOFS_FLO,S101,2042,0.548
RE1,PWRWNDOFS_FLO,S101,2043,0.548
RE1,PWRWNDOFS_FLO,S101,2044,0.548
RE1,PWRWNDOFS_FLO,S101,2045,0.548
RE1,PWRWNDOFS_FLO,S101,2046,0.548
RE1,PWRWNDOFS_FLO,S101,2047,0.548
RE1,PWRWNDOFS_FLO,S101,2048,0.548
RE1,PWRWNDOFS_FLO,S101,2049,0.548
RE1,PWRWNDOFS_FLO,S101,2050,0.56
RE1,PWRWNDOFS_FLO,S101,2051,0.56
RE1,PWRWNDOFS_FLO,S101,2052,0.56
RE1,PWRWNDOFS_FLO,S101,2053,0.56
RE1,PWRWNDOFS_FLO,S101,2054,0.56
RE1,PWRWNDOFS_FLO,S101,2055,0.56
RE1,PWRWNDOFS_FLO,S102,2022,0.399
RE1,PWRWNDOFS_FLO,S102,2023,0.399
RE1,PWRWNDOFS_FLO,S102,2024,0.399
RE1,PWRWNDOFS_FLO,S102,2025,0.399
RE1,PWRWNDOFS_FLO,S102,2026,0.399
RE1,PWRWNDOFS_FLO,S102,2027,0.399
RE1,PWRWNDOFS_FLO,S102,2028,0.399
RE1,PWRWNDOFS_FLO,S102,2029,0.399
RE1,PWRWNDOFS_FLO,S102,2030,0.399
RE1,PWRWNDOFS_FLO,S102,2031,0.548
RE1,PWRWNDOFS_FLO,S102,2032,0.548
RE1,PWRWNDOFS_FLO,S102,2033,0.548
RE1,PWRWNDOFS_FLO,S102,2034,0.548
RE1,PWRWNDOFS_FLO,S102,2035,0.548
RE1,PWRWNDOFS_FLO,S102,2036,0.548
RE1,PWRWNDOFS_FLO,S102,2037,0.548
RE1,PWRWNDOFS_FLO,S102,2038,0.548
RE1,PWRWNDOFS_FLO,S102,2039,0.548
RE1,PWRWNDOFS_FLO,S102,2040,0.548
RE1,PWRWNDOFS_FLO,S102,2041,0.548
RE1,PWRWNDOFS_FLO,S102,2042,0.548
RE1,PWRWNDOFS_FLO,S102,2043,0.548
RE1,PWRWNDOFS_FLO,S102,2044,0.548
RE1,PWRWNDOFS_FLO,S102,2045,0.548
RE1,PWRWNDOFS_FLO,S102,2046,0.548
RE1,PWRWNDOFS_FLO,S102,2047,0.548
RE1,PWRWNDOFS_FLO,S102,2048,0.548
RE1,PWRWNDOFS_FLO,S102,2049,0.548
RE1,PWRWNDOFS_FLO,S102,2050,0.56
RE1,PWRWNDOFS_FLO,S102,2051,0.56
RE1,PWRWNDOFS_FLO,S102,2052,0.56
RE1,PWRWNDOFS_FLO,S102,2053,0.56
RE1,PWRWNDOFS_FLO,S102,2054,0.56
RE1,PWRWNDOFS_FLO,S102,2055,0.56
RE1,PWRWNDONS,S101,2022,0.3499999999999999
RE1,PWRWNDONS,S101,2023,0.45
RE1,PWRWNDONS,S101,2024,0.5
RE1,PWRWNDONS,S101,2025,0.3499999999999999
RE1,PWRWNDONS,S101,2026,0.3499999999999999
RE1,PWRWNDONS,S101,2027,0.3499999999999999
RE1,PWRWNDONS,S101,2028,0.3499999999999999
RE1,PWRWNDONS,S101,2029,0.3499999999999999
RE1,PWRWNDONS,S101,2030,0.3499999999999999
RE1,PWRWNDONS,S101,2031,0.3800000000000001
RE1,PWRWNDONS,S101,2032,0.3800000000000001
RE1,PWRWNDONS,S101,2033,0.3800000000000001
RE1,PWRWNDONS,S101,2034,0.3800000000000001
RE1,PWRWNDONS,S101,2035,0.3800000000000001
RE1,PWRWNDONS,S101,2036,0.3800000000000001
RE1,PWRWNDONS,S101,2037,0.3800000000000001
RE1,PWRWNDONS,S101,2038,0.3800000000000001
RE1,PWRWNDONS,S101,2039,0.3800000000000001
RE1,PWRWNDONS,S101,2040,0.3800000000000001
RE1,PWRWNDONS,S101,2041,0.3800000000000001
RE1,PWRWNDONS,S101,2042,0.3800000000000001
RE1,PWRWNDONS,S101,2043,0.3800000000000001
RE1,PWRWNDONS,S101,2044,0.3800000000000001
RE1,PWRWNDONS,S101,2045,0.3800000000000001
RE1,PWRWNDONS,S101,2046,0.3800000000000001
RE1,PWRWNDONS,S101,2047,0.3800000000000001
RE1,PWRWNDONS,S101,2048,0.3800000000000001
RE1,PWRWNDONS,S101,2049,0.3800000000000001
RE1,PWRWNDONS,S101,2050,0.42
RE1,PWRWNDONS,S101,2051,0.42
RE1,PWRWNDONS,S101,2052,0.42
RE1,PWRWNDONS,S101,2053,0.42
RE1,PWRWNDONS,S101,2054,0.42
RE1,PWRWNDONS,S101,2055,0.42
RE1,PWRWNDONS,S102,2022,0.3499999999999999
RE1,PWRWNDONS,S102,2023,0.45
RE1,PWRWNDONS,S102,2024,0.5
RE1,PWRWNDONS,S102,2025,0.3499999999999999
RE1,PWRWNDONS,S102,2026,0.3499999999999999
RE1,PWRWNDONS,S102,2027,0.3499999999999999
RE1,PWRWNDONS,S102,2028,0.3499999999999999
RE1,PWRWNDONS,S102,2029,0.3499999999999999
RE1,PWRWNDONS,S102,2030,0.3499999999999999
RE1,PWRWNDONS,S102,2031,0.3800000000000001
RE1,PWRWNDONS,S102,2032,0.3800000000000001
RE1,PWRWNDONS,S102,2033,0.3800000000000001
RE1,PWRWNDONS,S102,2034,0.3800000000000001
RE1,PWRWNDONS,S102,2035,0.3800000000000001
RE1,PWRWNDONS,S102,2036,0.3800000000000001
RE1,PWRWNDONS,S102,2037,0.3800000000000001
RE1,PWRWNDONS,S102,2038,0.3800000000000001
RE1,PWRWNDONS,S102,2039,0.3800000000000001
RE1,PWRWNDONS,S102,2040,0.3800000000000001
RE1,PWRWNDONS,S102,2041,0.3800000000000001
RE1,PWRWNDONS,S102,2042,0.3800000000000001
RE1,PWRWNDONS,S102,2043,0.3800000000000001
RE1,PWRWNDONS,S102,2044,0.3800000000000001
RE1,PWRWNDONS,S102,2045,0.3800000000000001
RE1,PWRWNDONS,S102,2046,0.3800000000000001
RE1,PWRWNDONS,S102,2047,0.3800000000000001
RE1,PWRWNDONS,S102,2048,0.3800000000000001
RE1,PWRWNDONS,S102,2049,0.3800000000000001
RE1,PWRWNDONS,S102,2050,0.42
RE1,PWRWNDONS,S102,2051,0.42
RE1,PWRWNDONS,S102,2052,0.42
RE1,PWRWNDONS,S102,2053,0.42
RE1,PWRWNDONS,S102,2054,0.42
RE1,PWRWNDONS,S102,2055,0.42
RE1,UPSALK,S101,2022,1.0
RE1,UPSALK,S101,2023,1.0
RE1,UPSALK,S101,2024,1.0
RE1,UPSALK,S101,2025,1.0
RE1,UPSALK,S101,2026,1.0
RE1,UPSALK,S101,2027,1.0
RE1,UPSALK,S101,2028,1.0
RE1,UPSALK,S101,2029,1.0
RE1,UPSALK,S101,2030,1.0
RE1,UPSALK,S101,2031,1.0
RE1,UPSALK,S101,2032,1.0
RE1,UPSALK,S101,2033,1.0
RE1,UPSALK,S101,2034,1.0
RE1,UPSALK,S101,2035,1.0
RE1,UPSALK,S101,2036,1.0
RE1,UPSALK,S101,2037,1.0
RE1,UPSALK,S101,2038,1.0
RE1,UPSALK,S101,2039,1.0
RE1,UPSALK,S101,2040,1.0
RE1,UPSALK,S101,2041,1.0
RE1,UPSALK,S101,2042,1.0
RE1,UPSALK,S101,2043,1.0
RE1,UPSALK,S101,2044,1.0
RE1,UPSALK,S101,2045,1.0
RE1,UPSALK,S101,2046,1.0
RE1,UPSALK,S101,2047,1.0
RE1,UPSALK,S101,2048,1.0
RE1,UPSALK,S101,2049,1.0
RE1,UPSALK,S101,2050,1.0
RE1,UPSALK,S101,2051,1.0
RE1,UPSALK,S101,2052,1.0
RE1,UPSALK,S101,2053,1.0
RE1,UPSALK,S101,2054,1.0
RE1,UPSALK,S101,2055,1.0
RE1,UPSALK,S102,2022,1.0
RE1,UPSALK,S102,2023,1.0
RE1,UPSALK,S102,2024,1.0
RE1,UPSALK,S102,2025,1.0
RE1,UPSALK,S102,2026,1.0
RE1,UPSALK,S102,2027,1.0
RE1,UPSALK,S102,2028,1.0
RE1,UPSALK,S102,2029,1.0
RE1,UPSALK,S102,2030,1.0
RE1,UPSALK,S102,2031,1.0
RE1,UPSALK,S102,2032,1.0
RE1,UPSALK,S102,2033,1.0
RE1,UPSALK,S102,2034,1.0
RE1,UPSALK,S102,2035,1.0
RE1,UPSALK,S102,2036,1.0
RE1,UPSALK,S102,2037,1.0
RE1,UPSALK,S102,2038,1.0
RE1,UPSALK,S102,2039,1.0
RE1,UPSALK,S102,2040,1.0
RE1,UPSALK,S102,2041,1.0
RE1,UPSALK,S102,2042,1.0
RE1,UPSALK,S102,2043,1.0
RE1,UPSALK,S102,2044,1.0
RE1,UPSALK,S102,2045,1.0
RE1,UPSALK,S102,2046,1.0
RE1,UPSALK,S102,2047,1.0
RE1,UPSALK,S102,2048,1.0
RE1,UPSALK,S102,2049,1.0
RE1,UPSALK,S102,2050,1.0
RE1,UPSALK,S102,2051,1.0
RE1,UPSALK,S102,2052,1.0
RE1,UPSALK,S102,2053,1.0
RE1,UPSALK,S102,2054,1.0
RE1,UPSALK,S102,2055,1.0
RE1,UPSBDB,S101,2022,1.0
RE1,UPSBDB,S101,2023,1.0
RE1,UPSBDB,S101,2024,1.0
RE1,UPSBDB,S101,2025,1.0
RE1,UPSBDB,S101,2026,1.0
RE1,UPSBDB,S101,2027,1.0
RE1,UPSBDB,S101,2028,1.0
RE1,UPSBDB,S101,2029,1.0
RE1,UPSBDB,S101,2030,1.0
RE1,UPSBDB,S101,2031,1.0
RE1,UPSBDB,S101,2032,1.0
RE1,UPSBDB,S101,2033,1.0
RE1,UPSBDB,S101,2034,1.0
RE1,UPSBDB,S101,2035,1.0
RE1,UPSBDB,S101,2036,1.0
RE1,UPSBDB,S101,2037,1.0
RE1,UPSBDB,S101,2038,1.0
RE1,UPSBDB,S101,2039,1.0
RE1,UPSBDB,S101,2040,1.0
RE1,UPSBDB,S101,2041,1.0
RE1,UPSBDB,S101,2042,1.0
RE1,UPSBDB,S101,2043,1.0
RE1,UPSBDB,S101,2044,1.0
RE1,UPSBDB,S101,2045,1.0
RE1,UPSBDB,S101,2046,1.0
RE1,UPSBDB,S101,2047,1.0
RE1,UPSBDB,S101,2048,1.0
RE1,UPSBDB,S101,2049,1.0
RE1,UPSBDB,S101,2050,1.0
RE1,UPSBDB,S101,2051,1.0
RE1,UPSBDB,S101,2052,1.0
RE1,UPSBDB,S101,2053,1.0
RE1,UPSBDB,S101,2054,1.0
RE1,UPSBDB,S101,2055,1.0
RE1,UPSBDB,S102,2022,1.0
RE1,UPSBDB,S102,2023,1.0
RE1,UPSBDB,S102,2024,1.0
RE1,UPSBDB,S102,2025,1.0
RE1,UPSBDB,S102,2026,1.0
RE1,UPSBDB,S102,2027,1.0
RE1,UPSBDB,S102,2028,1.0
RE1,UPSBDB,S102,2029,1.0
RE1,UPSBDB,S102,2030,1.0
RE1,UPSBDB,S102,2031,1.0
RE1,UPSBDB,S102,2032,1.0
RE1,UPSBDB,S102,2033,1.0
RE1,UPSBDB,S102,2034,1.0
RE1,UPSBDB,S102,2035,1.0
RE1,UPSBDB,S102,2036,1.0
RE1,UPSBDB,S102,2037,1.0
RE1,UPSBDB,S102,2038,1.0
RE1,UPSBDB,S102,2039,1.0
RE1,UPSBDB,S102,2040,1.0
RE1,UPSBDB,S102,2041,1.0
RE1,UPSBDB,S102,2042,1.0
RE1,UPSBDB,S102,2043,1.0
RE1,UPSBDB,S102,2044,1.0
RE1,UPSBDB,S102,2045,1.0
RE1,UPSBDB,S102,2046,1.0
RE1,UPSBDB,S102,2047,1.0
RE1,UPSBDB,S102,2048,1.0
RE1,UPSBDB,S102,2049,1.0
RE1,UPSBDB,S102,2050,1.0
RE1,UPSBDB,S102,2051,1.0
RE1,UPSBDB,S102,2052,1.0
RE1,UPSBDB,S102,2053,1.0
RE1,UPSBDB,S102,2054,1.0
RE1,UPSBDB,S102,2055,1.0
RE1,UPSBDL,S101,2022,1.0
RE1,UPSBDL,S101,2023,1.0
RE1,UPSBDL,S101,2024,1.0
RE1,UPSBDL,S101,2025,1.0
RE1,UPSBDL,S101,2026,1.0
RE1,UPSBDL,S101,2027,1.0
RE1,UPSBDL,S101,2028,1.0
RE1,UPSBDL,S101,2029,1.0
RE1,UPSBDL,S101,2030,1.0
RE1,UPSBDL,S101,2031,1.0
RE1,UPSBDL,S101,2032,1.0
RE1,UPSBDL,S101,2033,1.0
RE1,UPSBDL,S101,2034,1.0
RE1,UPSBDL,S101,2035,1.0
RE1,UPSBDL,S101,2036,1.0
RE1,UPSBDL,S101,2037,1.0
RE1,UPSBDL,S101,2038,1.0
RE1,UPSBDL,S101,2039,1.0
RE1,UPSBDL,S101,2040,1.0
RE1,UPSBDL,S101,2041,1.0
RE1,UPSBDL,S101,2042,1.0
RE1,UPSBDL,S101,2043,1.0
RE1,UPSBDL,S101,2044,1.0
RE1,UPSBDL,S101,2045,1.0
RE1,UPSBDL,S101,2046,1.0
RE1,UPSBDL,S101,2047,1.0
RE1,UPSBDL,S101,2048,1.0
RE1,UPSBDL,S101,2049,1.0
RE1,UPSBDL,S101,2050,1.0
RE1,UPSBDL,S101,2051,1.0
RE1,UPSBDL,S101,2052,1.0
RE1,UPSBDL,S101,2053,1.0
RE1,UPSBDL,S101,2054,1.0
RE1,UPSBDL,S101,2055,1.0
RE1,UPSBDL,S102,2022,1.0
RE1,UPSBDL,S102,2023,1.0
RE1,UPSBDL,S102,2024,1.0
RE1,UPSBDL,S102,2025,1.0
RE1,UPSBDL,S102,2026,1.0
RE1,UPSBDL,S102,2027,1.0
RE1,UPSBDL,S102,2028,1.0
RE1,UPSBDL,S102,2029,1.0
RE1,UPSBDL,S102,2030,1.0
RE1,UPSBDL,S102,2031,1.0
RE1,UPSBDL,S102,2032,1.0
RE1,UPSBDL,S102,2033,1.0
RE1,UPSBDL,S102,2034,1.0
RE1,UPSBDL,S102,2035,1.0
RE1,UPSBDL,S102,2036,1.0
RE1,UPSBDL,S102,2037,1.0
RE1,UPSBDL,S102,2038,1.0
RE1,UPSBDL,S102,2039,1.0
RE1,UPSBDL,S102,2040,1.0
RE1,UPSBDL,S102,2041,1.0
RE1,UPSBDL,S102,2042,1.0
RE1,UPSBDL,S102,2043,1.0
RE1,UPSBDL,S102,2044,1.0
RE1,UPSBDL,S102,2045,1.0
RE1,UPSBDL,S102,2046,1.0
RE1,UPSBDL,S102,2047,1.0
RE1,UPSBDL,S102,2048,1.0
RE1,UPSBDL,S102,2049,1.0
RE1,UPSBDL,S102,2050,1.0
RE1,UPSBDL,S102,2051,1.0
RE1,UPSBDL,S102,2052,1.0
RE1,UPSBDL,S102,2053,1.0
RE1,UPSBDL,S102,2054,1.0
RE1,UPSBDL,S102,2055,1.0
RE1,UPSBET,S101,2022,1.0
RE1,UPSBET,S101,2023,1.0
RE1,UPSBET,S101,2024,1.0
RE1,UPSBET,S101,2025,1.0
RE1,UPSBET,S101,2026,1.0
RE1,UPSBET,S101,2027,1.0
RE1,UPSBET,S101,2028,1.0
RE1,UPSBET,S101,2029,1.0
RE1,UPSBET,S101,2030,1.0
RE1,UPSBET,S101,2031,1.0
RE1,UPSBET,S101,2032,1.0
RE1,UPSBET,S101,2033,1.0
RE1,UPSBET,S101,2034,1.0
RE1,UPSBET,S101,2035,1.0
RE1,UPSBET,S101,2036,1.0
RE1,UPSBET,S101,2037,1.0
RE1,UPSBET,S101,2038,1.0
RE1,UPSBET,S101,2039,1.0
RE1,UPSBET,S101,2040,1.0
RE1,UPSBET,S101,2041,1.0
RE1,UPSBET,S101,2042,1.0
RE1,UPSBET,S101,2043,1.0
RE1,UPSBET,S101,2044,1.0
RE1,UPSBET,S101,2045,1.0
RE1,UPSBET,S101,2046,1.0
RE1,UPSBET,S101,2047,1.0
RE1,UPSBET,S101,2048,1.0
RE1,UPSBET,S101,2049,1.0
RE1,UPSBET,S101,2050,1.0
RE1,UPSBET,S101,2051,1.0
RE1,UPSBET,S101,2052,1.0
RE1,UPSBET,S101,2053,1.0
RE1,UPSBET,S101,2054,1.0
RE1,UPSBET,S101,2055,1.0
RE1,UPSBET,S102,2022,1.0
RE1,UPSBET,S102,2023,1.0
RE1,UPSBET,S102,2024,1.0
RE1,UPSBET,S102,2025,1.0
RE1,UPSBET,S102,2026,1.0
RE1,UPSBET,S102,2027,1.0
RE1,UPSBET,S102,2028,1.0
RE1,UPSBET,S102,2029,1.0
RE1,UPSBET,S102,2030,1.0
RE1,UPSBET,S102,2031,1.0
RE1,UPSBET,S102,2032,1.0
RE1,UPSBET,S102,2033,1.0
RE1,UPSBET,S102,2034,1.0
RE1,UPSBET,S102,2035,1.0
RE1,UPSBET,S102,2036,1.0
RE1,UPSBET,S102,2037,1.0
RE1,UPSBET,S102,2038,1.0
RE1,UPSBET,S102,2039,1.0
RE1,UPSBET,S102,2040,1.0
RE1,UPSBET,S102,2041,1.0
RE1,UPSBET,S102,2042,1.0
RE1,UPSBET,S102,2043,1.0
RE1,UPSBET,S102,2044,1.0
RE1,UPSBET,S102,2045,1.0
RE1,UPSBET,S102,2046,1.0
RE1,UPSBET,S102,2047,1.0
RE1,UPSBET,S102,2048,1.0
RE1,UPSBET,S102,2049,1.0
RE1,UPSBET,S102,2050,1.0
RE1,UPSBET,S102,2051,1.0
RE1,UPSBET,S102,2052,1.0
RE1,UPSBET,S102,2053,1.0
RE1,UPSBET,S102,2054,1.0
RE1,UPSBET,S102,2055,1.0
RE1,UPSBGB,S101,2022,1.0
RE1,UPSBGB,S101,2023,1.0
RE1,UPSBGB,S101,2024,1.0
RE1,UPSBGB,S101,2025,1.0
RE1,UPSBGB,S101,2026,1.0
RE1,UPSBGB,S101,2027,1.0
RE1,UPSBGB,S101,2028,1.0
RE1,UPSBGB,S101,2029,1.0
RE1,UPSBGB,S101,2030,1.0
RE1,UPSBGB,S101,2031,1.0
RE1,UPSBGB,S101,2032,1.0
RE1,UPSBGB,S101,2033,1.0
RE1,UPSBGB,S101,2034,1.0
RE1,UPSBGB,S101,2035,1.0
RE1,UPSBGB,S101,2036,1.0
RE1,UPSBGB,S101,2037,1.0
RE1,UPSBGB,S101,2038,1.0
RE1,UPSBGB,S101,2039,1.0
RE1,UPSBGB,S101,2040,1.0
RE1,UPSBGB,S101,2041,1.0
RE1,UPSBGB,S101,2042,1.0
RE1,UPSBGB,S101,2043,1.0
RE1,UPSBGB,S101,2044,1.0
RE1,UPSBGB,S101,2045,1.0
RE1,UPSBGB,S101,2046,1.0
RE1,UPSBGB,S101,2047,1.0
RE1,UPSBGB,S101,2048,1.0
RE1,UPSBGB,S101,2049,1.0
RE1,UPSBGB,S101,2050,1.0
RE1,UPSBGB,S101,2051,1.0
RE1,UPSBGB,S101,2052,1.0
RE1,UPSBGB,S101,2053,1.0
RE1,UPSBGB,S101,2054,1.0
RE1,UPSBGB,S101,2055,1.0
RE1,UPSBGB,S102,2022,1.0
RE1,UPSBGB,S102,2023,1.0
RE1,UPSBGB,S102,2024,1.0
RE1,UPSBGB,S102,2025,1.0
RE1,UPSBGB,S102,2026,1.0
RE1,UPSBGB,S102,2027,1.0
RE1,UPSBGB,S102,2028,1.0
RE1,UPSBGB,S102,2029,1.0
RE1,UPSBGB,S102,2030,1.0
RE1,UPSBGB,S102,2031,1.0
RE1,UPSBGB,S102,2032,1.0
RE1,UPSBGB,S102,2033,1.0
RE1,UPSBGB,S102,2034,1.0
RE1,UPSBGB,S102,2035,1.0
RE1,UPSBGB,S102,2036,1.0
RE1,UPSBGB,S102,2037,1.0
RE1,UPSBGB,S102,2038,1.0
RE1,UPSBGB,S102,2039,1.0
RE1,UPSBGB,S102,2040,1.0
RE1,UPSBGB,S102,2041,1.0
RE1,UPSBGB,S102,2042,1.0
RE1,UPSBGB,S102,2043,1.0
RE1,UPSBGB,S102,2044,1.0
RE1,UPSBGB,S102,2045,1.0
RE1,UPSBGB,S102,2046,1.0
RE1,UPSBGB,S102,2047,1.0
RE1,UPSBGB,S102,2048,1.0
RE1,UPSBGB,S102,2049,1.0
RE1,UPSBGB,S102,2050,1.0
RE1,UPSBGB,S102,2051,1.0
RE1,UPSBGB,S102,2052,1.0
RE1,UPSBGB,S102,2053,1.0
RE1,UPSBGB,S102,2054,1.0
RE1,UPSBGB,S102,2055,1.0
RE1,UPSBGS,S101,2022,1.0
RE1,UPSBGS,S101,2023,1.0
RE1,UPSBGS,S101,2024,1.0
RE1,UPSBGS,S101,2025,1.0
RE1,UPSBGS,S101,2026,1.0
RE1,UPSBGS,S101,2027,1.0
RE1,UPSBGS,S101,2028,1.0
RE1,UPSBGS,S101,2029,1.0
RE1,UPSBGS,S101,2030,1.0
RE1,UPSBGS,S101,2031,1.0
RE1,UPSBGS,S101,2032,1.0
RE1,UPSBGS,S101,2033,1.0
RE1,UPSBGS,S101,2034,1.0
RE1,UPSBGS,S101,2035,1.0
RE1,UPSBGS,S101,2036,1.0
RE1,UPSBGS,S101,2037,1.0
RE1,UPSBGS,S101,2038,1.0
RE1,UPSBGS,S101,2039,1.0
RE1,UPSBGS,S101,2040,1.0
RE1,UPSBGS,S101,2041,1.0
RE1,UPSBGS,S101,2042,1.0
RE1,UPSBGS,S101,2043,1.0
RE1,UPSBGS,S101,2044,1.0
RE1,UPSBGS,S101,2045,1.0
RE1,UPSBGS,S101,2046,1.0
RE1,UPSBGS,S101,2047,1.0
RE1,UPSBGS,S101,2048,1.0
RE1,UPSBGS,S101,2049,1.0
RE1,UPSBGS,S101,2050,1.0
RE1,UPSBGS,S101,2051,1.0
RE1,UPSBGS,S101,2052,1.0
RE1,UPSBGS,S101,2053,1.0
RE1,UPSBGS,S101,2054,1.0
RE1,UPSBGS,S101,2055,1.0
RE1,UPSBGS,S102,2022,1.0
RE1,UPSBGS,S102,2023,1.0
RE1,UPSBGS,S102,2024,1.0
RE1,UPSBGS,S102,2025,1.0
RE1,UPSBGS,S102,2026,1.0
RE1,UPSBGS,S102,2027,1.0
RE1,UPSBGS,S102,2028,1.0
RE1,UPSBGS,S102,2029,1.0
RE1,UPSBGS,S102,2030,1.0
RE1,UPSBGS,S102,2031,1.0
RE1,UPSBGS,S102,2032,1.0
RE1,UPSBGS,S102,2033,1.0
RE1,UPSBGS,S102,2034,1.0
RE1,UPSBGS,S102,2035,1.0
RE1,UPSBGS,S102,2036,1.0
RE1,UPSBGS,S102,2037,1.0
RE1,UPSBGS,S102,2038,1.0
RE1,UPSBGS,S102,2039,1.0
RE1,UPSBGS,S102,2040,1.0
RE1,UPSBGS,S102,2041,1.0
RE1,UPSBGS,S102,2042,1.0
RE1,UPSBGS,S102,2043,1.0
RE1,UPSBGS,S102,2044,1.0
RE1,UPSBGS,S102,2045,1.0
RE1,UPSBGS,S102,2046,1.0
RE1,UPSBGS,S102,2047,1.0
RE1,UPSBGS,S102,2048,1.0
RE1,UPSBGS,S102,2049,1.0
RE1,UPSBGS,S102,2050,1.0
RE1,UPSBGS,S102,2051,1.0
RE1,UPSBGS,S102,2052,1.0
RE1,UPSBGS,S102,2053,1.0
RE1,UPSBGS,S102,2054,1.0
RE1,UPSBGS,S102,2055,1.0
RE1,UPSBJS,S101,2022,1.0
RE1,UPSBJS,S101,2023,1.0
RE1,UPSBJS,S101,2024,1.0
RE1,UPSBJS,S101,2025,1.0
RE1,UPSBJS,S101,2026,1.0
RE1,UPSBJS,S101,2027,1.0
RE1,UPSBJS,S101,2028,1.0
RE1,UPSBJS,S101,2029,1.0
RE1,UPSBJS,S101,2030,1.0
RE1,UPSBJS,S101,2031,1.0
RE1,UPSBJS,S101,2032,1.0
RE1,UPSBJS,S101,2033,1.0
RE1,UPSBJS,S101,2034,1.0
RE1,UPSBJS,S101,2035,1.0
RE1,UPSBJS,S101,2036,1.0
RE1,UPSBJS,S101,2037,1.0
RE1,UPSBJS,S101,2038,1.0
RE1,UPSBJS,S101,2039,1.0
RE1,UPSBJS,S101,2040,1.0
RE1,UPSBJS,S101,2041,1.0
RE1,UPSBJS,S101,2042,1.0
RE1,UPSBJS,S101,2043,1.0
RE1,UPSBJS,S101,2044,1.0
RE1,UPSBJS,S101,2045,1.0
RE1,UPSBJS,S101,2046,1.0
RE1,UPSBJS,S101,2047,1.0
RE1,UPSBJS,S101,2048,1.0
RE1,UPSBJS,S101,2049,1.0
RE1,UPSBJS,S101,2050,1.0
RE1,UPSBJS,S101,2051,1.0
RE1,UPSBJS,S101,2052,1.0
RE1,UPSBJS,S101,2053,1.0
RE1,UPSBJS,S101,2054,1.0
RE1,UPSBJS,S101,2055,1.0
RE1,UPSBJS,S102,2022,1.0
RE1,UPSBJS,S102,2023,1.0
RE1,UPSBJS,S102,2024,1.0
RE1,UPSBJS,S102,2025,1.0
RE1,UPSBJS,S102,2026,1.0
RE1,UPSBJS,S102,2027,1.0
RE1,UPSBJS,S102,2028,1.0
RE1,UPSBJS,S102,2029,1.0
RE1,UPSBJS,S102,2030,1.0
RE1,UPSBJS,S102,2031,1.0
RE1,UPSBJS,S102,2032,1.0
RE1,UPSBJS,S102,2033,1.0
RE1,UPSBJS,S102,2034,1.0
RE1,UPSBJS,S102,2035,1.0
RE1,UPSBJS,S102,2036,1.0
RE1,UPSBJS,S102,2037,1.0
RE1,UPSBJS,S102,2038,1.0
RE1,UPSBJS,S102,2039,1.0
RE1,UPSBJS,S102,2040,1.0
RE1,UPSBJS,S102,2041,1.0
RE1,UPSBJS,S102,2042,1.0
RE1,UPSBJS,S102,2043,1.0
RE1,UPSBJS,S102,2044,1.0
RE1,UPSBJS,S102,2045,1.0
RE1,UPSBJS,S102,2046,1.0
RE1,UPSBJS,S102,2047,1.0
RE1,UPSBJS,S102,2048,1.0
RE1,UPSBJS,S102,2049,1.0
RE1,UPSBJS,S102,2050,1.0
RE1,UPSBJS,S102,2051,1.0
RE1,UPSBJS,S102,2052,1.0
RE1,UPSBJS,S102,2053,1.0
RE1,UPSBJS,S102,2054,1.0
RE1,UPSBJS,S102,2055,1.0
RE1,UPSBMET,S101,2022,1.0
RE1,UPSBMET,S101,2023,1.0
RE1,UPSBMET,S101,2024,1.0
RE1,UPSBMET,S101,2025,1.0
RE1,UPSBMET,S101,2026,1.0
RE1,UPSBMET,S101,2027,1.0
RE1,UPSBMET,S101,2028,1.0
RE1,UPSBMET,S101,2029,1.0
RE1,UPSBMET,S101,2030,1.0
RE1,UPSBMET,S101,2031,1.0
RE1,UPSBMET,S101,2032,1.0
RE1,UPSBMET,S101,2033,1.0
RE1,UPSBMET,S101,2034,1.0
RE1,UPSBMET,S101,2035,1.0
RE1,UPSBMET,S101,2036,1.0
RE1,UPSBMET,S101,2037,1.0
RE1,UPSBMET,S101,2038,1.0
RE1,UPSBMET,S101,2039,1.0
RE1,UPSBMET,S101,2040,1.0
RE1,UPSBMET,S101,2041,1.0
RE1,UPSBMET,S101,2042,1.0
RE1,UPSBMET,S101,2043,1.0
RE1,UPSBMET,S101,2044,1.0
RE1,UPSBMET,S101,2045,1.0
RE1,UPSBMET,S101,2046,1.0
RE1,UPSBMET,S101,2047,1.0
RE1,UPSBMET,S101,2048,1.0
RE1,UPSBMET,S101,2049,1.0
RE1,UPSBMET,S101,2050,1.0
RE1,UPSBMET,S101,2051,1.0
RE1,UPSBMET,S101,2052,1.0
RE1,UPSBMET,S101,2053,1.0
RE1,UPSBMET,S101,2054,1.0
RE1,UPSBMET,S101,2055,1.0
RE1,UPSBMET,S102,2022,1.0
RE1,UPSBMET,S102,2023,1.0
RE1,UPSBMET,S102,2024,1.0
RE1,UPSBMET,S102,2025,1.0
RE1,UPSBMET,S102,2026,1.0
RE1,UPSBMET,S102,2027,1.0
RE1,UPSBMET,S102,2028,1.0
RE1,UPSBMET,S102,2029,1.0
RE1,UPSBMET,S102,2030,1.0
RE1,UPSBMET,S102,2031,1.0
RE1,UPSBMET,S102,2032,1.0
RE1,UPSBMET,S102,2033,1.0
RE1,UPSBMET,S102,2034,1.0
RE1,UPSBMET,S102,2035,1.0
RE1,UPSBMET,S102,2036,1.0
RE1,UPSBMET,S102,2037,1.0
RE1,UPSBMET,S102,2038,1.0
RE1,UPSBMET,S102,2039,1.0
RE1,UPSBMET,S102,2040,1.0
RE1,UPSBMET,S102,2041,1.0
RE1,UPSBMET,S102,2042,1.0
RE1,UPSBMET,S102,2043,1.0
RE1,UPSBMET,S102,2044,1.0
RE1,UPSBMET,S102,2045,1.0
RE1,UPSBMET,S102,2046,1.0
RE1,UPSBMET,S102,2047,1.0
RE1,UPSBMET,S102,2048,1.0
RE1,UPSBMET,S102,2049,1.0
RE1,UPSBMET,S102,2050,1.0
RE1,UPSBMET,S102,2051,1.0
RE1,UPSBMET,S102,2052,1.0
RE1,UPSBMET,S102,2053,1.0
RE1,UPSBMET,S102,2054,1.0
RE1,UPSBMET,S102,2055,1.0
RE1,UPSBMETL,S101,2022,1.0
RE1,UPSBMETL,S101,2023,1.0
RE1,UPSBMETL,S101,2024,1.0
RE1,UPSBMETL,S101,2025,1.0
RE1,UPSBMETL,S101,2026,1.0
RE1,UPSBMETL,S101,2027,1.0
RE1,UPSBMETL,S101,2028,1.0
RE1,UPSBMETL,S101,2029,1.0
RE1,UPSBMETL,S101,2030,1.0
RE1,UPSBMETL,S101,2031,1.0
RE1,UPSBMETL,S101,2032,1.0
RE1,UPSBMETL,S101,2033,1.0
RE1,UPSBMETL,S101,2034,1.0
RE1,UPSBMETL,S101,2035,1.0
RE1,UPSBMETL,S101,2036,1.0
RE1,UPSBMETL,S101,2037,1.0
RE1,UPSBMETL,S101,2038,1.0
RE1,UPSBMETL,S101,2039,1.0
RE1,UPSBMETL,S101,2040,1.0
RE1,UPSBMETL,S101,2041,1.0
RE1,UPSBMETL,S101,2042,1.0
RE1,UPSBMETL,S101,2043,1.0
RE1,UPSBMETL,S101,2044,1.0
RE1,UPSBMETL,S101,2045,1.0
RE1,UPSBMETL,S101,2046,1.0
RE1,UPSBMETL,S101,2047,1.0
RE1,UPSBMETL,S101,2048,1.0
RE1,UPSBMETL,S101,2049,1.0
RE1,UPSBMETL,S101,2050,1.0
RE1,UPSBMETL,S101,2051,1.0
RE1,UPSBMETL,S101,2052,1.0
RE1,UPSBMETL,S101,2053,1.0
RE1,UPSBMETL,S101,2054,1.0
RE1,UPSBMETL,S101,2055,1.0
RE1,UPSBMETL,S102,2022,1.0
RE1,UPSBMETL,S102,2023,1.0
RE1,UPSBMETL,S102,2024,1.0
RE1,UPSBMETL,S102,2025,1.0
RE1,UPSBMETL,S102,2026,1.0
RE1,UPSBMETL,S102,2027,1.0
RE1,UPSBMETL,S102,2028,1.0
RE1,UPSBMETL,S102,2029,1.0
RE1,UPSBMETL,S102,2030,1.0
RE1,UPSBMETL,S102,2031,1.0
RE1,UPSBMETL,S102,2032,1.0
RE1,UPSBMETL,S102,2033,1.0
RE1,UPSBMETL,S102,2034,1.0
RE1,UPSBMETL,S102,2035,1.0
RE1,UPSBMETL,S102,2036,1.0
RE1,UPSBMETL,S102,2037,1.0
RE1,UPSBMETL,S102,2038,1.0
RE1,UPSBMETL,S102,2039,1.0
RE1,UPSBMETL,S102,2040,1.0
RE1,UPSBMETL,S102,2041,1.0
RE1,UPSBMETL,S102,2042,1.0
RE1,UPSBMETL,S102,2043,1.0
RE1,UPSBMETL,S102,2044,1.0
RE1,UPSBMETL,S102,2045,1.0
RE1,UPSBMETL,S102,2046,1.0
RE1,UPSBMETL,S102,2047,1.0
RE1,UPSBMETL,S102,2048,1.0
RE1,UPSBMETL,S102,2049,1.0
RE1,UPSBMETL,S102,2050,1.0
RE1,UPSBMETL,S102,2051,1.0
RE1,UPSBMETL,S102,2052,1.0
RE1,UPSBMETL,S102,2053,1.0
RE1,UPSBMETL,S102,2054,1.0
RE1,UPSBMETL,S102,2055,1.0
RE1,UPSEVC,S101,2022,1.0
RE1,UPSEVC,S101,2023,1.0
RE1,UPSEVC,S101,2024,1.0
RE1,UPSEVC,S101,2025,1.0
RE1,UPSEVC,S101,2026,1.0
RE1,UPSEVC,S101,2027,1.0
RE1,UPSEVC,S101,2028,1.0
RE1,UPSEVC,S101,2029,1.0
RE1,UPSEVC,S101,2030,1.0
RE1,UPSEVC,S101,2031,1.0
RE1,UPSEVC,S101,2032,1.0
RE1,UPSEVC,S101,2033,1.0
RE1,UPSEVC,S101,2034,1.0
RE1,UPSEVC,S101,2035,1.0
RE1,UPSEVC,S101,2036,1.0
RE1,UPSEVC,S101,2037,1.0
RE1,UPSEVC,S101,2038,1.0
RE1,UPSEVC,S101,2039,1.0
RE1,UPSEVC,S101,2040,1.0
RE1,UPSEVC,S101,2041,1.0
RE1,UPSEVC,S101,2042,1.0
RE1,UPSEVC,S101,2043,1.0
RE1,UPSEVC,S101,2044,1.0
RE1,UPSEVC,S101,2045,1.0
RE1,UPSEVC,S101,2046,1.0
RE1,UPSEVC,S101,2047,1.0
RE1,UPSEVC,S101,2048,1.0
RE1,UPSEVC,S101,2049,1.0
RE1,UPSEVC,S101,2050,1.0
RE1,UPSEVC,S101,2051,1.0
RE1,UPSEVC,S101,2052,1.0
RE1,UPSEVC,S101,2053,1.0
RE1,UPSEVC,S101,2054,1.0
RE1,UPSEVC,S101,2055,1.0
RE1,UPSEVC,S102,2022,1.0
RE1,UPSEVC,S102,2023,1.0
RE1,UPSEVC,S102,2024,1.0
RE1,UPSEVC,S102,2025,1.0
RE1,UPSEVC,S102,2026,1.0
RE1,UPSEVC,S102,2027,1.0
RE1,UPSEVC,S102,2028,1.0
RE1,UPSEVC,S102,2029,1.0
RE1,UPSEVC,S102,2030,1.0
RE1,UPSEVC,S102,2031,1.0
RE1,UPSEVC,S102,2032,1.0
RE1,UPSEVC,S102,2033,1.0
RE1,UPSEVC,S102,2034,1.0
RE1,UPSEVC,S102,2035,1.0
RE1,UPSEVC,S102,2036,1.0
RE1,UPSEVC,S102,2037,1.0
RE1,UPSEVC,S102,2038,1.0
RE1,UPSEVC,S102,2039,1.0
RE1,UPSEVC,S102,2040,1.0
RE1,UPSEVC,S102,2041,1.0
RE1,UPSEVC,S102,2042,1.0
RE1,UPSEVC,S102,2043,1.0
RE1,UPSEVC,S102,2044,1.0
RE1,UPSEVC,S102,2045,1.0
RE1,UPSEVC,S102,2046,1.0
RE1,UPSEVC,S102,2047,1.0
RE1,UPSEVC,S102,2048,1.0
RE1,UPSEVC,S102,2049,1.0
RE1,UPSEVC,S102,2050,1.0
RE1,UPSEVC,S102,2051,1.0
RE1,UPSEVC,S102,2052,1.0
RE1,UPSEVC,S102,2053,1.0
RE1,UPSEVC,S102,2054,1.0
RE1,UPSEVC,S102,2055,1.0
RE1,UPSEV_FC,S101,2022,1.0
RE1,UPSEV_FC,S101,2023,1.0
RE1,UPSEV_FC,S101,2024,1.0
RE1,UPSEV_FC,S101,2025,1.0
RE1,UPSEV_FC,S101,2026,1.0
RE1,UPSEV_FC,S101,2027,1.0
RE1,UPSEV_FC,S101,2028,1.0
RE1,UPSEV_FC,S101,2029,1.0
RE1,UPSEV_FC,S101,2030,1.0
RE1,UPSEV_FC,S101,2031,1.0
RE1,UPSEV_FC,S101,2032,1.0
RE1,UPSEV_FC,S101,2033,1.0
RE1,UPSEV_FC,S101,2034,1.0
RE1,UPSEV_FC,S101,2035,1.0
RE1,UPSEV_FC,S101,2036,1.0
RE1,UPSEV_FC,S101,2037,1.0
RE1,UPSEV_FC,S101,2038,1.0
RE1,UPSEV_FC,S101,2039,1.0
RE1,UPSEV_FC,S101,2040,1.0
RE1,UPSEV_FC,S101,2041,1.0
RE1,UPSEV_FC,S101,2042,1.0
RE1,UPSEV_FC,S101,2043,1.0
RE1,UPSEV_FC,S101,2044,1.0
RE1,UPSEV_FC,S101,2045,1.0
RE1,UPSEV_FC,S101,2046,1.0
RE1,UPSEV_FC,S101,2047,1.0
RE1,UPSEV_FC,S101,2048,1.0
RE1,UPSEV_FC,S101,2049,1.0
RE1,UPSEV_FC,S101,2050,1.0
RE1,UPSEV_FC,S101,2051,1.0
RE1,UPSEV_FC,S101,2052,1.0
RE1,UPSEV_FC,S101,2053,1.0
RE1,UPSEV_FC,S101,2054,1.0
RE1,UPSEV_FC,S101,2055,1.0
RE1,UPSEV_FC,S102,2022,1.0
RE1,UPSEV_FC,S102,2023,1.0
RE1,UPSEV_FC,S102,2024,1.0
RE1,UPSEV_FC,S102,2025,1.0
RE1,UPSEV_FC,S102,2026,1.0
RE1,UPSEV_FC,S102,2027,1.0
RE1,UPSEV_FC,S102,2028,1.0
RE1,UPSEV_FC,S102,2029,1.0
RE1,UPSEV_FC,S102,2030,1.0
RE1,UPSEV_FC,S102,2031,1.0
RE1,UPSEV_FC,S102,2032,1.0
RE1,UPSEV_FC,S102,2033,1.0
RE1,UPSEV_FC,S102,2034,1.0
RE1,UPSEV_FC,S102,2035,1.0
RE1,UPSEV_FC,S102,2036,1.0
RE1,UPSEV_FC,S102,2037,1.0
RE1,UPSEV_FC,S102,2038,1.0
RE1,UPSEV_FC,S102,2039,1.0
RE1,UPSEV_FC,S102,2040,1.0
RE1,UPSEV_FC,S102,2041,1.0
RE1,UPSEV_FC,S102,2042,1.0
RE1,UPSEV_FC,S102,2043,1.0
RE1,UPSEV_FC,S102,2044,1.0
RE1,UPSEV_FC,S102,2045,1.0
RE1,UPSEV_FC,S102,2046,1.0
RE1,UPSEV_FC,S102,2047,1.0
RE1,UPSEV_FC,S102,2048,1.0
RE1,UPSEV_FC,S102,2049,1.0
RE1,UPSEV_FC,S102,2050,1.0
RE1,UPSEV_FC,S102,2051,1.0
RE1,UPSEV_FC,S102,2052,1.0
RE1,UPSEV_FC,S102,2053,1.0
RE1,UPSEV_FC,S102,2054,1.0
RE1,UPSEV_FC,S102,2055,1.0
RE1,UPSHDGRST,S101,2022,1.0
RE1,UPSHDGRST,S101,2023,1.0
RE1,UPSHDGRST,S101,2024,1.0
RE1,UPSHDGRST,S101,2025,1.0
RE1,UPSHDGRST,S101,2026,1.0
RE1,UPSHDGRST,S101,2027,1.0
RE1,UPSHDGRST,S101,2028,1.0
RE1,UPSHDGRST,S101,2029,1.0
RE1,UPSHDGRST,S101,2030,1.0
RE1,UPSHDGRST,S101,2031,1.0
RE1,UPSHDGRST,S101,2032,1.0
RE1,UPSHDGRST,S101,2033,1.0
RE1,UPSHDGRST,S101,2034,1.0
RE1,UPSHDGRST,S101,2035,1.0
RE1,UPSHDGRST,S101,2036,1.0
RE1,UPSHDGRST,S101,2037,1.0
RE1,UPSHDGRST,S101,2038,1.0
RE1,UPSHDGRST,S101,2039,1.0
RE1,UPSHDGRST,S101,2040,1.0
RE1,UPSHDGRST,S101,2041,1.0
RE1,UPSHDGRST,S101,2042,1.0
RE1,UPSHDGRST,S101,2043,1.0
RE1,UPSHDGRST,S101,2044,1.0
RE1,UPSHDGRST,S101,2045,1.0
RE1,UPSHDGRST,S101,2046,1.0
RE1,UPSHDGRST,S101,2047,1.0
RE1,UPSHDGRST,S101,2048,1.0
RE1,UPSHDGRST,S101,2049,1.0
RE1,UPSHDGRST,S101,2050,1.0
RE1,UPSHDGRST,S101,2051,1.0
RE1,UPSHDGRST,S101,2052,1.0
RE1,UPSHDGRST,S101,2053,1.0
RE1,UPSHDGRST,S101,2054,1.0
RE1,UPSHDGRST,S101,2055,1.0
RE1,UPSHDGRST,S102,2022,1.0
RE1,UPSHDGRST,S102,2023,1.0
RE1,UPSHDGRST,S102,2024,1.0
RE1,UPSHDGRST,S102,2025,1.0
RE1,UPSHDGRST,S102,2026,1.0
RE1,UPSHDGRST,S102,2027,1.0
RE1,UPSHDGRST,S102,2028,1.0
RE1,UPSHDGRST,S102,2029,1.0
RE1,UPSHDGRST,S102,2030,1.0
RE1,UPSHDGRST,S102,2031,1.0
RE1,UPSHDGRST,S102,2032,1.0
RE1,UPSHDGRST,S102,2033,1.0
RE1,UPSHDGRST,S102,2034,1.0
RE1,UPSHDGRST,S102,2035,1.0
RE1,UPSHDGRST,S102,2036,1.0
RE1,UPSHDGRST,S102,2037,1.0
RE1,UPSHDGRST,S102,2038,1.0
RE1,UPSHDGRST,S102,2039,1.0
RE1,UPSHDGRST,S102,2040,1.0
RE1,UPSHDGRST,S102,2041,1.0
RE1,UPSHDGRST,S102,2042,1.0
RE1,UPSHDGRST,S102,2043,1.0
RE1,UPSHDGRST,S102,2044,1.0
RE1,UPSHDGRST,S102,2045,1.0
RE1,UPSHDGRST,S102,2046,1.0
RE1,UPSHDGRST,S102,2047,1.0
RE1,UPSHDGRST,S102,2048,1.0
RE1,UPSHDGRST,S102,2049,1.0
RE1,UPSHDGRST,S102,2050,1.0
RE1,UPSHDGRST,S102,2051,1.0
RE1,UPSHDGRST,S102,2052,1.0
RE1,UPSHDGRST,S102,2053,1.0
RE1,UPSHDGRST,S102,2054,1.0
RE1,UPSHDGRST,S102,2055,1.0
RE1,UPSPEM,S101,2022,1.0
RE1,UPSPEM,S101,2023,1.0
RE1,UPSPEM,S101,2024,1.0
RE1,UPSPEM,S101,2025,1.0
RE1,UPSPEM,S101,2026,1.0
RE1,UPSPEM,S101,2027,1.0
RE1,UPSPEM,S101,2028,1.0
RE1,UPSPEM,S101,2029,1.0
RE1,UPSPEM,S101,2030,1.0
RE1,UPSPEM,S101,2031,1.0
RE1,UPSPEM,S101,2032,1.0
RE1,UPSPEM,S101,2033,1.0
RE1,UPSPEM,S101,2034,1.0
RE1,UPSPEM,S101,2035,1.0
RE1,UPSPEM,S101,2036,1.0
RE1,UPSPEM,S101,2037,1.0
RE1,UPSPEM,S101,2038,1.0
RE1,UPSPEM,S101,2039,1.0
RE1,UPSPEM,S101,2040,1.0
RE1,UPSPEM,S101,2041,1.0
RE1,UPSPEM,S101,2042,1.0
RE1,UPSPEM,S101,2043,1.0
RE1,UPSPEM,S101,2044,1.0
RE1,UPSPEM,S101,2045,1.0
RE1,UPSPEM,S101,2046,1.0
RE1,UPSPEM,S101,2047,1.0
RE1,UPSPEM,S101,2048,1.0
RE1,UPSPEM,S101,2049,1.0
RE1,UPSPEM,S101,2050,1.0
RE1,UPSPEM,S101,2051,1.0
RE1,UPSPEM,S101,2052,1.0
RE1,UPSPEM,S101,2053,1.0
RE1,UPSPEM,S101,2054,1.0
RE1,UPSPEM,S101,2055,1.0
RE1,UPSPEM,S102,2022,1.0
RE1,UPSPEM,S102,2023,1.0
RE1,UPSPEM,S102,2024,1.0
RE1,UPSPEM,S102,2025,1.0
RE1,UPSPEM,S102,2026,1.0
RE1,UPSPEM,S102,2027,1.0
RE1,UPSPEM,S102,2028,1.0
RE1,UPSPEM,S102,2029,1.0
RE1,UPSPEM,S102,2030,1.0
RE1,UPSPEM,S102,2031,1.0
RE1,UPSPEM,S102,2032,1.0
RE1,UPSPEM,S102,2033,1.0
RE1,UPSPEM,S102,2034,1.0
RE1,UPSPEM,S102,2035,1.0
RE1,UPSPEM,S102,2036,1.0
RE1,UPSPEM,S102,2037,1.0
RE1,UPSPEM,S102,2038,1.0
RE1,UPSPEM,S102,2039,1.0
RE1,UPSPEM,S102,2040,1.0
RE1,UPSPEM,S102,2041,1.0
RE1,UPSPEM,S102,2042,1.0
RE1,UPSPEM,S102,2043,1.0
RE1,UPSPEM,S102,2044,1.0
RE1,UPSPEM,S102,2045,1.0
RE1,UPSPEM,S102,2046,1.0
RE1,UPSPEM,S102,2047,1.0
RE1,UPSPEM,S102,2048,1.0
RE1,UPSPEM,S102,2049,1.0
RE1,UPSPEM,S102,2050,1.0
RE1,UPSPEM,S102,2051,1.0
RE1,UPSPEM,S102,2052,1.0
RE1,UPSPEM,S102,2053,1.0
RE1,UPSPEM,S102,2054,1.0
RE1,UPSPEM,S102,2055,1.0
RE1,UPSREF_BAR,S101,2022,1.0
RE1,UPSREF_BAR,S101,2023,1.0
RE1,UPSREF_BAR,S101,2024,1.0
RE1,UPSREF_BAR,S101,2025,1.0
RE1,UPSREF_BAR,S101,2026,1.0
RE1,UPSREF_BAR,S101,2027,1.0
RE1,UPSREF_BAR,S101,2028,1.0
RE1,UPSREF_BAR,S101,2029,1.0
RE1,UPSREF_BAR,S101,2030,1.0
RE1,UPSREF_BAR,S101,2031,1.0
RE1,UPSREF_BAR,S101,2032,1.0
RE1,UPSREF_BAR,S101,2033,1.0
RE1,UPSREF_BAR,S101,2034,1.0
RE1,UPSREF_BAR,S101,2035,1.0
RE1,UPSREF_BAR,S101,2036,1.0
RE1,UPSREF_BAR,S101,2037,1.0
RE1,UPSREF_BAR,S101,2038,1.0
RE1,UPSREF_BAR,S101,2039,1.0
RE1,UPSREF_BAR,S101,2040,1.0
RE1,UPSREF_BAR,S101,2041,1.0
RE1,UPSREF_BAR,S101,2042,1.0
RE1,UPSREF_BAR,S101,2043,1.0
RE1,UPSREF_BAR,S101,2044,1.0
RE1,UPSREF_BAR,S101,2045,1.0
RE1,UPSREF_BAR,S101,2046,1.0
RE1,UPSREF_BAR,S101,2047,1.0
RE1,UPSREF_BAR,S101,2048,1.0
RE1,UPSREF_BAR,S101,2049,1.0
RE1,UPSREF_BAR,S101,2050,1.0
RE1,UPSREF_BAR,S101,2051,1.0
RE1,UPSREF_BAR,S101,2052,1.0
RE1,UPSREF_BAR,S101,2053,1.0
RE1,UPSREF_BAR,S101,2054,1.0
RE1,UPSREF_BAR,S101,2055,1.0
RE1,UPSREF_BAR,S102,2022,1.0
RE1,UPSREF_BAR,S102,2023,1.0
RE1,UPSREF_BAR,S102,2024,1.0
RE1,UPSREF_BAR,S102,2025,1.0
RE1,UPSREF_BAR,S102,2026,1.0
RE1,UPSREF_BAR,S102,2027,1.0
RE1,UPSREF_BAR,S102,2028,1.0
RE1,UPSREF_BAR,S102,2029,1.0
RE1,UPSREF_BAR,S102,2030,1.0
RE1,UPSREF_BAR,S102,2031,1.0
RE1,UPSREF_BAR,S102,2032,1.0
RE1,UPSREF_BAR,S102,2033,1.0
RE1,UPSREF_BAR,S102,2034,1.0
RE1,UPSREF_BAR,S102,2035,1.0
RE1,UPSREF_BAR,S102,2036,1.0
RE1,UPSREF_BAR,S102,2037,1.0
RE1,UPSREF_BAR,S102,2038,1.0
RE1,UPSREF_BAR,S102,2039,1.0
RE1,UPSREF_BAR,S102,2040,1.0
RE1,UPSREF_BAR,S102,2041,1.0
RE1,UPSREF_BAR,S102,2042,1.0
RE1,UPSREF_BAR,S102,2043,1.0
RE1,UPSREF_BAR,S102,2044,1.0
RE1,UPSREF_BAR,S102,2045,1.0
RE1,UPSREF_BAR,S102,2046,1.0
RE1,UPSREF_BAR,S102,2047,1.0
RE1,UPSREF_BAR,S102,2048,1.0
RE1,UPSREF_BAR,S102,2049,1.0
RE1,UPSREF_BAR,S102,2050,1.0
RE1,UPSREF_BAR,S102,2051,1.0
RE1,UPSREF_BAR,S102,2052,1.0
RE1,UPSREF_BAR,S102,2053,1.0
RE1,UPSREF_BAR,S102,2054,1.0
RE1,UPSREF_BAR,S102,2055,1.0
RE1,UPSREF_CAR,S101,2022,1.0
RE1,UPSREF_CAR,S101,2023,1.0
RE1,UPSREF_CAR,S101,2024,1.0
RE1,UPSREF_CAR,S101,2025,1.0
RE1,UPSREF_CAR,S101,2026,1.0
RE1,UPSREF_CAR,S101,2027,1.0
RE1,UPSREF_CAR,S101,2028,1.0
RE1,UPSREF_CAR,S101,2029,1.0
RE1,UPSREF_CAR,S101,2030,1.0
RE1,UPSREF_CAR,S101,2031,1.0
RE1,UPSREF_CAR,S101,2032,1.0
RE1,UPSREF_CAR,S101,2033,1.0
RE1,UPSREF_CAR,S101,2034,1.0
RE1,UPSREF_CAR,S101,2035,1.0
RE1,UPSREF_CAR,S101,2036,1.0
RE1,UPSREF_CAR,S101,2037,1.0
RE1,UPSREF_CAR,S101,2038,1.0
RE1,UPSREF_CAR,S101,2039,1.0
RE1,UPSREF_CAR,S101,2040,1.0
RE1,UPSREF_CAR,S101,2041,1.0
RE1,UPSREF_CAR,S101,2042,1.0
RE1,UPSREF_CAR,S101,2043,1.0
RE1,UPSREF_CAR,S101,2044,1.0
RE1,UPSREF_CAR,S101,2045,1.0
RE1,UPSREF_CAR,S101,2046,1.0
RE1,UPSREF_CAR,S101,2047,1.0
RE1,UPSREF_CAR,S101,2048,1.0
RE1,UPSREF_CAR,S101,2049,1.0
RE1,UPSREF_CAR,S101,2050,1.0
RE1,UPSREF_CAR,S101,2051,1.0
RE1,UPSREF_CAR,S101,2052,1.0
RE1,UPSREF_CAR,S101,2053,1.0
RE1,UPSREF_CAR,S101,2054,1.0
RE1,UPSREF_CAR,S101,2055,1.0
RE1,UPSREF_CAR,S102,2022,1.0
RE1,UPSREF_CAR,S102,2023,1.0
RE1,UPSREF_CAR,S102,2024,1.0
RE1,UPSREF_CAR,S102,2025,1.0
RE1,UPSREF_CAR,S102,2026,1.0
RE1,UPSREF_CAR,S102,2027,1.0
RE1,UPSREF_CAR,S102,2028,1.0
RE1,UPSREF_CAR,S102,2029,1.0
RE1,UPSREF_CAR,S102,2030,1.0
RE1,UPSREF_CAR,S102,2031,1.0
RE1,UPSREF_CAR,S102,2032,1.0
RE1,UPSREF_CAR,S102,2033,1.0
RE1,UPSREF_CAR,S102,2034,1.0
RE1,UPSREF_CAR,S102,2035,1.0
RE1,UPSREF_CAR,S102,2036,1.0
RE1,UPSREF_CAR,S102,2037,1.0
RE1,UPSREF_CAR,S102,2038,1.0
RE1,UPSREF_CAR,S102,2039,1.0
RE1,UPSREF_CAR,S102,2040,1.0
RE1,UPSREF_CAR,S102,2041,1.0
RE1,UPSREF_CAR,S102,2042,1.0
RE1,UPSREF_CAR,S102,2043,1.0
RE1,UPSREF_CAR,S102,2044,1.0
RE1,UPSREF_CAR,S102,2045,1.0
RE1,UPSREF_CAR,S102,2046,1.0
RE1,UPSREF_CAR,S102,2047,1.0
RE1,UPSREF_CAR,S102,2048,1.0
RE1,UPSREF_CAR,S102,2049,1.0
RE1,UPSREF_CAR,S102,2050,1.0
RE1,UPSREF_CAR,S102,2051,1.0
RE1,UPSREF_CAR,S102,2052,1.0
RE1,UPSREF_CAR,S102,2053,1.0
RE1,UPSREF_CAR,S102,2054,1.0
RE1,UPSREF_CAR,S102,2055,1.0
RE1,UPSREG,S101,2022,1.0
RE1,UPSREG,S101,2023,1.0
RE1,UPSREG,S101,2024,1.0
RE1,UPSREG,S101,2025,1.0
RE1,UPSREG,S101,2026,1.0
RE1,UPSREG,S101,2027,1.0
RE1,UPSREG,S101,2028,1.0
RE1,UPSREG,S101,2029,1.0
RE1,UPSREG,S101,2030,1.0
RE1,UPSREG,S101,2031,1.0
RE1,UPSREG,S101,2032,1.0
RE1,UPSREG,S101,2033,1.0
RE1,UPSREG,S101,2034,1.0
RE1,UPSREG,S101,2035,1.0
RE1,UPSREG,S101,2036,1.0
RE1,UPSREG,S101,2037,1.0
RE1,UPSREG,S101,2038,1.0
RE1,UPSREG,S101,2039,1.0
RE1,UPSREG,S101,2040,1.0
RE1,UPSREG,S101,2041,1.0
RE1,UPSREG,S101,2042,1.0
RE1,UPSREG,S101,2043,1.0
RE1,UPSREG,S101,2044,1.0
RE1,UPSREG,S101,2045,1.0
RE1,UPSREG,S101,2046,1.0
RE1,UPSREG,S101,2047,1.0
RE1,UPSREG,S101,2048,1.0
RE1,UPSREG,S101,2049,1.0
RE1,UPSREG,S101,2050,1.0
RE1,UPSREG,S101,2051,1.0
RE1,UPSREG,S101,2052,1.0
RE1,UPSREG,S101,2053,1.0
RE1,UPSREG,S101,2054,1.0
RE1,UPSREG,S101,2055,1.0
RE1,UPSREG,S102,2022,1.0
RE1,UPSREG,S102,2023,1.0
RE1,UPSREG,S102,2024,1.0
RE1,UPSREG,S102,2025,1.0
RE1,UPSREG,S102,2026,1.0
RE1,UPSREG,S102,2027,1.0
RE1,UPSREG,S102,2028,1.0
RE1,UPSREG,S102,2029,1.0
RE1,UPSREG,S102,2030,1.0
RE1,UPSREG,S102,2031,1.0
RE1,UPSREG,S102,2032,1.0
RE1,UPSREG,S102,2033,1.0
RE1,UPSREG,S102,2034,1.0
RE1,UPSREG,S102,2035,1.0
RE1,UPSREG,S102,2036,1.0
RE1,UPSREG,S102,2037,1.0
RE1,UPSREG,S102,2038,1.0
RE1,UPSREG,S102,2039,1.0
RE1,UPSREG,S102,2040,1.0
RE1,UPSREG,S102,2041,1.0
RE1,UPSREG,S102,2042,1.0
RE1,UPSREG,S102,2043,1.0
RE1,UPSREG,S102,2044,1.0
RE1,UPSREG,S102,2045,1.0
RE1,UPSREG,S102,2046,1.0
RE1,UPSREG,S102,2047,1.0
RE1,UPSREG,S102,2048,1.0
RE1,UPSREG,S102,2049,1.0
RE1,UPSREG,S102,2050,1.0
RE1,UPSREG,S102,2051,1.0
RE1,UPSREG,S102,2052,1.0
RE1,UPSREG,S102,2053,1.0
RE1,UPSREG,S102,2054,1.0
RE1,UPSREG,S102,2055,1.0
RE1,UPSSAF,S101,2022,1.0
RE1,UPSSAF,S101,2023,1.0
RE1,UPSSAF,S101,2024,1.0
RE1,UPSSAF,S101,2025,1.0
RE1,UPSSAF,S101,2026,1.0
RE1,UPSSAF,S101,2027,1.0
RE1,UPSSAF,S101,2028,1.0
RE1,UPSSAF,S101,2029,1.0
RE1,UPSSAF,S101,2030,1.0
RE1,UPSSAF,S101,2031,1.0
RE1,UPSSAF,S101,2032,1.0
RE1,UPSSAF,S101,2033,1.0
RE1,UPSSAF,S101,2034,1.0
RE1,UPSSAF,S101,2035,1.0
RE1,UPSSAF,S101,2036,1.0
RE1,UPSSAF,S101,2037,1.0
RE1,UPSSAF,S101,2038,1.0
RE1,UPSSAF,S101,2039,1.0
RE1,UPSSAF,S101,2040,1.0
RE1,UPSSAF,S101,2041,1.0
RE1,UPSSAF,S101,2042,1.0
RE1,UPSSAF,S101,2043,1.0
RE1,UPSSAF,S101,2044,1.0
RE1,UPSSAF,S101,2045,1.0
RE1,UPSSAF,S101,2046,1.0
RE1,UPSSAF,S101,2047,1.0
RE1,UPSSAF,S101,2048,1.0
RE1,UPSSAF,S101,2049,1.0
RE1,UPSSAF,S101,2050,1.0
RE1,UPSSAF,S101,2051,1.0
RE1,UPSSAF,S101,2052,1.0
RE1,UPSSAF,S101,2053,1.0
RE1,UPSSAF,S101,2054,1.0
RE1,UPSSAF,S101,2055,1.0
RE1,UPSSAF,S102,2022,1.0
RE1,UPSSAF,S102,2023,1.0
RE1,UPSSAF,S102,2024,1.0
RE1,UPSSAF,S102,2025,1.0
RE1,UPSSAF,S102,2026,1.0
RE1,UPSSAF,S102,2027,1.0
RE1,UPSSAF,S102,2028,1.0
RE1,UPSSAF,S102,2029,1.0
RE1,UPSSAF,S102,2030,1.0
RE1,UPSSAF,S102,2031,1.0
RE1,UPSSAF,S102,2032,1.0
RE1,UPSSAF,S102,2033,1.0
RE1,UPSSAF,S102,2034,1.0
RE1,UPSSAF,S102,2035,1.0
RE1,UPSSAF,S102,2036,1.0
RE1,UPSSAF,S102,2037,1.0
RE1,UPSSAF,S102,2038,1.0
RE1,UPSSAF,S102,2039,1.0
RE1,UPSSAF,S102,2040,1.0
RE1,UPSSAF,S102,2041,1.0
RE1,UPSSAF,S102,2042,1.0
RE1,UPSSAF,S102,2043,1.0
RE1,UPSSAF,S102,2044,1.0
RE1,UPSSAF,S102,2045,1.0
RE1,UPSSAF,S102,2046,1.0
RE1,UPSSAF,S102,2047,1.0
RE1,UPSSAF,S102,2048,1.0
RE1,UPSSAF,S102,2049,1.0
RE1,UPSSAF,S102,2050,1.0
RE1,UPSSAF,S102,2051,1.0
RE1,UPSSAF,S102,2052,1.0
RE1,UPSSAF,S102,2053,1.0
RE1,UPSSAF,S102,2054,1.0
RE1,UPSSAF,S102,2055,1.0
RE1,UPSSMR,S101,2022,1.0
RE1,UPSSMR,S101,2023,1.0
RE1,UPSSMR,S101,2024,1.0
RE1,UPSSMR,S101,2025,1.0
RE1,UPSSMR,S101,2026,1.0
RE1,UPSSMR,S101,2027,1.0
RE1,UPSSMR,S101,2028,1.0
RE1,UPSSMR,S101,2029,1.0
RE1,UPSSMR,S101,2030,1.0
RE1,UPSSMR,S101,2031,1.0
RE1,UPSSMR,S101,2032,1.0
RE1,UPSSMR,S101,2033,1.0
RE1,UPSSMR,S101,2034,1.0
RE1,UPSSMR,S101,2035,1.0
RE1,UPSSMR,S101,2036,1.0
RE1,UPSSMR,S101,2037,1.0
RE1,UPSSMR,S101,2038,1.0
RE1,UPSSMR,S101,2039,1.0
RE1,UPSSMR,S101,2040,1.0
RE1,UPSSMR,S101,2041,1.0
RE1,UPSSMR,S101,2042,1.0
RE1,UPSSMR,S101,2043,1.0
RE1,UPSSMR,S101,2044,1.0
RE1,UPSSMR,S101,2045,1.0
RE1,UPSSMR,S101,2046,1.0
RE1,UPSSMR,S101,2047,1.0
RE1,UPSSMR,S101,2048,1.0
RE1,UPSSMR,S101,2049,1.0
RE1,UPSSMR,S101,2050,1.0
RE1,UPSSMR,S101,2051,1.0
RE1,UPSSMR,S101,2052,1.0
RE1,UPSSMR,S101,2053,1.0
RE1,UPSSMR,S101,2054,1.0
RE1,UPSSMR,S101,2055,1.0
RE1,UPSSMR,S102,2022,1.0
RE1,UPSSMR,S102,2023,1.0
RE1,UPSSMR,S102,2024,1.0
RE1,UPSSMR,S102,2025,1.0
RE1,UPSSMR,S102,2026,1.0
RE1,UPSSMR,S102,2027,1.0
RE1,UPSSMR,S102,2028,1.0
RE1,UPSSMR,S102,2029,1.0
RE1,UPSSMR,S102,2030,1.0
RE1,UPSSMR,S102,2031,1.0
RE1,UPSSMR,S102,2032,1.0
RE1,UPSSMR,S102,2033,1.0
RE1,UPSSMR,S102,2034,1.0
RE1,UPSSMR,S102,2035,1.0
RE1,UPSSMR,S102,2036,1.0
RE1,UPSSMR,S102,2037,1.0
RE1,UPSSMR,S102,2038,1.0
RE1,UPSSMR,S102,2039,1.0
RE1,UPSSMR,S102,2040,1.0
RE1,UPSSMR,S102,2041,1.0
RE1,UPSSMR,S102,2042,1.0
RE1,UPSSMR,S102,2043,1.0
RE1,UPSSMR,S102,2044,1.0
RE1,UPSSMR,S102,2045,1.0
RE1,UPSSMR,S102,2046,1.0
RE1,UPSSMR,S102,2047,1.0
RE1,UPSSMR,S102,2048,1.0
RE1,UPSSMR,S102,2049,1.0
RE1,UPSSMR,S102,2050,1.0
RE1,UPSSMR,S102,2051,1.0
RE1,UPSSMR,S102,2052,1.0
RE1,UPSSMR,S102,2053,1.0
RE1,UPSSMR,S102,2054,1.0
RE1,UPSSMR,S102,2055,1.0
RE1,UPSSMRCCS,S101,2022,1.0
RE1,UPSSMRCCS,S101,2023,1.0
RE1,UPSSMRCCS,S101,2024,1.0
RE1,UPSSMRCCS,S101,2025,1.0
RE1,UPSSMRCCS,S101,2026,1.0
RE1,UPSSMRCCS,S101,2027,1.0
RE1,UPSSMRCCS,S101,2028,1.0
RE1,UPSSMRCCS,S101,2029,1.0
RE1,UPSSMRCCS,S101,2030,1.0
RE1,UPSSMRCCS,S101,2031,1.0
RE1,UPSSMRCCS,S101,2032,1.0
RE1,UPSSMRCCS,S101,2033,1.0
RE1,UPSSMRCCS,S101,2034,1.0
RE1,UPSSMRCCS,S101,2035,1.0
RE1,UPSSMRCCS,S101,2036,1.0
RE1,UPSSMRCCS,S101,2037,1.0
RE1,UPSSMRCCS,S101,2038,1.0
RE1,UPSSMRCCS,S101,2039,1.0
RE1,UPSSMRCCS,S101,2040,1.0
RE1,UPSSMRCCS,S101,2041,1.0
RE1,UPSSMRCCS,S101,2042,1.0
RE1,UPSSMRCCS,S101,2043,1.0
RE1,UPSSMRCCS,S101,2044,1.0
RE1,UPSSMRCCS,S101,2045,1.0
RE1,UPSSMRCCS,S101,2046,1.0
RE1,UPSSMRCCS,S101,2047,1.0
RE1,UPSSMRCCS,S101,2048,1.0
RE1,UPSSMRCCS,S101,2049,1.0
RE1,UPSSMRCCS,S101,2050,1.0
RE1,UPSSMRCCS,S101,2051,1.0
RE1,UPSSMRCCS,S101,2052,1.0
RE1,UPSSMRCCS,S101,2053,1.0
RE1,UPSSMRCCS,S101,2054,1.0
RE1,UPSSMRCCS,S101,2055,1.0
RE1,UPSSMRCCS,S102,2022,1.0
RE1,UPSSMRCCS,S102,2023,1.0
RE1,UPSSMRCCS,S102,2024,1.0
RE1,UPSSMRCCS,S102,2025,1.0
RE1,UPSSMRCCS,S102,2026,1.0
RE1,UPSSMRCCS,S102,2027,1.0
RE1,UPSSMRCCS,S102,2028,1.0
RE1,UPSSMRCCS,S102,2029,1.0
RE1,UPSSMRCCS,S102,2030,1.0
RE1,UPSSMRCCS,S102,2031,1.0
RE1,UPSSMRCCS,S102,2032,1.0
RE1,UPSSMRCCS,S102,2033,1.0
RE1,UPSSMRCCS,S102,2034,1.0
RE1,UPSSMRCCS,S102,2035,1.0
RE1,UPSSMRCCS,S102,2036,1.0
RE1,UPSSMRCCS,S102,2037,1.0
RE1,UPSSMRCCS,S102,2038,1.0
RE1,UPSSMRCCS,S102,2039,1.0
RE1,UPSSMRCCS,S102,2040,1.0
RE1,UPSSMRCCS,S102,2041,1.0
RE1,UPSSMRCCS,S102,2042,1.0
RE1,UPSSMRCCS,S102,2043,1.0
RE1,UPSSMRCCS,S102,2044,1.0
RE1,UPSSMRCCS,S102,2045,1.0
RE1,UPSSMRCCS,S102,2046,1.0
RE1,UPSSMRCCS,S102,2047,1.0
RE1,UPSSMRCCS,S102,2048,1.0
RE1,UPSSMRCCS,S102,2049,1.0
RE1,UPSSMRCCS,S102,2050,1.0
RE1,UPSSMRCCS,S102,2051,1.0
RE1,UPSSMRCCS,S102,2052,1.0
RE1,UPSSMRCCS,S102,2053,1.0
RE1,UPSSMRCCS,S102,2054,1.0
RE1,UPSSMRCCS,S102,2055,1.0
