REGION,TECHNOLOGY,FUEL,MODE_OF_OPERATION,YEAR,VALUE
RE1,DEMAGFDSL,DSL,1.0,2022,1.0
RE1,DEMAGFDSL,DSL,1.0,2023,1.0
RE1,DEMAGFDSL,DSL,1.0,2024,1.0
RE1,DEMAGFDSL,DSL,1.0,2025,1.0
RE1,DEMAGFDSL,DSL,1.0,2026,1.0
RE1,DEMAGFDSL,DSL,1.0,2027,1.0
RE1,DEMAGFDSL,DSL,1.0,2028,1.0
RE1,DEMAGFDSL,DSL,1.0,2029,1.0
RE1,DEMAGFDSL,DSL,1.0,2030,1.0
RE1,DEMAGFDSL,DSL,1.0,2031,1.0
RE1,DEMAGFDSL,DSL,1.0,2032,1.0
RE1,DEMAGFDSL,DSL,1.0,2033,1.0
RE1,DEMAGFDSL,DSL,1.0,2034,1.0
RE1,DEMAGFDSL,DSL,1.0,2035,1.0
RE1,DEMAGFDSL,DSL,1.0,2036,1.0
RE1,DEMAGFDSL,DSL,1.0,2037,1.0
RE1,DEMAGFDSL,DSL,1.0,2038,1.0
RE1,DEMAGFDSL,DSL,1.0,2039,1.0
RE1,DEMAGFDSL,DSL,1.0,2040,1.0
RE1,DEMAGFDSL,DSL,1.0,2041,1.0
RE1,DEMAGFDSL,DSL,1.0,2042,1.0
RE1,DEMAGFDSL,DSL,1.0,2043,1.0
RE1,DEMAGFDSL,DSL,1.0,2044,1.0
RE1,DEMAGFDSL,DSL,1.0,2045,1.0
RE1,DEMAGFDSL,DSL,1.0,2046,1.0
RE1,DEMAGFDSL,DSL,1.0,2047,1.0
RE1,DEMAGFDSL,DSL,1.0,2048,1.0
RE1,DEMAGFDSL,DSL,1.0,2049,1.0
RE1,DEMAGFDSL,DSL,1.0,2050,1.0
RE1,DEMAGFDSL,DSL,1.0,2051,1.0
RE1,DEMAGFDSL,DSL,1.0,2052,1.0
RE1,DEMAGFDSL,DSL,1.0,2053,1.0
RE1,DEMAGFDSL,DSL,1.0,2054,1.0
RE1,DEMAGFDSL,DSL,1.0,2055,1.0
RE1,DEMAGFELC,ELC002,1.0,2022,1.0
RE1,DEMAGFELC,ELC002,1.0,2023,1.0
RE1,DEMAGFELC,ELC002,1.0,2024,1.0
RE1,DEMAGFELC,ELC002,1.0,2025,1.0
RE1,DEMAGFELC,ELC002,1.0,2026,1.0
RE1,DEMAGFELC,ELC002,1.0,2027,1.0
RE1,DEMAGFELC,ELC002,1.0,2028,1.0
RE1,DEMAGFELC,ELC002,1.0,2029,1.0
RE1,DEMAGFELC,ELC002,1.0,2030,1.0
RE1,DEMAGFELC,ELC002,1.0,2031,1.0
RE1,DEMAGFELC,ELC002,1.0,2032,1.0
RE1,DEMAGFELC,ELC002,1.0,2033,1.0
RE1,DEMAGFELC,ELC002,1.0,2034,1.0
RE1,DEMAGFELC,ELC002,1.0,2035,1.0
RE1,DEMAGFELC,ELC002,1.0,2036,1.0
RE1,DEMAGFELC,ELC002,1.0,2037,1.0
RE1,DEMAGFELC,ELC002,1.0,2038,1.0
RE1,DEMAGFELC,ELC002,1.0,2039,1.0
RE1,DEMAGFELC,ELC002,1.0,2040,1.0
RE1,DEMAGFELC,ELC002,1.0,2041,1.0
RE1,DEMAGFELC,ELC002,1.0,2042,1.0
RE1,DEMAGFELC,ELC002,1.0,2043,1.0
RE1,DEMAGFELC,ELC002,1.0,2044,1.0
RE1,DEMAGFELC,ELC002,1.0,2045,1.0
RE1,DEMAGFELC,ELC002,1.0,2046,1.0
RE1,DEMAGFELC,ELC002,1.0,2047,1.0
RE1,DEMAGFELC,ELC002,1.0,2048,1.0
RE1,DEMAGFELC,ELC002,1.0,2049,1.0
RE1,DEMAGFELC,ELC002,1.0,2050,1.0
RE1,DEMAGFELC,ELC002,1.0,2051,1.0
RE1,DEMAGFELC,ELC002,1.0,2052,1.0
RE1,DEMAGFELC,ELC002,1.0,2053,1.0
RE1,DEMAGFELC,ELC002,1.0,2054,1.0
RE1,DEMAGFELC,ELC002,1.0,2055,1.0
RE1,DEMAGFGSL,GSL,1.0,2022,1.0
RE1,DEMAGFGSL,GSL,1.0,2023,1.0
RE1,DEMAGFGSL,GSL,1.0,2024,1.0
RE1,DEMAGFGSL,GSL,1.0,2025,1.0
RE1,DEMAGFGSL,GSL,1.0,2026,1.0
RE1,DEMAGFGSL,GSL,1.0,2027,1.0
RE1,DEMAGFGSL,GSL,1.0,2028,1.0
RE1,DEMAGFGSL,GSL,1.0,2029,1.0
RE1,DEMAGFGSL,GSL,1.0,2030,1.0
RE1,DEMAGFGSL,GSL,1.0,2031,1.0
RE1,DEMAGFGSL,GSL,1.0,2032,1.0
RE1,DEMAGFGSL,GSL,1.0,2033,1.0
RE1,DEMAGFGSL,GSL,1.0,2034,1.0
RE1,DEMAGFGSL,GSL,1.0,2035,1.0
RE1,DEMAGFGSL,GSL,1.0,2036,1.0
RE1,DEMAGFGSL,GSL,1.0,2037,1.0
RE1,DEMAGFGSL,GSL,1.0,2038,1.0
RE1,DEMAGFGSL,GSL,1.0,2039,1.0
RE1,DEMAGFGSL,GSL,1.0,2040,1.0
RE1,DEMAGFGSL,GSL,1.0,2041,1.0
RE1,DEMAGFGSL,GSL,1.0,2042,1.0
RE1,DEMAGFGSL,GSL,1.0,2043,1.0
RE1,DEMAGFGSL,GSL,1.0,2044,1.0
RE1,DEMAGFGSL,GSL,1.0,2045,1.0
RE1,DEMAGFGSL,GSL,1.0,2046,1.0
RE1,DEMAGFGSL,GSL,1.0,2047,1.0
RE1,DEMAGFGSL,GSL,1.0,2048,1.0
RE1,DEMAGFGSL,GSL,1.0,2049,1.0
RE1,DEMAGFGSL,GSL,1.0,2050,1.0
RE1,DEMAGFGSL,GSL,1.0,2051,1.0
RE1,DEMAGFGSL,GSL,1.0,2052,1.0
RE1,DEMAGFGSL,GSL,1.0,2053,1.0
RE1,DEMAGFGSL,GSL,1.0,2054,1.0
RE1,DEMAGFGSL,GSL,1.0,2055,1.0
RE1,DEMAGFNGS,NGS002,1.0,2022,1.0
RE1,DEMAGFNGS,NGS002,1.0,2023,1.0
RE1,DEMAGFNGS,NGS002,1.0,2024,1.0
RE1,DEMAGFNGS,NGS002,1.0,2025,1.0
RE1,DEMAGFNGS,NGS002,1.0,2026,1.0
RE1,DEMAGFNGS,NGS002,1.0,2027,1.0
RE1,DEMAGFNGS,NGS002,1.0,2028,1.0
RE1,DEMAGFNGS,NGS002,1.0,2029,1.0
RE1,DEMAGFNGS,NGS002,1.0,2030,1.0
RE1,DEMAGFNGS,NGS002,1.0,2031,1.0
RE1,DEMAGFNGS,NGS002,1.0,2032,1.0
RE1,DEMAGFNGS,NGS002,1.0,2033,1.0
RE1,DEMAGFNGS,NGS002,1.0,2034,1.0
RE1,DEMAGFNGS,NGS002,1.0,2035,1.0
RE1,DEMAGFNGS,NGS002,1.0,2036,1.0
RE1,DEMAGFNGS,NGS002,1.0,2037,1.0
RE1,DEMAGFNGS,NGS002,1.0,2038,1.0
RE1,DEMAGFNGS,NGS002,1.0,2039,1.0
RE1,DEMAGFNGS,NGS002,1.0,2040,1.0
RE1,DEMAGFNGS,NGS002,1.0,2041,1.0
RE1,DEMAGFNGS,NGS002,1.0,2042,1.0
RE1,DEMAGFNGS,NGS002,1.0,2043,1.0
RE1,DEMAGFNGS,NGS002,1.0,2044,1.0
RE1,DEMAGFNGS,NGS002,1.0,2045,1.0
RE1,DEMAGFNGS,NGS002,1.0,2046,1.0
RE1,DEMAGFNGS,NGS002,1.0,2047,1.0
RE1,DEMAGFNGS,NGS002,1.0,2048,1.0
RE1,DEMAGFNGS,NGS002,1.0,2049,1.0
RE1,DEMAGFNGS,NGS002,1.0,2050,1.0
RE1,DEMAGFNGS,NGS002,1.0,2051,1.0
RE1,DEMAGFNGS,NGS002,1.0,2052,1.0
RE1,DEMAGFNGS,NGS002,1.0,2053,1.0
RE1,DEMAGFNGS,NGS002,1.0,2054,1.0
RE1,DEMAGFNGS,NGS002,1.0,2055,1.0
RE1,DEMAGFWOO,WOO,1.0,2022,1.0
RE1,DEMAGFWOO,WOO,1.0,2023,1.0
RE1,DEMAGFWOO,WOO,1.0,2024,1.0
RE1,DEMAGFWOO,WOO,1.0,2025,1.0
RE1,DEMAGFWOO,WOO,1.0,2026,1.0
RE1,DEMAGFWOO,WOO,1.0,2027,1.0
RE1,DEMAGFWOO,WOO,1.0,2028,1.0
RE1,DEMAGFWOO,WOO,1.0,2029,1.0
RE1,DEMAGFWOO,WOO,1.0,2030,1.0
RE1,DEMAGFWOO,WOO,1.0,2031,1.0
RE1,DEMAGFWOO,WOO,1.0,2032,1.0
RE1,DEMAGFWOO,WOO,1.0,2033,1.0
RE1,DEMAGFWOO,WOO,1.0,2034,1.0
RE1,DEMAGFWOO,WOO,1.0,2035,1.0
RE1,DEMAGFWOO,WOO,1.0,2036,1.0
RE1,DEMAGFWOO,WOO,1.0,2037,1.0
RE1,DEMAGFWOO,WOO,1.0,2038,1.0
RE1,DEMAGFWOO,WOO,1.0,2039,1.0
RE1,DEMAGFWOO,WOO,1.0,2040,1.0
RE1,DEMAGFWOO,WOO,1.0,2041,1.0
RE1,DEMAGFWOO,WOO,1.0,2042,1.0
RE1,DEMAGFWOO,WOO,1.0,2043,1.0
RE1,DEMAGFWOO,WOO,1.0,2044,1.0
RE1,DEMAGFWOO,WOO,1.0,2045,1.0
RE1,DEMAGFWOO,WOO,1.0,2046,1.0
RE1,DEMAGFWOO,WOO,1.0,2047,1.0
RE1,DEMAGFWOO,WOO,1.0,2048,1.0
RE1,DEMAGFWOO,WOO,1.0,2049,1.0
RE1,DEMAGFWOO,WOO,1.0,2050,1.0
RE1,DEMAGFWOO,WOO,1.0,2051,1.0
RE1,DEMAGFWOO,WOO,1.0,2052,1.0
RE1,DEMAGFWOO,WOO,1.0,2053,1.0
RE1,DEMAGFWOO,WOO,1.0,2054,1.0
RE1,DEMAGFWOO,WOO,1.0,2055,1.0
RE1,DEMCONSDSL,DSL002,1.0,2022,1.0
RE1,DEMCONSDSL,DSL002,1.0,2023,1.0
RE1,DEMCONSDSL,DSL002,1.0,2024,1.0
RE1,DEMCONSDSL,DSL002,1.0,2025,1.0
RE1,DEMCONSDSL,DSL002,1.0,2026,1.0
RE1,DEMCONSDSL,DSL002,1.0,2027,1.0
RE1,DEMCONSDSL,DSL002,1.0,2028,1.0
RE1,DEMCONSDSL,DSL002,1.0,2029,1.0
RE1,DEMCONSDSL,DSL002,1.0,2030,1.0
RE1,DEMCONSDSL,DSL002,1.0,2031,1.0
RE1,DEMCONSDSL,DSL002,1.0,2032,1.0
RE1,DEMCONSDSL,DSL002,1.0,2033,1.0
RE1,DEMCONSDSL,DSL002,1.0,2034,1.0
RE1,DEMCONSDSL,DSL002,1.0,2035,1.0
RE1,DEMCONSDSL,DSL002,1.0,2036,1.0
RE1,DEMCONSDSL,DSL002,1.0,2037,1.0
RE1,DEMCONSDSL,DSL002,1.0,2038,1.0
RE1,DEMCONSDSL,DSL002,1.0,2039,1.0
RE1,DEMCONSDSL,DSL002,1.0,2040,1.0
RE1,DEMCONSDSL,DSL002,1.0,2041,1.0
RE1,DEMCONSDSL,DSL002,1.0,2042,1.0
RE1,DEMCONSDSL,DSL002,1.0,2043,1.0
RE1,DEMCONSDSL,DSL002,1.0,2044,1.0
RE1,DEMCONSDSL,DSL002,1.0,2045,1.0
RE1,DEMCONSDSL,DSL002,1.0,2046,1.0
RE1,DEMCONSDSL,DSL002,1.0,2047,1.0
RE1,DEMCONSDSL,DSL002,1.0,2048,1.0
RE1,DEMCONSDSL,DSL002,1.0,2049,1.0
RE1,DEMCONSDSL,DSL002,1.0,2050,1.0
RE1,DEMCONSDSL,DSL002,1.0,2051,1.0
RE1,DEMCONSDSL,DSL002,1.0,2052,1.0
RE1,DEMCONSDSL,DSL002,1.0,2053,1.0
RE1,DEMCONSDSL,DSL002,1.0,2054,1.0
RE1,DEMCONSDSL,DSL002,1.0,2055,1.0
RE1,DEMCONSELC,ELC002,1.0,2022,1.0
RE1,DEMCONSELC,ELC002,1.0,2023,1.0
RE1,DEMCONSELC,ELC002,1.0,2024,1.0
RE1,DEMCONSELC,ELC002,1.0,2025,1.0
RE1,DEMCONSELC,ELC002,1.0,2026,1.0
RE1,DEMCONSELC,ELC002,1.0,2027,1.0
RE1,DEMCONSELC,ELC002,1.0,2028,1.0
RE1,DEMCONSELC,ELC002,1.0,2029,1.0
RE1,DEMCONSELC,ELC002,1.0,2030,1.0
RE1,DEMCONSELC,ELC002,1.0,2031,1.0
RE1,DEMCONSELC,ELC002,1.0,2032,1.0
RE1,DEMCONSELC,ELC002,1.0,2033,1.0
RE1,DEMCONSELC,ELC002,1.0,2034,1.0
RE1,DEMCONSELC,ELC002,1.0,2035,1.0
RE1,DEMCONSELC,ELC002,1.0,2036,1.0
RE1,DEMCONSELC,ELC002,1.0,2037,1.0
RE1,DEMCONSELC,ELC002,1.0,2038,1.0
RE1,DEMCONSELC,ELC002,1.0,2039,1.0
RE1,DEMCONSELC,ELC002,1.0,2040,1.0
RE1,DEMCONSELC,ELC002,1.0,2041,1.0
RE1,DEMCONSELC,ELC002,1.0,2042,1.0
RE1,DEMCONSELC,ELC002,1.0,2043,1.0
RE1,DEMCONSELC,ELC002,1.0,2044,1.0
RE1,DEMCONSELC,ELC002,1.0,2045,1.0
RE1,DEMCONSELC,ELC002,1.0,2046,1.0
RE1,DEMCONSELC,ELC002,1.0,2047,1.0
RE1,DEMCONSELC,ELC002,1.0,2048,1.0
RE1,DEMCONSELC,ELC002,1.0,2049,1.0
RE1,DEMCONSELC,ELC002,1.0,2050,1.0
RE1,DEMCONSELC,ELC002,1.0,2051,1.0
RE1,DEMCONSELC,ELC002,1.0,2052,1.0
RE1,DEMCONSELC,ELC002,1.0,2053,1.0
RE1,DEMCONSELC,ELC002,1.0,2054,1.0
RE1,DEMCONSELC,ELC002,1.0,2055,1.0
RE1,DEMCONSGSL,GSL002,1.0,2022,1.0
RE1,DEMCONSGSL,GSL002,1.0,2023,1.0
RE1,DEMCONSGSL,GSL002,1.0,2024,1.0
RE1,DEMCONSGSL,GSL002,1.0,2025,1.0
RE1,DEMCONSGSL,GSL002,1.0,2026,1.0
RE1,DEMCONSGSL,GSL002,1.0,2027,1.0
RE1,DEMCONSGSL,GSL002,1.0,2028,1.0
RE1,DEMCONSGSL,GSL002,1.0,2029,1.0
RE1,DEMCONSGSL,GSL002,1.0,2030,1.0
RE1,DEMCONSGSL,GSL002,1.0,2031,1.0
RE1,DEMCONSGSL,GSL002,1.0,2032,1.0
RE1,DEMCONSGSL,GSL002,1.0,2033,1.0
RE1,DEMCONSGSL,GSL002,1.0,2034,1.0
RE1,DEMCONSGSL,GSL002,1.0,2035,1.0
RE1,DEMCONSGSL,GSL002,1.0,2036,1.0
RE1,DEMCONSGSL,GSL002,1.0,2037,1.0
RE1,DEMCONSGSL,GSL002,1.0,2038,1.0
RE1,DEMCONSGSL,GSL002,1.0,2039,1.0
RE1,DEMCONSGSL,GSL002,1.0,2040,1.0
RE1,DEMCONSGSL,GSL002,1.0,2041,1.0
RE1,DEMCONSGSL,GSL002,1.0,2042,1.0
RE1,DEMCONSGSL,GSL002,1.0,2043,1.0
RE1,DEMCONSGSL,GSL002,1.0,2044,1.0
RE1,DEMCONSGSL,GSL002,1.0,2045,1.0
RE1,DEMCONSGSL,GSL002,1.0,2046,1.0
RE1,DEMCONSGSL,GSL002,1.0,2047,1.0
RE1,DEMCONSGSL,GSL002,1.0,2048,1.0
RE1,DEMCONSGSL,GSL002,1.0,2049,1.0
RE1,DEMCONSGSL,GSL002,1.0,2050,1.0
RE1,DEMCONSGSL,GSL002,1.0,2051,1.0
RE1,DEMCONSGSL,GSL002,1.0,2052,1.0
RE1,DEMCONSGSL,GSL002,1.0,2053,1.0
RE1,DEMCONSGSL,GSL002,1.0,2054,1.0
RE1,DEMCONSGSL,GSL002,1.0,2055,1.0
RE1,DEMCONSNGS,NGS002,1.0,2022,1.0
RE1,DEMCONSNGS,NGS002,1.0,2023,1.0
RE1,DEMCONSNGS,NGS002,1.0,2024,1.0
RE1,DEMCONSNGS,NGS002,1.0,2025,1.0
RE1,DEMCONSNGS,NGS002,1.0,2026,1.0
RE1,DEMCONSNGS,NGS002,1.0,2027,1.0
RE1,DEMCONSNGS,NGS002,1.0,2028,1.0
RE1,DEMCONSNGS,NGS002,1.0,2029,1.0
RE1,DEMCONSNGS,NGS002,1.0,2030,1.0
RE1,DEMCONSNGS,NGS002,1.0,2031,1.0
RE1,DEMCONSNGS,NGS002,1.0,2032,1.0
RE1,DEMCONSNGS,NGS002,1.0,2033,1.0
RE1,DEMCONSNGS,NGS002,1.0,2034,1.0
RE1,DEMCONSNGS,NGS002,1.0,2035,1.0
RE1,DEMCONSNGS,NGS002,1.0,2036,1.0
RE1,DEMCONSNGS,NGS002,1.0,2037,1.0
RE1,DEMCONSNGS,NGS002,1.0,2038,1.0
RE1,DEMCONSNGS,NGS002,1.0,2039,1.0
RE1,DEMCONSNGS,NGS002,1.0,2040,1.0
RE1,DEMCONSNGS,NGS002,1.0,2041,1.0
RE1,DEMCONSNGS,NGS002,1.0,2042,1.0
RE1,DEMCONSNGS,NGS002,1.0,2043,1.0
RE1,DEMCONSNGS,NGS002,1.0,2044,1.0
RE1,DEMCONSNGS,NGS002,1.0,2045,1.0
RE1,DEMCONSNGS,NGS002,1.0,2046,1.0
RE1,DEMCONSNGS,NGS002,1.0,2047,1.0
RE1,DEMCONSNGS,NGS002,1.0,2048,1.0
RE1,DEMCONSNGS,NGS002,1.0,2049,1.0
RE1,DEMCONSNGS,NGS002,1.0,2050,1.0
RE1,DEMCONSNGS,NGS002,1.0,2051,1.0
RE1,DEMCONSNGS,NGS002,1.0,2052,1.0
RE1,DEMCONSNGS,NGS002,1.0,2053,1.0
RE1,DEMCONSNGS,NGS002,1.0,2054,1.0
RE1,DEMCONSNGS,NGS002,1.0,2055,1.0
RE1,DEMCOQDSL,DSL,1.0,2022,1.0
RE1,DEMCOQDSL,DSL,1.0,2023,1.0
RE1,DEMCOQDSL,DSL,1.0,2024,1.0
RE1,DEMCOQDSL,DSL,1.0,2025,1.0
RE1,DEMCOQDSL,DSL,1.0,2026,1.0
RE1,DEMCOQDSL,DSL,1.0,2027,1.0
RE1,DEMCOQDSL,DSL,1.0,2028,1.0
RE1,DEMCOQDSL,DSL,1.0,2029,1.0
RE1,DEMCOQDSL,DSL,1.0,2030,1.0
RE1,DEMCOQDSL,DSL,1.0,2031,1.0
RE1,DEMCOQDSL,DSL,1.0,2032,1.0
RE1,DEMCOQDSL,DSL,1.0,2033,1.0
RE1,DEMCOQDSL,DSL,1.0,2034,1.0
RE1,DEMCOQDSL,DSL,1.0,2035,1.0
RE1,DEMCOQDSL,DSL,1.0,2036,1.0
RE1,DEMCOQDSL,DSL,1.0,2037,1.0
RE1,DEMCOQDSL,DSL,1.0,2038,1.0
RE1,DEMCOQDSL,DSL,1.0,2039,1.0
RE1,DEMCOQDSL,DSL,1.0,2040,1.0
RE1,DEMCOQDSL,DSL,1.0,2041,1.0
RE1,DEMCOQDSL,DSL,1.0,2042,1.0
RE1,DEMCOQDSL,DSL,1.0,2043,1.0
RE1,DEMCOQDSL,DSL,1.0,2044,1.0
RE1,DEMCOQDSL,DSL,1.0,2045,1.0
RE1,DEMCOQDSL,DSL,1.0,2046,1.0
RE1,DEMCOQDSL,DSL,1.0,2047,1.0
RE1,DEMCOQDSL,DSL,1.0,2048,1.0
RE1,DEMCOQDSL,DSL,1.0,2049,1.0
RE1,DEMCOQDSL,DSL,1.0,2050,1.0
RE1,DEMCOQDSL,DSL,1.0,2051,1.0
RE1,DEMCOQDSL,DSL,1.0,2052,1.0
RE1,DEMCOQDSL,DSL,1.0,2053,1.0
RE1,DEMCOQDSL,DSL,1.0,2054,1.0
RE1,DEMCOQDSL,DSL,1.0,2055,1.0
RE1,DEMCOQGSL,GSL,1.0,2022,1.0
RE1,DEMCOQGSL,GSL,1.0,2023,1.0
RE1,DEMCOQGSL,GSL,1.0,2024,1.0
RE1,DEMCOQGSL,GSL,1.0,2025,1.0
RE1,DEMCOQGSL,GSL,1.0,2026,1.0
RE1,DEMCOQGSL,GSL,1.0,2027,1.0
RE1,DEMCOQGSL,GSL,1.0,2028,1.0
RE1,DEMCOQGSL,GSL,1.0,2029,1.0
RE1,DEMCOQGSL,GSL,1.0,2030,1.0
RE1,DEMCOQGSL,GSL,1.0,2031,1.0
RE1,DEMCOQGSL,GSL,1.0,2032,1.0
RE1,DEMCOQGSL,GSL,1.0,2033,1.0
RE1,DEMCOQGSL,GSL,1.0,2034,1.0
RE1,DEMCOQGSL,GSL,1.0,2035,1.0
RE1,DEMCOQGSL,GSL,1.0,2036,1.0
RE1,DEMCOQGSL,GSL,1.0,2037,1.0
RE1,DEMCOQGSL,GSL,1.0,2038,1.0
RE1,DEMCOQGSL,GSL,1.0,2039,1.0
RE1,DEMCOQGSL,GSL,1.0,2040,1.0
RE1,DEMCOQGSL,GSL,1.0,2041,1.0
RE1,DEMCOQGSL,GSL,1.0,2042,1.0
RE1,DEMCOQGSL,GSL,1.0,2043,1.0
RE1,DEMCOQGSL,GSL,1.0,2044,1.0
RE1,DEMCOQGSL,GSL,1.0,2045,1.0
RE1,DEMCOQGSL,GSL,1.0,2046,1.0
RE1,DEMCOQGSL,GSL,1.0,2047,1.0
RE1,DEMCOQGSL,GSL,1.0,2048,1.0
RE1,DEMCOQGSL,GSL,1.0,2049,1.0
RE1,DEMCOQGSL,GSL,1.0,2050,1.0
RE1,DEMCOQGSL,GSL,1.0,2051,1.0
RE1,DEMCOQGSL,GSL,1.0,2052,1.0
RE1,DEMCOQGSL,GSL,1.0,2053,1.0
RE1,DEMCOQGSL,GSL,1.0,2054,1.0
RE1,DEMCOQGSL,GSL,1.0,2055,1.0
RE1,DEMDERHDG,HDG,1.0,2022,1.0
RE1,DEMDERHDG,HDG,1.0,2023,1.0
RE1,DEMDERHDG,HDG,1.0,2024,1.0
RE1,DEMDERHDG,HDG,1.0,2025,1.0
RE1,DEMDERHDG,HDG,1.0,2026,1.0
RE1,DEMDERHDG,HDG,1.0,2027,1.0
RE1,DEMDERHDG,HDG,1.0,2028,1.0
RE1,DEMDERHDG,HDG,1.0,2029,1.0
RE1,DEMDERHDG,HDG,1.0,2030,1.0
RE1,DEMDERHDG,HDG,1.0,2031,1.0
RE1,DEMDERHDG,HDG,1.0,2032,1.0
RE1,DEMDERHDG,HDG,1.0,2033,1.0
RE1,DEMDERHDG,HDG,1.0,2034,1.0
RE1,DEMDERHDG,HDG,1.0,2035,1.0
RE1,DEMDERHDG,HDG,1.0,2036,1.0
RE1,DEMDERHDG,HDG,1.0,2037,1.0
RE1,DEMDERHDG,HDG,1.0,2038,1.0
RE1,DEMDERHDG,HDG,1.0,2039,1.0
RE1,DEMDERHDG,HDG,1.0,2040,1.0
RE1,DEMDERHDG,HDG,1.0,2041,1.0
RE1,DEMDERHDG,HDG,1.0,2042,1.0
RE1,DEMDERHDG,HDG,1.0,2043,1.0
RE1,DEMDERHDG,HDG,1.0,2044,1.0
RE1,DEMDERHDG,HDG,1.0,2045,1.0
RE1,DEMDERHDG,HDG,1.0,2046,1.0
RE1,DEMDERHDG,HDG,1.0,2047,1.0
RE1,DEMDERHDG,HDG,1.0,2048,1.0
RE1,DEMDERHDG,HDG,1.0,2049,1.0
RE1,DEMDERHDG,HDG,1.0,2050,1.0
RE1,DEMDERHDG,HDG,1.0,2051,1.0
RE1,DEMDERHDG,HDG,1.0,2052,1.0
RE1,DEMDERHDG,HDG,1.0,2053,1.0
RE1,DEMDERHDG,HDG,1.0,2054,1.0
RE1,DEMDERHDG,HDG,1.0,2055,1.0
RE1,DEMINDBAGBOI_HIG,BAG,1.0,2022,1.111111111111111
RE1,DEMINDBAGBOI_HIG,BAG,1.0,2023,1.111111111111111
RE1,DEMINDBAGBOI_HIG,BAG,1.0,2024,1.111111111111111
RE1,DEMINDBAGBOI_HIG,BAG,1.0,2025,1.111111111111111
RE1,DEMINDBAGBOI_HIG,BAG,1.0,2026,1.111111111111111
RE1,DEMINDBAGBOI_HIG,BAG,1.0,2027,1.111111111111111
RE1,DEMINDBAGBOI_HIG,BAG,1.0,2028,1.111111111111111
RE1,DEMINDBAGBOI_HIG,BAG,1.0,2029,1.111111111111111
RE1,DEMINDBAGBOI_HIG,BAG,1.0,2030,1.111111111111111
RE1,DEMINDBAGBOI_HIG,BAG,1.0,2031,1.111111111111111
RE1,DEMINDBAGBOI_HIG,BAG,1.0,2032,1.111111111111111
RE1,DEMINDBAGBOI_HIG,BAG,1.0,2033,1.111111111111111
RE1,DEMINDBAGBOI_HIG,BAG,1.0,2034,1.111111111111111
RE1,DEMINDBAGBOI_HIG,BAG,1.0,2035,1.111111111111111
RE1,DEMINDBAGBOI_HIG,BAG,1.0,2036,1.111111111111111
RE1,DEMINDBAGBOI_HIG,BAG,1.0,2037,1.111111111111111
RE1,DEMINDBAGBOI_HIG,BAG,1.0,2038,1.111111111111111
RE1,DEMINDBAGBOI_HIG,BAG,1.0,2039,1.111111111111111
RE1,DEMINDBAGBOI_HIG,BAG,1.0,2040,1.111111111111111
RE1,DEMINDBAGBOI_HIG,BAG,1.0,2041,1.111111111111111
RE1,DEMINDBAGBOI_HIG,BAG,1.0,2042,1.111111111111111
RE1,DEMINDBAGBOI_HIG,BAG,1.0,2043,1.111111111111111
RE1,DEMINDBAGBOI_HIG,BAG,1.0,2044,1.111111111111111
RE1,DEMINDBAGBOI_HIG,BAG,1.0,2045,1.111111111111111
RE1,DEMINDBAGBOI_HIG,BAG,1.0,2046,1.111111111111111
RE1,DEMINDBAGBOI_HIG,BAG,1.0,2047,1.111111111111111
RE1,DEMINDBAGBOI_HIG,BAG,1.0,2048,1.111111111111111
RE1,DEMINDBAGBOI_HIG,BAG,1.0,2049,1.111111111111111
RE1,DEMINDBAGBOI_HIG,BAG,1.0,2050,1.111111111111111
RE1,DEMINDBAGBOI_HIG,BAG,1.0,2051,1.111111111111111
RE1,DEMINDBAGBOI_HIG,BAG,1.0,2052,1.111111111111111
RE1,DEMINDBAGBOI_HIG,BAG,1.0,2053,1.111111111111111
RE1,DEMINDBAGBOI_HIG,BAG,1.0,2054,1.111111111111111
RE1,DEMINDBAGBOI_HIG,BAG,1.0,2055,1.111111111111111
RE1,DEMINDBAGBOI_LOW,BAG,1.0,2022,1.538461538461538
RE1,DEMINDBAGBOI_LOW,BAG,1.0,2023,1.538461538461538
RE1,DEMINDBAGBOI_LOW,BAG,1.0,2024,1.538461538461538
RE1,DEMINDBAGBOI_LOW,BAG,1.0,2025,1.538461538461538
RE1,DEMINDBAGBOI_LOW,BAG,1.0,2026,1.538461538461538
RE1,DEMINDBAGBOI_LOW,BAG,1.0,2027,1.538461538461538
RE1,DEMINDBAGBOI_LOW,BAG,1.0,2028,1.538461538461538
RE1,DEMINDBAGBOI_LOW,BAG,1.0,2029,1.538461538461538
RE1,DEMINDBAGBOI_LOW,BAG,1.0,2030,1.538461538461538
RE1,DEMINDBAGBOI_LOW,BAG,1.0,2031,1.538461538461538
RE1,DEMINDBAGBOI_LOW,BAG,1.0,2032,1.538461538461538
RE1,DEMINDBAGBOI_LOW,BAG,1.0,2033,1.538461538461538
RE1,DEMINDBAGBOI_LOW,BAG,1.0,2034,1.538461538461538
RE1,DEMINDBAGBOI_LOW,BAG,1.0,2035,1.538461538461538
RE1,DEMINDBAGBOI_LOW,BAG,1.0,2036,1.538461538461538
RE1,DEMINDBAGBOI_LOW,BAG,1.0,2037,1.538461538461538
RE1,DEMINDBAGBOI_LOW,BAG,1.0,2038,1.538461538461538
RE1,DEMINDBAGBOI_LOW,BAG,1.0,2039,1.538461538461538
RE1,DEMINDBAGBOI_LOW,BAG,1.0,2040,1.538461538461538
RE1,DEMINDBAGBOI_LOW,BAG,1.0,2041,1.538461538461538
RE1,DEMINDBAGBOI_LOW,BAG,1.0,2042,1.538461538461538
RE1,DEMINDBAGBOI_LOW,BAG,1.0,2043,1.538461538461538
RE1,DEMINDBAGBOI_LOW,BAG,1.0,2044,1.538461538461538
RE1,DEMINDBAGBOI_LOW,BAG,1.0,2045,1.538461538461538
RE1,DEMINDBAGBOI_LOW,BAG,1.0,2046,1.538461538461538
RE1,DEMINDBAGBOI_LOW,BAG,1.0,2047,1.538461538461538
RE1,DEMINDBAGBOI_LOW,BAG,1.0,2048,1.538461538461538
RE1,DEMINDBAGBOI_LOW,BAG,1.0,2049,1.538461538461538
RE1,DEMINDBAGBOI_LOW,BAG,1.0,2050,1.538461538461538
RE1,DEMINDBAGBOI_LOW,BAG,1.0,2051,1.538461538461538
RE1,DEMINDBAGBOI_LOW,BAG,1.0,2052,1.538461538461538
RE1,DEMINDBAGBOI_LOW,BAG,1.0,2053,1.538461538461538
RE1,DEMINDBAGBOI_LOW,BAG,1.0,2054,1.538461538461538
RE1,DEMINDBAGBOI_LOW,BAG,1.0,2055,1.538461538461538
RE1,DEMINDBAGBOI_MID,BAG,1.0,2022,1.533291871866628
RE1,DEMINDBAGBOI_MID,BAG,1.0,2023,1.530936088964237
RE1,DEMINDBAGBOI_MID,BAG,1.0,2024,1.527547809454725
RE1,DEMINDBAGBOI_MID,BAG,1.0,2025,1.522718762437479
RE1,DEMINDBAGBOI_MID,BAG,1.0,2026,1.515925034587994
RE1,DEMINDBAGBOI_MID,BAG,1.0,2027,1.506539752105732
RE1,DEMINDBAGBOI_MID,BAG,1.0,2028,1.493895295855627
RE1,DEMINDBAGBOI_MID,BAG,1.0,2029,1.477423192365256
RE1,DEMINDBAGBOI_MID,BAG,1.0,2030,1.456879978915995
RE1,DEMINDBAGBOI_MID,BAG,1.0,2031,1.432608061747483
RE1,DEMINDBAGBOI_MID,BAG,1.0,2032,1.405697258894912
RE1,DEMINDBAGBOI_MID,BAG,1.0,2033,1.377884946606958
RE1,DEMINDBAGBOI_MID,BAG,1.0,2034,1.351151838435045
RE1,DEMINDBAGBOI_MID,BAG,1.0,2035,1.327188667422295
RE1,DEMINDBAGBOI_MID,BAG,1.0,2036,1.307015855645881
RE1,DEMINDBAGBOI_MID,BAG,1.0,2037,1.290912464511758
RE1,DEMINDBAGBOI_MID,BAG,1.0,2038,1.27859408793679
RE1,DEMINDBAGBOI_MID,BAG,1.0,2039,1.269474899019042
RE1,DEMINDBAGBOI_MID,BAG,1.0,2040,1.262886536627227
RE1,DEMINDBAGBOI_MID,BAG,1.0,2041,1.258209958727538
RE1,DEMINDBAGBOI_MID,BAG,1.0,2042,1.254931873871653
RE1,DEMINDBAGBOI_MID,BAG,1.0,2043,1.252654267185714
RE1,DEMINDBAGBOI_MID,BAG,1.0,2044,1.251081479180933
RE1,DEMINDBAGBOI_MID,BAG,1.0,2045,1.25
RE1,DEMINDBAGBOI_MID,BAG,1.0,2046,1.25
RE1,DEMINDBAGBOI_MID,BAG,1.0,2047,1.25
RE1,DEMINDBAGBOI_MID,BAG,1.0,2048,1.25
RE1,DEMINDBAGBOI_MID,BAG,1.0,2049,1.25
RE1,DEMINDBAGBOI_MID,BAG,1.0,2050,1.25
RE1,DEMINDBAGBOI_MID,BAG,1.0,2051,1.25
RE1,DEMINDBAGBOI_MID,BAG,1.0,2052,1.25
RE1,DEMINDBAGBOI_MID,BAG,1.0,2053,1.25
RE1,DEMINDBAGBOI_MID,BAG,1.0,2054,1.25
RE1,DEMINDBAGBOI_MID,BAG,1.0,2055,1.25
RE1,DEMINDBAGFURCCS,BAG,1.0,2022,1.247721298695428
RE1,DEMINDBAGFURCCS,BAG,1.0,2023,1.246680576315599
RE1,DEMINDBAGFURCCS,BAG,1.0,2024,1.245181154483783
RE1,DEMINDBAGFURCCS,BAG,1.0,2025,1.243038890828773
RE1,DEMINDBAGFURCCS,BAG,1.0,2026,1.240014548420125
RE1,DEMINDBAGFURCCS,BAG,1.0,2027,1.235816200426918
RE1,DEMINDBAGFURCCS,BAG,1.0,2028,1.230122294109729
RE1,DEMINDBAGFURCCS,BAG,1.0,2029,1.222639232032572
RE1,DEMINDBAGFURCCS,BAG,1.0,2030,1.213201240027958
RE1,DEMINDBAGFURCCS,BAG,1.0,2031,1.20189647439161
RE1,DEMINDBAGFURCCS,BAG,1.0,2032,1.189163645822092
RE1,DEMINDBAGFURCCS,BAG,1.0,2033,1.175778953556731
RE1,DEMINDBAGFURCCS,BAG,1.0,2034,1.16269221187076
RE1,DEMINDBAGFURCCS,BAG,1.0,2035,1.150772372657735
RE1,DEMINDBAGFURCCS,BAG,1.0,2036,1.140596233981635
RE1,DEMINDBAGFURCCS,BAG,1.0,2037,1.13237812611755
RE1,DEMINDBAGFURCCS,BAG,1.0,2038,1.126033943364257
RE1,DEMINDBAGFURCCS,BAG,1.0,2039,1.121304791029562
RE1,DEMINDBAGFURCCS,BAG,1.0,2040,1.117870690407584
RE1,DEMINDBAGFURCCS,BAG,1.0,2041,1.115424157409476
RE1,DEMINDBAGFURCCS,BAG,1.0,2042,1.113704801434943
RE1,DEMINDBAGFURCCS,BAG,1.0,2043,1.11250803514917
RE1,DEMINDBAGFURCCS,BAG,1.0,2044,1.111680578429997
RE1,DEMINDBAGFURCCS,BAG,1.0,2045,1.111111111111111
RE1,DEMINDBAGFURCCS,BAG,1.0,2046,1.111111111111111
RE1,DEMINDBAGFURCCS,BAG,1.0,2047,1.111111111111111
RE1,DEMINDBAGFURCCS,BAG,1.0,2048,1.111111111111111
RE1,DEMINDBAGFURCCS,BAG,1.0,2049,1.111111111111111
RE1,DEMINDBAGFURCCS,BAG,1.0,2050,1.111111111111111
RE1,DEMINDBAGFURCCS,BAG,1.0,2051,1.111111111111111
RE1,DEMINDBAGFURCCS,BAG,1.0,2052,1.111111111111111
RE1,DEMINDBAGFURCCS,BAG,1.0,2053,1.111111111111111
RE1,DEMINDBAGFURCCS,BAG,1.0,2054,1.111111111111111
RE1,DEMINDBAGFURCCS,BAG,1.0,2055,1.111111111111111
RE1,DEMINDBAGFUR_HIG,BAG,1.0,2022,1.111111111111111
RE1,DEMINDBAGFUR_HIG,BAG,1.0,2023,1.111111111111111
RE1,DEMINDBAGFUR_HIG,BAG,1.0,2024,1.111111111111111
RE1,DEMINDBAGFUR_HIG,BAG,1.0,2025,1.111111111111111
RE1,DEMINDBAGFUR_HIG,BAG,1.0,2026,1.111111111111111
RE1,DEMINDBAGFUR_HIG,BAG,1.0,2027,1.111111111111111
RE1,DEMINDBAGFUR_HIG,BAG,1.0,2028,1.111111111111111
RE1,DEMINDBAGFUR_HIG,BAG,1.0,2029,1.111111111111111
RE1,DEMINDBAGFUR_HIG,BAG,1.0,2030,1.111111111111111
RE1,DEMINDBAGFUR_HIG,BAG,1.0,2031,1.111111111111111
RE1,DEMINDBAGFUR_HIG,BAG,1.0,2032,1.111111111111111
RE1,DEMINDBAGFUR_HIG,BAG,1.0,2033,1.111111111111111
RE1,DEMINDBAGFUR_HIG,BAG,1.0,2034,1.111111111111111
RE1,DEMINDBAGFUR_HIG,BAG,1.0,2035,1.111111111111111
RE1,DEMINDBAGFUR_HIG,BAG,1.0,2036,1.111111111111111
RE1,DEMINDBAGFUR_HIG,BAG,1.0,2037,1.111111111111111
RE1,DEMINDBAGFUR_HIG,BAG,1.0,2038,1.111111111111111
RE1,DEMINDBAGFUR_HIG,BAG,1.0,2039,1.111111111111111
RE1,DEMINDBAGFUR_HIG,BAG,1.0,2040,1.111111111111111
RE1,DEMINDBAGFUR_HIG,BAG,1.0,2041,1.111111111111111
RE1,DEMINDBAGFUR_HIG,BAG,1.0,2042,1.111111111111111
RE1,DEMINDBAGFUR_HIG,BAG,1.0,2043,1.111111111111111
RE1,DEMINDBAGFUR_HIG,BAG,1.0,2044,1.111111111111111
RE1,DEMINDBAGFUR_HIG,BAG,1.0,2045,1.111111111111111
RE1,DEMINDBAGFUR_HIG,BAG,1.0,2046,1.111111111111111
RE1,DEMINDBAGFUR_HIG,BAG,1.0,2047,1.111111111111111
RE1,DEMINDBAGFUR_HIG,BAG,1.0,2048,1.111111111111111
RE1,DEMINDBAGFUR_HIG,BAG,1.0,2049,1.111111111111111
RE1,DEMINDBAGFUR_HIG,BAG,1.0,2050,1.111111111111111
RE1,DEMINDBAGFUR_HIG,BAG,1.0,2051,1.111111111111111
RE1,DEMINDBAGFUR_HIG,BAG,1.0,2052,1.111111111111111
RE1,DEMINDBAGFUR_HIG,BAG,1.0,2053,1.111111111111111
RE1,DEMINDBAGFUR_HIG,BAG,1.0,2054,1.111111111111111
RE1,DEMINDBAGFUR_HIG,BAG,1.0,2055,1.111111111111111
RE1,DEMINDBAGFUR_LOW,BAG,1.0,2022,1.538461538461538
RE1,DEMINDBAGFUR_LOW,BAG,1.0,2023,1.538461538461538
RE1,DEMINDBAGFUR_LOW,BAG,1.0,2024,1.538461538461538
RE1,DEMINDBAGFUR_LOW,BAG,1.0,2025,1.538461538461538
RE1,DEMINDBAGFUR_LOW,BAG,1.0,2026,1.538461538461538
RE1,DEMINDBAGFUR_LOW,BAG,1.0,2027,1.538461538461538
RE1,DEMINDBAGFUR_LOW,BAG,1.0,2028,1.538461538461538
RE1,DEMINDBAGFUR_LOW,BAG,1.0,2029,1.538461538461538
RE1,DEMINDBAGFUR_LOW,BAG,1.0,2030,1.538461538461538
RE1,DEMINDBAGFUR_LOW,BAG,1.0,2031,1.538461538461538
RE1,DEMINDBAGFUR_LOW,BAG,1.0,2032,1.538461538461538
RE1,DEMINDBAGFUR_LOW,BAG,1.0,2033,1.538461538461538
RE1,DEMINDBAGFUR_LOW,BAG,1.0,2034,1.538461538461538
RE1,DEMINDBAGFUR_LOW,BAG,1.0,2035,1.538461538461538
RE1,DEMINDBAGFUR_LOW,BAG,1.0,2036,1.538461538461538
RE1,DEMINDBAGFUR_LOW,BAG,1.0,2037,1.538461538461538
RE1,DEMINDBAGFUR_LOW,BAG,1.0,2038,1.538461538461538
RE1,DEMINDBAGFUR_LOW,BAG,1.0,2039,1.538461538461538
RE1,DEMINDBAGFUR_LOW,BAG,1.0,2040,1.538461538461538
RE1,DEMINDBAGFUR_LOW,BAG,1.0,2041,1.538461538461538
RE1,DEMINDBAGFUR_LOW,BAG,1.0,2042,1.538461538461538
RE1,DEMINDBAGFUR_LOW,BAG,1.0,2043,1.538461538461538
RE1,DEMINDBAGFUR_LOW,BAG,1.0,2044,1.538461538461538
RE1,DEMINDBAGFUR_LOW,BAG,1.0,2045,1.538461538461538
RE1,DEMINDBAGFUR_LOW,BAG,1.0,2046,1.538461538461538
RE1,DEMINDBAGFUR_LOW,BAG,1.0,2047,1.538461538461538
RE1,DEMINDBAGFUR_LOW,BAG,1.0,2048,1.538461538461538
RE1,DEMINDBAGFUR_LOW,BAG,1.0,2049,1.538461538461538
RE1,DEMINDBAGFUR_LOW,BAG,1.0,2050,1.538461538461538
RE1,DEMINDBAGFUR_LOW,BAG,1.0,2051,1.538461538461538
RE1,DEMINDBAGFUR_LOW,BAG,1.0,2052,1.538461538461538
RE1,DEMINDBAGFUR_LOW,BAG,1.0,2053,1.538461538461538
RE1,DEMINDBAGFUR_LOW,BAG,1.0,2054,1.538461538461538
RE1,DEMINDBAGFUR_LOW,BAG,1.0,2055,1.538461538461538
RE1,DEMINDBAGFUR_MID,BAG,1.0,2022,1.533291871866628
RE1,DEMINDBAGFUR_MID,BAG,1.0,2023,1.530936088964237
RE1,DEMINDBAGFUR_MID,BAG,1.0,2024,1.527547809454725
RE1,DEMINDBAGFUR_MID,BAG,1.0,2025,1.522718762437479
RE1,DEMINDBAGFUR_MID,BAG,1.0,2026,1.515925034587994
RE1,DEMINDBAGFUR_MID,BAG,1.0,2027,1.506539752105732
RE1,DEMINDBAGFUR_MID,BAG,1.0,2028,1.493895295855627
RE1,DEMINDBAGFUR_MID,BAG,1.0,2029,1.477423192365256
RE1,DEMINDBAGFUR_MID,BAG,1.0,2030,1.456879978915995
RE1,DEMINDBAGFUR_MID,BAG,1.0,2031,1.432608061747483
RE1,DEMINDBAGFUR_MID,BAG,1.0,2032,1.405697258894912
RE1,DEMINDBAGFUR_MID,BAG,1.0,2033,1.377884946606958
RE1,DEMINDBAGFUR_MID,BAG,1.0,2034,1.351151838435045
RE1,DEMINDBAGFUR_MID,BAG,1.0,2035,1.327188667422295
RE1,DEMINDBAGFUR_MID,BAG,1.0,2036,1.307015855645881
RE1,DEMINDBAGFUR_MID,BAG,1.0,2037,1.290912464511758
RE1,DEMINDBAGFUR_MID,BAG,1.0,2038,1.27859408793679
RE1,DEMINDBAGFUR_MID,BAG,1.0,2039,1.269474899019042
RE1,DEMINDBAGFUR_MID,BAG,1.0,2040,1.262886536627227
RE1,DEMINDBAGFUR_MID,BAG,1.0,2041,1.258209958727538
RE1,DEMINDBAGFUR_MID,BAG,1.0,2042,1.254931873871653
RE1,DEMINDBAGFUR_MID,BAG,1.0,2043,1.252654267185714
RE1,DEMINDBAGFUR_MID,BAG,1.0,2044,1.251081479180933
RE1,DEMINDBAGFUR_MID,BAG,1.0,2045,1.25
RE1,DEMINDBAGFUR_MID,BAG,1.0,2046,1.25
RE1,DEMINDBAGFUR_MID,BAG,1.0,2047,1.25
RE1,DEMINDBAGFUR_MID,BAG,1.0,2048,1.25
RE1,DEMINDBAGFUR_MID,BAG,1.0,2049,1.25
RE1,DEMINDBAGFUR_MID,BAG,1.0,2050,1.25
RE1,DEMINDBAGFUR_MID,BAG,1.0,2051,1.25
RE1,DEMINDBAGFUR_MID,BAG,1.0,2052,1.25
RE1,DEMINDBAGFUR_MID,BAG,1.0,2053,1.25
RE1,DEMINDBAGFUR_MID,BAG,1.0,2054,1.25
RE1,DEMINDBAGFUR_MID,BAG,1.0,2055,1.25
RE1,DEMINDBGSBOI_HIG,BGS,1.0,2022,1.111111111111111
RE1,DEMINDBGSBOI_HIG,BGS,1.0,2023,1.111111111111111
RE1,DEMINDBGSBOI_HIG,BGS,1.0,2024,1.111111111111111
RE1,DEMINDBGSBOI_HIG,BGS,1.0,2025,1.111111111111111
RE1,DEMINDBGSBOI_HIG,BGS,1.0,2026,1.111111111111111
RE1,DEMINDBGSBOI_HIG,BGS,1.0,2027,1.111111111111111
RE1,DEMINDBGSBOI_HIG,BGS,1.0,2028,1.111111111111111
RE1,DEMINDBGSBOI_HIG,BGS,1.0,2029,1.111111111111111
RE1,DEMINDBGSBOI_HIG,BGS,1.0,2030,1.111111111111111
RE1,DEMINDBGSBOI_HIG,BGS,1.0,2031,1.111111111111111
RE1,DEMINDBGSBOI_HIG,BGS,1.0,2032,1.111111111111111
RE1,DEMINDBGSBOI_HIG,BGS,1.0,2033,1.111111111111111
RE1,DEMINDBGSBOI_HIG,BGS,1.0,2034,1.111111111111111
RE1,DEMINDBGSBOI_HIG,BGS,1.0,2035,1.111111111111111
RE1,DEMINDBGSBOI_HIG,BGS,1.0,2036,1.111111111111111
RE1,DEMINDBGSBOI_HIG,BGS,1.0,2037,1.111111111111111
RE1,DEMINDBGSBOI_HIG,BGS,1.0,2038,1.111111111111111
RE1,DEMINDBGSBOI_HIG,BGS,1.0,2039,1.111111111111111
RE1,DEMINDBGSBOI_HIG,BGS,1.0,2040,1.111111111111111
RE1,DEMINDBGSBOI_HIG,BGS,1.0,2041,1.111111111111111
RE1,DEMINDBGSBOI_HIG,BGS,1.0,2042,1.111111111111111
RE1,DEMINDBGSBOI_HIG,BGS,1.0,2043,1.111111111111111
RE1,DEMINDBGSBOI_HIG,BGS,1.0,2044,1.111111111111111
RE1,DEMINDBGSBOI_HIG,BGS,1.0,2045,1.111111111111111
RE1,DEMINDBGSBOI_HIG,BGS,1.0,2046,1.111111111111111
RE1,DEMINDBGSBOI_HIG,BGS,1.0,2047,1.111111111111111
RE1,DEMINDBGSBOI_HIG,BGS,1.0,2048,1.111111111111111
RE1,DEMINDBGSBOI_HIG,BGS,1.0,2049,1.111111111111111
RE1,DEMINDBGSBOI_HIG,BGS,1.0,2050,1.111111111111111
RE1,DEMINDBGSBOI_HIG,BGS,1.0,2051,1.111111111111111
RE1,DEMINDBGSBOI_HIG,BGS,1.0,2052,1.111111111111111
RE1,DEMINDBGSBOI_HIG,BGS,1.0,2053,1.111111111111111
RE1,DEMINDBGSBOI_HIG,BGS,1.0,2054,1.111111111111111
RE1,DEMINDBGSBOI_HIG,BGS,1.0,2055,1.111111111111111
RE1,DEMINDBGSBOI_LOW,BGS,1.0,2022,1.538461538461538
RE1,DEMINDBGSBOI_LOW,BGS,1.0,2023,1.538461538461538
RE1,DEMINDBGSBOI_LOW,BGS,1.0,2024,1.538461538461538
RE1,DEMINDBGSBOI_LOW,BGS,1.0,2025,1.538461538461538
RE1,DEMINDBGSBOI_LOW,BGS,1.0,2026,1.538461538461538
RE1,DEMINDBGSBOI_LOW,BGS,1.0,2027,1.538461538461538
RE1,DEMINDBGSBOI_LOW,BGS,1.0,2028,1.538461538461538
RE1,DEMINDBGSBOI_LOW,BGS,1.0,2029,1.538461538461538
RE1,DEMINDBGSBOI_LOW,BGS,1.0,2030,1.538461538461538
RE1,DEMINDBGSBOI_LOW,BGS,1.0,2031,1.538461538461538
RE1,DEMINDBGSBOI_LOW,BGS,1.0,2032,1.538461538461538
RE1,DEMINDBGSBOI_LOW,BGS,1.0,2033,1.538461538461538
RE1,DEMINDBGSBOI_LOW,BGS,1.0,2034,1.538461538461538
RE1,DEMINDBGSBOI_LOW,BGS,1.0,2035,1.538461538461538
RE1,DEMINDBGSBOI_LOW,BGS,1.0,2036,1.538461538461538
RE1,DEMINDBGSBOI_LOW,BGS,1.0,2037,1.538461538461538
RE1,DEMINDBGSBOI_LOW,BGS,1.0,2038,1.538461538461538
RE1,DEMINDBGSBOI_LOW,BGS,1.0,2039,1.538461538461538
RE1,DEMINDBGSBOI_LOW,BGS,1.0,2040,1.538461538461538
RE1,DEMINDBGSBOI_LOW,BGS,1.0,2041,1.538461538461538
RE1,DEMINDBGSBOI_LOW,BGS,1.0,2042,1.538461538461538
RE1,DEMINDBGSBOI_LOW,BGS,1.0,2043,1.538461538461538
RE1,DEMINDBGSBOI_LOW,BGS,1.0,2044,1.538461538461538
RE1,DEMINDBGSBOI_LOW,BGS,1.0,2045,1.538461538461538
RE1,DEMINDBGSBOI_LOW,BGS,1.0,2046,1.538461538461538
RE1,DEMINDBGSBOI_LOW,BGS,1.0,2047,1.538461538461538
RE1,DEMINDBGSBOI_LOW,BGS,1.0,2048,1.538461538461538
RE1,DEMINDBGSBOI_LOW,BGS,1.0,2049,1.538461538461538
RE1,DEMINDBGSBOI_LOW,BGS,1.0,2050,1.538461538461538
RE1,DEMINDBGSBOI_LOW,BGS,1.0,2051,1.538461538461538
RE1,DEMINDBGSBOI_LOW,BGS,1.0,2052,1.538461538461538
RE1,DEMINDBGSBOI_LOW,BGS,1.0,2053,1.538461538461538
RE1,DEMINDBGSBOI_LOW,BGS,1.0,2054,1.538461538461538
RE1,DEMINDBGSBOI_LOW,BGS,1.0,2055,1.538461538461538
RE1,DEMINDBGSBOI_MID,BGS,1.0,2022,1.533291871866628
RE1,DEMINDBGSBOI_MID,BGS,1.0,2023,1.530936088964237
RE1,DEMINDBGSBOI_MID,BGS,1.0,2024,1.527547809454725
RE1,DEMINDBGSBOI_MID,BGS,1.0,2025,1.522718762437479
RE1,DEMINDBGSBOI_MID,BGS,1.0,2026,1.515925034587994
RE1,DEMINDBGSBOI_MID,BGS,1.0,2027,1.506539752105732
RE1,DEMINDBGSBOI_MID,BGS,1.0,2028,1.493895295855627
RE1,DEMINDBGSBOI_MID,BGS,1.0,2029,1.477423192365256
RE1,DEMINDBGSBOI_MID,BGS,1.0,2030,1.456879978915995
RE1,DEMINDBGSBOI_MID,BGS,1.0,2031,1.432608061747483
RE1,DEMINDBGSBOI_MID,BGS,1.0,2032,1.405697258894912
RE1,DEMINDBGSBOI_MID,BGS,1.0,2033,1.377884946606958
RE1,DEMINDBGSBOI_MID,BGS,1.0,2034,1.351151838435045
RE1,DEMINDBGSBOI_MID,BGS,1.0,2035,1.327188667422295
RE1,DEMINDBGSBOI_MID,BGS,1.0,2036,1.307015855645881
RE1,DEMINDBGSBOI_MID,BGS,1.0,2037,1.290912464511758
RE1,DEMINDBGSBOI_MID,BGS,1.0,2038,1.27859408793679
RE1,DEMINDBGSBOI_MID,BGS,1.0,2039,1.269474899019042
RE1,DEMINDBGSBOI_MID,BGS,1.0,2040,1.262886536627227
RE1,DEMINDBGSBOI_MID,BGS,1.0,2041,1.258209958727538
RE1,DEMINDBGSBOI_MID,BGS,1.0,2042,1.254931873871653
RE1,DEMINDBGSBOI_MID,BGS,1.0,2043,1.252654267185714
RE1,DEMINDBGSBOI_MID,BGS,1.0,2044,1.251081479180933
RE1,DEMINDBGSBOI_MID,BGS,1.0,2045,1.25
RE1,DEMINDBGSBOI_MID,BGS,1.0,2046,1.25
RE1,DEMINDBGSBOI_MID,BGS,1.0,2047,1.25
RE1,DEMINDBGSBOI_MID,BGS,1.0,2048,1.25
RE1,DEMINDBGSBOI_MID,BGS,1.0,2049,1.25
RE1,DEMINDBGSBOI_MID,BGS,1.0,2050,1.25
RE1,DEMINDBGSBOI_MID,BGS,1.0,2051,1.25
RE1,DEMINDBGSBOI_MID,BGS,1.0,2052,1.25
RE1,DEMINDBGSBOI_MID,BGS,1.0,2053,1.25
RE1,DEMINDBGSBOI_MID,BGS,1.0,2054,1.25
RE1,DEMINDBGSBOI_MID,BGS,1.0,2055,1.25
RE1,DEMINDBGSFUR_HIG,BGS,1.0,2022,1.25
RE1,DEMINDBGSFUR_HIG,BGS,1.0,2023,1.25
RE1,DEMINDBGSFUR_HIG,BGS,1.0,2024,1.25
RE1,DEMINDBGSFUR_HIG,BGS,1.0,2025,1.25
RE1,DEMINDBGSFUR_HIG,BGS,1.0,2026,1.25
RE1,DEMINDBGSFUR_HIG,BGS,1.0,2027,1.25
RE1,DEMINDBGSFUR_HIG,BGS,1.0,2028,1.25
RE1,DEMINDBGSFUR_HIG,BGS,1.0,2029,1.25
RE1,DEMINDBGSFUR_HIG,BGS,1.0,2030,1.25
RE1,DEMINDBGSFUR_HIG,BGS,1.0,2031,1.25
RE1,DEMINDBGSFUR_HIG,BGS,1.0,2032,1.25
RE1,DEMINDBGSFUR_HIG,BGS,1.0,2033,1.25
RE1,DEMINDBGSFUR_HIG,BGS,1.0,2034,1.25
RE1,DEMINDBGSFUR_HIG,BGS,1.0,2035,1.25
RE1,DEMINDBGSFUR_HIG,BGS,1.0,2036,1.25
RE1,DEMINDBGSFUR_HIG,BGS,1.0,2037,1.25
RE1,DEMINDBGSFUR_HIG,BGS,1.0,2038,1.25
RE1,DEMINDBGSFUR_HIG,BGS,1.0,2039,1.25
RE1,DEMINDBGSFUR_HIG,BGS,1.0,2040,1.25
RE1,DEMINDBGSFUR_HIG,BGS,1.0,2041,1.25
RE1,DEMINDBGSFUR_HIG,BGS,1.0,2042,1.25
RE1,DEMINDBGSFUR_HIG,BGS,1.0,2043,1.25
RE1,DEMINDBGSFUR_HIG,BGS,1.0,2044,1.25
RE1,DEMINDBGSFUR_HIG,BGS,1.0,2045,1.25
RE1,DEMINDBGSFUR_HIG,BGS,1.0,2046,1.25
RE1,DEMINDBGSFUR_HIG,BGS,1.0,2047,1.25
RE1,DEMINDBGSFUR_HIG,BGS,1.0,2048,1.25
RE1,DEMINDBGSFUR_HIG,BGS,1.0,2049,1.25
RE1,DEMINDBGSFUR_HIG,BGS,1.0,2050,1.25
RE1,DEMINDBGSFUR_HIG,BGS,1.0,2051,1.25
RE1,DEMINDBGSFUR_HIG,BGS,1.0,2052,1.25
RE1,DEMINDBGSFUR_HIG,BGS,1.0,2053,1.25
RE1,DEMINDBGSFUR_HIG,BGS,1.0,2054,1.25
RE1,DEMINDBGSFUR_HIG,BGS,1.0,2055,1.25
RE1,DEMINDBGSFUR_LOW,BGS,1.0,2022,1.315789473684211
RE1,DEMINDBGSFUR_LOW,BGS,1.0,2023,1.315789473684211
RE1,DEMINDBGSFUR_LOW,BGS,1.0,2024,1.315789473684211
RE1,DEMINDBGSFUR_LOW,BGS,1.0,2025,1.315789473684211
RE1,DEMINDBGSFUR_LOW,BGS,1.0,2026,1.315789473684211
RE1,DEMINDBGSFUR_LOW,BGS,1.0,2027,1.315789473684211
RE1,DEMINDBGSFUR_LOW,BGS,1.0,2028,1.315789473684211
RE1,DEMINDBGSFUR_LOW,BGS,1.0,2029,1.315789473684211
RE1,DEMINDBGSFUR_LOW,BGS,1.0,2030,1.315789473684211
RE1,DEMINDBGSFUR_LOW,BGS,1.0,2031,1.315789473684211
RE1,DEMINDBGSFUR_LOW,BGS,1.0,2032,1.315789473684211
RE1,DEMINDBGSFUR_LOW,BGS,1.0,2033,1.315789473684211
RE1,DEMINDBGSFUR_LOW,BGS,1.0,2034,1.315789473684211
RE1,DEMINDBGSFUR_LOW,BGS,1.0,2035,1.315789473684211
RE1,DEMINDBGSFUR_LOW,BGS,1.0,2036,1.315789473684211
RE1,DEMINDBGSFUR_LOW,BGS,1.0,2037,1.315789473684211
RE1,DEMINDBGSFUR_LOW,BGS,1.0,2038,1.315789473684211
RE1,DEMINDBGSFUR_LOW,BGS,1.0,2039,1.315789473684211
RE1,DEMINDBGSFUR_LOW,BGS,1.0,2040,1.315789473684211
RE1,DEMINDBGSFUR_LOW,BGS,1.0,2041,1.315789473684211
RE1,DEMINDBGSFUR_LOW,BGS,1.0,2042,1.315789473684211
RE1,DEMINDBGSFUR_LOW,BGS,1.0,2043,1.315789473684211
RE1,DEMINDBGSFUR_LOW,BGS,1.0,2044,1.315789473684211
RE1,DEMINDBGSFUR_LOW,BGS,1.0,2045,1.315789473684211
RE1,DEMINDBGSFUR_LOW,BGS,1.0,2046,1.315789473684211
RE1,DEMINDBGSFUR_LOW,BGS,1.0,2047,1.315789473684211
RE1,DEMINDBGSFUR_LOW,BGS,1.0,2048,1.315789473684211
RE1,DEMINDBGSFUR_LOW,BGS,1.0,2049,1.315789473684211
RE1,DEMINDBGSFUR_LOW,BGS,1.0,2050,1.315789473684211
RE1,DEMINDBGSFUR_LOW,BGS,1.0,2051,1.315789473684211
RE1,DEMINDBGSFUR_LOW,BGS,1.0,2052,1.315789473684211
RE1,DEMINDBGSFUR_LOW,BGS,1.0,2053,1.315789473684211
RE1,DEMINDBGSFUR_LOW,BGS,1.0,2054,1.315789473684211
RE1,DEMINDBGSFUR_LOW,BGS,1.0,2055,1.315789473684211
RE1,DEMINDBGSFUR_MID,BGS,1.0,2022,1.315283770528104
RE1,DEMINDBGSFUR_MID,BGS,1.0,2023,1.315052321904983
RE1,DEMINDBGSFUR_MID,BGS,1.0,2024,1.314718325461501
RE1,DEMINDBGSFUR_MID,BGS,1.0,2025,1.31424003351481
RE1,DEMINDBGSFUR_MID,BGS,1.0,2026,1.31356258714396
RE1,DEMINDBGSFUR_MID,BGS,1.0,2027,1.31261783728312
RE1,DEMINDBGSFUR_MID,BGS,1.0,2028,1.311328436528256
RE1,DEMINDBGSFUR_MID,BGS,1.0,2029,1.309619525912671
RE1,DEMINDBGSFUR_MID,BGS,1.0,2030,1.307440584608836
RE1,DEMINDBGSFUR_MID,BGS,1.0,2031,1.30479539973313
RE1,DEMINDBGSFUR_MID,BGS,1.0,2032,1.301769026039663
RE1,DEMINDBGSFUR_MID,BGS,1.0,2033,1.298532658096351
RE1,DEMINDBGSFUR_MID,BGS,1.0,2034,1.29531234231269
RE1,DEMINDBGSFUR_MID,BGS,1.0,2035,1.29232974894384
RE1,DEMINDBGSFUR_MID,BGS,1.0,2036,1.289745294115873
RE1,DEMINDBGSFUR_MID,BGS,1.0,2037,1.287631931027982
RE1,DEMINDBGSFUR_MID,BGS,1.0,2038,1.285984185685782
RE1,DEMINDBGSFUR_MID,BGS,1.0,2039,1.284746554543331
RE1,DEMINDBGSFUR_MID,BGS,1.0,2040,1.283842786311482
RE1,DEMINDBGSFUR_MID,BGS,1.0,2041,1.283196307337784
RE1,DEMINDBGSFUR_MID,BGS,1.0,2042,1.282740671762241
RE1,DEMINDBGSFUR_MID,BGS,1.0,2043,1.282422884695866
RE1,DEMINDBGSFUR_MID,BGS,1.0,2044,1.282202855603686
RE1,DEMINDBGSFUR_MID,BGS,1.0,2045,1.282051282051282
RE1,DEMINDBGSFUR_MID,BGS,1.0,2046,1.282051282051282
RE1,DEMINDBGSFUR_MID,BGS,1.0,2047,1.282051282051282
RE1,DEMINDBGSFUR_MID,BGS,1.0,2048,1.282051282051282
RE1,DEMINDBGSFUR_MID,BGS,1.0,2049,1.282051282051282
RE1,DEMINDBGSFUR_MID,BGS,1.0,2050,1.282051282051282
RE1,DEMINDBGSFUR_MID,BGS,1.0,2051,1.282051282051282
RE1,DEMINDBGSFUR_MID,BGS,1.0,2052,1.282051282051282
RE1,DEMINDBGSFUR_MID,BGS,1.0,2053,1.282051282051282
RE1,DEMINDBGSFUR_MID,BGS,1.0,2054,1.282051282051282
RE1,DEMINDBGSFUR_MID,BGS,1.0,2055,1.282051282051282
RE1,DEMINDCOABOI_HIG,COA002,1.0,2022,1.111111111111111
RE1,DEMINDCOABOI_HIG,COA002,1.0,2023,1.111111111111111
RE1,DEMINDCOABOI_HIG,COA002,1.0,2024,1.111111111111111
RE1,DEMINDCOABOI_HIG,COA002,1.0,2025,1.111111111111111
RE1,DEMINDCOABOI_HIG,COA002,1.0,2026,1.111111111111111
RE1,DEMINDCOABOI_HIG,COA002,1.0,2027,1.111111111111111
RE1,DEMINDCOABOI_HIG,COA002,1.0,2028,1.111111111111111
RE1,DEMINDCOABOI_HIG,COA002,1.0,2029,1.111111111111111
RE1,DEMINDCOABOI_HIG,COA002,1.0,2030,1.111111111111111
RE1,DEMINDCOABOI_HIG,COA002,1.0,2031,1.111111111111111
RE1,DEMINDCOABOI_HIG,COA002,1.0,2032,1.111111111111111
RE1,DEMINDCOABOI_HIG,COA002,1.0,2033,1.111111111111111
RE1,DEMINDCOABOI_HIG,COA002,1.0,2034,1.111111111111111
RE1,DEMINDCOABOI_HIG,COA002,1.0,2035,1.111111111111111
RE1,DEMINDCOABOI_HIG,COA002,1.0,2036,1.111111111111111
RE1,DEMINDCOABOI_HIG,COA002,1.0,2037,1.111111111111111
RE1,DEMINDCOABOI_HIG,COA002,1.0,2038,1.111111111111111
RE1,DEMINDCOABOI_HIG,COA002,1.0,2039,1.111111111111111
RE1,DEMINDCOABOI_HIG,COA002,1.0,2040,1.111111111111111
RE1,DEMINDCOABOI_HIG,COA002,1.0,2041,1.111111111111111
RE1,DEMINDCOABOI_HIG,COA002,1.0,2042,1.111111111111111
RE1,DEMINDCOABOI_HIG,COA002,1.0,2043,1.111111111111111
RE1,DEMINDCOABOI_HIG,COA002,1.0,2044,1.111111111111111
RE1,DEMINDCOABOI_HIG,COA002,1.0,2045,1.111111111111111
RE1,DEMINDCOABOI_HIG,COA002,1.0,2046,1.111111111111111
RE1,DEMINDCOABOI_HIG,COA002,1.0,2047,1.111111111111111
RE1,DEMINDCOABOI_HIG,COA002,1.0,2048,1.111111111111111
RE1,DEMINDCOABOI_HIG,COA002,1.0,2049,1.111111111111111
RE1,DEMINDCOABOI_HIG,COA002,1.0,2050,1.111111111111111
RE1,DEMINDCOABOI_HIG,COA002,1.0,2051,1.111111111111111
RE1,DEMINDCOABOI_HIG,COA002,1.0,2052,1.111111111111111
RE1,DEMINDCOABOI_HIG,COA002,1.0,2053,1.111111111111111
RE1,DEMINDCOABOI_HIG,COA002,1.0,2054,1.111111111111111
RE1,DEMINDCOABOI_HIG,COA002,1.0,2055,1.111111111111111
RE1,DEMINDCOABOI_LOW,COA002,1.0,2022,1.538461538461538
RE1,DEMINDCOABOI_LOW,COA002,1.0,2023,1.538461538461538
RE1,DEMINDCOABOI_LOW,COA002,1.0,2024,1.538461538461538
RE1,DEMINDCOABOI_LOW,COA002,1.0,2025,1.538461538461538
RE1,DEMINDCOABOI_LOW,COA002,1.0,2026,1.538461538461538
RE1,DEMINDCOABOI_LOW,COA002,1.0,2027,1.538461538461538
RE1,DEMINDCOABOI_LOW,COA002,1.0,2028,1.538461538461538
RE1,DEMINDCOABOI_LOW,COA002,1.0,2029,1.538461538461538
RE1,DEMINDCOABOI_LOW,COA002,1.0,2030,1.538461538461538
RE1,DEMINDCOABOI_LOW,COA002,1.0,2031,1.538461538461538
RE1,DEMINDCOABOI_LOW,COA002,1.0,2032,1.538461538461538
RE1,DEMINDCOABOI_LOW,COA002,1.0,2033,1.538461538461538
RE1,DEMINDCOABOI_LOW,COA002,1.0,2034,1.538461538461538
RE1,DEMINDCOABOI_LOW,COA002,1.0,2035,1.538461538461538
RE1,DEMINDCOABOI_LOW,COA002,1.0,2036,1.538461538461538
RE1,DEMINDCOABOI_LOW,COA002,1.0,2037,1.538461538461538
RE1,DEMINDCOABOI_LOW,COA002,1.0,2038,1.538461538461538
RE1,DEMINDCOABOI_LOW,COA002,1.0,2039,1.538461538461538
RE1,DEMINDCOABOI_LOW,COA002,1.0,2040,1.538461538461538
RE1,DEMINDCOABOI_LOW,COA002,1.0,2041,1.538461538461538
RE1,DEMINDCOABOI_LOW,COA002,1.0,2042,1.538461538461538
RE1,DEMINDCOABOI_LOW,COA002,1.0,2043,1.538461538461538
RE1,DEMINDCOABOI_LOW,COA002,1.0,2044,1.538461538461538
RE1,DEMINDCOABOI_LOW,COA002,1.0,2045,1.538461538461538
RE1,DEMINDCOABOI_LOW,COA002,1.0,2046,1.538461538461538
RE1,DEMINDCOABOI_LOW,COA002,1.0,2047,1.538461538461538
RE1,DEMINDCOABOI_LOW,COA002,1.0,2048,1.538461538461538
RE1,DEMINDCOABOI_LOW,COA002,1.0,2049,1.538461538461538
RE1,DEMINDCOABOI_LOW,COA002,1.0,2050,1.538461538461538
RE1,DEMINDCOABOI_LOW,COA002,1.0,2051,1.538461538461538
RE1,DEMINDCOABOI_LOW,COA002,1.0,2052,1.538461538461538
RE1,DEMINDCOABOI_LOW,COA002,1.0,2053,1.538461538461538
RE1,DEMINDCOABOI_LOW,COA002,1.0,2054,1.538461538461538
RE1,DEMINDCOABOI_LOW,COA002,1.0,2055,1.538461538461538
RE1,DEMINDCOABOI_MID,COA002,1.0,2022,1.533291871866628
RE1,DEMINDCOABOI_MID,COA002,1.0,2023,1.530936088964237
RE1,DEMINDCOABOI_MID,COA002,1.0,2024,1.527547809454725
RE1,DEMINDCOABOI_MID,COA002,1.0,2025,1.522718762437479
RE1,DEMINDCOABOI_MID,COA002,1.0,2026,1.515925034587994
RE1,DEMINDCOABOI_MID,COA002,1.0,2027,1.506539752105732
RE1,DEMINDCOABOI_MID,COA002,1.0,2028,1.493895295855627
RE1,DEMINDCOABOI_MID,COA002,1.0,2029,1.477423192365256
RE1,DEMINDCOABOI_MID,COA002,1.0,2030,1.456879978915995
RE1,DEMINDCOABOI_MID,COA002,1.0,2031,1.432608061747483
RE1,DEMINDCOABOI_MID,COA002,1.0,2032,1.405697258894912
RE1,DEMINDCOABOI_MID,COA002,1.0,2033,1.377884946606958
RE1,DEMINDCOABOI_MID,COA002,1.0,2034,1.351151838435045
RE1,DEMINDCOABOI_MID,COA002,1.0,2035,1.327188667422295
RE1,DEMINDCOABOI_MID,COA002,1.0,2036,1.307015855645881
RE1,DEMINDCOABOI_MID,COA002,1.0,2037,1.290912464511758
RE1,DEMINDCOABOI_MID,COA002,1.0,2038,1.27859408793679
RE1,DEMINDCOABOI_MID,COA002,1.0,2039,1.269474899019042
RE1,DEMINDCOABOI_MID,COA002,1.0,2040,1.262886536627227
RE1,DEMINDCOABOI_MID,COA002,1.0,2041,1.258209958727538
RE1,DEMINDCOABOI_MID,COA002,1.0,2042,1.254931873871653
RE1,DEMINDCOABOI_MID,COA002,1.0,2043,1.252654267185714
RE1,DEMINDCOABOI_MID,COA002,1.0,2044,1.251081479180933
RE1,DEMINDCOABOI_MID,COA002,1.0,2045,1.25
RE1,DEMINDCOABOI_MID,COA002,1.0,2046,1.25
RE1,DEMINDCOABOI_MID,COA002,1.0,2047,1.25
RE1,DEMINDCOABOI_MID,COA002,1.0,2048,1.25
RE1,DEMINDCOABOI_MID,COA002,1.0,2049,1.25
RE1,DEMINDCOABOI_MID,COA002,1.0,2050,1.25
RE1,DEMINDCOABOI_MID,COA002,1.0,2051,1.25
RE1,DEMINDCOABOI_MID,COA002,1.0,2052,1.25
RE1,DEMINDCOABOI_MID,COA002,1.0,2053,1.25
RE1,DEMINDCOABOI_MID,COA002,1.0,2054,1.25
RE1,DEMINDCOABOI_MID,COA002,1.0,2055,1.25
RE1,DEMINDCOAFUR_HIG,COA002,1.0,2022,1.25
RE1,DEMINDCOAFUR_HIG,COA002,1.0,2023,1.25
RE1,DEMINDCOAFUR_HIG,COA002,1.0,2024,1.25
RE1,DEMINDCOAFUR_HIG,COA002,1.0,2025,1.25
RE1,DEMINDCOAFUR_HIG,COA002,1.0,2026,1.25
RE1,DEMINDCOAFUR_HIG,COA002,1.0,2027,1.25
RE1,DEMINDCOAFUR_HIG,COA002,1.0,2028,1.25
RE1,DEMINDCOAFUR_HIG,COA002,1.0,2029,1.25
RE1,DEMINDCOAFUR_HIG,COA002,1.0,2030,1.25
RE1,DEMINDCOAFUR_HIG,COA002,1.0,2031,1.25
RE1,DEMINDCOAFUR_HIG,COA002,1.0,2032,1.25
RE1,DEMINDCOAFUR_HIG,COA002,1.0,2033,1.25
RE1,DEMINDCOAFUR_HIG,COA002,1.0,2034,1.25
RE1,DEMINDCOAFUR_HIG,COA002,1.0,2035,1.25
RE1,DEMINDCOAFUR_HIG,COA002,1.0,2036,1.25
RE1,DEMINDCOAFUR_HIG,COA002,1.0,2037,1.25
RE1,DEMINDCOAFUR_HIG,COA002,1.0,2038,1.25
RE1,DEMINDCOAFUR_HIG,COA002,1.0,2039,1.25
RE1,DEMINDCOAFUR_HIG,COA002,1.0,2040,1.25
RE1,DEMINDCOAFUR_HIG,COA002,1.0,2041,1.25
RE1,DEMINDCOAFUR_HIG,COA002,1.0,2042,1.25
RE1,DEMINDCOAFUR_HIG,COA002,1.0,2043,1.25
RE1,DEMINDCOAFUR_HIG,COA002,1.0,2044,1.25
RE1,DEMINDCOAFUR_HIG,COA002,1.0,2045,1.25
RE1,DEMINDCOAFUR_HIG,COA002,1.0,2046,1.25
RE1,DEMINDCOAFUR_HIG,COA002,1.0,2047,1.25
RE1,DEMINDCOAFUR_HIG,COA002,1.0,2048,1.25
RE1,DEMINDCOAFUR_HIG,COA002,1.0,2049,1.25
RE1,DEMINDCOAFUR_HIG,COA002,1.0,2050,1.25
RE1,DEMINDCOAFUR_HIG,COA002,1.0,2051,1.25
RE1,DEMINDCOAFUR_HIG,COA002,1.0,2052,1.25
RE1,DEMINDCOAFUR_HIG,COA002,1.0,2053,1.25
RE1,DEMINDCOAFUR_HIG,COA002,1.0,2054,1.25
RE1,DEMINDCOAFUR_HIG,COA002,1.0,2055,1.25
RE1,DEMINDCOAFUR_LOW,COA002,1.0,2022,1.470588235294118
RE1,DEMINDCOAFUR_LOW,COA002,1.0,2023,1.470588235294118
RE1,DEMINDCOAFUR_LOW,COA002,1.0,2024,1.470588235294118
RE1,DEMINDCOAFUR_LOW,COA002,1.0,2025,1.470588235294118
RE1,DEMINDCOAFUR_LOW,COA002,1.0,2026,1.470588235294118
RE1,DEMINDCOAFUR_LOW,COA002,1.0,2027,1.470588235294118
RE1,DEMINDCOAFUR_LOW,COA002,1.0,2028,1.470588235294118
RE1,DEMINDCOAFUR_LOW,COA002,1.0,2029,1.470588235294118
RE1,DEMINDCOAFUR_LOW,COA002,1.0,2030,1.470588235294118
RE1,DEMINDCOAFUR_LOW,COA002,1.0,2031,1.470588235294118
RE1,DEMINDCOAFUR_LOW,COA002,1.0,2032,1.470588235294118
RE1,DEMINDCOAFUR_LOW,COA002,1.0,2033,1.470588235294118
RE1,DEMINDCOAFUR_LOW,COA002,1.0,2034,1.470588235294118
RE1,DEMINDCOAFUR_LOW,COA002,1.0,2035,1.470588235294118
RE1,DEMINDCOAFUR_LOW,COA002,1.0,2036,1.470588235294118
RE1,DEMINDCOAFUR_LOW,COA002,1.0,2037,1.470588235294118
RE1,DEMINDCOAFUR_LOW,COA002,1.0,2038,1.470588235294118
RE1,DEMINDCOAFUR_LOW,COA002,1.0,2039,1.470588235294118
RE1,DEMINDCOAFUR_LOW,COA002,1.0,2040,1.470588235294118
RE1,DEMINDCOAFUR_LOW,COA002,1.0,2041,1.470588235294118
RE1,DEMINDCOAFUR_LOW,COA002,1.0,2042,1.470588235294118
RE1,DEMINDCOAFUR_LOW,COA002,1.0,2043,1.470588235294118
RE1,DEMINDCOAFUR_LOW,COA002,1.0,2044,1.470588235294118
RE1,DEMINDCOAFUR_LOW,COA002,1.0,2045,1.470588235294118
RE1,DEMINDCOAFUR_LOW,COA002,1.0,2046,1.470588235294118
RE1,DEMINDCOAFUR_LOW,COA002,1.0,2047,1.470588235294118
RE1,DEMINDCOAFUR_LOW,COA002,1.0,2048,1.470588235294118
RE1,DEMINDCOAFUR_LOW,COA002,1.0,2049,1.470588235294118
RE1,DEMINDCOAFUR_LOW,COA002,1.0,2050,1.470588235294118
RE1,DEMINDCOAFUR_LOW,COA002,1.0,2051,1.470588235294118
RE1,DEMINDCOAFUR_LOW,COA002,1.0,2052,1.470588235294118
RE1,DEMINDCOAFUR_LOW,COA002,1.0,2053,1.470588235294118
RE1,DEMINDCOAFUR_LOW,COA002,1.0,2054,1.470588235294118
RE1,DEMINDCOAFUR_LOW,COA002,1.0,2055,1.470588235294118
RE1,DEMINDCOAFUR_MID,COA002,1.0,2022,1.467750018988359
RE1,DEMINDCOAFUR_MID,COA002,1.0,2023,1.466453958865263
RE1,DEMINDCOAFUR_MID,COA002,1.0,2024,1.464586882078341
RE1,DEMINDCOAFUR_MID,COA002,1.0,2025,1.461919797054704
RE1,DEMINDCOAFUR_MID,COA002,1.0,2026,1.458155452698083
RE1,DEMINDCOAFUR_MID,COA002,1.0,2027,1.452931619754587
RE1,DEMINDCOAFUR_MID,COA002,1.0,2028,1.445850219638394
RE1,DEMINDCOAFUR_MID,COA002,1.0,2029,1.43654944493072
RE1,DEMINDCOAFUR_MID,COA002,1.0,2030,1.4248281924726
RE1,DEMINDCOAFUR_MID,COA002,1.0,2031,1.410802225825501
RE1,DEMINDCOAFUR_MID,COA002,1.0,2032,1.395022262452126
RE1,DEMINDCOAFUR_MID,COA002,1.0,2033,1.378454752222758
RE1,DEMINDCOAFUR_MID,COA002,1.0,2034,1.362276140242035
RE1,DEMINDCOAFUR_MID,COA002,1.0,2035,1.347557383274986
RE1,DEMINDCOAFUR_MID,COA002,1.0,2036,1.335004767076248
RE1,DEMINDCOAFUR_MID,COA002,1.0,2037,1.324876175740515
RE1,DEMINDCOAFUR_MID,COA002,1.0,2038,1.317062472613347
RE1,DEMINDCOAFUR_MID,COA002,1.0,2039,1.311240910716414
RE1,DEMINDCOAFUR_MID,COA002,1.0,2040,1.307015164652108
RE1,DEMINDCOAFUR_MID,COA002,1.0,2041,1.304005472939922
RE1,DEMINDCOAFUR_MID,COA002,1.0,2042,1.301890756550565
RE1,DEMINDCOAFUR_MID,COA002,1.0,2043,1.300418998377084
RE1,DEMINDCOAFUR_MID,COA002,1.0,2044,1.299401505698565
RE1,DEMINDCOAFUR_MID,COA002,1.0,2045,1.298701298701299
RE1,DEMINDCOAFUR_MID,COA002,1.0,2046,1.298701298701299
RE1,DEMINDCOAFUR_MID,COA002,1.0,2047,1.298701298701299
RE1,DEMINDCOAFUR_MID,COA002,1.0,2048,1.298701298701299
RE1,DEMINDCOAFUR_MID,COA002,1.0,2049,1.298701298701299
RE1,DEMINDCOAFUR_MID,COA002,1.0,2050,1.298701298701299
RE1,DEMINDCOAFUR_MID,COA002,1.0,2051,1.298701298701299
RE1,DEMINDCOAFUR_MID,COA002,1.0,2052,1.298701298701299
RE1,DEMINDCOAFUR_MID,COA002,1.0,2053,1.298701298701299
RE1,DEMINDCOAFUR_MID,COA002,1.0,2054,1.298701298701299
RE1,DEMINDCOAFUR_MID,COA002,1.0,2055,1.298701298701299
RE1,DEMINDCOAOTH_LOW,COA002,1.0,2022,1.538461538461538
RE1,DEMINDCOAOTH_LOW,COA002,1.0,2023,1.538461538461538
RE1,DEMINDCOAOTH_LOW,COA002,1.0,2024,1.538461538461538
RE1,DEMINDCOAOTH_LOW,COA002,1.0,2025,1.538461538461538
RE1,DEMINDCOAOTH_LOW,COA002,1.0,2026,1.538461538461538
RE1,DEMINDCOAOTH_LOW,COA002,1.0,2027,1.538461538461538
RE1,DEMINDCOAOTH_LOW,COA002,1.0,2028,1.538461538461538
RE1,DEMINDCOAOTH_LOW,COA002,1.0,2029,1.538461538461538
RE1,DEMINDCOAOTH_LOW,COA002,1.0,2030,1.538461538461538
RE1,DEMINDCOAOTH_LOW,COA002,1.0,2031,1.538461538461538
RE1,DEMINDCOAOTH_LOW,COA002,1.0,2032,1.538461538461538
RE1,DEMINDCOAOTH_LOW,COA002,1.0,2033,1.538461538461538
RE1,DEMINDCOAOTH_LOW,COA002,1.0,2034,1.538461538461538
RE1,DEMINDCOAOTH_LOW,COA002,1.0,2035,1.538461538461538
RE1,DEMINDCOAOTH_LOW,COA002,1.0,2036,1.538461538461538
RE1,DEMINDCOAOTH_LOW,COA002,1.0,2037,1.538461538461538
RE1,DEMINDCOAOTH_LOW,COA002,1.0,2038,1.538461538461538
RE1,DEMINDCOAOTH_LOW,COA002,1.0,2039,1.538461538461538
RE1,DEMINDCOAOTH_LOW,COA002,1.0,2040,1.538461538461538
RE1,DEMINDCOAOTH_LOW,COA002,1.0,2041,1.538461538461538
RE1,DEMINDCOAOTH_LOW,COA002,1.0,2042,1.538461538461538
RE1,DEMINDCOAOTH_LOW,COA002,1.0,2043,1.538461538461538
RE1,DEMINDCOAOTH_LOW,COA002,1.0,2044,1.538461538461538
RE1,DEMINDCOAOTH_LOW,COA002,1.0,2045,1.538461538461538
RE1,DEMINDCOAOTH_LOW,COA002,1.0,2046,1.538461538461538
RE1,DEMINDCOAOTH_LOW,COA002,1.0,2047,1.538461538461538
RE1,DEMINDCOAOTH_LOW,COA002,1.0,2048,1.538461538461538
RE1,DEMINDCOAOTH_LOW,COA002,1.0,2049,1.538461538461538
RE1,DEMINDCOAOTH_LOW,COA002,1.0,2050,1.538461538461538
RE1,DEMINDCOAOTH_LOW,COA002,1.0,2051,1.538461538461538
RE1,DEMINDCOAOTH_LOW,COA002,1.0,2052,1.538461538461538
RE1,DEMINDCOAOTH_LOW,COA002,1.0,2053,1.538461538461538
RE1,DEMINDCOAOTH_LOW,COA002,1.0,2054,1.538461538461538
RE1,DEMINDCOAOTH_LOW,COA002,1.0,2055,1.538461538461538
RE1,DEMINDDSLBOI_HIG,DSL002,1.0,2022,1.282051282051282
RE1,DEMINDDSLBOI_HIG,DSL002,1.0,2023,1.282051282051282
RE1,DEMINDDSLBOI_HIG,DSL002,1.0,2024,1.282051282051282
RE1,DEMINDDSLBOI_HIG,DSL002,1.0,2025,1.282051282051282
RE1,DEMINDDSLBOI_HIG,DSL002,1.0,2026,1.282051282051282
RE1,DEMINDDSLBOI_HIG,DSL002,1.0,2027,1.282051282051282
RE1,DEMINDDSLBOI_HIG,DSL002,1.0,2028,1.282051282051282
RE1,DEMINDDSLBOI_HIG,DSL002,1.0,2029,1.282051282051282
RE1,DEMINDDSLBOI_HIG,DSL002,1.0,2030,1.282051282051282
RE1,DEMINDDSLBOI_HIG,DSL002,1.0,2031,1.282051282051282
RE1,DEMINDDSLBOI_HIG,DSL002,1.0,2032,1.282051282051282
RE1,DEMINDDSLBOI_HIG,DSL002,1.0,2033,1.282051282051282
RE1,DEMINDDSLBOI_HIG,DSL002,1.0,2034,1.282051282051282
RE1,DEMINDDSLBOI_HIG,DSL002,1.0,2035,1.282051282051282
RE1,DEMINDDSLBOI_HIG,DSL002,1.0,2036,1.282051282051282
RE1,DEMINDDSLBOI_HIG,DSL002,1.0,2037,1.282051282051282
RE1,DEMINDDSLBOI_HIG,DSL002,1.0,2038,1.282051282051282
RE1,DEMINDDSLBOI_HIG,DSL002,1.0,2039,1.282051282051282
RE1,DEMINDDSLBOI_HIG,DSL002,1.0,2040,1.282051282051282
RE1,DEMINDDSLBOI_HIG,DSL002,1.0,2041,1.282051282051282
RE1,DEMINDDSLBOI_HIG,DSL002,1.0,2042,1.282051282051282
RE1,DEMINDDSLBOI_HIG,DSL002,1.0,2043,1.282051282051282
RE1,DEMINDDSLBOI_HIG,DSL002,1.0,2044,1.282051282051282
RE1,DEMINDDSLBOI_HIG,DSL002,1.0,2045,1.282051282051282
RE1,DEMINDDSLBOI_HIG,DSL002,1.0,2046,1.282051282051282
RE1,DEMINDDSLBOI_HIG,DSL002,1.0,2047,1.282051282051282
RE1,DEMINDDSLBOI_HIG,DSL002,1.0,2048,1.282051282051282
RE1,DEMINDDSLBOI_HIG,DSL002,1.0,2049,1.282051282051282
RE1,DEMINDDSLBOI_HIG,DSL002,1.0,2050,1.282051282051282
RE1,DEMINDDSLBOI_HIG,DSL002,1.0,2051,1.282051282051282
RE1,DEMINDDSLBOI_HIG,DSL002,1.0,2052,1.282051282051282
RE1,DEMINDDSLBOI_HIG,DSL002,1.0,2053,1.282051282051282
RE1,DEMINDDSLBOI_HIG,DSL002,1.0,2054,1.282051282051282
RE1,DEMINDDSLBOI_HIG,DSL002,1.0,2055,1.282051282051282
RE1,DEMINDDSLBOI_LOW,DSL002,1.0,2022,2.631578947368421
RE1,DEMINDDSLBOI_LOW,DSL002,1.0,2023,2.631578947368421
RE1,DEMINDDSLBOI_LOW,DSL002,1.0,2024,2.631578947368421
RE1,DEMINDDSLBOI_LOW,DSL002,1.0,2025,2.631578947368421
RE1,DEMINDDSLBOI_LOW,DSL002,1.0,2026,2.631578947368421
RE1,DEMINDDSLBOI_LOW,DSL002,1.0,2027,2.631578947368421
RE1,DEMINDDSLBOI_LOW,DSL002,1.0,2028,2.631578947368421
RE1,DEMINDDSLBOI_LOW,DSL002,1.0,2029,2.631578947368421
RE1,DEMINDDSLBOI_LOW,DSL002,1.0,2030,2.631578947368421
RE1,DEMINDDSLBOI_LOW,DSL002,1.0,2031,2.631578947368421
RE1,DEMINDDSLBOI_LOW,DSL002,1.0,2032,2.631578947368421
RE1,DEMINDDSLBOI_LOW,DSL002,1.0,2033,2.631578947368421
RE1,DEMINDDSLBOI_LOW,DSL002,1.0,2034,2.631578947368421
RE1,DEMINDDSLBOI_LOW,DSL002,1.0,2035,2.631578947368421
RE1,DEMINDDSLBOI_LOW,DSL002,1.0,2036,2.631578947368421
RE1,DEMINDDSLBOI_LOW,DSL002,1.0,2037,2.631578947368421
RE1,DEMINDDSLBOI_LOW,DSL002,1.0,2038,2.631578947368421
RE1,DEMINDDSLBOI_LOW,DSL002,1.0,2039,2.631578947368421
RE1,DEMINDDSLBOI_LOW,DSL002,1.0,2040,2.631578947368421
RE1,DEMINDDSLBOI_LOW,DSL002,1.0,2041,2.631578947368421
RE1,DEMINDDSLBOI_LOW,DSL002,1.0,2042,2.631578947368421
RE1,DEMINDDSLBOI_LOW,DSL002,1.0,2043,2.631578947368421
RE1,DEMINDDSLBOI_LOW,DSL002,1.0,2044,2.631578947368421
RE1,DEMINDDSLBOI_LOW,DSL002,1.0,2045,2.631578947368421
RE1,DEMINDDSLBOI_LOW,DSL002,1.0,2046,2.631578947368421
RE1,DEMINDDSLBOI_LOW,DSL002,1.0,2047,2.631578947368421
RE1,DEMINDDSLBOI_LOW,DSL002,1.0,2048,2.631578947368421
RE1,DEMINDDSLBOI_LOW,DSL002,1.0,2049,2.631578947368421
RE1,DEMINDDSLBOI_LOW,DSL002,1.0,2050,2.631578947368421
RE1,DEMINDDSLBOI_LOW,DSL002,1.0,2051,2.631578947368421
RE1,DEMINDDSLBOI_LOW,DSL002,1.0,2052,2.631578947368421
RE1,DEMINDDSLBOI_LOW,DSL002,1.0,2053,2.631578947368421
RE1,DEMINDDSLBOI_LOW,DSL002,1.0,2054,2.631578947368421
RE1,DEMINDDSLBOI_LOW,DSL002,1.0,2055,2.631578947368421
RE1,DEMINDDSLBOI_MID,DSL002,1.0,2022,2.616489046636153
RE1,DEMINDDSLBOI_MID,DSL002,1.0,2023,2.609636495116118
RE1,DEMINDDSLBOI_MID,DSL002,1.0,2024,2.599806610552803
RE1,DEMINDDSLBOI_MID,DSL002,1.0,2025,2.585849637670832
RE1,DEMINDDSLBOI_MID,DSL002,1.0,2026,2.566318633781218
RE1,DEMINDDSLBOI_MID,DSL002,1.0,2027,2.539535957520489
RE1,DEMINDDSLBOI_MID,DSL002,1.0,2028,2.503812330768546
RE1,DEMINDDSLBOI_MID,DSL002,1.0,2029,2.45788332675616
RE1,DEMINDDSLBOI_MID,DSL002,1.0,2030,2.401546554023846
RE1,DEMINDDSLBOI_MID,DSL002,1.0,2031,2.336297814247763
RE1,DEMINDDSLBOI_MID,DSL002,1.0,2032,2.26556638072807
RE1,DEMINDDSLBOI_MID,DSL002,1.0,2033,2.194185408667032
RE1,DEMINDDSLBOI_MID,DSL002,1.0,2034,2.127165033917952
RE1,DEMINDDSLBOI_MID,DSL002,1.0,2035,2.068370495453275
RE1,DEMINDDSLBOI_MID,DSL002,1.0,2036,2.0197872114543
RE1,DEMINDDSLBOI_MID,DSL002,1.0,2037,1.981587631083534
RE1,DEMINDDSLBOI_MID,DSL002,1.0,2038,1.952709118069119
RE1,DEMINDDSLBOI_MID,DSL002,1.0,2039,1.931518876207199
RE1,DEMINDDSLBOI_MID,DSL002,1.0,2040,1.916308032471836
RE1,DEMINDDSLBOI_MID,DSL002,1.0,2041,1.9055607456569
RE1,DEMINDDSLBOI_MID,DSL002,1.0,2042,1.898051820317226
RE1,DEMINDDSLBOI_MID,DSL002,1.0,2043,1.89284645985227
RE1,DEMINDDSLBOI_MID,DSL002,1.0,2044,1.889257571650335
RE1,DEMINDDSLBOI_MID,DSL002,1.0,2045,1.886792452830188
RE1,DEMINDDSLBOI_MID,DSL002,1.0,2046,1.886792452830188
RE1,DEMINDDSLBOI_MID,DSL002,1.0,2047,1.886792452830188
RE1,DEMINDDSLBOI_MID,DSL002,1.0,2048,1.886792452830188
RE1,DEMINDDSLBOI_MID,DSL002,1.0,2049,1.886792452830188
RE1,DEMINDDSLBOI_MID,DSL002,1.0,2050,1.886792452830188
RE1,DEMINDDSLBOI_MID,DSL002,1.0,2051,1.886792452830188
RE1,DEMINDDSLBOI_MID,DSL002,1.0,2052,1.886792452830188
RE1,DEMINDDSLBOI_MID,DSL002,1.0,2053,1.886792452830188
RE1,DEMINDDSLBOI_MID,DSL002,1.0,2054,1.886792452830188
RE1,DEMINDDSLBOI_MID,DSL002,1.0,2055,1.886792452830188
RE1,DEMINDDSLFUR_HIG,DSL002,1.0,2022,1.666666666666667
RE1,DEMINDDSLFUR_HIG,DSL002,1.0,2023,1.666666666666667
RE1,DEMINDDSLFUR_HIG,DSL002,1.0,2024,1.666666666666667
RE1,DEMINDDSLFUR_HIG,DSL002,1.0,2025,1.666666666666667
RE1,DEMINDDSLFUR_HIG,DSL002,1.0,2026,1.666666666666667
RE1,DEMINDDSLFUR_HIG,DSL002,1.0,2027,1.666666666666667
RE1,DEMINDDSLFUR_HIG,DSL002,1.0,2028,1.666666666666667
RE1,DEMINDDSLFUR_HIG,DSL002,1.0,2029,1.666666666666667
RE1,DEMINDDSLFUR_HIG,DSL002,1.0,2030,1.666666666666667
RE1,DEMINDDSLFUR_HIG,DSL002,1.0,2031,1.666666666666667
RE1,DEMINDDSLFUR_HIG,DSL002,1.0,2032,1.666666666666667
RE1,DEMINDDSLFUR_HIG,DSL002,1.0,2033,1.666666666666667
RE1,DEMINDDSLFUR_HIG,DSL002,1.0,2034,1.666666666666667
RE1,DEMINDDSLFUR_HIG,DSL002,1.0,2035,1.666666666666667
RE1,DEMINDDSLFUR_HIG,DSL002,1.0,2036,1.666666666666667
RE1,DEMINDDSLFUR_HIG,DSL002,1.0,2037,1.666666666666667
RE1,DEMINDDSLFUR_HIG,DSL002,1.0,2038,1.666666666666667
RE1,DEMINDDSLFUR_HIG,DSL002,1.0,2039,1.666666666666667
RE1,DEMINDDSLFUR_HIG,DSL002,1.0,2040,1.666666666666667
RE1,DEMINDDSLFUR_HIG,DSL002,1.0,2041,1.666666666666667
RE1,DEMINDDSLFUR_HIG,DSL002,1.0,2042,1.666666666666667
RE1,DEMINDDSLFUR_HIG,DSL002,1.0,2043,1.666666666666667
RE1,DEMINDDSLFUR_HIG,DSL002,1.0,2044,1.666666666666667
RE1,DEMINDDSLFUR_HIG,DSL002,1.0,2045,1.666666666666667
RE1,DEMINDDSLFUR_HIG,DSL002,1.0,2046,1.666666666666667
RE1,DEMINDDSLFUR_HIG,DSL002,1.0,2047,1.666666666666667
RE1,DEMINDDSLFUR_HIG,DSL002,1.0,2048,1.666666666666667
RE1,DEMINDDSLFUR_HIG,DSL002,1.0,2049,1.666666666666667
RE1,DEMINDDSLFUR_HIG,DSL002,1.0,2050,1.666666666666667
RE1,DEMINDDSLFUR_HIG,DSL002,1.0,2051,1.666666666666667
RE1,DEMINDDSLFUR_HIG,DSL002,1.0,2052,1.666666666666667
RE1,DEMINDDSLFUR_HIG,DSL002,1.0,2053,1.666666666666667
RE1,DEMINDDSLFUR_HIG,DSL002,1.0,2054,1.666666666666667
RE1,DEMINDDSLFUR_HIG,DSL002,1.0,2055,1.666666666666667
RE1,DEMINDDSLFUR_LOW,DSL002,1.0,2022,2.631578947368421
RE1,DEMINDDSLFUR_LOW,DSL002,1.0,2023,2.631578947368421
RE1,DEMINDDSLFUR_LOW,DSL002,1.0,2024,2.631578947368421
RE1,DEMINDDSLFUR_LOW,DSL002,1.0,2025,2.631578947368421
RE1,DEMINDDSLFUR_LOW,DSL002,1.0,2026,2.631578947368421
RE1,DEMINDDSLFUR_LOW,DSL002,1.0,2027,2.631578947368421
RE1,DEMINDDSLFUR_LOW,DSL002,1.0,2028,2.631578947368421
RE1,DEMINDDSLFUR_LOW,DSL002,1.0,2029,2.631578947368421
RE1,DEMINDDSLFUR_LOW,DSL002,1.0,2030,2.631578947368421
RE1,DEMINDDSLFUR_LOW,DSL002,1.0,2031,2.631578947368421
RE1,DEMINDDSLFUR_LOW,DSL002,1.0,2032,2.631578947368421
RE1,DEMINDDSLFUR_LOW,DSL002,1.0,2033,2.631578947368421
RE1,DEMINDDSLFUR_LOW,DSL002,1.0,2034,2.631578947368421
RE1,DEMINDDSLFUR_LOW,DSL002,1.0,2035,2.631578947368421
RE1,DEMINDDSLFUR_LOW,DSL002,1.0,2036,2.631578947368421
RE1,DEMINDDSLFUR_LOW,DSL002,1.0,2037,2.631578947368421
RE1,DEMINDDSLFUR_LOW,DSL002,1.0,2038,2.631578947368421
RE1,DEMINDDSLFUR_LOW,DSL002,1.0,2039,2.631578947368421
RE1,DEMINDDSLFUR_LOW,DSL002,1.0,2040,2.631578947368421
RE1,DEMINDDSLFUR_LOW,DSL002,1.0,2041,2.631578947368421
RE1,DEMINDDSLFUR_LOW,DSL002,1.0,2042,2.631578947368421
RE1,DEMINDDSLFUR_LOW,DSL002,1.0,2043,2.631578947368421
RE1,DEMINDDSLFUR_LOW,DSL002,1.0,2044,2.631578947368421
RE1,DEMINDDSLFUR_LOW,DSL002,1.0,2045,2.631578947368421
RE1,DEMINDDSLFUR_LOW,DSL002,1.0,2046,2.631578947368421
RE1,DEMINDDSLFUR_LOW,DSL002,1.0,2047,2.631578947368421
RE1,DEMINDDSLFUR_LOW,DSL002,1.0,2048,2.631578947368421
RE1,DEMINDDSLFUR_LOW,DSL002,1.0,2049,2.631578947368421
RE1,DEMINDDSLFUR_LOW,DSL002,1.0,2050,2.631578947368421
RE1,DEMINDDSLFUR_LOW,DSL002,1.0,2051,2.631578947368421
RE1,DEMINDDSLFUR_LOW,DSL002,1.0,2052,2.631578947368421
RE1,DEMINDDSLFUR_LOW,DSL002,1.0,2053,2.631578947368421
RE1,DEMINDDSLFUR_LOW,DSL002,1.0,2054,2.631578947368421
RE1,DEMINDDSLFUR_LOW,DSL002,1.0,2055,2.631578947368421
RE1,DEMINDDSLFUR_MID,DSL002,1.0,2022,2.616489046636153
RE1,DEMINDDSLFUR_MID,DSL002,1.0,2023,2.609636495116118
RE1,DEMINDDSLFUR_MID,DSL002,1.0,2024,2.599806610552803
RE1,DEMINDDSLFUR_MID,DSL002,1.0,2025,2.585849637670832
RE1,DEMINDDSLFUR_MID,DSL002,1.0,2026,2.566318633781218
RE1,DEMINDDSLFUR_MID,DSL002,1.0,2027,2.539535957520489
RE1,DEMINDDSLFUR_MID,DSL002,1.0,2028,2.503812330768546
RE1,DEMINDDSLFUR_MID,DSL002,1.0,2029,2.45788332675616
RE1,DEMINDDSLFUR_MID,DSL002,1.0,2030,2.401546554023846
RE1,DEMINDDSLFUR_MID,DSL002,1.0,2031,2.336297814247763
RE1,DEMINDDSLFUR_MID,DSL002,1.0,2032,2.26556638072807
RE1,DEMINDDSLFUR_MID,DSL002,1.0,2033,2.194185408667032
RE1,DEMINDDSLFUR_MID,DSL002,1.0,2034,2.127165033917952
RE1,DEMINDDSLFUR_MID,DSL002,1.0,2035,2.068370495453275
RE1,DEMINDDSLFUR_MID,DSL002,1.0,2036,2.0197872114543
RE1,DEMINDDSLFUR_MID,DSL002,1.0,2037,1.981587631083534
RE1,DEMINDDSLFUR_MID,DSL002,1.0,2038,1.952709118069119
RE1,DEMINDDSLFUR_MID,DSL002,1.0,2039,1.931518876207199
RE1,DEMINDDSLFUR_MID,DSL002,1.0,2040,1.916308032471836
RE1,DEMINDDSLFUR_MID,DSL002,1.0,2041,1.9055607456569
RE1,DEMINDDSLFUR_MID,DSL002,1.0,2042,1.898051820317226
RE1,DEMINDDSLFUR_MID,DSL002,1.0,2043,1.89284645985227
RE1,DEMINDDSLFUR_MID,DSL002,1.0,2044,1.889257571650335
RE1,DEMINDDSLFUR_MID,DSL002,1.0,2045,1.886792452830188
RE1,DEMINDDSLFUR_MID,DSL002,1.0,2046,1.886792452830188
RE1,DEMINDDSLFUR_MID,DSL002,1.0,2047,1.886792452830188
RE1,DEMINDDSLFUR_MID,DSL002,1.0,2048,1.886792452830188
RE1,DEMINDDSLFUR_MID,DSL002,1.0,2049,1.886792452830188
RE1,DEMINDDSLFUR_MID,DSL002,1.0,2050,1.886792452830188
RE1,DEMINDDSLFUR_MID,DSL002,1.0,2051,1.886792452830188
RE1,DEMINDDSLFUR_MID,DSL002,1.0,2052,1.886792452830188
RE1,DEMINDDSLFUR_MID,DSL002,1.0,2053,1.886792452830188
RE1,DEMINDDSLFUR_MID,DSL002,1.0,2054,1.886792452830188
RE1,DEMINDDSLFUR_MID,DSL002,1.0,2055,1.886792452830188
RE1,DEMINDELCAIR_HIG,ELC002,1.0,2022,1.030927835051547
RE1,DEMINDELCAIR_HIG,ELC002,1.0,2023,1.030927835051547
RE1,DEMINDELCAIR_HIG,ELC002,1.0,2024,1.030927835051547
RE1,DEMINDELCAIR_HIG,ELC002,1.0,2025,1.030927835051547
RE1,DEMINDELCAIR_HIG,ELC002,1.0,2026,1.030927835051547
RE1,DEMINDELCAIR_HIG,ELC002,1.0,2027,1.030927835051547
RE1,DEMINDELCAIR_HIG,ELC002,1.0,2028,1.030927835051547
RE1,DEMINDELCAIR_HIG,ELC002,1.0,2029,1.030927835051547
RE1,DEMINDELCAIR_HIG,ELC002,1.0,2030,1.030927835051547
RE1,DEMINDELCAIR_HIG,ELC002,1.0,2031,1.030927835051547
RE1,DEMINDELCAIR_HIG,ELC002,1.0,2032,1.030927835051547
RE1,DEMINDELCAIR_HIG,ELC002,1.0,2033,1.030927835051547
RE1,DEMINDELCAIR_HIG,ELC002,1.0,2034,1.030927835051547
RE1,DEMINDELCAIR_HIG,ELC002,1.0,2035,1.030927835051547
RE1,DEMINDELCAIR_HIG,ELC002,1.0,2036,1.030927835051547
RE1,DEMINDELCAIR_HIG,ELC002,1.0,2037,1.030927835051547
RE1,DEMINDELCAIR_HIG,ELC002,1.0,2038,1.030927835051547
RE1,DEMINDELCAIR_HIG,ELC002,1.0,2039,1.030927835051547
RE1,DEMINDELCAIR_HIG,ELC002,1.0,2040,1.030927835051547
RE1,DEMINDELCAIR_HIG,ELC002,1.0,2041,1.030927835051547
RE1,DEMINDELCAIR_HIG,ELC002,1.0,2042,1.030927835051547
RE1,DEMINDELCAIR_HIG,ELC002,1.0,2043,1.030927835051547
RE1,DEMINDELCAIR_HIG,ELC002,1.0,2044,1.030927835051547
RE1,DEMINDELCAIR_HIG,ELC002,1.0,2045,1.030927835051547
RE1,DEMINDELCAIR_HIG,ELC002,1.0,2046,1.030927835051547
RE1,DEMINDELCAIR_HIG,ELC002,1.0,2047,1.030927835051547
RE1,DEMINDELCAIR_HIG,ELC002,1.0,2048,1.030927835051547
RE1,DEMINDELCAIR_HIG,ELC002,1.0,2049,1.030927835051547
RE1,DEMINDELCAIR_HIG,ELC002,1.0,2050,1.030927835051547
RE1,DEMINDELCAIR_HIG,ELC002,1.0,2051,1.030927835051547
RE1,DEMINDELCAIR_HIG,ELC002,1.0,2052,1.030927835051547
RE1,DEMINDELCAIR_HIG,ELC002,1.0,2053,1.030927835051547
RE1,DEMINDELCAIR_HIG,ELC002,1.0,2054,1.030927835051547
RE1,DEMINDELCAIR_HIG,ELC002,1.0,2055,1.030927835051547
RE1,DEMINDELCAIR_LOW,ELC002,1.0,2022,1.219512195121951
RE1,DEMINDELCAIR_LOW,ELC002,1.0,2023,1.219512195121951
RE1,DEMINDELCAIR_LOW,ELC002,1.0,2024,1.219512195121951
RE1,DEMINDELCAIR_LOW,ELC002,1.0,2025,1.219512195121951
RE1,DEMINDELCAIR_LOW,ELC002,1.0,2026,1.219512195121951
RE1,DEMINDELCAIR_LOW,ELC002,1.0,2027,1.219512195121951
RE1,DEMINDELCAIR_LOW,ELC002,1.0,2028,1.219512195121951
RE1,DEMINDELCAIR_LOW,ELC002,1.0,2029,1.219512195121951
RE1,DEMINDELCAIR_LOW,ELC002,1.0,2030,1.219512195121951
RE1,DEMINDELCAIR_LOW,ELC002,1.0,2031,1.219512195121951
RE1,DEMINDELCAIR_LOW,ELC002,1.0,2032,1.219512195121951
RE1,DEMINDELCAIR_LOW,ELC002,1.0,2033,1.219512195121951
RE1,DEMINDELCAIR_LOW,ELC002,1.0,2034,1.219512195121951
RE1,DEMINDELCAIR_LOW,ELC002,1.0,2035,1.219512195121951
RE1,DEMINDELCAIR_LOW,ELC002,1.0,2036,1.219512195121951
RE1,DEMINDELCAIR_LOW,ELC002,1.0,2037,1.219512195121951
RE1,DEMINDELCAIR_LOW,ELC002,1.0,2038,1.219512195121951
RE1,DEMINDELCAIR_LOW,ELC002,1.0,2039,1.219512195121951
RE1,DEMINDELCAIR_LOW,ELC002,1.0,2040,1.219512195121951
RE1,DEMINDELCAIR_LOW,ELC002,1.0,2041,1.219512195121951
RE1,DEMINDELCAIR_LOW,ELC002,1.0,2042,1.219512195121951
RE1,DEMINDELCAIR_LOW,ELC002,1.0,2043,1.219512195121951
RE1,DEMINDELCAIR_LOW,ELC002,1.0,2044,1.219512195121951
RE1,DEMINDELCAIR_LOW,ELC002,1.0,2045,1.219512195121951
RE1,DEMINDELCAIR_LOW,ELC002,1.0,2046,1.219512195121951
RE1,DEMINDELCAIR_LOW,ELC002,1.0,2047,1.219512195121951
RE1,DEMINDELCAIR_LOW,ELC002,1.0,2048,1.219512195121951
RE1,DEMINDELCAIR_LOW,ELC002,1.0,2049,1.219512195121951
RE1,DEMINDELCAIR_LOW,ELC002,1.0,2050,1.219512195121951
RE1,DEMINDELCAIR_LOW,ELC002,1.0,2051,1.219512195121951
RE1,DEMINDELCAIR_LOW,ELC002,1.0,2052,1.219512195121951
RE1,DEMINDELCAIR_LOW,ELC002,1.0,2053,1.219512195121951
RE1,DEMINDELCAIR_LOW,ELC002,1.0,2054,1.219512195121951
RE1,DEMINDELCAIR_LOW,ELC002,1.0,2055,1.219512195121951
RE1,DEMINDELCAIR_MID,ELC002,1.0,2022,1.216910324073566
RE1,DEMINDELCAIR_MID,ELC002,1.0,2023,1.215722542992388
RE1,DEMINDELCAIR_MID,ELC002,1.0,2024,1.214011839524341
RE1,DEMINDELCAIR_MID,ELC002,1.0,2025,1.211568926760295
RE1,DEMINDELCAIR_MID,ELC002,1.0,2026,1.208122573166982
RE1,DEMINDELCAIR_MID,ELC002,1.0,2027,1.203343105937951
RE1,DEMINDELCAIR_MID,ELC002,1.0,2028,1.196869805339124
RE1,DEMINDELCAIR_MID,ELC002,1.0,2029,1.188377699826542
RE1,DEMINDELCAIR_MID,ELC002,1.0,2030,1.177691684799761
RE1,DEMINDELCAIR_MID,ELC002,1.0,2031,1.164928071964658
RE1,DEMINDELCAIR_MID,ELC002,1.0,2032,1.150598918784882
RE1,DEMINDELCAIR_MID,ELC002,1.0,2033,1.135589370883489
RE1,DEMINDELCAIR_MID,ELC002,1.0,2034,1.120966379076433
RE1,DEMINDELCAIR_MID,ELC002,1.0,2035,1.107692155742575
RE1,DEMINDELCAIR_MID,ELC002,1.0,2036,1.09639345729214
RE1,DEMINDELCAIR_MID,ELC002,1.0,2037,1.087291348004262
RE1,DEMINDELCAIR_MID,ELC002,1.0,2038,1.080278480490705
RE1,DEMINDELCAIR_MID,ELC002,1.0,2039,1.075058639562158
RE1,DEMINDELCAIR_MID,ELC002,1.0,2040,1.071272373975944
RE1,DEMINDELCAIR_MID,ELC002,1.0,2041,1.068577077970501
RE1,DEMINDELCAIR_MID,ELC002,1.0,2042,1.066683956299266
RE1,DEMINDELCAIR_MID,ELC002,1.0,2043,1.065366754706709
RE1,DEMINDELCAIR_MID,ELC002,1.0,2044,1.064456274885824
RE1,DEMINDELCAIR_MID,ELC002,1.0,2045,1.063829787234043
RE1,DEMINDELCAIR_MID,ELC002,1.0,2046,1.063829787234043
RE1,DEMINDELCAIR_MID,ELC002,1.0,2047,1.063829787234043
RE1,DEMINDELCAIR_MID,ELC002,1.0,2048,1.063829787234043
RE1,DEMINDELCAIR_MID,ELC002,1.0,2049,1.063829787234043
RE1,DEMINDELCAIR_MID,ELC002,1.0,2050,1.063829787234043
RE1,DEMINDELCAIR_MID,ELC002,1.0,2051,1.063829787234043
RE1,DEMINDELCAIR_MID,ELC002,1.0,2052,1.063829787234043
RE1,DEMINDELCAIR_MID,ELC002,1.0,2053,1.063829787234043
RE1,DEMINDELCAIR_MID,ELC002,1.0,2054,1.063829787234043
RE1,DEMINDELCAIR_MID,ELC002,1.0,2055,1.063829787234043
RE1,DEMINDELCBOI_HIG,ELC002,1.0,2022,1.020408163265306
RE1,DEMINDELCBOI_HIG,ELC002,1.0,2023,1.020408163265306
RE1,DEMINDELCBOI_HIG,ELC002,1.0,2024,1.020408163265306
RE1,DEMINDELCBOI_HIG,ELC002,1.0,2025,1.020408163265306
RE1,DEMINDELCBOI_HIG,ELC002,1.0,2026,1.020408163265306
RE1,DEMINDELCBOI_HIG,ELC002,1.0,2027,1.020408163265306
RE1,DEMINDELCBOI_HIG,ELC002,1.0,2028,1.020408163265306
RE1,DEMINDELCBOI_HIG,ELC002,1.0,2029,1.020408163265306
RE1,DEMINDELCBOI_HIG,ELC002,1.0,2030,1.020408163265306
RE1,DEMINDELCBOI_HIG,ELC002,1.0,2031,1.020408163265306
RE1,DEMINDELCBOI_HIG,ELC002,1.0,2032,1.020408163265306
RE1,DEMINDELCBOI_HIG,ELC002,1.0,2033,1.020408163265306
RE1,DEMINDELCBOI_HIG,ELC002,1.0,2034,1.020408163265306
RE1,DEMINDELCBOI_HIG,ELC002,1.0,2035,1.020408163265306
RE1,DEMINDELCBOI_HIG,ELC002,1.0,2036,1.020408163265306
RE1,DEMINDELCBOI_HIG,ELC002,1.0,2037,1.020408163265306
RE1,DEMINDELCBOI_HIG,ELC002,1.0,2038,1.020408163265306
RE1,DEMINDELCBOI_HIG,ELC002,1.0,2039,1.020408163265306
RE1,DEMINDELCBOI_HIG,ELC002,1.0,2040,1.020408163265306
RE1,DEMINDELCBOI_HIG,ELC002,1.0,2041,1.020408163265306
RE1,DEMINDELCBOI_HIG,ELC002,1.0,2042,1.020408163265306
RE1,DEMINDELCBOI_HIG,ELC002,1.0,2043,1.020408163265306
RE1,DEMINDELCBOI_HIG,ELC002,1.0,2044,1.020408163265306
RE1,DEMINDELCBOI_HIG,ELC002,1.0,2045,1.020408163265306
RE1,DEMINDELCBOI_HIG,ELC002,1.0,2046,1.020408163265306
RE1,DEMINDELCBOI_HIG,ELC002,1.0,2047,1.020408163265306
RE1,DEMINDELCBOI_HIG,ELC002,1.0,2048,1.020408163265306
RE1,DEMINDELCBOI_HIG,ELC002,1.0,2049,1.020408163265306
RE1,DEMINDELCBOI_HIG,ELC002,1.0,2050,1.020408163265306
RE1,DEMINDELCBOI_HIG,ELC002,1.0,2051,1.020408163265306
RE1,DEMINDELCBOI_HIG,ELC002,1.0,2052,1.020408163265306
RE1,DEMINDELCBOI_HIG,ELC002,1.0,2053,1.020408163265306
RE1,DEMINDELCBOI_HIG,ELC002,1.0,2054,1.020408163265306
RE1,DEMINDELCBOI_HIG,ELC002,1.0,2055,1.020408163265306
RE1,DEMINDELCBOI_LOW,ELC002,1.0,2022,1.219512195121951
RE1,DEMINDELCBOI_LOW,ELC002,1.0,2023,1.219512195121951
RE1,DEMINDELCBOI_LOW,ELC002,1.0,2024,1.219512195121951
RE1,DEMINDELCBOI_LOW,ELC002,1.0,2025,1.219512195121951
RE1,DEMINDELCBOI_LOW,ELC002,1.0,2026,1.219512195121951
RE1,DEMINDELCBOI_LOW,ELC002,1.0,2027,1.219512195121951
RE1,DEMINDELCBOI_LOW,ELC002,1.0,2028,1.219512195121951
RE1,DEMINDELCBOI_LOW,ELC002,1.0,2029,1.219512195121951
RE1,DEMINDELCBOI_LOW,ELC002,1.0,2030,1.219512195121951
RE1,DEMINDELCBOI_LOW,ELC002,1.0,2031,1.219512195121951
RE1,DEMINDELCBOI_LOW,ELC002,1.0,2032,1.219512195121951
RE1,DEMINDELCBOI_LOW,ELC002,1.0,2033,1.219512195121951
RE1,DEMINDELCBOI_LOW,ELC002,1.0,2034,1.219512195121951
RE1,DEMINDELCBOI_LOW,ELC002,1.0,2035,1.219512195121951
RE1,DEMINDELCBOI_LOW,ELC002,1.0,2036,1.219512195121951
RE1,DEMINDELCBOI_LOW,ELC002,1.0,2037,1.219512195121951
RE1,DEMINDELCBOI_LOW,ELC002,1.0,2038,1.219512195121951
RE1,DEMINDELCBOI_LOW,ELC002,1.0,2039,1.219512195121951
RE1,DEMINDELCBOI_LOW,ELC002,1.0,2040,1.219512195121951
RE1,DEMINDELCBOI_LOW,ELC002,1.0,2041,1.219512195121951
RE1,DEMINDELCBOI_LOW,ELC002,1.0,2042,1.219512195121951
RE1,DEMINDELCBOI_LOW,ELC002,1.0,2043,1.219512195121951
RE1,DEMINDELCBOI_LOW,ELC002,1.0,2044,1.219512195121951
RE1,DEMINDELCBOI_LOW,ELC002,1.0,2045,1.219512195121951
RE1,DEMINDELCBOI_LOW,ELC002,1.0,2046,1.219512195121951
RE1,DEMINDELCBOI_LOW,ELC002,1.0,2047,1.219512195121951
RE1,DEMINDELCBOI_LOW,ELC002,1.0,2048,1.219512195121951
RE1,DEMINDELCBOI_LOW,ELC002,1.0,2049,1.219512195121951
RE1,DEMINDELCBOI_LOW,ELC002,1.0,2050,1.219512195121951
RE1,DEMINDELCBOI_LOW,ELC002,1.0,2051,1.219512195121951
RE1,DEMINDELCBOI_LOW,ELC002,1.0,2052,1.219512195121951
RE1,DEMINDELCBOI_LOW,ELC002,1.0,2053,1.219512195121951
RE1,DEMINDELCBOI_LOW,ELC002,1.0,2054,1.219512195121951
RE1,DEMINDELCBOI_LOW,ELC002,1.0,2055,1.219512195121951
RE1,DEMINDELCBOI_MID,ELC002,1.0,2022,1.216694002545402
RE1,DEMINDELCBOI_MID,ELC002,1.0,2023,1.215407801520228
RE1,DEMINDELCBOI_MID,ELC002,1.0,2024,1.21355571534626
RE1,DEMINDELCBOI_MID,ELC002,1.0,2025,1.210911656016819
RE1,DEMINDELCBOI_MID,ELC002,1.0,2026,1.207183033677407
RE1,DEMINDELCBOI_MID,ELC002,1.0,2027,1.202015014260269
RE1,DEMINDELCBOI_MID,ELC002,1.0,2028,1.19502083329288
RE1,DEMINDELCBOI_MID,ELC002,1.0,2029,1.185854765535936
RE1,DEMINDELCBOI_MID,ELC002,1.0,2030,1.174335744590989
RE1,DEMINDELCBOI_MID,ELC002,1.0,2031,1.160599135743611
RE1,DEMINDELCBOI_MID,ELC002,1.0,2032,1.145206058842495
RE1,DEMINDELCBOI_MID,ELC002,1.0,2033,1.129114209902332
RE1,DEMINDELCBOI_MID,ELC002,1.0,2034,1.11346832336437
RE1,DEMINDELCBOI_MID,ELC002,1.0,2035,1.099292422739231
RE1,DEMINDELCBOI_MID,ELC002,1.0,2036,1.087246330239711
RE1,DEMINDELCBOI_MID,ELC002,1.0,2037,1.077555535447195
RE1,DEMINDELCBOI_MID,ELC002,1.0,2038,1.070097250122042
RE1,DEMINDELCBOI_MID,ELC002,1.0,2039,1.06455046936998
RE1,DEMINDELCBOI_MID,ELC002,1.0,2040,1.060529505851004
RE1,DEMINDELCBOI_MID,ELC002,1.0,2041,1.057668392286199
RE1,DEMINDELCBOI_MID,ELC002,1.0,2042,1.05565942727634
RE1,DEMINDELCBOI_MID,ELC002,1.0,2043,1.054261927318244
RE1,DEMINDELCBOI_MID,ELC002,1.0,2044,1.053296088938473
RE1,DEMINDELCBOI_MID,ELC002,1.0,2045,1.052631578947368
RE1,DEMINDELCBOI_MID,ELC002,1.0,2046,1.052631578947368
RE1,DEMINDELCBOI_MID,ELC002,1.0,2047,1.052631578947368
RE1,DEMINDELCBOI_MID,ELC002,1.0,2048,1.052631578947368
RE1,DEMINDELCBOI_MID,ELC002,1.0,2049,1.052631578947368
RE1,DEMINDELCBOI_MID,ELC002,1.0,2050,1.052631578947368
RE1,DEMINDELCBOI_MID,ELC002,1.0,2051,1.052631578947368
RE1,DEMINDELCBOI_MID,ELC002,1.0,2052,1.052631578947368
RE1,DEMINDELCBOI_MID,ELC002,1.0,2053,1.052631578947368
RE1,DEMINDELCBOI_MID,ELC002,1.0,2054,1.052631578947368
RE1,DEMINDELCBOI_MID,ELC002,1.0,2055,1.052631578947368
RE1,DEMINDELCFUR_HIG,ELC002,1.0,2022,1.041666666666667
RE1,DEMINDELCFUR_HIG,ELC002,1.0,2023,1.041666666666667
RE1,DEMINDELCFUR_HIG,ELC002,1.0,2024,1.041666666666667
RE1,DEMINDELCFUR_HIG,ELC002,1.0,2025,1.041666666666667
RE1,DEMINDELCFUR_HIG,ELC002,1.0,2026,1.041666666666667
RE1,DEMINDELCFUR_HIG,ELC002,1.0,2027,1.041666666666667
RE1,DEMINDELCFUR_HIG,ELC002,1.0,2028,1.041666666666667
RE1,DEMINDELCFUR_HIG,ELC002,1.0,2029,1.041666666666667
RE1,DEMINDELCFUR_HIG,ELC002,1.0,2030,1.041666666666667
RE1,DEMINDELCFUR_HIG,ELC002,1.0,2031,1.041666666666667
RE1,DEMINDELCFUR_HIG,ELC002,1.0,2032,1.041666666666667
RE1,DEMINDELCFUR_HIG,ELC002,1.0,2033,1.041666666666667
RE1,DEMINDELCFUR_HIG,ELC002,1.0,2034,1.041666666666667
RE1,DEMINDELCFUR_HIG,ELC002,1.0,2035,1.041666666666667
RE1,DEMINDELCFUR_HIG,ELC002,1.0,2036,1.041666666666667
RE1,DEMINDELCFUR_HIG,ELC002,1.0,2037,1.041666666666667
RE1,DEMINDELCFUR_HIG,ELC002,1.0,2038,1.041666666666667
RE1,DEMINDELCFUR_HIG,ELC002,1.0,2039,1.041666666666667
RE1,DEMINDELCFUR_HIG,ELC002,1.0,2040,1.041666666666667
RE1,DEMINDELCFUR_HIG,ELC002,1.0,2041,1.041666666666667
RE1,DEMINDELCFUR_HIG,ELC002,1.0,2042,1.041666666666667
RE1,DEMINDELCFUR_HIG,ELC002,1.0,2043,1.041666666666667
RE1,DEMINDELCFUR_HIG,ELC002,1.0,2044,1.041666666666667
RE1,DEMINDELCFUR_HIG,ELC002,1.0,2045,1.041666666666667
RE1,DEMINDELCFUR_HIG,ELC002,1.0,2046,1.041666666666667
RE1,DEMINDELCFUR_HIG,ELC002,1.0,2047,1.041666666666667
RE1,DEMINDELCFUR_HIG,ELC002,1.0,2048,1.041666666666667
RE1,DEMINDELCFUR_HIG,ELC002,1.0,2049,1.041666666666667
RE1,DEMINDELCFUR_HIG,ELC002,1.0,2050,1.041666666666667
RE1,DEMINDELCFUR_HIG,ELC002,1.0,2051,1.041666666666667
RE1,DEMINDELCFUR_HIG,ELC002,1.0,2052,1.041666666666667
RE1,DEMINDELCFUR_HIG,ELC002,1.0,2053,1.041666666666667
RE1,DEMINDELCFUR_HIG,ELC002,1.0,2054,1.041666666666667
RE1,DEMINDELCFUR_HIG,ELC002,1.0,2055,1.041666666666667
RE1,DEMINDELCFUR_LOW,ELC002,1.0,2022,1.333333333333333
RE1,DEMINDELCFUR_LOW,ELC002,1.0,2023,1.333333333333333
RE1,DEMINDELCFUR_LOW,ELC002,1.0,2024,1.333333333333333
RE1,DEMINDELCFUR_LOW,ELC002,1.0,2025,1.333333333333333
RE1,DEMINDELCFUR_LOW,ELC002,1.0,2026,1.333333333333333
RE1,DEMINDELCFUR_LOW,ELC002,1.0,2027,1.333333333333333
RE1,DEMINDELCFUR_LOW,ELC002,1.0,2028,1.333333333333333
RE1,DEMINDELCFUR_LOW,ELC002,1.0,2029,1.333333333333333
RE1,DEMINDELCFUR_LOW,ELC002,1.0,2030,1.333333333333333
RE1,DEMINDELCFUR_LOW,ELC002,1.0,2031,1.333333333333333
RE1,DEMINDELCFUR_LOW,ELC002,1.0,2032,1.333333333333333
RE1,DEMINDELCFUR_LOW,ELC002,1.0,2033,1.333333333333333
RE1,DEMINDELCFUR_LOW,ELC002,1.0,2034,1.333333333333333
RE1,DEMINDELCFUR_LOW,ELC002,1.0,2035,1.333333333333333
RE1,DEMINDELCFUR_LOW,ELC002,1.0,2036,1.333333333333333
RE1,DEMINDELCFUR_LOW,ELC002,1.0,2037,1.333333333333333
RE1,DEMINDELCFUR_LOW,ELC002,1.0,2038,1.333333333333333
RE1,DEMINDELCFUR_LOW,ELC002,1.0,2039,1.333333333333333
RE1,DEMINDELCFUR_LOW,ELC002,1.0,2040,1.333333333333333
RE1,DEMINDELCFUR_LOW,ELC002,1.0,2041,1.333333333333333
RE1,DEMINDELCFUR_LOW,ELC002,1.0,2042,1.333333333333333
RE1,DEMINDELCFUR_LOW,ELC002,1.0,2043,1.333333333333333
RE1,DEMINDELCFUR_LOW,ELC002,1.0,2044,1.333333333333333
RE1,DEMINDELCFUR_LOW,ELC002,1.0,2045,1.333333333333333
RE1,DEMINDELCFUR_LOW,ELC002,1.0,2046,1.333333333333333
RE1,DEMINDELCFUR_LOW,ELC002,1.0,2047,1.333333333333333
RE1,DEMINDELCFUR_LOW,ELC002,1.0,2048,1.333333333333333
RE1,DEMINDELCFUR_LOW,ELC002,1.0,2049,1.333333333333333
RE1,DEMINDELCFUR_LOW,ELC002,1.0,2050,1.333333333333333
RE1,DEMINDELCFUR_LOW,ELC002,1.0,2051,1.333333333333333
RE1,DEMINDELCFUR_LOW,ELC002,1.0,2052,1.333333333333333
RE1,DEMINDELCFUR_LOW,ELC002,1.0,2053,1.333333333333333
RE1,DEMINDELCFUR_LOW,ELC002,1.0,2054,1.333333333333333
RE1,DEMINDELCFUR_LOW,ELC002,1.0,2055,1.333333333333333
RE1,DEMINDELCFUR_MID,ELC002,1.0,2022,1.332035901735344
RE1,DEMINDELCFUR_MID,ELC002,1.0,2023,1.331442606996297
RE1,DEMINDELCFUR_MID,ELC002,1.0,2024,1.330587004919136
RE1,DEMINDELCFUR_MID,ELC002,1.0,2025,1.329362917298343
RE1,DEMINDELCFUR_MID,ELC002,1.0,2026,1.327631464872604
RE1,DEMINDELCFUR_MID,ELC002,1.0,2027,1.325221372206494
RE1,DEMINDELCFUR_MID,ELC002,1.0,2028,1.321940581588866
RE1,DEMINDELCFUR_MID,ELC002,1.0,2029,1.317607461592152
RE1,DEMINDELCFUR_MID,ELC002,1.0,2030,1.312107320370035
RE1,DEMINDELCFUR_MID,ELC002,1.0,2031,1.305467336425213
RE1,DEMINDELCFUR_MID,ELC002,1.0,2032,1.297919888788482
RE1,DEMINDELCFUR_MID,ELC002,1.0,2033,1.289906481780071
RE1,DEMINDELCFUR_MID,ELC002,1.0,2034,1.281991417760676
RE1,DEMINDELCFUR_MID,ELC002,1.0,2035,1.274712220670062
RE1,DEMINDELCFUR_MID,ELC002,1.0,2036,1.268444418908127
RE1,DEMINDELCFUR_MID,ELC002,1.0,2037,1.263346272751748
RE1,DEMINDELCFUR_MID,ELC002,1.0,2038,1.259388191040173
RE1,DEMINDELCFUR_MID,ELC002,1.0,2039,1.25642490005711
RE1,DEMINDELCFUR_MID,ELC002,1.0,2040,1.254266191445173
RE1,DEMINDELCFUR_MID,ELC002,1.0,2041,1.252724722318365
RE1,DEMINDELCFUR_MID,ELC002,1.0,2042,1.251639645144925
RE1,DEMINDELCFUR_MID,ELC002,1.0,2043,1.250883505030752
RE1,DEMINDELCFUR_MID,ELC002,1.0,2044,1.250360285251778
RE1,DEMINDELCFUR_MID,ELC002,1.0,2045,1.25
RE1,DEMINDELCFUR_MID,ELC002,1.0,2046,1.25
RE1,DEMINDELCFUR_MID,ELC002,1.0,2047,1.25
RE1,DEMINDELCFUR_MID,ELC002,1.0,2048,1.25
RE1,DEMINDELCFUR_MID,ELC002,1.0,2049,1.25
RE1,DEMINDELCFUR_MID,ELC002,1.0,2050,1.25
RE1,DEMINDELCFUR_MID,ELC002,1.0,2051,1.25
RE1,DEMINDELCFUR_MID,ELC002,1.0,2052,1.25
RE1,DEMINDELCFUR_MID,ELC002,1.0,2053,1.25
RE1,DEMINDELCFUR_MID,ELC002,1.0,2054,1.25
RE1,DEMINDELCFUR_MID,ELC002,1.0,2055,1.25
RE1,DEMINDELCILU_HIG,ELC002,1.0,2022,1.492537313432836
RE1,DEMINDELCILU_HIG,ELC002,1.0,2023,1.492537313432836
RE1,DEMINDELCILU_HIG,ELC002,1.0,2024,1.492537313432836
RE1,DEMINDELCILU_HIG,ELC002,1.0,2025,1.492537313432836
RE1,DEMINDELCILU_HIG,ELC002,1.0,2026,1.492537313432836
RE1,DEMINDELCILU_HIG,ELC002,1.0,2027,1.492537313432836
RE1,DEMINDELCILU_HIG,ELC002,1.0,2028,1.492537313432836
RE1,DEMINDELCILU_HIG,ELC002,1.0,2029,1.492537313432836
RE1,DEMINDELCILU_HIG,ELC002,1.0,2030,1.492537313432836
RE1,DEMINDELCILU_HIG,ELC002,1.0,2031,1.492537313432836
RE1,DEMINDELCILU_HIG,ELC002,1.0,2032,1.492537313432836
RE1,DEMINDELCILU_HIG,ELC002,1.0,2033,1.492537313432836
RE1,DEMINDELCILU_HIG,ELC002,1.0,2034,1.492537313432836
RE1,DEMINDELCILU_HIG,ELC002,1.0,2035,1.492537313432836
RE1,DEMINDELCILU_HIG,ELC002,1.0,2036,1.492537313432836
RE1,DEMINDELCILU_HIG,ELC002,1.0,2037,1.492537313432836
RE1,DEMINDELCILU_HIG,ELC002,1.0,2038,1.492537313432836
RE1,DEMINDELCILU_HIG,ELC002,1.0,2039,1.492537313432836
RE1,DEMINDELCILU_HIG,ELC002,1.0,2040,1.492537313432836
RE1,DEMINDELCILU_HIG,ELC002,1.0,2041,1.492537313432836
RE1,DEMINDELCILU_HIG,ELC002,1.0,2042,1.492537313432836
RE1,DEMINDELCILU_HIG,ELC002,1.0,2043,1.492537313432836
RE1,DEMINDELCILU_HIG,ELC002,1.0,2044,1.492537313432836
RE1,DEMINDELCILU_HIG,ELC002,1.0,2045,1.492537313432836
RE1,DEMINDELCILU_HIG,ELC002,1.0,2046,1.492537313432836
RE1,DEMINDELCILU_HIG,ELC002,1.0,2047,1.492537313432836
RE1,DEMINDELCILU_HIG,ELC002,1.0,2048,1.492537313432836
RE1,DEMINDELCILU_HIG,ELC002,1.0,2049,1.492537313432836
RE1,DEMINDELCILU_HIG,ELC002,1.0,2050,1.492537313432836
RE1,DEMINDELCILU_HIG,ELC002,1.0,2051,1.492537313432836
RE1,DEMINDELCILU_HIG,ELC002,1.0,2052,1.492537313432836
RE1,DEMINDELCILU_HIG,ELC002,1.0,2053,1.492537313432836
RE1,DEMINDELCILU_HIG,ELC002,1.0,2054,1.492537313432836
RE1,DEMINDELCILU_HIG,ELC002,1.0,2055,1.492537313432836
RE1,DEMINDELCILU_LOW,ELC002,1.0,2022,5.0
RE1,DEMINDELCILU_LOW,ELC002,1.0,2023,5.0
RE1,DEMINDELCILU_LOW,ELC002,1.0,2024,5.0
RE1,DEMINDELCILU_LOW,ELC002,1.0,2025,5.0
RE1,DEMINDELCILU_LOW,ELC002,1.0,2026,5.0
RE1,DEMINDELCILU_LOW,ELC002,1.0,2027,5.0
RE1,DEMINDELCILU_LOW,ELC002,1.0,2028,5.0
RE1,DEMINDELCILU_LOW,ELC002,1.0,2029,5.0
RE1,DEMINDELCILU_LOW,ELC002,1.0,2030,5.0
RE1,DEMINDELCILU_LOW,ELC002,1.0,2031,5.0
RE1,DEMINDELCILU_LOW,ELC002,1.0,2032,5.0
RE1,DEMINDELCILU_LOW,ELC002,1.0,2033,5.0
RE1,DEMINDELCILU_LOW,ELC002,1.0,2034,5.0
RE1,DEMINDELCILU_LOW,ELC002,1.0,2035,5.0
RE1,DEMINDELCILU_LOW,ELC002,1.0,2036,5.0
RE1,DEMINDELCILU_LOW,ELC002,1.0,2037,5.0
RE1,DEMINDELCILU_LOW,ELC002,1.0,2038,5.0
RE1,DEMINDELCILU_LOW,ELC002,1.0,2039,5.0
RE1,DEMINDELCILU_LOW,ELC002,1.0,2040,5.0
RE1,DEMINDELCILU_LOW,ELC002,1.0,2041,5.0
RE1,DEMINDELCILU_LOW,ELC002,1.0,2042,5.0
RE1,DEMINDELCILU_LOW,ELC002,1.0,2043,5.0
RE1,DEMINDELCILU_LOW,ELC002,1.0,2044,5.0
RE1,DEMINDELCILU_LOW,ELC002,1.0,2045,5.0
RE1,DEMINDELCILU_LOW,ELC002,1.0,2046,5.0
RE1,DEMINDELCILU_LOW,ELC002,1.0,2047,5.0
RE1,DEMINDELCILU_LOW,ELC002,1.0,2048,5.0
RE1,DEMINDELCILU_LOW,ELC002,1.0,2049,5.0
RE1,DEMINDELCILU_LOW,ELC002,1.0,2050,5.0
RE1,DEMINDELCILU_LOW,ELC002,1.0,2051,5.0
RE1,DEMINDELCILU_LOW,ELC002,1.0,2052,5.0
RE1,DEMINDELCILU_LOW,ELC002,1.0,2053,5.0
RE1,DEMINDELCILU_LOW,ELC002,1.0,2054,5.0
RE1,DEMINDELCILU_LOW,ELC002,1.0,2055,5.0
RE1,DEMINDELCILU_MID,ELC002,1.0,2022,4.938667800535632
RE1,DEMINDELCILU_MID,ELC002,1.0,2023,4.911081214118925
RE1,DEMINDELCILU_MID,ELC002,1.0,2024,4.871794016367221
RE1,DEMINDELCILU_MID,ELC002,1.0,2025,4.816582144117623
RE1,DEMINDELCILU_MID,ELC002,1.0,2026,4.740422586334007
RE1,DEMINDELCILU_MID,ELC002,1.0,2027,4.638023358772188
RE1,DEMINDELCILU_MID,ELC002,1.0,2028,4.504983075649501
RE1,DEMINDELCILU_MID,ELC002,1.0,2029,4.339624409776841
RE1,DEMINDELCILU_MID,ELC002,1.0,2030,4.145052760640262
RE1,DEMINDELCILU_MID,ELC002,1.0,2031,3.930333949699566
RE1,DEMINDELCILU_MID,ELC002,1.0,2032,3.709526818051866
RE1,DEMINDELCILU_MID,ELC002,1.0,2033,3.498338289312577
RE1,DEMINDELCILU_MID,ELC002,1.0,2034,3.309901014222736
RE1,DEMINDELCILU_MID,ELC002,1.0,2035,3.151902532588844
RE1,DEMINDELCILU_MID,ELC002,1.0,2036,3.026189729548537
RE1,DEMINDELCILU_MID,ELC002,1.0,2037,2.930271454282633
RE1,DEMINDELCILU_MID,ELC002,1.0,2038,2.859401102702496
RE1,DEMINDELCILU_MID,ELC002,1.0,2039,2.808271636456471
RE1,DEMINDELCILU_MID,ELC002,1.0,2040,2.77201550531156
RE1,DEMINDELCILU_MID,ELC002,1.0,2041,2.746619666367875
RE1,DEMINDELCILU_MID,ELC002,1.0,2042,2.728983506712917
RE1,DEMINDELCILU_MID,ELC002,1.0,2043,2.716809176827577
RE1,DEMINDELCILU_MID,ELC002,1.0,2044,2.708439872354426
RE1,DEMINDELCILU_MID,ELC002,1.0,2045,2.702702702702703
RE1,DEMINDELCILU_MID,ELC002,1.0,2046,2.702702702702703
RE1,DEMINDELCILU_MID,ELC002,1.0,2047,2.702702702702703
RE1,DEMINDELCILU_MID,ELC002,1.0,2048,2.702702702702703
RE1,DEMINDELCILU_MID,ELC002,1.0,2049,2.702702702702703
RE1,DEMINDELCILU_MID,ELC002,1.0,2050,2.702702702702703
RE1,DEMINDELCILU_MID,ELC002,1.0,2051,2.702702702702703
RE1,DEMINDELCILU_MID,ELC002,1.0,2052,2.702702702702703
RE1,DEMINDELCILU_MID,ELC002,1.0,2053,2.702702702702703
RE1,DEMINDELCILU_MID,ELC002,1.0,2054,2.702702702702703
RE1,DEMINDELCILU_MID,ELC002,1.0,2055,2.702702702702703
RE1,DEMINDELCMPW_HIG,ELC002,1.0,2022,1.030927835051547
RE1,DEMINDELCMPW_HIG,ELC002,1.0,2023,1.030927835051547
RE1,DEMINDELCMPW_HIG,ELC002,1.0,2024,1.030927835051547
RE1,DEMINDELCMPW_HIG,ELC002,1.0,2025,1.030927835051547
RE1,DEMINDELCMPW_HIG,ELC002,1.0,2026,1.030927835051547
RE1,DEMINDELCMPW_HIG,ELC002,1.0,2027,1.030927835051547
RE1,DEMINDELCMPW_HIG,ELC002,1.0,2028,1.030927835051547
RE1,DEMINDELCMPW_HIG,ELC002,1.0,2029,1.030927835051547
RE1,DEMINDELCMPW_HIG,ELC002,1.0,2030,1.030927835051547
RE1,DEMINDELCMPW_HIG,ELC002,1.0,2031,1.030927835051547
RE1,DEMINDELCMPW_HIG,ELC002,1.0,2032,1.030927835051547
RE1,DEMINDELCMPW_HIG,ELC002,1.0,2033,1.030927835051547
RE1,DEMINDELCMPW_HIG,ELC002,1.0,2034,1.030927835051547
RE1,DEMINDELCMPW_HIG,ELC002,1.0,2035,1.030927835051547
RE1,DEMINDELCMPW_HIG,ELC002,1.0,2036,1.030927835051547
RE1,DEMINDELCMPW_HIG,ELC002,1.0,2037,1.030927835051547
RE1,DEMINDELCMPW_HIG,ELC002,1.0,2038,1.030927835051547
RE1,DEMINDELCMPW_HIG,ELC002,1.0,2039,1.030927835051547
RE1,DEMINDELCMPW_HIG,ELC002,1.0,2040,1.030927835051547
RE1,DEMINDELCMPW_HIG,ELC002,1.0,2041,1.030927835051547
RE1,DEMINDELCMPW_HIG,ELC002,1.0,2042,1.030927835051547
RE1,DEMINDELCMPW_HIG,ELC002,1.0,2043,1.030927835051547
RE1,DEMINDELCMPW_HIG,ELC002,1.0,2044,1.030927835051547
RE1,DEMINDELCMPW_HIG,ELC002,1.0,2045,1.030927835051547
RE1,DEMINDELCMPW_HIG,ELC002,1.0,2046,1.030927835051547
RE1,DEMINDELCMPW_HIG,ELC002,1.0,2047,1.030927835051547
RE1,DEMINDELCMPW_HIG,ELC002,1.0,2048,1.030927835051547
RE1,DEMINDELCMPW_HIG,ELC002,1.0,2049,1.030927835051547
RE1,DEMINDELCMPW_HIG,ELC002,1.0,2050,1.030927835051547
RE1,DEMINDELCMPW_HIG,ELC002,1.0,2051,1.030927835051547
RE1,DEMINDELCMPW_HIG,ELC002,1.0,2052,1.030927835051547
RE1,DEMINDELCMPW_HIG,ELC002,1.0,2053,1.030927835051547
RE1,DEMINDELCMPW_HIG,ELC002,1.0,2054,1.030927835051547
RE1,DEMINDELCMPW_HIG,ELC002,1.0,2055,1.030927835051547
RE1,DEMINDELCMPW_LOW,ELC002,1.0,2022,1.219512195121951
RE1,DEMINDELCMPW_LOW,ELC002,1.0,2023,1.219512195121951
RE1,DEMINDELCMPW_LOW,ELC002,1.0,2024,1.219512195121951
RE1,DEMINDELCMPW_LOW,ELC002,1.0,2025,1.219512195121951
RE1,DEMINDELCMPW_LOW,ELC002,1.0,2026,1.219512195121951
RE1,DEMINDELCMPW_LOW,ELC002,1.0,2027,1.219512195121951
RE1,DEMINDELCMPW_LOW,ELC002,1.0,2028,1.219512195121951
RE1,DEMINDELCMPW_LOW,ELC002,1.0,2029,1.219512195121951
RE1,DEMINDELCMPW_LOW,ELC002,1.0,2030,1.219512195121951
RE1,DEMINDELCMPW_LOW,ELC002,1.0,2031,1.219512195121951
RE1,DEMINDELCMPW_LOW,ELC002,1.0,2032,1.219512195121951
RE1,DEMINDELCMPW_LOW,ELC002,1.0,2033,1.219512195121951
RE1,DEMINDELCMPW_LOW,ELC002,1.0,2034,1.219512195121951
RE1,DEMINDELCMPW_LOW,ELC002,1.0,2035,1.219512195121951
RE1,DEMINDELCMPW_LOW,ELC002,1.0,2036,1.219512195121951
RE1,DEMINDELCMPW_LOW,ELC002,1.0,2037,1.219512195121951
RE1,DEMINDELCMPW_LOW,ELC002,1.0,2038,1.219512195121951
RE1,DEMINDELCMPW_LOW,ELC002,1.0,2039,1.219512195121951
RE1,DEMINDELCMPW_LOW,ELC002,1.0,2040,1.219512195121951
RE1,DEMINDELCMPW_LOW,ELC002,1.0,2041,1.219512195121951
RE1,DEMINDELCMPW_LOW,ELC002,1.0,2042,1.219512195121951
RE1,DEMINDELCMPW_LOW,ELC002,1.0,2043,1.219512195121951
RE1,DEMINDELCMPW_LOW,ELC002,1.0,2044,1.219512195121951
RE1,DEMINDELCMPW_LOW,ELC002,1.0,2045,1.219512195121951
RE1,DEMINDELCMPW_LOW,ELC002,1.0,2046,1.219512195121951
RE1,DEMINDELCMPW_LOW,ELC002,1.0,2047,1.219512195121951
RE1,DEMINDELCMPW_LOW,ELC002,1.0,2048,1.219512195121951
RE1,DEMINDELCMPW_LOW,ELC002,1.0,2049,1.219512195121951
RE1,DEMINDELCMPW_LOW,ELC002,1.0,2050,1.219512195121951
RE1,DEMINDELCMPW_LOW,ELC002,1.0,2051,1.219512195121951
RE1,DEMINDELCMPW_LOW,ELC002,1.0,2052,1.219512195121951
RE1,DEMINDELCMPW_LOW,ELC002,1.0,2053,1.219512195121951
RE1,DEMINDELCMPW_LOW,ELC002,1.0,2054,1.219512195121951
RE1,DEMINDELCMPW_LOW,ELC002,1.0,2055,1.219512195121951
RE1,DEMINDELCMPW_MID,ELC002,1.0,2022,1.216910324073566
RE1,DEMINDELCMPW_MID,ELC002,1.0,2023,1.215722542992388
RE1,DEMINDELCMPW_MID,ELC002,1.0,2024,1.214011839524341
RE1,DEMINDELCMPW_MID,ELC002,1.0,2025,1.211568926760295
RE1,DEMINDELCMPW_MID,ELC002,1.0,2026,1.208122573166982
RE1,DEMINDELCMPW_MID,ELC002,1.0,2027,1.203343105937951
RE1,DEMINDELCMPW_MID,ELC002,1.0,2028,1.196869805339124
RE1,DEMINDELCMPW_MID,ELC002,1.0,2029,1.188377699826542
RE1,DEMINDELCMPW_MID,ELC002,1.0,2030,1.177691684799761
RE1,DEMINDELCMPW_MID,ELC002,1.0,2031,1.164928071964658
RE1,DEMINDELCMPW_MID,ELC002,1.0,2032,1.150598918784882
RE1,DEMINDELCMPW_MID,ELC002,1.0,2033,1.135589370883489
RE1,DEMINDELCMPW_MID,ELC002,1.0,2034,1.120966379076433
RE1,DEMINDELCMPW_MID,ELC002,1.0,2035,1.107692155742575
RE1,DEMINDELCMPW_MID,ELC002,1.0,2036,1.09639345729214
RE1,DEMINDELCMPW_MID,ELC002,1.0,2037,1.087291348004262
RE1,DEMINDELCMPW_MID,ELC002,1.0,2038,1.080278480490705
RE1,DEMINDELCMPW_MID,ELC002,1.0,2039,1.075058639562158
RE1,DEMINDELCMPW_MID,ELC002,1.0,2040,1.071272373975944
RE1,DEMINDELCMPW_MID,ELC002,1.0,2041,1.068577077970501
RE1,DEMINDELCMPW_MID,ELC002,1.0,2042,1.066683956299266
RE1,DEMINDELCMPW_MID,ELC002,1.0,2043,1.065366754706709
RE1,DEMINDELCMPW_MID,ELC002,1.0,2044,1.064456274885824
RE1,DEMINDELCMPW_MID,ELC002,1.0,2045,1.063829787234043
RE1,DEMINDELCMPW_MID,ELC002,1.0,2046,1.063829787234043
RE1,DEMINDELCMPW_MID,ELC002,1.0,2047,1.063829787234043
RE1,DEMINDELCMPW_MID,ELC002,1.0,2048,1.063829787234043
RE1,DEMINDELCMPW_MID,ELC002,1.0,2049,1.063829787234043
RE1,DEMINDELCMPW_MID,ELC002,1.0,2050,1.063829787234043
RE1,DEMINDELCMPW_MID,ELC002,1.0,2051,1.063829787234043
RE1,DEMINDELCMPW_MID,ELC002,1.0,2052,1.063829787234043
RE1,DEMINDELCMPW_MID,ELC002,1.0,2053,1.063829787234043
RE1,DEMINDELCMPW_MID,ELC002,1.0,2054,1.063829787234043
RE1,DEMINDELCMPW_MID,ELC002,1.0,2055,1.063829787234043
RE1,DEMINDELCOTH_HIG,ELC002,1.0,2022,1.111111111111111
RE1,DEMINDELCOTH_HIG,ELC002,1.0,2023,1.111111111111111
RE1,DEMINDELCOTH_HIG,ELC002,1.0,2024,1.111111111111111
RE1,DEMINDELCOTH_HIG,ELC002,1.0,2025,1.111111111111111
RE1,DEMINDELCOTH_HIG,ELC002,1.0,2026,1.111111111111111
RE1,DEMINDELCOTH_HIG,ELC002,1.0,2027,1.111111111111111
RE1,DEMINDELCOTH_HIG,ELC002,1.0,2028,1.111111111111111
RE1,DEMINDELCOTH_HIG,ELC002,1.0,2029,1.111111111111111
RE1,DEMINDELCOTH_HIG,ELC002,1.0,2030,1.111111111111111
RE1,DEMINDELCOTH_HIG,ELC002,1.0,2031,1.111111111111111
RE1,DEMINDELCOTH_HIG,ELC002,1.0,2032,1.111111111111111
RE1,DEMINDELCOTH_HIG,ELC002,1.0,2033,1.111111111111111
RE1,DEMINDELCOTH_HIG,ELC002,1.0,2034,1.111111111111111
RE1,DEMINDELCOTH_HIG,ELC002,1.0,2035,1.111111111111111
RE1,DEMINDELCOTH_HIG,ELC002,1.0,2036,1.111111111111111
RE1,DEMINDELCOTH_HIG,ELC002,1.0,2037,1.111111111111111
RE1,DEMINDELCOTH_HIG,ELC002,1.0,2038,1.111111111111111
RE1,DEMINDELCOTH_HIG,ELC002,1.0,2039,1.111111111111111
RE1,DEMINDELCOTH_HIG,ELC002,1.0,2040,1.111111111111111
RE1,DEMINDELCOTH_HIG,ELC002,1.0,2041,1.111111111111111
RE1,DEMINDELCOTH_HIG,ELC002,1.0,2042,1.111111111111111
RE1,DEMINDELCOTH_HIG,ELC002,1.0,2043,1.111111111111111
RE1,DEMINDELCOTH_HIG,ELC002,1.0,2044,1.111111111111111
RE1,DEMINDELCOTH_HIG,ELC002,1.0,2045,1.111111111111111
RE1,DEMINDELCOTH_HIG,ELC002,1.0,2046,1.111111111111111
RE1,DEMINDELCOTH_HIG,ELC002,1.0,2047,1.111111111111111
RE1,DEMINDELCOTH_HIG,ELC002,1.0,2048,1.111111111111111
RE1,DEMINDELCOTH_HIG,ELC002,1.0,2049,1.111111111111111
RE1,DEMINDELCOTH_HIG,ELC002,1.0,2050,1.111111111111111
RE1,DEMINDELCOTH_HIG,ELC002,1.0,2051,1.111111111111111
RE1,DEMINDELCOTH_HIG,ELC002,1.0,2052,1.111111111111111
RE1,DEMINDELCOTH_HIG,ELC002,1.0,2053,1.111111111111111
RE1,DEMINDELCOTH_HIG,ELC002,1.0,2054,1.111111111111111
RE1,DEMINDELCOTH_HIG,ELC002,1.0,2055,1.111111111111111
RE1,DEMINDELCOTH_LOW,ELC002,1.0,2022,1.333333333333333
RE1,DEMINDELCOTH_LOW,ELC002,1.0,2023,1.333333333333333
RE1,DEMINDELCOTH_LOW,ELC002,1.0,2024,1.333333333333333
RE1,DEMINDELCOTH_LOW,ELC002,1.0,2025,1.333333333333333
RE1,DEMINDELCOTH_LOW,ELC002,1.0,2026,1.333333333333333
RE1,DEMINDELCOTH_LOW,ELC002,1.0,2027,1.333333333333333
RE1,DEMINDELCOTH_LOW,ELC002,1.0,2028,1.333333333333333
RE1,DEMINDELCOTH_LOW,ELC002,1.0,2029,1.333333333333333
RE1,DEMINDELCOTH_LOW,ELC002,1.0,2030,1.333333333333333
RE1,DEMINDELCOTH_LOW,ELC002,1.0,2031,1.333333333333333
RE1,DEMINDELCOTH_LOW,ELC002,1.0,2032,1.333333333333333
RE1,DEMINDELCOTH_LOW,ELC002,1.0,2033,1.333333333333333
RE1,DEMINDELCOTH_LOW,ELC002,1.0,2034,1.333333333333333
RE1,DEMINDELCOTH_LOW,ELC002,1.0,2035,1.333333333333333
RE1,DEMINDELCOTH_LOW,ELC002,1.0,2036,1.333333333333333
RE1,DEMINDELCOTH_LOW,ELC002,1.0,2037,1.333333333333333
RE1,DEMINDELCOTH_LOW,ELC002,1.0,2038,1.333333333333333
RE1,DEMINDELCOTH_LOW,ELC002,1.0,2039,1.333333333333333
RE1,DEMINDELCOTH_LOW,ELC002,1.0,2040,1.333333333333333
RE1,DEMINDELCOTH_LOW,ELC002,1.0,2041,1.333333333333333
RE1,DEMINDELCOTH_LOW,ELC002,1.0,2042,1.333333333333333
RE1,DEMINDELCOTH_LOW,ELC002,1.0,2043,1.333333333333333
RE1,DEMINDELCOTH_LOW,ELC002,1.0,2044,1.333333333333333
RE1,DEMINDELCOTH_LOW,ELC002,1.0,2045,1.333333333333333
RE1,DEMINDELCOTH_LOW,ELC002,1.0,2046,1.333333333333333
RE1,DEMINDELCOTH_LOW,ELC002,1.0,2047,1.333333333333333
RE1,DEMINDELCOTH_LOW,ELC002,1.0,2048,1.333333333333333
RE1,DEMINDELCOTH_LOW,ELC002,1.0,2049,1.333333333333333
RE1,DEMINDELCOTH_LOW,ELC002,1.0,2050,1.333333333333333
RE1,DEMINDELCOTH_LOW,ELC002,1.0,2051,1.333333333333333
RE1,DEMINDELCOTH_LOW,ELC002,1.0,2052,1.333333333333333
RE1,DEMINDELCOTH_LOW,ELC002,1.0,2053,1.333333333333333
RE1,DEMINDELCOTH_LOW,ELC002,1.0,2054,1.333333333333333
RE1,DEMINDELCOTH_LOW,ELC002,1.0,2055,1.333333333333333
RE1,DEMINDELCOTH_MID,ELC002,1.0,2022,1.332035901735344
RE1,DEMINDELCOTH_MID,ELC002,1.0,2023,1.331442606996297
RE1,DEMINDELCOTH_MID,ELC002,1.0,2024,1.330587004919136
RE1,DEMINDELCOTH_MID,ELC002,1.0,2025,1.329362917298343
RE1,DEMINDELCOTH_MID,ELC002,1.0,2026,1.327631464872604
RE1,DEMINDELCOTH_MID,ELC002,1.0,2027,1.325221372206494
RE1,DEMINDELCOTH_MID,ELC002,1.0,2028,1.321940581588866
RE1,DEMINDELCOTH_MID,ELC002,1.0,2029,1.317607461592152
RE1,DEMINDELCOTH_MID,ELC002,1.0,2030,1.312107320370035
RE1,DEMINDELCOTH_MID,ELC002,1.0,2031,1.305467336425213
RE1,DEMINDELCOTH_MID,ELC002,1.0,2032,1.297919888788482
RE1,DEMINDELCOTH_MID,ELC002,1.0,2033,1.289906481780071
RE1,DEMINDELCOTH_MID,ELC002,1.0,2034,1.281991417760676
RE1,DEMINDELCOTH_MID,ELC002,1.0,2035,1.274712220670062
RE1,DEMINDELCOTH_MID,ELC002,1.0,2036,1.268444418908127
RE1,DEMINDELCOTH_MID,ELC002,1.0,2037,1.263346272751748
RE1,DEMINDELCOTH_MID,ELC002,1.0,2038,1.259388191040173
RE1,DEMINDELCOTH_MID,ELC002,1.0,2039,1.25642490005711
RE1,DEMINDELCOTH_MID,ELC002,1.0,2040,1.254266191445173
RE1,DEMINDELCOTH_MID,ELC002,1.0,2041,1.252724722318365
RE1,DEMINDELCOTH_MID,ELC002,1.0,2042,1.251639645144925
RE1,DEMINDELCOTH_MID,ELC002,1.0,2043,1.250883505030752
RE1,DEMINDELCOTH_MID,ELC002,1.0,2044,1.250360285251778
RE1,DEMINDELCOTH_MID,ELC002,1.0,2045,1.25
RE1,DEMINDELCOTH_MID,ELC002,1.0,2046,1.25
RE1,DEMINDELCOTH_MID,ELC002,1.0,2047,1.25
RE1,DEMINDELCOTH_MID,ELC002,1.0,2048,1.25
RE1,DEMINDELCOTH_MID,ELC002,1.0,2049,1.25
RE1,DEMINDELCOTH_MID,ELC002,1.0,2050,1.25
RE1,DEMINDELCOTH_MID,ELC002,1.0,2051,1.25
RE1,DEMINDELCOTH_MID,ELC002,1.0,2052,1.25
RE1,DEMINDELCOTH_MID,ELC002,1.0,2053,1.25
RE1,DEMINDELCOTH_MID,ELC002,1.0,2054,1.25
RE1,DEMINDELCOTH_MID,ELC002,1.0,2055,1.25
RE1,DEMINDELCREF_HIG,ELC002,1.0,2022,1.030927835051547
RE1,DEMINDELCREF_HIG,ELC002,1.0,2023,1.030927835051547
RE1,DEMINDELCREF_HIG,ELC002,1.0,2024,1.030927835051547
RE1,DEMINDELCREF_HIG,ELC002,1.0,2025,1.030927835051547
RE1,DEMINDELCREF_HIG,ELC002,1.0,2026,1.030927835051547
RE1,DEMINDELCREF_HIG,ELC002,1.0,2027,1.030927835051547
RE1,DEMINDELCREF_HIG,ELC002,1.0,2028,1.030927835051547
RE1,DEMINDELCREF_HIG,ELC002,1.0,2029,1.030927835051547
RE1,DEMINDELCREF_HIG,ELC002,1.0,2030,1.030927835051547
RE1,DEMINDELCREF_HIG,ELC002,1.0,2031,1.030927835051547
RE1,DEMINDELCREF_HIG,ELC002,1.0,2032,1.030927835051547
RE1,DEMINDELCREF_HIG,ELC002,1.0,2033,1.030927835051547
RE1,DEMINDELCREF_HIG,ELC002,1.0,2034,1.030927835051547
RE1,DEMINDELCREF_HIG,ELC002,1.0,2035,1.030927835051547
RE1,DEMINDELCREF_HIG,ELC002,1.0,2036,1.030927835051547
RE1,DEMINDELCREF_HIG,ELC002,1.0,2037,1.030927835051547
RE1,DEMINDELCREF_HIG,ELC002,1.0,2038,1.030927835051547
RE1,DEMINDELCREF_HIG,ELC002,1.0,2039,1.030927835051547
RE1,DEMINDELCREF_HIG,ELC002,1.0,2040,1.030927835051547
RE1,DEMINDELCREF_HIG,ELC002,1.0,2041,1.030927835051547
RE1,DEMINDELCREF_HIG,ELC002,1.0,2042,1.030927835051547
RE1,DEMINDELCREF_HIG,ELC002,1.0,2043,1.030927835051547
RE1,DEMINDELCREF_HIG,ELC002,1.0,2044,1.030927835051547
RE1,DEMINDELCREF_HIG,ELC002,1.0,2045,1.030927835051547
RE1,DEMINDELCREF_HIG,ELC002,1.0,2046,1.030927835051547
RE1,DEMINDELCREF_HIG,ELC002,1.0,2047,1.030927835051547
RE1,DEMINDELCREF_HIG,ELC002,1.0,2048,1.030927835051547
RE1,DEMINDELCREF_HIG,ELC002,1.0,2049,1.030927835051547
RE1,DEMINDELCREF_HIG,ELC002,1.0,2050,1.030927835051547
RE1,DEMINDELCREF_HIG,ELC002,1.0,2051,1.030927835051547
RE1,DEMINDELCREF_HIG,ELC002,1.0,2052,1.030927835051547
RE1,DEMINDELCREF_HIG,ELC002,1.0,2053,1.030927835051547
RE1,DEMINDELCREF_HIG,ELC002,1.0,2054,1.030927835051547
RE1,DEMINDELCREF_HIG,ELC002,1.0,2055,1.030927835051547
RE1,DEMINDELCREF_LOW,ELC002,1.0,2022,1.219512195121951
RE1,DEMINDELCREF_LOW,ELC002,1.0,2023,1.219512195121951
RE1,DEMINDELCREF_LOW,ELC002,1.0,2024,1.219512195121951
RE1,DEMINDELCREF_LOW,ELC002,1.0,2025,1.219512195121951
RE1,DEMINDELCREF_LOW,ELC002,1.0,2026,1.219512195121951
RE1,DEMINDELCREF_LOW,ELC002,1.0,2027,1.219512195121951
RE1,DEMINDELCREF_LOW,ELC002,1.0,2028,1.219512195121951
RE1,DEMINDELCREF_LOW,ELC002,1.0,2029,1.219512195121951
RE1,DEMINDELCREF_LOW,ELC002,1.0,2030,1.219512195121951
RE1,DEMINDELCREF_LOW,ELC002,1.0,2031,1.219512195121951
RE1,DEMINDELCREF_LOW,ELC002,1.0,2032,1.219512195121951
RE1,DEMINDELCREF_LOW,ELC002,1.0,2033,1.219512195121951
RE1,DEMINDELCREF_LOW,ELC002,1.0,2034,1.219512195121951
RE1,DEMINDELCREF_LOW,ELC002,1.0,2035,1.219512195121951
RE1,DEMINDELCREF_LOW,ELC002,1.0,2036,1.219512195121951
RE1,DEMINDELCREF_LOW,ELC002,1.0,2037,1.219512195121951
RE1,DEMINDELCREF_LOW,ELC002,1.0,2038,1.219512195121951
RE1,DEMINDELCREF_LOW,ELC002,1.0,2039,1.219512195121951
RE1,DEMINDELCREF_LOW,ELC002,1.0,2040,1.219512195121951
RE1,DEMINDELCREF_LOW,ELC002,1.0,2041,1.219512195121951
RE1,DEMINDELCREF_LOW,ELC002,1.0,2042,1.219512195121951
RE1,DEMINDELCREF_LOW,ELC002,1.0,2043,1.219512195121951
RE1,DEMINDELCREF_LOW,ELC002,1.0,2044,1.219512195121951
RE1,DEMINDELCREF_LOW,ELC002,1.0,2045,1.219512195121951
RE1,DEMINDELCREF_LOW,ELC002,1.0,2046,1.219512195121951
RE1,DEMINDELCREF_LOW,ELC002,1.0,2047,1.219512195121951
RE1,DEMINDELCREF_LOW,ELC002,1.0,2048,1.219512195121951
RE1,DEMINDELCREF_LOW,ELC002,1.0,2049,1.219512195121951
RE1,DEMINDELCREF_LOW,ELC002,1.0,2050,1.219512195121951
RE1,DEMINDELCREF_LOW,ELC002,1.0,2051,1.219512195121951
RE1,DEMINDELCREF_LOW,ELC002,1.0,2052,1.219512195121951
RE1,DEMINDELCREF_LOW,ELC002,1.0,2053,1.219512195121951
RE1,DEMINDELCREF_LOW,ELC002,1.0,2054,1.219512195121951
RE1,DEMINDELCREF_LOW,ELC002,1.0,2055,1.219512195121951
RE1,DEMINDELCREF_MID,ELC002,1.0,2022,1.216910324073566
RE1,DEMINDELCREF_MID,ELC002,1.0,2023,1.215722542992388
RE1,DEMINDELCREF_MID,ELC002,1.0,2024,1.214011839524341
RE1,DEMINDELCREF_MID,ELC002,1.0,2025,1.211568926760295
RE1,DEMINDELCREF_MID,ELC002,1.0,2026,1.208122573166982
RE1,DEMINDELCREF_MID,ELC002,1.0,2027,1.203343105937951
RE1,DEMINDELCREF_MID,ELC002,1.0,2028,1.196869805339124
RE1,DEMINDELCREF_MID,ELC002,1.0,2029,1.188377699826542
RE1,DEMINDELCREF_MID,ELC002,1.0,2030,1.177691684799761
RE1,DEMINDELCREF_MID,ELC002,1.0,2031,1.164928071964658
RE1,DEMINDELCREF_MID,ELC002,1.0,2032,1.150598918784882
RE1,DEMINDELCREF_MID,ELC002,1.0,2033,1.135589370883489
RE1,DEMINDELCREF_MID,ELC002,1.0,2034,1.120966379076433
RE1,DEMINDELCREF_MID,ELC002,1.0,2035,1.107692155742575
RE1,DEMINDELCREF_MID,ELC002,1.0,2036,1.09639345729214
RE1,DEMINDELCREF_MID,ELC002,1.0,2037,1.087291348004262
RE1,DEMINDELCREF_MID,ELC002,1.0,2038,1.080278480490705
RE1,DEMINDELCREF_MID,ELC002,1.0,2039,1.075058639562158
RE1,DEMINDELCREF_MID,ELC002,1.0,2040,1.071272373975944
RE1,DEMINDELCREF_MID,ELC002,1.0,2041,1.068577077970501
RE1,DEMINDELCREF_MID,ELC002,1.0,2042,1.066683956299266
RE1,DEMINDELCREF_MID,ELC002,1.0,2043,1.065366754706709
RE1,DEMINDELCREF_MID,ELC002,1.0,2044,1.064456274885824
RE1,DEMINDELCREF_MID,ELC002,1.0,2045,1.063829787234043
RE1,DEMINDELCREF_MID,ELC002,1.0,2046,1.063829787234043
RE1,DEMINDELCREF_MID,ELC002,1.0,2047,1.063829787234043
RE1,DEMINDELCREF_MID,ELC002,1.0,2048,1.063829787234043
RE1,DEMINDELCREF_MID,ELC002,1.0,2049,1.063829787234043
RE1,DEMINDELCREF_MID,ELC002,1.0,2050,1.063829787234043
RE1,DEMINDELCREF_MID,ELC002,1.0,2051,1.063829787234043
RE1,DEMINDELCREF_MID,ELC002,1.0,2052,1.063829787234043
RE1,DEMINDELCREF_MID,ELC002,1.0,2053,1.063829787234043
RE1,DEMINDELCREF_MID,ELC002,1.0,2054,1.063829787234043
RE1,DEMINDELCREF_MID,ELC002,1.0,2055,1.063829787234043
RE1,DEMINDHDGBOI_HIG,HDG,1.0,2022,1.25
RE1,DEMINDHDGBOI_HIG,HDG,1.0,2023,1.25
RE1,DEMINDHDGBOI_HIG,HDG,1.0,2024,1.25
RE1,DEMINDHDGBOI_HIG,HDG,1.0,2025,1.25
RE1,DEMINDHDGBOI_HIG,HDG,1.0,2026,1.25
RE1,DEMINDHDGBOI_HIG,HDG,1.0,2027,1.25
RE1,DEMINDHDGBOI_HIG,HDG,1.0,2028,1.25
RE1,DEMINDHDGBOI_HIG,HDG,1.0,2029,1.25
RE1,DEMINDHDGBOI_HIG,HDG,1.0,2030,1.25
RE1,DEMINDHDGBOI_HIG,HDG,1.0,2031,1.25
RE1,DEMINDHDGBOI_HIG,HDG,1.0,2032,1.25
RE1,DEMINDHDGBOI_HIG,HDG,1.0,2033,1.25
RE1,DEMINDHDGBOI_HIG,HDG,1.0,2034,1.25
RE1,DEMINDHDGBOI_HIG,HDG,1.0,2035,1.25
RE1,DEMINDHDGBOI_HIG,HDG,1.0,2036,1.25
RE1,DEMINDHDGBOI_HIG,HDG,1.0,2037,1.25
RE1,DEMINDHDGBOI_HIG,HDG,1.0,2038,1.25
RE1,DEMINDHDGBOI_HIG,HDG,1.0,2039,1.25
RE1,DEMINDHDGBOI_HIG,HDG,1.0,2040,1.25
RE1,DEMINDHDGBOI_HIG,HDG,1.0,2041,1.25
RE1,DEMINDHDGBOI_HIG,HDG,1.0,2042,1.25
RE1,DEMINDHDGBOI_HIG,HDG,1.0,2043,1.25
RE1,DEMINDHDGBOI_HIG,HDG,1.0,2044,1.25
RE1,DEMINDHDGBOI_HIG,HDG,1.0,2045,1.25
RE1,DEMINDHDGBOI_HIG,HDG,1.0,2046,1.25
RE1,DEMINDHDGBOI_HIG,HDG,1.0,2047,1.25
RE1,DEMINDHDGBOI_HIG,HDG,1.0,2048,1.25
RE1,DEMINDHDGBOI_HIG,HDG,1.0,2049,1.25
RE1,DEMINDHDGBOI_HIG,HDG,1.0,2050,1.25
RE1,DEMINDHDGBOI_HIG,HDG,1.0,2051,1.25
RE1,DEMINDHDGBOI_HIG,HDG,1.0,2052,1.25
RE1,DEMINDHDGBOI_HIG,HDG,1.0,2053,1.25
RE1,DEMINDHDGBOI_HIG,HDG,1.0,2054,1.25
RE1,DEMINDHDGBOI_HIG,HDG,1.0,2055,1.25
RE1,DEMINDHDGBOI_LOW,HDG,1.0,2022,1.666666666666667
RE1,DEMINDHDGBOI_LOW,HDG,1.0,2023,1.666666666666667
RE1,DEMINDHDGBOI_LOW,HDG,1.0,2024,1.666666666666667
RE1,DEMINDHDGBOI_LOW,HDG,1.0,2025,1.666666666666667
RE1,DEMINDHDGBOI_LOW,HDG,1.0,2026,1.666666666666667
RE1,DEMINDHDGBOI_LOW,HDG,1.0,2027,1.666666666666667
RE1,DEMINDHDGBOI_LOW,HDG,1.0,2028,1.666666666666667
RE1,DEMINDHDGBOI_LOW,HDG,1.0,2029,1.666666666666667
RE1,DEMINDHDGBOI_LOW,HDG,1.0,2030,1.666666666666667
RE1,DEMINDHDGBOI_LOW,HDG,1.0,2031,1.666666666666667
RE1,DEMINDHDGBOI_LOW,HDG,1.0,2032,1.666666666666667
RE1,DEMINDHDGBOI_LOW,HDG,1.0,2033,1.666666666666667
RE1,DEMINDHDGBOI_LOW,HDG,1.0,2034,1.666666666666667
RE1,DEMINDHDGBOI_LOW,HDG,1.0,2035,1.666666666666667
RE1,DEMINDHDGBOI_LOW,HDG,1.0,2036,1.666666666666667
RE1,DEMINDHDGBOI_LOW,HDG,1.0,2037,1.666666666666667
RE1,DEMINDHDGBOI_LOW,HDG,1.0,2038,1.666666666666667
RE1,DEMINDHDGBOI_LOW,HDG,1.0,2039,1.666666666666667
RE1,DEMINDHDGBOI_LOW,HDG,1.0,2040,1.666666666666667
RE1,DEMINDHDGBOI_LOW,HDG,1.0,2041,1.666666666666667
RE1,DEMINDHDGBOI_LOW,HDG,1.0,2042,1.666666666666667
RE1,DEMINDHDGBOI_LOW,HDG,1.0,2043,1.666666666666667
RE1,DEMINDHDGBOI_LOW,HDG,1.0,2044,1.666666666666667
RE1,DEMINDHDGBOI_LOW,HDG,1.0,2045,1.666666666666667
RE1,DEMINDHDGBOI_LOW,HDG,1.0,2046,1.666666666666667
RE1,DEMINDHDGBOI_LOW,HDG,1.0,2047,1.666666666666667
RE1,DEMINDHDGBOI_LOW,HDG,1.0,2048,1.666666666666667
RE1,DEMINDHDGBOI_LOW,HDG,1.0,2049,1.666666666666667
RE1,DEMINDHDGBOI_LOW,HDG,1.0,2050,1.666666666666667
RE1,DEMINDHDGBOI_LOW,HDG,1.0,2051,1.666666666666667
RE1,DEMINDHDGBOI_LOW,HDG,1.0,2052,1.666666666666667
RE1,DEMINDHDGBOI_LOW,HDG,1.0,2053,1.666666666666667
RE1,DEMINDHDGBOI_LOW,HDG,1.0,2054,1.666666666666667
RE1,DEMINDHDGBOI_LOW,HDG,1.0,2055,1.666666666666667
RE1,DEMINDLPGBOI_HIG,LPG002,1.0,2022,1.282051282051282
RE1,DEMINDLPGBOI_HIG,LPG002,1.0,2023,1.282051282051282
RE1,DEMINDLPGBOI_HIG,LPG002,1.0,2024,1.282051282051282
RE1,DEMINDLPGBOI_HIG,LPG002,1.0,2025,1.282051282051282
RE1,DEMINDLPGBOI_HIG,LPG002,1.0,2026,1.282051282051282
RE1,DEMINDLPGBOI_HIG,LPG002,1.0,2027,1.282051282051282
RE1,DEMINDLPGBOI_HIG,LPG002,1.0,2028,1.282051282051282
RE1,DEMINDLPGBOI_HIG,LPG002,1.0,2029,1.282051282051282
RE1,DEMINDLPGBOI_HIG,LPG002,1.0,2030,1.282051282051282
RE1,DEMINDLPGBOI_HIG,LPG002,1.0,2031,1.282051282051282
RE1,DEMINDLPGBOI_HIG,LPG002,1.0,2032,1.282051282051282
RE1,DEMINDLPGBOI_HIG,LPG002,1.0,2033,1.282051282051282
RE1,DEMINDLPGBOI_HIG,LPG002,1.0,2034,1.282051282051282
RE1,DEMINDLPGBOI_HIG,LPG002,1.0,2035,1.282051282051282
RE1,DEMINDLPGBOI_HIG,LPG002,1.0,2036,1.282051282051282
RE1,DEMINDLPGBOI_HIG,LPG002,1.0,2037,1.282051282051282
RE1,DEMINDLPGBOI_HIG,LPG002,1.0,2038,1.282051282051282
RE1,DEMINDLPGBOI_HIG,LPG002,1.0,2039,1.282051282051282
RE1,DEMINDLPGBOI_HIG,LPG002,1.0,2040,1.282051282051282
RE1,DEMINDLPGBOI_HIG,LPG002,1.0,2041,1.282051282051282
RE1,DEMINDLPGBOI_HIG,LPG002,1.0,2042,1.282051282051282
RE1,DEMINDLPGBOI_HIG,LPG002,1.0,2043,1.282051282051282
RE1,DEMINDLPGBOI_HIG,LPG002,1.0,2044,1.282051282051282
RE1,DEMINDLPGBOI_HIG,LPG002,1.0,2045,1.282051282051282
RE1,DEMINDLPGBOI_HIG,LPG002,1.0,2046,1.282051282051282
RE1,DEMINDLPGBOI_HIG,LPG002,1.0,2047,1.282051282051282
RE1,DEMINDLPGBOI_HIG,LPG002,1.0,2048,1.282051282051282
RE1,DEMINDLPGBOI_HIG,LPG002,1.0,2049,1.282051282051282
RE1,DEMINDLPGBOI_HIG,LPG002,1.0,2050,1.282051282051282
RE1,DEMINDLPGBOI_HIG,LPG002,1.0,2051,1.282051282051282
RE1,DEMINDLPGBOI_HIG,LPG002,1.0,2052,1.282051282051282
RE1,DEMINDLPGBOI_HIG,LPG002,1.0,2053,1.282051282051282
RE1,DEMINDLPGBOI_HIG,LPG002,1.0,2054,1.282051282051282
RE1,DEMINDLPGBOI_HIG,LPG002,1.0,2055,1.282051282051282
RE1,DEMINDLPGBOI_LOW,LPG002,1.0,2022,2.631578947368421
RE1,DEMINDLPGBOI_LOW,LPG002,1.0,2023,2.631578947368421
RE1,DEMINDLPGBOI_LOW,LPG002,1.0,2024,2.631578947368421
RE1,DEMINDLPGBOI_LOW,LPG002,1.0,2025,2.631578947368421
RE1,DEMINDLPGBOI_LOW,LPG002,1.0,2026,2.631578947368421
RE1,DEMINDLPGBOI_LOW,LPG002,1.0,2027,2.631578947368421
RE1,DEMINDLPGBOI_LOW,LPG002,1.0,2028,2.631578947368421
RE1,DEMINDLPGBOI_LOW,LPG002,1.0,2029,2.631578947368421
RE1,DEMINDLPGBOI_LOW,LPG002,1.0,2030,2.631578947368421
RE1,DEMINDLPGBOI_LOW,LPG002,1.0,2031,2.631578947368421
RE1,DEMINDLPGBOI_LOW,LPG002,1.0,2032,2.631578947368421
RE1,DEMINDLPGBOI_LOW,LPG002,1.0,2033,2.631578947368421
RE1,DEMINDLPGBOI_LOW,LPG002,1.0,2034,2.631578947368421
RE1,DEMINDLPGBOI_LOW,LPG002,1.0,2035,2.631578947368421
RE1,DEMINDLPGBOI_LOW,LPG002,1.0,2036,2.631578947368421
RE1,DEMINDLPGBOI_LOW,LPG002,1.0,2037,2.631578947368421
RE1,DEMINDLPGBOI_LOW,LPG002,1.0,2038,2.631578947368421
RE1,DEMINDLPGBOI_LOW,LPG002,1.0,2039,2.631578947368421
RE1,DEMINDLPGBOI_LOW,LPG002,1.0,2040,2.631578947368421
RE1,DEMINDLPGBOI_LOW,LPG002,1.0,2041,2.631578947368421
RE1,DEMINDLPGBOI_LOW,LPG002,1.0,2042,2.631578947368421
RE1,DEMINDLPGBOI_LOW,LPG002,1.0,2043,2.631578947368421
RE1,DEMINDLPGBOI_LOW,LPG002,1.0,2044,2.631578947368421
RE1,DEMINDLPGBOI_LOW,LPG002,1.0,2045,2.631578947368421
RE1,DEMINDLPGBOI_LOW,LPG002,1.0,2046,2.631578947368421
RE1,DEMINDLPGBOI_LOW,LPG002,1.0,2047,2.631578947368421
RE1,DEMINDLPGBOI_LOW,LPG002,1.0,2048,2.631578947368421
RE1,DEMINDLPGBOI_LOW,LPG002,1.0,2049,2.631578947368421
RE1,DEMINDLPGBOI_LOW,LPG002,1.0,2050,2.631578947368421
RE1,DEMINDLPGBOI_LOW,LPG002,1.0,2051,2.631578947368421
RE1,DEMINDLPGBOI_LOW,LPG002,1.0,2052,2.631578947368421
RE1,DEMINDLPGBOI_LOW,LPG002,1.0,2053,2.631578947368421
RE1,DEMINDLPGBOI_LOW,LPG002,1.0,2054,2.631578947368421
RE1,DEMINDLPGBOI_LOW,LPG002,1.0,2055,2.631578947368421
RE1,DEMINDLPGBOI_MID,LPG002,1.0,2022,2.616489046636153
RE1,DEMINDLPGBOI_MID,LPG002,1.0,2023,2.609636495116118
RE1,DEMINDLPGBOI_MID,LPG002,1.0,2024,2.599806610552803
RE1,DEMINDLPGBOI_MID,LPG002,1.0,2025,2.585849637670832
RE1,DEMINDLPGBOI_MID,LPG002,1.0,2026,2.566318633781218
RE1,DEMINDLPGBOI_MID,LPG002,1.0,2027,2.539535957520489
RE1,DEMINDLPGBOI_MID,LPG002,1.0,2028,2.503812330768546
RE1,DEMINDLPGBOI_MID,LPG002,1.0,2029,2.45788332675616
RE1,DEMINDLPGBOI_MID,LPG002,1.0,2030,2.401546554023846
RE1,DEMINDLPGBOI_MID,LPG002,1.0,2031,2.336297814247763
RE1,DEMINDLPGBOI_MID,LPG002,1.0,2032,2.26556638072807
RE1,DEMINDLPGBOI_MID,LPG002,1.0,2033,2.194185408667032
RE1,DEMINDLPGBOI_MID,LPG002,1.0,2034,2.127165033917952
RE1,DEMINDLPGBOI_MID,LPG002,1.0,2035,2.068370495453275
RE1,DEMINDLPGBOI_MID,LPG002,1.0,2036,2.0197872114543
RE1,DEMINDLPGBOI_MID,LPG002,1.0,2037,1.981587631083534
RE1,DEMINDLPGBOI_MID,LPG002,1.0,2038,1.952709118069119
RE1,DEMINDLPGBOI_MID,LPG002,1.0,2039,1.931518876207199
RE1,DEMINDLPGBOI_MID,LPG002,1.0,2040,1.916308032471836
RE1,DEMINDLPGBOI_MID,LPG002,1.0,2041,1.9055607456569
RE1,DEMINDLPGBOI_MID,LPG002,1.0,2042,1.898051820317226
RE1,DEMINDLPGBOI_MID,LPG002,1.0,2043,1.89284645985227
RE1,DEMINDLPGBOI_MID,LPG002,1.0,2044,1.889257571650335
RE1,DEMINDLPGBOI_MID,LPG002,1.0,2045,1.886792452830188
RE1,DEMINDLPGBOI_MID,LPG002,1.0,2046,1.886792452830188
RE1,DEMINDLPGBOI_MID,LPG002,1.0,2047,1.886792452830188
RE1,DEMINDLPGBOI_MID,LPG002,1.0,2048,1.886792452830188
RE1,DEMINDLPGBOI_MID,LPG002,1.0,2049,1.886792452830188
RE1,DEMINDLPGBOI_MID,LPG002,1.0,2050,1.886792452830188
RE1,DEMINDLPGBOI_MID,LPG002,1.0,2051,1.886792452830188
RE1,DEMINDLPGBOI_MID,LPG002,1.0,2052,1.886792452830188
RE1,DEMINDLPGBOI_MID,LPG002,1.0,2053,1.886792452830188
RE1,DEMINDLPGBOI_MID,LPG002,1.0,2054,1.886792452830188
RE1,DEMINDLPGBOI_MID,LPG002,1.0,2055,1.886792452830188
RE1,DEMINDLPGFUR_HIG,LPG002,1.0,2022,1.666666666666667
RE1,DEMINDLPGFUR_HIG,LPG002,1.0,2023,1.666666666666667
RE1,DEMINDLPGFUR_HIG,LPG002,1.0,2024,1.666666666666667
RE1,DEMINDLPGFUR_HIG,LPG002,1.0,2025,1.666666666666667
RE1,DEMINDLPGFUR_HIG,LPG002,1.0,2026,1.666666666666667
RE1,DEMINDLPGFUR_HIG,LPG002,1.0,2027,1.666666666666667
RE1,DEMINDLPGFUR_HIG,LPG002,1.0,2028,1.666666666666667
RE1,DEMINDLPGFUR_HIG,LPG002,1.0,2029,1.666666666666667
RE1,DEMINDLPGFUR_HIG,LPG002,1.0,2030,1.666666666666667
RE1,DEMINDLPGFUR_HIG,LPG002,1.0,2031,1.666666666666667
RE1,DEMINDLPGFUR_HIG,LPG002,1.0,2032,1.666666666666667
RE1,DEMINDLPGFUR_HIG,LPG002,1.0,2033,1.666666666666667
RE1,DEMINDLPGFUR_HIG,LPG002,1.0,2034,1.666666666666667
RE1,DEMINDLPGFUR_HIG,LPG002,1.0,2035,1.666666666666667
RE1,DEMINDLPGFUR_HIG,LPG002,1.0,2036,1.666666666666667
RE1,DEMINDLPGFUR_HIG,LPG002,1.0,2037,1.666666666666667
RE1,DEMINDLPGFUR_HIG,LPG002,1.0,2038,1.666666666666667
RE1,DEMINDLPGFUR_HIG,LPG002,1.0,2039,1.666666666666667
RE1,DEMINDLPGFUR_HIG,LPG002,1.0,2040,1.666666666666667
RE1,DEMINDLPGFUR_HIG,LPG002,1.0,2041,1.666666666666667
RE1,DEMINDLPGFUR_HIG,LPG002,1.0,2042,1.666666666666667
RE1,DEMINDLPGFUR_HIG,LPG002,1.0,2043,1.666666666666667
RE1,DEMINDLPGFUR_HIG,LPG002,1.0,2044,1.666666666666667
RE1,DEMINDLPGFUR_HIG,LPG002,1.0,2045,1.666666666666667
RE1,DEMINDLPGFUR_HIG,LPG002,1.0,2046,1.666666666666667
RE1,DEMINDLPGFUR_HIG,LPG002,1.0,2047,1.666666666666667
RE1,DEMINDLPGFUR_HIG,LPG002,1.0,2048,1.666666666666667
RE1,DEMINDLPGFUR_HIG,LPG002,1.0,2049,1.666666666666667
RE1,DEMINDLPGFUR_HIG,LPG002,1.0,2050,1.666666666666667
RE1,DEMINDLPGFUR_HIG,LPG002,1.0,2051,1.666666666666667
RE1,DEMINDLPGFUR_HIG,LPG002,1.0,2052,1.666666666666667
RE1,DEMINDLPGFUR_HIG,LPG002,1.0,2053,1.666666666666667
RE1,DEMINDLPGFUR_HIG,LPG002,1.0,2054,1.666666666666667
RE1,DEMINDLPGFUR_HIG,LPG002,1.0,2055,1.666666666666667
RE1,DEMINDLPGFUR_LOW,LPG002,1.0,2022,2.631578947368421
RE1,DEMINDLPGFUR_LOW,LPG002,1.0,2023,2.631578947368421
RE1,DEMINDLPGFUR_LOW,LPG002,1.0,2024,2.631578947368421
RE1,DEMINDLPGFUR_LOW,LPG002,1.0,2025,2.631578947368421
RE1,DEMINDLPGFUR_LOW,LPG002,1.0,2026,2.631578947368421
RE1,DEMINDLPGFUR_LOW,LPG002,1.0,2027,2.631578947368421
RE1,DEMINDLPGFUR_LOW,LPG002,1.0,2028,2.631578947368421
RE1,DEMINDLPGFUR_LOW,LPG002,1.0,2029,2.631578947368421
RE1,DEMINDLPGFUR_LOW,LPG002,1.0,2030,2.631578947368421
RE1,DEMINDLPGFUR_LOW,LPG002,1.0,2031,2.631578947368421
RE1,DEMINDLPGFUR_LOW,LPG002,1.0,2032,2.631578947368421
RE1,DEMINDLPGFUR_LOW,LPG002,1.0,2033,2.631578947368421
RE1,DEMINDLPGFUR_LOW,LPG002,1.0,2034,2.631578947368421
RE1,DEMINDLPGFUR_LOW,LPG002,1.0,2035,2.631578947368421
RE1,DEMINDLPGFUR_LOW,LPG002,1.0,2036,2.631578947368421
RE1,DEMINDLPGFUR_LOW,LPG002,1.0,2037,2.631578947368421
RE1,DEMINDLPGFUR_LOW,LPG002,1.0,2038,2.631578947368421
RE1,DEMINDLPGFUR_LOW,LPG002,1.0,2039,2.631578947368421
RE1,DEMINDLPGFUR_LOW,LPG002,1.0,2040,2.631578947368421
RE1,DEMINDLPGFUR_LOW,LPG002,1.0,2041,2.631578947368421
RE1,DEMINDLPGFUR_LOW,LPG002,1.0,2042,2.631578947368421
RE1,DEMINDLPGFUR_LOW,LPG002,1.0,2043,2.631578947368421
RE1,DEMINDLPGFUR_LOW,LPG002,1.0,2044,2.631578947368421
RE1,DEMINDLPGFUR_LOW,LPG002,1.0,2045,2.631578947368421
RE1,DEMINDLPGFUR_LOW,LPG002,1.0,2046,2.631578947368421
RE1,DEMINDLPGFUR_LOW,LPG002,1.0,2047,2.631578947368421
RE1,DEMINDLPGFUR_LOW,LPG002,1.0,2048,2.631578947368421
RE1,DEMINDLPGFUR_LOW,LPG002,1.0,2049,2.631578947368421
RE1,DEMINDLPGFUR_LOW,LPG002,1.0,2050,2.631578947368421
RE1,DEMINDLPGFUR_LOW,LPG002,1.0,2051,2.631578947368421
RE1,DEMINDLPGFUR_LOW,LPG002,1.0,2052,2.631578947368421
RE1,DEMINDLPGFUR_LOW,LPG002,1.0,2053,2.631578947368421
RE1,DEMINDLPGFUR_LOW,LPG002,1.0,2054,2.631578947368421
RE1,DEMINDLPGFUR_LOW,LPG002,1.0,2055,2.631578947368421
RE1,DEMINDLPGFUR_MID,LPG002,1.0,2022,2.616489046636153
RE1,DEMINDLPGFUR_MID,LPG002,1.0,2023,2.609636495116118
RE1,DEMINDLPGFUR_MID,LPG002,1.0,2024,2.599806610552803
RE1,DEMINDLPGFUR_MID,LPG002,1.0,2025,2.585849637670832
RE1,DEMINDLPGFUR_MID,LPG002,1.0,2026,2.566318633781218
RE1,DEMINDLPGFUR_MID,LPG002,1.0,2027,2.539535957520489
RE1,DEMINDLPGFUR_MID,LPG002,1.0,2028,2.503812330768546
RE1,DEMINDLPGFUR_MID,LPG002,1.0,2029,2.45788332675616
RE1,DEMINDLPGFUR_MID,LPG002,1.0,2030,2.401546554023846
RE1,DEMINDLPGFUR_MID,LPG002,1.0,2031,2.336297814247763
RE1,DEMINDLPGFUR_MID,LPG002,1.0,2032,2.26556638072807
RE1,DEMINDLPGFUR_MID,LPG002,1.0,2033,2.194185408667032
RE1,DEMINDLPGFUR_MID,LPG002,1.0,2034,2.127165033917952
RE1,DEMINDLPGFUR_MID,LPG002,1.0,2035,2.068370495453275
RE1,DEMINDLPGFUR_MID,LPG002,1.0,2036,2.0197872114543
RE1,DEMINDLPGFUR_MID,LPG002,1.0,2037,1.981587631083534
RE1,DEMINDLPGFUR_MID,LPG002,1.0,2038,1.952709118069119
RE1,DEMINDLPGFUR_MID,LPG002,1.0,2039,1.931518876207199
RE1,DEMINDLPGFUR_MID,LPG002,1.0,2040,1.916308032471836
RE1,DEMINDLPGFUR_MID,LPG002,1.0,2041,1.9055607456569
RE1,DEMINDLPGFUR_MID,LPG002,1.0,2042,1.898051820317226
RE1,DEMINDLPGFUR_MID,LPG002,1.0,2043,1.89284645985227
RE1,DEMINDLPGFUR_MID,LPG002,1.0,2044,1.889257571650335
RE1,DEMINDLPGFUR_MID,LPG002,1.0,2045,1.886792452830188
RE1,DEMINDLPGFUR_MID,LPG002,1.0,2046,1.886792452830188
RE1,DEMINDLPGFUR_MID,LPG002,1.0,2047,1.886792452830188
RE1,DEMINDLPGFUR_MID,LPG002,1.0,2048,1.886792452830188
RE1,DEMINDLPGFUR_MID,LPG002,1.0,2049,1.886792452830188
RE1,DEMINDLPGFUR_MID,LPG002,1.0,2050,1.886792452830188
RE1,DEMINDLPGFUR_MID,LPG002,1.0,2051,1.886792452830188
RE1,DEMINDLPGFUR_MID,LPG002,1.0,2052,1.886792452830188
RE1,DEMINDLPGFUR_MID,LPG002,1.0,2053,1.886792452830188
RE1,DEMINDLPGFUR_MID,LPG002,1.0,2054,1.886792452830188
RE1,DEMINDLPGFUR_MID,LPG002,1.0,2055,1.886792452830188
RE1,DEMINDNGSBOI_HIG,NGS002,1.0,2022,1.052631578947368
RE1,DEMINDNGSBOI_HIG,NGS002,1.0,2023,1.052631578947368
RE1,DEMINDNGSBOI_HIG,NGS002,1.0,2024,1.052631578947368
RE1,DEMINDNGSBOI_HIG,NGS002,1.0,2025,1.052631578947368
RE1,DEMINDNGSBOI_HIG,NGS002,1.0,2026,1.052631578947368
RE1,DEMINDNGSBOI_HIG,NGS002,1.0,2027,1.052631578947368
RE1,DEMINDNGSBOI_HIG,NGS002,1.0,2028,1.052631578947368
RE1,DEMINDNGSBOI_HIG,NGS002,1.0,2029,1.052631578947368
RE1,DEMINDNGSBOI_HIG,NGS002,1.0,2030,1.052631578947368
RE1,DEMINDNGSBOI_HIG,NGS002,1.0,2031,1.052631578947368
RE1,DEMINDNGSBOI_HIG,NGS002,1.0,2032,1.052631578947368
RE1,DEMINDNGSBOI_HIG,NGS002,1.0,2033,1.052631578947368
RE1,DEMINDNGSBOI_HIG,NGS002,1.0,2034,1.052631578947368
RE1,DEMINDNGSBOI_HIG,NGS002,1.0,2035,1.052631578947368
RE1,DEMINDNGSBOI_HIG,NGS002,1.0,2036,1.052631578947368
RE1,DEMINDNGSBOI_HIG,NGS002,1.0,2037,1.052631578947368
RE1,DEMINDNGSBOI_HIG,NGS002,1.0,2038,1.052631578947368
RE1,DEMINDNGSBOI_HIG,NGS002,1.0,2039,1.052631578947368
RE1,DEMINDNGSBOI_HIG,NGS002,1.0,2040,1.052631578947368
RE1,DEMINDNGSBOI_HIG,NGS002,1.0,2041,1.052631578947368
RE1,DEMINDNGSBOI_HIG,NGS002,1.0,2042,1.052631578947368
RE1,DEMINDNGSBOI_HIG,NGS002,1.0,2043,1.052631578947368
RE1,DEMINDNGSBOI_HIG,NGS002,1.0,2044,1.052631578947368
RE1,DEMINDNGSBOI_HIG,NGS002,1.0,2045,1.052631578947368
RE1,DEMINDNGSBOI_HIG,NGS002,1.0,2046,1.052631578947368
RE1,DEMINDNGSBOI_HIG,NGS002,1.0,2047,1.052631578947368
RE1,DEMINDNGSBOI_HIG,NGS002,1.0,2048,1.052631578947368
RE1,DEMINDNGSBOI_HIG,NGS002,1.0,2049,1.052631578947368
RE1,DEMINDNGSBOI_HIG,NGS002,1.0,2050,1.052631578947368
RE1,DEMINDNGSBOI_HIG,NGS002,1.0,2051,1.052631578947368
RE1,DEMINDNGSBOI_HIG,NGS002,1.0,2052,1.052631578947368
RE1,DEMINDNGSBOI_HIG,NGS002,1.0,2053,1.052631578947368
RE1,DEMINDNGSBOI_HIG,NGS002,1.0,2054,1.052631578947368
RE1,DEMINDNGSBOI_HIG,NGS002,1.0,2055,1.052631578947368
RE1,DEMINDNGSBOI_LOW,NGS002,1.0,2022,1.315789473684211
RE1,DEMINDNGSBOI_LOW,NGS002,1.0,2023,1.315789473684211
RE1,DEMINDNGSBOI_LOW,NGS002,1.0,2024,1.315789473684211
RE1,DEMINDNGSBOI_LOW,NGS002,1.0,2025,1.315789473684211
RE1,DEMINDNGSBOI_LOW,NGS002,1.0,2026,1.315789473684211
RE1,DEMINDNGSBOI_LOW,NGS002,1.0,2027,1.315789473684211
RE1,DEMINDNGSBOI_LOW,NGS002,1.0,2028,1.315789473684211
RE1,DEMINDNGSBOI_LOW,NGS002,1.0,2029,1.315789473684211
RE1,DEMINDNGSBOI_LOW,NGS002,1.0,2030,1.315789473684211
RE1,DEMINDNGSBOI_LOW,NGS002,1.0,2031,1.315789473684211
RE1,DEMINDNGSBOI_LOW,NGS002,1.0,2032,1.315789473684211
RE1,DEMINDNGSBOI_LOW,NGS002,1.0,2033,1.315789473684211
RE1,DEMINDNGSBOI_LOW,NGS002,1.0,2034,1.315789473684211
RE1,DEMINDNGSBOI_LOW,NGS002,1.0,2035,1.315789473684211
RE1,DEMINDNGSBOI_LOW,NGS002,1.0,2036,1.315789473684211
RE1,DEMINDNGSBOI_LOW,NGS002,1.0,2037,1.315789473684211
RE1,DEMINDNGSBOI_LOW,NGS002,1.0,2038,1.315789473684211
RE1,DEMINDNGSBOI_LOW,NGS002,1.0,2039,1.315789473684211
RE1,DEMINDNGSBOI_LOW,NGS002,1.0,2040,1.315789473684211
RE1,DEMINDNGSBOI_LOW,NGS002,1.0,2041,1.315789473684211
RE1,DEMINDNGSBOI_LOW,NGS002,1.0,2042,1.315789473684211
RE1,DEMINDNGSBOI_LOW,NGS002,1.0,2043,1.315789473684211
RE1,DEMINDNGSBOI_LOW,NGS002,1.0,2044,1.315789473684211
RE1,DEMINDNGSBOI_LOW,NGS002,1.0,2045,1.315789473684211
RE1,DEMINDNGSBOI_LOW,NGS002,1.0,2046,1.315789473684211
RE1,DEMINDNGSBOI_LOW,NGS002,1.0,2047,1.315789473684211
RE1,DEMINDNGSBOI_LOW,NGS002,1.0,2048,1.315789473684211
RE1,DEMINDNGSBOI_LOW,NGS002,1.0,2049,1.315789473684211
RE1,DEMINDNGSBOI_LOW,NGS002,1.0,2050,1.315789473684211
RE1,DEMINDNGSBOI_LOW,NGS002,1.0,2051,1.315789473684211
RE1,DEMINDNGSBOI_LOW,NGS002,1.0,2052,1.315789473684211
RE1,DEMINDNGSBOI_LOW,NGS002,1.0,2053,1.315789473684211
RE1,DEMINDNGSBOI_LOW,NGS002,1.0,2054,1.315789473684211
RE1,DEMINDNGSBOI_LOW,NGS002,1.0,2055,1.315789473684211
RE1,DEMINDNGSBOI_MID,NGS002,1.0,2022,1.313516866525601
RE1,DEMINDNGSBOI_MID,NGS002,1.0,2023,1.312478782359807
RE1,DEMINDNGSBOI_MID,NGS002,1.0,2024,1.310983001543301
RE1,DEMINDNGSBOI_MID,NGS002,1.0,2025,1.308845612122678
RE1,DEMINDNGSBOI_MID,NGS002,1.0,2026,1.305827494219719
RE1,DEMINDNGSBOI_MID,NGS002,1.0,2027,1.30163651208747
RE1,DEMINDNGSBOI_MID,NGS002,1.0,2028,1.295950226113109
RE1,DEMINDNGSBOI_MID,NGS002,1.0,2029,1.288473027888954
RE1,DEMINDNGSBOI_MID,NGS002,1.0,2030,1.279035702252708
RE1,DEMINDNGSBOI_MID,NGS002,1.0,2031,1.267721842100466
RE1,DEMINDNGSBOI_MID,NGS002,1.0,2032,1.254965839657046
RE1,DEMINDNGSBOI_MID,NGS002,1.0,2033,1.241541995157986
RE1,DEMINDNGSBOI_MID,NGS002,1.0,2034,1.22840228983695
RE1,DEMINDNGSBOI_MID,NGS002,1.0,2035,1.216421555420452
RE1,DEMINDNGSBOI_MID,NGS002,1.0,2036,1.206183869785517
RE1,DEMINDNGSBOI_MID,NGS002,1.0,2037,1.197909622208198
RE1,DEMINDNGSBOI_MID,NGS002,1.0,2038,1.191518163886031
RE1,DEMINDNGSBOI_MID,NGS002,1.0,2039,1.186751537382673
RE1,DEMINDNGSBOI_MID,NGS002,1.0,2040,1.183289028317875
RE1,DEMINDNGSBOI_MID,NGS002,1.0,2041,1.180821642218424
RE1,DEMINDNGSBOI_MID,NGS002,1.0,2042,1.179087325347679
RE1,DEMINDNGSBOI_MID,NGS002,1.0,2043,1.177879996370049
RE1,DEMINDNGSBOI_MID,NGS002,1.0,2044,1.17704516493158
RE1,DEMINDNGSBOI_MID,NGS002,1.0,2045,1.176470588235294
RE1,DEMINDNGSBOI_MID,NGS002,1.0,2046,1.176470588235294
RE1,DEMINDNGSBOI_MID,NGS002,1.0,2047,1.176470588235294
RE1,DEMINDNGSBOI_MID,NGS002,1.0,2048,1.176470588235294
RE1,DEMINDNGSBOI_MID,NGS002,1.0,2049,1.176470588235294
RE1,DEMINDNGSBOI_MID,NGS002,1.0,2050,1.176470588235294
RE1,DEMINDNGSBOI_MID,NGS002,1.0,2051,1.176470588235294
RE1,DEMINDNGSBOI_MID,NGS002,1.0,2052,1.176470588235294
RE1,DEMINDNGSBOI_MID,NGS002,1.0,2053,1.176470588235294
RE1,DEMINDNGSBOI_MID,NGS002,1.0,2054,1.176470588235294
RE1,DEMINDNGSBOI_MID,NGS002,1.0,2055,1.176470588235294
RE1,DEMINDNGSFURCSS,NGS002,1.0,2022,1.36986301369863
RE1,DEMINDNGSFURCSS,NGS002,1.0,2023,1.36986301369863
RE1,DEMINDNGSFURCSS,NGS002,1.0,2024,1.36986301369863
RE1,DEMINDNGSFURCSS,NGS002,1.0,2025,1.36986301369863
RE1,DEMINDNGSFURCSS,NGS002,1.0,2026,1.36986301369863
RE1,DEMINDNGSFURCSS,NGS002,1.0,2027,1.36986301369863
RE1,DEMINDNGSFURCSS,NGS002,1.0,2028,1.36986301369863
RE1,DEMINDNGSFURCSS,NGS002,1.0,2029,1.36986301369863
RE1,DEMINDNGSFURCSS,NGS002,1.0,2030,1.36986301369863
RE1,DEMINDNGSFURCSS,NGS002,1.0,2031,1.36986301369863
RE1,DEMINDNGSFURCSS,NGS002,1.0,2032,1.36986301369863
RE1,DEMINDNGSFURCSS,NGS002,1.0,2033,1.36986301369863
RE1,DEMINDNGSFURCSS,NGS002,1.0,2034,1.36986301369863
RE1,DEMINDNGSFURCSS,NGS002,1.0,2035,1.36986301369863
RE1,DEMINDNGSFURCSS,NGS002,1.0,2036,1.36986301369863
RE1,DEMINDNGSFURCSS,NGS002,1.0,2037,1.36986301369863
RE1,DEMINDNGSFURCSS,NGS002,1.0,2038,1.36986301369863
RE1,DEMINDNGSFURCSS,NGS002,1.0,2039,1.36986301369863
RE1,DEMINDNGSFURCSS,NGS002,1.0,2040,1.36986301369863
RE1,DEMINDNGSFURCSS,NGS002,1.0,2041,1.36986301369863
RE1,DEMINDNGSFURCSS,NGS002,1.0,2042,1.36986301369863
RE1,DEMINDNGSFURCSS,NGS002,1.0,2043,1.36986301369863
RE1,DEMINDNGSFURCSS,NGS002,1.0,2044,1.36986301369863
RE1,DEMINDNGSFURCSS,NGS002,1.0,2045,1.36986301369863
RE1,DEMINDNGSFURCSS,NGS002,1.0,2046,1.36986301369863
RE1,DEMINDNGSFURCSS,NGS002,1.0,2047,1.36986301369863
RE1,DEMINDNGSFURCSS,NGS002,1.0,2048,1.36986301369863
RE1,DEMINDNGSFURCSS,NGS002,1.0,2049,1.36986301369863
RE1,DEMINDNGSFURCSS,NGS002,1.0,2050,1.36986301369863
RE1,DEMINDNGSFURCSS,NGS002,1.0,2051,1.36986301369863
RE1,DEMINDNGSFURCSS,NGS002,1.0,2052,1.36986301369863
RE1,DEMINDNGSFURCSS,NGS002,1.0,2053,1.36986301369863
RE1,DEMINDNGSFURCSS,NGS002,1.0,2054,1.36986301369863
RE1,DEMINDNGSFURCSS,NGS002,1.0,2055,1.36986301369863
RE1,DEMINDNGSFUR_HIG,NGS002,1.0,2022,1.333333333333333
RE1,DEMINDNGSFUR_HIG,NGS002,1.0,2023,1.333333333333333
RE1,DEMINDNGSFUR_HIG,NGS002,1.0,2024,1.333333333333333
RE1,DEMINDNGSFUR_HIG,NGS002,1.0,2025,1.333333333333333
RE1,DEMINDNGSFUR_HIG,NGS002,1.0,2026,1.333333333333333
RE1,DEMINDNGSFUR_HIG,NGS002,1.0,2027,1.333333333333333
RE1,DEMINDNGSFUR_HIG,NGS002,1.0,2028,1.333333333333333
RE1,DEMINDNGSFUR_HIG,NGS002,1.0,2029,1.333333333333333
RE1,DEMINDNGSFUR_HIG,NGS002,1.0,2030,1.333333333333333
RE1,DEMINDNGSFUR_HIG,NGS002,1.0,2031,1.333333333333333
RE1,DEMINDNGSFUR_HIG,NGS002,1.0,2032,1.333333333333333
RE1,DEMINDNGSFUR_HIG,NGS002,1.0,2033,1.333333333333333
RE1,DEMINDNGSFUR_HIG,NGS002,1.0,2034,1.333333333333333
RE1,DEMINDNGSFUR_HIG,NGS002,1.0,2035,1.333333333333333
RE1,DEMINDNGSFUR_HIG,NGS002,1.0,2036,1.333333333333333
RE1,DEMINDNGSFUR_HIG,NGS002,1.0,2037,1.333333333333333
RE1,DEMINDNGSFUR_HIG,NGS002,1.0,2038,1.333333333333333
RE1,DEMINDNGSFUR_HIG,NGS002,1.0,2039,1.333333333333333
RE1,DEMINDNGSFUR_HIG,NGS002,1.0,2040,1.333333333333333
RE1,DEMINDNGSFUR_HIG,NGS002,1.0,2041,1.333333333333333
RE1,DEMINDNGSFUR_HIG,NGS002,1.0,2042,1.333333333333333
RE1,DEMINDNGSFUR_HIG,NGS002,1.0,2043,1.333333333333333
RE1,DEMINDNGSFUR_HIG,NGS002,1.0,2044,1.333333333333333
RE1,DEMINDNGSFUR_HIG,NGS002,1.0,2045,1.333333333333333
RE1,DEMINDNGSFUR_HIG,NGS002,1.0,2046,1.333333333333333
RE1,DEMINDNGSFUR_HIG,NGS002,1.0,2047,1.333333333333333
RE1,DEMINDNGSFUR_HIG,NGS002,1.0,2048,1.333333333333333
RE1,DEMINDNGSFUR_HIG,NGS002,1.0,2049,1.333333333333333
RE1,DEMINDNGSFUR_HIG,NGS002,1.0,2050,1.333333333333333
RE1,DEMINDNGSFUR_HIG,NGS002,1.0,2051,1.333333333333333
RE1,DEMINDNGSFUR_HIG,NGS002,1.0,2052,1.333333333333333
RE1,DEMINDNGSFUR_HIG,NGS002,1.0,2053,1.333333333333333
RE1,DEMINDNGSFUR_HIG,NGS002,1.0,2054,1.333333333333333
RE1,DEMINDNGSFUR_HIG,NGS002,1.0,2055,1.333333333333333
RE1,DEMINDNGSFUR_LOW,NGS002,1.0,2022,2.0
RE1,DEMINDNGSFUR_LOW,NGS002,1.0,2023,2.0
RE1,DEMINDNGSFUR_LOW,NGS002,1.0,2024,2.0
RE1,DEMINDNGSFUR_LOW,NGS002,1.0,2025,2.0
RE1,DEMINDNGSFUR_LOW,NGS002,1.0,2026,2.0
RE1,DEMINDNGSFUR_LOW,NGS002,1.0,2027,2.0
RE1,DEMINDNGSFUR_LOW,NGS002,1.0,2028,2.0
RE1,DEMINDNGSFUR_LOW,NGS002,1.0,2029,2.0
RE1,DEMINDNGSFUR_LOW,NGS002,1.0,2030,2.0
RE1,DEMINDNGSFUR_LOW,NGS002,1.0,2031,2.0
RE1,DEMINDNGSFUR_LOW,NGS002,1.0,2032,2.0
RE1,DEMINDNGSFUR_LOW,NGS002,1.0,2033,2.0
RE1,DEMINDNGSFUR_LOW,NGS002,1.0,2034,2.0
RE1,DEMINDNGSFUR_LOW,NGS002,1.0,2035,2.0
RE1,DEMINDNGSFUR_LOW,NGS002,1.0,2036,2.0
RE1,DEMINDNGSFUR_LOW,NGS002,1.0,2037,2.0
RE1,DEMINDNGSFUR_LOW,NGS002,1.0,2038,2.0
RE1,DEMINDNGSFUR_LOW,NGS002,1.0,2039,2.0
RE1,DEMINDNGSFUR_LOW,NGS002,1.0,2040,2.0
RE1,DEMINDNGSFUR_LOW,NGS002,1.0,2041,2.0
RE1,DEMINDNGSFUR_LOW,NGS002,1.0,2042,2.0
RE1,DEMINDNGSFUR_LOW,NGS002,1.0,2043,2.0
RE1,DEMINDNGSFUR_LOW,NGS002,1.0,2044,2.0
RE1,DEMINDNGSFUR_LOW,NGS002,1.0,2045,2.0
RE1,DEMINDNGSFUR_LOW,NGS002,1.0,2046,2.0
RE1,DEMINDNGSFUR_LOW,NGS002,1.0,2047,2.0
RE1,DEMINDNGSFUR_LOW,NGS002,1.0,2048,2.0
RE1,DEMINDNGSFUR_LOW,NGS002,1.0,2049,2.0
RE1,DEMINDNGSFUR_LOW,NGS002,1.0,2050,2.0
RE1,DEMINDNGSFUR_LOW,NGS002,1.0,2051,2.0
RE1,DEMINDNGSFUR_LOW,NGS002,1.0,2052,2.0
RE1,DEMINDNGSFUR_LOW,NGS002,1.0,2053,2.0
RE1,DEMINDNGSFUR_LOW,NGS002,1.0,2054,2.0
RE1,DEMINDNGSFUR_LOW,NGS002,1.0,2055,2.0
RE1,DEMINDNGSFUR_MID,NGS002,1.0,2022,1.991272061957901
RE1,DEMINDNGSFUR_MID,NGS002,1.0,2023,1.987300626206307
RE1,DEMINDNGSFUR_MID,NGS002,1.0,2024,1.98159496714896
RE1,DEMINDNGSFUR_MID,NGS002,1.0,2025,1.973476132583625
RE1,DEMINDNGSFUR_MID,NGS002,1.0,2026,1.962079952586318
RE1,DEMINDNGSFUR_MID,NGS002,1.0,2027,1.946385915243741
RE1,DEMINDNGSFUR_MID,NGS002,1.0,2028,1.925331946540162
RE1,DEMINDNGSFUR_MID,NGS002,1.0,2029,1.898058550900364
RE1,DEMINDNGSFUR_MID,NGS002,1.0,2030,1.864286155056895
RE1,DEMINDNGSFUR_MID,NGS002,1.0,2031,1.824725539502696
RE1,DEMINDNGSFUR_MID,NGS002,1.0,2032,1.781290544182915
RE1,DEMINDNGSFUR_MID,NGS002,1.0,2033,1.736864958749457
RE1,DEMINDNGSFUR_MID,NGS002,1.0,2034,1.694601410019394
RE1,DEMINDNGSFUR_MID,NGS002,1.0,2035,1.657076675048403
RE1,DEMINDNGSFUR_MID,NGS002,1.0,2036,1.625747524395096
RE1,DEMINDNGSFUR_MID,NGS002,1.0,2037,1.600907104959383
RE1,DEMINDNGSFUR_MID,NGS002,1.0,2038,1.582005524553385
RE1,DEMINDNGSFUR_MID,NGS002,1.0,2039,1.568068424803992
RE1,DEMINDNGSFUR_MID,NGS002,1.0,2040,1.55802852353532
RE1,DEMINDNGSFUR_MID,NGS002,1.0,2041,1.550916803901563
RE1,DEMINDNGSFUR_MID,NGS002,1.0,2042,1.545939114314351
RE1,DEMINDNGSFUR_MID,NGS002,1.0,2043,1.542484174714004
RE1,DEMINDNGSFUR_MID,NGS002,1.0,2044,1.540100082593619
RE1,DEMINDNGSFUR_MID,NGS002,1.0,2045,1.538461538461538
RE1,DEMINDNGSFUR_MID,NGS002,1.0,2046,1.538461538461538
RE1,DEMINDNGSFUR_MID,NGS002,1.0,2047,1.538461538461538
RE1,DEMINDNGSFUR_MID,NGS002,1.0,2048,1.538461538461538
RE1,DEMINDNGSFUR_MID,NGS002,1.0,2049,1.538461538461538
RE1,DEMINDNGSFUR_MID,NGS002,1.0,2050,1.538461538461538
RE1,DEMINDNGSFUR_MID,NGS002,1.0,2051,1.538461538461538
RE1,DEMINDNGSFUR_MID,NGS002,1.0,2052,1.538461538461538
RE1,DEMINDNGSFUR_MID,NGS002,1.0,2053,1.538461538461538
RE1,DEMINDNGSFUR_MID,NGS002,1.0,2054,1.538461538461538
RE1,DEMINDNGSFUR_MID,NGS002,1.0,2055,1.538461538461538
RE1,DEMINDWASBOI_HIG,WAS,1.0,2022,1.176470588235294
RE1,DEMINDWASBOI_HIG,WAS,1.0,2023,1.176470588235294
RE1,DEMINDWASBOI_HIG,WAS,1.0,2024,1.176470588235294
RE1,DEMINDWASBOI_HIG,WAS,1.0,2025,1.176470588235294
RE1,DEMINDWASBOI_HIG,WAS,1.0,2026,1.176470588235294
RE1,DEMINDWASBOI_HIG,WAS,1.0,2027,1.176470588235294
RE1,DEMINDWASBOI_HIG,WAS,1.0,2028,1.176470588235294
RE1,DEMINDWASBOI_HIG,WAS,1.0,2029,1.176470588235294
RE1,DEMINDWASBOI_HIG,WAS,1.0,2030,1.176470588235294
RE1,DEMINDWASBOI_HIG,WAS,1.0,2031,1.176470588235294
RE1,DEMINDWASBOI_HIG,WAS,1.0,2032,1.176470588235294
RE1,DEMINDWASBOI_HIG,WAS,1.0,2033,1.176470588235294
RE1,DEMINDWASBOI_HIG,WAS,1.0,2034,1.176470588235294
RE1,DEMINDWASBOI_HIG,WAS,1.0,2035,1.176470588235294
RE1,DEMINDWASBOI_HIG,WAS,1.0,2036,1.176470588235294
RE1,DEMINDWASBOI_HIG,WAS,1.0,2037,1.176470588235294
RE1,DEMINDWASBOI_HIG,WAS,1.0,2038,1.176470588235294
RE1,DEMINDWASBOI_HIG,WAS,1.0,2039,1.176470588235294
RE1,DEMINDWASBOI_HIG,WAS,1.0,2040,1.176470588235294
RE1,DEMINDWASBOI_HIG,WAS,1.0,2041,1.176470588235294
RE1,DEMINDWASBOI_HIG,WAS,1.0,2042,1.176470588235294
RE1,DEMINDWASBOI_HIG,WAS,1.0,2043,1.176470588235294
RE1,DEMINDWASBOI_HIG,WAS,1.0,2044,1.176470588235294
RE1,DEMINDWASBOI_HIG,WAS,1.0,2045,1.176470588235294
RE1,DEMINDWASBOI_HIG,WAS,1.0,2046,1.176470588235294
RE1,DEMINDWASBOI_HIG,WAS,1.0,2047,1.176470588235294
RE1,DEMINDWASBOI_HIG,WAS,1.0,2048,1.176470588235294
RE1,DEMINDWASBOI_HIG,WAS,1.0,2049,1.176470588235294
RE1,DEMINDWASBOI_HIG,WAS,1.0,2050,1.176470588235294
RE1,DEMINDWASBOI_HIG,WAS,1.0,2051,1.176470588235294
RE1,DEMINDWASBOI_HIG,WAS,1.0,2052,1.176470588235294
RE1,DEMINDWASBOI_HIG,WAS,1.0,2053,1.176470588235294
RE1,DEMINDWASBOI_HIG,WAS,1.0,2054,1.176470588235294
RE1,DEMINDWASBOI_HIG,WAS,1.0,2055,1.176470588235294
RE1,DEMINDWASBOI_LOW,WAS,1.0,2022,1.639344262295082
RE1,DEMINDWASBOI_LOW,WAS,1.0,2023,1.639344262295082
RE1,DEMINDWASBOI_LOW,WAS,1.0,2024,1.639344262295082
RE1,DEMINDWASBOI_LOW,WAS,1.0,2025,1.639344262295082
RE1,DEMINDWASBOI_LOW,WAS,1.0,2026,1.639344262295082
RE1,DEMINDWASBOI_LOW,WAS,1.0,2027,1.639344262295082
RE1,DEMINDWASBOI_LOW,WAS,1.0,2028,1.639344262295082
RE1,DEMINDWASBOI_LOW,WAS,1.0,2029,1.639344262295082
RE1,DEMINDWASBOI_LOW,WAS,1.0,2030,1.639344262295082
RE1,DEMINDWASBOI_LOW,WAS,1.0,2031,1.639344262295082
RE1,DEMINDWASBOI_LOW,WAS,1.0,2032,1.639344262295082
RE1,DEMINDWASBOI_LOW,WAS,1.0,2033,1.639344262295082
RE1,DEMINDWASBOI_LOW,WAS,1.0,2034,1.639344262295082
RE1,DEMINDWASBOI_LOW,WAS,1.0,2035,1.639344262295082
RE1,DEMINDWASBOI_LOW,WAS,1.0,2036,1.639344262295082
RE1,DEMINDWASBOI_LOW,WAS,1.0,2037,1.639344262295082
RE1,DEMINDWASBOI_LOW,WAS,1.0,2038,1.639344262295082
RE1,DEMINDWASBOI_LOW,WAS,1.0,2039,1.639344262295082
RE1,DEMINDWASBOI_LOW,WAS,1.0,2040,1.639344262295082
RE1,DEMINDWASBOI_LOW,WAS,1.0,2041,1.639344262295082
RE1,DEMINDWASBOI_LOW,WAS,1.0,2042,1.639344262295082
RE1,DEMINDWASBOI_LOW,WAS,1.0,2043,1.639344262295082
RE1,DEMINDWASBOI_LOW,WAS,1.0,2044,1.639344262295082
RE1,DEMINDWASBOI_LOW,WAS,1.0,2045,1.639344262295082
RE1,DEMINDWASBOI_LOW,WAS,1.0,2046,1.639344262295082
RE1,DEMINDWASBOI_LOW,WAS,1.0,2047,1.639344262295082
RE1,DEMINDWASBOI_LOW,WAS,1.0,2048,1.639344262295082
RE1,DEMINDWASBOI_LOW,WAS,1.0,2049,1.639344262295082
RE1,DEMINDWASBOI_LOW,WAS,1.0,2050,1.639344262295082
RE1,DEMINDWASBOI_LOW,WAS,1.0,2051,1.639344262295082
RE1,DEMINDWASBOI_LOW,WAS,1.0,2052,1.639344262295082
RE1,DEMINDWASBOI_LOW,WAS,1.0,2053,1.639344262295082
RE1,DEMINDWASBOI_LOW,WAS,1.0,2054,1.639344262295082
RE1,DEMINDWASBOI_LOW,WAS,1.0,2055,1.639344262295082
RE1,DEMINDWASBOI_MID,WAS,1.0,2022,1.633085924756968
RE1,DEMINDWASBOI_MID,WAS,1.0,2023,1.630235946180051
RE1,DEMINDWASBOI_MID,WAS,1.0,2024,1.626138962809831
RE1,DEMINDWASBOI_MID,WAS,1.0,2025,1.620304110922324
RE1,DEMINDWASBOI_MID,WAS,1.0,2026,1.61210382515318
RE1,DEMINDWASBOI_MID,WAS,1.0,2027,1.600791664241225
RE1,DEMINDWASBOI_MID,WAS,1.0,2028,1.585580889207251
RE1,DEMINDWASBOI_MID,WAS,1.0,2029,1.565816563631387
RE1,DEMINDWASBOI_MID,WAS,1.0,2030,1.541247885457992
RE1,DEMINDWASBOI_MID,WAS,1.0,2031,1.512334300985893
RE1,DEMINDWASBOI_MID,WAS,1.0,2032,1.480421179778391
RE1,DEMINDWASBOI_MID,WAS,1.0,2033,1.447596988998263
RE1,DEMINDWASBOI_MID,WAS,1.0,2034,1.416196793984231
RE1,DEMINDWASBOI_MID,WAS,1.0,2035,1.388174489006369
RE1,DEMINDWASBOI_MID,WAS,1.0,2036,1.36467518537867
RE1,DEMINDWASBOI_MID,WAS,1.0,2037,1.345975476020561
RE1,DEMINDWASBOI_MID,WAS,1.0,2038,1.331706318859648
RE1,DEMINDWASBOI_MID,WAS,1.0,2039,1.321162623108335
RE1,DEMINDWASBOI_MID,WAS,1.0,2040,1.313555464946984
RE1,DEMINDWASBOI_MID,WAS,1.0,2041,1.30816099155672
RE1,DEMINDWASBOI_MID,WAS,1.0,2042,1.304382297439933
RE1,DEMINDWASBOI_MID,WAS,1.0,2043,1.301758131612212
RE1,DEMINDWASBOI_MID,WAS,1.0,2044,1.29994663336723
RE1,DEMINDWASBOI_MID,WAS,1.0,2045,1.298701298701299
RE1,DEMINDWASBOI_MID,WAS,1.0,2046,1.298701298701299
RE1,DEMINDWASBOI_MID,WAS,1.0,2047,1.298701298701299
RE1,DEMINDWASBOI_MID,WAS,1.0,2048,1.298701298701299
RE1,DEMINDWASBOI_MID,WAS,1.0,2049,1.298701298701299
RE1,DEMINDWASBOI_MID,WAS,1.0,2050,1.298701298701299
RE1,DEMINDWASBOI_MID,WAS,1.0,2051,1.298701298701299
RE1,DEMINDWASBOI_MID,WAS,1.0,2052,1.298701298701299
RE1,DEMINDWASBOI_MID,WAS,1.0,2053,1.298701298701299
RE1,DEMINDWASBOI_MID,WAS,1.0,2054,1.298701298701299
RE1,DEMINDWASBOI_MID,WAS,1.0,2055,1.298701298701299
RE1,DEMINDWASFUR_HIG,WAS,1.0,2022,1.111111111111111
RE1,DEMINDWASFUR_HIG,WAS,1.0,2023,1.111111111111111
RE1,DEMINDWASFUR_HIG,WAS,1.0,2024,1.111111111111111
RE1,DEMINDWASFUR_HIG,WAS,1.0,2025,1.111111111111111
RE1,DEMINDWASFUR_HIG,WAS,1.0,2026,1.111111111111111
RE1,DEMINDWASFUR_HIG,WAS,1.0,2027,1.111111111111111
RE1,DEMINDWASFUR_HIG,WAS,1.0,2028,1.111111111111111
RE1,DEMINDWASFUR_HIG,WAS,1.0,2029,1.111111111111111
RE1,DEMINDWASFUR_HIG,WAS,1.0,2030,1.111111111111111
RE1,DEMINDWASFUR_HIG,WAS,1.0,2031,1.111111111111111
RE1,DEMINDWASFUR_HIG,WAS,1.0,2032,1.111111111111111
RE1,DEMINDWASFUR_HIG,WAS,1.0,2033,1.111111111111111
RE1,DEMINDWASFUR_HIG,WAS,1.0,2034,1.111111111111111
RE1,DEMINDWASFUR_HIG,WAS,1.0,2035,1.111111111111111
RE1,DEMINDWASFUR_HIG,WAS,1.0,2036,1.111111111111111
RE1,DEMINDWASFUR_HIG,WAS,1.0,2037,1.111111111111111
RE1,DEMINDWASFUR_HIG,WAS,1.0,2038,1.111111111111111
RE1,DEMINDWASFUR_HIG,WAS,1.0,2039,1.111111111111111
RE1,DEMINDWASFUR_HIG,WAS,1.0,2040,1.111111111111111
RE1,DEMINDWASFUR_HIG,WAS,1.0,2041,1.111111111111111
RE1,DEMINDWASFUR_HIG,WAS,1.0,2042,1.111111111111111
RE1,DEMINDWASFUR_HIG,WAS,1.0,2043,1.111111111111111
RE1,DEMINDWASFUR_HIG,WAS,1.0,2044,1.111111111111111
RE1,DEMINDWASFUR_HIG,WAS,1.0,2045,1.111111111111111
RE1,DEMINDWASFUR_HIG,WAS,1.0,2046,1.111111111111111
RE1,DEMINDWASFUR_HIG,WAS,1.0,2047,1.111111111111111
RE1,DEMINDWASFUR_HIG,WAS,1.0,2048,1.111111111111111
RE1,DEMINDWASFUR_HIG,WAS,1.0,2049,1.111111111111111
RE1,DEMINDWASFUR_HIG,WAS,1.0,2050,1.111111111111111
RE1,DEMINDWASFUR_HIG,WAS,1.0,2051,1.111111111111111
RE1,DEMINDWASFUR_HIG,WAS,1.0,2052,1.111111111111111
RE1,DEMINDWASFUR_HIG,WAS,1.0,2053,1.111111111111111
RE1,DEMINDWASFUR_HIG,WAS,1.0,2054,1.111111111111111
RE1,DEMINDWASFUR_HIG,WAS,1.0,2055,1.111111111111111
RE1,DEMINDWASFUR_LOW,WAS,1.0,2022,1.333333333333333
RE1,DEMINDWASFUR_LOW,WAS,1.0,2023,1.333333333333333
RE1,DEMINDWASFUR_LOW,WAS,1.0,2024,1.333333333333333
RE1,DEMINDWASFUR_LOW,WAS,1.0,2025,1.333333333333333
RE1,DEMINDWASFUR_LOW,WAS,1.0,2026,1.333333333333333
RE1,DEMINDWASFUR_LOW,WAS,1.0,2027,1.333333333333333
RE1,DEMINDWASFUR_LOW,WAS,1.0,2028,1.333333333333333
RE1,DEMINDWASFUR_LOW,WAS,1.0,2029,1.333333333333333
RE1,DEMINDWASFUR_LOW,WAS,1.0,2030,1.333333333333333
RE1,DEMINDWASFUR_LOW,WAS,1.0,2031,1.333333333333333
RE1,DEMINDWASFUR_LOW,WAS,1.0,2032,1.333333333333333
RE1,DEMINDWASFUR_LOW,WAS,1.0,2033,1.333333333333333
RE1,DEMINDWASFUR_LOW,WAS,1.0,2034,1.333333333333333
RE1,DEMINDWASFUR_LOW,WAS,1.0,2035,1.333333333333333
RE1,DEMINDWASFUR_LOW,WAS,1.0,2036,1.333333333333333
RE1,DEMINDWASFUR_LOW,WAS,1.0,2037,1.333333333333333
RE1,DEMINDWASFUR_LOW,WAS,1.0,2038,1.333333333333333
RE1,DEMINDWASFUR_LOW,WAS,1.0,2039,1.333333333333333
RE1,DEMINDWASFUR_LOW,WAS,1.0,2040,1.333333333333333
RE1,DEMINDWASFUR_LOW,WAS,1.0,2041,1.333333333333333
RE1,DEMINDWASFUR_LOW,WAS,1.0,2042,1.333333333333333
RE1,DEMINDWASFUR_LOW,WAS,1.0,2043,1.333333333333333
RE1,DEMINDWASFUR_LOW,WAS,1.0,2044,1.333333333333333
RE1,DEMINDWASFUR_LOW,WAS,1.0,2045,1.333333333333333
RE1,DEMINDWASFUR_LOW,WAS,1.0,2046,1.333333333333333
RE1,DEMINDWASFUR_LOW,WAS,1.0,2047,1.333333333333333
RE1,DEMINDWASFUR_LOW,WAS,1.0,2048,1.333333333333333
RE1,DEMINDWASFUR_LOW,WAS,1.0,2049,1.333333333333333
RE1,DEMINDWASFUR_LOW,WAS,1.0,2050,1.333333333333333
RE1,DEMINDWASFUR_LOW,WAS,1.0,2051,1.333333333333333
RE1,DEMINDWASFUR_LOW,WAS,1.0,2052,1.333333333333333
RE1,DEMINDWASFUR_LOW,WAS,1.0,2053,1.333333333333333
RE1,DEMINDWASFUR_LOW,WAS,1.0,2054,1.333333333333333
RE1,DEMINDWASFUR_LOW,WAS,1.0,2055,1.333333333333333
RE1,DEMINDWASFUR_MID,WAS,1.0,2022,1.332035901735344
RE1,DEMINDWASFUR_MID,WAS,1.0,2023,1.331442606996297
RE1,DEMINDWASFUR_MID,WAS,1.0,2024,1.330587004919136
RE1,DEMINDWASFUR_MID,WAS,1.0,2025,1.329362917298343
RE1,DEMINDWASFUR_MID,WAS,1.0,2026,1.327631464872604
RE1,DEMINDWASFUR_MID,WAS,1.0,2027,1.325221372206494
RE1,DEMINDWASFUR_MID,WAS,1.0,2028,1.321940581588866
RE1,DEMINDWASFUR_MID,WAS,1.0,2029,1.317607461592152
RE1,DEMINDWASFUR_MID,WAS,1.0,2030,1.312107320370035
RE1,DEMINDWASFUR_MID,WAS,1.0,2031,1.305467336425213
RE1,DEMINDWASFUR_MID,WAS,1.0,2032,1.297919888788482
RE1,DEMINDWASFUR_MID,WAS,1.0,2033,1.289906481780071
RE1,DEMINDWASFUR_MID,WAS,1.0,2034,1.281991417760676
RE1,DEMINDWASFUR_MID,WAS,1.0,2035,1.274712220670062
RE1,DEMINDWASFUR_MID,WAS,1.0,2036,1.268444418908127
RE1,DEMINDWASFUR_MID,WAS,1.0,2037,1.263346272751748
RE1,DEMINDWASFUR_MID,WAS,1.0,2038,1.259388191040173
RE1,DEMINDWASFUR_MID,WAS,1.0,2039,1.25642490005711
RE1,DEMINDWASFUR_MID,WAS,1.0,2040,1.254266191445173
RE1,DEMINDWASFUR_MID,WAS,1.0,2041,1.252724722318365
RE1,DEMINDWASFUR_MID,WAS,1.0,2042,1.251639645144925
RE1,DEMINDWASFUR_MID,WAS,1.0,2043,1.250883505030752
RE1,DEMINDWASFUR_MID,WAS,1.0,2044,1.250360285251778
RE1,DEMINDWASFUR_MID,WAS,1.0,2045,1.25
RE1,DEMINDWASFUR_MID,WAS,1.0,2046,1.25
RE1,DEMINDWASFUR_MID,WAS,1.0,2047,1.25
RE1,DEMINDWASFUR_MID,WAS,1.0,2048,1.25
RE1,DEMINDWASFUR_MID,WAS,1.0,2049,1.25
RE1,DEMINDWASFUR_MID,WAS,1.0,2050,1.25
RE1,DEMINDWASFUR_MID,WAS,1.0,2051,1.25
RE1,DEMINDWASFUR_MID,WAS,1.0,2052,1.25
RE1,DEMINDWASFUR_MID,WAS,1.0,2053,1.25
RE1,DEMINDWASFUR_MID,WAS,1.0,2054,1.25
RE1,DEMINDWASFUR_MID,WAS,1.0,2055,1.25
RE1,DEMMINIDSL,DSL002,1.0,2022,1.0
RE1,DEMMINIDSL,DSL002,1.0,2023,1.0
RE1,DEMMINIDSL,DSL002,1.0,2024,1.0
RE1,DEMMINIDSL,DSL002,1.0,2025,1.0
RE1,DEMMINIDSL,DSL002,1.0,2026,1.0
RE1,DEMMINIDSL,DSL002,1.0,2027,1.0
RE1,DEMMINIDSL,DSL002,1.0,2028,1.0
RE1,DEMMINIDSL,DSL002,1.0,2029,1.0
RE1,DEMMINIDSL,DSL002,1.0,2030,1.0
RE1,DEMMINIDSL,DSL002,1.0,2031,1.0
RE1,DEMMINIDSL,DSL002,1.0,2032,1.0
RE1,DEMMINIDSL,DSL002,1.0,2033,1.0
RE1,DEMMINIDSL,DSL002,1.0,2034,1.0
RE1,DEMMINIDSL,DSL002,1.0,2035,1.0
RE1,DEMMINIDSL,DSL002,1.0,2036,1.0
RE1,DEMMINIDSL,DSL002,1.0,2037,1.0
RE1,DEMMINIDSL,DSL002,1.0,2038,1.0
RE1,DEMMINIDSL,DSL002,1.0,2039,1.0
RE1,DEMMINIDSL,DSL002,1.0,2040,1.0
RE1,DEMMINIDSL,DSL002,1.0,2041,1.0
RE1,DEMMINIDSL,DSL002,1.0,2042,1.0
RE1,DEMMINIDSL,DSL002,1.0,2043,1.0
RE1,DEMMINIDSL,DSL002,1.0,2044,1.0
RE1,DEMMINIDSL,DSL002,1.0,2045,1.0
RE1,DEMMINIDSL,DSL002,1.0,2046,1.0
RE1,DEMMINIDSL,DSL002,1.0,2047,1.0
RE1,DEMMINIDSL,DSL002,1.0,2048,1.0
RE1,DEMMINIDSL,DSL002,1.0,2049,1.0
RE1,DEMMINIDSL,DSL002,1.0,2050,1.0
RE1,DEMMINIDSL,DSL002,1.0,2051,1.0
RE1,DEMMINIDSL,DSL002,1.0,2052,1.0
RE1,DEMMINIDSL,DSL002,1.0,2053,1.0
RE1,DEMMINIDSL,DSL002,1.0,2054,1.0
RE1,DEMMINIDSL,DSL002,1.0,2055,1.0
RE1,DEMMINIELC,ELC002,1.0,2022,1.0
RE1,DEMMINIELC,ELC002,1.0,2023,1.0
RE1,DEMMINIELC,ELC002,1.0,2024,1.0
RE1,DEMMINIELC,ELC002,1.0,2025,1.0
RE1,DEMMINIELC,ELC002,1.0,2026,1.0
RE1,DEMMINIELC,ELC002,1.0,2027,1.0
RE1,DEMMINIELC,ELC002,1.0,2028,1.0
RE1,DEMMINIELC,ELC002,1.0,2029,1.0
RE1,DEMMINIELC,ELC002,1.0,2030,1.0
RE1,DEMMINIELC,ELC002,1.0,2031,1.0
RE1,DEMMINIELC,ELC002,1.0,2032,1.0
RE1,DEMMINIELC,ELC002,1.0,2033,1.0
RE1,DEMMINIELC,ELC002,1.0,2034,1.0
RE1,DEMMINIELC,ELC002,1.0,2035,1.0
RE1,DEMMINIELC,ELC002,1.0,2036,1.0
RE1,DEMMINIELC,ELC002,1.0,2037,1.0
RE1,DEMMINIELC,ELC002,1.0,2038,1.0
RE1,DEMMINIELC,ELC002,1.0,2039,1.0
RE1,DEMMINIELC,ELC002,1.0,2040,1.0
RE1,DEMMINIELC,ELC002,1.0,2041,1.0
RE1,DEMMINIELC,ELC002,1.0,2042,1.0
RE1,DEMMINIELC,ELC002,1.0,2043,1.0
RE1,DEMMINIELC,ELC002,1.0,2044,1.0
RE1,DEMMINIELC,ELC002,1.0,2045,1.0
RE1,DEMMINIELC,ELC002,1.0,2046,1.0
RE1,DEMMINIELC,ELC002,1.0,2047,1.0
RE1,DEMMINIELC,ELC002,1.0,2048,1.0
RE1,DEMMINIELC,ELC002,1.0,2049,1.0
RE1,DEMMINIELC,ELC002,1.0,2050,1.0
RE1,DEMMINIELC,ELC002,1.0,2051,1.0
RE1,DEMMINIELC,ELC002,1.0,2052,1.0
RE1,DEMMINIELC,ELC002,1.0,2053,1.0
RE1,DEMMINIELC,ELC002,1.0,2054,1.0
RE1,DEMMINIELC,ELC002,1.0,2055,1.0
RE1,DEMMINIGSL,GSL002,1.0,2022,1.0
RE1,DEMMINIGSL,GSL002,1.0,2023,1.0
RE1,DEMMINIGSL,GSL002,1.0,2024,1.0
RE1,DEMMINIGSL,GSL002,1.0,2025,1.0
RE1,DEMMINIGSL,GSL002,1.0,2026,1.0
RE1,DEMMINIGSL,GSL002,1.0,2027,1.0
RE1,DEMMINIGSL,GSL002,1.0,2028,1.0
RE1,DEMMINIGSL,GSL002,1.0,2029,1.0
RE1,DEMMINIGSL,GSL002,1.0,2030,1.0
RE1,DEMMINIGSL,GSL002,1.0,2031,1.0
RE1,DEMMINIGSL,GSL002,1.0,2032,1.0
RE1,DEMMINIGSL,GSL002,1.0,2033,1.0
RE1,DEMMINIGSL,GSL002,1.0,2034,1.0
RE1,DEMMINIGSL,GSL002,1.0,2035,1.0
RE1,DEMMINIGSL,GSL002,1.0,2036,1.0
RE1,DEMMINIGSL,GSL002,1.0,2037,1.0
RE1,DEMMINIGSL,GSL002,1.0,2038,1.0
RE1,DEMMINIGSL,GSL002,1.0,2039,1.0
RE1,DEMMINIGSL,GSL002,1.0,2040,1.0
RE1,DEMMINIGSL,GSL002,1.0,2041,1.0
RE1,DEMMINIGSL,GSL002,1.0,2042,1.0
RE1,DEMMINIGSL,GSL002,1.0,2043,1.0
RE1,DEMMINIGSL,GSL002,1.0,2044,1.0
RE1,DEMMINIGSL,GSL002,1.0,2045,1.0
RE1,DEMMINIGSL,GSL002,1.0,2046,1.0
RE1,DEMMINIGSL,GSL002,1.0,2047,1.0
RE1,DEMMINIGSL,GSL002,1.0,2048,1.0
RE1,DEMMINIGSL,GSL002,1.0,2049,1.0
RE1,DEMMINIGSL,GSL002,1.0,2050,1.0
RE1,DEMMINIGSL,GSL002,1.0,2051,1.0
RE1,DEMMINIGSL,GSL002,1.0,2052,1.0
RE1,DEMMINIGSL,GSL002,1.0,2053,1.0
RE1,DEMMINIGSL,GSL002,1.0,2054,1.0
RE1,DEMMINIGSL,GSL002,1.0,2055,1.0
RE1,DEMMININGS,NGS002,1.0,2022,1.0
RE1,DEMMININGS,NGS002,1.0,2023,1.0
RE1,DEMMININGS,NGS002,1.0,2024,1.0
RE1,DEMMININGS,NGS002,1.0,2025,1.0
RE1,DEMMININGS,NGS002,1.0,2026,1.0
RE1,DEMMININGS,NGS002,1.0,2027,1.0
RE1,DEMMININGS,NGS002,1.0,2028,1.0
RE1,DEMMININGS,NGS002,1.0,2029,1.0
RE1,DEMMININGS,NGS002,1.0,2030,1.0
RE1,DEMMININGS,NGS002,1.0,2031,1.0
RE1,DEMMININGS,NGS002,1.0,2032,1.0
RE1,DEMMININGS,NGS002,1.0,2033,1.0
RE1,DEMMININGS,NGS002,1.0,2034,1.0
RE1,DEMMININGS,NGS002,1.0,2035,1.0
RE1,DEMMININGS,NGS002,1.0,2036,1.0
RE1,DEMMININGS,NGS002,1.0,2037,1.0
RE1,DEMMININGS,NGS002,1.0,2038,1.0
RE1,DEMMININGS,NGS002,1.0,2039,1.0
RE1,DEMMININGS,NGS002,1.0,2040,1.0
RE1,DEMMININGS,NGS002,1.0,2041,1.0
RE1,DEMMININGS,NGS002,1.0,2042,1.0
RE1,DEMMININGS,NGS002,1.0,2043,1.0
RE1,DEMMININGS,NGS002,1.0,2044,1.0
RE1,DEMMININGS,NGS002,1.0,2045,1.0
RE1,DEMMININGS,NGS002,1.0,2046,1.0
RE1,DEMMININGS,NGS002,1.0,2047,1.0
RE1,DEMMININGS,NGS002,1.0,2048,1.0
RE1,DEMMININGS,NGS002,1.0,2049,1.0
RE1,DEMMININGS,NGS002,1.0,2050,1.0
RE1,DEMMININGS,NGS002,1.0,2051,1.0
RE1,DEMMININGS,NGS002,1.0,2052,1.0
RE1,DEMMININGS,NGS002,1.0,2053,1.0
RE1,DEMMININGS,NGS002,1.0,2054,1.0
RE1,DEMMININGS,NGS002,1.0,2055,1.0
RE1,DEMNGSAUT,NGS,1.0,2022,1.0
RE1,DEMNGSAUT,NGS,1.0,2023,1.0
RE1,DEMNGSAUT,NGS,1.0,2024,1.0
RE1,DEMNGSAUT,NGS,1.0,2025,1.0
RE1,DEMNGSAUT,NGS,1.0,2026,1.0
RE1,DEMNGSAUT,NGS,1.0,2027,1.0
RE1,DEMNGSAUT,NGS,1.0,2028,1.0
RE1,DEMNGSAUT,NGS,1.0,2029,1.0
RE1,DEMNGSAUT,NGS,1.0,2030,1.0
RE1,DEMNGSAUT,NGS,1.0,2031,1.0
RE1,DEMNGSAUT,NGS,1.0,2032,1.0
RE1,DEMNGSAUT,NGS,1.0,2033,1.0
RE1,DEMNGSAUT,NGS,1.0,2034,1.0
RE1,DEMNGSAUT,NGS,1.0,2035,1.0
RE1,DEMNGSAUT,NGS,1.0,2036,1.0
RE1,DEMNGSAUT,NGS,1.0,2037,1.0
RE1,DEMNGSAUT,NGS,1.0,2038,1.0
RE1,DEMNGSAUT,NGS,1.0,2039,1.0
RE1,DEMNGSAUT,NGS,1.0,2040,1.0
RE1,DEMNGSAUT,NGS,1.0,2041,1.0
RE1,DEMNGSAUT,NGS,1.0,2042,1.0
RE1,DEMNGSAUT,NGS,1.0,2043,1.0
RE1,DEMNGSAUT,NGS,1.0,2044,1.0
RE1,DEMNGSAUT,NGS,1.0,2045,1.0
RE1,DEMNGSAUT,NGS,1.0,2046,1.0
RE1,DEMNGSAUT,NGS,1.0,2047,1.0
RE1,DEMNGSAUT,NGS,1.0,2048,1.0
RE1,DEMNGSAUT,NGS,1.0,2049,1.0
RE1,DEMNGSAUT,NGS,1.0,2050,1.0
RE1,DEMNGSAUT,NGS,1.0,2051,1.0
RE1,DEMNGSAUT,NGS,1.0,2052,1.0
RE1,DEMNGSAUT,NGS,1.0,2053,1.0
RE1,DEMNGSAUT,NGS,1.0,2054,1.0
RE1,DEMNGSAUT,NGS,1.0,2055,1.0
RE1,DEMNSEELC,ELC002,1.0,2022,1.0
RE1,DEMNSEELC,ELC002,1.0,2023,1.0
RE1,DEMNSEELC,ELC002,1.0,2024,1.0
RE1,DEMNSEELC,ELC002,1.0,2025,1.0
RE1,DEMNSEELC,ELC002,1.0,2026,1.0
RE1,DEMNSEELC,ELC002,1.0,2027,1.0
RE1,DEMNSEELC,ELC002,1.0,2028,1.0
RE1,DEMNSEELC,ELC002,1.0,2029,1.0
RE1,DEMNSEELC,ELC002,1.0,2030,1.0
RE1,DEMNSEELC,ELC002,1.0,2031,1.0
RE1,DEMNSEELC,ELC002,1.0,2032,1.0
RE1,DEMNSEELC,ELC002,1.0,2033,1.0
RE1,DEMNSEELC,ELC002,1.0,2034,1.0
RE1,DEMNSEELC,ELC002,1.0,2035,1.0
RE1,DEMNSEELC,ELC002,1.0,2036,1.0
RE1,DEMNSEELC,ELC002,1.0,2037,1.0
RE1,DEMNSEELC,ELC002,1.0,2038,1.0
RE1,DEMNSEELC,ELC002,1.0,2039,1.0
RE1,DEMNSEELC,ELC002,1.0,2040,1.0
RE1,DEMNSEELC,ELC002,1.0,2041,1.0
RE1,DEMNSEELC,ELC002,1.0,2042,1.0
RE1,DEMNSEELC,ELC002,1.0,2043,1.0
RE1,DEMNSEELC,ELC002,1.0,2044,1.0
RE1,DEMNSEELC,ELC002,1.0,2045,1.0
RE1,DEMNSEELC,ELC002,1.0,2046,1.0
RE1,DEMNSEELC,ELC002,1.0,2047,1.0
RE1,DEMNSEELC,ELC002,1.0,2048,1.0
RE1,DEMNSEELC,ELC002,1.0,2049,1.0
RE1,DEMNSEELC,ELC002,1.0,2050,1.0
RE1,DEMNSEELC,ELC002,1.0,2051,1.0
RE1,DEMNSEELC,ELC002,1.0,2052,1.0
RE1,DEMNSEELC,ELC002,1.0,2053,1.0
RE1,DEMNSEELC,ELC002,1.0,2054,1.0
RE1,DEMNSEELC,ELC002,1.0,2055,1.0
RE1,DEMRESBGSCKN_MID_RUR,BGS,1.0,2022,1.818181818181818
RE1,DEMRESBGSCKN_MID_RUR,BGS,1.0,2023,1.818181818181818
RE1,DEMRESBGSCKN_MID_RUR,BGS,1.0,2024,1.818181818181818
RE1,DEMRESBGSCKN_MID_RUR,BGS,1.0,2025,1.818181818181818
RE1,DEMRESBGSCKN_MID_RUR,BGS,1.0,2026,1.818181818181818
RE1,DEMRESBGSCKN_MID_RUR,BGS,1.0,2027,1.818181818181818
RE1,DEMRESBGSCKN_MID_RUR,BGS,1.0,2028,1.818181818181818
RE1,DEMRESBGSCKN_MID_RUR,BGS,1.0,2029,1.818181818181818
RE1,DEMRESBGSCKN_MID_RUR,BGS,1.0,2030,1.818181818181818
RE1,DEMRESBGSCKN_MID_RUR,BGS,1.0,2031,1.818181818181818
RE1,DEMRESBGSCKN_MID_RUR,BGS,1.0,2032,1.818181818181818
RE1,DEMRESBGSCKN_MID_RUR,BGS,1.0,2033,1.818181818181818
RE1,DEMRESBGSCKN_MID_RUR,BGS,1.0,2034,1.818181818181818
RE1,DEMRESBGSCKN_MID_RUR,BGS,1.0,2035,1.818181818181818
RE1,DEMRESBGSCKN_MID_RUR,BGS,1.0,2036,1.818181818181818
RE1,DEMRESBGSCKN_MID_RUR,BGS,1.0,2037,1.818181818181818
RE1,DEMRESBGSCKN_MID_RUR,BGS,1.0,2038,1.818181818181818
RE1,DEMRESBGSCKN_MID_RUR,BGS,1.0,2039,1.818181818181818
RE1,DEMRESBGSCKN_MID_RUR,BGS,1.0,2040,1.818181818181818
RE1,DEMRESBGSCKN_MID_RUR,BGS,1.0,2041,1.818181818181818
RE1,DEMRESBGSCKN_MID_RUR,BGS,1.0,2042,1.818181818181818
RE1,DEMRESBGSCKN_MID_RUR,BGS,1.0,2043,1.818181818181818
RE1,DEMRESBGSCKN_MID_RUR,BGS,1.0,2044,1.818181818181818
RE1,DEMRESBGSCKN_MID_RUR,BGS,1.0,2045,1.818181818181818
RE1,DEMRESBGSCKN_MID_RUR,BGS,1.0,2046,1.818181818181818
RE1,DEMRESBGSCKN_MID_RUR,BGS,1.0,2047,1.818181818181818
RE1,DEMRESBGSCKN_MID_RUR,BGS,1.0,2048,1.818181818181818
RE1,DEMRESBGSCKN_MID_RUR,BGS,1.0,2049,1.818181818181818
RE1,DEMRESBGSCKN_MID_RUR,BGS,1.0,2050,1.818181818181818
RE1,DEMRESBGSCKN_MID_RUR,BGS,1.0,2051,1.818181818181818
RE1,DEMRESBGSCKN_MID_RUR,BGS,1.0,2052,1.818181818181818
RE1,DEMRESBGSCKN_MID_RUR,BGS,1.0,2053,1.818181818181818
RE1,DEMRESBGSCKN_MID_RUR,BGS,1.0,2054,1.818181818181818
RE1,DEMRESBGSCKN_MID_RUR,BGS,1.0,2055,1.818181818181818
RE1,DEMRESELCAIR_PAR_HIG_RUR,ELC002,1.0,2022,1.515151515151515
RE1,DEMRESELCAIR_PAR_HIG_RUR,ELC002,1.0,2023,1.515151515151515
RE1,DEMRESELCAIR_PAR_HIG_RUR,ELC002,1.0,2024,1.515151515151515
RE1,DEMRESELCAIR_PAR_HIG_RUR,ELC002,1.0,2025,1.515151515151515
RE1,DEMRESELCAIR_PAR_HIG_RUR,ELC002,1.0,2026,1.515151515151515
RE1,DEMRESELCAIR_PAR_HIG_RUR,ELC002,1.0,2027,1.515151515151515
RE1,DEMRESELCAIR_PAR_HIG_RUR,ELC002,1.0,2028,1.515151515151515
RE1,DEMRESELCAIR_PAR_HIG_RUR,ELC002,1.0,2029,1.515151515151515
RE1,DEMRESELCAIR_PAR_HIG_RUR,ELC002,1.0,2030,1.515151515151515
RE1,DEMRESELCAIR_PAR_HIG_RUR,ELC002,1.0,2031,1.515151515151515
RE1,DEMRESELCAIR_PAR_HIG_RUR,ELC002,1.0,2032,1.515151515151515
RE1,DEMRESELCAIR_PAR_HIG_RUR,ELC002,1.0,2033,1.515151515151515
RE1,DEMRESELCAIR_PAR_HIG_RUR,ELC002,1.0,2034,1.515151515151515
RE1,DEMRESELCAIR_PAR_HIG_RUR,ELC002,1.0,2035,1.515151515151515
RE1,DEMRESELCAIR_PAR_HIG_RUR,ELC002,1.0,2036,1.515151515151515
RE1,DEMRESELCAIR_PAR_HIG_RUR,ELC002,1.0,2037,1.515151515151515
RE1,DEMRESELCAIR_PAR_HIG_RUR,ELC002,1.0,2038,1.515151515151515
RE1,DEMRESELCAIR_PAR_HIG_RUR,ELC002,1.0,2039,1.515151515151515
RE1,DEMRESELCAIR_PAR_HIG_RUR,ELC002,1.0,2040,1.515151515151515
RE1,DEMRESELCAIR_PAR_HIG_RUR,ELC002,1.0,2041,1.515151515151515
RE1,DEMRESELCAIR_PAR_HIG_RUR,ELC002,1.0,2042,1.515151515151515
RE1,DEMRESELCAIR_PAR_HIG_RUR,ELC002,1.0,2043,1.515151515151515
RE1,DEMRESELCAIR_PAR_HIG_RUR,ELC002,1.0,2044,1.515151515151515
RE1,DEMRESELCAIR_PAR_HIG_RUR,ELC002,1.0,2045,1.515151515151515
RE1,DEMRESELCAIR_PAR_HIG_RUR,ELC002,1.0,2046,1.515151515151515
RE1,DEMRESELCAIR_PAR_HIG_RUR,ELC002,1.0,2047,1.515151515151515
RE1,DEMRESELCAIR_PAR_HIG_RUR,ELC002,1.0,2048,1.515151515151515
RE1,DEMRESELCAIR_PAR_HIG_RUR,ELC002,1.0,2049,1.515151515151515
RE1,DEMRESELCAIR_PAR_HIG_RUR,ELC002,1.0,2050,1.515151515151515
RE1,DEMRESELCAIR_PAR_HIG_RUR,ELC002,1.0,2051,1.515151515151515
RE1,DEMRESELCAIR_PAR_HIG_RUR,ELC002,1.0,2052,1.515151515151515
RE1,DEMRESELCAIR_PAR_HIG_RUR,ELC002,1.0,2053,1.515151515151515
RE1,DEMRESELCAIR_PAR_HIG_RUR,ELC002,1.0,2054,1.515151515151515
RE1,DEMRESELCAIR_PAR_HIG_RUR,ELC002,1.0,2055,1.515151515151515
RE1,DEMRESELCAIR_PAR_LOW_RUR,ELC002,1.0,2022,2.777777777777778
RE1,DEMRESELCAIR_PAR_LOW_RUR,ELC002,1.0,2023,2.777777777777778
RE1,DEMRESELCAIR_PAR_LOW_RUR,ELC002,1.0,2024,2.777777777777778
RE1,DEMRESELCAIR_PAR_LOW_RUR,ELC002,1.0,2025,2.777777777777778
RE1,DEMRESELCAIR_PAR_LOW_RUR,ELC002,1.0,2026,2.777777777777778
RE1,DEMRESELCAIR_PAR_LOW_RUR,ELC002,1.0,2027,2.777777777777778
RE1,DEMRESELCAIR_PAR_LOW_RUR,ELC002,1.0,2028,2.777777777777778
RE1,DEMRESELCAIR_PAR_LOW_RUR,ELC002,1.0,2029,2.777777777777778
RE1,DEMRESELCAIR_PAR_LOW_RUR,ELC002,1.0,2030,2.777777777777778
RE1,DEMRESELCAIR_PAR_LOW_RUR,ELC002,1.0,2031,2.777777777777778
RE1,DEMRESELCAIR_PAR_LOW_RUR,ELC002,1.0,2032,2.777777777777778
RE1,DEMRESELCAIR_PAR_LOW_RUR,ELC002,1.0,2033,2.777777777777778
RE1,DEMRESELCAIR_PAR_LOW_RUR,ELC002,1.0,2034,2.777777777777778
RE1,DEMRESELCAIR_PAR_LOW_RUR,ELC002,1.0,2035,2.777777777777778
RE1,DEMRESELCAIR_PAR_LOW_RUR,ELC002,1.0,2036,2.777777777777778
RE1,DEMRESELCAIR_PAR_LOW_RUR,ELC002,1.0,2037,2.777777777777778
RE1,DEMRESELCAIR_PAR_LOW_RUR,ELC002,1.0,2038,2.777777777777778
RE1,DEMRESELCAIR_PAR_LOW_RUR,ELC002,1.0,2039,2.777777777777778
RE1,DEMRESELCAIR_PAR_LOW_RUR,ELC002,1.0,2040,2.777777777777778
RE1,DEMRESELCAIR_PAR_LOW_RUR,ELC002,1.0,2041,2.777777777777778
RE1,DEMRESELCAIR_PAR_LOW_RUR,ELC002,1.0,2042,2.777777777777778
RE1,DEMRESELCAIR_PAR_LOW_RUR,ELC002,1.0,2043,2.777777777777778
RE1,DEMRESELCAIR_PAR_LOW_RUR,ELC002,1.0,2044,2.777777777777778
RE1,DEMRESELCAIR_PAR_LOW_RUR,ELC002,1.0,2045,2.777777777777778
RE1,DEMRESELCAIR_PAR_LOW_RUR,ELC002,1.0,2046,2.777777777777778
RE1,DEMRESELCAIR_PAR_LOW_RUR,ELC002,1.0,2047,2.777777777777778
RE1,DEMRESELCAIR_PAR_LOW_RUR,ELC002,1.0,2048,2.777777777777778
RE1,DEMRESELCAIR_PAR_LOW_RUR,ELC002,1.0,2049,2.777777777777778
RE1,DEMRESELCAIR_PAR_LOW_RUR,ELC002,1.0,2050,2.777777777777778
RE1,DEMRESELCAIR_PAR_LOW_RUR,ELC002,1.0,2051,2.777777777777778
RE1,DEMRESELCAIR_PAR_LOW_RUR,ELC002,1.0,2052,2.777777777777778
RE1,DEMRESELCAIR_PAR_LOW_RUR,ELC002,1.0,2053,2.777777777777778
RE1,DEMRESELCAIR_PAR_LOW_RUR,ELC002,1.0,2054,2.777777777777778
RE1,DEMRESELCAIR_PAR_LOW_RUR,ELC002,1.0,2055,2.777777777777778
RE1,DEMRESELCAIR_PAR_LOW_URB,ELC002,1.0,2022,2.777777777777778
RE1,DEMRESELCAIR_PAR_LOW_URB,ELC002,1.0,2023,2.777777777777778
RE1,DEMRESELCAIR_PAR_LOW_URB,ELC002,1.0,2024,2.777777777777778
RE1,DEMRESELCAIR_PAR_LOW_URB,ELC002,1.0,2025,2.777777777777778
RE1,DEMRESELCAIR_PAR_LOW_URB,ELC002,1.0,2026,2.777777777777778
RE1,DEMRESELCAIR_PAR_LOW_URB,ELC002,1.0,2027,2.777777777777778
RE1,DEMRESELCAIR_PAR_LOW_URB,ELC002,1.0,2028,2.777777777777778
RE1,DEMRESELCAIR_PAR_LOW_URB,ELC002,1.0,2029,2.777777777777778
RE1,DEMRESELCAIR_PAR_LOW_URB,ELC002,1.0,2030,2.777777777777778
RE1,DEMRESELCAIR_PAR_LOW_URB,ELC002,1.0,2031,2.777777777777778
RE1,DEMRESELCAIR_PAR_LOW_URB,ELC002,1.0,2032,2.777777777777778
RE1,DEMRESELCAIR_PAR_LOW_URB,ELC002,1.0,2033,2.777777777777778
RE1,DEMRESELCAIR_PAR_LOW_URB,ELC002,1.0,2034,2.777777777777778
RE1,DEMRESELCAIR_PAR_LOW_URB,ELC002,1.0,2035,2.777777777777778
RE1,DEMRESELCAIR_PAR_LOW_URB,ELC002,1.0,2036,2.777777777777778
RE1,DEMRESELCAIR_PAR_LOW_URB,ELC002,1.0,2037,2.777777777777778
RE1,DEMRESELCAIR_PAR_LOW_URB,ELC002,1.0,2038,2.777777777777778
RE1,DEMRESELCAIR_PAR_LOW_URB,ELC002,1.0,2039,2.777777777777778
RE1,DEMRESELCAIR_PAR_LOW_URB,ELC002,1.0,2040,2.777777777777778
RE1,DEMRESELCAIR_PAR_LOW_URB,ELC002,1.0,2041,2.777777777777778
RE1,DEMRESELCAIR_PAR_LOW_URB,ELC002,1.0,2042,2.777777777777778
RE1,DEMRESELCAIR_PAR_LOW_URB,ELC002,1.0,2043,2.777777777777778
RE1,DEMRESELCAIR_PAR_LOW_URB,ELC002,1.0,2044,2.777777777777778
RE1,DEMRESELCAIR_PAR_LOW_URB,ELC002,1.0,2045,2.777777777777778
RE1,DEMRESELCAIR_PAR_LOW_URB,ELC002,1.0,2046,2.777777777777778
RE1,DEMRESELCAIR_PAR_LOW_URB,ELC002,1.0,2047,2.777777777777778
RE1,DEMRESELCAIR_PAR_LOW_URB,ELC002,1.0,2048,2.777777777777778
RE1,DEMRESELCAIR_PAR_LOW_URB,ELC002,1.0,2049,2.777777777777778
RE1,DEMRESELCAIR_PAR_LOW_URB,ELC002,1.0,2050,2.777777777777778
RE1,DEMRESELCAIR_PAR_LOW_URB,ELC002,1.0,2051,2.777777777777778
RE1,DEMRESELCAIR_PAR_LOW_URB,ELC002,1.0,2052,2.777777777777778
RE1,DEMRESELCAIR_PAR_LOW_URB,ELC002,1.0,2053,2.777777777777778
RE1,DEMRESELCAIR_PAR_LOW_URB,ELC002,1.0,2054,2.777777777777778
RE1,DEMRESELCAIR_PAR_LOW_URB,ELC002,1.0,2055,2.777777777777778
RE1,DEMRESELCAIR_PAR_MID_RUR,ELC002,1.0,2022,2.768949125979519
RE1,DEMRESELCAIR_PAR_MID_RUR,ELC002,1.0,2023,2.761075233488687
RE1,DEMRESELCAIR_PAR_MID_RUR,ELC002,1.0,2024,2.746735910690593
RE1,DEMRESELCAIR_PAR_MID_RUR,ELC002,1.0,2025,2.7218803517717
RE1,DEMRESELCAIR_PAR_MID_RUR,ELC002,1.0,2026,2.68227133181385
RE1,DEMRESELCAIR_PAR_MID_RUR,ELC002,1.0,2027,2.626894297359176
RE1,DEMRESELCAIR_PAR_MID_RUR,ELC002,1.0,2028,2.56213169356905
RE1,DEMRESELCAIR_PAR_MID_RUR,ELC002,1.0,2029,2.500485530695212
RE1,DEMRESELCAIR_PAR_MID_RUR,ELC002,1.0,2030,2.452292851911047
RE1,DEMRESELCAIR_PAR_MID_RUR,ELC002,1.0,2031,2.420094984898566
RE1,DEMRESELCAIR_PAR_MID_RUR,ELC002,1.0,2032,2.400778764590922
RE1,DEMRESELCAIR_PAR_MID_RUR,ELC002,1.0,2033,2.389930235443835
RE1,DEMRESELCAIR_PAR_MID_RUR,ELC002,1.0,2034,2.384062114533208
RE1,DEMRESELCAIR_PAR_MID_RUR,ELC002,1.0,2035,2.380952380952381
RE1,DEMRESELCAIR_PAR_MID_RUR,ELC002,1.0,2036,2.380952380952381
RE1,DEMRESELCAIR_PAR_MID_RUR,ELC002,1.0,2037,2.380952380952381
RE1,DEMRESELCAIR_PAR_MID_RUR,ELC002,1.0,2038,2.380952380952381
RE1,DEMRESELCAIR_PAR_MID_RUR,ELC002,1.0,2039,2.380952380952381
RE1,DEMRESELCAIR_PAR_MID_RUR,ELC002,1.0,2040,2.380952380952381
RE1,DEMRESELCAIR_PAR_MID_RUR,ELC002,1.0,2041,2.380952380952381
RE1,DEMRESELCAIR_PAR_MID_RUR,ELC002,1.0,2042,2.380952380952381
RE1,DEMRESELCAIR_PAR_MID_RUR,ELC002,1.0,2043,2.380952380952381
RE1,DEMRESELCAIR_PAR_MID_RUR,ELC002,1.0,2044,2.380952380952381
RE1,DEMRESELCAIR_PAR_MID_RUR,ELC002,1.0,2045,2.380952380952381
RE1,DEMRESELCAIR_PAR_MID_RUR,ELC002,1.0,2046,2.380952380952381
RE1,DEMRESELCAIR_PAR_MID_RUR,ELC002,1.0,2047,2.380952380952381
RE1,DEMRESELCAIR_PAR_MID_RUR,ELC002,1.0,2048,2.380952380952381
RE1,DEMRESELCAIR_PAR_MID_RUR,ELC002,1.0,2049,2.380952380952381
RE1,DEMRESELCAIR_PAR_MID_RUR,ELC002,1.0,2050,2.380952380952381
RE1,DEMRESELCAIR_PAR_MID_RUR,ELC002,1.0,2051,2.380952380952381
RE1,DEMRESELCAIR_PAR_MID_RUR,ELC002,1.0,2052,2.380952380952381
RE1,DEMRESELCAIR_PAR_MID_RUR,ELC002,1.0,2053,2.380952380952381
RE1,DEMRESELCAIR_PAR_MID_RUR,ELC002,1.0,2054,2.380952380952381
RE1,DEMRESELCAIR_PAR_MID_RUR,ELC002,1.0,2055,2.380952380952381
RE1,DEMRESELCAIR_PAR_MID_URB,ELC002,1.0,2022,2.768949125979519
RE1,DEMRESELCAIR_PAR_MID_URB,ELC002,1.0,2023,2.761075233488687
RE1,DEMRESELCAIR_PAR_MID_URB,ELC002,1.0,2024,2.746735910690593
RE1,DEMRESELCAIR_PAR_MID_URB,ELC002,1.0,2025,2.7218803517717
RE1,DEMRESELCAIR_PAR_MID_URB,ELC002,1.0,2026,2.68227133181385
RE1,DEMRESELCAIR_PAR_MID_URB,ELC002,1.0,2027,2.626894297359176
RE1,DEMRESELCAIR_PAR_MID_URB,ELC002,1.0,2028,2.56213169356905
RE1,DEMRESELCAIR_PAR_MID_URB,ELC002,1.0,2029,2.500485530695212
RE1,DEMRESELCAIR_PAR_MID_URB,ELC002,1.0,2030,2.452292851911047
RE1,DEMRESELCAIR_PAR_MID_URB,ELC002,1.0,2031,2.420094984898566
RE1,DEMRESELCAIR_PAR_MID_URB,ELC002,1.0,2032,2.400778764590922
RE1,DEMRESELCAIR_PAR_MID_URB,ELC002,1.0,2033,2.389930235443835
RE1,DEMRESELCAIR_PAR_MID_URB,ELC002,1.0,2034,2.384062114533208
RE1,DEMRESELCAIR_PAR_MID_URB,ELC002,1.0,2035,2.380952380952381
RE1,DEMRESELCAIR_PAR_MID_URB,ELC002,1.0,2036,2.380952380952381
RE1,DEMRESELCAIR_PAR_MID_URB,ELC002,1.0,2037,2.380952380952381
RE1,DEMRESELCAIR_PAR_MID_URB,ELC002,1.0,2038,2.380952380952381
RE1,DEMRESELCAIR_PAR_MID_URB,ELC002,1.0,2039,2.380952380952381
RE1,DEMRESELCAIR_PAR_MID_URB,ELC002,1.0,2040,2.380952380952381
RE1,DEMRESELCAIR_PAR_MID_URB,ELC002,1.0,2041,2.380952380952381
RE1,DEMRESELCAIR_PAR_MID_URB,ELC002,1.0,2042,2.380952380952381
RE1,DEMRESELCAIR_PAR_MID_URB,ELC002,1.0,2043,2.380952380952381
RE1,DEMRESELCAIR_PAR_MID_URB,ELC002,1.0,2044,2.380952380952381
RE1,DEMRESELCAIR_PAR_MID_URB,ELC002,1.0,2045,2.380952380952381
RE1,DEMRESELCAIR_PAR_MID_URB,ELC002,1.0,2046,2.380952380952381
RE1,DEMRESELCAIR_PAR_MID_URB,ELC002,1.0,2047,2.380952380952381
RE1,DEMRESELCAIR_PAR_MID_URB,ELC002,1.0,2048,2.380952380952381
RE1,DEMRESELCAIR_PAR_MID_URB,ELC002,1.0,2049,2.380952380952381
RE1,DEMRESELCAIR_PAR_MID_URB,ELC002,1.0,2050,2.380952380952381
RE1,DEMRESELCAIR_PAR_MID_URB,ELC002,1.0,2051,2.380952380952381
RE1,DEMRESELCAIR_PAR_MID_URB,ELC002,1.0,2052,2.380952380952381
RE1,DEMRESELCAIR_PAR_MID_URB,ELC002,1.0,2053,2.380952380952381
RE1,DEMRESELCAIR_PAR_MID_URB,ELC002,1.0,2054,2.380952380952381
RE1,DEMRESELCAIR_PAR_MID_URB,ELC002,1.0,2055,2.380952380952381
RE1,DEMRESELCAIR_POR_HIG_RUR,ELC002,1.0,2022,1.515151515151515
RE1,DEMRESELCAIR_POR_HIG_RUR,ELC002,1.0,2023,1.515151515151515
RE1,DEMRESELCAIR_POR_HIG_RUR,ELC002,1.0,2024,1.515151515151515
RE1,DEMRESELCAIR_POR_HIG_RUR,ELC002,1.0,2025,1.515151515151515
RE1,DEMRESELCAIR_POR_HIG_RUR,ELC002,1.0,2026,1.515151515151515
RE1,DEMRESELCAIR_POR_HIG_RUR,ELC002,1.0,2027,1.515151515151515
RE1,DEMRESELCAIR_POR_HIG_RUR,ELC002,1.0,2028,1.515151515151515
RE1,DEMRESELCAIR_POR_HIG_RUR,ELC002,1.0,2029,1.515151515151515
RE1,DEMRESELCAIR_POR_HIG_RUR,ELC002,1.0,2030,1.515151515151515
RE1,DEMRESELCAIR_POR_HIG_RUR,ELC002,1.0,2031,1.515151515151515
RE1,DEMRESELCAIR_POR_HIG_RUR,ELC002,1.0,2032,1.515151515151515
RE1,DEMRESELCAIR_POR_HIG_RUR,ELC002,1.0,2033,1.515151515151515
RE1,DEMRESELCAIR_POR_HIG_RUR,ELC002,1.0,2034,1.515151515151515
RE1,DEMRESELCAIR_POR_HIG_RUR,ELC002,1.0,2035,1.515151515151515
RE1,DEMRESELCAIR_POR_HIG_RUR,ELC002,1.0,2036,1.515151515151515
RE1,DEMRESELCAIR_POR_HIG_RUR,ELC002,1.0,2037,1.515151515151515
RE1,DEMRESELCAIR_POR_HIG_RUR,ELC002,1.0,2038,1.515151515151515
RE1,DEMRESELCAIR_POR_HIG_RUR,ELC002,1.0,2039,1.515151515151515
RE1,DEMRESELCAIR_POR_HIG_RUR,ELC002,1.0,2040,1.515151515151515
RE1,DEMRESELCAIR_POR_HIG_RUR,ELC002,1.0,2041,1.515151515151515
RE1,DEMRESELCAIR_POR_HIG_RUR,ELC002,1.0,2042,1.515151515151515
RE1,DEMRESELCAIR_POR_HIG_RUR,ELC002,1.0,2043,1.515151515151515
RE1,DEMRESELCAIR_POR_HIG_RUR,ELC002,1.0,2044,1.515151515151515
RE1,DEMRESELCAIR_POR_HIG_RUR,ELC002,1.0,2045,1.515151515151515
RE1,DEMRESELCAIR_POR_HIG_RUR,ELC002,1.0,2046,1.515151515151515
RE1,DEMRESELCAIR_POR_HIG_RUR,ELC002,1.0,2047,1.515151515151515
RE1,DEMRESELCAIR_POR_HIG_RUR,ELC002,1.0,2048,1.515151515151515
RE1,DEMRESELCAIR_POR_HIG_RUR,ELC002,1.0,2049,1.515151515151515
RE1,DEMRESELCAIR_POR_HIG_RUR,ELC002,1.0,2050,1.515151515151515
RE1,DEMRESELCAIR_POR_HIG_RUR,ELC002,1.0,2051,1.515151515151515
RE1,DEMRESELCAIR_POR_HIG_RUR,ELC002,1.0,2052,1.515151515151515
RE1,DEMRESELCAIR_POR_HIG_RUR,ELC002,1.0,2053,1.515151515151515
RE1,DEMRESELCAIR_POR_HIG_RUR,ELC002,1.0,2054,1.515151515151515
RE1,DEMRESELCAIR_POR_HIG_RUR,ELC002,1.0,2055,1.515151515151515
RE1,DEMRESELCAIR_POR_HIG_URB,ELC002,1.0,2022,1.515151515151515
RE1,DEMRESELCAIR_POR_HIG_URB,ELC002,1.0,2023,1.515151515151515
RE1,DEMRESELCAIR_POR_HIG_URB,ELC002,1.0,2024,1.515151515151515
RE1,DEMRESELCAIR_POR_HIG_URB,ELC002,1.0,2025,1.515151515151515
RE1,DEMRESELCAIR_POR_HIG_URB,ELC002,1.0,2026,1.515151515151515
RE1,DEMRESELCAIR_POR_HIG_URB,ELC002,1.0,2027,1.515151515151515
RE1,DEMRESELCAIR_POR_HIG_URB,ELC002,1.0,2028,1.515151515151515
RE1,DEMRESELCAIR_POR_HIG_URB,ELC002,1.0,2029,1.515151515151515
RE1,DEMRESELCAIR_POR_HIG_URB,ELC002,1.0,2030,1.515151515151515
RE1,DEMRESELCAIR_POR_HIG_URB,ELC002,1.0,2031,1.515151515151515
RE1,DEMRESELCAIR_POR_HIG_URB,ELC002,1.0,2032,1.515151515151515
RE1,DEMRESELCAIR_POR_HIG_URB,ELC002,1.0,2033,1.515151515151515
RE1,DEMRESELCAIR_POR_HIG_URB,ELC002,1.0,2034,1.515151515151515
RE1,DEMRESELCAIR_POR_HIG_URB,ELC002,1.0,2035,1.515151515151515
RE1,DEMRESELCAIR_POR_HIG_URB,ELC002,1.0,2036,1.515151515151515
RE1,DEMRESELCAIR_POR_HIG_URB,ELC002,1.0,2037,1.515151515151515
RE1,DEMRESELCAIR_POR_HIG_URB,ELC002,1.0,2038,1.515151515151515
RE1,DEMRESELCAIR_POR_HIG_URB,ELC002,1.0,2039,1.515151515151515
RE1,DEMRESELCAIR_POR_HIG_URB,ELC002,1.0,2040,1.515151515151515
RE1,DEMRESELCAIR_POR_HIG_URB,ELC002,1.0,2041,1.515151515151515
RE1,DEMRESELCAIR_POR_HIG_URB,ELC002,1.0,2042,1.515151515151515
RE1,DEMRESELCAIR_POR_HIG_URB,ELC002,1.0,2043,1.515151515151515
RE1,DEMRESELCAIR_POR_HIG_URB,ELC002,1.0,2044,1.515151515151515
RE1,DEMRESELCAIR_POR_HIG_URB,ELC002,1.0,2045,1.515151515151515
RE1,DEMRESELCAIR_POR_HIG_URB,ELC002,1.0,2046,1.515151515151515
RE1,DEMRESELCAIR_POR_HIG_URB,ELC002,1.0,2047,1.515151515151515
RE1,DEMRESELCAIR_POR_HIG_URB,ELC002,1.0,2048,1.515151515151515
RE1,DEMRESELCAIR_POR_HIG_URB,ELC002,1.0,2049,1.515151515151515
RE1,DEMRESELCAIR_POR_HIG_URB,ELC002,1.0,2050,1.515151515151515
RE1,DEMRESELCAIR_POR_HIG_URB,ELC002,1.0,2051,1.515151515151515
RE1,DEMRESELCAIR_POR_HIG_URB,ELC002,1.0,2052,1.515151515151515
RE1,DEMRESELCAIR_POR_HIG_URB,ELC002,1.0,2053,1.515151515151515
RE1,DEMRESELCAIR_POR_HIG_URB,ELC002,1.0,2054,1.515151515151515
RE1,DEMRESELCAIR_POR_HIG_URB,ELC002,1.0,2055,1.515151515151515
RE1,DEMRESELCAIR_POR_LOW_RUR,ELC002,1.0,2022,2.777777777777778
RE1,DEMRESELCAIR_POR_LOW_RUR,ELC002,1.0,2023,2.777777777777778
RE1,DEMRESELCAIR_POR_LOW_RUR,ELC002,1.0,2024,2.777777777777778
RE1,DEMRESELCAIR_POR_LOW_RUR,ELC002,1.0,2025,2.777777777777778
RE1,DEMRESELCAIR_POR_LOW_RUR,ELC002,1.0,2026,2.777777777777778
RE1,DEMRESELCAIR_POR_LOW_RUR,ELC002,1.0,2027,2.777777777777778
RE1,DEMRESELCAIR_POR_LOW_RUR,ELC002,1.0,2028,2.777777777777778
RE1,DEMRESELCAIR_POR_LOW_RUR,ELC002,1.0,2029,2.777777777777778
RE1,DEMRESELCAIR_POR_LOW_RUR,ELC002,1.0,2030,2.777777777777778
RE1,DEMRESELCAIR_POR_LOW_RUR,ELC002,1.0,2031,2.777777777777778
RE1,DEMRESELCAIR_POR_LOW_RUR,ELC002,1.0,2032,2.777777777777778
RE1,DEMRESELCAIR_POR_LOW_RUR,ELC002,1.0,2033,2.777777777777778
RE1,DEMRESELCAIR_POR_LOW_RUR,ELC002,1.0,2034,2.777777777777778
RE1,DEMRESELCAIR_POR_LOW_RUR,ELC002,1.0,2035,2.777777777777778
RE1,DEMRESELCAIR_POR_LOW_RUR,ELC002,1.0,2036,2.777777777777778
RE1,DEMRESELCAIR_POR_LOW_RUR,ELC002,1.0,2037,2.777777777777778
RE1,DEMRESELCAIR_POR_LOW_RUR,ELC002,1.0,2038,2.777777777777778
RE1,DEMRESELCAIR_POR_LOW_RUR,ELC002,1.0,2039,2.777777777777778
RE1,DEMRESELCAIR_POR_LOW_RUR,ELC002,1.0,2040,2.777777777777778
RE1,DEMRESELCAIR_POR_LOW_RUR,ELC002,1.0,2041,2.777777777777778
RE1,DEMRESELCAIR_POR_LOW_RUR,ELC002,1.0,2042,2.777777777777778
RE1,DEMRESELCAIR_POR_LOW_RUR,ELC002,1.0,2043,2.777777777777778
RE1,DEMRESELCAIR_POR_LOW_RUR,ELC002,1.0,2044,2.777777777777778
RE1,DEMRESELCAIR_POR_LOW_RUR,ELC002,1.0,2045,2.777777777777778
RE1,DEMRESELCAIR_POR_LOW_RUR,ELC002,1.0,2046,2.777777777777778
RE1,DEMRESELCAIR_POR_LOW_RUR,ELC002,1.0,2047,2.777777777777778
RE1,DEMRESELCAIR_POR_LOW_RUR,ELC002,1.0,2048,2.777777777777778
RE1,DEMRESELCAIR_POR_LOW_RUR,ELC002,1.0,2049,2.777777777777778
RE1,DEMRESELCAIR_POR_LOW_RUR,ELC002,1.0,2050,2.777777777777778
RE1,DEMRESELCAIR_POR_LOW_RUR,ELC002,1.0,2051,2.777777777777778
RE1,DEMRESELCAIR_POR_LOW_RUR,ELC002,1.0,2052,2.777777777777778
RE1,DEMRESELCAIR_POR_LOW_RUR,ELC002,1.0,2053,2.777777777777778
RE1,DEMRESELCAIR_POR_LOW_RUR,ELC002,1.0,2054,2.777777777777778
RE1,DEMRESELCAIR_POR_LOW_RUR,ELC002,1.0,2055,2.777777777777778
RE1,DEMRESELCAIR_POR_LOW_URB,ELC002,1.0,2022,2.777777777777778
RE1,DEMRESELCAIR_POR_LOW_URB,ELC002,1.0,2023,2.777777777777778
RE1,DEMRESELCAIR_POR_LOW_URB,ELC002,1.0,2024,2.777777777777778
RE1,DEMRESELCAIR_POR_LOW_URB,ELC002,1.0,2025,2.777777777777778
RE1,DEMRESELCAIR_POR_LOW_URB,ELC002,1.0,2026,2.777777777777778
RE1,DEMRESELCAIR_POR_LOW_URB,ELC002,1.0,2027,2.777777777777778
RE1,DEMRESELCAIR_POR_LOW_URB,ELC002,1.0,2028,2.777777777777778
RE1,DEMRESELCAIR_POR_LOW_URB,ELC002,1.0,2029,2.777777777777778
RE1,DEMRESELCAIR_POR_LOW_URB,ELC002,1.0,2030,2.777777777777778
RE1,DEMRESELCAIR_POR_LOW_URB,ELC002,1.0,2031,2.777777777777778
RE1,DEMRESELCAIR_POR_LOW_URB,ELC002,1.0,2032,2.777777777777778
RE1,DEMRESELCAIR_POR_LOW_URB,ELC002,1.0,2033,2.777777777777778
RE1,DEMRESELCAIR_POR_LOW_URB,ELC002,1.0,2034,2.777777777777778
RE1,DEMRESELCAIR_POR_LOW_URB,ELC002,1.0,2035,2.777777777777778
RE1,DEMRESELCAIR_POR_LOW_URB,ELC002,1.0,2036,2.777777777777778
RE1,DEMRESELCAIR_POR_LOW_URB,ELC002,1.0,2037,2.777777777777778
RE1,DEMRESELCAIR_POR_LOW_URB,ELC002,1.0,2038,2.777777777777778
RE1,DEMRESELCAIR_POR_LOW_URB,ELC002,1.0,2039,2.777777777777778
RE1,DEMRESELCAIR_POR_LOW_URB,ELC002,1.0,2040,2.777777777777778
RE1,DEMRESELCAIR_POR_LOW_URB,ELC002,1.0,2041,2.777777777777778
RE1,DEMRESELCAIR_POR_LOW_URB,ELC002,1.0,2042,2.777777777777778
RE1,DEMRESELCAIR_POR_LOW_URB,ELC002,1.0,2043,2.777777777777778
RE1,DEMRESELCAIR_POR_LOW_URB,ELC002,1.0,2044,2.777777777777778
RE1,DEMRESELCAIR_POR_LOW_URB,ELC002,1.0,2045,2.777777777777778
RE1,DEMRESELCAIR_POR_LOW_URB,ELC002,1.0,2046,2.777777777777778
RE1,DEMRESELCAIR_POR_LOW_URB,ELC002,1.0,2047,2.777777777777778
RE1,DEMRESELCAIR_POR_LOW_URB,ELC002,1.0,2048,2.777777777777778
RE1,DEMRESELCAIR_POR_LOW_URB,ELC002,1.0,2049,2.777777777777778
RE1,DEMRESELCAIR_POR_LOW_URB,ELC002,1.0,2050,2.777777777777778
RE1,DEMRESELCAIR_POR_LOW_URB,ELC002,1.0,2051,2.777777777777778
RE1,DEMRESELCAIR_POR_LOW_URB,ELC002,1.0,2052,2.777777777777778
RE1,DEMRESELCAIR_POR_LOW_URB,ELC002,1.0,2053,2.777777777777778
RE1,DEMRESELCAIR_POR_LOW_URB,ELC002,1.0,2054,2.777777777777778
RE1,DEMRESELCAIR_POR_LOW_URB,ELC002,1.0,2055,2.777777777777778
RE1,DEMRESELCAIR_POR_MID_RUR,ELC002,1.0,2022,2.768949125979519
RE1,DEMRESELCAIR_POR_MID_RUR,ELC002,1.0,2023,2.761075233488687
RE1,DEMRESELCAIR_POR_MID_RUR,ELC002,1.0,2024,2.746735910690593
RE1,DEMRESELCAIR_POR_MID_RUR,ELC002,1.0,2025,2.7218803517717
RE1,DEMRESELCAIR_POR_MID_RUR,ELC002,1.0,2026,2.68227133181385
RE1,DEMRESELCAIR_POR_MID_RUR,ELC002,1.0,2027,2.626894297359176
RE1,DEMRESELCAIR_POR_MID_RUR,ELC002,1.0,2028,2.56213169356905
RE1,DEMRESELCAIR_POR_MID_RUR,ELC002,1.0,2029,2.500485530695212
RE1,DEMRESELCAIR_POR_MID_RUR,ELC002,1.0,2030,2.452292851911047
RE1,DEMRESELCAIR_POR_MID_RUR,ELC002,1.0,2031,2.420094984898566
RE1,DEMRESELCAIR_POR_MID_RUR,ELC002,1.0,2032,2.400778764590922
RE1,DEMRESELCAIR_POR_MID_RUR,ELC002,1.0,2033,2.389930235443835
RE1,DEMRESELCAIR_POR_MID_RUR,ELC002,1.0,2034,2.384062114533208
RE1,DEMRESELCAIR_POR_MID_RUR,ELC002,1.0,2035,2.380952380952381
RE1,DEMRESELCAIR_POR_MID_RUR,ELC002,1.0,2036,2.380952380952381
RE1,DEMRESELCAIR_POR_MID_RUR,ELC002,1.0,2037,2.380952380952381
RE1,DEMRESELCAIR_POR_MID_RUR,ELC002,1.0,2038,2.380952380952381
RE1,DEMRESELCAIR_POR_MID_RUR,ELC002,1.0,2039,2.380952380952381
RE1,DEMRESELCAIR_POR_MID_RUR,ELC002,1.0,2040,2.380952380952381
RE1,DEMRESELCAIR_POR_MID_RUR,ELC002,1.0,2041,2.380952380952381
RE1,DEMRESELCAIR_POR_MID_RUR,ELC002,1.0,2042,2.380952380952381
RE1,DEMRESELCAIR_POR_MID_RUR,ELC002,1.0,2043,2.380952380952381
RE1,DEMRESELCAIR_POR_MID_RUR,ELC002,1.0,2044,2.380952380952381
RE1,DEMRESELCAIR_POR_MID_RUR,ELC002,1.0,2045,2.380952380952381
RE1,DEMRESELCAIR_POR_MID_RUR,ELC002,1.0,2046,2.380952380952381
RE1,DEMRESELCAIR_POR_MID_RUR,ELC002,1.0,2047,2.380952380952381
RE1,DEMRESELCAIR_POR_MID_RUR,ELC002,1.0,2048,2.380952380952381
RE1,DEMRESELCAIR_POR_MID_RUR,ELC002,1.0,2049,2.380952380952381
RE1,DEMRESELCAIR_POR_MID_RUR,ELC002,1.0,2050,2.380952380952381
RE1,DEMRESELCAIR_POR_MID_RUR,ELC002,1.0,2051,2.380952380952381
RE1,DEMRESELCAIR_POR_MID_RUR,ELC002,1.0,2052,2.380952380952381
RE1,DEMRESELCAIR_POR_MID_RUR,ELC002,1.0,2053,2.380952380952381
RE1,DEMRESELCAIR_POR_MID_RUR,ELC002,1.0,2054,2.380952380952381
RE1,DEMRESELCAIR_POR_MID_RUR,ELC002,1.0,2055,2.380952380952381
RE1,DEMRESELCAIR_POR_MID_URB,ELC002,1.0,2022,2.768949125979519
RE1,DEMRESELCAIR_POR_MID_URB,ELC002,1.0,2023,2.761075233488687
RE1,DEMRESELCAIR_POR_MID_URB,ELC002,1.0,2024,2.746735910690593
RE1,DEMRESELCAIR_POR_MID_URB,ELC002,1.0,2025,2.7218803517717
RE1,DEMRESELCAIR_POR_MID_URB,ELC002,1.0,2026,2.68227133181385
RE1,DEMRESELCAIR_POR_MID_URB,ELC002,1.0,2027,2.626894297359176
RE1,DEMRESELCAIR_POR_MID_URB,ELC002,1.0,2028,2.56213169356905
RE1,DEMRESELCAIR_POR_MID_URB,ELC002,1.0,2029,2.500485530695212
RE1,DEMRESELCAIR_POR_MID_URB,ELC002,1.0,2030,2.452292851911047
RE1,DEMRESELCAIR_POR_MID_URB,ELC002,1.0,2031,2.420094984898566
RE1,DEMRESELCAIR_POR_MID_URB,ELC002,1.0,2032,2.400778764590922
RE1,DEMRESELCAIR_POR_MID_URB,ELC002,1.0,2033,2.389930235443835
RE1,DEMRESELCAIR_POR_MID_URB,ELC002,1.0,2034,2.384062114533208
RE1,DEMRESELCAIR_POR_MID_URB,ELC002,1.0,2035,2.380952380952381
RE1,DEMRESELCAIR_POR_MID_URB,ELC002,1.0,2036,2.380952380952381
RE1,DEMRESELCAIR_POR_MID_URB,ELC002,1.0,2037,2.380952380952381
RE1,DEMRESELCAIR_POR_MID_URB,ELC002,1.0,2038,2.380952380952381
RE1,DEMRESELCAIR_POR_MID_URB,ELC002,1.0,2039,2.380952380952381
RE1,DEMRESELCAIR_POR_MID_URB,ELC002,1.0,2040,2.380952380952381
RE1,DEMRESELCAIR_POR_MID_URB,ELC002,1.0,2041,2.380952380952381
RE1,DEMRESELCAIR_POR_MID_URB,ELC002,1.0,2042,2.380952380952381
RE1,DEMRESELCAIR_POR_MID_URB,ELC002,1.0,2043,2.380952380952381
RE1,DEMRESELCAIR_POR_MID_URB,ELC002,1.0,2044,2.380952380952381
RE1,DEMRESELCAIR_POR_MID_URB,ELC002,1.0,2045,2.380952380952381
RE1,DEMRESELCAIR_POR_MID_URB,ELC002,1.0,2046,2.380952380952381
RE1,DEMRESELCAIR_POR_MID_URB,ELC002,1.0,2047,2.380952380952381
RE1,DEMRESELCAIR_POR_MID_URB,ELC002,1.0,2048,2.380952380952381
RE1,DEMRESELCAIR_POR_MID_URB,ELC002,1.0,2049,2.380952380952381
RE1,DEMRESELCAIR_POR_MID_URB,ELC002,1.0,2050,2.380952380952381
RE1,DEMRESELCAIR_POR_MID_URB,ELC002,1.0,2051,2.380952380952381
RE1,DEMRESELCAIR_POR_MID_URB,ELC002,1.0,2052,2.380952380952381
RE1,DEMRESELCAIR_POR_MID_URB,ELC002,1.0,2053,2.380952380952381
RE1,DEMRESELCAIR_POR_MID_URB,ELC002,1.0,2054,2.380952380952381
RE1,DEMRESELCAIR_POR_MID_URB,ELC002,1.0,2055,2.380952380952381
RE1,DEMRESELCAIR_SPL_HIG_RUR,ELC002,1.0,2022,1.515151515151515
RE1,DEMRESELCAIR_SPL_HIG_RUR,ELC002,1.0,2023,1.515151515151515
RE1,DEMRESELCAIR_SPL_HIG_RUR,ELC002,1.0,2024,1.515151515151515
RE1,DEMRESELCAIR_SPL_HIG_RUR,ELC002,1.0,2025,1.515151515151515
RE1,DEMRESELCAIR_SPL_HIG_RUR,ELC002,1.0,2026,1.515151515151515
RE1,DEMRESELCAIR_SPL_HIG_RUR,ELC002,1.0,2027,1.515151515151515
RE1,DEMRESELCAIR_SPL_HIG_RUR,ELC002,1.0,2028,1.515151515151515
RE1,DEMRESELCAIR_SPL_HIG_RUR,ELC002,1.0,2029,1.515151515151515
RE1,DEMRESELCAIR_SPL_HIG_RUR,ELC002,1.0,2030,1.515151515151515
RE1,DEMRESELCAIR_SPL_HIG_RUR,ELC002,1.0,2031,1.515151515151515
RE1,DEMRESELCAIR_SPL_HIG_RUR,ELC002,1.0,2032,1.515151515151515
RE1,DEMRESELCAIR_SPL_HIG_RUR,ELC002,1.0,2033,1.515151515151515
RE1,DEMRESELCAIR_SPL_HIG_RUR,ELC002,1.0,2034,1.515151515151515
RE1,DEMRESELCAIR_SPL_HIG_RUR,ELC002,1.0,2035,1.515151515151515
RE1,DEMRESELCAIR_SPL_HIG_RUR,ELC002,1.0,2036,1.515151515151515
RE1,DEMRESELCAIR_SPL_HIG_RUR,ELC002,1.0,2037,1.515151515151515
RE1,DEMRESELCAIR_SPL_HIG_RUR,ELC002,1.0,2038,1.515151515151515
RE1,DEMRESELCAIR_SPL_HIG_RUR,ELC002,1.0,2039,1.515151515151515
RE1,DEMRESELCAIR_SPL_HIG_RUR,ELC002,1.0,2040,1.515151515151515
RE1,DEMRESELCAIR_SPL_HIG_RUR,ELC002,1.0,2041,1.515151515151515
RE1,DEMRESELCAIR_SPL_HIG_RUR,ELC002,1.0,2042,1.515151515151515
RE1,DEMRESELCAIR_SPL_HIG_RUR,ELC002,1.0,2043,1.515151515151515
RE1,DEMRESELCAIR_SPL_HIG_RUR,ELC002,1.0,2044,1.515151515151515
RE1,DEMRESELCAIR_SPL_HIG_RUR,ELC002,1.0,2045,1.515151515151515
RE1,DEMRESELCAIR_SPL_HIG_RUR,ELC002,1.0,2046,1.515151515151515
RE1,DEMRESELCAIR_SPL_HIG_RUR,ELC002,1.0,2047,1.515151515151515
RE1,DEMRESELCAIR_SPL_HIG_RUR,ELC002,1.0,2048,1.515151515151515
RE1,DEMRESELCAIR_SPL_HIG_RUR,ELC002,1.0,2049,1.515151515151515
RE1,DEMRESELCAIR_SPL_HIG_RUR,ELC002,1.0,2050,1.515151515151515
RE1,DEMRESELCAIR_SPL_HIG_RUR,ELC002,1.0,2051,1.515151515151515
RE1,DEMRESELCAIR_SPL_HIG_RUR,ELC002,1.0,2052,1.515151515151515
RE1,DEMRESELCAIR_SPL_HIG_RUR,ELC002,1.0,2053,1.515151515151515
RE1,DEMRESELCAIR_SPL_HIG_RUR,ELC002,1.0,2054,1.515151515151515
RE1,DEMRESELCAIR_SPL_HIG_RUR,ELC002,1.0,2055,1.515151515151515
RE1,DEMRESELCAIR_SPL_HIG_URB,ELC002,1.0,2022,1.515151515151515
RE1,DEMRESELCAIR_SPL_HIG_URB,ELC002,1.0,2023,1.515151515151515
RE1,DEMRESELCAIR_SPL_HIG_URB,ELC002,1.0,2024,1.515151515151515
RE1,DEMRESELCAIR_SPL_HIG_URB,ELC002,1.0,2025,1.515151515151515
RE1,DEMRESELCAIR_SPL_HIG_URB,ELC002,1.0,2026,1.515151515151515
RE1,DEMRESELCAIR_SPL_HIG_URB,ELC002,1.0,2027,1.515151515151515
RE1,DEMRESELCAIR_SPL_HIG_URB,ELC002,1.0,2028,1.515151515151515
RE1,DEMRESELCAIR_SPL_HIG_URB,ELC002,1.0,2029,1.515151515151515
RE1,DEMRESELCAIR_SPL_HIG_URB,ELC002,1.0,2030,1.515151515151515
RE1,DEMRESELCAIR_SPL_HIG_URB,ELC002,1.0,2031,1.515151515151515
RE1,DEMRESELCAIR_SPL_HIG_URB,ELC002,1.0,2032,1.515151515151515
RE1,DEMRESELCAIR_SPL_HIG_URB,ELC002,1.0,2033,1.515151515151515
RE1,DEMRESELCAIR_SPL_HIG_URB,ELC002,1.0,2034,1.515151515151515
RE1,DEMRESELCAIR_SPL_HIG_URB,ELC002,1.0,2035,1.515151515151515
RE1,DEMRESELCAIR_SPL_HIG_URB,ELC002,1.0,2036,1.515151515151515
RE1,DEMRESELCAIR_SPL_HIG_URB,ELC002,1.0,2037,1.515151515151515
RE1,DEMRESELCAIR_SPL_HIG_URB,ELC002,1.0,2038,1.515151515151515
RE1,DEMRESELCAIR_SPL_HIG_URB,ELC002,1.0,2039,1.515151515151515
RE1,DEMRESELCAIR_SPL_HIG_URB,ELC002,1.0,2040,1.515151515151515
RE1,DEMRESELCAIR_SPL_HIG_URB,ELC002,1.0,2041,1.515151515151515
RE1,DEMRESELCAIR_SPL_HIG_URB,ELC002,1.0,2042,1.515151515151515
RE1,DEMRESELCAIR_SPL_HIG_URB,ELC002,1.0,2043,1.515151515151515
RE1,DEMRESELCAIR_SPL_HIG_URB,ELC002,1.0,2044,1.515151515151515
RE1,DEMRESELCAIR_SPL_HIG_URB,ELC002,1.0,2045,1.515151515151515
RE1,DEMRESELCAIR_SPL_HIG_URB,ELC002,1.0,2046,1.515151515151515
RE1,DEMRESELCAIR_SPL_HIG_URB,ELC002,1.0,2047,1.515151515151515
RE1,DEMRESELCAIR_SPL_HIG_URB,ELC002,1.0,2048,1.515151515151515
RE1,DEMRESELCAIR_SPL_HIG_URB,ELC002,1.0,2049,1.515151515151515
RE1,DEMRESELCAIR_SPL_HIG_URB,ELC002,1.0,2050,1.515151515151515
RE1,DEMRESELCAIR_SPL_HIG_URB,ELC002,1.0,2051,1.515151515151515
RE1,DEMRESELCAIR_SPL_HIG_URB,ELC002,1.0,2052,1.515151515151515
RE1,DEMRESELCAIR_SPL_HIG_URB,ELC002,1.0,2053,1.515151515151515
RE1,DEMRESELCAIR_SPL_HIG_URB,ELC002,1.0,2054,1.515151515151515
RE1,DEMRESELCAIR_SPL_HIG_URB,ELC002,1.0,2055,1.515151515151515
RE1,DEMRESELCAIR_SPL_LOW_RUR,ELC002,1.0,2022,2.777777777777778
RE1,DEMRESELCAIR_SPL_LOW_RUR,ELC002,1.0,2023,2.777777777777778
RE1,DEMRESELCAIR_SPL_LOW_RUR,ELC002,1.0,2024,2.777777777777778
RE1,DEMRESELCAIR_SPL_LOW_RUR,ELC002,1.0,2025,2.777777777777778
RE1,DEMRESELCAIR_SPL_LOW_RUR,ELC002,1.0,2026,2.777777777777778
RE1,DEMRESELCAIR_SPL_LOW_RUR,ELC002,1.0,2027,2.777777777777778
RE1,DEMRESELCAIR_SPL_LOW_RUR,ELC002,1.0,2028,2.777777777777778
RE1,DEMRESELCAIR_SPL_LOW_RUR,ELC002,1.0,2029,2.777777777777778
RE1,DEMRESELCAIR_SPL_LOW_RUR,ELC002,1.0,2030,2.777777777777778
RE1,DEMRESELCAIR_SPL_LOW_RUR,ELC002,1.0,2031,2.777777777777778
RE1,DEMRESELCAIR_SPL_LOW_RUR,ELC002,1.0,2032,2.777777777777778
RE1,DEMRESELCAIR_SPL_LOW_RUR,ELC002,1.0,2033,2.777777777777778
RE1,DEMRESELCAIR_SPL_LOW_RUR,ELC002,1.0,2034,2.777777777777778
RE1,DEMRESELCAIR_SPL_LOW_RUR,ELC002,1.0,2035,2.777777777777778
RE1,DEMRESELCAIR_SPL_LOW_RUR,ELC002,1.0,2036,2.777777777777778
RE1,DEMRESELCAIR_SPL_LOW_RUR,ELC002,1.0,2037,2.777777777777778
RE1,DEMRESELCAIR_SPL_LOW_RUR,ELC002,1.0,2038,2.777777777777778
RE1,DEMRESELCAIR_SPL_LOW_RUR,ELC002,1.0,2039,2.777777777777778
RE1,DEMRESELCAIR_SPL_LOW_RUR,ELC002,1.0,2040,2.777777777777778
RE1,DEMRESELCAIR_SPL_LOW_RUR,ELC002,1.0,2041,2.777777777777778
RE1,DEMRESELCAIR_SPL_LOW_RUR,ELC002,1.0,2042,2.777777777777778
RE1,DEMRESELCAIR_SPL_LOW_RUR,ELC002,1.0,2043,2.777777777777778
RE1,DEMRESELCAIR_SPL_LOW_RUR,ELC002,1.0,2044,2.777777777777778
RE1,DEMRESELCAIR_SPL_LOW_RUR,ELC002,1.0,2045,2.777777777777778
RE1,DEMRESELCAIR_SPL_LOW_RUR,ELC002,1.0,2046,2.777777777777778
RE1,DEMRESELCAIR_SPL_LOW_RUR,ELC002,1.0,2047,2.777777777777778
RE1,DEMRESELCAIR_SPL_LOW_RUR,ELC002,1.0,2048,2.777777777777778
RE1,DEMRESELCAIR_SPL_LOW_RUR,ELC002,1.0,2049,2.777777777777778
RE1,DEMRESELCAIR_SPL_LOW_RUR,ELC002,1.0,2050,2.777777777777778
RE1,DEMRESELCAIR_SPL_LOW_RUR,ELC002,1.0,2051,2.777777777777778
RE1,DEMRESELCAIR_SPL_LOW_RUR,ELC002,1.0,2052,2.777777777777778
RE1,DEMRESELCAIR_SPL_LOW_RUR,ELC002,1.0,2053,2.777777777777778
RE1,DEMRESELCAIR_SPL_LOW_RUR,ELC002,1.0,2054,2.777777777777778
RE1,DEMRESELCAIR_SPL_LOW_RUR,ELC002,1.0,2055,2.777777777777778
RE1,DEMRESELCAIR_SPL_LOW_URB,ELC002,1.0,2022,2.777777777777778
RE1,DEMRESELCAIR_SPL_LOW_URB,ELC002,1.0,2023,2.777777777777778
RE1,DEMRESELCAIR_SPL_LOW_URB,ELC002,1.0,2024,2.777777777777778
RE1,DEMRESELCAIR_SPL_LOW_URB,ELC002,1.0,2025,2.777777777777778
RE1,DEMRESELCAIR_SPL_LOW_URB,ELC002,1.0,2026,2.777777777777778
RE1,DEMRESELCAIR_SPL_LOW_URB,ELC002,1.0,2027,2.777777777777778
RE1,DEMRESELCAIR_SPL_LOW_URB,ELC002,1.0,2028,2.777777777777778
RE1,DEMRESELCAIR_SPL_LOW_URB,ELC002,1.0,2029,2.777777777777778
RE1,DEMRESELCAIR_SPL_LOW_URB,ELC002,1.0,2030,2.777777777777778
RE1,DEMRESELCAIR_SPL_LOW_URB,ELC002,1.0,2031,2.777777777777778
RE1,DEMRESELCAIR_SPL_LOW_URB,ELC002,1.0,2032,2.777777777777778
RE1,DEMRESELCAIR_SPL_LOW_URB,ELC002,1.0,2033,2.777777777777778
RE1,DEMRESELCAIR_SPL_LOW_URB,ELC002,1.0,2034,2.777777777777778
RE1,DEMRESELCAIR_SPL_LOW_URB,ELC002,1.0,2035,2.777777777777778
RE1,DEMRESELCAIR_SPL_LOW_URB,ELC002,1.0,2036,2.777777777777778
RE1,DEMRESELCAIR_SPL_LOW_URB,ELC002,1.0,2037,2.777777777777778
RE1,DEMRESELCAIR_SPL_LOW_URB,ELC002,1.0,2038,2.777777777777778
RE1,DEMRESELCAIR_SPL_LOW_URB,ELC002,1.0,2039,2.777777777777778
RE1,DEMRESELCAIR_SPL_LOW_URB,ELC002,1.0,2040,2.777777777777778
RE1,DEMRESELCAIR_SPL_LOW_URB,ELC002,1.0,2041,2.777777777777778
RE1,DEMRESELCAIR_SPL_LOW_URB,ELC002,1.0,2042,2.777777777777778
RE1,DEMRESELCAIR_SPL_LOW_URB,ELC002,1.0,2043,2.777777777777778
RE1,DEMRESELCAIR_SPL_LOW_URB,ELC002,1.0,2044,2.777777777777778
RE1,DEMRESELCAIR_SPL_LOW_URB,ELC002,1.0,2045,2.777777777777778
RE1,DEMRESELCAIR_SPL_LOW_URB,ELC002,1.0,2046,2.777777777777778
RE1,DEMRESELCAIR_SPL_LOW_URB,ELC002,1.0,2047,2.777777777777778
RE1,DEMRESELCAIR_SPL_LOW_URB,ELC002,1.0,2048,2.777777777777778
RE1,DEMRESELCAIR_SPL_LOW_URB,ELC002,1.0,2049,2.777777777777778
RE1,DEMRESELCAIR_SPL_LOW_URB,ELC002,1.0,2050,2.777777777777778
RE1,DEMRESELCAIR_SPL_LOW_URB,ELC002,1.0,2051,2.777777777777778
RE1,DEMRESELCAIR_SPL_LOW_URB,ELC002,1.0,2052,2.777777777777778
RE1,DEMRESELCAIR_SPL_LOW_URB,ELC002,1.0,2053,2.777777777777778
RE1,DEMRESELCAIR_SPL_LOW_URB,ELC002,1.0,2054,2.777777777777778
RE1,DEMRESELCAIR_SPL_LOW_URB,ELC002,1.0,2055,2.777777777777778
RE1,DEMRESELCAIR_SPL_MID_RUR,ELC002,1.0,2022,2.768949125979519
RE1,DEMRESELCAIR_SPL_MID_RUR,ELC002,1.0,2023,2.761075233488687
RE1,DEMRESELCAIR_SPL_MID_RUR,ELC002,1.0,2024,2.746735910690593
RE1,DEMRESELCAIR_SPL_MID_RUR,ELC002,1.0,2025,2.7218803517717
RE1,DEMRESELCAIR_SPL_MID_RUR,ELC002,1.0,2026,2.68227133181385
RE1,DEMRESELCAIR_SPL_MID_RUR,ELC002,1.0,2027,2.626894297359176
RE1,DEMRESELCAIR_SPL_MID_RUR,ELC002,1.0,2028,2.56213169356905
RE1,DEMRESELCAIR_SPL_MID_RUR,ELC002,1.0,2029,2.500485530695212
RE1,DEMRESELCAIR_SPL_MID_RUR,ELC002,1.0,2030,2.452292851911047
RE1,DEMRESELCAIR_SPL_MID_RUR,ELC002,1.0,2031,2.420094984898566
RE1,DEMRESELCAIR_SPL_MID_RUR,ELC002,1.0,2032,2.400778764590922
RE1,DEMRESELCAIR_SPL_MID_RUR,ELC002,1.0,2033,2.389930235443835
RE1,DEMRESELCAIR_SPL_MID_RUR,ELC002,1.0,2034,2.384062114533208
RE1,DEMRESELCAIR_SPL_MID_RUR,ELC002,1.0,2035,2.380952380952381
RE1,DEMRESELCAIR_SPL_MID_RUR,ELC002,1.0,2036,2.380952380952381
RE1,DEMRESELCAIR_SPL_MID_RUR,ELC002,1.0,2037,2.380952380952381
RE1,DEMRESELCAIR_SPL_MID_RUR,ELC002,1.0,2038,2.380952380952381
RE1,DEMRESELCAIR_SPL_MID_RUR,ELC002,1.0,2039,2.380952380952381
RE1,DEMRESELCAIR_SPL_MID_RUR,ELC002,1.0,2040,2.380952380952381
RE1,DEMRESELCAIR_SPL_MID_RUR,ELC002,1.0,2041,2.380952380952381
RE1,DEMRESELCAIR_SPL_MID_RUR,ELC002,1.0,2042,2.380952380952381
RE1,DEMRESELCAIR_SPL_MID_RUR,ELC002,1.0,2043,2.380952380952381
RE1,DEMRESELCAIR_SPL_MID_RUR,ELC002,1.0,2044,2.380952380952381
RE1,DEMRESELCAIR_SPL_MID_RUR,ELC002,1.0,2045,2.380952380952381
RE1,DEMRESELCAIR_SPL_MID_RUR,ELC002,1.0,2046,2.380952380952381
RE1,DEMRESELCAIR_SPL_MID_RUR,ELC002,1.0,2047,2.380952380952381
RE1,DEMRESELCAIR_SPL_MID_RUR,ELC002,1.0,2048,2.380952380952381
RE1,DEMRESELCAIR_SPL_MID_RUR,ELC002,1.0,2049,2.380952380952381
RE1,DEMRESELCAIR_SPL_MID_RUR,ELC002,1.0,2050,2.380952380952381
RE1,DEMRESELCAIR_SPL_MID_RUR,ELC002,1.0,2051,2.380952380952381
RE1,DEMRESELCAIR_SPL_MID_RUR,ELC002,1.0,2052,2.380952380952381
RE1,DEMRESELCAIR_SPL_MID_RUR,ELC002,1.0,2053,2.380952380952381
RE1,DEMRESELCAIR_SPL_MID_RUR,ELC002,1.0,2054,2.380952380952381
RE1,DEMRESELCAIR_SPL_MID_RUR,ELC002,1.0,2055,2.380952380952381
RE1,DEMRESELCAIR_SPL_MID_URB,ELC002,1.0,2022,2.768949125979519
RE1,DEMRESELCAIR_SPL_MID_URB,ELC002,1.0,2023,2.761075233488687
RE1,DEMRESELCAIR_SPL_MID_URB,ELC002,1.0,2024,2.746735910690593
RE1,DEMRESELCAIR_SPL_MID_URB,ELC002,1.0,2025,2.7218803517717
RE1,DEMRESELCAIR_SPL_MID_URB,ELC002,1.0,2026,2.68227133181385
RE1,DEMRESELCAIR_SPL_MID_URB,ELC002,1.0,2027,2.626894297359176
RE1,DEMRESELCAIR_SPL_MID_URB,ELC002,1.0,2028,2.56213169356905
RE1,DEMRESELCAIR_SPL_MID_URB,ELC002,1.0,2029,2.500485530695212
RE1,DEMRESELCAIR_SPL_MID_URB,ELC002,1.0,2030,2.452292851911047
RE1,DEMRESELCAIR_SPL_MID_URB,ELC002,1.0,2031,2.420094984898566
RE1,DEMRESELCAIR_SPL_MID_URB,ELC002,1.0,2032,2.400778764590922
RE1,DEMRESELCAIR_SPL_MID_URB,ELC002,1.0,2033,2.389930235443835
RE1,DEMRESELCAIR_SPL_MID_URB,ELC002,1.0,2034,2.384062114533208
RE1,DEMRESELCAIR_SPL_MID_URB,ELC002,1.0,2035,2.380952380952381
RE1,DEMRESELCAIR_SPL_MID_URB,ELC002,1.0,2036,2.380952380952381
RE1,DEMRESELCAIR_SPL_MID_URB,ELC002,1.0,2037,2.380952380952381
RE1,DEMRESELCAIR_SPL_MID_URB,ELC002,1.0,2038,2.380952380952381
RE1,DEMRESELCAIR_SPL_MID_URB,ELC002,1.0,2039,2.380952380952381
RE1,DEMRESELCAIR_SPL_MID_URB,ELC002,1.0,2040,2.380952380952381
RE1,DEMRESELCAIR_SPL_MID_URB,ELC002,1.0,2041,2.380952380952381
RE1,DEMRESELCAIR_SPL_MID_URB,ELC002,1.0,2042,2.380952380952381
RE1,DEMRESELCAIR_SPL_MID_URB,ELC002,1.0,2043,2.380952380952381
RE1,DEMRESELCAIR_SPL_MID_URB,ELC002,1.0,2044,2.380952380952381
RE1,DEMRESELCAIR_SPL_MID_URB,ELC002,1.0,2045,2.380952380952381
RE1,DEMRESELCAIR_SPL_MID_URB,ELC002,1.0,2046,2.380952380952381
RE1,DEMRESELCAIR_SPL_MID_URB,ELC002,1.0,2047,2.380952380952381
RE1,DEMRESELCAIR_SPL_MID_URB,ELC002,1.0,2048,2.380952380952381
RE1,DEMRESELCAIR_SPL_MID_URB,ELC002,1.0,2049,2.380952380952381
RE1,DEMRESELCAIR_SPL_MID_URB,ELC002,1.0,2050,2.380952380952381
RE1,DEMRESELCAIR_SPL_MID_URB,ELC002,1.0,2051,2.380952380952381
RE1,DEMRESELCAIR_SPL_MID_URB,ELC002,1.0,2052,2.380952380952381
RE1,DEMRESELCAIR_SPL_MID_URB,ELC002,1.0,2053,2.380952380952381
RE1,DEMRESELCAIR_SPL_MID_URB,ELC002,1.0,2054,2.380952380952381
RE1,DEMRESELCAIR_SPL_MID_URB,ELC002,1.0,2055,2.380952380952381
RE1,DEMRESELCCKN_HIG_RUR,ELC002,1.0,2022,1.111111111111111
RE1,DEMRESELCCKN_HIG_RUR,ELC002,1.0,2023,1.111111111111111
RE1,DEMRESELCCKN_HIG_RUR,ELC002,1.0,2024,1.111111111111111
RE1,DEMRESELCCKN_HIG_RUR,ELC002,1.0,2025,1.111111111111111
RE1,DEMRESELCCKN_HIG_RUR,ELC002,1.0,2026,1.111111111111111
RE1,DEMRESELCCKN_HIG_RUR,ELC002,1.0,2027,1.111111111111111
RE1,DEMRESELCCKN_HIG_RUR,ELC002,1.0,2028,1.111111111111111
RE1,DEMRESELCCKN_HIG_RUR,ELC002,1.0,2029,1.111111111111111
RE1,DEMRESELCCKN_HIG_RUR,ELC002,1.0,2030,1.111111111111111
RE1,DEMRESELCCKN_HIG_RUR,ELC002,1.0,2031,1.111111111111111
RE1,DEMRESELCCKN_HIG_RUR,ELC002,1.0,2032,1.111111111111111
RE1,DEMRESELCCKN_HIG_RUR,ELC002,1.0,2033,1.111111111111111
RE1,DEMRESELCCKN_HIG_RUR,ELC002,1.0,2034,1.111111111111111
RE1,DEMRESELCCKN_HIG_RUR,ELC002,1.0,2035,1.111111111111111
RE1,DEMRESELCCKN_HIG_RUR,ELC002,1.0,2036,1.111111111111111
RE1,DEMRESELCCKN_HIG_RUR,ELC002,1.0,2037,1.111111111111111
RE1,DEMRESELCCKN_HIG_RUR,ELC002,1.0,2038,1.111111111111111
RE1,DEMRESELCCKN_HIG_RUR,ELC002,1.0,2039,1.111111111111111
RE1,DEMRESELCCKN_HIG_RUR,ELC002,1.0,2040,1.111111111111111
RE1,DEMRESELCCKN_HIG_RUR,ELC002,1.0,2041,1.111111111111111
RE1,DEMRESELCCKN_HIG_RUR,ELC002,1.0,2042,1.111111111111111
RE1,DEMRESELCCKN_HIG_RUR,ELC002,1.0,2043,1.111111111111111
RE1,DEMRESELCCKN_HIG_RUR,ELC002,1.0,2044,1.111111111111111
RE1,DEMRESELCCKN_HIG_RUR,ELC002,1.0,2045,1.111111111111111
RE1,DEMRESELCCKN_HIG_RUR,ELC002,1.0,2046,1.111111111111111
RE1,DEMRESELCCKN_HIG_RUR,ELC002,1.0,2047,1.111111111111111
RE1,DEMRESELCCKN_HIG_RUR,ELC002,1.0,2048,1.111111111111111
RE1,DEMRESELCCKN_HIG_RUR,ELC002,1.0,2049,1.111111111111111
RE1,DEMRESELCCKN_HIG_RUR,ELC002,1.0,2050,1.111111111111111
RE1,DEMRESELCCKN_HIG_RUR,ELC002,1.0,2051,1.111111111111111
RE1,DEMRESELCCKN_HIG_RUR,ELC002,1.0,2052,1.111111111111111
RE1,DEMRESELCCKN_HIG_RUR,ELC002,1.0,2053,1.111111111111111
RE1,DEMRESELCCKN_HIG_RUR,ELC002,1.0,2054,1.111111111111111
RE1,DEMRESELCCKN_HIG_RUR,ELC002,1.0,2055,1.111111111111111
RE1,DEMRESELCCKN_HIG_URB,ELC002,1.0,2022,1.111111111111111
RE1,DEMRESELCCKN_HIG_URB,ELC002,1.0,2023,1.111111111111111
RE1,DEMRESELCCKN_HIG_URB,ELC002,1.0,2024,1.111111111111111
RE1,DEMRESELCCKN_HIG_URB,ELC002,1.0,2025,1.111111111111111
RE1,DEMRESELCCKN_HIG_URB,ELC002,1.0,2026,1.111111111111111
RE1,DEMRESELCCKN_HIG_URB,ELC002,1.0,2027,1.111111111111111
RE1,DEMRESELCCKN_HIG_URB,ELC002,1.0,2028,1.111111111111111
RE1,DEMRESELCCKN_HIG_URB,ELC002,1.0,2029,1.111111111111111
RE1,DEMRESELCCKN_HIG_URB,ELC002,1.0,2030,1.111111111111111
RE1,DEMRESELCCKN_HIG_URB,ELC002,1.0,2031,1.111111111111111
RE1,DEMRESELCCKN_HIG_URB,ELC002,1.0,2032,1.111111111111111
RE1,DEMRESELCCKN_HIG_URB,ELC002,1.0,2033,1.111111111111111
RE1,DEMRESELCCKN_HIG_URB,ELC002,1.0,2034,1.111111111111111
RE1,DEMRESELCCKN_HIG_URB,ELC002,1.0,2035,1.111111111111111
RE1,DEMRESELCCKN_HIG_URB,ELC002,1.0,2036,1.111111111111111
RE1,DEMRESELCCKN_HIG_URB,ELC002,1.0,2037,1.111111111111111
RE1,DEMRESELCCKN_HIG_URB,ELC002,1.0,2038,1.111111111111111
RE1,DEMRESELCCKN_HIG_URB,ELC002,1.0,2039,1.111111111111111
RE1,DEMRESELCCKN_HIG_URB,ELC002,1.0,2040,1.111111111111111
RE1,DEMRESELCCKN_HIG_URB,ELC002,1.0,2041,1.111111111111111
RE1,DEMRESELCCKN_HIG_URB,ELC002,1.0,2042,1.111111111111111
RE1,DEMRESELCCKN_HIG_URB,ELC002,1.0,2043,1.111111111111111
RE1,DEMRESELCCKN_HIG_URB,ELC002,1.0,2044,1.111111111111111
RE1,DEMRESELCCKN_HIG_URB,ELC002,1.0,2045,1.111111111111111
RE1,DEMRESELCCKN_HIG_URB,ELC002,1.0,2046,1.111111111111111
RE1,DEMRESELCCKN_HIG_URB,ELC002,1.0,2047,1.111111111111111
RE1,DEMRESELCCKN_HIG_URB,ELC002,1.0,2048,1.111111111111111
RE1,DEMRESELCCKN_HIG_URB,ELC002,1.0,2049,1.111111111111111
RE1,DEMRESELCCKN_HIG_URB,ELC002,1.0,2050,1.111111111111111
RE1,DEMRESELCCKN_HIG_URB,ELC002,1.0,2051,1.111111111111111
RE1,DEMRESELCCKN_HIG_URB,ELC002,1.0,2052,1.111111111111111
RE1,DEMRESELCCKN_HIG_URB,ELC002,1.0,2053,1.111111111111111
RE1,DEMRESELCCKN_HIG_URB,ELC002,1.0,2054,1.111111111111111
RE1,DEMRESELCCKN_HIG_URB,ELC002,1.0,2055,1.111111111111111
RE1,DEMRESELCCKN_LOW_RUR,ELC002,1.0,2022,1.333333333333333
RE1,DEMRESELCCKN_LOW_RUR,ELC002,1.0,2023,1.333333333333333
RE1,DEMRESELCCKN_LOW_RUR,ELC002,1.0,2024,1.333333333333333
RE1,DEMRESELCCKN_LOW_RUR,ELC002,1.0,2025,1.333333333333333
RE1,DEMRESELCCKN_LOW_RUR,ELC002,1.0,2026,1.333333333333333
RE1,DEMRESELCCKN_LOW_RUR,ELC002,1.0,2027,1.333333333333333
RE1,DEMRESELCCKN_LOW_RUR,ELC002,1.0,2028,1.333333333333333
RE1,DEMRESELCCKN_LOW_RUR,ELC002,1.0,2029,1.333333333333333
RE1,DEMRESELCCKN_LOW_RUR,ELC002,1.0,2030,1.333333333333333
RE1,DEMRESELCCKN_LOW_RUR,ELC002,1.0,2031,1.333333333333333
RE1,DEMRESELCCKN_LOW_RUR,ELC002,1.0,2032,1.333333333333333
RE1,DEMRESELCCKN_LOW_RUR,ELC002,1.0,2033,1.333333333333333
RE1,DEMRESELCCKN_LOW_RUR,ELC002,1.0,2034,1.333333333333333
RE1,DEMRESELCCKN_LOW_RUR,ELC002,1.0,2035,1.333333333333333
RE1,DEMRESELCCKN_LOW_RUR,ELC002,1.0,2036,1.333333333333333
RE1,DEMRESELCCKN_LOW_RUR,ELC002,1.0,2037,1.333333333333333
RE1,DEMRESELCCKN_LOW_RUR,ELC002,1.0,2038,1.333333333333333
RE1,DEMRESELCCKN_LOW_RUR,ELC002,1.0,2039,1.333333333333333
RE1,DEMRESELCCKN_LOW_RUR,ELC002,1.0,2040,1.333333333333333
RE1,DEMRESELCCKN_LOW_RUR,ELC002,1.0,2041,1.333333333333333
RE1,DEMRESELCCKN_LOW_RUR,ELC002,1.0,2042,1.333333333333333
RE1,DEMRESELCCKN_LOW_RUR,ELC002,1.0,2043,1.333333333333333
RE1,DEMRESELCCKN_LOW_RUR,ELC002,1.0,2044,1.333333333333333
RE1,DEMRESELCCKN_LOW_RUR,ELC002,1.0,2045,1.333333333333333
RE1,DEMRESELCCKN_LOW_RUR,ELC002,1.0,2046,1.333333333333333
RE1,DEMRESELCCKN_LOW_RUR,ELC002,1.0,2047,1.333333333333333
RE1,DEMRESELCCKN_LOW_RUR,ELC002,1.0,2048,1.333333333333333
RE1,DEMRESELCCKN_LOW_RUR,ELC002,1.0,2049,1.333333333333333
RE1,DEMRESELCCKN_LOW_RUR,ELC002,1.0,2050,1.333333333333333
RE1,DEMRESELCCKN_LOW_RUR,ELC002,1.0,2051,1.333333333333333
RE1,DEMRESELCCKN_LOW_RUR,ELC002,1.0,2052,1.333333333333333
RE1,DEMRESELCCKN_LOW_RUR,ELC002,1.0,2053,1.333333333333333
RE1,DEMRESELCCKN_LOW_RUR,ELC002,1.0,2054,1.333333333333333
RE1,DEMRESELCCKN_LOW_RUR,ELC002,1.0,2055,1.333333333333333
RE1,DEMRESELCCKN_LOW_URB,ELC002,1.0,2022,1.333333333333333
RE1,DEMRESELCCKN_LOW_URB,ELC002,1.0,2023,1.333333333333333
RE1,DEMRESELCCKN_LOW_URB,ELC002,1.0,2024,1.333333333333333
RE1,DEMRESELCCKN_LOW_URB,ELC002,1.0,2025,1.333333333333333
RE1,DEMRESELCCKN_LOW_URB,ELC002,1.0,2026,1.333333333333333
RE1,DEMRESELCCKN_LOW_URB,ELC002,1.0,2027,1.333333333333333
RE1,DEMRESELCCKN_LOW_URB,ELC002,1.0,2028,1.333333333333333
RE1,DEMRESELCCKN_LOW_URB,ELC002,1.0,2029,1.333333333333333
RE1,DEMRESELCCKN_LOW_URB,ELC002,1.0,2030,1.333333333333333
RE1,DEMRESELCCKN_LOW_URB,ELC002,1.0,2031,1.333333333333333
RE1,DEMRESELCCKN_LOW_URB,ELC002,1.0,2032,1.333333333333333
RE1,DEMRESELCCKN_LOW_URB,ELC002,1.0,2033,1.333333333333333
RE1,DEMRESELCCKN_LOW_URB,ELC002,1.0,2034,1.333333333333333
RE1,DEMRESELCCKN_LOW_URB,ELC002,1.0,2035,1.333333333333333
RE1,DEMRESELCCKN_LOW_URB,ELC002,1.0,2036,1.333333333333333
RE1,DEMRESELCCKN_LOW_URB,ELC002,1.0,2037,1.333333333333333
RE1,DEMRESELCCKN_LOW_URB,ELC002,1.0,2038,1.333333333333333
RE1,DEMRESELCCKN_LOW_URB,ELC002,1.0,2039,1.333333333333333
RE1,DEMRESELCCKN_LOW_URB,ELC002,1.0,2040,1.333333333333333
RE1,DEMRESELCCKN_LOW_URB,ELC002,1.0,2041,1.333333333333333
RE1,DEMRESELCCKN_LOW_URB,ELC002,1.0,2042,1.333333333333333
RE1,DEMRESELCCKN_LOW_URB,ELC002,1.0,2043,1.333333333333333
RE1,DEMRESELCCKN_LOW_URB,ELC002,1.0,2044,1.333333333333333
RE1,DEMRESELCCKN_LOW_URB,ELC002,1.0,2045,1.333333333333333
RE1,DEMRESELCCKN_LOW_URB,ELC002,1.0,2046,1.333333333333333
RE1,DEMRESELCCKN_LOW_URB,ELC002,1.0,2047,1.333333333333333
RE1,DEMRESELCCKN_LOW_URB,ELC002,1.0,2048,1.333333333333333
RE1,DEMRESELCCKN_LOW_URB,ELC002,1.0,2049,1.333333333333333
RE1,DEMRESELCCKN_LOW_URB,ELC002,1.0,2050,1.333333333333333
RE1,DEMRESELCCKN_LOW_URB,ELC002,1.0,2051,1.333333333333333
RE1,DEMRESELCCKN_LOW_URB,ELC002,1.0,2052,1.333333333333333
RE1,DEMRESELCCKN_LOW_URB,ELC002,1.0,2053,1.333333333333333
RE1,DEMRESELCCKN_LOW_URB,ELC002,1.0,2054,1.333333333333333
RE1,DEMRESELCCKN_LOW_URB,ELC002,1.0,2055,1.333333333333333
RE1,DEMRESELCCKN_MID_RUR,ELC002,1.0,2022,1.331634993472995
RE1,DEMRESELCCKN_MID_RUR,ELC002,1.0,2023,1.330114833287684
RE1,DEMRESELCCKN_MID_RUR,ELC002,1.0,2024,1.327333062778769
RE1,DEMRESELCCKN_MID_RUR,ELC002,1.0,2025,1.322469863702355
RE1,DEMRESELCCKN_MID_RUR,ELC002,1.0,2026,1.314609841448411
RE1,DEMRESELCCKN_MID_RUR,ELC002,1.0,2027,1.303387753746376
RE1,DEMRESELCCKN_MID_RUR,ELC002,1.0,2028,1.289906481780071
RE1,DEMRESELCCKN_MID_RUR,ELC002,1.0,2029,1.276701235280659
RE1,DEMRESELCCKN_MID_RUR,ELC002,1.0,2030,1.266114419003891
RE1,DEMRESELCCKN_MID_RUR,ELC002,1.0,2031,1.258908188899905
RE1,DEMRESELCCKN_MID_RUR,ELC002,1.0,2032,1.254532641674817
RE1,DEMRESELCCKN_MID_RUR,ELC002,1.0,2033,1.252057736457187
RE1,DEMRESELCCKN_MID_RUR,ELC002,1.0,2034,1.250713742563344
RE1,DEMRESELCCKN_MID_RUR,ELC002,1.0,2035,1.25
RE1,DEMRESELCCKN_MID_RUR,ELC002,1.0,2036,1.25
RE1,DEMRESELCCKN_MID_RUR,ELC002,1.0,2037,1.25
RE1,DEMRESELCCKN_MID_RUR,ELC002,1.0,2038,1.25
RE1,DEMRESELCCKN_MID_RUR,ELC002,1.0,2039,1.25
RE1,DEMRESELCCKN_MID_RUR,ELC002,1.0,2040,1.25
RE1,DEMRESELCCKN_MID_RUR,ELC002,1.0,2041,1.25
RE1,DEMRESELCCKN_MID_RUR,ELC002,1.0,2042,1.25
RE1,DEMRESELCCKN_MID_RUR,ELC002,1.0,2043,1.25
RE1,DEMRESELCCKN_MID_RUR,ELC002,1.0,2044,1.25
RE1,DEMRESELCCKN_MID_RUR,ELC002,1.0,2045,1.25
RE1,DEMRESELCCKN_MID_RUR,ELC002,1.0,2046,1.25
RE1,DEMRESELCCKN_MID_RUR,ELC002,1.0,2047,1.25
RE1,DEMRESELCCKN_MID_RUR,ELC002,1.0,2048,1.25
RE1,DEMRESELCCKN_MID_RUR,ELC002,1.0,2049,1.25
RE1,DEMRESELCCKN_MID_RUR,ELC002,1.0,2050,1.25
RE1,DEMRESELCCKN_MID_RUR,ELC002,1.0,2051,1.25
RE1,DEMRESELCCKN_MID_RUR,ELC002,1.0,2052,1.25
RE1,DEMRESELCCKN_MID_RUR,ELC002,1.0,2053,1.25
RE1,DEMRESELCCKN_MID_RUR,ELC002,1.0,2054,1.25
RE1,DEMRESELCCKN_MID_RUR,ELC002,1.0,2055,1.25
RE1,DEMRESELCCKN_MID_URB,ELC002,1.0,2022,1.331634993472995
RE1,DEMRESELCCKN_MID_URB,ELC002,1.0,2023,1.330114833287684
RE1,DEMRESELCCKN_MID_URB,ELC002,1.0,2024,1.327333062778769
RE1,DEMRESELCCKN_MID_URB,ELC002,1.0,2025,1.322469863702355
RE1,DEMRESELCCKN_MID_URB,ELC002,1.0,2026,1.314609841448411
RE1,DEMRESELCCKN_MID_URB,ELC002,1.0,2027,1.303387753746376
RE1,DEMRESELCCKN_MID_URB,ELC002,1.0,2028,1.289906481780071
RE1,DEMRESELCCKN_MID_URB,ELC002,1.0,2029,1.276701235280659
RE1,DEMRESELCCKN_MID_URB,ELC002,1.0,2030,1.266114419003891
RE1,DEMRESELCCKN_MID_URB,ELC002,1.0,2031,1.258908188899905
RE1,DEMRESELCCKN_MID_URB,ELC002,1.0,2032,1.254532641674817
RE1,DEMRESELCCKN_MID_URB,ELC002,1.0,2033,1.252057736457187
RE1,DEMRESELCCKN_MID_URB,ELC002,1.0,2034,1.250713742563344
RE1,DEMRESELCCKN_MID_URB,ELC002,1.0,2035,1.25
RE1,DEMRESELCCKN_MID_URB,ELC002,1.0,2036,1.25
RE1,DEMRESELCCKN_MID_URB,ELC002,1.0,2037,1.25
RE1,DEMRESELCCKN_MID_URB,ELC002,1.0,2038,1.25
RE1,DEMRESELCCKN_MID_URB,ELC002,1.0,2039,1.25
RE1,DEMRESELCCKN_MID_URB,ELC002,1.0,2040,1.25
RE1,DEMRESELCCKN_MID_URB,ELC002,1.0,2041,1.25
RE1,DEMRESELCCKN_MID_URB,ELC002,1.0,2042,1.25
RE1,DEMRESELCCKN_MID_URB,ELC002,1.0,2043,1.25
RE1,DEMRESELCCKN_MID_URB,ELC002,1.0,2044,1.25
RE1,DEMRESELCCKN_MID_URB,ELC002,1.0,2045,1.25
RE1,DEMRESELCCKN_MID_URB,ELC002,1.0,2046,1.25
RE1,DEMRESELCCKN_MID_URB,ELC002,1.0,2047,1.25
RE1,DEMRESELCCKN_MID_URB,ELC002,1.0,2048,1.25
RE1,DEMRESELCCKN_MID_URB,ELC002,1.0,2049,1.25
RE1,DEMRESELCCKN_MID_URB,ELC002,1.0,2050,1.25
RE1,DEMRESELCCKN_MID_URB,ELC002,1.0,2051,1.25
RE1,DEMRESELCCKN_MID_URB,ELC002,1.0,2052,1.25
RE1,DEMRESELCCKN_MID_URB,ELC002,1.0,2053,1.25
RE1,DEMRESELCCKN_MID_URB,ELC002,1.0,2054,1.25
RE1,DEMRESELCCKN_MID_URB,ELC002,1.0,2055,1.25
RE1,DEMRESELCFAN_HIG_RUR,ELC002,1.0,2022,1.428571428571429
RE1,DEMRESELCFAN_HIG_RUR,ELC002,1.0,2023,1.428571428571429
RE1,DEMRESELCFAN_HIG_RUR,ELC002,1.0,2024,1.428571428571429
RE1,DEMRESELCFAN_HIG_RUR,ELC002,1.0,2025,1.428571428571429
RE1,DEMRESELCFAN_HIG_RUR,ELC002,1.0,2026,1.428571428571429
RE1,DEMRESELCFAN_HIG_RUR,ELC002,1.0,2027,1.428571428571429
RE1,DEMRESELCFAN_HIG_RUR,ELC002,1.0,2028,1.428571428571429
RE1,DEMRESELCFAN_HIG_RUR,ELC002,1.0,2029,1.428571428571429
RE1,DEMRESELCFAN_HIG_RUR,ELC002,1.0,2030,1.428571428571429
RE1,DEMRESELCFAN_HIG_RUR,ELC002,1.0,2031,1.428571428571429
RE1,DEMRESELCFAN_HIG_RUR,ELC002,1.0,2032,1.428571428571429
RE1,DEMRESELCFAN_HIG_RUR,ELC002,1.0,2033,1.428571428571429
RE1,DEMRESELCFAN_HIG_RUR,ELC002,1.0,2034,1.428571428571429
RE1,DEMRESELCFAN_HIG_RUR,ELC002,1.0,2035,1.428571428571429
RE1,DEMRESELCFAN_HIG_RUR,ELC002,1.0,2036,1.428571428571429
RE1,DEMRESELCFAN_HIG_RUR,ELC002,1.0,2037,1.428571428571429
RE1,DEMRESELCFAN_HIG_RUR,ELC002,1.0,2038,1.428571428571429
RE1,DEMRESELCFAN_HIG_RUR,ELC002,1.0,2039,1.428571428571429
RE1,DEMRESELCFAN_HIG_RUR,ELC002,1.0,2040,1.428571428571429
RE1,DEMRESELCFAN_HIG_RUR,ELC002,1.0,2041,1.428571428571429
RE1,DEMRESELCFAN_HIG_RUR,ELC002,1.0,2042,1.428571428571429
RE1,DEMRESELCFAN_HIG_RUR,ELC002,1.0,2043,1.428571428571429
RE1,DEMRESELCFAN_HIG_RUR,ELC002,1.0,2044,1.428571428571429
RE1,DEMRESELCFAN_HIG_RUR,ELC002,1.0,2045,1.428571428571429
RE1,DEMRESELCFAN_HIG_RUR,ELC002,1.0,2046,1.428571428571429
RE1,DEMRESELCFAN_HIG_RUR,ELC002,1.0,2047,1.428571428571429
RE1,DEMRESELCFAN_HIG_RUR,ELC002,1.0,2048,1.428571428571429
RE1,DEMRESELCFAN_HIG_RUR,ELC002,1.0,2049,1.428571428571429
RE1,DEMRESELCFAN_HIG_RUR,ELC002,1.0,2050,1.428571428571429
RE1,DEMRESELCFAN_HIG_RUR,ELC002,1.0,2051,1.428571428571429
RE1,DEMRESELCFAN_HIG_RUR,ELC002,1.0,2052,1.428571428571429
RE1,DEMRESELCFAN_HIG_RUR,ELC002,1.0,2053,1.428571428571429
RE1,DEMRESELCFAN_HIG_RUR,ELC002,1.0,2054,1.428571428571429
RE1,DEMRESELCFAN_HIG_RUR,ELC002,1.0,2055,1.428571428571429
RE1,DEMRESELCFAN_HIG_URB,ELC002,1.0,2022,1.428571428571429
RE1,DEMRESELCFAN_HIG_URB,ELC002,1.0,2023,1.428571428571429
RE1,DEMRESELCFAN_HIG_URB,ELC002,1.0,2024,1.428571428571429
RE1,DEMRESELCFAN_HIG_URB,ELC002,1.0,2025,1.428571428571429
RE1,DEMRESELCFAN_HIG_URB,ELC002,1.0,2026,1.428571428571429
RE1,DEMRESELCFAN_HIG_URB,ELC002,1.0,2027,1.428571428571429
RE1,DEMRESELCFAN_HIG_URB,ELC002,1.0,2028,1.428571428571429
RE1,DEMRESELCFAN_HIG_URB,ELC002,1.0,2029,1.428571428571429
RE1,DEMRESELCFAN_HIG_URB,ELC002,1.0,2030,1.428571428571429
RE1,DEMRESELCFAN_HIG_URB,ELC002,1.0,2031,1.428571428571429
RE1,DEMRESELCFAN_HIG_URB,ELC002,1.0,2032,1.428571428571429
RE1,DEMRESELCFAN_HIG_URB,ELC002,1.0,2033,1.428571428571429
RE1,DEMRESELCFAN_HIG_URB,ELC002,1.0,2034,1.428571428571429
RE1,DEMRESELCFAN_HIG_URB,ELC002,1.0,2035,1.428571428571429
RE1,DEMRESELCFAN_HIG_URB,ELC002,1.0,2036,1.428571428571429
RE1,DEMRESELCFAN_HIG_URB,ELC002,1.0,2037,1.428571428571429
RE1,DEMRESELCFAN_HIG_URB,ELC002,1.0,2038,1.428571428571429
RE1,DEMRESELCFAN_HIG_URB,ELC002,1.0,2039,1.428571428571429
RE1,DEMRESELCFAN_HIG_URB,ELC002,1.0,2040,1.428571428571429
RE1,DEMRESELCFAN_HIG_URB,ELC002,1.0,2041,1.428571428571429
RE1,DEMRESELCFAN_HIG_URB,ELC002,1.0,2042,1.428571428571429
RE1,DEMRESELCFAN_HIG_URB,ELC002,1.0,2043,1.428571428571429
RE1,DEMRESELCFAN_HIG_URB,ELC002,1.0,2044,1.428571428571429
RE1,DEMRESELCFAN_HIG_URB,ELC002,1.0,2045,1.428571428571429
RE1,DEMRESELCFAN_HIG_URB,ELC002,1.0,2046,1.428571428571429
RE1,DEMRESELCFAN_HIG_URB,ELC002,1.0,2047,1.428571428571429
RE1,DEMRESELCFAN_HIG_URB,ELC002,1.0,2048,1.428571428571429
RE1,DEMRESELCFAN_HIG_URB,ELC002,1.0,2049,1.428571428571429
RE1,DEMRESELCFAN_HIG_URB,ELC002,1.0,2050,1.428571428571429
RE1,DEMRESELCFAN_HIG_URB,ELC002,1.0,2051,1.428571428571429
RE1,DEMRESELCFAN_HIG_URB,ELC002,1.0,2052,1.428571428571429
RE1,DEMRESELCFAN_HIG_URB,ELC002,1.0,2053,1.428571428571429
RE1,DEMRESELCFAN_HIG_URB,ELC002,1.0,2054,1.428571428571429
RE1,DEMRESELCFAN_HIG_URB,ELC002,1.0,2055,1.428571428571429
RE1,DEMRESELCFAN_LOW_RUR,ELC002,1.0,2022,3.125
RE1,DEMRESELCFAN_LOW_RUR,ELC002,1.0,2023,3.125
RE1,DEMRESELCFAN_LOW_RUR,ELC002,1.0,2024,3.125
RE1,DEMRESELCFAN_LOW_RUR,ELC002,1.0,2025,3.125
RE1,DEMRESELCFAN_LOW_RUR,ELC002,1.0,2026,3.125
RE1,DEMRESELCFAN_LOW_RUR,ELC002,1.0,2027,3.125
RE1,DEMRESELCFAN_LOW_RUR,ELC002,1.0,2028,3.125
RE1,DEMRESELCFAN_LOW_RUR,ELC002,1.0,2029,3.125
RE1,DEMRESELCFAN_LOW_RUR,ELC002,1.0,2030,3.125
RE1,DEMRESELCFAN_LOW_RUR,ELC002,1.0,2031,3.125
RE1,DEMRESELCFAN_LOW_RUR,ELC002,1.0,2032,3.125
RE1,DEMRESELCFAN_LOW_RUR,ELC002,1.0,2033,3.125
RE1,DEMRESELCFAN_LOW_RUR,ELC002,1.0,2034,3.125
RE1,DEMRESELCFAN_LOW_RUR,ELC002,1.0,2035,3.125
RE1,DEMRESELCFAN_LOW_RUR,ELC002,1.0,2036,3.125
RE1,DEMRESELCFAN_LOW_RUR,ELC002,1.0,2037,3.125
RE1,DEMRESELCFAN_LOW_RUR,ELC002,1.0,2038,3.125
RE1,DEMRESELCFAN_LOW_RUR,ELC002,1.0,2039,3.125
RE1,DEMRESELCFAN_LOW_RUR,ELC002,1.0,2040,3.125
RE1,DEMRESELCFAN_LOW_RUR,ELC002,1.0,2041,3.125
RE1,DEMRESELCFAN_LOW_RUR,ELC002,1.0,2042,3.125
RE1,DEMRESELCFAN_LOW_RUR,ELC002,1.0,2043,3.125
RE1,DEMRESELCFAN_LOW_RUR,ELC002,1.0,2044,3.125
RE1,DEMRESELCFAN_LOW_RUR,ELC002,1.0,2045,3.125
RE1,DEMRESELCFAN_LOW_RUR,ELC002,1.0,2046,3.125
RE1,DEMRESELCFAN_LOW_RUR,ELC002,1.0,2047,3.125
RE1,DEMRESELCFAN_LOW_RUR,ELC002,1.0,2048,3.125
RE1,DEMRESELCFAN_LOW_RUR,ELC002,1.0,2049,3.125
RE1,DEMRESELCFAN_LOW_RUR,ELC002,1.0,2050,3.125
RE1,DEMRESELCFAN_LOW_RUR,ELC002,1.0,2051,3.125
RE1,DEMRESELCFAN_LOW_RUR,ELC002,1.0,2052,3.125
RE1,DEMRESELCFAN_LOW_RUR,ELC002,1.0,2053,3.125
RE1,DEMRESELCFAN_LOW_RUR,ELC002,1.0,2054,3.125
RE1,DEMRESELCFAN_LOW_RUR,ELC002,1.0,2055,3.125
RE1,DEMRESELCFAN_LOW_URB,ELC002,1.0,2022,3.125
RE1,DEMRESELCFAN_LOW_URB,ELC002,1.0,2023,3.125
RE1,DEMRESELCFAN_LOW_URB,ELC002,1.0,2024,3.125
RE1,DEMRESELCFAN_LOW_URB,ELC002,1.0,2025,3.125
RE1,DEMRESELCFAN_LOW_URB,ELC002,1.0,2026,3.125
RE1,DEMRESELCFAN_LOW_URB,ELC002,1.0,2027,3.125
RE1,DEMRESELCFAN_LOW_URB,ELC002,1.0,2028,3.125
RE1,DEMRESELCFAN_LOW_URB,ELC002,1.0,2029,3.125
RE1,DEMRESELCFAN_LOW_URB,ELC002,1.0,2030,3.125
RE1,DEMRESELCFAN_LOW_URB,ELC002,1.0,2031,3.125
RE1,DEMRESELCFAN_LOW_URB,ELC002,1.0,2032,3.125
RE1,DEMRESELCFAN_LOW_URB,ELC002,1.0,2033,3.125
RE1,DEMRESELCFAN_LOW_URB,ELC002,1.0,2034,3.125
RE1,DEMRESELCFAN_LOW_URB,ELC002,1.0,2035,3.125
RE1,DEMRESELCFAN_LOW_URB,ELC002,1.0,2036,3.125
RE1,DEMRESELCFAN_LOW_URB,ELC002,1.0,2037,3.125
RE1,DEMRESELCFAN_LOW_URB,ELC002,1.0,2038,3.125
RE1,DEMRESELCFAN_LOW_URB,ELC002,1.0,2039,3.125
RE1,DEMRESELCFAN_LOW_URB,ELC002,1.0,2040,3.125
RE1,DEMRESELCFAN_LOW_URB,ELC002,1.0,2041,3.125
RE1,DEMRESELCFAN_LOW_URB,ELC002,1.0,2042,3.125
RE1,DEMRESELCFAN_LOW_URB,ELC002,1.0,2043,3.125
RE1,DEMRESELCFAN_LOW_URB,ELC002,1.0,2044,3.125
RE1,DEMRESELCFAN_LOW_URB,ELC002,1.0,2045,3.125
RE1,DEMRESELCFAN_LOW_URB,ELC002,1.0,2046,3.125
RE1,DEMRESELCFAN_LOW_URB,ELC002,1.0,2047,3.125
RE1,DEMRESELCFAN_LOW_URB,ELC002,1.0,2048,3.125
RE1,DEMRESELCFAN_LOW_URB,ELC002,1.0,2049,3.125
RE1,DEMRESELCFAN_LOW_URB,ELC002,1.0,2050,3.125
RE1,DEMRESELCFAN_LOW_URB,ELC002,1.0,2051,3.125
RE1,DEMRESELCFAN_LOW_URB,ELC002,1.0,2052,3.125
RE1,DEMRESELCFAN_LOW_URB,ELC002,1.0,2053,3.125
RE1,DEMRESELCFAN_LOW_URB,ELC002,1.0,2054,3.125
RE1,DEMRESELCFAN_LOW_URB,ELC002,1.0,2055,3.125
RE1,DEMRESELCFAN_MID_RUR,ELC002,1.0,2022,3.102740908132806
RE1,DEMRESELCFAN_MID_RUR,ELC002,1.0,2023,3.08303708412564
RE1,DEMRESELCFAN_MID_RUR,ELC002,1.0,2024,3.04750775078081
RE1,DEMRESELCFAN_MID_RUR,ELC002,1.0,2025,2.986981339949061
RE1,DEMRESELCFAN_MID_RUR,ELC002,1.0,2026,2.893211108607667
RE1,DEMRESELCFAN_MID_RUR,ELC002,1.0,2027,2.767359134525628
RE1,DEMRESELCFAN_MID_RUR,ELC002,1.0,2028,2.627430373095113
RE1,DEMRESELCFAN_MID_RUR,ELC002,1.0,2029,2.500971250019102
RE1,DEMRESELCFAN_MID_RUR,ELC002,1.0,2030,2.406372386393116
RE1,DEMRESELCFAN_MID_RUR,ELC002,1.0,2031,2.345139618253945
RE1,DEMRESELCFAN_MID_RUR,ELC002,1.0,2032,2.309132762426314
RE1,DEMRESELCFAN_MID_RUR,ELC002,1.0,2033,2.289144018196613
RE1,DEMRESELCFAN_MID_RUR,ELC002,1.0,2034,2.27840092054383
RE1,DEMRESELCFAN_MID_RUR,ELC002,1.0,2035,2.272727272727273
RE1,DEMRESELCFAN_MID_RUR,ELC002,1.0,2036,2.272727272727273
RE1,DEMRESELCFAN_MID_RUR,ELC002,1.0,2037,2.272727272727273
RE1,DEMRESELCFAN_MID_RUR,ELC002,1.0,2038,2.272727272727273
RE1,DEMRESELCFAN_MID_RUR,ELC002,1.0,2039,2.272727272727273
RE1,DEMRESELCFAN_MID_RUR,ELC002,1.0,2040,2.272727272727273
RE1,DEMRESELCFAN_MID_RUR,ELC002,1.0,2041,2.272727272727273
RE1,DEMRESELCFAN_MID_RUR,ELC002,1.0,2042,2.272727272727273
RE1,DEMRESELCFAN_MID_RUR,ELC002,1.0,2043,2.272727272727273
RE1,DEMRESELCFAN_MID_RUR,ELC002,1.0,2044,2.272727272727273
RE1,DEMRESELCFAN_MID_RUR,ELC002,1.0,2045,2.272727272727273
RE1,DEMRESELCFAN_MID_RUR,ELC002,1.0,2046,2.272727272727273
RE1,DEMRESELCFAN_MID_RUR,ELC002,1.0,2047,2.272727272727273
RE1,DEMRESELCFAN_MID_RUR,ELC002,1.0,2048,2.272727272727273
RE1,DEMRESELCFAN_MID_RUR,ELC002,1.0,2049,2.272727272727273
RE1,DEMRESELCFAN_MID_RUR,ELC002,1.0,2050,2.272727272727273
RE1,DEMRESELCFAN_MID_RUR,ELC002,1.0,2051,2.272727272727273
RE1,DEMRESELCFAN_MID_RUR,ELC002,1.0,2052,2.272727272727273
RE1,DEMRESELCFAN_MID_RUR,ELC002,1.0,2053,2.272727272727273
RE1,DEMRESELCFAN_MID_RUR,ELC002,1.0,2054,2.272727272727273
RE1,DEMRESELCFAN_MID_RUR,ELC002,1.0,2055,2.272727272727273
RE1,DEMRESELCFAN_MID_URB,ELC002,1.0,2022,3.102740908132806
RE1,DEMRESELCFAN_MID_URB,ELC002,1.0,2023,3.08303708412564
RE1,DEMRESELCFAN_MID_URB,ELC002,1.0,2024,3.04750775078081
RE1,DEMRESELCFAN_MID_URB,ELC002,1.0,2025,2.986981339949061
RE1,DEMRESELCFAN_MID_URB,ELC002,1.0,2026,2.893211108607667
RE1,DEMRESELCFAN_MID_URB,ELC002,1.0,2027,2.767359134525628
RE1,DEMRESELCFAN_MID_URB,ELC002,1.0,2028,2.627430373095113
RE1,DEMRESELCFAN_MID_URB,ELC002,1.0,2029,2.500971250019102
RE1,DEMRESELCFAN_MID_URB,ELC002,1.0,2030,2.406372386393116
RE1,DEMRESELCFAN_MID_URB,ELC002,1.0,2031,2.345139618253945
RE1,DEMRESELCFAN_MID_URB,ELC002,1.0,2032,2.309132762426314
RE1,DEMRESELCFAN_MID_URB,ELC002,1.0,2033,2.289144018196613
RE1,DEMRESELCFAN_MID_URB,ELC002,1.0,2034,2.27840092054383
RE1,DEMRESELCFAN_MID_URB,ELC002,1.0,2035,2.272727272727273
RE1,DEMRESELCFAN_MID_URB,ELC002,1.0,2036,2.272727272727273
RE1,DEMRESELCFAN_MID_URB,ELC002,1.0,2037,2.272727272727273
RE1,DEMRESELCFAN_MID_URB,ELC002,1.0,2038,2.272727272727273
RE1,DEMRESELCFAN_MID_URB,ELC002,1.0,2039,2.272727272727273
RE1,DEMRESELCFAN_MID_URB,ELC002,1.0,2040,2.272727272727273
RE1,DEMRESELCFAN_MID_URB,ELC002,1.0,2041,2.272727272727273
RE1,DEMRESELCFAN_MID_URB,ELC002,1.0,2042,2.272727272727273
RE1,DEMRESELCFAN_MID_URB,ELC002,1.0,2043,2.272727272727273
RE1,DEMRESELCFAN_MID_URB,ELC002,1.0,2044,2.272727272727273
RE1,DEMRESELCFAN_MID_URB,ELC002,1.0,2045,2.272727272727273
RE1,DEMRESELCFAN_MID_URB,ELC002,1.0,2046,2.272727272727273
RE1,DEMRESELCFAN_MID_URB,ELC002,1.0,2047,2.272727272727273
RE1,DEMRESELCFAN_MID_URB,ELC002,1.0,2048,2.272727272727273
RE1,DEMRESELCFAN_MID_URB,ELC002,1.0,2049,2.272727272727273
RE1,DEMRESELCFAN_MID_URB,ELC002,1.0,2050,2.272727272727273
RE1,DEMRESELCFAN_MID_URB,ELC002,1.0,2051,2.272727272727273
RE1,DEMRESELCFAN_MID_URB,ELC002,1.0,2052,2.272727272727273
RE1,DEMRESELCFAN_MID_URB,ELC002,1.0,2053,2.272727272727273
RE1,DEMRESELCFAN_MID_URB,ELC002,1.0,2054,2.272727272727273
RE1,DEMRESELCFAN_MID_URB,ELC002,1.0,2055,2.272727272727273
RE1,DEMRESELCILU_HIG_RUR,ELC002,1.0,2022,1.492537313432836
RE1,DEMRESELCILU_HIG_RUR,ELC002,1.0,2023,1.492537313432836
RE1,DEMRESELCILU_HIG_RUR,ELC002,1.0,2024,1.492537313432836
RE1,DEMRESELCILU_HIG_RUR,ELC002,1.0,2025,1.492537313432836
RE1,DEMRESELCILU_HIG_RUR,ELC002,1.0,2026,1.492537313432836
RE1,DEMRESELCILU_HIG_RUR,ELC002,1.0,2027,1.492537313432836
RE1,DEMRESELCILU_HIG_RUR,ELC002,1.0,2028,1.492537313432836
RE1,DEMRESELCILU_HIG_RUR,ELC002,1.0,2029,1.492537313432836
RE1,DEMRESELCILU_HIG_RUR,ELC002,1.0,2030,1.492537313432836
RE1,DEMRESELCILU_HIG_RUR,ELC002,1.0,2031,1.492537313432836
RE1,DEMRESELCILU_HIG_RUR,ELC002,1.0,2032,1.492537313432836
RE1,DEMRESELCILU_HIG_RUR,ELC002,1.0,2033,1.492537313432836
RE1,DEMRESELCILU_HIG_RUR,ELC002,1.0,2034,1.492537313432836
RE1,DEMRESELCILU_HIG_RUR,ELC002,1.0,2035,1.492537313432836
RE1,DEMRESELCILU_HIG_RUR,ELC002,1.0,2036,1.492537313432836
RE1,DEMRESELCILU_HIG_RUR,ELC002,1.0,2037,1.492537313432836
RE1,DEMRESELCILU_HIG_RUR,ELC002,1.0,2038,1.492537313432836
RE1,DEMRESELCILU_HIG_RUR,ELC002,1.0,2039,1.492537313432836
RE1,DEMRESELCILU_HIG_RUR,ELC002,1.0,2040,1.492537313432836
RE1,DEMRESELCILU_HIG_RUR,ELC002,1.0,2041,1.492537313432836
RE1,DEMRESELCILU_HIG_RUR,ELC002,1.0,2042,1.492537313432836
RE1,DEMRESELCILU_HIG_RUR,ELC002,1.0,2043,1.492537313432836
RE1,DEMRESELCILU_HIG_RUR,ELC002,1.0,2044,1.492537313432836
RE1,DEMRESELCILU_HIG_RUR,ELC002,1.0,2045,1.492537313432836
RE1,DEMRESELCILU_HIG_RUR,ELC002,1.0,2046,1.492537313432836
RE1,DEMRESELCILU_HIG_RUR,ELC002,1.0,2047,1.492537313432836
RE1,DEMRESELCILU_HIG_RUR,ELC002,1.0,2048,1.492537313432836
RE1,DEMRESELCILU_HIG_RUR,ELC002,1.0,2049,1.492537313432836
RE1,DEMRESELCILU_HIG_RUR,ELC002,1.0,2050,1.492537313432836
RE1,DEMRESELCILU_HIG_RUR,ELC002,1.0,2051,1.492537313432836
RE1,DEMRESELCILU_HIG_RUR,ELC002,1.0,2052,1.492537313432836
RE1,DEMRESELCILU_HIG_RUR,ELC002,1.0,2053,1.492537313432836
RE1,DEMRESELCILU_HIG_RUR,ELC002,1.0,2054,1.492537313432836
RE1,DEMRESELCILU_HIG_RUR,ELC002,1.0,2055,1.492537313432836
RE1,DEMRESELCILU_HIG_URB,ELC002,1.0,2022,1.492537313432836
RE1,DEMRESELCILU_HIG_URB,ELC002,1.0,2023,1.492537313432836
RE1,DEMRESELCILU_HIG_URB,ELC002,1.0,2024,1.492537313432836
RE1,DEMRESELCILU_HIG_URB,ELC002,1.0,2025,1.492537313432836
RE1,DEMRESELCILU_HIG_URB,ELC002,1.0,2026,1.492537313432836
RE1,DEMRESELCILU_HIG_URB,ELC002,1.0,2027,1.492537313432836
RE1,DEMRESELCILU_HIG_URB,ELC002,1.0,2028,1.492537313432836
RE1,DEMRESELCILU_HIG_URB,ELC002,1.0,2029,1.492537313432836
RE1,DEMRESELCILU_HIG_URB,ELC002,1.0,2030,1.492537313432836
RE1,DEMRESELCILU_HIG_URB,ELC002,1.0,2031,1.492537313432836
RE1,DEMRESELCILU_HIG_URB,ELC002,1.0,2032,1.492537313432836
RE1,DEMRESELCILU_HIG_URB,ELC002,1.0,2033,1.492537313432836
RE1,DEMRESELCILU_HIG_URB,ELC002,1.0,2034,1.492537313432836
RE1,DEMRESELCILU_HIG_URB,ELC002,1.0,2035,1.492537313432836
RE1,DEMRESELCILU_HIG_URB,ELC002,1.0,2036,1.492537313432836
RE1,DEMRESELCILU_HIG_URB,ELC002,1.0,2037,1.492537313432836
RE1,DEMRESELCILU_HIG_URB,ELC002,1.0,2038,1.492537313432836
RE1,DEMRESELCILU_HIG_URB,ELC002,1.0,2039,1.492537313432836
RE1,DEMRESELCILU_HIG_URB,ELC002,1.0,2040,1.492537313432836
RE1,DEMRESELCILU_HIG_URB,ELC002,1.0,2041,1.492537313432836
RE1,DEMRESELCILU_HIG_URB,ELC002,1.0,2042,1.492537313432836
RE1,DEMRESELCILU_HIG_URB,ELC002,1.0,2043,1.492537313432836
RE1,DEMRESELCILU_HIG_URB,ELC002,1.0,2044,1.492537313432836
RE1,DEMRESELCILU_HIG_URB,ELC002,1.0,2045,1.492537313432836
RE1,DEMRESELCILU_HIG_URB,ELC002,1.0,2046,1.492537313432836
RE1,DEMRESELCILU_HIG_URB,ELC002,1.0,2047,1.492537313432836
RE1,DEMRESELCILU_HIG_URB,ELC002,1.0,2048,1.492537313432836
RE1,DEMRESELCILU_HIG_URB,ELC002,1.0,2049,1.492537313432836
RE1,DEMRESELCILU_HIG_URB,ELC002,1.0,2050,1.492537313432836
RE1,DEMRESELCILU_HIG_URB,ELC002,1.0,2051,1.492537313432836
RE1,DEMRESELCILU_HIG_URB,ELC002,1.0,2052,1.492537313432836
RE1,DEMRESELCILU_HIG_URB,ELC002,1.0,2053,1.492537313432836
RE1,DEMRESELCILU_HIG_URB,ELC002,1.0,2054,1.492537313432836
RE1,DEMRESELCILU_HIG_URB,ELC002,1.0,2055,1.492537313432836
RE1,DEMRESELCILU_INC_RUR,ELC002,1.0,2022,33.33333333333334
RE1,DEMRESELCILU_INC_RUR,ELC002,1.0,2023,33.33333333333334
RE1,DEMRESELCILU_INC_RUR,ELC002,1.0,2024,33.33333333333334
RE1,DEMRESELCILU_INC_RUR,ELC002,1.0,2025,33.33333333333334
RE1,DEMRESELCILU_INC_RUR,ELC002,1.0,2026,33.33333333333334
RE1,DEMRESELCILU_INC_RUR,ELC002,1.0,2027,33.33333333333334
RE1,DEMRESELCILU_INC_RUR,ELC002,1.0,2028,33.33333333333334
RE1,DEMRESELCILU_INC_RUR,ELC002,1.0,2029,33.33333333333334
RE1,DEMRESELCILU_INC_RUR,ELC002,1.0,2030,33.33333333333334
RE1,DEMRESELCILU_INC_RUR,ELC002,1.0,2031,33.33333333333334
RE1,DEMRESELCILU_INC_RUR,ELC002,1.0,2032,33.33333333333334
RE1,DEMRESELCILU_INC_RUR,ELC002,1.0,2033,33.33333333333334
RE1,DEMRESELCILU_INC_RUR,ELC002,1.0,2034,33.33333333333334
RE1,DEMRESELCILU_INC_RUR,ELC002,1.0,2035,33.33333333333334
RE1,DEMRESELCILU_INC_RUR,ELC002,1.0,2036,33.33333333333334
RE1,DEMRESELCILU_INC_RUR,ELC002,1.0,2037,33.33333333333334
RE1,DEMRESELCILU_INC_RUR,ELC002,1.0,2038,33.33333333333334
RE1,DEMRESELCILU_INC_RUR,ELC002,1.0,2039,33.33333333333334
RE1,DEMRESELCILU_INC_RUR,ELC002,1.0,2040,33.33333333333334
RE1,DEMRESELCILU_INC_RUR,ELC002,1.0,2041,33.33333333333334
RE1,DEMRESELCILU_INC_RUR,ELC002,1.0,2042,33.33333333333334
RE1,DEMRESELCILU_INC_RUR,ELC002,1.0,2043,33.33333333333334
RE1,DEMRESELCILU_INC_RUR,ELC002,1.0,2044,33.33333333333334
RE1,DEMRESELCILU_INC_RUR,ELC002,1.0,2045,33.33333333333334
RE1,DEMRESELCILU_INC_RUR,ELC002,1.0,2046,33.33333333333334
RE1,DEMRESELCILU_INC_RUR,ELC002,1.0,2047,33.33333333333334
RE1,DEMRESELCILU_INC_RUR,ELC002,1.0,2048,33.33333333333334
RE1,DEMRESELCILU_INC_RUR,ELC002,1.0,2049,33.33333333333334
RE1,DEMRESELCILU_INC_RUR,ELC002,1.0,2050,33.33333333333334
RE1,DEMRESELCILU_INC_RUR,ELC002,1.0,2051,33.33333333333334
RE1,DEMRESELCILU_INC_RUR,ELC002,1.0,2052,33.33333333333334
RE1,DEMRESELCILU_INC_RUR,ELC002,1.0,2053,33.33333333333334
RE1,DEMRESELCILU_INC_RUR,ELC002,1.0,2054,33.33333333333334
RE1,DEMRESELCILU_INC_RUR,ELC002,1.0,2055,33.33333333333334
RE1,DEMRESELCILU_INC_URB,ELC002,1.0,2022,10.0
RE1,DEMRESELCILU_INC_URB,ELC002,1.0,2023,10.0
RE1,DEMRESELCILU_INC_URB,ELC002,1.0,2024,10.0
RE1,DEMRESELCILU_INC_URB,ELC002,1.0,2025,10.0
RE1,DEMRESELCILU_INC_URB,ELC002,1.0,2026,10.0
RE1,DEMRESELCILU_INC_URB,ELC002,1.0,2027,10.0
RE1,DEMRESELCILU_INC_URB,ELC002,1.0,2028,10.0
RE1,DEMRESELCILU_INC_URB,ELC002,1.0,2029,10.0
RE1,DEMRESELCILU_INC_URB,ELC002,1.0,2030,10.0
RE1,DEMRESELCILU_INC_URB,ELC002,1.0,2031,10.0
RE1,DEMRESELCILU_INC_URB,ELC002,1.0,2032,10.0
RE1,DEMRESELCILU_INC_URB,ELC002,1.0,2033,10.0
RE1,DEMRESELCILU_INC_URB,ELC002,1.0,2034,10.0
RE1,DEMRESELCILU_INC_URB,ELC002,1.0,2035,10.0
RE1,DEMRESELCILU_INC_URB,ELC002,1.0,2036,10.0
RE1,DEMRESELCILU_INC_URB,ELC002,1.0,2037,10.0
RE1,DEMRESELCILU_INC_URB,ELC002,1.0,2038,10.0
RE1,DEMRESELCILU_INC_URB,ELC002,1.0,2039,10.0
RE1,DEMRESELCILU_INC_URB,ELC002,1.0,2040,10.0
RE1,DEMRESELCILU_INC_URB,ELC002,1.0,2041,10.0
RE1,DEMRESELCILU_INC_URB,ELC002,1.0,2042,10.0
RE1,DEMRESELCILU_INC_URB,ELC002,1.0,2043,10.0
RE1,DEMRESELCILU_INC_URB,ELC002,1.0,2044,10.0
RE1,DEMRESELCILU_INC_URB,ELC002,1.0,2045,10.0
RE1,DEMRESELCILU_INC_URB,ELC002,1.0,2046,10.0
RE1,DEMRESELCILU_INC_URB,ELC002,1.0,2047,10.0
RE1,DEMRESELCILU_INC_URB,ELC002,1.0,2048,10.0
RE1,DEMRESELCILU_INC_URB,ELC002,1.0,2049,10.0
RE1,DEMRESELCILU_INC_URB,ELC002,1.0,2050,10.0
RE1,DEMRESELCILU_INC_URB,ELC002,1.0,2051,10.0
RE1,DEMRESELCILU_INC_URB,ELC002,1.0,2052,10.0
RE1,DEMRESELCILU_INC_URB,ELC002,1.0,2053,10.0
RE1,DEMRESELCILU_INC_URB,ELC002,1.0,2054,10.0
RE1,DEMRESELCILU_INC_URB,ELC002,1.0,2055,10.0
RE1,DEMRESELCILU_LFC_RUR,ELC002,1.0,2022,5.0
RE1,DEMRESELCILU_LFC_RUR,ELC002,1.0,2023,5.0
RE1,DEMRESELCILU_LFC_RUR,ELC002,1.0,2024,5.0
RE1,DEMRESELCILU_LFC_RUR,ELC002,1.0,2025,5.0
RE1,DEMRESELCILU_LFC_RUR,ELC002,1.0,2026,5.0
RE1,DEMRESELCILU_LFC_RUR,ELC002,1.0,2027,5.0
RE1,DEMRESELCILU_LFC_RUR,ELC002,1.0,2028,5.0
RE1,DEMRESELCILU_LFC_RUR,ELC002,1.0,2029,5.0
RE1,DEMRESELCILU_LFC_RUR,ELC002,1.0,2030,5.0
RE1,DEMRESELCILU_LFC_RUR,ELC002,1.0,2031,5.0
RE1,DEMRESELCILU_LFC_RUR,ELC002,1.0,2032,5.0
RE1,DEMRESELCILU_LFC_RUR,ELC002,1.0,2033,5.0
RE1,DEMRESELCILU_LFC_RUR,ELC002,1.0,2034,5.0
RE1,DEMRESELCILU_LFC_RUR,ELC002,1.0,2035,5.0
RE1,DEMRESELCILU_LFC_RUR,ELC002,1.0,2036,5.0
RE1,DEMRESELCILU_LFC_RUR,ELC002,1.0,2037,5.0
RE1,DEMRESELCILU_LFC_RUR,ELC002,1.0,2038,5.0
RE1,DEMRESELCILU_LFC_RUR,ELC002,1.0,2039,5.0
RE1,DEMRESELCILU_LFC_RUR,ELC002,1.0,2040,5.0
RE1,DEMRESELCILU_LFC_RUR,ELC002,1.0,2041,5.0
RE1,DEMRESELCILU_LFC_RUR,ELC002,1.0,2042,5.0
RE1,DEMRESELCILU_LFC_RUR,ELC002,1.0,2043,5.0
RE1,DEMRESELCILU_LFC_RUR,ELC002,1.0,2044,5.0
RE1,DEMRESELCILU_LFC_RUR,ELC002,1.0,2045,5.0
RE1,DEMRESELCILU_LFC_RUR,ELC002,1.0,2046,5.0
RE1,DEMRESELCILU_LFC_RUR,ELC002,1.0,2047,5.0
RE1,DEMRESELCILU_LFC_RUR,ELC002,1.0,2048,5.0
RE1,DEMRESELCILU_LFC_RUR,ELC002,1.0,2049,5.0
RE1,DEMRESELCILU_LFC_RUR,ELC002,1.0,2050,5.0
RE1,DEMRESELCILU_LFC_RUR,ELC002,1.0,2051,5.0
RE1,DEMRESELCILU_LFC_RUR,ELC002,1.0,2052,5.0
RE1,DEMRESELCILU_LFC_RUR,ELC002,1.0,2053,5.0
RE1,DEMRESELCILU_LFC_RUR,ELC002,1.0,2054,5.0
RE1,DEMRESELCILU_LFC_RUR,ELC002,1.0,2055,5.0
RE1,DEMRESELCILU_LFC_URB,ELC002,1.0,2022,5.0
RE1,DEMRESELCILU_LFC_URB,ELC002,1.0,2023,5.0
RE1,DEMRESELCILU_LFC_URB,ELC002,1.0,2024,5.0
RE1,DEMRESELCILU_LFC_URB,ELC002,1.0,2025,5.0
RE1,DEMRESELCILU_LFC_URB,ELC002,1.0,2026,5.0
RE1,DEMRESELCILU_LFC_URB,ELC002,1.0,2027,5.0
RE1,DEMRESELCILU_LFC_URB,ELC002,1.0,2028,5.0
RE1,DEMRESELCILU_LFC_URB,ELC002,1.0,2029,5.0
RE1,DEMRESELCILU_LFC_URB,ELC002,1.0,2030,5.0
RE1,DEMRESELCILU_LFC_URB,ELC002,1.0,2031,5.0
RE1,DEMRESELCILU_LFC_URB,ELC002,1.0,2032,5.0
RE1,DEMRESELCILU_LFC_URB,ELC002,1.0,2033,5.0
RE1,DEMRESELCILU_LFC_URB,ELC002,1.0,2034,5.0
RE1,DEMRESELCILU_LFC_URB,ELC002,1.0,2035,5.0
RE1,DEMRESELCILU_LFC_URB,ELC002,1.0,2036,5.0
RE1,DEMRESELCILU_LFC_URB,ELC002,1.0,2037,5.0
RE1,DEMRESELCILU_LFC_URB,ELC002,1.0,2038,5.0
RE1,DEMRESELCILU_LFC_URB,ELC002,1.0,2039,5.0
RE1,DEMRESELCILU_LFC_URB,ELC002,1.0,2040,5.0
RE1,DEMRESELCILU_LFC_URB,ELC002,1.0,2041,5.0
RE1,DEMRESELCILU_LFC_URB,ELC002,1.0,2042,5.0
RE1,DEMRESELCILU_LFC_URB,ELC002,1.0,2043,5.0
RE1,DEMRESELCILU_LFC_URB,ELC002,1.0,2044,5.0
RE1,DEMRESELCILU_LFC_URB,ELC002,1.0,2045,5.0
RE1,DEMRESELCILU_LFC_URB,ELC002,1.0,2046,5.0
RE1,DEMRESELCILU_LFC_URB,ELC002,1.0,2047,5.0
RE1,DEMRESELCILU_LFC_URB,ELC002,1.0,2048,5.0
RE1,DEMRESELCILU_LFC_URB,ELC002,1.0,2049,5.0
RE1,DEMRESELCILU_LFC_URB,ELC002,1.0,2050,5.0
RE1,DEMRESELCILU_LFC_URB,ELC002,1.0,2051,5.0
RE1,DEMRESELCILU_LFC_URB,ELC002,1.0,2052,5.0
RE1,DEMRESELCILU_LFC_URB,ELC002,1.0,2053,5.0
RE1,DEMRESELCILU_LFC_URB,ELC002,1.0,2054,5.0
RE1,DEMRESELCILU_LFC_URB,ELC002,1.0,2055,5.0
RE1,DEMRESELCILU_LOW_RUR,ELC002,1.0,2022,5.0
RE1,DEMRESELCILU_LOW_RUR,ELC002,1.0,2023,5.0
RE1,DEMRESELCILU_LOW_RUR,ELC002,1.0,2024,5.0
RE1,DEMRESELCILU_LOW_RUR,ELC002,1.0,2025,5.0
RE1,DEMRESELCILU_LOW_RUR,ELC002,1.0,2026,5.0
RE1,DEMRESELCILU_LOW_RUR,ELC002,1.0,2027,5.0
RE1,DEMRESELCILU_LOW_RUR,ELC002,1.0,2028,5.0
RE1,DEMRESELCILU_LOW_RUR,ELC002,1.0,2029,5.0
RE1,DEMRESELCILU_LOW_RUR,ELC002,1.0,2030,5.0
RE1,DEMRESELCILU_LOW_RUR,ELC002,1.0,2031,5.0
RE1,DEMRESELCILU_LOW_RUR,ELC002,1.0,2032,5.0
RE1,DEMRESELCILU_LOW_RUR,ELC002,1.0,2033,5.0
RE1,DEMRESELCILU_LOW_RUR,ELC002,1.0,2034,5.0
RE1,DEMRESELCILU_LOW_RUR,ELC002,1.0,2035,5.0
RE1,DEMRESELCILU_LOW_RUR,ELC002,1.0,2036,5.0
RE1,DEMRESELCILU_LOW_RUR,ELC002,1.0,2037,5.0
RE1,DEMRESELCILU_LOW_RUR,ELC002,1.0,2038,5.0
RE1,DEMRESELCILU_LOW_RUR,ELC002,1.0,2039,5.0
RE1,DEMRESELCILU_LOW_RUR,ELC002,1.0,2040,5.0
RE1,DEMRESELCILU_LOW_RUR,ELC002,1.0,2041,5.0
RE1,DEMRESELCILU_LOW_RUR,ELC002,1.0,2042,5.0
RE1,DEMRESELCILU_LOW_RUR,ELC002,1.0,2043,5.0
RE1,DEMRESELCILU_LOW_RUR,ELC002,1.0,2044,5.0
RE1,DEMRESELCILU_LOW_RUR,ELC002,1.0,2045,5.0
RE1,DEMRESELCILU_LOW_RUR,ELC002,1.0,2046,5.0
RE1,DEMRESELCILU_LOW_RUR,ELC002,1.0,2047,5.0
RE1,DEMRESELCILU_LOW_RUR,ELC002,1.0,2048,5.0
RE1,DEMRESELCILU_LOW_RUR,ELC002,1.0,2049,5.0
RE1,DEMRESELCILU_LOW_RUR,ELC002,1.0,2050,5.0
RE1,DEMRESELCILU_LOW_RUR,ELC002,1.0,2051,5.0
RE1,DEMRESELCILU_LOW_RUR,ELC002,1.0,2052,5.0
RE1,DEMRESELCILU_LOW_RUR,ELC002,1.0,2053,5.0
RE1,DEMRESELCILU_LOW_RUR,ELC002,1.0,2054,5.0
RE1,DEMRESELCILU_LOW_RUR,ELC002,1.0,2055,5.0
RE1,DEMRESELCILU_LOW_URB,ELC002,1.0,2022,5.0
RE1,DEMRESELCILU_LOW_URB,ELC002,1.0,2023,5.0
RE1,DEMRESELCILU_LOW_URB,ELC002,1.0,2024,5.0
RE1,DEMRESELCILU_LOW_URB,ELC002,1.0,2025,5.0
RE1,DEMRESELCILU_LOW_URB,ELC002,1.0,2026,5.0
RE1,DEMRESELCILU_LOW_URB,ELC002,1.0,2027,5.0
RE1,DEMRESELCILU_LOW_URB,ELC002,1.0,2028,5.0
RE1,DEMRESELCILU_LOW_URB,ELC002,1.0,2029,5.0
RE1,DEMRESELCILU_LOW_URB,ELC002,1.0,2030,5.0
RE1,DEMRESELCILU_LOW_URB,ELC002,1.0,2031,5.0
RE1,DEMRESELCILU_LOW_URB,ELC002,1.0,2032,5.0
RE1,DEMRESELCILU_LOW_URB,ELC002,1.0,2033,5.0
RE1,DEMRESELCILU_LOW_URB,ELC002,1.0,2034,5.0
RE1,DEMRESELCILU_LOW_URB,ELC002,1.0,2035,5.0
RE1,DEMRESELCILU_LOW_URB,ELC002,1.0,2036,5.0
RE1,DEMRESELCILU_LOW_URB,ELC002,1.0,2037,5.0
RE1,DEMRESELCILU_LOW_URB,ELC002,1.0,2038,5.0
RE1,DEMRESELCILU_LOW_URB,ELC002,1.0,2039,5.0
RE1,DEMRESELCILU_LOW_URB,ELC002,1.0,2040,5.0
RE1,DEMRESELCILU_LOW_URB,ELC002,1.0,2041,5.0
RE1,DEMRESELCILU_LOW_URB,ELC002,1.0,2042,5.0
RE1,DEMRESELCILU_LOW_URB,ELC002,1.0,2043,5.0
RE1,DEMRESELCILU_LOW_URB,ELC002,1.0,2044,5.0
RE1,DEMRESELCILU_LOW_URB,ELC002,1.0,2045,5.0
RE1,DEMRESELCILU_LOW_URB,ELC002,1.0,2046,5.0
RE1,DEMRESELCILU_LOW_URB,ELC002,1.0,2047,5.0
RE1,DEMRESELCILU_LOW_URB,ELC002,1.0,2048,5.0
RE1,DEMRESELCILU_LOW_URB,ELC002,1.0,2049,5.0
RE1,DEMRESELCILU_LOW_URB,ELC002,1.0,2050,5.0
RE1,DEMRESELCILU_LOW_URB,ELC002,1.0,2051,5.0
RE1,DEMRESELCILU_LOW_URB,ELC002,1.0,2052,5.0
RE1,DEMRESELCILU_LOW_URB,ELC002,1.0,2053,5.0
RE1,DEMRESELCILU_LOW_URB,ELC002,1.0,2054,5.0
RE1,DEMRESELCILU_LOW_URB,ELC002,1.0,2055,5.0
RE1,DEMRESELCILU_MID_RUR,ELC002,1.0,2022,4.919995522048908
RE1,DEMRESELCILU_MID_RUR,ELC002,1.0,2023,4.850359718605035
RE1,DEMRESELCILU_MID_RUR,ELC002,1.0,2024,4.72752008906414
RE1,DEMRESELCILU_MID_RUR,ELC002,1.0,2025,4.525971187222953
RE1,DEMRESELCILU_MID_RUR,ELC002,1.0,2026,4.231573937904144
RE1,DEMRESELCILU_MID_RUR,ELC002,1.0,2027,3.867174450338045
RE1,DEMRESELCILU_MID_RUR,ELC002,1.0,2028,3.498338289312577
RE1,DEMRESELCILU_MID_RUR,ELC002,1.0,2029,3.193732427104143
RE1,DEMRESELCILU_MID_RUR,ELC002,1.0,2030,2.981680741854178
RE1,DEMRESELCILU_MID_RUR,ELC002,1.0,2031,2.851009553052688
RE1,DEMRESELCILU_MID_RUR,ELC002,1.0,2032,2.77644657224161
RE1,DEMRESELCILU_MID_RUR,ELC002,1.0,2033,2.735755626093265
RE1,DEMRESELCILU_MID_RUR,ELC002,1.0,2034,2.714088800438111
RE1,DEMRESELCILU_MID_RUR,ELC002,1.0,2035,2.702702702702703
RE1,DEMRESELCILU_MID_RUR,ELC002,1.0,2036,2.702702702702703
RE1,DEMRESELCILU_MID_RUR,ELC002,1.0,2037,2.702702702702703
RE1,DEMRESELCILU_MID_RUR,ELC002,1.0,2038,2.702702702702703
RE1,DEMRESELCILU_MID_RUR,ELC002,1.0,2039,2.702702702702703
RE1,DEMRESELCILU_MID_RUR,ELC002,1.0,2040,2.702702702702703
RE1,DEMRESELCILU_MID_RUR,ELC002,1.0,2041,2.702702702702703
RE1,DEMRESELCILU_MID_RUR,ELC002,1.0,2042,2.702702702702703
RE1,DEMRESELCILU_MID_RUR,ELC002,1.0,2043,2.702702702702703
RE1,DEMRESELCILU_MID_RUR,ELC002,1.0,2044,2.702702702702703
RE1,DEMRESELCILU_MID_RUR,ELC002,1.0,2045,2.702702702702703
RE1,DEMRESELCILU_MID_RUR,ELC002,1.0,2046,2.702702702702703
RE1,DEMRESELCILU_MID_RUR,ELC002,1.0,2047,2.702702702702703
RE1,DEMRESELCILU_MID_RUR,ELC002,1.0,2048,2.702702702702703
RE1,DEMRESELCILU_MID_RUR,ELC002,1.0,2049,2.702702702702703
RE1,DEMRESELCILU_MID_RUR,ELC002,1.0,2050,2.702702702702703
RE1,DEMRESELCILU_MID_RUR,ELC002,1.0,2051,2.702702702702703
RE1,DEMRESELCILU_MID_RUR,ELC002,1.0,2052,2.702702702702703
RE1,DEMRESELCILU_MID_RUR,ELC002,1.0,2053,2.702702702702703
RE1,DEMRESELCILU_MID_RUR,ELC002,1.0,2054,2.702702702702703
RE1,DEMRESELCILU_MID_RUR,ELC002,1.0,2055,2.702702702702703
RE1,DEMRESELCILU_MID_URB,ELC002,1.0,2022,4.919995522048908
RE1,DEMRESELCILU_MID_URB,ELC002,1.0,2023,4.850359718605035
RE1,DEMRESELCILU_MID_URB,ELC002,1.0,2024,4.72752008906414
RE1,DEMRESELCILU_MID_URB,ELC002,1.0,2025,4.525971187222953
RE1,DEMRESELCILU_MID_URB,ELC002,1.0,2026,4.231573937904144
RE1,DEMRESELCILU_MID_URB,ELC002,1.0,2027,3.867174450338045
RE1,DEMRESELCILU_MID_URB,ELC002,1.0,2028,3.498338289312577
RE1,DEMRESELCILU_MID_URB,ELC002,1.0,2029,3.193732427104143
RE1,DEMRESELCILU_MID_URB,ELC002,1.0,2030,2.981680741854178
RE1,DEMRESELCILU_MID_URB,ELC002,1.0,2031,2.851009553052688
RE1,DEMRESELCILU_MID_URB,ELC002,1.0,2032,2.77644657224161
RE1,DEMRESELCILU_MID_URB,ELC002,1.0,2033,2.735755626093265
RE1,DEMRESELCILU_MID_URB,ELC002,1.0,2034,2.714088800438111
RE1,DEMRESELCILU_MID_URB,ELC002,1.0,2035,2.702702702702703
RE1,DEMRESELCILU_MID_URB,ELC002,1.0,2036,2.702702702702703
RE1,DEMRESELCILU_MID_URB,ELC002,1.0,2037,2.702702702702703
RE1,DEMRESELCILU_MID_URB,ELC002,1.0,2038,2.702702702702703
RE1,DEMRESELCILU_MID_URB,ELC002,1.0,2039,2.702702702702703
RE1,DEMRESELCILU_MID_URB,ELC002,1.0,2040,2.702702702702703
RE1,DEMRESELCILU_MID_URB,ELC002,1.0,2041,2.702702702702703
RE1,DEMRESELCILU_MID_URB,ELC002,1.0,2042,2.702702702702703
RE1,DEMRESELCILU_MID_URB,ELC002,1.0,2043,2.702702702702703
RE1,DEMRESELCILU_MID_URB,ELC002,1.0,2044,2.702702702702703
RE1,DEMRESELCILU_MID_URB,ELC002,1.0,2045,2.702702702702703
RE1,DEMRESELCILU_MID_URB,ELC002,1.0,2046,2.702702702702703
RE1,DEMRESELCILU_MID_URB,ELC002,1.0,2047,2.702702702702703
RE1,DEMRESELCILU_MID_URB,ELC002,1.0,2048,2.702702702702703
RE1,DEMRESELCILU_MID_URB,ELC002,1.0,2049,2.702702702702703
RE1,DEMRESELCILU_MID_URB,ELC002,1.0,2050,2.702702702702703
RE1,DEMRESELCILU_MID_URB,ELC002,1.0,2051,2.702702702702703
RE1,DEMRESELCILU_MID_URB,ELC002,1.0,2052,2.702702702702703
RE1,DEMRESELCILU_MID_URB,ELC002,1.0,2053,2.702702702702703
RE1,DEMRESELCILU_MID_URB,ELC002,1.0,2054,2.702702702702703
RE1,DEMRESELCILU_MID_URB,ELC002,1.0,2055,2.702702702702703
RE1,DEMRESELCOTH_HIG_RUR,ELC002,1.0,2022,1.666666666666667
RE1,DEMRESELCOTH_HIG_RUR,ELC002,1.0,2023,1.666666666666667
RE1,DEMRESELCOTH_HIG_RUR,ELC002,1.0,2024,1.666666666666667
RE1,DEMRESELCOTH_HIG_RUR,ELC002,1.0,2025,1.666666666666667
RE1,DEMRESELCOTH_HIG_RUR,ELC002,1.0,2026,1.666666666666667
RE1,DEMRESELCOTH_HIG_RUR,ELC002,1.0,2027,1.666666666666667
RE1,DEMRESELCOTH_HIG_RUR,ELC002,1.0,2028,1.666666666666667
RE1,DEMRESELCOTH_HIG_RUR,ELC002,1.0,2029,1.666666666666667
RE1,DEMRESELCOTH_HIG_RUR,ELC002,1.0,2030,1.666666666666667
RE1,DEMRESELCOTH_HIG_RUR,ELC002,1.0,2031,1.666666666666667
RE1,DEMRESELCOTH_HIG_RUR,ELC002,1.0,2032,1.666666666666667
RE1,DEMRESELCOTH_HIG_RUR,ELC002,1.0,2033,1.666666666666667
RE1,DEMRESELCOTH_HIG_RUR,ELC002,1.0,2034,1.666666666666667
RE1,DEMRESELCOTH_HIG_RUR,ELC002,1.0,2035,1.666666666666667
RE1,DEMRESELCOTH_HIG_RUR,ELC002,1.0,2036,1.666666666666667
RE1,DEMRESELCOTH_HIG_RUR,ELC002,1.0,2037,1.666666666666667
RE1,DEMRESELCOTH_HIG_RUR,ELC002,1.0,2038,1.666666666666667
RE1,DEMRESELCOTH_HIG_RUR,ELC002,1.0,2039,1.666666666666667
RE1,DEMRESELCOTH_HIG_RUR,ELC002,1.0,2040,1.666666666666667
RE1,DEMRESELCOTH_HIG_RUR,ELC002,1.0,2041,1.666666666666667
RE1,DEMRESELCOTH_HIG_RUR,ELC002,1.0,2042,1.666666666666667
RE1,DEMRESELCOTH_HIG_RUR,ELC002,1.0,2043,1.666666666666667
RE1,DEMRESELCOTH_HIG_RUR,ELC002,1.0,2044,1.666666666666667
RE1,DEMRESELCOTH_HIG_RUR,ELC002,1.0,2045,1.666666666666667
RE1,DEMRESELCOTH_HIG_RUR,ELC002,1.0,2046,1.666666666666667
RE1,DEMRESELCOTH_HIG_RUR,ELC002,1.0,2047,1.666666666666667
RE1,DEMRESELCOTH_HIG_RUR,ELC002,1.0,2048,1.666666666666667
RE1,DEMRESELCOTH_HIG_RUR,ELC002,1.0,2049,1.666666666666667
RE1,DEMRESELCOTH_HIG_RUR,ELC002,1.0,2050,1.666666666666667
RE1,DEMRESELCOTH_HIG_RUR,ELC002,1.0,2051,1.666666666666667
RE1,DEMRESELCOTH_HIG_RUR,ELC002,1.0,2052,1.666666666666667
RE1,DEMRESELCOTH_HIG_RUR,ELC002,1.0,2053,1.666666666666667
RE1,DEMRESELCOTH_HIG_RUR,ELC002,1.0,2054,1.666666666666667
RE1,DEMRESELCOTH_HIG_RUR,ELC002,1.0,2055,1.666666666666667
RE1,DEMRESELCOTH_HIG_URB,ELC002,1.0,2022,1.666666666666667
RE1,DEMRESELCOTH_HIG_URB,ELC002,1.0,2023,1.666666666666667
RE1,DEMRESELCOTH_HIG_URB,ELC002,1.0,2024,1.666666666666667
RE1,DEMRESELCOTH_HIG_URB,ELC002,1.0,2025,1.666666666666667
RE1,DEMRESELCOTH_HIG_URB,ELC002,1.0,2026,1.666666666666667
RE1,DEMRESELCOTH_HIG_URB,ELC002,1.0,2027,1.666666666666667
RE1,DEMRESELCOTH_HIG_URB,ELC002,1.0,2028,1.666666666666667
RE1,DEMRESELCOTH_HIG_URB,ELC002,1.0,2029,1.666666666666667
RE1,DEMRESELCOTH_HIG_URB,ELC002,1.0,2030,1.666666666666667
RE1,DEMRESELCOTH_HIG_URB,ELC002,1.0,2031,1.666666666666667
RE1,DEMRESELCOTH_HIG_URB,ELC002,1.0,2032,1.666666666666667
RE1,DEMRESELCOTH_HIG_URB,ELC002,1.0,2033,1.666666666666667
RE1,DEMRESELCOTH_HIG_URB,ELC002,1.0,2034,1.666666666666667
RE1,DEMRESELCOTH_HIG_URB,ELC002,1.0,2035,1.666666666666667
RE1,DEMRESELCOTH_HIG_URB,ELC002,1.0,2036,1.666666666666667
RE1,DEMRESELCOTH_HIG_URB,ELC002,1.0,2037,1.666666666666667
RE1,DEMRESELCOTH_HIG_URB,ELC002,1.0,2038,1.666666666666667
RE1,DEMRESELCOTH_HIG_URB,ELC002,1.0,2039,1.666666666666667
RE1,DEMRESELCOTH_HIG_URB,ELC002,1.0,2040,1.666666666666667
RE1,DEMRESELCOTH_HIG_URB,ELC002,1.0,2041,1.666666666666667
RE1,DEMRESELCOTH_HIG_URB,ELC002,1.0,2042,1.666666666666667
RE1,DEMRESELCOTH_HIG_URB,ELC002,1.0,2043,1.666666666666667
RE1,DEMRESELCOTH_HIG_URB,ELC002,1.0,2044,1.666666666666667
RE1,DEMRESELCOTH_HIG_URB,ELC002,1.0,2045,1.666666666666667
RE1,DEMRESELCOTH_HIG_URB,ELC002,1.0,2046,1.666666666666667
RE1,DEMRESELCOTH_HIG_URB,ELC002,1.0,2047,1.666666666666667
RE1,DEMRESELCOTH_HIG_URB,ELC002,1.0,2048,1.666666666666667
RE1,DEMRESELCOTH_HIG_URB,ELC002,1.0,2049,1.666666666666667
RE1,DEMRESELCOTH_HIG_URB,ELC002,1.0,2050,1.666666666666667
RE1,DEMRESELCOTH_HIG_URB,ELC002,1.0,2051,1.666666666666667
RE1,DEMRESELCOTH_HIG_URB,ELC002,1.0,2052,1.666666666666667
RE1,DEMRESELCOTH_HIG_URB,ELC002,1.0,2053,1.666666666666667
RE1,DEMRESELCOTH_HIG_URB,ELC002,1.0,2054,1.666666666666667
RE1,DEMRESELCOTH_HIG_URB,ELC002,1.0,2055,1.666666666666667
RE1,DEMRESELCOTH_LOW_RUR,ELC002,1.0,2022,2.439024390243902
RE1,DEMRESELCOTH_LOW_RUR,ELC002,1.0,2023,2.439024390243902
RE1,DEMRESELCOTH_LOW_RUR,ELC002,1.0,2024,2.439024390243902
RE1,DEMRESELCOTH_LOW_RUR,ELC002,1.0,2025,2.439024390243902
RE1,DEMRESELCOTH_LOW_RUR,ELC002,1.0,2026,2.439024390243902
RE1,DEMRESELCOTH_LOW_RUR,ELC002,1.0,2027,2.439024390243902
RE1,DEMRESELCOTH_LOW_RUR,ELC002,1.0,2028,2.439024390243902
RE1,DEMRESELCOTH_LOW_RUR,ELC002,1.0,2029,2.439024390243902
RE1,DEMRESELCOTH_LOW_RUR,ELC002,1.0,2030,2.439024390243902
RE1,DEMRESELCOTH_LOW_RUR,ELC002,1.0,2031,2.439024390243902
RE1,DEMRESELCOTH_LOW_RUR,ELC002,1.0,2032,2.439024390243902
RE1,DEMRESELCOTH_LOW_RUR,ELC002,1.0,2033,2.439024390243902
RE1,DEMRESELCOTH_LOW_RUR,ELC002,1.0,2034,2.439024390243902
RE1,DEMRESELCOTH_LOW_RUR,ELC002,1.0,2035,2.439024390243902
RE1,DEMRESELCOTH_LOW_RUR,ELC002,1.0,2036,2.439024390243902
RE1,DEMRESELCOTH_LOW_RUR,ELC002,1.0,2037,2.439024390243902
RE1,DEMRESELCOTH_LOW_RUR,ELC002,1.0,2038,2.439024390243902
RE1,DEMRESELCOTH_LOW_RUR,ELC002,1.0,2039,2.439024390243902
RE1,DEMRESELCOTH_LOW_RUR,ELC002,1.0,2040,2.439024390243902
RE1,DEMRESELCOTH_LOW_RUR,ELC002,1.0,2041,2.439024390243902
RE1,DEMRESELCOTH_LOW_RUR,ELC002,1.0,2042,2.439024390243902
RE1,DEMRESELCOTH_LOW_RUR,ELC002,1.0,2043,2.439024390243902
RE1,DEMRESELCOTH_LOW_RUR,ELC002,1.0,2044,2.439024390243902
RE1,DEMRESELCOTH_LOW_RUR,ELC002,1.0,2045,2.439024390243902
RE1,DEMRESELCOTH_LOW_RUR,ELC002,1.0,2046,2.439024390243902
RE1,DEMRESELCOTH_LOW_RUR,ELC002,1.0,2047,2.439024390243902
RE1,DEMRESELCOTH_LOW_RUR,ELC002,1.0,2048,2.439024390243902
RE1,DEMRESELCOTH_LOW_RUR,ELC002,1.0,2049,2.439024390243902
RE1,DEMRESELCOTH_LOW_RUR,ELC002,1.0,2050,2.439024390243902
RE1,DEMRESELCOTH_LOW_RUR,ELC002,1.0,2051,2.439024390243902
RE1,DEMRESELCOTH_LOW_RUR,ELC002,1.0,2052,2.439024390243902
RE1,DEMRESELCOTH_LOW_RUR,ELC002,1.0,2053,2.439024390243902
RE1,DEMRESELCOTH_LOW_RUR,ELC002,1.0,2054,2.439024390243902
RE1,DEMRESELCOTH_LOW_RUR,ELC002,1.0,2055,2.439024390243902
RE1,DEMRESELCOTH_LOW_URB,ELC002,1.0,2022,2.439024390243902
RE1,DEMRESELCOTH_LOW_URB,ELC002,1.0,2023,2.439024390243902
RE1,DEMRESELCOTH_LOW_URB,ELC002,1.0,2024,2.439024390243902
RE1,DEMRESELCOTH_LOW_URB,ELC002,1.0,2025,2.439024390243902
RE1,DEMRESELCOTH_LOW_URB,ELC002,1.0,2026,2.439024390243902
RE1,DEMRESELCOTH_LOW_URB,ELC002,1.0,2027,2.439024390243902
RE1,DEMRESELCOTH_LOW_URB,ELC002,1.0,2028,2.439024390243902
RE1,DEMRESELCOTH_LOW_URB,ELC002,1.0,2029,2.439024390243902
RE1,DEMRESELCOTH_LOW_URB,ELC002,1.0,2030,2.439024390243902
RE1,DEMRESELCOTH_LOW_URB,ELC002,1.0,2031,2.439024390243902
RE1,DEMRESELCOTH_LOW_URB,ELC002,1.0,2032,2.439024390243902
RE1,DEMRESELCOTH_LOW_URB,ELC002,1.0,2033,2.439024390243902
RE1,DEMRESELCOTH_LOW_URB,ELC002,1.0,2034,2.439024390243902
RE1,DEMRESELCOTH_LOW_URB,ELC002,1.0,2035,2.439024390243902
RE1,DEMRESELCOTH_LOW_URB,ELC002,1.0,2036,2.439024390243902
RE1,DEMRESELCOTH_LOW_URB,ELC002,1.0,2037,2.439024390243902
RE1,DEMRESELCOTH_LOW_URB,ELC002,1.0,2038,2.439024390243902
RE1,DEMRESELCOTH_LOW_URB,ELC002,1.0,2039,2.439024390243902
RE1,DEMRESELCOTH_LOW_URB,ELC002,1.0,2040,2.439024390243902
RE1,DEMRESELCOTH_LOW_URB,ELC002,1.0,2041,2.439024390243902
RE1,DEMRESELCOTH_LOW_URB,ELC002,1.0,2042,2.439024390243902
RE1,DEMRESELCOTH_LOW_URB,ELC002,1.0,2043,2.439024390243902
RE1,DEMRESELCOTH_LOW_URB,ELC002,1.0,2044,2.439024390243902
RE1,DEMRESELCOTH_LOW_URB,ELC002,1.0,2045,2.439024390243902
RE1,DEMRESELCOTH_LOW_URB,ELC002,1.0,2046,2.439024390243902
RE1,DEMRESELCOTH_LOW_URB,ELC002,1.0,2047,2.439024390243902
RE1,DEMRESELCOTH_LOW_URB,ELC002,1.0,2048,2.439024390243902
RE1,DEMRESELCOTH_LOW_URB,ELC002,1.0,2049,2.439024390243902
RE1,DEMRESELCOTH_LOW_URB,ELC002,1.0,2050,2.439024390243902
RE1,DEMRESELCOTH_LOW_URB,ELC002,1.0,2051,2.439024390243902
RE1,DEMRESELCOTH_LOW_URB,ELC002,1.0,2052,2.439024390243902
RE1,DEMRESELCOTH_LOW_URB,ELC002,1.0,2053,2.439024390243902
RE1,DEMRESELCOTH_LOW_URB,ELC002,1.0,2054,2.439024390243902
RE1,DEMRESELCOTH_LOW_URB,ELC002,1.0,2055,2.439024390243902
RE1,DEMRESELCOTH_MID_RUR,ELC002,1.0,2022,2.418710031545247
RE1,DEMRESELCOTH_MID_RUR,ELC002,1.0,2023,2.400768824126126
RE1,DEMRESELCOTH_MID_RUR,ELC002,1.0,2024,2.368514998604661
RE1,DEMRESELCOTH_MID_RUR,ELC002,1.0,2025,2.313854813723384
RE1,DEMRESELCOTH_MID_RUR,ELC002,1.0,2026,2.229877733820317
RE1,DEMRESELCOTH_MID_RUR,ELC002,1.0,2027,2.118495910065212
RE1,DEMRESELCOTH_MID_RUR,ELC002,1.0,2028,1.996406468356957
RE1,DEMRESELCOTH_MID_RUR,ELC002,1.0,2029,1.887622328109176
RE1,DEMRESELCOTH_MID_RUR,ELC002,1.0,2030,1.807191077163069
RE1,DEMRESELCOTH_MID_RUR,ELC002,1.0,2031,1.755553973702572
RE1,DEMRESELCOTH_MID_RUR,ELC002,1.0,2032,1.725344110139375
RE1,DEMRESELCOTH_MID_RUR,ELC002,1.0,2033,1.708622557072011
RE1,DEMRESELCOTH_MID_RUR,ELC002,1.0,2034,1.699649857715548
RE1,DEMRESELCOTH_MID_RUR,ELC002,1.0,2035,1.694915254237288
RE1,DEMRESELCOTH_MID_RUR,ELC002,1.0,2036,1.694915254237288
RE1,DEMRESELCOTH_MID_RUR,ELC002,1.0,2037,1.694915254237288
RE1,DEMRESELCOTH_MID_RUR,ELC002,1.0,2038,1.694915254237288
RE1,DEMRESELCOTH_MID_RUR,ELC002,1.0,2039,1.694915254237288
RE1,DEMRESELCOTH_MID_RUR,ELC002,1.0,2040,1.694915254237288
RE1,DEMRESELCOTH_MID_RUR,ELC002,1.0,2041,1.694915254237288
RE1,DEMRESELCOTH_MID_RUR,ELC002,1.0,2042,1.694915254237288
RE1,DEMRESELCOTH_MID_RUR,ELC002,1.0,2043,1.694915254237288
RE1,DEMRESELCOTH_MID_RUR,ELC002,1.0,2044,1.694915254237288
RE1,DEMRESELCOTH_MID_RUR,ELC002,1.0,2045,1.694915254237288
RE1,DEMRESELCOTH_MID_RUR,ELC002,1.0,2046,1.694915254237288
RE1,DEMRESELCOTH_MID_RUR,ELC002,1.0,2047,1.694915254237288
RE1,DEMRESELCOTH_MID_RUR,ELC002,1.0,2048,1.694915254237288
RE1,DEMRESELCOTH_MID_RUR,ELC002,1.0,2049,1.694915254237288
RE1,DEMRESELCOTH_MID_RUR,ELC002,1.0,2050,1.694915254237288
RE1,DEMRESELCOTH_MID_RUR,ELC002,1.0,2051,1.694915254237288
RE1,DEMRESELCOTH_MID_RUR,ELC002,1.0,2052,1.694915254237288
RE1,DEMRESELCOTH_MID_RUR,ELC002,1.0,2053,1.694915254237288
RE1,DEMRESELCOTH_MID_RUR,ELC002,1.0,2054,1.694915254237288
RE1,DEMRESELCOTH_MID_RUR,ELC002,1.0,2055,1.694915254237288
RE1,DEMRESELCOTH_MID_URB,ELC002,1.0,2022,2.418710031545247
RE1,DEMRESELCOTH_MID_URB,ELC002,1.0,2023,2.400768824126126
RE1,DEMRESELCOTH_MID_URB,ELC002,1.0,2024,2.368514998604661
RE1,DEMRESELCOTH_MID_URB,ELC002,1.0,2025,2.313854813723384
RE1,DEMRESELCOTH_MID_URB,ELC002,1.0,2026,2.229877733820317
RE1,DEMRESELCOTH_MID_URB,ELC002,1.0,2027,2.118495910065212
RE1,DEMRESELCOTH_MID_URB,ELC002,1.0,2028,1.996406468356957
RE1,DEMRESELCOTH_MID_URB,ELC002,1.0,2029,1.887622328109176
RE1,DEMRESELCOTH_MID_URB,ELC002,1.0,2030,1.807191077163069
RE1,DEMRESELCOTH_MID_URB,ELC002,1.0,2031,1.755553973702572
RE1,DEMRESELCOTH_MID_URB,ELC002,1.0,2032,1.725344110139375
RE1,DEMRESELCOTH_MID_URB,ELC002,1.0,2033,1.708622557072011
RE1,DEMRESELCOTH_MID_URB,ELC002,1.0,2034,1.699649857715548
RE1,DEMRESELCOTH_MID_URB,ELC002,1.0,2035,1.694915254237288
RE1,DEMRESELCOTH_MID_URB,ELC002,1.0,2036,1.694915254237288
RE1,DEMRESELCOTH_MID_URB,ELC002,1.0,2037,1.694915254237288
RE1,DEMRESELCOTH_MID_URB,ELC002,1.0,2038,1.694915254237288
RE1,DEMRESELCOTH_MID_URB,ELC002,1.0,2039,1.694915254237288
RE1,DEMRESELCOTH_MID_URB,ELC002,1.0,2040,1.694915254237288
RE1,DEMRESELCOTH_MID_URB,ELC002,1.0,2041,1.694915254237288
RE1,DEMRESELCOTH_MID_URB,ELC002,1.0,2042,1.694915254237288
RE1,DEMRESELCOTH_MID_URB,ELC002,1.0,2043,1.694915254237288
RE1,DEMRESELCOTH_MID_URB,ELC002,1.0,2044,1.694915254237288
RE1,DEMRESELCOTH_MID_URB,ELC002,1.0,2045,1.694915254237288
RE1,DEMRESELCOTH_MID_URB,ELC002,1.0,2046,1.694915254237288
RE1,DEMRESELCOTH_MID_URB,ELC002,1.0,2047,1.694915254237288
RE1,DEMRESELCOTH_MID_URB,ELC002,1.0,2048,1.694915254237288
RE1,DEMRESELCOTH_MID_URB,ELC002,1.0,2049,1.694915254237288
RE1,DEMRESELCOTH_MID_URB,ELC002,1.0,2050,1.694915254237288
RE1,DEMRESELCOTH_MID_URB,ELC002,1.0,2051,1.694915254237288
RE1,DEMRESELCOTH_MID_URB,ELC002,1.0,2052,1.694915254237288
RE1,DEMRESELCOTH_MID_URB,ELC002,1.0,2053,1.694915254237288
RE1,DEMRESELCOTH_MID_URB,ELC002,1.0,2054,1.694915254237288
RE1,DEMRESELCOTH_MID_URB,ELC002,1.0,2055,1.694915254237288
RE1,DEMRESELCREF_HIG_RUR,ELC002,1.0,2022,1.25
RE1,DEMRESELCREF_HIG_RUR,ELC002,1.0,2023,1.25
RE1,DEMRESELCREF_HIG_RUR,ELC002,1.0,2024,1.25
RE1,DEMRESELCREF_HIG_RUR,ELC002,1.0,2025,1.25
RE1,DEMRESELCREF_HIG_RUR,ELC002,1.0,2026,1.25
RE1,DEMRESELCREF_HIG_RUR,ELC002,1.0,2027,1.25
RE1,DEMRESELCREF_HIG_RUR,ELC002,1.0,2028,1.25
RE1,DEMRESELCREF_HIG_RUR,ELC002,1.0,2029,1.25
RE1,DEMRESELCREF_HIG_RUR,ELC002,1.0,2030,1.25
RE1,DEMRESELCREF_HIG_RUR,ELC002,1.0,2031,1.25
RE1,DEMRESELCREF_HIG_RUR,ELC002,1.0,2032,1.25
RE1,DEMRESELCREF_HIG_RUR,ELC002,1.0,2033,1.25
RE1,DEMRESELCREF_HIG_RUR,ELC002,1.0,2034,1.25
RE1,DEMRESELCREF_HIG_RUR,ELC002,1.0,2035,1.25
RE1,DEMRESELCREF_HIG_RUR,ELC002,1.0,2036,1.25
RE1,DEMRESELCREF_HIG_RUR,ELC002,1.0,2037,1.25
RE1,DEMRESELCREF_HIG_RUR,ELC002,1.0,2038,1.25
RE1,DEMRESELCREF_HIG_RUR,ELC002,1.0,2039,1.25
RE1,DEMRESELCREF_HIG_RUR,ELC002,1.0,2040,1.25
RE1,DEMRESELCREF_HIG_RUR,ELC002,1.0,2041,1.25
RE1,DEMRESELCREF_HIG_RUR,ELC002,1.0,2042,1.25
RE1,DEMRESELCREF_HIG_RUR,ELC002,1.0,2043,1.25
RE1,DEMRESELCREF_HIG_RUR,ELC002,1.0,2044,1.25
RE1,DEMRESELCREF_HIG_RUR,ELC002,1.0,2045,1.25
RE1,DEMRESELCREF_HIG_RUR,ELC002,1.0,2046,1.25
RE1,DEMRESELCREF_HIG_RUR,ELC002,1.0,2047,1.25
RE1,DEMRESELCREF_HIG_RUR,ELC002,1.0,2048,1.25
RE1,DEMRESELCREF_HIG_RUR,ELC002,1.0,2049,1.25
RE1,DEMRESELCREF_HIG_RUR,ELC002,1.0,2050,1.25
RE1,DEMRESELCREF_HIG_RUR,ELC002,1.0,2051,1.25
RE1,DEMRESELCREF_HIG_RUR,ELC002,1.0,2052,1.25
RE1,DEMRESELCREF_HIG_RUR,ELC002,1.0,2053,1.25
RE1,DEMRESELCREF_HIG_RUR,ELC002,1.0,2054,1.25
RE1,DEMRESELCREF_HIG_RUR,ELC002,1.0,2055,1.25
RE1,DEMRESELCREF_HIG_URB,ELC002,1.0,2022,1.25
RE1,DEMRESELCREF_HIG_URB,ELC002,1.0,2023,1.25
RE1,DEMRESELCREF_HIG_URB,ELC002,1.0,2024,1.25
RE1,DEMRESELCREF_HIG_URB,ELC002,1.0,2025,1.25
RE1,DEMRESELCREF_HIG_URB,ELC002,1.0,2026,1.25
RE1,DEMRESELCREF_HIG_URB,ELC002,1.0,2027,1.25
RE1,DEMRESELCREF_HIG_URB,ELC002,1.0,2028,1.25
RE1,DEMRESELCREF_HIG_URB,ELC002,1.0,2029,1.25
RE1,DEMRESELCREF_HIG_URB,ELC002,1.0,2030,1.25
RE1,DEMRESELCREF_HIG_URB,ELC002,1.0,2031,1.25
RE1,DEMRESELCREF_HIG_URB,ELC002,1.0,2032,1.25
RE1,DEMRESELCREF_HIG_URB,ELC002,1.0,2033,1.25
RE1,DEMRESELCREF_HIG_URB,ELC002,1.0,2034,1.25
RE1,DEMRESELCREF_HIG_URB,ELC002,1.0,2035,1.25
RE1,DEMRESELCREF_HIG_URB,ELC002,1.0,2036,1.25
RE1,DEMRESELCREF_HIG_URB,ELC002,1.0,2037,1.25
RE1,DEMRESELCREF_HIG_URB,ELC002,1.0,2038,1.25
RE1,DEMRESELCREF_HIG_URB,ELC002,1.0,2039,1.25
RE1,DEMRESELCREF_HIG_URB,ELC002,1.0,2040,1.25
RE1,DEMRESELCREF_HIG_URB,ELC002,1.0,2041,1.25
RE1,DEMRESELCREF_HIG_URB,ELC002,1.0,2042,1.25
RE1,DEMRESELCREF_HIG_URB,ELC002,1.0,2043,1.25
RE1,DEMRESELCREF_HIG_URB,ELC002,1.0,2044,1.25
RE1,DEMRESELCREF_HIG_URB,ELC002,1.0,2045,1.25
RE1,DEMRESELCREF_HIG_URB,ELC002,1.0,2046,1.25
RE1,DEMRESELCREF_HIG_URB,ELC002,1.0,2047,1.25
RE1,DEMRESELCREF_HIG_URB,ELC002,1.0,2048,1.25
RE1,DEMRESELCREF_HIG_URB,ELC002,1.0,2049,1.25
RE1,DEMRESELCREF_HIG_URB,ELC002,1.0,2050,1.25
RE1,DEMRESELCREF_HIG_URB,ELC002,1.0,2051,1.25
RE1,DEMRESELCREF_HIG_URB,ELC002,1.0,2052,1.25
RE1,DEMRESELCREF_HIG_URB,ELC002,1.0,2053,1.25
RE1,DEMRESELCREF_HIG_URB,ELC002,1.0,2054,1.25
RE1,DEMRESELCREF_HIG_URB,ELC002,1.0,2055,1.25
RE1,DEMRESELCREF_LOW_RUR,ELC002,1.0,2022,1.666666666666667
RE1,DEMRESELCREF_LOW_RUR,ELC002,1.0,2023,1.666666666666667
RE1,DEMRESELCREF_LOW_RUR,ELC002,1.0,2024,1.666666666666667
RE1,DEMRESELCREF_LOW_RUR,ELC002,1.0,2025,1.666666666666667
RE1,DEMRESELCREF_LOW_RUR,ELC002,1.0,2026,1.666666666666667
RE1,DEMRESELCREF_LOW_RUR,ELC002,1.0,2027,1.666666666666667
RE1,DEMRESELCREF_LOW_RUR,ELC002,1.0,2028,1.666666666666667
RE1,DEMRESELCREF_LOW_RUR,ELC002,1.0,2029,1.666666666666667
RE1,DEMRESELCREF_LOW_RUR,ELC002,1.0,2030,1.666666666666667
RE1,DEMRESELCREF_LOW_RUR,ELC002,1.0,2031,1.666666666666667
RE1,DEMRESELCREF_LOW_RUR,ELC002,1.0,2032,1.666666666666667
RE1,DEMRESELCREF_LOW_RUR,ELC002,1.0,2033,1.666666666666667
RE1,DEMRESELCREF_LOW_RUR,ELC002,1.0,2034,1.666666666666667
RE1,DEMRESELCREF_LOW_RUR,ELC002,1.0,2035,1.666666666666667
RE1,DEMRESELCREF_LOW_RUR,ELC002,1.0,2036,1.666666666666667
RE1,DEMRESELCREF_LOW_RUR,ELC002,1.0,2037,1.666666666666667
RE1,DEMRESELCREF_LOW_RUR,ELC002,1.0,2038,1.666666666666667
RE1,DEMRESELCREF_LOW_RUR,ELC002,1.0,2039,1.666666666666667
RE1,DEMRESELCREF_LOW_RUR,ELC002,1.0,2040,1.666666666666667
RE1,DEMRESELCREF_LOW_RUR,ELC002,1.0,2041,1.666666666666667
RE1,DEMRESELCREF_LOW_RUR,ELC002,1.0,2042,1.666666666666667
RE1,DEMRESELCREF_LOW_RUR,ELC002,1.0,2043,1.666666666666667
RE1,DEMRESELCREF_LOW_RUR,ELC002,1.0,2044,1.666666666666667
RE1,DEMRESELCREF_LOW_RUR,ELC002,1.0,2045,1.666666666666667
RE1,DEMRESELCREF_LOW_RUR,ELC002,1.0,2046,1.666666666666667
RE1,DEMRESELCREF_LOW_RUR,ELC002,1.0,2047,1.666666666666667
RE1,DEMRESELCREF_LOW_RUR,ELC002,1.0,2048,1.666666666666667
RE1,DEMRESELCREF_LOW_RUR,ELC002,1.0,2049,1.666666666666667
RE1,DEMRESELCREF_LOW_RUR,ELC002,1.0,2050,1.666666666666667
RE1,DEMRESELCREF_LOW_RUR,ELC002,1.0,2051,1.666666666666667
RE1,DEMRESELCREF_LOW_RUR,ELC002,1.0,2052,1.666666666666667
RE1,DEMRESELCREF_LOW_RUR,ELC002,1.0,2053,1.666666666666667
RE1,DEMRESELCREF_LOW_RUR,ELC002,1.0,2054,1.666666666666667
RE1,DEMRESELCREF_LOW_RUR,ELC002,1.0,2055,1.666666666666667
RE1,DEMRESELCREF_LOW_URB,ELC002,1.0,2022,1.666666666666667
RE1,DEMRESELCREF_LOW_URB,ELC002,1.0,2023,1.666666666666667
RE1,DEMRESELCREF_LOW_URB,ELC002,1.0,2024,1.666666666666667
RE1,DEMRESELCREF_LOW_URB,ELC002,1.0,2025,1.666666666666667
RE1,DEMRESELCREF_LOW_URB,ELC002,1.0,2026,1.666666666666667
RE1,DEMRESELCREF_LOW_URB,ELC002,1.0,2027,1.666666666666667
RE1,DEMRESELCREF_LOW_URB,ELC002,1.0,2028,1.666666666666667
RE1,DEMRESELCREF_LOW_URB,ELC002,1.0,2029,1.666666666666667
RE1,DEMRESELCREF_LOW_URB,ELC002,1.0,2030,1.666666666666667
RE1,DEMRESELCREF_LOW_URB,ELC002,1.0,2031,1.666666666666667
RE1,DEMRESELCREF_LOW_URB,ELC002,1.0,2032,1.666666666666667
RE1,DEMRESELCREF_LOW_URB,ELC002,1.0,2033,1.666666666666667
RE1,DEMRESELCREF_LOW_URB,ELC002,1.0,2034,1.666666666666667
RE1,DEMRESELCREF_LOW_URB,ELC002,1.0,2035,1.666666666666667
RE1,DEMRESELCREF_LOW_URB,ELC002,1.0,2036,1.666666666666667
RE1,DEMRESELCREF_LOW_URB,ELC002,1.0,2037,1.666666666666667
RE1,DEMRESELCREF_LOW_URB,ELC002,1.0,2038,1.666666666666667
RE1,DEMRESELCREF_LOW_URB,ELC002,1.0,2039,1.666666666666667
RE1,DEMRESELCREF_LOW_URB,ELC002,1.0,2040,1.666666666666667
RE1,DEMRESELCREF_LOW_URB,ELC002,1.0,2041,1.666666666666667
RE1,DEMRESELCREF_LOW_URB,ELC002,1.0,2042,1.666666666666667
RE1,DEMRESELCREF_LOW_URB,ELC002,1.0,2043,1.666666666666667
RE1,DEMRESELCREF_LOW_URB,ELC002,1.0,2044,1.666666666666667
RE1,DEMRESELCREF_LOW_URB,ELC002,1.0,2045,1.666666666666667
RE1,DEMRESELCREF_LOW_URB,ELC002,1.0,2046,1.666666666666667
RE1,DEMRESELCREF_LOW_URB,ELC002,1.0,2047,1.666666666666667
RE1,DEMRESELCREF_LOW_URB,ELC002,1.0,2048,1.666666666666667
RE1,DEMRESELCREF_LOW_URB,ELC002,1.0,2049,1.666666666666667
RE1,DEMRESELCREF_LOW_URB,ELC002,1.0,2050,1.666666666666667
RE1,DEMRESELCREF_LOW_URB,ELC002,1.0,2051,1.666666666666667
RE1,DEMRESELCREF_LOW_URB,ELC002,1.0,2052,1.666666666666667
RE1,DEMRESELCREF_LOW_URB,ELC002,1.0,2053,1.666666666666667
RE1,DEMRESELCREF_LOW_URB,ELC002,1.0,2054,1.666666666666667
RE1,DEMRESELCREF_LOW_URB,ELC002,1.0,2055,1.666666666666667
RE1,DEMRESELCREF_MID_RUR,ELC002,1.0,2022,1.661369475587712
RE1,DEMRESELCREF_MID_RUR,ELC002,1.0,2023,1.656645140093212
RE1,DEMRESELCREF_MID_RUR,ELC002,1.0,2024,1.648041546414356
RE1,DEMRESELCREF_MID_RUR,ELC002,1.0,2025,1.63312821106302
RE1,DEMRESELCREF_MID_RUR,ELC002,1.0,2026,1.60936279908831
RE1,DEMRESELCREF_MID_RUR,ELC002,1.0,2027,1.576136578415506
RE1,DEMRESELCREF_MID_RUR,ELC002,1.0,2028,1.53727901614143
RE1,DEMRESELCREF_MID_RUR,ELC002,1.0,2029,1.500291318417127
RE1,DEMRESELCREF_MID_RUR,ELC002,1.0,2030,1.471375711146628
RE1,DEMRESELCREF_MID_RUR,ELC002,1.0,2031,1.452056990939139
RE1,DEMRESELCREF_MID_RUR,ELC002,1.0,2032,1.440467258754553
RE1,DEMRESELCREF_MID_RUR,ELC002,1.0,2033,1.433958141266301
RE1,DEMRESELCREF_MID_RUR,ELC002,1.0,2034,1.430437268719925
RE1,DEMRESELCREF_MID_RUR,ELC002,1.0,2035,1.428571428571429
RE1,DEMRESELCREF_MID_RUR,ELC002,1.0,2036,1.428571428571429
RE1,DEMRESELCREF_MID_RUR,ELC002,1.0,2037,1.428571428571429
RE1,DEMRESELCREF_MID_RUR,ELC002,1.0,2038,1.428571428571429
RE1,DEMRESELCREF_MID_RUR,ELC002,1.0,2039,1.428571428571429
RE1,DEMRESELCREF_MID_RUR,ELC002,1.0,2040,1.428571428571429
RE1,DEMRESELCREF_MID_RUR,ELC002,1.0,2041,1.428571428571429
RE1,DEMRESELCREF_MID_RUR,ELC002,1.0,2042,1.428571428571429
RE1,DEMRESELCREF_MID_RUR,ELC002,1.0,2043,1.428571428571429
RE1,DEMRESELCREF_MID_RUR,ELC002,1.0,2044,1.428571428571429
RE1,DEMRESELCREF_MID_RUR,ELC002,1.0,2045,1.428571428571429
RE1,DEMRESELCREF_MID_RUR,ELC002,1.0,2046,1.428571428571429
RE1,DEMRESELCREF_MID_RUR,ELC002,1.0,2047,1.428571428571429
RE1,DEMRESELCREF_MID_RUR,ELC002,1.0,2048,1.428571428571429
RE1,DEMRESELCREF_MID_RUR,ELC002,1.0,2049,1.428571428571429
RE1,DEMRESELCREF_MID_RUR,ELC002,1.0,2050,1.428571428571429
RE1,DEMRESELCREF_MID_RUR,ELC002,1.0,2051,1.428571428571429
RE1,DEMRESELCREF_MID_RUR,ELC002,1.0,2052,1.428571428571429
RE1,DEMRESELCREF_MID_RUR,ELC002,1.0,2053,1.428571428571429
RE1,DEMRESELCREF_MID_RUR,ELC002,1.0,2054,1.428571428571429
RE1,DEMRESELCREF_MID_RUR,ELC002,1.0,2055,1.428571428571429
RE1,DEMRESELCREF_MID_URB,ELC002,1.0,2022,1.661369475587712
RE1,DEMRESELCREF_MID_URB,ELC002,1.0,2023,1.656645140093212
RE1,DEMRESELCREF_MID_URB,ELC002,1.0,2024,1.648041546414356
RE1,DEMRESELCREF_MID_URB,ELC002,1.0,2025,1.63312821106302
RE1,DEMRESELCREF_MID_URB,ELC002,1.0,2026,1.60936279908831
RE1,DEMRESELCREF_MID_URB,ELC002,1.0,2027,1.576136578415506
RE1,DEMRESELCREF_MID_URB,ELC002,1.0,2028,1.53727901614143
RE1,DEMRESELCREF_MID_URB,ELC002,1.0,2029,1.500291318417127
RE1,DEMRESELCREF_MID_URB,ELC002,1.0,2030,1.471375711146628
RE1,DEMRESELCREF_MID_URB,ELC002,1.0,2031,1.452056990939139
RE1,DEMRESELCREF_MID_URB,ELC002,1.0,2032,1.440467258754553
RE1,DEMRESELCREF_MID_URB,ELC002,1.0,2033,1.433958141266301
RE1,DEMRESELCREF_MID_URB,ELC002,1.0,2034,1.430437268719925
RE1,DEMRESELCREF_MID_URB,ELC002,1.0,2035,1.428571428571429
RE1,DEMRESELCREF_MID_URB,ELC002,1.0,2036,1.428571428571429
RE1,DEMRESELCREF_MID_URB,ELC002,1.0,2037,1.428571428571429
RE1,DEMRESELCREF_MID_URB,ELC002,1.0,2038,1.428571428571429
RE1,DEMRESELCREF_MID_URB,ELC002,1.0,2039,1.428571428571429
RE1,DEMRESELCREF_MID_URB,ELC002,1.0,2040,1.428571428571429
RE1,DEMRESELCREF_MID_URB,ELC002,1.0,2041,1.428571428571429
RE1,DEMRESELCREF_MID_URB,ELC002,1.0,2042,1.428571428571429
RE1,DEMRESELCREF_MID_URB,ELC002,1.0,2043,1.428571428571429
RE1,DEMRESELCREF_MID_URB,ELC002,1.0,2044,1.428571428571429
RE1,DEMRESELCREF_MID_URB,ELC002,1.0,2045,1.428571428571429
RE1,DEMRESELCREF_MID_URB,ELC002,1.0,2046,1.428571428571429
RE1,DEMRESELCREF_MID_URB,ELC002,1.0,2047,1.428571428571429
RE1,DEMRESELCREF_MID_URB,ELC002,1.0,2048,1.428571428571429
RE1,DEMRESELCREF_MID_URB,ELC002,1.0,2049,1.428571428571429
RE1,DEMRESELCREF_MID_URB,ELC002,1.0,2050,1.428571428571429
RE1,DEMRESELCREF_MID_URB,ELC002,1.0,2051,1.428571428571429
RE1,DEMRESELCREF_MID_URB,ELC002,1.0,2052,1.428571428571429
RE1,DEMRESELCREF_MID_URB,ELC002,1.0,2053,1.428571428571429
RE1,DEMRESELCREF_MID_URB,ELC002,1.0,2054,1.428571428571429
RE1,DEMRESELCREF_MID_URB,ELC002,1.0,2055,1.428571428571429
RE1,DEMRESELCTV_CRT_RUR,ELC002,1.0,2022,16.66666666666667
RE1,DEMRESELCTV_CRT_RUR,ELC002,1.0,2023,16.66666666666667
RE1,DEMRESELCTV_CRT_RUR,ELC002,1.0,2024,16.66666666666667
RE1,DEMRESELCTV_CRT_RUR,ELC002,1.0,2025,16.66666666666667
RE1,DEMRESELCTV_CRT_RUR,ELC002,1.0,2026,16.66666666666667
RE1,DEMRESELCTV_CRT_RUR,ELC002,1.0,2027,16.66666666666667
RE1,DEMRESELCTV_CRT_RUR,ELC002,1.0,2028,16.66666666666667
RE1,DEMRESELCTV_CRT_RUR,ELC002,1.0,2029,16.66666666666667
RE1,DEMRESELCTV_CRT_RUR,ELC002,1.0,2030,16.66666666666667
RE1,DEMRESELCTV_CRT_RUR,ELC002,1.0,2031,16.66666666666667
RE1,DEMRESELCTV_CRT_RUR,ELC002,1.0,2032,16.66666666666667
RE1,DEMRESELCTV_CRT_RUR,ELC002,1.0,2033,16.66666666666667
RE1,DEMRESELCTV_CRT_RUR,ELC002,1.0,2034,16.66666666666667
RE1,DEMRESELCTV_CRT_RUR,ELC002,1.0,2035,16.66666666666667
RE1,DEMRESELCTV_CRT_RUR,ELC002,1.0,2036,16.66666666666667
RE1,DEMRESELCTV_CRT_RUR,ELC002,1.0,2037,16.66666666666667
RE1,DEMRESELCTV_CRT_RUR,ELC002,1.0,2038,16.66666666666667
RE1,DEMRESELCTV_CRT_RUR,ELC002,1.0,2039,16.66666666666667
RE1,DEMRESELCTV_CRT_RUR,ELC002,1.0,2040,16.66666666666667
RE1,DEMRESELCTV_CRT_RUR,ELC002,1.0,2041,16.66666666666667
RE1,DEMRESELCTV_CRT_RUR,ELC002,1.0,2042,16.66666666666667
RE1,DEMRESELCTV_CRT_RUR,ELC002,1.0,2043,16.66666666666667
RE1,DEMRESELCTV_CRT_RUR,ELC002,1.0,2044,16.66666666666667
RE1,DEMRESELCTV_CRT_RUR,ELC002,1.0,2045,16.66666666666667
RE1,DEMRESELCTV_CRT_RUR,ELC002,1.0,2046,16.66666666666667
RE1,DEMRESELCTV_CRT_RUR,ELC002,1.0,2047,16.66666666666667
RE1,DEMRESELCTV_CRT_RUR,ELC002,1.0,2048,16.66666666666667
RE1,DEMRESELCTV_CRT_RUR,ELC002,1.0,2049,16.66666666666667
RE1,DEMRESELCTV_CRT_RUR,ELC002,1.0,2050,16.66666666666667
RE1,DEMRESELCTV_CRT_RUR,ELC002,1.0,2051,16.66666666666667
RE1,DEMRESELCTV_CRT_RUR,ELC002,1.0,2052,16.66666666666667
RE1,DEMRESELCTV_CRT_RUR,ELC002,1.0,2053,16.66666666666667
RE1,DEMRESELCTV_CRT_RUR,ELC002,1.0,2054,16.66666666666667
RE1,DEMRESELCTV_CRT_RUR,ELC002,1.0,2055,16.66666666666667
RE1,DEMRESELCTV_CRT_URB,ELC002,1.0,2022,16.66666666666667
RE1,DEMRESELCTV_CRT_URB,ELC002,1.0,2023,16.66666666666667
RE1,DEMRESELCTV_CRT_URB,ELC002,1.0,2024,16.66666666666667
RE1,DEMRESELCTV_CRT_URB,ELC002,1.0,2025,16.66666666666667
RE1,DEMRESELCTV_CRT_URB,ELC002,1.0,2026,16.66666666666667
RE1,DEMRESELCTV_CRT_URB,ELC002,1.0,2027,16.66666666666667
RE1,DEMRESELCTV_CRT_URB,ELC002,1.0,2028,16.66666666666667
RE1,DEMRESELCTV_CRT_URB,ELC002,1.0,2029,16.66666666666667
RE1,DEMRESELCTV_CRT_URB,ELC002,1.0,2030,16.66666666666667
RE1,DEMRESELCTV_CRT_URB,ELC002,1.0,2031,16.66666666666667
RE1,DEMRESELCTV_CRT_URB,ELC002,1.0,2032,16.66666666666667
RE1,DEMRESELCTV_CRT_URB,ELC002,1.0,2033,16.66666666666667
RE1,DEMRESELCTV_CRT_URB,ELC002,1.0,2034,16.66666666666667
RE1,DEMRESELCTV_CRT_URB,ELC002,1.0,2035,16.66666666666667
RE1,DEMRESELCTV_CRT_URB,ELC002,1.0,2036,16.66666666666667
RE1,DEMRESELCTV_CRT_URB,ELC002,1.0,2037,16.66666666666667
RE1,DEMRESELCTV_CRT_URB,ELC002,1.0,2038,16.66666666666667
RE1,DEMRESELCTV_CRT_URB,ELC002,1.0,2039,16.66666666666667
RE1,DEMRESELCTV_CRT_URB,ELC002,1.0,2040,16.66666666666667
RE1,DEMRESELCTV_CRT_URB,ELC002,1.0,2041,16.66666666666667
RE1,DEMRESELCTV_CRT_URB,ELC002,1.0,2042,16.66666666666667
RE1,DEMRESELCTV_CRT_URB,ELC002,1.0,2043,16.66666666666667
RE1,DEMRESELCTV_CRT_URB,ELC002,1.0,2044,16.66666666666667
RE1,DEMRESELCTV_CRT_URB,ELC002,1.0,2045,16.66666666666667
RE1,DEMRESELCTV_CRT_URB,ELC002,1.0,2046,16.66666666666667
RE1,DEMRESELCTV_CRT_URB,ELC002,1.0,2047,16.66666666666667
RE1,DEMRESELCTV_CRT_URB,ELC002,1.0,2048,16.66666666666667
RE1,DEMRESELCTV_CRT_URB,ELC002,1.0,2049,16.66666666666667
RE1,DEMRESELCTV_CRT_URB,ELC002,1.0,2050,16.66666666666667
RE1,DEMRESELCTV_CRT_URB,ELC002,1.0,2051,16.66666666666667
RE1,DEMRESELCTV_CRT_URB,ELC002,1.0,2052,16.66666666666667
RE1,DEMRESELCTV_CRT_URB,ELC002,1.0,2053,16.66666666666667
RE1,DEMRESELCTV_CRT_URB,ELC002,1.0,2054,16.66666666666667
RE1,DEMRESELCTV_CRT_URB,ELC002,1.0,2055,16.66666666666667
RE1,DEMRESELCTV_HIG_RUR,ELC002,1.0,2022,1.428571428571429
RE1,DEMRESELCTV_HIG_RUR,ELC002,1.0,2023,1.428571428571429
RE1,DEMRESELCTV_HIG_RUR,ELC002,1.0,2024,1.428571428571429
RE1,DEMRESELCTV_HIG_RUR,ELC002,1.0,2025,1.428571428571429
RE1,DEMRESELCTV_HIG_RUR,ELC002,1.0,2026,1.428571428571429
RE1,DEMRESELCTV_HIG_RUR,ELC002,1.0,2027,1.428571428571429
RE1,DEMRESELCTV_HIG_RUR,ELC002,1.0,2028,1.428571428571429
RE1,DEMRESELCTV_HIG_RUR,ELC002,1.0,2029,1.428571428571429
RE1,DEMRESELCTV_HIG_RUR,ELC002,1.0,2030,1.428571428571429
RE1,DEMRESELCTV_HIG_RUR,ELC002,1.0,2031,1.428571428571429
RE1,DEMRESELCTV_HIG_RUR,ELC002,1.0,2032,1.428571428571429
RE1,DEMRESELCTV_HIG_RUR,ELC002,1.0,2033,1.428571428571429
RE1,DEMRESELCTV_HIG_RUR,ELC002,1.0,2034,1.428571428571429
RE1,DEMRESELCTV_HIG_RUR,ELC002,1.0,2035,1.428571428571429
RE1,DEMRESELCTV_HIG_RUR,ELC002,1.0,2036,1.428571428571429
RE1,DEMRESELCTV_HIG_RUR,ELC002,1.0,2037,1.428571428571429
RE1,DEMRESELCTV_HIG_RUR,ELC002,1.0,2038,1.428571428571429
RE1,DEMRESELCTV_HIG_RUR,ELC002,1.0,2039,1.428571428571429
RE1,DEMRESELCTV_HIG_RUR,ELC002,1.0,2040,1.428571428571429
RE1,DEMRESELCTV_HIG_RUR,ELC002,1.0,2041,1.428571428571429
RE1,DEMRESELCTV_HIG_RUR,ELC002,1.0,2042,1.428571428571429
RE1,DEMRESELCTV_HIG_RUR,ELC002,1.0,2043,1.428571428571429
RE1,DEMRESELCTV_HIG_RUR,ELC002,1.0,2044,1.428571428571429
RE1,DEMRESELCTV_HIG_RUR,ELC002,1.0,2045,1.428571428571429
RE1,DEMRESELCTV_HIG_RUR,ELC002,1.0,2046,1.428571428571429
RE1,DEMRESELCTV_HIG_RUR,ELC002,1.0,2047,1.428571428571429
RE1,DEMRESELCTV_HIG_RUR,ELC002,1.0,2048,1.428571428571429
RE1,DEMRESELCTV_HIG_RUR,ELC002,1.0,2049,1.428571428571429
RE1,DEMRESELCTV_HIG_RUR,ELC002,1.0,2050,1.428571428571429
RE1,DEMRESELCTV_HIG_RUR,ELC002,1.0,2051,1.428571428571429
RE1,DEMRESELCTV_HIG_RUR,ELC002,1.0,2052,1.428571428571429
RE1,DEMRESELCTV_HIG_RUR,ELC002,1.0,2053,1.428571428571429
RE1,DEMRESELCTV_HIG_RUR,ELC002,1.0,2054,1.428571428571429
RE1,DEMRESELCTV_HIG_RUR,ELC002,1.0,2055,1.428571428571429
RE1,DEMRESELCTV_HIG_URB,ELC002,1.0,2022,1.428571428571429
RE1,DEMRESELCTV_HIG_URB,ELC002,1.0,2023,1.428571428571429
RE1,DEMRESELCTV_HIG_URB,ELC002,1.0,2024,1.428571428571429
RE1,DEMRESELCTV_HIG_URB,ELC002,1.0,2025,1.428571428571429
RE1,DEMRESELCTV_HIG_URB,ELC002,1.0,2026,1.428571428571429
RE1,DEMRESELCTV_HIG_URB,ELC002,1.0,2027,1.428571428571429
RE1,DEMRESELCTV_HIG_URB,ELC002,1.0,2028,1.428571428571429
RE1,DEMRESELCTV_HIG_URB,ELC002,1.0,2029,1.428571428571429
RE1,DEMRESELCTV_HIG_URB,ELC002,1.0,2030,1.428571428571429
RE1,DEMRESELCTV_HIG_URB,ELC002,1.0,2031,1.428571428571429
RE1,DEMRESELCTV_HIG_URB,ELC002,1.0,2032,1.428571428571429
RE1,DEMRESELCTV_HIG_URB,ELC002,1.0,2033,1.428571428571429
RE1,DEMRESELCTV_HIG_URB,ELC002,1.0,2034,1.428571428571429
RE1,DEMRESELCTV_HIG_URB,ELC002,1.0,2035,1.428571428571429
RE1,DEMRESELCTV_HIG_URB,ELC002,1.0,2036,1.428571428571429
RE1,DEMRESELCTV_HIG_URB,ELC002,1.0,2037,1.428571428571429
RE1,DEMRESELCTV_HIG_URB,ELC002,1.0,2038,1.428571428571429
RE1,DEMRESELCTV_HIG_URB,ELC002,1.0,2039,1.428571428571429
RE1,DEMRESELCTV_HIG_URB,ELC002,1.0,2040,1.428571428571429
RE1,DEMRESELCTV_HIG_URB,ELC002,1.0,2041,1.428571428571429
RE1,DEMRESELCTV_HIG_URB,ELC002,1.0,2042,1.428571428571429
RE1,DEMRESELCTV_HIG_URB,ELC002,1.0,2043,1.428571428571429
RE1,DEMRESELCTV_HIG_URB,ELC002,1.0,2044,1.428571428571429
RE1,DEMRESELCTV_HIG_URB,ELC002,1.0,2045,1.428571428571429
RE1,DEMRESELCTV_HIG_URB,ELC002,1.0,2046,1.428571428571429
RE1,DEMRESELCTV_HIG_URB,ELC002,1.0,2047,1.428571428571429
RE1,DEMRESELCTV_HIG_URB,ELC002,1.0,2048,1.428571428571429
RE1,DEMRESELCTV_HIG_URB,ELC002,1.0,2049,1.428571428571429
RE1,DEMRESELCTV_HIG_URB,ELC002,1.0,2050,1.428571428571429
RE1,DEMRESELCTV_HIG_URB,ELC002,1.0,2051,1.428571428571429
RE1,DEMRESELCTV_HIG_URB,ELC002,1.0,2052,1.428571428571429
RE1,DEMRESELCTV_HIG_URB,ELC002,1.0,2053,1.428571428571429
RE1,DEMRESELCTV_HIG_URB,ELC002,1.0,2054,1.428571428571429
RE1,DEMRESELCTV_HIG_URB,ELC002,1.0,2055,1.428571428571429
RE1,DEMRESELCTV_LOW_RUR,ELC002,1.0,2022,5.0
RE1,DEMRESELCTV_LOW_RUR,ELC002,1.0,2023,5.0
RE1,DEMRESELCTV_LOW_RUR,ELC002,1.0,2024,5.0
RE1,DEMRESELCTV_LOW_RUR,ELC002,1.0,2025,5.0
RE1,DEMRESELCTV_LOW_RUR,ELC002,1.0,2026,5.0
RE1,DEMRESELCTV_LOW_RUR,ELC002,1.0,2027,5.0
RE1,DEMRESELCTV_LOW_RUR,ELC002,1.0,2028,5.0
RE1,DEMRESELCTV_LOW_RUR,ELC002,1.0,2029,5.0
RE1,DEMRESELCTV_LOW_RUR,ELC002,1.0,2030,5.0
RE1,DEMRESELCTV_LOW_RUR,ELC002,1.0,2031,5.0
RE1,DEMRESELCTV_LOW_RUR,ELC002,1.0,2032,5.0
RE1,DEMRESELCTV_LOW_RUR,ELC002,1.0,2033,5.0
RE1,DEMRESELCTV_LOW_RUR,ELC002,1.0,2034,5.0
RE1,DEMRESELCTV_LOW_RUR,ELC002,1.0,2035,5.0
RE1,DEMRESELCTV_LOW_RUR,ELC002,1.0,2036,5.0
RE1,DEMRESELCTV_LOW_RUR,ELC002,1.0,2037,5.0
RE1,DEMRESELCTV_LOW_RUR,ELC002,1.0,2038,5.0
RE1,DEMRESELCTV_LOW_RUR,ELC002,1.0,2039,5.0
RE1,DEMRESELCTV_LOW_RUR,ELC002,1.0,2040,5.0
RE1,DEMRESELCTV_LOW_RUR,ELC002,1.0,2041,5.0
RE1,DEMRESELCTV_LOW_RUR,ELC002,1.0,2042,5.0
RE1,DEMRESELCTV_LOW_RUR,ELC002,1.0,2043,5.0
RE1,DEMRESELCTV_LOW_RUR,ELC002,1.0,2044,5.0
RE1,DEMRESELCTV_LOW_RUR,ELC002,1.0,2045,5.0
RE1,DEMRESELCTV_LOW_RUR,ELC002,1.0,2046,5.0
RE1,DEMRESELCTV_LOW_RUR,ELC002,1.0,2047,5.0
RE1,DEMRESELCTV_LOW_RUR,ELC002,1.0,2048,5.0
RE1,DEMRESELCTV_LOW_RUR,ELC002,1.0,2049,5.0
RE1,DEMRESELCTV_LOW_RUR,ELC002,1.0,2050,5.0
RE1,DEMRESELCTV_LOW_RUR,ELC002,1.0,2051,5.0
RE1,DEMRESELCTV_LOW_RUR,ELC002,1.0,2052,5.0
RE1,DEMRESELCTV_LOW_RUR,ELC002,1.0,2053,5.0
RE1,DEMRESELCTV_LOW_RUR,ELC002,1.0,2054,5.0
RE1,DEMRESELCTV_LOW_RUR,ELC002,1.0,2055,5.0
RE1,DEMRESELCTV_LOW_URB,ELC002,1.0,2022,5.0
RE1,DEMRESELCTV_LOW_URB,ELC002,1.0,2023,5.0
RE1,DEMRESELCTV_LOW_URB,ELC002,1.0,2024,5.0
RE1,DEMRESELCTV_LOW_URB,ELC002,1.0,2025,5.0
RE1,DEMRESELCTV_LOW_URB,ELC002,1.0,2026,5.0
RE1,DEMRESELCTV_LOW_URB,ELC002,1.0,2027,5.0
RE1,DEMRESELCTV_LOW_URB,ELC002,1.0,2028,5.0
RE1,DEMRESELCTV_LOW_URB,ELC002,1.0,2029,5.0
RE1,DEMRESELCTV_LOW_URB,ELC002,1.0,2030,5.0
RE1,DEMRESELCTV_LOW_URB,ELC002,1.0,2031,5.0
RE1,DEMRESELCTV_LOW_URB,ELC002,1.0,2032,5.0
RE1,DEMRESELCTV_LOW_URB,ELC002,1.0,2033,5.0
RE1,DEMRESELCTV_LOW_URB,ELC002,1.0,2034,5.0
RE1,DEMRESELCTV_LOW_URB,ELC002,1.0,2035,5.0
RE1,DEMRESELCTV_LOW_URB,ELC002,1.0,2036,5.0
RE1,DEMRESELCTV_LOW_URB,ELC002,1.0,2037,5.0
RE1,DEMRESELCTV_LOW_URB,ELC002,1.0,2038,5.0
RE1,DEMRESELCTV_LOW_URB,ELC002,1.0,2039,5.0
RE1,DEMRESELCTV_LOW_URB,ELC002,1.0,2040,5.0
RE1,DEMRESELCTV_LOW_URB,ELC002,1.0,2041,5.0
RE1,DEMRESELCTV_LOW_URB,ELC002,1.0,2042,5.0
RE1,DEMRESELCTV_LOW_URB,ELC002,1.0,2043,5.0
RE1,DEMRESELCTV_LOW_URB,ELC002,1.0,2044,5.0
RE1,DEMRESELCTV_LOW_URB,ELC002,1.0,2045,5.0
RE1,DEMRESELCTV_LOW_URB,ELC002,1.0,2046,5.0
RE1,DEMRESELCTV_LOW_URB,ELC002,1.0,2047,5.0
RE1,DEMRESELCTV_LOW_URB,ELC002,1.0,2048,5.0
RE1,DEMRESELCTV_LOW_URB,ELC002,1.0,2049,5.0
RE1,DEMRESELCTV_LOW_URB,ELC002,1.0,2050,5.0
RE1,DEMRESELCTV_LOW_URB,ELC002,1.0,2051,5.0
RE1,DEMRESELCTV_LOW_URB,ELC002,1.0,2052,5.0
RE1,DEMRESELCTV_LOW_URB,ELC002,1.0,2053,5.0
RE1,DEMRESELCTV_LOW_URB,ELC002,1.0,2054,5.0
RE1,DEMRESELCTV_LOW_URB,ELC002,1.0,2055,5.0
RE1,DEMRESELCTV_MID_RUR,ELC002,1.0,2022,4.929274676099235
RE1,DEMRESELCTV_MID_RUR,ELC002,1.0,2023,4.867497924702492
RE1,DEMRESELCTV_MID_RUR,ELC002,1.0,2024,4.758025177927961
RE1,DEMRESELCTV_MID_RUR,ELC002,1.0,2025,4.577021542228067
RE1,DEMRESELCTV_MID_RUR,ELC002,1.0,2026,4.309492199563997
RE1,DEMRESELCTV_MID_RUR,ELC002,1.0,2027,3.973075665022217
RE1,DEMRESELCTV_MID_RUR,ELC002,1.0,2028,3.626473254759746
RE1,DEMRESELCTV_MID_RUR,ELC002,1.0,2029,3.335492225862291
RE1,DEMRESELCTV_MID_RUR,ELC002,1.0,2030,3.130340173790876
RE1,DEMRESELCTV_MID_RUR,ELC002,1.0,2031,3.002846950964886
RE1,DEMRESELCTV_MID_RUR,ELC002,1.0,2032,2.929726660682944
RE1,DEMRESELCTV_MID_RUR,ELC002,1.0,2033,2.889708725479031
RE1,DEMRESELCTV_MID_RUR,ELC002,1.0,2034,2.868367218042326
RE1,DEMRESELCTV_MID_RUR,ELC002,1.0,2035,2.857142857142857
RE1,DEMRESELCTV_MID_RUR,ELC002,1.0,2036,2.857142857142857
RE1,DEMRESELCTV_MID_RUR,ELC002,1.0,2037,2.857142857142857
RE1,DEMRESELCTV_MID_RUR,ELC002,1.0,2038,2.857142857142857
RE1,DEMRESELCTV_MID_RUR,ELC002,1.0,2039,2.857142857142857
RE1,DEMRESELCTV_MID_RUR,ELC002,1.0,2040,2.857142857142857
RE1,DEMRESELCTV_MID_RUR,ELC002,1.0,2041,2.857142857142857
RE1,DEMRESELCTV_MID_RUR,ELC002,1.0,2042,2.857142857142857
RE1,DEMRESELCTV_MID_RUR,ELC002,1.0,2043,2.857142857142857
RE1,DEMRESELCTV_MID_RUR,ELC002,1.0,2044,2.857142857142857
RE1,DEMRESELCTV_MID_RUR,ELC002,1.0,2045,2.857142857142857
RE1,DEMRESELCTV_MID_RUR,ELC002,1.0,2046,2.857142857142857
RE1,DEMRESELCTV_MID_RUR,ELC002,1.0,2047,2.857142857142857
RE1,DEMRESELCTV_MID_RUR,ELC002,1.0,2048,2.857142857142857
RE1,DEMRESELCTV_MID_RUR,ELC002,1.0,2049,2.857142857142857
RE1,DEMRESELCTV_MID_RUR,ELC002,1.0,2050,2.857142857142857
RE1,DEMRESELCTV_MID_RUR,ELC002,1.0,2051,2.857142857142857
RE1,DEMRESELCTV_MID_RUR,ELC002,1.0,2052,2.857142857142857
RE1,DEMRESELCTV_MID_RUR,ELC002,1.0,2053,2.857142857142857
RE1,DEMRESELCTV_MID_RUR,ELC002,1.0,2054,2.857142857142857
RE1,DEMRESELCTV_MID_RUR,ELC002,1.0,2055,2.857142857142857
RE1,DEMRESELCTV_MID_URB,ELC002,1.0,2022,4.929274676099235
RE1,DEMRESELCTV_MID_URB,ELC002,1.0,2023,4.867497924702492
RE1,DEMRESELCTV_MID_URB,ELC002,1.0,2024,4.758025177927961
RE1,DEMRESELCTV_MID_URB,ELC002,1.0,2025,4.577021542228067
RE1,DEMRESELCTV_MID_URB,ELC002,1.0,2026,4.309492199563997
RE1,DEMRESELCTV_MID_URB,ELC002,1.0,2027,3.973075665022217
RE1,DEMRESELCTV_MID_URB,ELC002,1.0,2028,3.626473254759746
RE1,DEMRESELCTV_MID_URB,ELC002,1.0,2029,3.335492225862291
RE1,DEMRESELCTV_MID_URB,ELC002,1.0,2030,3.130340173790876
RE1,DEMRESELCTV_MID_URB,ELC002,1.0,2031,3.002846950964886
RE1,DEMRESELCTV_MID_URB,ELC002,1.0,2032,2.929726660682944
RE1,DEMRESELCTV_MID_URB,ELC002,1.0,2033,2.889708725479031
RE1,DEMRESELCTV_MID_URB,ELC002,1.0,2034,2.868367218042326
RE1,DEMRESELCTV_MID_URB,ELC002,1.0,2035,2.857142857142857
RE1,DEMRESELCTV_MID_URB,ELC002,1.0,2036,2.857142857142857
RE1,DEMRESELCTV_MID_URB,ELC002,1.0,2037,2.857142857142857
RE1,DEMRESELCTV_MID_URB,ELC002,1.0,2038,2.857142857142857
RE1,DEMRESELCTV_MID_URB,ELC002,1.0,2039,2.857142857142857
RE1,DEMRESELCTV_MID_URB,ELC002,1.0,2040,2.857142857142857
RE1,DEMRESELCTV_MID_URB,ELC002,1.0,2041,2.857142857142857
RE1,DEMRESELCTV_MID_URB,ELC002,1.0,2042,2.857142857142857
RE1,DEMRESELCTV_MID_URB,ELC002,1.0,2043,2.857142857142857
RE1,DEMRESELCTV_MID_URB,ELC002,1.0,2044,2.857142857142857
RE1,DEMRESELCTV_MID_URB,ELC002,1.0,2045,2.857142857142857
RE1,DEMRESELCTV_MID_URB,ELC002,1.0,2046,2.857142857142857
RE1,DEMRESELCTV_MID_URB,ELC002,1.0,2047,2.857142857142857
RE1,DEMRESELCTV_MID_URB,ELC002,1.0,2048,2.857142857142857
RE1,DEMRESELCTV_MID_URB,ELC002,1.0,2049,2.857142857142857
RE1,DEMRESELCTV_MID_URB,ELC002,1.0,2050,2.857142857142857
RE1,DEMRESELCTV_MID_URB,ELC002,1.0,2051,2.857142857142857
RE1,DEMRESELCTV_MID_URB,ELC002,1.0,2052,2.857142857142857
RE1,DEMRESELCTV_MID_URB,ELC002,1.0,2053,2.857142857142857
RE1,DEMRESELCTV_MID_URB,ELC002,1.0,2054,2.857142857142857
RE1,DEMRESELCTV_MID_URB,ELC002,1.0,2055,2.857142857142857
RE1,DEMRESELCWHT_DUC_HIG_RUR,ELC002,1.0,2022,1.111111111111111
RE1,DEMRESELCWHT_DUC_HIG_RUR,ELC002,1.0,2023,1.111111111111111
RE1,DEMRESELCWHT_DUC_HIG_RUR,ELC002,1.0,2024,1.111111111111111
RE1,DEMRESELCWHT_DUC_HIG_RUR,ELC002,1.0,2025,1.111111111111111
RE1,DEMRESELCWHT_DUC_HIG_RUR,ELC002,1.0,2026,1.111111111111111
RE1,DEMRESELCWHT_DUC_HIG_RUR,ELC002,1.0,2027,1.111111111111111
RE1,DEMRESELCWHT_DUC_HIG_RUR,ELC002,1.0,2028,1.111111111111111
RE1,DEMRESELCWHT_DUC_HIG_RUR,ELC002,1.0,2029,1.111111111111111
RE1,DEMRESELCWHT_DUC_HIG_RUR,ELC002,1.0,2030,1.111111111111111
RE1,DEMRESELCWHT_DUC_HIG_RUR,ELC002,1.0,2031,1.111111111111111
RE1,DEMRESELCWHT_DUC_HIG_RUR,ELC002,1.0,2032,1.111111111111111
RE1,DEMRESELCWHT_DUC_HIG_RUR,ELC002,1.0,2033,1.111111111111111
RE1,DEMRESELCWHT_DUC_HIG_RUR,ELC002,1.0,2034,1.111111111111111
RE1,DEMRESELCWHT_DUC_HIG_RUR,ELC002,1.0,2035,1.111111111111111
RE1,DEMRESELCWHT_DUC_HIG_RUR,ELC002,1.0,2036,1.111111111111111
RE1,DEMRESELCWHT_DUC_HIG_RUR,ELC002,1.0,2037,1.111111111111111
RE1,DEMRESELCWHT_DUC_HIG_RUR,ELC002,1.0,2038,1.111111111111111
RE1,DEMRESELCWHT_DUC_HIG_RUR,ELC002,1.0,2039,1.111111111111111
RE1,DEMRESELCWHT_DUC_HIG_RUR,ELC002,1.0,2040,1.111111111111111
RE1,DEMRESELCWHT_DUC_HIG_RUR,ELC002,1.0,2041,1.111111111111111
RE1,DEMRESELCWHT_DUC_HIG_RUR,ELC002,1.0,2042,1.111111111111111
RE1,DEMRESELCWHT_DUC_HIG_RUR,ELC002,1.0,2043,1.111111111111111
RE1,DEMRESELCWHT_DUC_HIG_RUR,ELC002,1.0,2044,1.111111111111111
RE1,DEMRESELCWHT_DUC_HIG_RUR,ELC002,1.0,2045,1.111111111111111
RE1,DEMRESELCWHT_DUC_HIG_RUR,ELC002,1.0,2046,1.111111111111111
RE1,DEMRESELCWHT_DUC_HIG_RUR,ELC002,1.0,2047,1.111111111111111
RE1,DEMRESELCWHT_DUC_HIG_RUR,ELC002,1.0,2048,1.111111111111111
RE1,DEMRESELCWHT_DUC_HIG_RUR,ELC002,1.0,2049,1.111111111111111
RE1,DEMRESELCWHT_DUC_HIG_RUR,ELC002,1.0,2050,1.111111111111111
RE1,DEMRESELCWHT_DUC_HIG_RUR,ELC002,1.0,2051,1.111111111111111
RE1,DEMRESELCWHT_DUC_HIG_RUR,ELC002,1.0,2052,1.111111111111111
RE1,DEMRESELCWHT_DUC_HIG_RUR,ELC002,1.0,2053,1.111111111111111
RE1,DEMRESELCWHT_DUC_HIG_RUR,ELC002,1.0,2054,1.111111111111111
RE1,DEMRESELCWHT_DUC_HIG_RUR,ELC002,1.0,2055,1.111111111111111
RE1,DEMRESELCWHT_DUC_HIG_URB,ELC002,1.0,2022,1.111111111111111
RE1,DEMRESELCWHT_DUC_HIG_URB,ELC002,1.0,2023,1.111111111111111
RE1,DEMRESELCWHT_DUC_HIG_URB,ELC002,1.0,2024,1.111111111111111
RE1,DEMRESELCWHT_DUC_HIG_URB,ELC002,1.0,2025,1.111111111111111
RE1,DEMRESELCWHT_DUC_HIG_URB,ELC002,1.0,2026,1.111111111111111
RE1,DEMRESELCWHT_DUC_HIG_URB,ELC002,1.0,2027,1.111111111111111
RE1,DEMRESELCWHT_DUC_HIG_URB,ELC002,1.0,2028,1.111111111111111
RE1,DEMRESELCWHT_DUC_HIG_URB,ELC002,1.0,2029,1.111111111111111
RE1,DEMRESELCWHT_DUC_HIG_URB,ELC002,1.0,2030,1.111111111111111
RE1,DEMRESELCWHT_DUC_HIG_URB,ELC002,1.0,2031,1.111111111111111
RE1,DEMRESELCWHT_DUC_HIG_URB,ELC002,1.0,2032,1.111111111111111
RE1,DEMRESELCWHT_DUC_HIG_URB,ELC002,1.0,2033,1.111111111111111
RE1,DEMRESELCWHT_DUC_HIG_URB,ELC002,1.0,2034,1.111111111111111
RE1,DEMRESELCWHT_DUC_HIG_URB,ELC002,1.0,2035,1.111111111111111
RE1,DEMRESELCWHT_DUC_HIG_URB,ELC002,1.0,2036,1.111111111111111
RE1,DEMRESELCWHT_DUC_HIG_URB,ELC002,1.0,2037,1.111111111111111
RE1,DEMRESELCWHT_DUC_HIG_URB,ELC002,1.0,2038,1.111111111111111
RE1,DEMRESELCWHT_DUC_HIG_URB,ELC002,1.0,2039,1.111111111111111
RE1,DEMRESELCWHT_DUC_HIG_URB,ELC002,1.0,2040,1.111111111111111
RE1,DEMRESELCWHT_DUC_HIG_URB,ELC002,1.0,2041,1.111111111111111
RE1,DEMRESELCWHT_DUC_HIG_URB,ELC002,1.0,2042,1.111111111111111
RE1,DEMRESELCWHT_DUC_HIG_URB,ELC002,1.0,2043,1.111111111111111
RE1,DEMRESELCWHT_DUC_HIG_URB,ELC002,1.0,2044,1.111111111111111
RE1,DEMRESELCWHT_DUC_HIG_URB,ELC002,1.0,2045,1.111111111111111
RE1,DEMRESELCWHT_DUC_HIG_URB,ELC002,1.0,2046,1.111111111111111
RE1,DEMRESELCWHT_DUC_HIG_URB,ELC002,1.0,2047,1.111111111111111
RE1,DEMRESELCWHT_DUC_HIG_URB,ELC002,1.0,2048,1.111111111111111
RE1,DEMRESELCWHT_DUC_HIG_URB,ELC002,1.0,2049,1.111111111111111
RE1,DEMRESELCWHT_DUC_HIG_URB,ELC002,1.0,2050,1.111111111111111
RE1,DEMRESELCWHT_DUC_HIG_URB,ELC002,1.0,2051,1.111111111111111
RE1,DEMRESELCWHT_DUC_HIG_URB,ELC002,1.0,2052,1.111111111111111
RE1,DEMRESELCWHT_DUC_HIG_URB,ELC002,1.0,2053,1.111111111111111
RE1,DEMRESELCWHT_DUC_HIG_URB,ELC002,1.0,2054,1.111111111111111
RE1,DEMRESELCWHT_DUC_HIG_URB,ELC002,1.0,2055,1.111111111111111
RE1,DEMRESELCWHT_DUC_LOW_RUR,ELC002,1.0,2022,1.176470588235294
RE1,DEMRESELCWHT_DUC_LOW_RUR,ELC002,1.0,2023,1.176470588235294
RE1,DEMRESELCWHT_DUC_LOW_RUR,ELC002,1.0,2024,1.176470588235294
RE1,DEMRESELCWHT_DUC_LOW_RUR,ELC002,1.0,2025,1.176470588235294
RE1,DEMRESELCWHT_DUC_LOW_RUR,ELC002,1.0,2026,1.176470588235294
RE1,DEMRESELCWHT_DUC_LOW_RUR,ELC002,1.0,2027,1.176470588235294
RE1,DEMRESELCWHT_DUC_LOW_RUR,ELC002,1.0,2028,1.176470588235294
RE1,DEMRESELCWHT_DUC_LOW_RUR,ELC002,1.0,2029,1.176470588235294
RE1,DEMRESELCWHT_DUC_LOW_RUR,ELC002,1.0,2030,1.176470588235294
RE1,DEMRESELCWHT_DUC_LOW_RUR,ELC002,1.0,2031,1.176470588235294
RE1,DEMRESELCWHT_DUC_LOW_RUR,ELC002,1.0,2032,1.176470588235294
RE1,DEMRESELCWHT_DUC_LOW_RUR,ELC002,1.0,2033,1.176470588235294
RE1,DEMRESELCWHT_DUC_LOW_RUR,ELC002,1.0,2034,1.176470588235294
RE1,DEMRESELCWHT_DUC_LOW_RUR,ELC002,1.0,2035,1.176470588235294
RE1,DEMRESELCWHT_DUC_LOW_RUR,ELC002,1.0,2036,1.176470588235294
RE1,DEMRESELCWHT_DUC_LOW_RUR,ELC002,1.0,2037,1.176470588235294
RE1,DEMRESELCWHT_DUC_LOW_RUR,ELC002,1.0,2038,1.176470588235294
RE1,DEMRESELCWHT_DUC_LOW_RUR,ELC002,1.0,2039,1.176470588235294
RE1,DEMRESELCWHT_DUC_LOW_RUR,ELC002,1.0,2040,1.176470588235294
RE1,DEMRESELCWHT_DUC_LOW_RUR,ELC002,1.0,2041,1.176470588235294
RE1,DEMRESELCWHT_DUC_LOW_RUR,ELC002,1.0,2042,1.176470588235294
RE1,DEMRESELCWHT_DUC_LOW_RUR,ELC002,1.0,2043,1.176470588235294
RE1,DEMRESELCWHT_DUC_LOW_RUR,ELC002,1.0,2044,1.176470588235294
RE1,DEMRESELCWHT_DUC_LOW_RUR,ELC002,1.0,2045,1.176470588235294
RE1,DEMRESELCWHT_DUC_LOW_RUR,ELC002,1.0,2046,1.176470588235294
RE1,DEMRESELCWHT_DUC_LOW_RUR,ELC002,1.0,2047,1.176470588235294
RE1,DEMRESELCWHT_DUC_LOW_RUR,ELC002,1.0,2048,1.176470588235294
RE1,DEMRESELCWHT_DUC_LOW_RUR,ELC002,1.0,2049,1.176470588235294
RE1,DEMRESELCWHT_DUC_LOW_RUR,ELC002,1.0,2050,1.176470588235294
RE1,DEMRESELCWHT_DUC_LOW_RUR,ELC002,1.0,2051,1.176470588235294
RE1,DEMRESELCWHT_DUC_LOW_RUR,ELC002,1.0,2052,1.176470588235294
RE1,DEMRESELCWHT_DUC_LOW_RUR,ELC002,1.0,2053,1.176470588235294
RE1,DEMRESELCWHT_DUC_LOW_RUR,ELC002,1.0,2054,1.176470588235294
RE1,DEMRESELCWHT_DUC_LOW_RUR,ELC002,1.0,2055,1.176470588235294
RE1,DEMRESELCWHT_DUC_LOW_URB,ELC002,1.0,2022,1.176470588235294
RE1,DEMRESELCWHT_DUC_LOW_URB,ELC002,1.0,2023,1.176470588235294
RE1,DEMRESELCWHT_DUC_LOW_URB,ELC002,1.0,2024,1.176470588235294
RE1,DEMRESELCWHT_DUC_LOW_URB,ELC002,1.0,2025,1.176470588235294
RE1,DEMRESELCWHT_DUC_LOW_URB,ELC002,1.0,2026,1.176470588235294
RE1,DEMRESELCWHT_DUC_LOW_URB,ELC002,1.0,2027,1.176470588235294
RE1,DEMRESELCWHT_DUC_LOW_URB,ELC002,1.0,2028,1.176470588235294
RE1,DEMRESELCWHT_DUC_LOW_URB,ELC002,1.0,2029,1.176470588235294
RE1,DEMRESELCWHT_DUC_LOW_URB,ELC002,1.0,2030,1.176470588235294
RE1,DEMRESELCWHT_DUC_LOW_URB,ELC002,1.0,2031,1.176470588235294
RE1,DEMRESELCWHT_DUC_LOW_URB,ELC002,1.0,2032,1.176470588235294
RE1,DEMRESELCWHT_DUC_LOW_URB,ELC002,1.0,2033,1.176470588235294
RE1,DEMRESELCWHT_DUC_LOW_URB,ELC002,1.0,2034,1.176470588235294
RE1,DEMRESELCWHT_DUC_LOW_URB,ELC002,1.0,2035,1.176470588235294
RE1,DEMRESELCWHT_DUC_LOW_URB,ELC002,1.0,2036,1.176470588235294
RE1,DEMRESELCWHT_DUC_LOW_URB,ELC002,1.0,2037,1.176470588235294
RE1,DEMRESELCWHT_DUC_LOW_URB,ELC002,1.0,2038,1.176470588235294
RE1,DEMRESELCWHT_DUC_LOW_URB,ELC002,1.0,2039,1.176470588235294
RE1,DEMRESELCWHT_DUC_LOW_URB,ELC002,1.0,2040,1.176470588235294
RE1,DEMRESELCWHT_DUC_LOW_URB,ELC002,1.0,2041,1.176470588235294
RE1,DEMRESELCWHT_DUC_LOW_URB,ELC002,1.0,2042,1.176470588235294
RE1,DEMRESELCWHT_DUC_LOW_URB,ELC002,1.0,2043,1.176470588235294
RE1,DEMRESELCWHT_DUC_LOW_URB,ELC002,1.0,2044,1.176470588235294
RE1,DEMRESELCWHT_DUC_LOW_URB,ELC002,1.0,2045,1.176470588235294
RE1,DEMRESELCWHT_DUC_LOW_URB,ELC002,1.0,2046,1.176470588235294
RE1,DEMRESELCWHT_DUC_LOW_URB,ELC002,1.0,2047,1.176470588235294
RE1,DEMRESELCWHT_DUC_LOW_URB,ELC002,1.0,2048,1.176470588235294
RE1,DEMRESELCWHT_DUC_LOW_URB,ELC002,1.0,2049,1.176470588235294
RE1,DEMRESELCWHT_DUC_LOW_URB,ELC002,1.0,2050,1.176470588235294
RE1,DEMRESELCWHT_DUC_LOW_URB,ELC002,1.0,2051,1.176470588235294
RE1,DEMRESELCWHT_DUC_LOW_URB,ELC002,1.0,2052,1.176470588235294
RE1,DEMRESELCWHT_DUC_LOW_URB,ELC002,1.0,2053,1.176470588235294
RE1,DEMRESELCWHT_DUC_LOW_URB,ELC002,1.0,2054,1.176470588235294
RE1,DEMRESELCWHT_DUC_LOW_URB,ELC002,1.0,2055,1.176470588235294
RE1,DEMRESELCWHT_DUC_MID_RUR,ELC002,1.0,2022,1.175941257197451
RE1,DEMRESELCWHT_DUC_MID_RUR,ELC002,1.0,2023,1.175466719220788
RE1,DEMRESELCWHT_DUC_MID_RUR,ELC002,1.0,2024,1.174596534820169
RE1,DEMRESELCWHT_DUC_MID_RUR,ELC002,1.0,2025,1.173069570717741
RE1,DEMRESELCWHT_DUC_MID_RUR,ELC002,1.0,2026,1.170586275792247
RE1,DEMRESELCWHT_DUC_MID_RUR,ELC002,1.0,2027,1.167007453020015
RE1,DEMRESELCWHT_DUC_MID_RUR,ELC002,1.0,2028,1.162655505173817
RE1,DEMRESELCWHT_DUC_MID_RUR,ELC002,1.0,2029,1.158335894883526
RE1,DEMRESELCWHT_DUC_MID_RUR,ELC002,1.0,2030,1.154831473991688
RE1,DEMRESELCWHT_DUC_MID_RUR,ELC002,1.0,2031,1.152424716792044
RE1,DEMRESELCWHT_DUC_MID_RUR,ELC002,1.0,2032,1.150954818847871
RE1,DEMRESELCWHT_DUC_MID_RUR,ELC002,1.0,2033,1.150120534925981
RE1,DEMRESELCWHT_DUC_MID_RUR,ELC002,1.0,2034,1.149666603466337
RE1,DEMRESELCWHT_DUC_MID_RUR,ELC002,1.0,2035,1.149425287356322
RE1,DEMRESELCWHT_DUC_MID_RUR,ELC002,1.0,2036,1.149425287356322
RE1,DEMRESELCWHT_DUC_MID_RUR,ELC002,1.0,2037,1.149425287356322
RE1,DEMRESELCWHT_DUC_MID_RUR,ELC002,1.0,2038,1.149425287356322
RE1,DEMRESELCWHT_DUC_MID_RUR,ELC002,1.0,2039,1.149425287356322
RE1,DEMRESELCWHT_DUC_MID_RUR,ELC002,1.0,2040,1.149425287356322
RE1,DEMRESELCWHT_DUC_MID_RUR,ELC002,1.0,2041,1.149425287356322
RE1,DEMRESELCWHT_DUC_MID_RUR,ELC002,1.0,2042,1.149425287356322
RE1,DEMRESELCWHT_DUC_MID_RUR,ELC002,1.0,2043,1.149425287356322
RE1,DEMRESELCWHT_DUC_MID_RUR,ELC002,1.0,2044,1.149425287356322
RE1,DEMRESELCWHT_DUC_MID_RUR,ELC002,1.0,2045,1.149425287356322
RE1,DEMRESELCWHT_DUC_MID_RUR,ELC002,1.0,2046,1.149425287356322
RE1,DEMRESELCWHT_DUC_MID_RUR,ELC002,1.0,2047,1.149425287356322
RE1,DEMRESELCWHT_DUC_MID_RUR,ELC002,1.0,2048,1.149425287356322
RE1,DEMRESELCWHT_DUC_MID_RUR,ELC002,1.0,2049,1.149425287356322
RE1,DEMRESELCWHT_DUC_MID_RUR,ELC002,1.0,2050,1.149425287356322
RE1,DEMRESELCWHT_DUC_MID_RUR,ELC002,1.0,2051,1.149425287356322
RE1,DEMRESELCWHT_DUC_MID_RUR,ELC002,1.0,2052,1.149425287356322
RE1,DEMRESELCWHT_DUC_MID_RUR,ELC002,1.0,2053,1.149425287356322
RE1,DEMRESELCWHT_DUC_MID_RUR,ELC002,1.0,2054,1.149425287356322
RE1,DEMRESELCWHT_DUC_MID_RUR,ELC002,1.0,2055,1.149425287356322
RE1,DEMRESELCWHT_DUC_MID_URB,ELC002,1.0,2022,1.175941257197451
RE1,DEMRESELCWHT_DUC_MID_URB,ELC002,1.0,2023,1.175466719220788
RE1,DEMRESELCWHT_DUC_MID_URB,ELC002,1.0,2024,1.174596534820169
RE1,DEMRESELCWHT_DUC_MID_URB,ELC002,1.0,2025,1.173069570717741
RE1,DEMRESELCWHT_DUC_MID_URB,ELC002,1.0,2026,1.170586275792247
RE1,DEMRESELCWHT_DUC_MID_URB,ELC002,1.0,2027,1.167007453020015
RE1,DEMRESELCWHT_DUC_MID_URB,ELC002,1.0,2028,1.162655505173817
RE1,DEMRESELCWHT_DUC_MID_URB,ELC002,1.0,2029,1.158335894883526
RE1,DEMRESELCWHT_DUC_MID_URB,ELC002,1.0,2030,1.154831473991688
RE1,DEMRESELCWHT_DUC_MID_URB,ELC002,1.0,2031,1.152424716792044
RE1,DEMRESELCWHT_DUC_MID_URB,ELC002,1.0,2032,1.150954818847871
RE1,DEMRESELCWHT_DUC_MID_URB,ELC002,1.0,2033,1.150120534925981
RE1,DEMRESELCWHT_DUC_MID_URB,ELC002,1.0,2034,1.149666603466337
RE1,DEMRESELCWHT_DUC_MID_URB,ELC002,1.0,2035,1.149425287356322
RE1,DEMRESELCWHT_DUC_MID_URB,ELC002,1.0,2036,1.149425287356322
RE1,DEMRESELCWHT_DUC_MID_URB,ELC002,1.0,2037,1.149425287356322
RE1,DEMRESELCWHT_DUC_MID_URB,ELC002,1.0,2038,1.149425287356322
RE1,DEMRESELCWHT_DUC_MID_URB,ELC002,1.0,2039,1.149425287356322
RE1,DEMRESELCWHT_DUC_MID_URB,ELC002,1.0,2040,1.149425287356322
RE1,DEMRESELCWHT_DUC_MID_URB,ELC002,1.0,2041,1.149425287356322
RE1,DEMRESELCWHT_DUC_MID_URB,ELC002,1.0,2042,1.149425287356322
RE1,DEMRESELCWHT_DUC_MID_URB,ELC002,1.0,2043,1.149425287356322
RE1,DEMRESELCWHT_DUC_MID_URB,ELC002,1.0,2044,1.149425287356322
RE1,DEMRESELCWHT_DUC_MID_URB,ELC002,1.0,2045,1.149425287356322
RE1,DEMRESELCWHT_DUC_MID_URB,ELC002,1.0,2046,1.149425287356322
RE1,DEMRESELCWHT_DUC_MID_URB,ELC002,1.0,2047,1.149425287356322
RE1,DEMRESELCWHT_DUC_MID_URB,ELC002,1.0,2048,1.149425287356322
RE1,DEMRESELCWHT_DUC_MID_URB,ELC002,1.0,2049,1.149425287356322
RE1,DEMRESELCWHT_DUC_MID_URB,ELC002,1.0,2050,1.149425287356322
RE1,DEMRESELCWHT_DUC_MID_URB,ELC002,1.0,2051,1.149425287356322
RE1,DEMRESELCWHT_DUC_MID_URB,ELC002,1.0,2052,1.149425287356322
RE1,DEMRESELCWHT_DUC_MID_URB,ELC002,1.0,2053,1.149425287356322
RE1,DEMRESELCWHT_DUC_MID_URB,ELC002,1.0,2054,1.149425287356322
RE1,DEMRESELCWHT_DUC_MID_URB,ELC002,1.0,2055,1.149425287356322
RE1,DEMRESELCWHT_PAS_HIG_RUR,ELC002,1.0,2022,1.052631578947368
RE1,DEMRESELCWHT_PAS_HIG_RUR,ELC002,1.0,2023,1.052631578947368
RE1,DEMRESELCWHT_PAS_HIG_RUR,ELC002,1.0,2024,1.052631578947368
RE1,DEMRESELCWHT_PAS_HIG_RUR,ELC002,1.0,2025,1.052631578947368
RE1,DEMRESELCWHT_PAS_HIG_RUR,ELC002,1.0,2026,1.052631578947368
RE1,DEMRESELCWHT_PAS_HIG_RUR,ELC002,1.0,2027,1.052631578947368
RE1,DEMRESELCWHT_PAS_HIG_RUR,ELC002,1.0,2028,1.052631578947368
RE1,DEMRESELCWHT_PAS_HIG_RUR,ELC002,1.0,2029,1.052631578947368
RE1,DEMRESELCWHT_PAS_HIG_RUR,ELC002,1.0,2030,1.052631578947368
RE1,DEMRESELCWHT_PAS_HIG_RUR,ELC002,1.0,2031,1.052631578947368
RE1,DEMRESELCWHT_PAS_HIG_RUR,ELC002,1.0,2032,1.052631578947368
RE1,DEMRESELCWHT_PAS_HIG_RUR,ELC002,1.0,2033,1.052631578947368
RE1,DEMRESELCWHT_PAS_HIG_RUR,ELC002,1.0,2034,1.052631578947368
RE1,DEMRESELCWHT_PAS_HIG_RUR,ELC002,1.0,2035,1.052631578947368
RE1,DEMRESELCWHT_PAS_HIG_RUR,ELC002,1.0,2036,1.052631578947368
RE1,DEMRESELCWHT_PAS_HIG_RUR,ELC002,1.0,2037,1.052631578947368
RE1,DEMRESELCWHT_PAS_HIG_RUR,ELC002,1.0,2038,1.052631578947368
RE1,DEMRESELCWHT_PAS_HIG_RUR,ELC002,1.0,2039,1.052631578947368
RE1,DEMRESELCWHT_PAS_HIG_RUR,ELC002,1.0,2040,1.052631578947368
RE1,DEMRESELCWHT_PAS_HIG_RUR,ELC002,1.0,2041,1.052631578947368
RE1,DEMRESELCWHT_PAS_HIG_RUR,ELC002,1.0,2042,1.052631578947368
RE1,DEMRESELCWHT_PAS_HIG_RUR,ELC002,1.0,2043,1.052631578947368
RE1,DEMRESELCWHT_PAS_HIG_RUR,ELC002,1.0,2044,1.052631578947368
RE1,DEMRESELCWHT_PAS_HIG_RUR,ELC002,1.0,2045,1.052631578947368
RE1,DEMRESELCWHT_PAS_HIG_RUR,ELC002,1.0,2046,1.052631578947368
RE1,DEMRESELCWHT_PAS_HIG_RUR,ELC002,1.0,2047,1.052631578947368
RE1,DEMRESELCWHT_PAS_HIG_RUR,ELC002,1.0,2048,1.052631578947368
RE1,DEMRESELCWHT_PAS_HIG_RUR,ELC002,1.0,2049,1.052631578947368
RE1,DEMRESELCWHT_PAS_HIG_RUR,ELC002,1.0,2050,1.052631578947368
RE1,DEMRESELCWHT_PAS_HIG_RUR,ELC002,1.0,2051,1.052631578947368
RE1,DEMRESELCWHT_PAS_HIG_RUR,ELC002,1.0,2052,1.052631578947368
RE1,DEMRESELCWHT_PAS_HIG_RUR,ELC002,1.0,2053,1.052631578947368
RE1,DEMRESELCWHT_PAS_HIG_RUR,ELC002,1.0,2054,1.052631578947368
RE1,DEMRESELCWHT_PAS_HIG_RUR,ELC002,1.0,2055,1.052631578947368
RE1,DEMRESELCWHT_PAS_HIG_URB,ELC002,1.0,2022,1.052631578947368
RE1,DEMRESELCWHT_PAS_HIG_URB,ELC002,1.0,2023,1.052631578947368
RE1,DEMRESELCWHT_PAS_HIG_URB,ELC002,1.0,2024,1.052631578947368
RE1,DEMRESELCWHT_PAS_HIG_URB,ELC002,1.0,2025,1.052631578947368
RE1,DEMRESELCWHT_PAS_HIG_URB,ELC002,1.0,2026,1.052631578947368
RE1,DEMRESELCWHT_PAS_HIG_URB,ELC002,1.0,2027,1.052631578947368
RE1,DEMRESELCWHT_PAS_HIG_URB,ELC002,1.0,2028,1.052631578947368
RE1,DEMRESELCWHT_PAS_HIG_URB,ELC002,1.0,2029,1.052631578947368
RE1,DEMRESELCWHT_PAS_HIG_URB,ELC002,1.0,2030,1.052631578947368
RE1,DEMRESELCWHT_PAS_HIG_URB,ELC002,1.0,2031,1.052631578947368
RE1,DEMRESELCWHT_PAS_HIG_URB,ELC002,1.0,2032,1.052631578947368
RE1,DEMRESELCWHT_PAS_HIG_URB,ELC002,1.0,2033,1.052631578947368
RE1,DEMRESELCWHT_PAS_HIG_URB,ELC002,1.0,2034,1.052631578947368
RE1,DEMRESELCWHT_PAS_HIG_URB,ELC002,1.0,2035,1.052631578947368
RE1,DEMRESELCWHT_PAS_HIG_URB,ELC002,1.0,2036,1.052631578947368
RE1,DEMRESELCWHT_PAS_HIG_URB,ELC002,1.0,2037,1.052631578947368
RE1,DEMRESELCWHT_PAS_HIG_URB,ELC002,1.0,2038,1.052631578947368
RE1,DEMRESELCWHT_PAS_HIG_URB,ELC002,1.0,2039,1.052631578947368
RE1,DEMRESELCWHT_PAS_HIG_URB,ELC002,1.0,2040,1.052631578947368
RE1,DEMRESELCWHT_PAS_HIG_URB,ELC002,1.0,2041,1.052631578947368
RE1,DEMRESELCWHT_PAS_HIG_URB,ELC002,1.0,2042,1.052631578947368
RE1,DEMRESELCWHT_PAS_HIG_URB,ELC002,1.0,2043,1.052631578947368
RE1,DEMRESELCWHT_PAS_HIG_URB,ELC002,1.0,2044,1.052631578947368
RE1,DEMRESELCWHT_PAS_HIG_URB,ELC002,1.0,2045,1.052631578947368
RE1,DEMRESELCWHT_PAS_HIG_URB,ELC002,1.0,2046,1.052631578947368
RE1,DEMRESELCWHT_PAS_HIG_URB,ELC002,1.0,2047,1.052631578947368
RE1,DEMRESELCWHT_PAS_HIG_URB,ELC002,1.0,2048,1.052631578947368
RE1,DEMRESELCWHT_PAS_HIG_URB,ELC002,1.0,2049,1.052631578947368
RE1,DEMRESELCWHT_PAS_HIG_URB,ELC002,1.0,2050,1.052631578947368
RE1,DEMRESELCWHT_PAS_HIG_URB,ELC002,1.0,2051,1.052631578947368
RE1,DEMRESELCWHT_PAS_HIG_URB,ELC002,1.0,2052,1.052631578947368
RE1,DEMRESELCWHT_PAS_HIG_URB,ELC002,1.0,2053,1.052631578947368
RE1,DEMRESELCWHT_PAS_HIG_URB,ELC002,1.0,2054,1.052631578947368
RE1,DEMRESELCWHT_PAS_HIG_URB,ELC002,1.0,2055,1.052631578947368
RE1,DEMRESELCWHT_PAS_LOW_RUR,ELC002,1.0,2022,1.25
RE1,DEMRESELCWHT_PAS_LOW_RUR,ELC002,1.0,2023,1.25
RE1,DEMRESELCWHT_PAS_LOW_RUR,ELC002,1.0,2024,1.25
RE1,DEMRESELCWHT_PAS_LOW_RUR,ELC002,1.0,2025,1.25
RE1,DEMRESELCWHT_PAS_LOW_RUR,ELC002,1.0,2026,1.25
RE1,DEMRESELCWHT_PAS_LOW_RUR,ELC002,1.0,2027,1.25
RE1,DEMRESELCWHT_PAS_LOW_RUR,ELC002,1.0,2028,1.25
RE1,DEMRESELCWHT_PAS_LOW_RUR,ELC002,1.0,2029,1.25
RE1,DEMRESELCWHT_PAS_LOW_RUR,ELC002,1.0,2030,1.25
RE1,DEMRESELCWHT_PAS_LOW_RUR,ELC002,1.0,2031,1.25
RE1,DEMRESELCWHT_PAS_LOW_RUR,ELC002,1.0,2032,1.25
RE1,DEMRESELCWHT_PAS_LOW_RUR,ELC002,1.0,2033,1.25
RE1,DEMRESELCWHT_PAS_LOW_RUR,ELC002,1.0,2034,1.25
RE1,DEMRESELCWHT_PAS_LOW_RUR,ELC002,1.0,2035,1.25
RE1,DEMRESELCWHT_PAS_LOW_RUR,ELC002,1.0,2036,1.25
RE1,DEMRESELCWHT_PAS_LOW_RUR,ELC002,1.0,2037,1.25
RE1,DEMRESELCWHT_PAS_LOW_RUR,ELC002,1.0,2038,1.25
RE1,DEMRESELCWHT_PAS_LOW_RUR,ELC002,1.0,2039,1.25
RE1,DEMRESELCWHT_PAS_LOW_RUR,ELC002,1.0,2040,1.25
RE1,DEMRESELCWHT_PAS_LOW_RUR,ELC002,1.0,2041,1.25
RE1,DEMRESELCWHT_PAS_LOW_RUR,ELC002,1.0,2042,1.25
RE1,DEMRESELCWHT_PAS_LOW_RUR,ELC002,1.0,2043,1.25
RE1,DEMRESELCWHT_PAS_LOW_RUR,ELC002,1.0,2044,1.25
RE1,DEMRESELCWHT_PAS_LOW_RUR,ELC002,1.0,2045,1.25
RE1,DEMRESELCWHT_PAS_LOW_RUR,ELC002,1.0,2046,1.25
RE1,DEMRESELCWHT_PAS_LOW_RUR,ELC002,1.0,2047,1.25
RE1,DEMRESELCWHT_PAS_LOW_RUR,ELC002,1.0,2048,1.25
RE1,DEMRESELCWHT_PAS_LOW_RUR,ELC002,1.0,2049,1.25
RE1,DEMRESELCWHT_PAS_LOW_RUR,ELC002,1.0,2050,1.25
RE1,DEMRESELCWHT_PAS_LOW_RUR,ELC002,1.0,2051,1.25
RE1,DEMRESELCWHT_PAS_LOW_RUR,ELC002,1.0,2052,1.25
RE1,DEMRESELCWHT_PAS_LOW_RUR,ELC002,1.0,2053,1.25
RE1,DEMRESELCWHT_PAS_LOW_RUR,ELC002,1.0,2054,1.25
RE1,DEMRESELCWHT_PAS_LOW_RUR,ELC002,1.0,2055,1.25
RE1,DEMRESELCWHT_PAS_LOW_URB,ELC002,1.0,2022,1.25
RE1,DEMRESELCWHT_PAS_LOW_URB,ELC002,1.0,2023,1.25
RE1,DEMRESELCWHT_PAS_LOW_URB,ELC002,1.0,2024,1.25
RE1,DEMRESELCWHT_PAS_LOW_URB,ELC002,1.0,2025,1.25
RE1,DEMRESELCWHT_PAS_LOW_URB,ELC002,1.0,2026,1.25
RE1,DEMRESELCWHT_PAS_LOW_URB,ELC002,1.0,2027,1.25
RE1,DEMRESELCWHT_PAS_LOW_URB,ELC002,1.0,2028,1.25
RE1,DEMRESELCWHT_PAS_LOW_URB,ELC002,1.0,2029,1.25
RE1,DEMRESELCWHT_PAS_LOW_URB,ELC002,1.0,2030,1.25
RE1,DEMRESELCWHT_PAS_LOW_URB,ELC002,1.0,2031,1.25
RE1,DEMRESELCWHT_PAS_LOW_URB,ELC002,1.0,2032,1.25
RE1,DEMRESELCWHT_PAS_LOW_URB,ELC002,1.0,2033,1.25
RE1,DEMRESELCWHT_PAS_LOW_URB,ELC002,1.0,2034,1.25
RE1,DEMRESELCWHT_PAS_LOW_URB,ELC002,1.0,2035,1.25
RE1,DEMRESELCWHT_PAS_LOW_URB,ELC002,1.0,2036,1.25
RE1,DEMRESELCWHT_PAS_LOW_URB,ELC002,1.0,2037,1.25
RE1,DEMRESELCWHT_PAS_LOW_URB,ELC002,1.0,2038,1.25
RE1,DEMRESELCWHT_PAS_LOW_URB,ELC002,1.0,2039,1.25
RE1,DEMRESELCWHT_PAS_LOW_URB,ELC002,1.0,2040,1.25
RE1,DEMRESELCWHT_PAS_LOW_URB,ELC002,1.0,2041,1.25
RE1,DEMRESELCWHT_PAS_LOW_URB,ELC002,1.0,2042,1.25
RE1,DEMRESELCWHT_PAS_LOW_URB,ELC002,1.0,2043,1.25
RE1,DEMRESELCWHT_PAS_LOW_URB,ELC002,1.0,2044,1.25
RE1,DEMRESELCWHT_PAS_LOW_URB,ELC002,1.0,2045,1.25
RE1,DEMRESELCWHT_PAS_LOW_URB,ELC002,1.0,2046,1.25
RE1,DEMRESELCWHT_PAS_LOW_URB,ELC002,1.0,2047,1.25
RE1,DEMRESELCWHT_PAS_LOW_URB,ELC002,1.0,2048,1.25
RE1,DEMRESELCWHT_PAS_LOW_URB,ELC002,1.0,2049,1.25
RE1,DEMRESELCWHT_PAS_LOW_URB,ELC002,1.0,2050,1.25
RE1,DEMRESELCWHT_PAS_LOW_URB,ELC002,1.0,2051,1.25
RE1,DEMRESELCWHT_PAS_LOW_URB,ELC002,1.0,2052,1.25
RE1,DEMRESELCWHT_PAS_LOW_URB,ELC002,1.0,2053,1.25
RE1,DEMRESELCWHT_PAS_LOW_URB,ELC002,1.0,2054,1.25
RE1,DEMRESELCWHT_PAS_LOW_URB,ELC002,1.0,2055,1.25
RE1,DEMRESELCWHT_PAS_MID_RUR,ELC002,1.0,2022,1.248507199640764
RE1,DEMRESELCWHT_PAS_MID_RUR,ELC002,1.0,2023,1.247170813362816
RE1,DEMRESELCWHT_PAS_MID_RUR,ELC002,1.0,2024,1.244724841002533
RE1,DEMRESELCWHT_PAS_MID_RUR,ELC002,1.0,2025,1.24044716410046
RE1,DEMRESELCWHT_PAS_MID_RUR,ELC002,1.0,2026,1.233529350269428
RE1,DEMRESELCWHT_PAS_MID_RUR,ELC002,1.0,2027,1.223643646553036
RE1,DEMRESELCWHT_PAS_MID_RUR,ELC002,1.0,2028,1.211754013935171
RE1,DEMRESELCWHT_PAS_MID_RUR,ELC002,1.0,2029,1.200093211031845
RE1,DEMRESELCWHT_PAS_MID_RUR,ELC002,1.0,2030,1.19073413606057
RE1,DEMRESELCWHT_PAS_MID_RUR,ELC002,1.0,2031,1.184358272507362
RE1,DEMRESELCWHT_PAS_MID_RUR,ELC002,1.0,2032,1.180484805593883
RE1,DEMRESELCWHT_PAS_MID_RUR,ELC002,1.0,2033,1.178293181755594
RE1,DEMRESELCWHT_PAS_MID_RUR,ELC002,1.0,2034,1.177102809547777
RE1,DEMRESELCWHT_PAS_MID_RUR,ELC002,1.0,2035,1.176470588235294
RE1,DEMRESELCWHT_PAS_MID_RUR,ELC002,1.0,2036,1.176470588235294
RE1,DEMRESELCWHT_PAS_MID_RUR,ELC002,1.0,2037,1.176470588235294
RE1,DEMRESELCWHT_PAS_MID_RUR,ELC002,1.0,2038,1.176470588235294
RE1,DEMRESELCWHT_PAS_MID_RUR,ELC002,1.0,2039,1.176470588235294
RE1,DEMRESELCWHT_PAS_MID_RUR,ELC002,1.0,2040,1.176470588235294
RE1,DEMRESELCWHT_PAS_MID_RUR,ELC002,1.0,2041,1.176470588235294
RE1,DEMRESELCWHT_PAS_MID_RUR,ELC002,1.0,2042,1.176470588235294
RE1,DEMRESELCWHT_PAS_MID_RUR,ELC002,1.0,2043,1.176470588235294
RE1,DEMRESELCWHT_PAS_MID_RUR,ELC002,1.0,2044,1.176470588235294
RE1,DEMRESELCWHT_PAS_MID_RUR,ELC002,1.0,2045,1.176470588235294
RE1,DEMRESELCWHT_PAS_MID_RUR,ELC002,1.0,2046,1.176470588235294
RE1,DEMRESELCWHT_PAS_MID_RUR,ELC002,1.0,2047,1.176470588235294
RE1,DEMRESELCWHT_PAS_MID_RUR,ELC002,1.0,2048,1.176470588235294
RE1,DEMRESELCWHT_PAS_MID_RUR,ELC002,1.0,2049,1.176470588235294
RE1,DEMRESELCWHT_PAS_MID_RUR,ELC002,1.0,2050,1.176470588235294
RE1,DEMRESELCWHT_PAS_MID_RUR,ELC002,1.0,2051,1.176470588235294
RE1,DEMRESELCWHT_PAS_MID_RUR,ELC002,1.0,2052,1.176470588235294
RE1,DEMRESELCWHT_PAS_MID_RUR,ELC002,1.0,2053,1.176470588235294
RE1,DEMRESELCWHT_PAS_MID_RUR,ELC002,1.0,2054,1.176470588235294
RE1,DEMRESELCWHT_PAS_MID_RUR,ELC002,1.0,2055,1.176470588235294
RE1,DEMRESELCWHT_PAS_MID_URB,ELC002,1.0,2022,1.248507199640764
RE1,DEMRESELCWHT_PAS_MID_URB,ELC002,1.0,2023,1.247170813362816
RE1,DEMRESELCWHT_PAS_MID_URB,ELC002,1.0,2024,1.244724841002533
RE1,DEMRESELCWHT_PAS_MID_URB,ELC002,1.0,2025,1.24044716410046
RE1,DEMRESELCWHT_PAS_MID_URB,ELC002,1.0,2026,1.233529350269428
RE1,DEMRESELCWHT_PAS_MID_URB,ELC002,1.0,2027,1.223643646553036
RE1,DEMRESELCWHT_PAS_MID_URB,ELC002,1.0,2028,1.211754013935171
RE1,DEMRESELCWHT_PAS_MID_URB,ELC002,1.0,2029,1.200093211031845
RE1,DEMRESELCWHT_PAS_MID_URB,ELC002,1.0,2030,1.19073413606057
RE1,DEMRESELCWHT_PAS_MID_URB,ELC002,1.0,2031,1.184358272507362
RE1,DEMRESELCWHT_PAS_MID_URB,ELC002,1.0,2032,1.180484805593883
RE1,DEMRESELCWHT_PAS_MID_URB,ELC002,1.0,2033,1.178293181755594
RE1,DEMRESELCWHT_PAS_MID_URB,ELC002,1.0,2034,1.177102809547777
RE1,DEMRESELCWHT_PAS_MID_URB,ELC002,1.0,2035,1.176470588235294
RE1,DEMRESELCWHT_PAS_MID_URB,ELC002,1.0,2036,1.176470588235294
RE1,DEMRESELCWHT_PAS_MID_URB,ELC002,1.0,2037,1.176470588235294
RE1,DEMRESELCWHT_PAS_MID_URB,ELC002,1.0,2038,1.176470588235294
RE1,DEMRESELCWHT_PAS_MID_URB,ELC002,1.0,2039,1.176470588235294
RE1,DEMRESELCWHT_PAS_MID_URB,ELC002,1.0,2040,1.176470588235294
RE1,DEMRESELCWHT_PAS_MID_URB,ELC002,1.0,2041,1.176470588235294
RE1,DEMRESELCWHT_PAS_MID_URB,ELC002,1.0,2042,1.176470588235294
RE1,DEMRESELCWHT_PAS_MID_URB,ELC002,1.0,2043,1.176470588235294
RE1,DEMRESELCWHT_PAS_MID_URB,ELC002,1.0,2044,1.176470588235294
RE1,DEMRESELCWHT_PAS_MID_URB,ELC002,1.0,2045,1.176470588235294
RE1,DEMRESELCWHT_PAS_MID_URB,ELC002,1.0,2046,1.176470588235294
RE1,DEMRESELCWHT_PAS_MID_URB,ELC002,1.0,2047,1.176470588235294
RE1,DEMRESELCWHT_PAS_MID_URB,ELC002,1.0,2048,1.176470588235294
RE1,DEMRESELCWHT_PAS_MID_URB,ELC002,1.0,2049,1.176470588235294
RE1,DEMRESELCWHT_PAS_MID_URB,ELC002,1.0,2050,1.176470588235294
RE1,DEMRESELCWHT_PAS_MID_URB,ELC002,1.0,2051,1.176470588235294
RE1,DEMRESELCWHT_PAS_MID_URB,ELC002,1.0,2052,1.176470588235294
RE1,DEMRESELCWHT_PAS_MID_URB,ELC002,1.0,2053,1.176470588235294
RE1,DEMRESELCWHT_PAS_MID_URB,ELC002,1.0,2054,1.176470588235294
RE1,DEMRESELCWHT_PAS_MID_URB,ELC002,1.0,2055,1.176470588235294
RE1,DEMRESELCWHT_TAN_HIG_RUR,ELC002,1.0,2022,1.052631578947368
RE1,DEMRESELCWHT_TAN_HIG_RUR,ELC002,1.0,2023,1.052631578947368
RE1,DEMRESELCWHT_TAN_HIG_RUR,ELC002,1.0,2024,1.052631578947368
RE1,DEMRESELCWHT_TAN_HIG_RUR,ELC002,1.0,2025,1.052631578947368
RE1,DEMRESELCWHT_TAN_HIG_RUR,ELC002,1.0,2026,1.052631578947368
RE1,DEMRESELCWHT_TAN_HIG_RUR,ELC002,1.0,2027,1.052631578947368
RE1,DEMRESELCWHT_TAN_HIG_RUR,ELC002,1.0,2028,1.052631578947368
RE1,DEMRESELCWHT_TAN_HIG_RUR,ELC002,1.0,2029,1.052631578947368
RE1,DEMRESELCWHT_TAN_HIG_RUR,ELC002,1.0,2030,1.052631578947368
RE1,DEMRESELCWHT_TAN_HIG_RUR,ELC002,1.0,2031,1.052631578947368
RE1,DEMRESELCWHT_TAN_HIG_RUR,ELC002,1.0,2032,1.052631578947368
RE1,DEMRESELCWHT_TAN_HIG_RUR,ELC002,1.0,2033,1.052631578947368
RE1,DEMRESELCWHT_TAN_HIG_RUR,ELC002,1.0,2034,1.052631578947368
RE1,DEMRESELCWHT_TAN_HIG_RUR,ELC002,1.0,2035,1.052631578947368
RE1,DEMRESELCWHT_TAN_HIG_RUR,ELC002,1.0,2036,1.052631578947368
RE1,DEMRESELCWHT_TAN_HIG_RUR,ELC002,1.0,2037,1.052631578947368
RE1,DEMRESELCWHT_TAN_HIG_RUR,ELC002,1.0,2038,1.052631578947368
RE1,DEMRESELCWHT_TAN_HIG_RUR,ELC002,1.0,2039,1.052631578947368
RE1,DEMRESELCWHT_TAN_HIG_RUR,ELC002,1.0,2040,1.052631578947368
RE1,DEMRESELCWHT_TAN_HIG_RUR,ELC002,1.0,2041,1.052631578947368
RE1,DEMRESELCWHT_TAN_HIG_RUR,ELC002,1.0,2042,1.052631578947368
RE1,DEMRESELCWHT_TAN_HIG_RUR,ELC002,1.0,2043,1.052631578947368
RE1,DEMRESELCWHT_TAN_HIG_RUR,ELC002,1.0,2044,1.052631578947368
RE1,DEMRESELCWHT_TAN_HIG_RUR,ELC002,1.0,2045,1.052631578947368
RE1,DEMRESELCWHT_TAN_HIG_RUR,ELC002,1.0,2046,1.052631578947368
RE1,DEMRESELCWHT_TAN_HIG_RUR,ELC002,1.0,2047,1.052631578947368
RE1,DEMRESELCWHT_TAN_HIG_RUR,ELC002,1.0,2048,1.052631578947368
RE1,DEMRESELCWHT_TAN_HIG_RUR,ELC002,1.0,2049,1.052631578947368
RE1,DEMRESELCWHT_TAN_HIG_RUR,ELC002,1.0,2050,1.052631578947368
RE1,DEMRESELCWHT_TAN_HIG_RUR,ELC002,1.0,2051,1.052631578947368
RE1,DEMRESELCWHT_TAN_HIG_RUR,ELC002,1.0,2052,1.052631578947368
RE1,DEMRESELCWHT_TAN_HIG_RUR,ELC002,1.0,2053,1.052631578947368
RE1,DEMRESELCWHT_TAN_HIG_RUR,ELC002,1.0,2054,1.052631578947368
RE1,DEMRESELCWHT_TAN_HIG_RUR,ELC002,1.0,2055,1.052631578947368
RE1,DEMRESELCWHT_TAN_HIG_URB,ELC002,1.0,2022,1.052631578947368
RE1,DEMRESELCWHT_TAN_HIG_URB,ELC002,1.0,2023,1.052631578947368
RE1,DEMRESELCWHT_TAN_HIG_URB,ELC002,1.0,2024,1.052631578947368
RE1,DEMRESELCWHT_TAN_HIG_URB,ELC002,1.0,2025,1.052631578947368
RE1,DEMRESELCWHT_TAN_HIG_URB,ELC002,1.0,2026,1.052631578947368
RE1,DEMRESELCWHT_TAN_HIG_URB,ELC002,1.0,2027,1.052631578947368
RE1,DEMRESELCWHT_TAN_HIG_URB,ELC002,1.0,2028,1.052631578947368
RE1,DEMRESELCWHT_TAN_HIG_URB,ELC002,1.0,2029,1.052631578947368
RE1,DEMRESELCWHT_TAN_HIG_URB,ELC002,1.0,2030,1.052631578947368
RE1,DEMRESELCWHT_TAN_HIG_URB,ELC002,1.0,2031,1.052631578947368
RE1,DEMRESELCWHT_TAN_HIG_URB,ELC002,1.0,2032,1.052631578947368
RE1,DEMRESELCWHT_TAN_HIG_URB,ELC002,1.0,2033,1.052631578947368
RE1,DEMRESELCWHT_TAN_HIG_URB,ELC002,1.0,2034,1.052631578947368
RE1,DEMRESELCWHT_TAN_HIG_URB,ELC002,1.0,2035,1.052631578947368
RE1,DEMRESELCWHT_TAN_HIG_URB,ELC002,1.0,2036,1.052631578947368
RE1,DEMRESELCWHT_TAN_HIG_URB,ELC002,1.0,2037,1.052631578947368
RE1,DEMRESELCWHT_TAN_HIG_URB,ELC002,1.0,2038,1.052631578947368
RE1,DEMRESELCWHT_TAN_HIG_URB,ELC002,1.0,2039,1.052631578947368
RE1,DEMRESELCWHT_TAN_HIG_URB,ELC002,1.0,2040,1.052631578947368
RE1,DEMRESELCWHT_TAN_HIG_URB,ELC002,1.0,2041,1.052631578947368
RE1,DEMRESELCWHT_TAN_HIG_URB,ELC002,1.0,2042,1.052631578947368
RE1,DEMRESELCWHT_TAN_HIG_URB,ELC002,1.0,2043,1.052631578947368
RE1,DEMRESELCWHT_TAN_HIG_URB,ELC002,1.0,2044,1.052631578947368
RE1,DEMRESELCWHT_TAN_HIG_URB,ELC002,1.0,2045,1.052631578947368
RE1,DEMRESELCWHT_TAN_HIG_URB,ELC002,1.0,2046,1.052631578947368
RE1,DEMRESELCWHT_TAN_HIG_URB,ELC002,1.0,2047,1.052631578947368
RE1,DEMRESELCWHT_TAN_HIG_URB,ELC002,1.0,2048,1.052631578947368
RE1,DEMRESELCWHT_TAN_HIG_URB,ELC002,1.0,2049,1.052631578947368
RE1,DEMRESELCWHT_TAN_HIG_URB,ELC002,1.0,2050,1.052631578947368
RE1,DEMRESELCWHT_TAN_HIG_URB,ELC002,1.0,2051,1.052631578947368
RE1,DEMRESELCWHT_TAN_HIG_URB,ELC002,1.0,2052,1.052631578947368
RE1,DEMRESELCWHT_TAN_HIG_URB,ELC002,1.0,2053,1.052631578947368
RE1,DEMRESELCWHT_TAN_HIG_URB,ELC002,1.0,2054,1.052631578947368
RE1,DEMRESELCWHT_TAN_HIG_URB,ELC002,1.0,2055,1.052631578947368
RE1,DEMRESELCWHT_TAN_LOW_RUR,ELC002,1.0,2022,1.25
RE1,DEMRESELCWHT_TAN_LOW_RUR,ELC002,1.0,2023,1.25
RE1,DEMRESELCWHT_TAN_LOW_RUR,ELC002,1.0,2024,1.25
RE1,DEMRESELCWHT_TAN_LOW_RUR,ELC002,1.0,2025,1.25
RE1,DEMRESELCWHT_TAN_LOW_RUR,ELC002,1.0,2026,1.25
RE1,DEMRESELCWHT_TAN_LOW_RUR,ELC002,1.0,2027,1.25
RE1,DEMRESELCWHT_TAN_LOW_RUR,ELC002,1.0,2028,1.25
RE1,DEMRESELCWHT_TAN_LOW_RUR,ELC002,1.0,2029,1.25
RE1,DEMRESELCWHT_TAN_LOW_RUR,ELC002,1.0,2030,1.25
RE1,DEMRESELCWHT_TAN_LOW_RUR,ELC002,1.0,2031,1.25
RE1,DEMRESELCWHT_TAN_LOW_RUR,ELC002,1.0,2032,1.25
RE1,DEMRESELCWHT_TAN_LOW_RUR,ELC002,1.0,2033,1.25
RE1,DEMRESELCWHT_TAN_LOW_RUR,ELC002,1.0,2034,1.25
RE1,DEMRESELCWHT_TAN_LOW_RUR,ELC002,1.0,2035,1.25
RE1,DEMRESELCWHT_TAN_LOW_RUR,ELC002,1.0,2036,1.25
RE1,DEMRESELCWHT_TAN_LOW_RUR,ELC002,1.0,2037,1.25
RE1,DEMRESELCWHT_TAN_LOW_RUR,ELC002,1.0,2038,1.25
RE1,DEMRESELCWHT_TAN_LOW_RUR,ELC002,1.0,2039,1.25
RE1,DEMRESELCWHT_TAN_LOW_RUR,ELC002,1.0,2040,1.25
RE1,DEMRESELCWHT_TAN_LOW_RUR,ELC002,1.0,2041,1.25
RE1,DEMRESELCWHT_TAN_LOW_RUR,ELC002,1.0,2042,1.25
RE1,DEMRESELCWHT_TAN_LOW_RUR,ELC002,1.0,2043,1.25
RE1,DEMRESELCWHT_TAN_LOW_RUR,ELC002,1.0,2044,1.25
RE1,DEMRESELCWHT_TAN_LOW_RUR,ELC002,1.0,2045,1.25
RE1,DEMRESELCWHT_TAN_LOW_RUR,ELC002,1.0,2046,1.25
RE1,DEMRESELCWHT_TAN_LOW_RUR,ELC002,1.0,2047,1.25
RE1,DEMRESELCWHT_TAN_LOW_RUR,ELC002,1.0,2048,1.25
RE1,DEMRESELCWHT_TAN_LOW_RUR,ELC002,1.0,2049,1.25
RE1,DEMRESELCWHT_TAN_LOW_RUR,ELC002,1.0,2050,1.25
RE1,DEMRESELCWHT_TAN_LOW_RUR,ELC002,1.0,2051,1.25
RE1,DEMRESELCWHT_TAN_LOW_RUR,ELC002,1.0,2052,1.25
RE1,DEMRESELCWHT_TAN_LOW_RUR,ELC002,1.0,2053,1.25
RE1,DEMRESELCWHT_TAN_LOW_RUR,ELC002,1.0,2054,1.25
RE1,DEMRESELCWHT_TAN_LOW_RUR,ELC002,1.0,2055,1.25
RE1,DEMRESELCWHT_TAN_LOW_URB,ELC002,1.0,2022,1.25
RE1,DEMRESELCWHT_TAN_LOW_URB,ELC002,1.0,2023,1.25
RE1,DEMRESELCWHT_TAN_LOW_URB,ELC002,1.0,2024,1.25
RE1,DEMRESELCWHT_TAN_LOW_URB,ELC002,1.0,2025,1.25
RE1,DEMRESELCWHT_TAN_LOW_URB,ELC002,1.0,2026,1.25
RE1,DEMRESELCWHT_TAN_LOW_URB,ELC002,1.0,2027,1.25
RE1,DEMRESELCWHT_TAN_LOW_URB,ELC002,1.0,2028,1.25
RE1,DEMRESELCWHT_TAN_LOW_URB,ELC002,1.0,2029,1.25
RE1,DEMRESELCWHT_TAN_LOW_URB,ELC002,1.0,2030,1.25
RE1,DEMRESELCWHT_TAN_LOW_URB,ELC002,1.0,2031,1.25
RE1,DEMRESELCWHT_TAN_LOW_URB,ELC002,1.0,2032,1.25
RE1,DEMRESELCWHT_TAN_LOW_URB,ELC002,1.0,2033,1.25
RE1,DEMRESELCWHT_TAN_LOW_URB,ELC002,1.0,2034,1.25
RE1,DEMRESELCWHT_TAN_LOW_URB,ELC002,1.0,2035,1.25
RE1,DEMRESELCWHT_TAN_LOW_URB,ELC002,1.0,2036,1.25
RE1,DEMRESELCWHT_TAN_LOW_URB,ELC002,1.0,2037,1.25
RE1,DEMRESELCWHT_TAN_LOW_URB,ELC002,1.0,2038,1.25
RE1,DEMRESELCWHT_TAN_LOW_URB,ELC002,1.0,2039,1.25
RE1,DEMRESELCWHT_TAN_LOW_URB,ELC002,1.0,2040,1.25
RE1,DEMRESELCWHT_TAN_LOW_URB,ELC002,1.0,2041,1.25
RE1,DEMRESELCWHT_TAN_LOW_URB,ELC002,1.0,2042,1.25
RE1,DEMRESELCWHT_TAN_LOW_URB,ELC002,1.0,2043,1.25
RE1,DEMRESELCWHT_TAN_LOW_URB,ELC002,1.0,2044,1.25
RE1,DEMRESELCWHT_TAN_LOW_URB,ELC002,1.0,2045,1.25
RE1,DEMRESELCWHT_TAN_LOW_URB,ELC002,1.0,2046,1.25
RE1,DEMRESELCWHT_TAN_LOW_URB,ELC002,1.0,2047,1.25
RE1,DEMRESELCWHT_TAN_LOW_URB,ELC002,1.0,2048,1.25
RE1,DEMRESELCWHT_TAN_LOW_URB,ELC002,1.0,2049,1.25
RE1,DEMRESELCWHT_TAN_LOW_URB,ELC002,1.0,2050,1.25
RE1,DEMRESELCWHT_TAN_LOW_URB,ELC002,1.0,2051,1.25
RE1,DEMRESELCWHT_TAN_LOW_URB,ELC002,1.0,2052,1.25
RE1,DEMRESELCWHT_TAN_LOW_URB,ELC002,1.0,2053,1.25
RE1,DEMRESELCWHT_TAN_LOW_URB,ELC002,1.0,2054,1.25
RE1,DEMRESELCWHT_TAN_LOW_URB,ELC002,1.0,2055,1.25
RE1,DEMRESELCWHT_TAN_MID_RUR,ELC002,1.0,2022,1.249103891717013
RE1,DEMRESELCWHT_TAN_MID_RUR,ELC002,1.0,2023,1.248300949800051
RE1,DEMRESELCWHT_TAN_MID_RUR,ELC002,1.0,2024,1.24682955272521
RE1,DEMRESELCWHT_TAN_MID_RUR,ELC002,1.0,2025,1.244250723453752
RE1,DEMRESELCWHT_TAN_MID_RUR,ELC002,1.0,2026,1.240065247979034
RE1,DEMRESELCWHT_TAN_MID_RUR,ELC002,1.0,2027,1.23405167926682
RE1,DEMRESELCWHT_TAN_MID_RUR,ELC002,1.0,2028,1.226768079494571
RE1,DEMRESELCWHT_TAN_MID_RUR,ELC002,1.0,2029,1.219569953528696
RE1,DEMRESELCWHT_TAN_MID_RUR,ELC002,1.0,2030,1.213753055563642
RE1,DEMRESELCWHT_TAN_MID_RUR,ELC002,1.0,2031,1.209769916405435
RE1,DEMRESELCWHT_TAN_MID_RUR,ELC002,1.0,2032,1.207341961160191
RE1,DEMRESELCWHT_TAN_MID_RUR,ELC002,1.0,2033,1.205965485066536
RE1,DEMRESELCWHT_TAN_MID_RUR,ELC002,1.0,2034,1.205217028839809
RE1,DEMRESELCWHT_TAN_MID_RUR,ELC002,1.0,2035,1.204819277108434
RE1,DEMRESELCWHT_TAN_MID_RUR,ELC002,1.0,2036,1.204819277108434
RE1,DEMRESELCWHT_TAN_MID_RUR,ELC002,1.0,2037,1.204819277108434
RE1,DEMRESELCWHT_TAN_MID_RUR,ELC002,1.0,2038,1.204819277108434
RE1,DEMRESELCWHT_TAN_MID_RUR,ELC002,1.0,2039,1.204819277108434
RE1,DEMRESELCWHT_TAN_MID_RUR,ELC002,1.0,2040,1.204819277108434
RE1,DEMRESELCWHT_TAN_MID_RUR,ELC002,1.0,2041,1.204819277108434
RE1,DEMRESELCWHT_TAN_MID_RUR,ELC002,1.0,2042,1.204819277108434
RE1,DEMRESELCWHT_TAN_MID_RUR,ELC002,1.0,2043,1.204819277108434
RE1,DEMRESELCWHT_TAN_MID_RUR,ELC002,1.0,2044,1.204819277108434
RE1,DEMRESELCWHT_TAN_MID_RUR,ELC002,1.0,2045,1.204819277108434
RE1,DEMRESELCWHT_TAN_MID_RUR,ELC002,1.0,2046,1.204819277108434
RE1,DEMRESELCWHT_TAN_MID_RUR,ELC002,1.0,2047,1.204819277108434
RE1,DEMRESELCWHT_TAN_MID_RUR,ELC002,1.0,2048,1.204819277108434
RE1,DEMRESELCWHT_TAN_MID_RUR,ELC002,1.0,2049,1.204819277108434
RE1,DEMRESELCWHT_TAN_MID_RUR,ELC002,1.0,2050,1.204819277108434
RE1,DEMRESELCWHT_TAN_MID_RUR,ELC002,1.0,2051,1.204819277108434
RE1,DEMRESELCWHT_TAN_MID_RUR,ELC002,1.0,2052,1.204819277108434
RE1,DEMRESELCWHT_TAN_MID_RUR,ELC002,1.0,2053,1.204819277108434
RE1,DEMRESELCWHT_TAN_MID_RUR,ELC002,1.0,2054,1.204819277108434
RE1,DEMRESELCWHT_TAN_MID_RUR,ELC002,1.0,2055,1.204819277108434
RE1,DEMRESELCWHT_TAN_MID_URB,ELC002,1.0,2022,1.249103891717013
RE1,DEMRESELCWHT_TAN_MID_URB,ELC002,1.0,2023,1.248300949800051
RE1,DEMRESELCWHT_TAN_MID_URB,ELC002,1.0,2024,1.24682955272521
RE1,DEMRESELCWHT_TAN_MID_URB,ELC002,1.0,2025,1.244250723453752
RE1,DEMRESELCWHT_TAN_MID_URB,ELC002,1.0,2026,1.240065247979034
RE1,DEMRESELCWHT_TAN_MID_URB,ELC002,1.0,2027,1.23405167926682
RE1,DEMRESELCWHT_TAN_MID_URB,ELC002,1.0,2028,1.226768079494571
RE1,DEMRESELCWHT_TAN_MID_URB,ELC002,1.0,2029,1.219569953528696
RE1,DEMRESELCWHT_TAN_MID_URB,ELC002,1.0,2030,1.213753055563642
RE1,DEMRESELCWHT_TAN_MID_URB,ELC002,1.0,2031,1.209769916405435
RE1,DEMRESELCWHT_TAN_MID_URB,ELC002,1.0,2032,1.207341961160191
RE1,DEMRESELCWHT_TAN_MID_URB,ELC002,1.0,2033,1.205965485066536
RE1,DEMRESELCWHT_TAN_MID_URB,ELC002,1.0,2034,1.205217028839809
RE1,DEMRESELCWHT_TAN_MID_URB,ELC002,1.0,2035,1.204819277108434
RE1,DEMRESELCWHT_TAN_MID_URB,ELC002,1.0,2036,1.204819277108434
RE1,DEMRESELCWHT_TAN_MID_URB,ELC002,1.0,2037,1.204819277108434
RE1,DEMRESELCWHT_TAN_MID_URB,ELC002,1.0,2038,1.204819277108434
RE1,DEMRESELCWHT_TAN_MID_URB,ELC002,1.0,2039,1.204819277108434
RE1,DEMRESELCWHT_TAN_MID_URB,ELC002,1.0,2040,1.204819277108434
RE1,DEMRESELCWHT_TAN_MID_URB,ELC002,1.0,2041,1.204819277108434
RE1,DEMRESELCWHT_TAN_MID_URB,ELC002,1.0,2042,1.204819277108434
RE1,DEMRESELCWHT_TAN_MID_URB,ELC002,1.0,2043,1.204819277108434
RE1,DEMRESELCWHT_TAN_MID_URB,ELC002,1.0,2044,1.204819277108434
RE1,DEMRESELCWHT_TAN_MID_URB,ELC002,1.0,2045,1.204819277108434
RE1,DEMRESELCWHT_TAN_MID_URB,ELC002,1.0,2046,1.204819277108434
RE1,DEMRESELCWHT_TAN_MID_URB,ELC002,1.0,2047,1.204819277108434
RE1,DEMRESELCWHT_TAN_MID_URB,ELC002,1.0,2048,1.204819277108434
RE1,DEMRESELCWHT_TAN_MID_URB,ELC002,1.0,2049,1.204819277108434
RE1,DEMRESELCWHT_TAN_MID_URB,ELC002,1.0,2050,1.204819277108434
RE1,DEMRESELCWHT_TAN_MID_URB,ELC002,1.0,2051,1.204819277108434
RE1,DEMRESELCWHT_TAN_MID_URB,ELC002,1.0,2052,1.204819277108434
RE1,DEMRESELCWHT_TAN_MID_URB,ELC002,1.0,2053,1.204819277108434
RE1,DEMRESELCWHT_TAN_MID_URB,ELC002,1.0,2054,1.204819277108434
RE1,DEMRESELCWHT_TAN_MID_URB,ELC002,1.0,2055,1.204819277108434
RE1,DEMRESELCWSH_HIG_RUR,ELC002,1.0,2022,2.0
RE1,DEMRESELCWSH_HIG_RUR,ELC002,1.0,2023,2.0
RE1,DEMRESELCWSH_HIG_RUR,ELC002,1.0,2024,2.0
RE1,DEMRESELCWSH_HIG_RUR,ELC002,1.0,2025,2.0
RE1,DEMRESELCWSH_HIG_RUR,ELC002,1.0,2026,2.0
RE1,DEMRESELCWSH_HIG_RUR,ELC002,1.0,2027,2.0
RE1,DEMRESELCWSH_HIG_RUR,ELC002,1.0,2028,2.0
RE1,DEMRESELCWSH_HIG_RUR,ELC002,1.0,2029,2.0
RE1,DEMRESELCWSH_HIG_RUR,ELC002,1.0,2030,2.0
RE1,DEMRESELCWSH_HIG_RUR,ELC002,1.0,2031,2.0
RE1,DEMRESELCWSH_HIG_RUR,ELC002,1.0,2032,2.0
RE1,DEMRESELCWSH_HIG_RUR,ELC002,1.0,2033,2.0
RE1,DEMRESELCWSH_HIG_RUR,ELC002,1.0,2034,2.0
RE1,DEMRESELCWSH_HIG_RUR,ELC002,1.0,2035,2.0
RE1,DEMRESELCWSH_HIG_RUR,ELC002,1.0,2036,2.0
RE1,DEMRESELCWSH_HIG_RUR,ELC002,1.0,2037,2.0
RE1,DEMRESELCWSH_HIG_RUR,ELC002,1.0,2038,2.0
RE1,DEMRESELCWSH_HIG_RUR,ELC002,1.0,2039,2.0
RE1,DEMRESELCWSH_HIG_RUR,ELC002,1.0,2040,2.0
RE1,DEMRESELCWSH_HIG_RUR,ELC002,1.0,2041,2.0
RE1,DEMRESELCWSH_HIG_RUR,ELC002,1.0,2042,2.0
RE1,DEMRESELCWSH_HIG_RUR,ELC002,1.0,2043,2.0
RE1,DEMRESELCWSH_HIG_RUR,ELC002,1.0,2044,2.0
RE1,DEMRESELCWSH_HIG_RUR,ELC002,1.0,2045,2.0
RE1,DEMRESELCWSH_HIG_RUR,ELC002,1.0,2046,2.0
RE1,DEMRESELCWSH_HIG_RUR,ELC002,1.0,2047,2.0
RE1,DEMRESELCWSH_HIG_RUR,ELC002,1.0,2048,2.0
RE1,DEMRESELCWSH_HIG_RUR,ELC002,1.0,2049,2.0
RE1,DEMRESELCWSH_HIG_RUR,ELC002,1.0,2050,2.0
RE1,DEMRESELCWSH_HIG_RUR,ELC002,1.0,2051,2.0
RE1,DEMRESELCWSH_HIG_RUR,ELC002,1.0,2052,2.0
RE1,DEMRESELCWSH_HIG_RUR,ELC002,1.0,2053,2.0
RE1,DEMRESELCWSH_HIG_RUR,ELC002,1.0,2054,2.0
RE1,DEMRESELCWSH_HIG_RUR,ELC002,1.0,2055,2.0
RE1,DEMRESELCWSH_HIG_URB,ELC002,1.0,2022,2.0
RE1,DEMRESELCWSH_HIG_URB,ELC002,1.0,2023,2.0
RE1,DEMRESELCWSH_HIG_URB,ELC002,1.0,2024,2.0
RE1,DEMRESELCWSH_HIG_URB,ELC002,1.0,2025,2.0
RE1,DEMRESELCWSH_HIG_URB,ELC002,1.0,2026,2.0
RE1,DEMRESELCWSH_HIG_URB,ELC002,1.0,2027,2.0
RE1,DEMRESELCWSH_HIG_URB,ELC002,1.0,2028,2.0
RE1,DEMRESELCWSH_HIG_URB,ELC002,1.0,2029,2.0
RE1,DEMRESELCWSH_HIG_URB,ELC002,1.0,2030,2.0
RE1,DEMRESELCWSH_HIG_URB,ELC002,1.0,2031,2.0
RE1,DEMRESELCWSH_HIG_URB,ELC002,1.0,2032,2.0
RE1,DEMRESELCWSH_HIG_URB,ELC002,1.0,2033,2.0
RE1,DEMRESELCWSH_HIG_URB,ELC002,1.0,2034,2.0
RE1,DEMRESELCWSH_HIG_URB,ELC002,1.0,2035,2.0
RE1,DEMRESELCWSH_HIG_URB,ELC002,1.0,2036,2.0
RE1,DEMRESELCWSH_HIG_URB,ELC002,1.0,2037,2.0
RE1,DEMRESELCWSH_HIG_URB,ELC002,1.0,2038,2.0
RE1,DEMRESELCWSH_HIG_URB,ELC002,1.0,2039,2.0
RE1,DEMRESELCWSH_HIG_URB,ELC002,1.0,2040,2.0
RE1,DEMRESELCWSH_HIG_URB,ELC002,1.0,2041,2.0
RE1,DEMRESELCWSH_HIG_URB,ELC002,1.0,2042,2.0
RE1,DEMRESELCWSH_HIG_URB,ELC002,1.0,2043,2.0
RE1,DEMRESELCWSH_HIG_URB,ELC002,1.0,2044,2.0
RE1,DEMRESELCWSH_HIG_URB,ELC002,1.0,2045,2.0
RE1,DEMRESELCWSH_HIG_URB,ELC002,1.0,2046,2.0
RE1,DEMRESELCWSH_HIG_URB,ELC002,1.0,2047,2.0
RE1,DEMRESELCWSH_HIG_URB,ELC002,1.0,2048,2.0
RE1,DEMRESELCWSH_HIG_URB,ELC002,1.0,2049,2.0
RE1,DEMRESELCWSH_HIG_URB,ELC002,1.0,2050,2.0
RE1,DEMRESELCWSH_HIG_URB,ELC002,1.0,2051,2.0
RE1,DEMRESELCWSH_HIG_URB,ELC002,1.0,2052,2.0
RE1,DEMRESELCWSH_HIG_URB,ELC002,1.0,2053,2.0
RE1,DEMRESELCWSH_HIG_URB,ELC002,1.0,2054,2.0
RE1,DEMRESELCWSH_HIG_URB,ELC002,1.0,2055,2.0
RE1,DEMRESELCWSH_LOW_RUR,ELC002,1.0,2022,4.0
RE1,DEMRESELCWSH_LOW_RUR,ELC002,1.0,2023,4.0
RE1,DEMRESELCWSH_LOW_RUR,ELC002,1.0,2024,4.0
RE1,DEMRESELCWSH_LOW_RUR,ELC002,1.0,2025,4.0
RE1,DEMRESELCWSH_LOW_RUR,ELC002,1.0,2026,4.0
RE1,DEMRESELCWSH_LOW_RUR,ELC002,1.0,2027,4.0
RE1,DEMRESELCWSH_LOW_RUR,ELC002,1.0,2028,4.0
RE1,DEMRESELCWSH_LOW_RUR,ELC002,1.0,2029,4.0
RE1,DEMRESELCWSH_LOW_RUR,ELC002,1.0,2030,4.0
RE1,DEMRESELCWSH_LOW_RUR,ELC002,1.0,2031,4.0
RE1,DEMRESELCWSH_LOW_RUR,ELC002,1.0,2032,4.0
RE1,DEMRESELCWSH_LOW_RUR,ELC002,1.0,2033,4.0
RE1,DEMRESELCWSH_LOW_RUR,ELC002,1.0,2034,4.0
RE1,DEMRESELCWSH_LOW_RUR,ELC002,1.0,2035,4.0
RE1,DEMRESELCWSH_LOW_RUR,ELC002,1.0,2036,4.0
RE1,DEMRESELCWSH_LOW_RUR,ELC002,1.0,2037,4.0
RE1,DEMRESELCWSH_LOW_RUR,ELC002,1.0,2038,4.0
RE1,DEMRESELCWSH_LOW_RUR,ELC002,1.0,2039,4.0
RE1,DEMRESELCWSH_LOW_RUR,ELC002,1.0,2040,4.0
RE1,DEMRESELCWSH_LOW_RUR,ELC002,1.0,2041,4.0
RE1,DEMRESELCWSH_LOW_RUR,ELC002,1.0,2042,4.0
RE1,DEMRESELCWSH_LOW_RUR,ELC002,1.0,2043,4.0
RE1,DEMRESELCWSH_LOW_RUR,ELC002,1.0,2044,4.0
RE1,DEMRESELCWSH_LOW_RUR,ELC002,1.0,2045,4.0
RE1,DEMRESELCWSH_LOW_RUR,ELC002,1.0,2046,4.0
RE1,DEMRESELCWSH_LOW_RUR,ELC002,1.0,2047,4.0
RE1,DEMRESELCWSH_LOW_RUR,ELC002,1.0,2048,4.0
RE1,DEMRESELCWSH_LOW_RUR,ELC002,1.0,2049,4.0
RE1,DEMRESELCWSH_LOW_RUR,ELC002,1.0,2050,4.0
RE1,DEMRESELCWSH_LOW_RUR,ELC002,1.0,2051,4.0
RE1,DEMRESELCWSH_LOW_RUR,ELC002,1.0,2052,4.0
RE1,DEMRESELCWSH_LOW_RUR,ELC002,1.0,2053,4.0
RE1,DEMRESELCWSH_LOW_RUR,ELC002,1.0,2054,4.0
RE1,DEMRESELCWSH_LOW_RUR,ELC002,1.0,2055,4.0
RE1,DEMRESELCWSH_LOW_URB,ELC002,1.0,2022,4.0
RE1,DEMRESELCWSH_LOW_URB,ELC002,1.0,2023,4.0
RE1,DEMRESELCWSH_LOW_URB,ELC002,1.0,2024,4.0
RE1,DEMRESELCWSH_LOW_URB,ELC002,1.0,2025,4.0
RE1,DEMRESELCWSH_LOW_URB,ELC002,1.0,2026,4.0
RE1,DEMRESELCWSH_LOW_URB,ELC002,1.0,2027,4.0
RE1,DEMRESELCWSH_LOW_URB,ELC002,1.0,2028,4.0
RE1,DEMRESELCWSH_LOW_URB,ELC002,1.0,2029,4.0
RE1,DEMRESELCWSH_LOW_URB,ELC002,1.0,2030,4.0
RE1,DEMRESELCWSH_LOW_URB,ELC002,1.0,2031,4.0
RE1,DEMRESELCWSH_LOW_URB,ELC002,1.0,2032,4.0
RE1,DEMRESELCWSH_LOW_URB,ELC002,1.0,2033,4.0
RE1,DEMRESELCWSH_LOW_URB,ELC002,1.0,2034,4.0
RE1,DEMRESELCWSH_LOW_URB,ELC002,1.0,2035,4.0
RE1,DEMRESELCWSH_LOW_URB,ELC002,1.0,2036,4.0
RE1,DEMRESELCWSH_LOW_URB,ELC002,1.0,2037,4.0
RE1,DEMRESELCWSH_LOW_URB,ELC002,1.0,2038,4.0
RE1,DEMRESELCWSH_LOW_URB,ELC002,1.0,2039,4.0
RE1,DEMRESELCWSH_LOW_URB,ELC002,1.0,2040,4.0
RE1,DEMRESELCWSH_LOW_URB,ELC002,1.0,2041,4.0
RE1,DEMRESELCWSH_LOW_URB,ELC002,1.0,2042,4.0
RE1,DEMRESELCWSH_LOW_URB,ELC002,1.0,2043,4.0
RE1,DEMRESELCWSH_LOW_URB,ELC002,1.0,2044,4.0
RE1,DEMRESELCWSH_LOW_URB,ELC002,1.0,2045,4.0
RE1,DEMRESELCWSH_LOW_URB,ELC002,1.0,2046,4.0
RE1,DEMRESELCWSH_LOW_URB,ELC002,1.0,2047,4.0
RE1,DEMRESELCWSH_LOW_URB,ELC002,1.0,2048,4.0
RE1,DEMRESELCWSH_LOW_URB,ELC002,1.0,2049,4.0
RE1,DEMRESELCWSH_LOW_URB,ELC002,1.0,2050,4.0
RE1,DEMRESELCWSH_LOW_URB,ELC002,1.0,2051,4.0
RE1,DEMRESELCWSH_LOW_URB,ELC002,1.0,2052,4.0
RE1,DEMRESELCWSH_LOW_URB,ELC002,1.0,2053,4.0
RE1,DEMRESELCWSH_LOW_URB,ELC002,1.0,2054,4.0
RE1,DEMRESELCWSH_LOW_URB,ELC002,1.0,2055,4.0
RE1,DEMRESELCWSH_MID_RUR,ELC002,1.0,2022,3.993887533659567
RE1,DEMRESELCWSH_MID_RUR,ELC002,1.0,2023,3.98841899085743
RE1,DEMRESELCWSH_MID_RUR,ELC002,1.0,2024,3.978418450274169
RE1,DEMRESELCWSH_MID_RUR,ELC002,1.0,2025,3.960955133736314
RE1,DEMRESELCWSH_MID_RUR,ELC002,1.0,2026,3.932784206369267
RE1,DEMRESELCWSH_MID_RUR,ELC002,1.0,2027,3.892677986471585
RE1,DEMRESELCWSH_MID_RUR,ELC002,1.0,2028,3.844675124951942
RE1,DEMRESELCWSH_MID_RUR,ELC002,1.0,2029,3.797841743937298
RE1,DEMRESELCWSH_MID_RUR,ELC002,1.0,2030,3.76042747912744
RE1,DEMRESELCWSH_MID_RUR,ELC002,1.0,2031,3.735027571726428
RE1,DEMRESELCWSH_MID_RUR,ELC002,1.0,2032,3.719631494848126
RE1,DEMRESELCWSH_MID_RUR,ELC002,1.0,2033,3.710931977653968
RE1,DEMRESELCWSH_MID_RUR,ELC002,1.0,2034,3.706210389832711
RE1,DEMRESELCWSH_MID_RUR,ELC002,1.0,2035,3.703703703703703
RE1,DEMRESELCWSH_MID_RUR,ELC002,1.0,2036,3.703703703703703
RE1,DEMRESELCWSH_MID_RUR,ELC002,1.0,2037,3.703703703703703
RE1,DEMRESELCWSH_MID_RUR,ELC002,1.0,2038,3.703703703703703
RE1,DEMRESELCWSH_MID_RUR,ELC002,1.0,2039,3.703703703703703
RE1,DEMRESELCWSH_MID_RUR,ELC002,1.0,2040,3.703703703703703
RE1,DEMRESELCWSH_MID_RUR,ELC002,1.0,2041,3.703703703703703
RE1,DEMRESELCWSH_MID_RUR,ELC002,1.0,2042,3.703703703703703
RE1,DEMRESELCWSH_MID_RUR,ELC002,1.0,2043,3.703703703703703
RE1,DEMRESELCWSH_MID_RUR,ELC002,1.0,2044,3.703703703703703
RE1,DEMRESELCWSH_MID_RUR,ELC002,1.0,2045,3.703703703703703
RE1,DEMRESELCWSH_MID_RUR,ELC002,1.0,2046,3.703703703703703
RE1,DEMRESELCWSH_MID_RUR,ELC002,1.0,2047,3.703703703703703
RE1,DEMRESELCWSH_MID_RUR,ELC002,1.0,2048,3.703703703703703
RE1,DEMRESELCWSH_MID_RUR,ELC002,1.0,2049,3.703703703703703
RE1,DEMRESELCWSH_MID_RUR,ELC002,1.0,2050,3.703703703703703
RE1,DEMRESELCWSH_MID_RUR,ELC002,1.0,2051,3.703703703703703
RE1,DEMRESELCWSH_MID_RUR,ELC002,1.0,2052,3.703703703703703
RE1,DEMRESELCWSH_MID_RUR,ELC002,1.0,2053,3.703703703703703
RE1,DEMRESELCWSH_MID_RUR,ELC002,1.0,2054,3.703703703703703
RE1,DEMRESELCWSH_MID_RUR,ELC002,1.0,2055,3.703703703703703
RE1,DEMRESELCWSH_MID_URB,ELC002,1.0,2022,3.993887533659567
RE1,DEMRESELCWSH_MID_URB,ELC002,1.0,2023,3.98841899085743
RE1,DEMRESELCWSH_MID_URB,ELC002,1.0,2024,3.978418450274169
RE1,DEMRESELCWSH_MID_URB,ELC002,1.0,2025,3.960955133736314
RE1,DEMRESELCWSH_MID_URB,ELC002,1.0,2026,3.932784206369267
RE1,DEMRESELCWSH_MID_URB,ELC002,1.0,2027,3.892677986471585
RE1,DEMRESELCWSH_MID_URB,ELC002,1.0,2028,3.844675124951942
RE1,DEMRESELCWSH_MID_URB,ELC002,1.0,2029,3.797841743937298
RE1,DEMRESELCWSH_MID_URB,ELC002,1.0,2030,3.76042747912744
RE1,DEMRESELCWSH_MID_URB,ELC002,1.0,2031,3.735027571726428
RE1,DEMRESELCWSH_MID_URB,ELC002,1.0,2032,3.719631494848126
RE1,DEMRESELCWSH_MID_URB,ELC002,1.0,2033,3.710931977653968
RE1,DEMRESELCWSH_MID_URB,ELC002,1.0,2034,3.706210389832711
RE1,DEMRESELCWSH_MID_URB,ELC002,1.0,2035,3.703703703703703
RE1,DEMRESELCWSH_MID_URB,ELC002,1.0,2036,3.703703703703703
RE1,DEMRESELCWSH_MID_URB,ELC002,1.0,2037,3.703703703703703
RE1,DEMRESELCWSH_MID_URB,ELC002,1.0,2038,3.703703703703703
RE1,DEMRESELCWSH_MID_URB,ELC002,1.0,2039,3.703703703703703
RE1,DEMRESELCWSH_MID_URB,ELC002,1.0,2040,3.703703703703703
RE1,DEMRESELCWSH_MID_URB,ELC002,1.0,2041,3.703703703703703
RE1,DEMRESELCWSH_MID_URB,ELC002,1.0,2042,3.703703703703703
RE1,DEMRESELCWSH_MID_URB,ELC002,1.0,2043,3.703703703703703
RE1,DEMRESELCWSH_MID_URB,ELC002,1.0,2044,3.703703703703703
RE1,DEMRESELCWSH_MID_URB,ELC002,1.0,2045,3.703703703703703
RE1,DEMRESELCWSH_MID_URB,ELC002,1.0,2046,3.703703703703703
RE1,DEMRESELCWSH_MID_URB,ELC002,1.0,2047,3.703703703703703
RE1,DEMRESELCWSH_MID_URB,ELC002,1.0,2048,3.703703703703703
RE1,DEMRESELCWSH_MID_URB,ELC002,1.0,2049,3.703703703703703
RE1,DEMRESELCWSH_MID_URB,ELC002,1.0,2050,3.703703703703703
RE1,DEMRESELCWSH_MID_URB,ELC002,1.0,2051,3.703703703703703
RE1,DEMRESELCWSH_MID_URB,ELC002,1.0,2052,3.703703703703703
RE1,DEMRESELCWSH_MID_URB,ELC002,1.0,2053,3.703703703703703
RE1,DEMRESELCWSH_MID_URB,ELC002,1.0,2054,3.703703703703703
RE1,DEMRESELCWSH_MID_URB,ELC002,1.0,2055,3.703703703703703
RE1,DEMRESLPGCKN_HIG_RUR,LPG002,1.0,2022,1.587301587301587
RE1,DEMRESLPGCKN_HIG_RUR,LPG002,1.0,2023,1.587301587301587
RE1,DEMRESLPGCKN_HIG_RUR,LPG002,1.0,2024,1.587301587301587
RE1,DEMRESLPGCKN_HIG_RUR,LPG002,1.0,2025,1.587301587301587
RE1,DEMRESLPGCKN_HIG_RUR,LPG002,1.0,2026,1.587301587301587
RE1,DEMRESLPGCKN_HIG_RUR,LPG002,1.0,2027,1.587301587301587
RE1,DEMRESLPGCKN_HIG_RUR,LPG002,1.0,2028,1.587301587301587
RE1,DEMRESLPGCKN_HIG_RUR,LPG002,1.0,2029,1.587301587301587
RE1,DEMRESLPGCKN_HIG_RUR,LPG002,1.0,2030,1.587301587301587
RE1,DEMRESLPGCKN_HIG_RUR,LPG002,1.0,2031,1.587301587301587
RE1,DEMRESLPGCKN_HIG_RUR,LPG002,1.0,2032,1.587301587301587
RE1,DEMRESLPGCKN_HIG_RUR,LPG002,1.0,2033,1.587301587301587
RE1,DEMRESLPGCKN_HIG_RUR,LPG002,1.0,2034,1.587301587301587
RE1,DEMRESLPGCKN_HIG_RUR,LPG002,1.0,2035,1.587301587301587
RE1,DEMRESLPGCKN_HIG_RUR,LPG002,1.0,2036,1.587301587301587
RE1,DEMRESLPGCKN_HIG_RUR,LPG002,1.0,2037,1.587301587301587
RE1,DEMRESLPGCKN_HIG_RUR,LPG002,1.0,2038,1.587301587301587
RE1,DEMRESLPGCKN_HIG_RUR,LPG002,1.0,2039,1.587301587301587
RE1,DEMRESLPGCKN_HIG_RUR,LPG002,1.0,2040,1.587301587301587
RE1,DEMRESLPGCKN_HIG_RUR,LPG002,1.0,2041,1.587301587301587
RE1,DEMRESLPGCKN_HIG_RUR,LPG002,1.0,2042,1.587301587301587
RE1,DEMRESLPGCKN_HIG_RUR,LPG002,1.0,2043,1.587301587301587
RE1,DEMRESLPGCKN_HIG_RUR,LPG002,1.0,2044,1.587301587301587
RE1,DEMRESLPGCKN_HIG_RUR,LPG002,1.0,2045,1.587301587301587
RE1,DEMRESLPGCKN_HIG_RUR,LPG002,1.0,2046,1.587301587301587
RE1,DEMRESLPGCKN_HIG_RUR,LPG002,1.0,2047,1.587301587301587
RE1,DEMRESLPGCKN_HIG_RUR,LPG002,1.0,2048,1.587301587301587
RE1,DEMRESLPGCKN_HIG_RUR,LPG002,1.0,2049,1.587301587301587
RE1,DEMRESLPGCKN_HIG_RUR,LPG002,1.0,2050,1.587301587301587
RE1,DEMRESLPGCKN_HIG_RUR,LPG002,1.0,2051,1.587301587301587
RE1,DEMRESLPGCKN_HIG_RUR,LPG002,1.0,2052,1.587301587301587
RE1,DEMRESLPGCKN_HIG_RUR,LPG002,1.0,2053,1.587301587301587
RE1,DEMRESLPGCKN_HIG_RUR,LPG002,1.0,2054,1.587301587301587
RE1,DEMRESLPGCKN_HIG_RUR,LPG002,1.0,2055,1.587301587301587
RE1,DEMRESLPGCKN_HIG_URB,LPG002,1.0,2022,1.587301587301587
RE1,DEMRESLPGCKN_HIG_URB,LPG002,1.0,2023,1.587301587301587
RE1,DEMRESLPGCKN_HIG_URB,LPG002,1.0,2024,1.587301587301587
RE1,DEMRESLPGCKN_HIG_URB,LPG002,1.0,2025,1.587301587301587
RE1,DEMRESLPGCKN_HIG_URB,LPG002,1.0,2026,1.587301587301587
RE1,DEMRESLPGCKN_HIG_URB,LPG002,1.0,2027,1.587301587301587
RE1,DEMRESLPGCKN_HIG_URB,LPG002,1.0,2028,1.587301587301587
RE1,DEMRESLPGCKN_HIG_URB,LPG002,1.0,2029,1.587301587301587
RE1,DEMRESLPGCKN_HIG_URB,LPG002,1.0,2030,1.587301587301587
RE1,DEMRESLPGCKN_HIG_URB,LPG002,1.0,2031,1.587301587301587
RE1,DEMRESLPGCKN_HIG_URB,LPG002,1.0,2032,1.587301587301587
RE1,DEMRESLPGCKN_HIG_URB,LPG002,1.0,2033,1.587301587301587
RE1,DEMRESLPGCKN_HIG_URB,LPG002,1.0,2034,1.587301587301587
RE1,DEMRESLPGCKN_HIG_URB,LPG002,1.0,2035,1.587301587301587
RE1,DEMRESLPGCKN_HIG_URB,LPG002,1.0,2036,1.587301587301587
RE1,DEMRESLPGCKN_HIG_URB,LPG002,1.0,2037,1.587301587301587
RE1,DEMRESLPGCKN_HIG_URB,LPG002,1.0,2038,1.587301587301587
RE1,DEMRESLPGCKN_HIG_URB,LPG002,1.0,2039,1.587301587301587
RE1,DEMRESLPGCKN_HIG_URB,LPG002,1.0,2040,1.587301587301587
RE1,DEMRESLPGCKN_HIG_URB,LPG002,1.0,2041,1.587301587301587
RE1,DEMRESLPGCKN_HIG_URB,LPG002,1.0,2042,1.587301587301587
RE1,DEMRESLPGCKN_HIG_URB,LPG002,1.0,2043,1.587301587301587
RE1,DEMRESLPGCKN_HIG_URB,LPG002,1.0,2044,1.587301587301587
RE1,DEMRESLPGCKN_HIG_URB,LPG002,1.0,2045,1.587301587301587
RE1,DEMRESLPGCKN_HIG_URB,LPG002,1.0,2046,1.587301587301587
RE1,DEMRESLPGCKN_HIG_URB,LPG002,1.0,2047,1.587301587301587
RE1,DEMRESLPGCKN_HIG_URB,LPG002,1.0,2048,1.587301587301587
RE1,DEMRESLPGCKN_HIG_URB,LPG002,1.0,2049,1.587301587301587
RE1,DEMRESLPGCKN_HIG_URB,LPG002,1.0,2050,1.587301587301587
RE1,DEMRESLPGCKN_HIG_URB,LPG002,1.0,2051,1.587301587301587
RE1,DEMRESLPGCKN_HIG_URB,LPG002,1.0,2052,1.587301587301587
RE1,DEMRESLPGCKN_HIG_URB,LPG002,1.0,2053,1.587301587301587
RE1,DEMRESLPGCKN_HIG_URB,LPG002,1.0,2054,1.587301587301587
RE1,DEMRESLPGCKN_HIG_URB,LPG002,1.0,2055,1.587301587301587
RE1,DEMRESLPGCKN_LOW_RUR,LPG002,1.0,2022,1.886792452830188
RE1,DEMRESLPGCKN_LOW_RUR,LPG002,1.0,2023,1.886792452830188
RE1,DEMRESLPGCKN_LOW_RUR,LPG002,1.0,2024,1.886792452830188
RE1,DEMRESLPGCKN_LOW_RUR,LPG002,1.0,2025,1.886792452830188
RE1,DEMRESLPGCKN_LOW_RUR,LPG002,1.0,2026,1.886792452830188
RE1,DEMRESLPGCKN_LOW_RUR,LPG002,1.0,2027,1.886792452830188
RE1,DEMRESLPGCKN_LOW_RUR,LPG002,1.0,2028,1.886792452830188
RE1,DEMRESLPGCKN_LOW_RUR,LPG002,1.0,2029,1.886792452830188
RE1,DEMRESLPGCKN_LOW_RUR,LPG002,1.0,2030,1.886792452830188
RE1,DEMRESLPGCKN_LOW_RUR,LPG002,1.0,2031,1.886792452830188
RE1,DEMRESLPGCKN_LOW_RUR,LPG002,1.0,2032,1.886792452830188
RE1,DEMRESLPGCKN_LOW_RUR,LPG002,1.0,2033,1.886792452830188
RE1,DEMRESLPGCKN_LOW_RUR,LPG002,1.0,2034,1.886792452830188
RE1,DEMRESLPGCKN_LOW_RUR,LPG002,1.0,2035,1.886792452830188
RE1,DEMRESLPGCKN_LOW_RUR,LPG002,1.0,2036,1.886792452830188
RE1,DEMRESLPGCKN_LOW_RUR,LPG002,1.0,2037,1.886792452830188
RE1,DEMRESLPGCKN_LOW_RUR,LPG002,1.0,2038,1.886792452830188
RE1,DEMRESLPGCKN_LOW_RUR,LPG002,1.0,2039,1.886792452830188
RE1,DEMRESLPGCKN_LOW_RUR,LPG002,1.0,2040,1.886792452830188
RE1,DEMRESLPGCKN_LOW_RUR,LPG002,1.0,2041,1.886792452830188
RE1,DEMRESLPGCKN_LOW_RUR,LPG002,1.0,2042,1.886792452830188
RE1,DEMRESLPGCKN_LOW_RUR,LPG002,1.0,2043,1.886792452830188
RE1,DEMRESLPGCKN_LOW_RUR,LPG002,1.0,2044,1.886792452830188
RE1,DEMRESLPGCKN_LOW_RUR,LPG002,1.0,2045,1.886792452830188
RE1,DEMRESLPGCKN_LOW_RUR,LPG002,1.0,2046,1.886792452830188
RE1,DEMRESLPGCKN_LOW_RUR,LPG002,1.0,2047,1.886792452830188
RE1,DEMRESLPGCKN_LOW_RUR,LPG002,1.0,2048,1.886792452830188
RE1,DEMRESLPGCKN_LOW_RUR,LPG002,1.0,2049,1.886792452830188
RE1,DEMRESLPGCKN_LOW_RUR,LPG002,1.0,2050,1.886792452830188
RE1,DEMRESLPGCKN_LOW_RUR,LPG002,1.0,2051,1.886792452830188
RE1,DEMRESLPGCKN_LOW_RUR,LPG002,1.0,2052,1.886792452830188
RE1,DEMRESLPGCKN_LOW_RUR,LPG002,1.0,2053,1.886792452830188
RE1,DEMRESLPGCKN_LOW_RUR,LPG002,1.0,2054,1.886792452830188
RE1,DEMRESLPGCKN_LOW_RUR,LPG002,1.0,2055,1.886792452830188
RE1,DEMRESLPGCKN_LOW_URB,LPG002,1.0,2022,1.886792452830188
RE1,DEMRESLPGCKN_LOW_URB,LPG002,1.0,2023,1.886792452830188
RE1,DEMRESLPGCKN_LOW_URB,LPG002,1.0,2024,1.886792452830188
RE1,DEMRESLPGCKN_LOW_URB,LPG002,1.0,2025,1.886792452830188
RE1,DEMRESLPGCKN_LOW_URB,LPG002,1.0,2026,1.886792452830188
RE1,DEMRESLPGCKN_LOW_URB,LPG002,1.0,2027,1.886792452830188
RE1,DEMRESLPGCKN_LOW_URB,LPG002,1.0,2028,1.886792452830188
RE1,DEMRESLPGCKN_LOW_URB,LPG002,1.0,2029,1.886792452830188
RE1,DEMRESLPGCKN_LOW_URB,LPG002,1.0,2030,1.886792452830188
RE1,DEMRESLPGCKN_LOW_URB,LPG002,1.0,2031,1.886792452830188
RE1,DEMRESLPGCKN_LOW_URB,LPG002,1.0,2032,1.886792452830188
RE1,DEMRESLPGCKN_LOW_URB,LPG002,1.0,2033,1.886792452830188
RE1,DEMRESLPGCKN_LOW_URB,LPG002,1.0,2034,1.886792452830188
RE1,DEMRESLPGCKN_LOW_URB,LPG002,1.0,2035,1.886792452830188
RE1,DEMRESLPGCKN_LOW_URB,LPG002,1.0,2036,1.886792452830188
RE1,DEMRESLPGCKN_LOW_URB,LPG002,1.0,2037,1.886792452830188
RE1,DEMRESLPGCKN_LOW_URB,LPG002,1.0,2038,1.886792452830188
RE1,DEMRESLPGCKN_LOW_URB,LPG002,1.0,2039,1.886792452830188
RE1,DEMRESLPGCKN_LOW_URB,LPG002,1.0,2040,1.886792452830188
RE1,DEMRESLPGCKN_LOW_URB,LPG002,1.0,2041,1.886792452830188
RE1,DEMRESLPGCKN_LOW_URB,LPG002,1.0,2042,1.886792452830188
RE1,DEMRESLPGCKN_LOW_URB,LPG002,1.0,2043,1.886792452830188
RE1,DEMRESLPGCKN_LOW_URB,LPG002,1.0,2044,1.886792452830188
RE1,DEMRESLPGCKN_LOW_URB,LPG002,1.0,2045,1.886792452830188
RE1,DEMRESLPGCKN_LOW_URB,LPG002,1.0,2046,1.886792452830188
RE1,DEMRESLPGCKN_LOW_URB,LPG002,1.0,2047,1.886792452830188
RE1,DEMRESLPGCKN_LOW_URB,LPG002,1.0,2048,1.886792452830188
RE1,DEMRESLPGCKN_LOW_URB,LPG002,1.0,2049,1.886792452830188
RE1,DEMRESLPGCKN_LOW_URB,LPG002,1.0,2050,1.886792452830188
RE1,DEMRESLPGCKN_LOW_URB,LPG002,1.0,2051,1.886792452830188
RE1,DEMRESLPGCKN_LOW_URB,LPG002,1.0,2052,1.886792452830188
RE1,DEMRESLPGCKN_LOW_URB,LPG002,1.0,2053,1.886792452830188
RE1,DEMRESLPGCKN_LOW_URB,LPG002,1.0,2054,1.886792452830188
RE1,DEMRESLPGCKN_LOW_URB,LPG002,1.0,2055,1.886792452830188
RE1,DEMRESLPGCKN_MID_RUR,LPG002,1.0,2022,1.885431335670275
RE1,DEMRESLPGCKN_MID_RUR,LPG002,1.0,2023,1.884211741231092
RE1,DEMRESLPGCKN_MID_RUR,LPG002,1.0,2024,1.881976850863824
RE1,DEMRESLPGCKN_MID_RUR,LPG002,1.0,2025,1.878059972578479
RE1,DEMRESLPGCKN_MID_RUR,LPG002,1.0,2026,1.871703041449743
RE1,DEMRESLPGCKN_MID_RUR,LPG002,1.0,2027,1.862570057435885
RE1,DEMRESLPGCKN_MID_RUR,LPG002,1.0,2028,1.851508979818552
RE1,DEMRESLPGCKN_MID_RUR,LPG002,1.0,2029,1.840578501480627
RE1,DEMRESLPGCKN_MID_RUR,LPG002,1.0,2030,1.831746019989357
RE1,DEMRESLPGCKN_MID_RUR,LPG002,1.0,2031,1.825698248696688
RE1,DEMRESLPGCKN_MID_RUR,LPG002,1.0,2032,1.822011898836278
RE1,DEMRESLPGCKN_MID_RUR,LPG002,1.0,2033,1.819922043449362
RE1,DEMRESLPGCKN_MID_RUR,LPG002,1.0,2034,1.818785700751493
RE1,DEMRESLPGCKN_MID_RUR,LPG002,1.0,2035,1.818181818181818
RE1,DEMRESLPGCKN_MID_RUR,LPG002,1.0,2036,1.818181818181818
RE1,DEMRESLPGCKN_MID_RUR,LPG002,1.0,2037,1.818181818181818
RE1,DEMRESLPGCKN_MID_RUR,LPG002,1.0,2038,1.818181818181818
RE1,DEMRESLPGCKN_MID_RUR,LPG002,1.0,2039,1.818181818181818
RE1,DEMRESLPGCKN_MID_RUR,LPG002,1.0,2040,1.818181818181818
RE1,DEMRESLPGCKN_MID_RUR,LPG002,1.0,2041,1.818181818181818
RE1,DEMRESLPGCKN_MID_RUR,LPG002,1.0,2042,1.818181818181818
RE1,DEMRESLPGCKN_MID_RUR,LPG002,1.0,2043,1.818181818181818
RE1,DEMRESLPGCKN_MID_RUR,LPG002,1.0,2044,1.818181818181818
RE1,DEMRESLPGCKN_MID_RUR,LPG002,1.0,2045,1.818181818181818
RE1,DEMRESLPGCKN_MID_RUR,LPG002,1.0,2046,1.818181818181818
RE1,DEMRESLPGCKN_MID_RUR,LPG002,1.0,2047,1.818181818181818
RE1,DEMRESLPGCKN_MID_RUR,LPG002,1.0,2048,1.818181818181818
RE1,DEMRESLPGCKN_MID_RUR,LPG002,1.0,2049,1.818181818181818
RE1,DEMRESLPGCKN_MID_RUR,LPG002,1.0,2050,1.818181818181818
RE1,DEMRESLPGCKN_MID_RUR,LPG002,1.0,2051,1.818181818181818
RE1,DEMRESLPGCKN_MID_RUR,LPG002,1.0,2052,1.818181818181818
RE1,DEMRESLPGCKN_MID_RUR,LPG002,1.0,2053,1.818181818181818
RE1,DEMRESLPGCKN_MID_RUR,LPG002,1.0,2054,1.818181818181818
RE1,DEMRESLPGCKN_MID_RUR,LPG002,1.0,2055,1.818181818181818
RE1,DEMRESLPGCKN_MID_URB,LPG002,1.0,2022,1.885431335670275
RE1,DEMRESLPGCKN_MID_URB,LPG002,1.0,2023,1.884211741231092
RE1,DEMRESLPGCKN_MID_URB,LPG002,1.0,2024,1.881976850863824
RE1,DEMRESLPGCKN_MID_URB,LPG002,1.0,2025,1.878059972578479
RE1,DEMRESLPGCKN_MID_URB,LPG002,1.0,2026,1.871703041449743
RE1,DEMRESLPGCKN_MID_URB,LPG002,1.0,2027,1.862570057435885
RE1,DEMRESLPGCKN_MID_URB,LPG002,1.0,2028,1.851508979818552
RE1,DEMRESLPGCKN_MID_URB,LPG002,1.0,2029,1.840578501480627
RE1,DEMRESLPGCKN_MID_URB,LPG002,1.0,2030,1.831746019989357
RE1,DEMRESLPGCKN_MID_URB,LPG002,1.0,2031,1.825698248696688
RE1,DEMRESLPGCKN_MID_URB,LPG002,1.0,2032,1.822011898836278
RE1,DEMRESLPGCKN_MID_URB,LPG002,1.0,2033,1.819922043449362
RE1,DEMRESLPGCKN_MID_URB,LPG002,1.0,2034,1.818785700751493
RE1,DEMRESLPGCKN_MID_URB,LPG002,1.0,2035,1.818181818181818
RE1,DEMRESLPGCKN_MID_URB,LPG002,1.0,2036,1.818181818181818
RE1,DEMRESLPGCKN_MID_URB,LPG002,1.0,2037,1.818181818181818
RE1,DEMRESLPGCKN_MID_URB,LPG002,1.0,2038,1.818181818181818
RE1,DEMRESLPGCKN_MID_URB,LPG002,1.0,2039,1.818181818181818
RE1,DEMRESLPGCKN_MID_URB,LPG002,1.0,2040,1.818181818181818
RE1,DEMRESLPGCKN_MID_URB,LPG002,1.0,2041,1.818181818181818
RE1,DEMRESLPGCKN_MID_URB,LPG002,1.0,2042,1.818181818181818
RE1,DEMRESLPGCKN_MID_URB,LPG002,1.0,2043,1.818181818181818
RE1,DEMRESLPGCKN_MID_URB,LPG002,1.0,2044,1.818181818181818
RE1,DEMRESLPGCKN_MID_URB,LPG002,1.0,2045,1.818181818181818
RE1,DEMRESLPGCKN_MID_URB,LPG002,1.0,2046,1.818181818181818
RE1,DEMRESLPGCKN_MID_URB,LPG002,1.0,2047,1.818181818181818
RE1,DEMRESLPGCKN_MID_URB,LPG002,1.0,2048,1.818181818181818
RE1,DEMRESLPGCKN_MID_URB,LPG002,1.0,2049,1.818181818181818
RE1,DEMRESLPGCKN_MID_URB,LPG002,1.0,2050,1.818181818181818
RE1,DEMRESLPGCKN_MID_URB,LPG002,1.0,2051,1.818181818181818
RE1,DEMRESLPGCKN_MID_URB,LPG002,1.0,2052,1.818181818181818
RE1,DEMRESLPGCKN_MID_URB,LPG002,1.0,2053,1.818181818181818
RE1,DEMRESLPGCKN_MID_URB,LPG002,1.0,2054,1.818181818181818
RE1,DEMRESLPGCKN_MID_URB,LPG002,1.0,2055,1.818181818181818
RE1,DEMRESNGSCKN_HIG_RUR,NGS002,1.0,2022,1.587301587301587
RE1,DEMRESNGSCKN_HIG_RUR,NGS002,1.0,2023,1.587301587301587
RE1,DEMRESNGSCKN_HIG_RUR,NGS002,1.0,2024,1.587301587301587
RE1,DEMRESNGSCKN_HIG_RUR,NGS002,1.0,2025,1.587301587301587
RE1,DEMRESNGSCKN_HIG_RUR,NGS002,1.0,2026,1.587301587301587
RE1,DEMRESNGSCKN_HIG_RUR,NGS002,1.0,2027,1.587301587301587
RE1,DEMRESNGSCKN_HIG_RUR,NGS002,1.0,2028,1.587301587301587
RE1,DEMRESNGSCKN_HIG_RUR,NGS002,1.0,2029,1.587301587301587
RE1,DEMRESNGSCKN_HIG_RUR,NGS002,1.0,2030,1.587301587301587
RE1,DEMRESNGSCKN_HIG_RUR,NGS002,1.0,2031,1.587301587301587
RE1,DEMRESNGSCKN_HIG_RUR,NGS002,1.0,2032,1.587301587301587
RE1,DEMRESNGSCKN_HIG_RUR,NGS002,1.0,2033,1.587301587301587
RE1,DEMRESNGSCKN_HIG_RUR,NGS002,1.0,2034,1.587301587301587
RE1,DEMRESNGSCKN_HIG_RUR,NGS002,1.0,2035,1.587301587301587
RE1,DEMRESNGSCKN_HIG_RUR,NGS002,1.0,2036,1.587301587301587
RE1,DEMRESNGSCKN_HIG_RUR,NGS002,1.0,2037,1.587301587301587
RE1,DEMRESNGSCKN_HIG_RUR,NGS002,1.0,2038,1.587301587301587
RE1,DEMRESNGSCKN_HIG_RUR,NGS002,1.0,2039,1.587301587301587
RE1,DEMRESNGSCKN_HIG_RUR,NGS002,1.0,2040,1.587301587301587
RE1,DEMRESNGSCKN_HIG_RUR,NGS002,1.0,2041,1.587301587301587
RE1,DEMRESNGSCKN_HIG_RUR,NGS002,1.0,2042,1.587301587301587
RE1,DEMRESNGSCKN_HIG_RUR,NGS002,1.0,2043,1.587301587301587
RE1,DEMRESNGSCKN_HIG_RUR,NGS002,1.0,2044,1.587301587301587
RE1,DEMRESNGSCKN_HIG_RUR,NGS002,1.0,2045,1.587301587301587
RE1,DEMRESNGSCKN_HIG_RUR,NGS002,1.0,2046,1.587301587301587
RE1,DEMRESNGSCKN_HIG_RUR,NGS002,1.0,2047,1.587301587301587
RE1,DEMRESNGSCKN_HIG_RUR,NGS002,1.0,2048,1.587301587301587
RE1,DEMRESNGSCKN_HIG_RUR,NGS002,1.0,2049,1.587301587301587
RE1,DEMRESNGSCKN_HIG_RUR,NGS002,1.0,2050,1.587301587301587
RE1,DEMRESNGSCKN_HIG_RUR,NGS002,1.0,2051,1.587301587301587
RE1,DEMRESNGSCKN_HIG_RUR,NGS002,1.0,2052,1.587301587301587
RE1,DEMRESNGSCKN_HIG_RUR,NGS002,1.0,2053,1.587301587301587
RE1,DEMRESNGSCKN_HIG_RUR,NGS002,1.0,2054,1.587301587301587
RE1,DEMRESNGSCKN_HIG_RUR,NGS002,1.0,2055,1.587301587301587
RE1,DEMRESNGSCKN_HIG_URB,NGS002,1.0,2022,1.587301587301587
RE1,DEMRESNGSCKN_HIG_URB,NGS002,1.0,2023,1.587301587301587
RE1,DEMRESNGSCKN_HIG_URB,NGS002,1.0,2024,1.587301587301587
RE1,DEMRESNGSCKN_HIG_URB,NGS002,1.0,2025,1.587301587301587
RE1,DEMRESNGSCKN_HIG_URB,NGS002,1.0,2026,1.587301587301587
RE1,DEMRESNGSCKN_HIG_URB,NGS002,1.0,2027,1.587301587301587
RE1,DEMRESNGSCKN_HIG_URB,NGS002,1.0,2028,1.587301587301587
RE1,DEMRESNGSCKN_HIG_URB,NGS002,1.0,2029,1.587301587301587
RE1,DEMRESNGSCKN_HIG_URB,NGS002,1.0,2030,1.587301587301587
RE1,DEMRESNGSCKN_HIG_URB,NGS002,1.0,2031,1.587301587301587
RE1,DEMRESNGSCKN_HIG_URB,NGS002,1.0,2032,1.587301587301587
RE1,DEMRESNGSCKN_HIG_URB,NGS002,1.0,2033,1.587301587301587
RE1,DEMRESNGSCKN_HIG_URB,NGS002,1.0,2034,1.587301587301587
RE1,DEMRESNGSCKN_HIG_URB,NGS002,1.0,2035,1.587301587301587
RE1,DEMRESNGSCKN_HIG_URB,NGS002,1.0,2036,1.587301587301587
RE1,DEMRESNGSCKN_HIG_URB,NGS002,1.0,2037,1.587301587301587
RE1,DEMRESNGSCKN_HIG_URB,NGS002,1.0,2038,1.587301587301587
RE1,DEMRESNGSCKN_HIG_URB,NGS002,1.0,2039,1.587301587301587
RE1,DEMRESNGSCKN_HIG_URB,NGS002,1.0,2040,1.587301587301587
RE1,DEMRESNGSCKN_HIG_URB,NGS002,1.0,2041,1.587301587301587
RE1,DEMRESNGSCKN_HIG_URB,NGS002,1.0,2042,1.587301587301587
RE1,DEMRESNGSCKN_HIG_URB,NGS002,1.0,2043,1.587301587301587
RE1,DEMRESNGSCKN_HIG_URB,NGS002,1.0,2044,1.587301587301587
RE1,DEMRESNGSCKN_HIG_URB,NGS002,1.0,2045,1.587301587301587
RE1,DEMRESNGSCKN_HIG_URB,NGS002,1.0,2046,1.587301587301587
RE1,DEMRESNGSCKN_HIG_URB,NGS002,1.0,2047,1.587301587301587
RE1,DEMRESNGSCKN_HIG_URB,NGS002,1.0,2048,1.587301587301587
RE1,DEMRESNGSCKN_HIG_URB,NGS002,1.0,2049,1.587301587301587
RE1,DEMRESNGSCKN_HIG_URB,NGS002,1.0,2050,1.587301587301587
RE1,DEMRESNGSCKN_HIG_URB,NGS002,1.0,2051,1.587301587301587
RE1,DEMRESNGSCKN_HIG_URB,NGS002,1.0,2052,1.587301587301587
RE1,DEMRESNGSCKN_HIG_URB,NGS002,1.0,2053,1.587301587301587
RE1,DEMRESNGSCKN_HIG_URB,NGS002,1.0,2054,1.587301587301587
RE1,DEMRESNGSCKN_HIG_URB,NGS002,1.0,2055,1.587301587301587
RE1,DEMRESNGSCKN_LOW_RUR,NGS002,1.0,2022,1.96078431372549
RE1,DEMRESNGSCKN_LOW_RUR,NGS002,1.0,2023,1.96078431372549
RE1,DEMRESNGSCKN_LOW_RUR,NGS002,1.0,2024,1.96078431372549
RE1,DEMRESNGSCKN_LOW_RUR,NGS002,1.0,2025,1.96078431372549
RE1,DEMRESNGSCKN_LOW_RUR,NGS002,1.0,2026,1.96078431372549
RE1,DEMRESNGSCKN_LOW_RUR,NGS002,1.0,2027,1.96078431372549
RE1,DEMRESNGSCKN_LOW_RUR,NGS002,1.0,2028,1.96078431372549
RE1,DEMRESNGSCKN_LOW_RUR,NGS002,1.0,2029,1.96078431372549
RE1,DEMRESNGSCKN_LOW_RUR,NGS002,1.0,2030,1.96078431372549
RE1,DEMRESNGSCKN_LOW_RUR,NGS002,1.0,2031,1.96078431372549
RE1,DEMRESNGSCKN_LOW_RUR,NGS002,1.0,2032,1.96078431372549
RE1,DEMRESNGSCKN_LOW_RUR,NGS002,1.0,2033,1.96078431372549
RE1,DEMRESNGSCKN_LOW_RUR,NGS002,1.0,2034,1.96078431372549
RE1,DEMRESNGSCKN_LOW_RUR,NGS002,1.0,2035,1.96078431372549
RE1,DEMRESNGSCKN_LOW_RUR,NGS002,1.0,2036,1.96078431372549
RE1,DEMRESNGSCKN_LOW_RUR,NGS002,1.0,2037,1.96078431372549
RE1,DEMRESNGSCKN_LOW_RUR,NGS002,1.0,2038,1.96078431372549
RE1,DEMRESNGSCKN_LOW_RUR,NGS002,1.0,2039,1.96078431372549
RE1,DEMRESNGSCKN_LOW_RUR,NGS002,1.0,2040,1.96078431372549
RE1,DEMRESNGSCKN_LOW_RUR,NGS002,1.0,2041,1.96078431372549
RE1,DEMRESNGSCKN_LOW_RUR,NGS002,1.0,2042,1.96078431372549
RE1,DEMRESNGSCKN_LOW_RUR,NGS002,1.0,2043,1.96078431372549
RE1,DEMRESNGSCKN_LOW_RUR,NGS002,1.0,2044,1.96078431372549
RE1,DEMRESNGSCKN_LOW_RUR,NGS002,1.0,2045,1.96078431372549
RE1,DEMRESNGSCKN_LOW_RUR,NGS002,1.0,2046,1.96078431372549
RE1,DEMRESNGSCKN_LOW_RUR,NGS002,1.0,2047,1.96078431372549
RE1,DEMRESNGSCKN_LOW_RUR,NGS002,1.0,2048,1.96078431372549
RE1,DEMRESNGSCKN_LOW_RUR,NGS002,1.0,2049,1.96078431372549
RE1,DEMRESNGSCKN_LOW_RUR,NGS002,1.0,2050,1.96078431372549
RE1,DEMRESNGSCKN_LOW_RUR,NGS002,1.0,2051,1.96078431372549
RE1,DEMRESNGSCKN_LOW_RUR,NGS002,1.0,2052,1.96078431372549
RE1,DEMRESNGSCKN_LOW_RUR,NGS002,1.0,2053,1.96078431372549
RE1,DEMRESNGSCKN_LOW_RUR,NGS002,1.0,2054,1.96078431372549
RE1,DEMRESNGSCKN_LOW_RUR,NGS002,1.0,2055,1.96078431372549
RE1,DEMRESNGSCKN_LOW_URB,NGS002,1.0,2022,1.96078431372549
RE1,DEMRESNGSCKN_LOW_URB,NGS002,1.0,2023,1.96078431372549
RE1,DEMRESNGSCKN_LOW_URB,NGS002,1.0,2024,1.96078431372549
RE1,DEMRESNGSCKN_LOW_URB,NGS002,1.0,2025,1.96078431372549
RE1,DEMRESNGSCKN_LOW_URB,NGS002,1.0,2026,1.96078431372549
RE1,DEMRESNGSCKN_LOW_URB,NGS002,1.0,2027,1.96078431372549
RE1,DEMRESNGSCKN_LOW_URB,NGS002,1.0,2028,1.96078431372549
RE1,DEMRESNGSCKN_LOW_URB,NGS002,1.0,2029,1.96078431372549
RE1,DEMRESNGSCKN_LOW_URB,NGS002,1.0,2030,1.96078431372549
RE1,DEMRESNGSCKN_LOW_URB,NGS002,1.0,2031,1.96078431372549
RE1,DEMRESNGSCKN_LOW_URB,NGS002,1.0,2032,1.96078431372549
RE1,DEMRESNGSCKN_LOW_URB,NGS002,1.0,2033,1.96078431372549
RE1,DEMRESNGSCKN_LOW_URB,NGS002,1.0,2034,1.96078431372549
RE1,DEMRESNGSCKN_LOW_URB,NGS002,1.0,2035,1.96078431372549
RE1,DEMRESNGSCKN_LOW_URB,NGS002,1.0,2036,1.96078431372549
RE1,DEMRESNGSCKN_LOW_URB,NGS002,1.0,2037,1.96078431372549
RE1,DEMRESNGSCKN_LOW_URB,NGS002,1.0,2038,1.96078431372549
RE1,DEMRESNGSCKN_LOW_URB,NGS002,1.0,2039,1.96078431372549
RE1,DEMRESNGSCKN_LOW_URB,NGS002,1.0,2040,1.96078431372549
RE1,DEMRESNGSCKN_LOW_URB,NGS002,1.0,2041,1.96078431372549
RE1,DEMRESNGSCKN_LOW_URB,NGS002,1.0,2042,1.96078431372549
RE1,DEMRESNGSCKN_LOW_URB,NGS002,1.0,2043,1.96078431372549
RE1,DEMRESNGSCKN_LOW_URB,NGS002,1.0,2044,1.96078431372549
RE1,DEMRESNGSCKN_LOW_URB,NGS002,1.0,2045,1.96078431372549
RE1,DEMRESNGSCKN_LOW_URB,NGS002,1.0,2046,1.96078431372549
RE1,DEMRESNGSCKN_LOW_URB,NGS002,1.0,2047,1.96078431372549
RE1,DEMRESNGSCKN_LOW_URB,NGS002,1.0,2048,1.96078431372549
RE1,DEMRESNGSCKN_LOW_URB,NGS002,1.0,2049,1.96078431372549
RE1,DEMRESNGSCKN_LOW_URB,NGS002,1.0,2050,1.96078431372549
RE1,DEMRESNGSCKN_LOW_URB,NGS002,1.0,2051,1.96078431372549
RE1,DEMRESNGSCKN_LOW_URB,NGS002,1.0,2052,1.96078431372549
RE1,DEMRESNGSCKN_LOW_URB,NGS002,1.0,2053,1.96078431372549
RE1,DEMRESNGSCKN_LOW_URB,NGS002,1.0,2054,1.96078431372549
RE1,DEMRESNGSCKN_LOW_URB,NGS002,1.0,2055,1.96078431372549
RE1,DEMRESNGSCKN_MID_RUR,NGS002,1.0,2022,1.957846669793263
RE1,DEMRESNGSCKN_MID_RUR,NGS002,1.0,2023,1.955218345525874
RE1,DEMRESNGSCKN_MID_RUR,NGS002,1.0,2024,1.950411460437922
RE1,DEMRESNGSCKN_MID_RUR,NGS002,1.0,2025,1.942016368348115
RE1,DEMRESNGSCKN_MID_RUR,NGS002,1.0,2026,1.928470805552037
RE1,DEMRESNGSCKN_MID_RUR,NGS002,1.0,2027,1.909179880765442
RE1,DEMRESNGSCKN_MID_RUR,NGS002,1.0,2028,1.886080724254998
RE1,DEMRESNGSCKN_MID_RUR,NGS002,1.0,2029,1.863533838944729
RE1,DEMRESNGSCKN_MID_RUR,NGS002,1.0,2030,1.845514129338311
RE1,DEMRESNGSCKN_MID_RUR,NGS002,1.0,2031,1.833277083594025
RE1,DEMRESNGSCKN_MID_RUR,NGS002,1.0,2032,1.825858150024286
RE1,DEMRESNGSCKN_MID_RUR,NGS002,1.0,2033,1.821665603130733
RE1,DEMRESNGSCKN_MID_RUR,NGS002,1.0,2034,1.819389984596019
RE1,DEMRESNGSCKN_MID_RUR,NGS002,1.0,2035,1.818181818181818
RE1,DEMRESNGSCKN_MID_RUR,NGS002,1.0,2036,1.818181818181818
RE1,DEMRESNGSCKN_MID_RUR,NGS002,1.0,2037,1.818181818181818
RE1,DEMRESNGSCKN_MID_RUR,NGS002,1.0,2038,1.818181818181818
RE1,DEMRESNGSCKN_MID_RUR,NGS002,1.0,2039,1.818181818181818
RE1,DEMRESNGSCKN_MID_RUR,NGS002,1.0,2040,1.818181818181818
RE1,DEMRESNGSCKN_MID_RUR,NGS002,1.0,2041,1.818181818181818
RE1,DEMRESNGSCKN_MID_RUR,NGS002,1.0,2042,1.818181818181818
RE1,DEMRESNGSCKN_MID_RUR,NGS002,1.0,2043,1.818181818181818
RE1,DEMRESNGSCKN_MID_RUR,NGS002,1.0,2044,1.818181818181818
RE1,DEMRESNGSCKN_MID_RUR,NGS002,1.0,2045,1.818181818181818
RE1,DEMRESNGSCKN_MID_RUR,NGS002,1.0,2046,1.818181818181818
RE1,DEMRESNGSCKN_MID_RUR,NGS002,1.0,2047,1.818181818181818
RE1,DEMRESNGSCKN_MID_RUR,NGS002,1.0,2048,1.818181818181818
RE1,DEMRESNGSCKN_MID_RUR,NGS002,1.0,2049,1.818181818181818
RE1,DEMRESNGSCKN_MID_RUR,NGS002,1.0,2050,1.818181818181818
RE1,DEMRESNGSCKN_MID_RUR,NGS002,1.0,2051,1.818181818181818
RE1,DEMRESNGSCKN_MID_RUR,NGS002,1.0,2052,1.818181818181818
RE1,DEMRESNGSCKN_MID_RUR,NGS002,1.0,2053,1.818181818181818
RE1,DEMRESNGSCKN_MID_RUR,NGS002,1.0,2054,1.818181818181818
RE1,DEMRESNGSCKN_MID_RUR,NGS002,1.0,2055,1.818181818181818
RE1,DEMRESNGSCKN_MID_URB,NGS002,1.0,2022,1.957846669793263
RE1,DEMRESNGSCKN_MID_URB,NGS002,1.0,2023,1.955218345525874
RE1,DEMRESNGSCKN_MID_URB,NGS002,1.0,2024,1.950411460437922
RE1,DEMRESNGSCKN_MID_URB,NGS002,1.0,2025,1.942016368348115
RE1,DEMRESNGSCKN_MID_URB,NGS002,1.0,2026,1.928470805552037
RE1,DEMRESNGSCKN_MID_URB,NGS002,1.0,2027,1.909179880765442
RE1,DEMRESNGSCKN_MID_URB,NGS002,1.0,2028,1.886080724254998
RE1,DEMRESNGSCKN_MID_URB,NGS002,1.0,2029,1.863533838944729
RE1,DEMRESNGSCKN_MID_URB,NGS002,1.0,2030,1.845514129338311
RE1,DEMRESNGSCKN_MID_URB,NGS002,1.0,2031,1.833277083594025
RE1,DEMRESNGSCKN_MID_URB,NGS002,1.0,2032,1.825858150024286
RE1,DEMRESNGSCKN_MID_URB,NGS002,1.0,2033,1.821665603130733
RE1,DEMRESNGSCKN_MID_URB,NGS002,1.0,2034,1.819389984596019
RE1,DEMRESNGSCKN_MID_URB,NGS002,1.0,2035,1.818181818181818
RE1,DEMRESNGSCKN_MID_URB,NGS002,1.0,2036,1.818181818181818
RE1,DEMRESNGSCKN_MID_URB,NGS002,1.0,2037,1.818181818181818
RE1,DEMRESNGSCKN_MID_URB,NGS002,1.0,2038,1.818181818181818
RE1,DEMRESNGSCKN_MID_URB,NGS002,1.0,2039,1.818181818181818
RE1,DEMRESNGSCKN_MID_URB,NGS002,1.0,2040,1.818181818181818
RE1,DEMRESNGSCKN_MID_URB,NGS002,1.0,2041,1.818181818181818
RE1,DEMRESNGSCKN_MID_URB,NGS002,1.0,2042,1.818181818181818
RE1,DEMRESNGSCKN_MID_URB,NGS002,1.0,2043,1.818181818181818
RE1,DEMRESNGSCKN_MID_URB,NGS002,1.0,2044,1.818181818181818
RE1,DEMRESNGSCKN_MID_URB,NGS002,1.0,2045,1.818181818181818
RE1,DEMRESNGSCKN_MID_URB,NGS002,1.0,2046,1.818181818181818
RE1,DEMRESNGSCKN_MID_URB,NGS002,1.0,2047,1.818181818181818
RE1,DEMRESNGSCKN_MID_URB,NGS002,1.0,2048,1.818181818181818
RE1,DEMRESNGSCKN_MID_URB,NGS002,1.0,2049,1.818181818181818
RE1,DEMRESNGSCKN_MID_URB,NGS002,1.0,2050,1.818181818181818
RE1,DEMRESNGSCKN_MID_URB,NGS002,1.0,2051,1.818181818181818
RE1,DEMRESNGSCKN_MID_URB,NGS002,1.0,2052,1.818181818181818
RE1,DEMRESNGSCKN_MID_URB,NGS002,1.0,2053,1.818181818181818
RE1,DEMRESNGSCKN_MID_URB,NGS002,1.0,2054,1.818181818181818
RE1,DEMRESNGSCKN_MID_URB,NGS002,1.0,2055,1.818181818181818
RE1,DEMRESNGSWHT_FOR_HIG_RUR,NGS002,1.0,2022,1.052631578947368
RE1,DEMRESNGSWHT_FOR_HIG_RUR,NGS002,1.0,2023,1.052631578947368
RE1,DEMRESNGSWHT_FOR_HIG_RUR,NGS002,1.0,2024,1.052631578947368
RE1,DEMRESNGSWHT_FOR_HIG_RUR,NGS002,1.0,2025,1.052631578947368
RE1,DEMRESNGSWHT_FOR_HIG_RUR,NGS002,1.0,2026,1.052631578947368
RE1,DEMRESNGSWHT_FOR_HIG_RUR,NGS002,1.0,2027,1.052631578947368
RE1,DEMRESNGSWHT_FOR_HIG_RUR,NGS002,1.0,2028,1.052631578947368
RE1,DEMRESNGSWHT_FOR_HIG_RUR,NGS002,1.0,2029,1.052631578947368
RE1,DEMRESNGSWHT_FOR_HIG_RUR,NGS002,1.0,2030,1.052631578947368
RE1,DEMRESNGSWHT_FOR_HIG_RUR,NGS002,1.0,2031,1.052631578947368
RE1,DEMRESNGSWHT_FOR_HIG_RUR,NGS002,1.0,2032,1.052631578947368
RE1,DEMRESNGSWHT_FOR_HIG_RUR,NGS002,1.0,2033,1.052631578947368
RE1,DEMRESNGSWHT_FOR_HIG_RUR,NGS002,1.0,2034,1.052631578947368
RE1,DEMRESNGSWHT_FOR_HIG_RUR,NGS002,1.0,2035,1.052631578947368
RE1,DEMRESNGSWHT_FOR_HIG_RUR,NGS002,1.0,2036,1.052631578947368
RE1,DEMRESNGSWHT_FOR_HIG_RUR,NGS002,1.0,2037,1.052631578947368
RE1,DEMRESNGSWHT_FOR_HIG_RUR,NGS002,1.0,2038,1.052631578947368
RE1,DEMRESNGSWHT_FOR_HIG_RUR,NGS002,1.0,2039,1.052631578947368
RE1,DEMRESNGSWHT_FOR_HIG_RUR,NGS002,1.0,2040,1.052631578947368
RE1,DEMRESNGSWHT_FOR_HIG_RUR,NGS002,1.0,2041,1.052631578947368
RE1,DEMRESNGSWHT_FOR_HIG_RUR,NGS002,1.0,2042,1.052631578947368
RE1,DEMRESNGSWHT_FOR_HIG_RUR,NGS002,1.0,2043,1.052631578947368
RE1,DEMRESNGSWHT_FOR_HIG_RUR,NGS002,1.0,2044,1.052631578947368
RE1,DEMRESNGSWHT_FOR_HIG_RUR,NGS002,1.0,2045,1.052631578947368
RE1,DEMRESNGSWHT_FOR_HIG_RUR,NGS002,1.0,2046,1.052631578947368
RE1,DEMRESNGSWHT_FOR_HIG_RUR,NGS002,1.0,2047,1.052631578947368
RE1,DEMRESNGSWHT_FOR_HIG_RUR,NGS002,1.0,2048,1.052631578947368
RE1,DEMRESNGSWHT_FOR_HIG_RUR,NGS002,1.0,2049,1.052631578947368
RE1,DEMRESNGSWHT_FOR_HIG_RUR,NGS002,1.0,2050,1.052631578947368
RE1,DEMRESNGSWHT_FOR_HIG_RUR,NGS002,1.0,2051,1.052631578947368
RE1,DEMRESNGSWHT_FOR_HIG_RUR,NGS002,1.0,2052,1.052631578947368
RE1,DEMRESNGSWHT_FOR_HIG_RUR,NGS002,1.0,2053,1.052631578947368
RE1,DEMRESNGSWHT_FOR_HIG_RUR,NGS002,1.0,2054,1.052631578947368
RE1,DEMRESNGSWHT_FOR_HIG_RUR,NGS002,1.0,2055,1.052631578947368
RE1,DEMRESNGSWHT_FOR_HIG_URB,NGS002,1.0,2022,1.052631578947368
RE1,DEMRESNGSWHT_FOR_HIG_URB,NGS002,1.0,2023,1.052631578947368
RE1,DEMRESNGSWHT_FOR_HIG_URB,NGS002,1.0,2024,1.052631578947368
RE1,DEMRESNGSWHT_FOR_HIG_URB,NGS002,1.0,2025,1.052631578947368
RE1,DEMRESNGSWHT_FOR_HIG_URB,NGS002,1.0,2026,1.052631578947368
RE1,DEMRESNGSWHT_FOR_HIG_URB,NGS002,1.0,2027,1.052631578947368
RE1,DEMRESNGSWHT_FOR_HIG_URB,NGS002,1.0,2028,1.052631578947368
RE1,DEMRESNGSWHT_FOR_HIG_URB,NGS002,1.0,2029,1.052631578947368
RE1,DEMRESNGSWHT_FOR_HIG_URB,NGS002,1.0,2030,1.052631578947368
RE1,DEMRESNGSWHT_FOR_HIG_URB,NGS002,1.0,2031,1.052631578947368
RE1,DEMRESNGSWHT_FOR_HIG_URB,NGS002,1.0,2032,1.052631578947368
RE1,DEMRESNGSWHT_FOR_HIG_URB,NGS002,1.0,2033,1.052631578947368
RE1,DEMRESNGSWHT_FOR_HIG_URB,NGS002,1.0,2034,1.052631578947368
RE1,DEMRESNGSWHT_FOR_HIG_URB,NGS002,1.0,2035,1.052631578947368
RE1,DEMRESNGSWHT_FOR_HIG_URB,NGS002,1.0,2036,1.052631578947368
RE1,DEMRESNGSWHT_FOR_HIG_URB,NGS002,1.0,2037,1.052631578947368
RE1,DEMRESNGSWHT_FOR_HIG_URB,NGS002,1.0,2038,1.052631578947368
RE1,DEMRESNGSWHT_FOR_HIG_URB,NGS002,1.0,2039,1.052631578947368
RE1,DEMRESNGSWHT_FOR_HIG_URB,NGS002,1.0,2040,1.052631578947368
RE1,DEMRESNGSWHT_FOR_HIG_URB,NGS002,1.0,2041,1.052631578947368
RE1,DEMRESNGSWHT_FOR_HIG_URB,NGS002,1.0,2042,1.052631578947368
RE1,DEMRESNGSWHT_FOR_HIG_URB,NGS002,1.0,2043,1.052631578947368
RE1,DEMRESNGSWHT_FOR_HIG_URB,NGS002,1.0,2044,1.052631578947368
RE1,DEMRESNGSWHT_FOR_HIG_URB,NGS002,1.0,2045,1.052631578947368
RE1,DEMRESNGSWHT_FOR_HIG_URB,NGS002,1.0,2046,1.052631578947368
RE1,DEMRESNGSWHT_FOR_HIG_URB,NGS002,1.0,2047,1.052631578947368
RE1,DEMRESNGSWHT_FOR_HIG_URB,NGS002,1.0,2048,1.052631578947368
RE1,DEMRESNGSWHT_FOR_HIG_URB,NGS002,1.0,2049,1.052631578947368
RE1,DEMRESNGSWHT_FOR_HIG_URB,NGS002,1.0,2050,1.052631578947368
RE1,DEMRESNGSWHT_FOR_HIG_URB,NGS002,1.0,2051,1.052631578947368
RE1,DEMRESNGSWHT_FOR_HIG_URB,NGS002,1.0,2052,1.052631578947368
RE1,DEMRESNGSWHT_FOR_HIG_URB,NGS002,1.0,2053,1.052631578947368
RE1,DEMRESNGSWHT_FOR_HIG_URB,NGS002,1.0,2054,1.052631578947368
RE1,DEMRESNGSWHT_FOR_HIG_URB,NGS002,1.0,2055,1.052631578947368
RE1,DEMRESNGSWHT_FOR_LOW_RUR,NGS002,1.0,2022,1.204819277108434
RE1,DEMRESNGSWHT_FOR_LOW_RUR,NGS002,1.0,2023,1.204819277108434
RE1,DEMRESNGSWHT_FOR_LOW_RUR,NGS002,1.0,2024,1.204819277108434
RE1,DEMRESNGSWHT_FOR_LOW_RUR,NGS002,1.0,2025,1.204819277108434
RE1,DEMRESNGSWHT_FOR_LOW_RUR,NGS002,1.0,2026,1.204819277108434
RE1,DEMRESNGSWHT_FOR_LOW_RUR,NGS002,1.0,2027,1.204819277108434
RE1,DEMRESNGSWHT_FOR_LOW_RUR,NGS002,1.0,2028,1.204819277108434
RE1,DEMRESNGSWHT_FOR_LOW_RUR,NGS002,1.0,2029,1.204819277108434
RE1,DEMRESNGSWHT_FOR_LOW_RUR,NGS002,1.0,2030,1.204819277108434
RE1,DEMRESNGSWHT_FOR_LOW_RUR,NGS002,1.0,2031,1.204819277108434
RE1,DEMRESNGSWHT_FOR_LOW_RUR,NGS002,1.0,2032,1.204819277108434
RE1,DEMRESNGSWHT_FOR_LOW_RUR,NGS002,1.0,2033,1.204819277108434
RE1,DEMRESNGSWHT_FOR_LOW_RUR,NGS002,1.0,2034,1.204819277108434
RE1,DEMRESNGSWHT_FOR_LOW_RUR,NGS002,1.0,2035,1.204819277108434
RE1,DEMRESNGSWHT_FOR_LOW_RUR,NGS002,1.0,2036,1.204819277108434
RE1,DEMRESNGSWHT_FOR_LOW_RUR,NGS002,1.0,2037,1.204819277108434
RE1,DEMRESNGSWHT_FOR_LOW_RUR,NGS002,1.0,2038,1.204819277108434
RE1,DEMRESNGSWHT_FOR_LOW_RUR,NGS002,1.0,2039,1.204819277108434
RE1,DEMRESNGSWHT_FOR_LOW_RUR,NGS002,1.0,2040,1.204819277108434
RE1,DEMRESNGSWHT_FOR_LOW_RUR,NGS002,1.0,2041,1.204819277108434
RE1,DEMRESNGSWHT_FOR_LOW_RUR,NGS002,1.0,2042,1.204819277108434
RE1,DEMRESNGSWHT_FOR_LOW_RUR,NGS002,1.0,2043,1.204819277108434
RE1,DEMRESNGSWHT_FOR_LOW_RUR,NGS002,1.0,2044,1.204819277108434
RE1,DEMRESNGSWHT_FOR_LOW_RUR,NGS002,1.0,2045,1.204819277108434
RE1,DEMRESNGSWHT_FOR_LOW_RUR,NGS002,1.0,2046,1.204819277108434
RE1,DEMRESNGSWHT_FOR_LOW_RUR,NGS002,1.0,2047,1.204819277108434
RE1,DEMRESNGSWHT_FOR_LOW_RUR,NGS002,1.0,2048,1.204819277108434
RE1,DEMRESNGSWHT_FOR_LOW_RUR,NGS002,1.0,2049,1.204819277108434
RE1,DEMRESNGSWHT_FOR_LOW_RUR,NGS002,1.0,2050,1.204819277108434
RE1,DEMRESNGSWHT_FOR_LOW_RUR,NGS002,1.0,2051,1.204819277108434
RE1,DEMRESNGSWHT_FOR_LOW_RUR,NGS002,1.0,2052,1.204819277108434
RE1,DEMRESNGSWHT_FOR_LOW_RUR,NGS002,1.0,2053,1.204819277108434
RE1,DEMRESNGSWHT_FOR_LOW_RUR,NGS002,1.0,2054,1.204819277108434
RE1,DEMRESNGSWHT_FOR_LOW_RUR,NGS002,1.0,2055,1.204819277108434
RE1,DEMRESNGSWHT_FOR_LOW_URB,NGS002,1.0,2022,1.204819277108434
RE1,DEMRESNGSWHT_FOR_LOW_URB,NGS002,1.0,2023,1.204819277108434
RE1,DEMRESNGSWHT_FOR_LOW_URB,NGS002,1.0,2024,1.204819277108434
RE1,DEMRESNGSWHT_FOR_LOW_URB,NGS002,1.0,2025,1.204819277108434
RE1,DEMRESNGSWHT_FOR_LOW_URB,NGS002,1.0,2026,1.204819277108434
RE1,DEMRESNGSWHT_FOR_LOW_URB,NGS002,1.0,2027,1.204819277108434
RE1,DEMRESNGSWHT_FOR_LOW_URB,NGS002,1.0,2028,1.204819277108434
RE1,DEMRESNGSWHT_FOR_LOW_URB,NGS002,1.0,2029,1.204819277108434
RE1,DEMRESNGSWHT_FOR_LOW_URB,NGS002,1.0,2030,1.204819277108434
RE1,DEMRESNGSWHT_FOR_LOW_URB,NGS002,1.0,2031,1.204819277108434
RE1,DEMRESNGSWHT_FOR_LOW_URB,NGS002,1.0,2032,1.204819277108434
RE1,DEMRESNGSWHT_FOR_LOW_URB,NGS002,1.0,2033,1.204819277108434
RE1,DEMRESNGSWHT_FOR_LOW_URB,NGS002,1.0,2034,1.204819277108434
RE1,DEMRESNGSWHT_FOR_LOW_URB,NGS002,1.0,2035,1.204819277108434
RE1,DEMRESNGSWHT_FOR_LOW_URB,NGS002,1.0,2036,1.204819277108434
RE1,DEMRESNGSWHT_FOR_LOW_URB,NGS002,1.0,2037,1.204819277108434
RE1,DEMRESNGSWHT_FOR_LOW_URB,NGS002,1.0,2038,1.204819277108434
RE1,DEMRESNGSWHT_FOR_LOW_URB,NGS002,1.0,2039,1.204819277108434
RE1,DEMRESNGSWHT_FOR_LOW_URB,NGS002,1.0,2040,1.204819277108434
RE1,DEMRESNGSWHT_FOR_LOW_URB,NGS002,1.0,2041,1.204819277108434
RE1,DEMRESNGSWHT_FOR_LOW_URB,NGS002,1.0,2042,1.204819277108434
RE1,DEMRESNGSWHT_FOR_LOW_URB,NGS002,1.0,2043,1.204819277108434
RE1,DEMRESNGSWHT_FOR_LOW_URB,NGS002,1.0,2044,1.204819277108434
RE1,DEMRESNGSWHT_FOR_LOW_URB,NGS002,1.0,2045,1.204819277108434
RE1,DEMRESNGSWHT_FOR_LOW_URB,NGS002,1.0,2046,1.204819277108434
RE1,DEMRESNGSWHT_FOR_LOW_URB,NGS002,1.0,2047,1.204819277108434
RE1,DEMRESNGSWHT_FOR_LOW_URB,NGS002,1.0,2048,1.204819277108434
RE1,DEMRESNGSWHT_FOR_LOW_URB,NGS002,1.0,2049,1.204819277108434
RE1,DEMRESNGSWHT_FOR_LOW_URB,NGS002,1.0,2050,1.204819277108434
RE1,DEMRESNGSWHT_FOR_LOW_URB,NGS002,1.0,2051,1.204819277108434
RE1,DEMRESNGSWHT_FOR_LOW_URB,NGS002,1.0,2052,1.204819277108434
RE1,DEMRESNGSWHT_FOR_LOW_URB,NGS002,1.0,2053,1.204819277108434
RE1,DEMRESNGSWHT_FOR_LOW_URB,NGS002,1.0,2054,1.204819277108434
RE1,DEMRESNGSWHT_FOR_LOW_URB,NGS002,1.0,2055,1.204819277108434
RE1,DEMRESNGSWHT_FOR_MID_RUR,NGS002,1.0,2022,1.203709503862094
RE1,DEMRESNGSWHT_FOR_MID_RUR,NGS002,1.0,2023,1.202715496500157
RE1,DEMRESNGSWHT_FOR_MID_RUR,NGS002,1.0,2024,1.200894914900675
RE1,DEMRESNGSWHT_FOR_MID_RUR,NGS002,1.0,2025,1.197707035050754
RE1,DEMRESNGSWHT_FOR_MID_RUR,NGS002,1.0,2026,1.192541027590203
RE1,DEMRESNGSWHT_FOR_MID_RUR,NGS002,1.0,2027,1.185135864967315
RE1,DEMRESNGSWHT_FOR_MID_RUR,NGS002,1.0,2028,1.176193836744295
RE1,DEMRESNGSWHT_FOR_MID_RUR,NGS002,1.0,2029,1.167385735912776
RE1,DEMRESNGSWHT_FOR_MID_RUR,NGS002,1.0,2030,1.160288755672439
RE1,DEMRESNGSWHT_FOR_MID_RUR,NGS002,1.0,2031,1.155439841227802
RE1,DEMRESNGSWHT_FOR_MID_RUR,NGS002,1.0,2032,1.152488426435305
RE1,DEMRESNGSWHT_FOR_MID_RUR,NGS002,1.0,2033,1.150816624067057
RE1,DEMRESNGSWHT_FOR_MID_RUR,NGS002,1.0,2034,1.149908020923859
RE1,DEMRESNGSWHT_FOR_MID_RUR,NGS002,1.0,2035,1.149425287356322
RE1,DEMRESNGSWHT_FOR_MID_RUR,NGS002,1.0,2036,1.149425287356322
RE1,DEMRESNGSWHT_FOR_MID_RUR,NGS002,1.0,2037,1.149425287356322
RE1,DEMRESNGSWHT_FOR_MID_RUR,NGS002,1.0,2038,1.149425287356322
RE1,DEMRESNGSWHT_FOR_MID_RUR,NGS002,1.0,2039,1.149425287356322
RE1,DEMRESNGSWHT_FOR_MID_RUR,NGS002,1.0,2040,1.149425287356322
RE1,DEMRESNGSWHT_FOR_MID_RUR,NGS002,1.0,2041,1.149425287356322
RE1,DEMRESNGSWHT_FOR_MID_RUR,NGS002,1.0,2042,1.149425287356322
RE1,DEMRESNGSWHT_FOR_MID_RUR,NGS002,1.0,2043,1.149425287356322
RE1,DEMRESNGSWHT_FOR_MID_RUR,NGS002,1.0,2044,1.149425287356322
RE1,DEMRESNGSWHT_FOR_MID_RUR,NGS002,1.0,2045,1.149425287356322
RE1,DEMRESNGSWHT_FOR_MID_RUR,NGS002,1.0,2046,1.149425287356322
RE1,DEMRESNGSWHT_FOR_MID_RUR,NGS002,1.0,2047,1.149425287356322
RE1,DEMRESNGSWHT_FOR_MID_RUR,NGS002,1.0,2048,1.149425287356322
RE1,DEMRESNGSWHT_FOR_MID_RUR,NGS002,1.0,2049,1.149425287356322
RE1,DEMRESNGSWHT_FOR_MID_RUR,NGS002,1.0,2050,1.149425287356322
RE1,DEMRESNGSWHT_FOR_MID_RUR,NGS002,1.0,2051,1.149425287356322
RE1,DEMRESNGSWHT_FOR_MID_RUR,NGS002,1.0,2052,1.149425287356322
RE1,DEMRESNGSWHT_FOR_MID_RUR,NGS002,1.0,2053,1.149425287356322
RE1,DEMRESNGSWHT_FOR_MID_RUR,NGS002,1.0,2054,1.149425287356322
RE1,DEMRESNGSWHT_FOR_MID_RUR,NGS002,1.0,2055,1.149425287356322
RE1,DEMRESNGSWHT_FOR_MID_URB,NGS002,1.0,2022,1.203709503862094
RE1,DEMRESNGSWHT_FOR_MID_URB,NGS002,1.0,2023,1.202715496500157
RE1,DEMRESNGSWHT_FOR_MID_URB,NGS002,1.0,2024,1.200894914900675
RE1,DEMRESNGSWHT_FOR_MID_URB,NGS002,1.0,2025,1.197707035050754
RE1,DEMRESNGSWHT_FOR_MID_URB,NGS002,1.0,2026,1.192541027590203
RE1,DEMRESNGSWHT_FOR_MID_URB,NGS002,1.0,2027,1.185135864967315
RE1,DEMRESNGSWHT_FOR_MID_URB,NGS002,1.0,2028,1.176193836744295
RE1,DEMRESNGSWHT_FOR_MID_URB,NGS002,1.0,2029,1.167385735912776
RE1,DEMRESNGSWHT_FOR_MID_URB,NGS002,1.0,2030,1.160288755672439
RE1,DEMRESNGSWHT_FOR_MID_URB,NGS002,1.0,2031,1.155439841227802
RE1,DEMRESNGSWHT_FOR_MID_URB,NGS002,1.0,2032,1.152488426435305
RE1,DEMRESNGSWHT_FOR_MID_URB,NGS002,1.0,2033,1.150816624067057
RE1,DEMRESNGSWHT_FOR_MID_URB,NGS002,1.0,2034,1.149908020923859
RE1,DEMRESNGSWHT_FOR_MID_URB,NGS002,1.0,2035,1.149425287356322
RE1,DEMRESNGSWHT_FOR_MID_URB,NGS002,1.0,2036,1.149425287356322
RE1,DEMRESNGSWHT_FOR_MID_URB,NGS002,1.0,2037,1.149425287356322
RE1,DEMRESNGSWHT_FOR_MID_URB,NGS002,1.0,2038,1.149425287356322
RE1,DEMRESNGSWHT_FOR_MID_URB,NGS002,1.0,2039,1.149425287356322
RE1,DEMRESNGSWHT_FOR_MID_URB,NGS002,1.0,2040,1.149425287356322
RE1,DEMRESNGSWHT_FOR_MID_URB,NGS002,1.0,2041,1.149425287356322
RE1,DEMRESNGSWHT_FOR_MID_URB,NGS002,1.0,2042,1.149425287356322
RE1,DEMRESNGSWHT_FOR_MID_URB,NGS002,1.0,2043,1.149425287356322
RE1,DEMRESNGSWHT_FOR_MID_URB,NGS002,1.0,2044,1.149425287356322
RE1,DEMRESNGSWHT_FOR_MID_URB,NGS002,1.0,2045,1.149425287356322
RE1,DEMRESNGSWHT_FOR_MID_URB,NGS002,1.0,2046,1.149425287356322
RE1,DEMRESNGSWHT_FOR_MID_URB,NGS002,1.0,2047,1.149425287356322
RE1,DEMRESNGSWHT_FOR_MID_URB,NGS002,1.0,2048,1.149425287356322
RE1,DEMRESNGSWHT_FOR_MID_URB,NGS002,1.0,2049,1.149425287356322
RE1,DEMRESNGSWHT_FOR_MID_URB,NGS002,1.0,2050,1.149425287356322
RE1,DEMRESNGSWHT_FOR_MID_URB,NGS002,1.0,2051,1.149425287356322
RE1,DEMRESNGSWHT_FOR_MID_URB,NGS002,1.0,2052,1.149425287356322
RE1,DEMRESNGSWHT_FOR_MID_URB,NGS002,1.0,2053,1.149425287356322
RE1,DEMRESNGSWHT_FOR_MID_URB,NGS002,1.0,2054,1.149425287356322
RE1,DEMRESNGSWHT_FOR_MID_URB,NGS002,1.0,2055,1.149425287356322
RE1,DEMRESNGSWHT_NAT_HIG_RUR,NGS002,1.0,2022,1.052631578947368
RE1,DEMRESNGSWHT_NAT_HIG_RUR,NGS002,1.0,2023,1.052631578947368
RE1,DEMRESNGSWHT_NAT_HIG_RUR,NGS002,1.0,2024,1.052631578947368
RE1,DEMRESNGSWHT_NAT_HIG_RUR,NGS002,1.0,2025,1.052631578947368
RE1,DEMRESNGSWHT_NAT_HIG_RUR,NGS002,1.0,2026,1.052631578947368
RE1,DEMRESNGSWHT_NAT_HIG_RUR,NGS002,1.0,2027,1.052631578947368
RE1,DEMRESNGSWHT_NAT_HIG_RUR,NGS002,1.0,2028,1.052631578947368
RE1,DEMRESNGSWHT_NAT_HIG_RUR,NGS002,1.0,2029,1.052631578947368
RE1,DEMRESNGSWHT_NAT_HIG_RUR,NGS002,1.0,2030,1.052631578947368
RE1,DEMRESNGSWHT_NAT_HIG_RUR,NGS002,1.0,2031,1.052631578947368
RE1,DEMRESNGSWHT_NAT_HIG_RUR,NGS002,1.0,2032,1.052631578947368
RE1,DEMRESNGSWHT_NAT_HIG_RUR,NGS002,1.0,2033,1.052631578947368
RE1,DEMRESNGSWHT_NAT_HIG_RUR,NGS002,1.0,2034,1.052631578947368
RE1,DEMRESNGSWHT_NAT_HIG_RUR,NGS002,1.0,2035,1.052631578947368
RE1,DEMRESNGSWHT_NAT_HIG_RUR,NGS002,1.0,2036,1.052631578947368
RE1,DEMRESNGSWHT_NAT_HIG_RUR,NGS002,1.0,2037,1.052631578947368
RE1,DEMRESNGSWHT_NAT_HIG_RUR,NGS002,1.0,2038,1.052631578947368
RE1,DEMRESNGSWHT_NAT_HIG_RUR,NGS002,1.0,2039,1.052631578947368
RE1,DEMRESNGSWHT_NAT_HIG_RUR,NGS002,1.0,2040,1.052631578947368
RE1,DEMRESNGSWHT_NAT_HIG_RUR,NGS002,1.0,2041,1.052631578947368
RE1,DEMRESNGSWHT_NAT_HIG_RUR,NGS002,1.0,2042,1.052631578947368
RE1,DEMRESNGSWHT_NAT_HIG_RUR,NGS002,1.0,2043,1.052631578947368
RE1,DEMRESNGSWHT_NAT_HIG_RUR,NGS002,1.0,2044,1.052631578947368
RE1,DEMRESNGSWHT_NAT_HIG_RUR,NGS002,1.0,2045,1.052631578947368
RE1,DEMRESNGSWHT_NAT_HIG_RUR,NGS002,1.0,2046,1.052631578947368
RE1,DEMRESNGSWHT_NAT_HIG_RUR,NGS002,1.0,2047,1.052631578947368
RE1,DEMRESNGSWHT_NAT_HIG_RUR,NGS002,1.0,2048,1.052631578947368
RE1,DEMRESNGSWHT_NAT_HIG_RUR,NGS002,1.0,2049,1.052631578947368
RE1,DEMRESNGSWHT_NAT_HIG_RUR,NGS002,1.0,2050,1.052631578947368
RE1,DEMRESNGSWHT_NAT_HIG_RUR,NGS002,1.0,2051,1.052631578947368
RE1,DEMRESNGSWHT_NAT_HIG_RUR,NGS002,1.0,2052,1.052631578947368
RE1,DEMRESNGSWHT_NAT_HIG_RUR,NGS002,1.0,2053,1.052631578947368
RE1,DEMRESNGSWHT_NAT_HIG_RUR,NGS002,1.0,2054,1.052631578947368
RE1,DEMRESNGSWHT_NAT_HIG_RUR,NGS002,1.0,2055,1.052631578947368
RE1,DEMRESNGSWHT_NAT_HIG_URB,NGS002,1.0,2022,1.052631578947368
RE1,DEMRESNGSWHT_NAT_HIG_URB,NGS002,1.0,2023,1.052631578947368
RE1,DEMRESNGSWHT_NAT_HIG_URB,NGS002,1.0,2024,1.052631578947368
RE1,DEMRESNGSWHT_NAT_HIG_URB,NGS002,1.0,2025,1.052631578947368
RE1,DEMRESNGSWHT_NAT_HIG_URB,NGS002,1.0,2026,1.052631578947368
RE1,DEMRESNGSWHT_NAT_HIG_URB,NGS002,1.0,2027,1.052631578947368
RE1,DEMRESNGSWHT_NAT_HIG_URB,NGS002,1.0,2028,1.052631578947368
RE1,DEMRESNGSWHT_NAT_HIG_URB,NGS002,1.0,2029,1.052631578947368
RE1,DEMRESNGSWHT_NAT_HIG_URB,NGS002,1.0,2030,1.052631578947368
RE1,DEMRESNGSWHT_NAT_HIG_URB,NGS002,1.0,2031,1.052631578947368
RE1,DEMRESNGSWHT_NAT_HIG_URB,NGS002,1.0,2032,1.052631578947368
RE1,DEMRESNGSWHT_NAT_HIG_URB,NGS002,1.0,2033,1.052631578947368
RE1,DEMRESNGSWHT_NAT_HIG_URB,NGS002,1.0,2034,1.052631578947368
RE1,DEMRESNGSWHT_NAT_HIG_URB,NGS002,1.0,2035,1.052631578947368
RE1,DEMRESNGSWHT_NAT_HIG_URB,NGS002,1.0,2036,1.052631578947368
RE1,DEMRESNGSWHT_NAT_HIG_URB,NGS002,1.0,2037,1.052631578947368
RE1,DEMRESNGSWHT_NAT_HIG_URB,NGS002,1.0,2038,1.052631578947368
RE1,DEMRESNGSWHT_NAT_HIG_URB,NGS002,1.0,2039,1.052631578947368
RE1,DEMRESNGSWHT_NAT_HIG_URB,NGS002,1.0,2040,1.052631578947368
RE1,DEMRESNGSWHT_NAT_HIG_URB,NGS002,1.0,2041,1.052631578947368
RE1,DEMRESNGSWHT_NAT_HIG_URB,NGS002,1.0,2042,1.052631578947368
RE1,DEMRESNGSWHT_NAT_HIG_URB,NGS002,1.0,2043,1.052631578947368
RE1,DEMRESNGSWHT_NAT_HIG_URB,NGS002,1.0,2044,1.052631578947368
RE1,DEMRESNGSWHT_NAT_HIG_URB,NGS002,1.0,2045,1.052631578947368
RE1,DEMRESNGSWHT_NAT_HIG_URB,NGS002,1.0,2046,1.052631578947368
RE1,DEMRESNGSWHT_NAT_HIG_URB,NGS002,1.0,2047,1.052631578947368
RE1,DEMRESNGSWHT_NAT_HIG_URB,NGS002,1.0,2048,1.052631578947368
RE1,DEMRESNGSWHT_NAT_HIG_URB,NGS002,1.0,2049,1.052631578947368
RE1,DEMRESNGSWHT_NAT_HIG_URB,NGS002,1.0,2050,1.052631578947368
RE1,DEMRESNGSWHT_NAT_HIG_URB,NGS002,1.0,2051,1.052631578947368
RE1,DEMRESNGSWHT_NAT_HIG_URB,NGS002,1.0,2052,1.052631578947368
RE1,DEMRESNGSWHT_NAT_HIG_URB,NGS002,1.0,2053,1.052631578947368
RE1,DEMRESNGSWHT_NAT_HIG_URB,NGS002,1.0,2054,1.052631578947368
RE1,DEMRESNGSWHT_NAT_HIG_URB,NGS002,1.0,2055,1.052631578947368
RE1,DEMRESNGSWHT_NAT_LOW_RUR,NGS002,1.0,2022,1.204819277108434
RE1,DEMRESNGSWHT_NAT_LOW_RUR,NGS002,1.0,2023,1.204819277108434
RE1,DEMRESNGSWHT_NAT_LOW_RUR,NGS002,1.0,2024,1.204819277108434
RE1,DEMRESNGSWHT_NAT_LOW_RUR,NGS002,1.0,2025,1.204819277108434
RE1,DEMRESNGSWHT_NAT_LOW_RUR,NGS002,1.0,2026,1.204819277108434
RE1,DEMRESNGSWHT_NAT_LOW_RUR,NGS002,1.0,2027,1.204819277108434
RE1,DEMRESNGSWHT_NAT_LOW_RUR,NGS002,1.0,2028,1.204819277108434
RE1,DEMRESNGSWHT_NAT_LOW_RUR,NGS002,1.0,2029,1.204819277108434
RE1,DEMRESNGSWHT_NAT_LOW_RUR,NGS002,1.0,2030,1.204819277108434
RE1,DEMRESNGSWHT_NAT_LOW_RUR,NGS002,1.0,2031,1.204819277108434
RE1,DEMRESNGSWHT_NAT_LOW_RUR,NGS002,1.0,2032,1.204819277108434
RE1,DEMRESNGSWHT_NAT_LOW_RUR,NGS002,1.0,2033,1.204819277108434
RE1,DEMRESNGSWHT_NAT_LOW_RUR,NGS002,1.0,2034,1.204819277108434
RE1,DEMRESNGSWHT_NAT_LOW_RUR,NGS002,1.0,2035,1.204819277108434
RE1,DEMRESNGSWHT_NAT_LOW_RUR,NGS002,1.0,2036,1.204819277108434
RE1,DEMRESNGSWHT_NAT_LOW_RUR,NGS002,1.0,2037,1.204819277108434
RE1,DEMRESNGSWHT_NAT_LOW_RUR,NGS002,1.0,2038,1.204819277108434
RE1,DEMRESNGSWHT_NAT_LOW_RUR,NGS002,1.0,2039,1.204819277108434
RE1,DEMRESNGSWHT_NAT_LOW_RUR,NGS002,1.0,2040,1.204819277108434
RE1,DEMRESNGSWHT_NAT_LOW_RUR,NGS002,1.0,2041,1.204819277108434
RE1,DEMRESNGSWHT_NAT_LOW_RUR,NGS002,1.0,2042,1.204819277108434
RE1,DEMRESNGSWHT_NAT_LOW_RUR,NGS002,1.0,2043,1.204819277108434
RE1,DEMRESNGSWHT_NAT_LOW_RUR,NGS002,1.0,2044,1.204819277108434
RE1,DEMRESNGSWHT_NAT_LOW_RUR,NGS002,1.0,2045,1.204819277108434
RE1,DEMRESNGSWHT_NAT_LOW_RUR,NGS002,1.0,2046,1.204819277108434
RE1,DEMRESNGSWHT_NAT_LOW_RUR,NGS002,1.0,2047,1.204819277108434
RE1,DEMRESNGSWHT_NAT_LOW_RUR,NGS002,1.0,2048,1.204819277108434
RE1,DEMRESNGSWHT_NAT_LOW_RUR,NGS002,1.0,2049,1.204819277108434
RE1,DEMRESNGSWHT_NAT_LOW_RUR,NGS002,1.0,2050,1.204819277108434
RE1,DEMRESNGSWHT_NAT_LOW_RUR,NGS002,1.0,2051,1.204819277108434
RE1,DEMRESNGSWHT_NAT_LOW_RUR,NGS002,1.0,2052,1.204819277108434
RE1,DEMRESNGSWHT_NAT_LOW_RUR,NGS002,1.0,2053,1.204819277108434
RE1,DEMRESNGSWHT_NAT_LOW_RUR,NGS002,1.0,2054,1.204819277108434
RE1,DEMRESNGSWHT_NAT_LOW_RUR,NGS002,1.0,2055,1.204819277108434
RE1,DEMRESNGSWHT_NAT_LOW_URB,NGS002,1.0,2022,1.204819277108434
RE1,DEMRESNGSWHT_NAT_LOW_URB,NGS002,1.0,2023,1.204819277108434
RE1,DEMRESNGSWHT_NAT_LOW_URB,NGS002,1.0,2024,1.204819277108434
RE1,DEMRESNGSWHT_NAT_LOW_URB,NGS002,1.0,2025,1.204819277108434
RE1,DEMRESNGSWHT_NAT_LOW_URB,NGS002,1.0,2026,1.204819277108434
RE1,DEMRESNGSWHT_NAT_LOW_URB,NGS002,1.0,2027,1.204819277108434
RE1,DEMRESNGSWHT_NAT_LOW_URB,NGS002,1.0,2028,1.204819277108434
RE1,DEMRESNGSWHT_NAT_LOW_URB,NGS002,1.0,2029,1.204819277108434
RE1,DEMRESNGSWHT_NAT_LOW_URB,NGS002,1.0,2030,1.204819277108434
RE1,DEMRESNGSWHT_NAT_LOW_URB,NGS002,1.0,2031,1.204819277108434
RE1,DEMRESNGSWHT_NAT_LOW_URB,NGS002,1.0,2032,1.204819277108434
RE1,DEMRESNGSWHT_NAT_LOW_URB,NGS002,1.0,2033,1.204819277108434
RE1,DEMRESNGSWHT_NAT_LOW_URB,NGS002,1.0,2034,1.204819277108434
RE1,DEMRESNGSWHT_NAT_LOW_URB,NGS002,1.0,2035,1.204819277108434
RE1,DEMRESNGSWHT_NAT_LOW_URB,NGS002,1.0,2036,1.204819277108434
RE1,DEMRESNGSWHT_NAT_LOW_URB,NGS002,1.0,2037,1.204819277108434
RE1,DEMRESNGSWHT_NAT_LOW_URB,NGS002,1.0,2038,1.204819277108434
RE1,DEMRESNGSWHT_NAT_LOW_URB,NGS002,1.0,2039,1.204819277108434
RE1,DEMRESNGSWHT_NAT_LOW_URB,NGS002,1.0,2040,1.204819277108434
RE1,DEMRESNGSWHT_NAT_LOW_URB,NGS002,1.0,2041,1.204819277108434
RE1,DEMRESNGSWHT_NAT_LOW_URB,NGS002,1.0,2042,1.204819277108434
RE1,DEMRESNGSWHT_NAT_LOW_URB,NGS002,1.0,2043,1.204819277108434
RE1,DEMRESNGSWHT_NAT_LOW_URB,NGS002,1.0,2044,1.204819277108434
RE1,DEMRESNGSWHT_NAT_LOW_URB,NGS002,1.0,2045,1.204819277108434
RE1,DEMRESNGSWHT_NAT_LOW_URB,NGS002,1.0,2046,1.204819277108434
RE1,DEMRESNGSWHT_NAT_LOW_URB,NGS002,1.0,2047,1.204819277108434
RE1,DEMRESNGSWHT_NAT_LOW_URB,NGS002,1.0,2048,1.204819277108434
RE1,DEMRESNGSWHT_NAT_LOW_URB,NGS002,1.0,2049,1.204819277108434
RE1,DEMRESNGSWHT_NAT_LOW_URB,NGS002,1.0,2050,1.204819277108434
RE1,DEMRESNGSWHT_NAT_LOW_URB,NGS002,1.0,2051,1.204819277108434
RE1,DEMRESNGSWHT_NAT_LOW_URB,NGS002,1.0,2052,1.204819277108434
RE1,DEMRESNGSWHT_NAT_LOW_URB,NGS002,1.0,2053,1.204819277108434
RE1,DEMRESNGSWHT_NAT_LOW_URB,NGS002,1.0,2054,1.204819277108434
RE1,DEMRESNGSWHT_NAT_LOW_URB,NGS002,1.0,2055,1.204819277108434
RE1,DEMRESWOOCKN_HIG_RUR,WOO,1.0,2022,2.0
RE1,DEMRESWOOCKN_HIG_RUR,WOO,1.0,2023,2.0
RE1,DEMRESWOOCKN_HIG_RUR,WOO,1.0,2024,2.0
RE1,DEMRESWOOCKN_HIG_RUR,WOO,1.0,2025,2.0
RE1,DEMRESWOOCKN_HIG_RUR,WOO,1.0,2026,2.0
RE1,DEMRESWOOCKN_HIG_RUR,WOO,1.0,2027,2.0
RE1,DEMRESWOOCKN_HIG_RUR,WOO,1.0,2028,2.0
RE1,DEMRESWOOCKN_HIG_RUR,WOO,1.0,2029,2.0
RE1,DEMRESWOOCKN_HIG_RUR,WOO,1.0,2030,2.0
RE1,DEMRESWOOCKN_HIG_RUR,WOO,1.0,2031,2.0
RE1,DEMRESWOOCKN_HIG_RUR,WOO,1.0,2032,2.0
RE1,DEMRESWOOCKN_HIG_RUR,WOO,1.0,2033,2.0
RE1,DEMRESWOOCKN_HIG_RUR,WOO,1.0,2034,2.0
RE1,DEMRESWOOCKN_HIG_RUR,WOO,1.0,2035,2.0
RE1,DEMRESWOOCKN_HIG_RUR,WOO,1.0,2036,2.0
RE1,DEMRESWOOCKN_HIG_RUR,WOO,1.0,2037,2.0
RE1,DEMRESWOOCKN_HIG_RUR,WOO,1.0,2038,2.0
RE1,DEMRESWOOCKN_HIG_RUR,WOO,1.0,2039,2.0
RE1,DEMRESWOOCKN_HIG_RUR,WOO,1.0,2040,2.0
RE1,DEMRESWOOCKN_HIG_RUR,WOO,1.0,2041,2.0
RE1,DEMRESWOOCKN_HIG_RUR,WOO,1.0,2042,2.0
RE1,DEMRESWOOCKN_HIG_RUR,WOO,1.0,2043,2.0
RE1,DEMRESWOOCKN_HIG_RUR,WOO,1.0,2044,2.0
RE1,DEMRESWOOCKN_HIG_RUR,WOO,1.0,2045,2.0
RE1,DEMRESWOOCKN_HIG_RUR,WOO,1.0,2046,2.0
RE1,DEMRESWOOCKN_HIG_RUR,WOO,1.0,2047,2.0
RE1,DEMRESWOOCKN_HIG_RUR,WOO,1.0,2048,2.0
RE1,DEMRESWOOCKN_HIG_RUR,WOO,1.0,2049,2.0
RE1,DEMRESWOOCKN_HIG_RUR,WOO,1.0,2050,2.0
RE1,DEMRESWOOCKN_HIG_RUR,WOO,1.0,2051,2.0
RE1,DEMRESWOOCKN_HIG_RUR,WOO,1.0,2052,2.0
RE1,DEMRESWOOCKN_HIG_RUR,WOO,1.0,2053,2.0
RE1,DEMRESWOOCKN_HIG_RUR,WOO,1.0,2054,2.0
RE1,DEMRESWOOCKN_HIG_RUR,WOO,1.0,2055,2.0
RE1,DEMRESWOOCKN_HIG_URB,WOO,1.0,2022,2.0
RE1,DEMRESWOOCKN_HIG_URB,WOO,1.0,2023,2.0
RE1,DEMRESWOOCKN_HIG_URB,WOO,1.0,2024,2.0
RE1,DEMRESWOOCKN_HIG_URB,WOO,1.0,2025,2.0
RE1,DEMRESWOOCKN_HIG_URB,WOO,1.0,2026,2.0
RE1,DEMRESWOOCKN_HIG_URB,WOO,1.0,2027,2.0
RE1,DEMRESWOOCKN_HIG_URB,WOO,1.0,2028,2.0
RE1,DEMRESWOOCKN_HIG_URB,WOO,1.0,2029,2.0
RE1,DEMRESWOOCKN_HIG_URB,WOO,1.0,2030,2.0
RE1,DEMRESWOOCKN_HIG_URB,WOO,1.0,2031,2.0
RE1,DEMRESWOOCKN_HIG_URB,WOO,1.0,2032,2.0
RE1,DEMRESWOOCKN_HIG_URB,WOO,1.0,2033,2.0
RE1,DEMRESWOOCKN_HIG_URB,WOO,1.0,2034,2.0
RE1,DEMRESWOOCKN_HIG_URB,WOO,1.0,2035,2.0
RE1,DEMRESWOOCKN_HIG_URB,WOO,1.0,2036,2.0
RE1,DEMRESWOOCKN_HIG_URB,WOO,1.0,2037,2.0
RE1,DEMRESWOOCKN_HIG_URB,WOO,1.0,2038,2.0
RE1,DEMRESWOOCKN_HIG_URB,WOO,1.0,2039,2.0
RE1,DEMRESWOOCKN_HIG_URB,WOO,1.0,2040,2.0
RE1,DEMRESWOOCKN_HIG_URB,WOO,1.0,2041,2.0
RE1,DEMRESWOOCKN_HIG_URB,WOO,1.0,2042,2.0
RE1,DEMRESWOOCKN_HIG_URB,WOO,1.0,2043,2.0
RE1,DEMRESWOOCKN_HIG_URB,WOO,1.0,2044,2.0
RE1,DEMRESWOOCKN_HIG_URB,WOO,1.0,2045,2.0
RE1,DEMRESWOOCKN_HIG_URB,WOO,1.0,2046,2.0
RE1,DEMRESWOOCKN_HIG_URB,WOO,1.0,2047,2.0
RE1,DEMRESWOOCKN_HIG_URB,WOO,1.0,2048,2.0
RE1,DEMRESWOOCKN_HIG_URB,WOO,1.0,2049,2.0
RE1,DEMRESWOOCKN_HIG_URB,WOO,1.0,2050,2.0
RE1,DEMRESWOOCKN_HIG_URB,WOO,1.0,2051,2.0
RE1,DEMRESWOOCKN_HIG_URB,WOO,1.0,2052,2.0
RE1,DEMRESWOOCKN_HIG_URB,WOO,1.0,2053,2.0
RE1,DEMRESWOOCKN_HIG_URB,WOO,1.0,2054,2.0
RE1,DEMRESWOOCKN_HIG_URB,WOO,1.0,2055,2.0
RE1,DEMRESWOOCKN_LOW_RUR,WOO,1.0,2022,7.142857142857142
RE1,DEMRESWOOCKN_LOW_RUR,WOO,1.0,2023,7.142857142857142
RE1,DEMRESWOOCKN_LOW_RUR,WOO,1.0,2024,7.142857142857142
RE1,DEMRESWOOCKN_LOW_RUR,WOO,1.0,2025,7.142857142857142
RE1,DEMRESWOOCKN_LOW_RUR,WOO,1.0,2026,7.142857142857142
RE1,DEMRESWOOCKN_LOW_RUR,WOO,1.0,2027,7.142857142857142
RE1,DEMRESWOOCKN_LOW_RUR,WOO,1.0,2028,7.142857142857142
RE1,DEMRESWOOCKN_LOW_RUR,WOO,1.0,2029,7.142857142857142
RE1,DEMRESWOOCKN_LOW_RUR,WOO,1.0,2030,7.142857142857142
RE1,DEMRESWOOCKN_LOW_RUR,WOO,1.0,2031,7.142857142857142
RE1,DEMRESWOOCKN_LOW_RUR,WOO,1.0,2032,7.142857142857142
RE1,DEMRESWOOCKN_LOW_RUR,WOO,1.0,2033,7.142857142857142
RE1,DEMRESWOOCKN_LOW_RUR,WOO,1.0,2034,7.142857142857142
RE1,DEMRESWOOCKN_LOW_RUR,WOO,1.0,2035,7.142857142857142
RE1,DEMRESWOOCKN_LOW_RUR,WOO,1.0,2036,7.142857142857142
RE1,DEMRESWOOCKN_LOW_RUR,WOO,1.0,2037,7.142857142857142
RE1,DEMRESWOOCKN_LOW_RUR,WOO,1.0,2038,7.142857142857142
RE1,DEMRESWOOCKN_LOW_RUR,WOO,1.0,2039,7.142857142857142
RE1,DEMRESWOOCKN_LOW_RUR,WOO,1.0,2040,7.142857142857142
RE1,DEMRESWOOCKN_LOW_RUR,WOO,1.0,2041,7.142857142857142
RE1,DEMRESWOOCKN_LOW_RUR,WOO,1.0,2042,7.142857142857142
RE1,DEMRESWOOCKN_LOW_RUR,WOO,1.0,2043,7.142857142857142
RE1,DEMRESWOOCKN_LOW_RUR,WOO,1.0,2044,7.142857142857142
RE1,DEMRESWOOCKN_LOW_RUR,WOO,1.0,2045,7.142857142857142
RE1,DEMRESWOOCKN_LOW_RUR,WOO,1.0,2046,7.142857142857142
RE1,DEMRESWOOCKN_LOW_RUR,WOO,1.0,2047,7.142857142857142
RE1,DEMRESWOOCKN_LOW_RUR,WOO,1.0,2048,7.142857142857142
RE1,DEMRESWOOCKN_LOW_RUR,WOO,1.0,2049,7.142857142857142
RE1,DEMRESWOOCKN_LOW_RUR,WOO,1.0,2050,7.142857142857142
RE1,DEMRESWOOCKN_LOW_RUR,WOO,1.0,2051,7.142857142857142
RE1,DEMRESWOOCKN_LOW_RUR,WOO,1.0,2052,7.142857142857142
RE1,DEMRESWOOCKN_LOW_RUR,WOO,1.0,2053,7.142857142857142
RE1,DEMRESWOOCKN_LOW_RUR,WOO,1.0,2054,7.142857142857142
RE1,DEMRESWOOCKN_LOW_RUR,WOO,1.0,2055,7.142857142857142
RE1,DEMRESWOOCKN_LOW_URB,WOO,1.0,2022,7.142857142857142
RE1,DEMRESWOOCKN_LOW_URB,WOO,1.0,2023,7.142857142857142
RE1,DEMRESWOOCKN_LOW_URB,WOO,1.0,2024,7.142857142857142
RE1,DEMRESWOOCKN_LOW_URB,WOO,1.0,2025,7.142857142857142
RE1,DEMRESWOOCKN_LOW_URB,WOO,1.0,2026,7.142857142857142
RE1,DEMRESWOOCKN_LOW_URB,WOO,1.0,2027,7.142857142857142
RE1,DEMRESWOOCKN_LOW_URB,WOO,1.0,2028,7.142857142857142
RE1,DEMRESWOOCKN_LOW_URB,WOO,1.0,2029,7.142857142857142
RE1,DEMRESWOOCKN_LOW_URB,WOO,1.0,2030,7.142857142857142
RE1,DEMRESWOOCKN_LOW_URB,WOO,1.0,2031,7.142857142857142
RE1,DEMRESWOOCKN_LOW_URB,WOO,1.0,2032,7.142857142857142
RE1,DEMRESWOOCKN_LOW_URB,WOO,1.0,2033,7.142857142857142
RE1,DEMRESWOOCKN_LOW_URB,WOO,1.0,2034,7.142857142857142
RE1,DEMRESWOOCKN_LOW_URB,WOO,1.0,2035,7.142857142857142
RE1,DEMRESWOOCKN_LOW_URB,WOO,1.0,2036,7.142857142857142
RE1,DEMRESWOOCKN_LOW_URB,WOO,1.0,2037,7.142857142857142
RE1,DEMRESWOOCKN_LOW_URB,WOO,1.0,2038,7.142857142857142
RE1,DEMRESWOOCKN_LOW_URB,WOO,1.0,2039,7.142857142857142
RE1,DEMRESWOOCKN_LOW_URB,WOO,1.0,2040,7.142857142857142
RE1,DEMRESWOOCKN_LOW_URB,WOO,1.0,2041,7.142857142857142
RE1,DEMRESWOOCKN_LOW_URB,WOO,1.0,2042,7.142857142857142
RE1,DEMRESWOOCKN_LOW_URB,WOO,1.0,2043,7.142857142857142
RE1,DEMRESWOOCKN_LOW_URB,WOO,1.0,2044,7.142857142857142
RE1,DEMRESWOOCKN_LOW_URB,WOO,1.0,2045,7.142857142857142
RE1,DEMRESWOOCKN_LOW_URB,WOO,1.0,2046,7.142857142857142
RE1,DEMRESWOOCKN_LOW_URB,WOO,1.0,2047,7.142857142857142
RE1,DEMRESWOOCKN_LOW_URB,WOO,1.0,2048,7.142857142857142
RE1,DEMRESWOOCKN_LOW_URB,WOO,1.0,2049,7.142857142857142
RE1,DEMRESWOOCKN_LOW_URB,WOO,1.0,2050,7.142857142857142
RE1,DEMRESWOOCKN_LOW_URB,WOO,1.0,2051,7.142857142857142
RE1,DEMRESWOOCKN_LOW_URB,WOO,1.0,2052,7.142857142857142
RE1,DEMRESWOOCKN_LOW_URB,WOO,1.0,2053,7.142857142857142
RE1,DEMRESWOOCKN_LOW_URB,WOO,1.0,2054,7.142857142857142
RE1,DEMRESWOOCKN_LOW_URB,WOO,1.0,2055,7.142857142857142
RE1,DEMRESWOOCKN_MID_RUR,WOO,1.0,2022,3.333333333333333
RE1,DEMRESWOOCKN_MID_RUR,WOO,1.0,2023,3.333333333333333
RE1,DEMRESWOOCKN_MID_RUR,WOO,1.0,2024,3.333333333333333
RE1,DEMRESWOOCKN_MID_RUR,WOO,1.0,2025,3.333333333333333
RE1,DEMRESWOOCKN_MID_RUR,WOO,1.0,2026,3.333333333333333
RE1,DEMRESWOOCKN_MID_RUR,WOO,1.0,2027,3.333333333333333
RE1,DEMRESWOOCKN_MID_RUR,WOO,1.0,2028,3.333333333333333
RE1,DEMRESWOOCKN_MID_RUR,WOO,1.0,2029,3.333333333333333
RE1,DEMRESWOOCKN_MID_RUR,WOO,1.0,2030,3.333333333333333
RE1,DEMRESWOOCKN_MID_RUR,WOO,1.0,2031,3.333333333333333
RE1,DEMRESWOOCKN_MID_RUR,WOO,1.0,2032,3.333333333333333
RE1,DEMRESWOOCKN_MID_RUR,WOO,1.0,2033,3.333333333333333
RE1,DEMRESWOOCKN_MID_RUR,WOO,1.0,2034,3.333333333333333
RE1,DEMRESWOOCKN_MID_RUR,WOO,1.0,2035,3.333333333333333
RE1,DEMRESWOOCKN_MID_RUR,WOO,1.0,2036,3.333333333333333
RE1,DEMRESWOOCKN_MID_RUR,WOO,1.0,2037,3.333333333333333
RE1,DEMRESWOOCKN_MID_RUR,WOO,1.0,2038,3.333333333333333
RE1,DEMRESWOOCKN_MID_RUR,WOO,1.0,2039,3.333333333333333
RE1,DEMRESWOOCKN_MID_RUR,WOO,1.0,2040,3.333333333333333
RE1,DEMRESWOOCKN_MID_RUR,WOO,1.0,2041,3.333333333333333
RE1,DEMRESWOOCKN_MID_RUR,WOO,1.0,2042,3.333333333333333
RE1,DEMRESWOOCKN_MID_RUR,WOO,1.0,2043,3.333333333333333
RE1,DEMRESWOOCKN_MID_RUR,WOO,1.0,2044,3.333333333333333
RE1,DEMRESWOOCKN_MID_RUR,WOO,1.0,2045,3.333333333333333
RE1,DEMRESWOOCKN_MID_RUR,WOO,1.0,2046,3.333333333333333
RE1,DEMRESWOOCKN_MID_RUR,WOO,1.0,2047,3.333333333333333
RE1,DEMRESWOOCKN_MID_RUR,WOO,1.0,2048,3.333333333333333
RE1,DEMRESWOOCKN_MID_RUR,WOO,1.0,2049,3.333333333333333
RE1,DEMRESWOOCKN_MID_RUR,WOO,1.0,2050,3.333333333333333
RE1,DEMRESWOOCKN_MID_RUR,WOO,1.0,2051,3.333333333333333
RE1,DEMRESWOOCKN_MID_RUR,WOO,1.0,2052,3.333333333333333
RE1,DEMRESWOOCKN_MID_RUR,WOO,1.0,2053,3.333333333333333
RE1,DEMRESWOOCKN_MID_RUR,WOO,1.0,2054,3.333333333333333
RE1,DEMRESWOOCKN_MID_RUR,WOO,1.0,2055,3.333333333333333
RE1,DEMRESWOOCKN_MID_URB,WOO,1.0,2022,3.333333333333333
RE1,DEMRESWOOCKN_MID_URB,WOO,1.0,2023,3.333333333333333
RE1,DEMRESWOOCKN_MID_URB,WOO,1.0,2024,3.333333333333333
RE1,DEMRESWOOCKN_MID_URB,WOO,1.0,2025,3.333333333333333
RE1,DEMRESWOOCKN_MID_URB,WOO,1.0,2026,3.333333333333333
RE1,DEMRESWOOCKN_MID_URB,WOO,1.0,2027,3.333333333333333
RE1,DEMRESWOOCKN_MID_URB,WOO,1.0,2028,3.333333333333333
RE1,DEMRESWOOCKN_MID_URB,WOO,1.0,2029,3.333333333333333
RE1,DEMRESWOOCKN_MID_URB,WOO,1.0,2030,3.333333333333333
RE1,DEMRESWOOCKN_MID_URB,WOO,1.0,2031,3.333333333333333
RE1,DEMRESWOOCKN_MID_URB,WOO,1.0,2032,3.333333333333333
RE1,DEMRESWOOCKN_MID_URB,WOO,1.0,2033,3.333333333333333
RE1,DEMRESWOOCKN_MID_URB,WOO,1.0,2034,3.333333333333333
RE1,DEMRESWOOCKN_MID_URB,WOO,1.0,2035,3.333333333333333
RE1,DEMRESWOOCKN_MID_URB,WOO,1.0,2036,3.333333333333333
RE1,DEMRESWOOCKN_MID_URB,WOO,1.0,2037,3.333333333333333
RE1,DEMRESWOOCKN_MID_URB,WOO,1.0,2038,3.333333333333333
RE1,DEMRESWOOCKN_MID_URB,WOO,1.0,2039,3.333333333333333
RE1,DEMRESWOOCKN_MID_URB,WOO,1.0,2040,3.333333333333333
RE1,DEMRESWOOCKN_MID_URB,WOO,1.0,2041,3.333333333333333
RE1,DEMRESWOOCKN_MID_URB,WOO,1.0,2042,3.333333333333333
RE1,DEMRESWOOCKN_MID_URB,WOO,1.0,2043,3.333333333333333
RE1,DEMRESWOOCKN_MID_URB,WOO,1.0,2044,3.333333333333333
RE1,DEMRESWOOCKN_MID_URB,WOO,1.0,2045,3.333333333333333
RE1,DEMRESWOOCKN_MID_URB,WOO,1.0,2046,3.333333333333333
RE1,DEMRESWOOCKN_MID_URB,WOO,1.0,2047,3.333333333333333
RE1,DEMRESWOOCKN_MID_URB,WOO,1.0,2048,3.333333333333333
RE1,DEMRESWOOCKN_MID_URB,WOO,1.0,2049,3.333333333333333
RE1,DEMRESWOOCKN_MID_URB,WOO,1.0,2050,3.333333333333333
RE1,DEMRESWOOCKN_MID_URB,WOO,1.0,2051,3.333333333333333
RE1,DEMRESWOOCKN_MID_URB,WOO,1.0,2052,3.333333333333333
RE1,DEMRESWOOCKN_MID_URB,WOO,1.0,2053,3.333333333333333
RE1,DEMRESWOOCKN_MID_URB,WOO,1.0,2054,3.333333333333333
RE1,DEMRESWOOCKN_MID_URB,WOO,1.0,2055,3.333333333333333
RE1,DEMRESZNIELCCKN_LOW,ELCZNI,1.0,2022,1.333333333333333
RE1,DEMRESZNIELCCKN_LOW,ELCZNI,1.0,2023,1.333333333333333
RE1,DEMRESZNIELCCKN_LOW,ELCZNI,1.0,2024,1.333333333333333
RE1,DEMRESZNIELCCKN_LOW,ELCZNI,1.0,2025,1.333333333333333
RE1,DEMRESZNIELCCKN_LOW,ELCZNI,1.0,2026,1.333333333333333
RE1,DEMRESZNIELCCKN_LOW,ELCZNI,1.0,2027,1.333333333333333
RE1,DEMRESZNIELCCKN_LOW,ELCZNI,1.0,2028,1.333333333333333
RE1,DEMRESZNIELCCKN_LOW,ELCZNI,1.0,2029,1.333333333333333
RE1,DEMRESZNIELCCKN_LOW,ELCZNI,1.0,2030,1.333333333333333
RE1,DEMRESZNIELCCKN_LOW,ELCZNI,1.0,2031,1.333333333333333
RE1,DEMRESZNIELCCKN_LOW,ELCZNI,1.0,2032,1.333333333333333
RE1,DEMRESZNIELCCKN_LOW,ELCZNI,1.0,2033,1.333333333333333
RE1,DEMRESZNIELCCKN_LOW,ELCZNI,1.0,2034,1.333333333333333
RE1,DEMRESZNIELCCKN_LOW,ELCZNI,1.0,2035,1.333333333333333
RE1,DEMRESZNIELCCKN_LOW,ELCZNI,1.0,2036,1.333333333333333
RE1,DEMRESZNIELCCKN_LOW,ELCZNI,1.0,2037,1.333333333333333
RE1,DEMRESZNIELCCKN_LOW,ELCZNI,1.0,2038,1.333333333333333
RE1,DEMRESZNIELCCKN_LOW,ELCZNI,1.0,2039,1.333333333333333
RE1,DEMRESZNIELCCKN_LOW,ELCZNI,1.0,2040,1.333333333333333
RE1,DEMRESZNIELCCKN_LOW,ELCZNI,1.0,2041,1.333333333333333
RE1,DEMRESZNIELCCKN_LOW,ELCZNI,1.0,2042,1.333333333333333
RE1,DEMRESZNIELCCKN_LOW,ELCZNI,1.0,2043,1.333333333333333
RE1,DEMRESZNIELCCKN_LOW,ELCZNI,1.0,2044,1.333333333333333
RE1,DEMRESZNIELCCKN_LOW,ELCZNI,1.0,2045,1.333333333333333
RE1,DEMRESZNIELCCKN_LOW,ELCZNI,1.0,2046,1.333333333333333
RE1,DEMRESZNIELCCKN_LOW,ELCZNI,1.0,2047,1.333333333333333
RE1,DEMRESZNIELCCKN_LOW,ELCZNI,1.0,2048,1.333333333333333
RE1,DEMRESZNIELCCKN_LOW,ELCZNI,1.0,2049,1.333333333333333
RE1,DEMRESZNIELCCKN_LOW,ELCZNI,1.0,2050,1.333333333333333
RE1,DEMRESZNIELCCKN_LOW,ELCZNI,1.0,2051,1.333333333333333
RE1,DEMRESZNIELCCKN_LOW,ELCZNI,1.0,2052,1.333333333333333
RE1,DEMRESZNIELCCKN_LOW,ELCZNI,1.0,2053,1.333333333333333
RE1,DEMRESZNIELCCKN_LOW,ELCZNI,1.0,2054,1.333333333333333
RE1,DEMRESZNIELCCKN_LOW,ELCZNI,1.0,2055,1.333333333333333
RE1,DEMRESZNIELC_LOW,ELCZNI,1.0,2022,2.439024390243902
RE1,DEMRESZNIELC_LOW,ELCZNI,1.0,2023,2.439024390243902
RE1,DEMRESZNIELC_LOW,ELCZNI,1.0,2024,2.439024390243902
RE1,DEMRESZNIELC_LOW,ELCZNI,1.0,2025,2.439024390243902
RE1,DEMRESZNIELC_LOW,ELCZNI,1.0,2026,2.439024390243902
RE1,DEMRESZNIELC_LOW,ELCZNI,1.0,2027,2.439024390243902
RE1,DEMRESZNIELC_LOW,ELCZNI,1.0,2028,2.439024390243902
RE1,DEMRESZNIELC_LOW,ELCZNI,1.0,2029,2.439024390243902
RE1,DEMRESZNIELC_LOW,ELCZNI,1.0,2030,2.439024390243902
RE1,DEMRESZNIELC_LOW,ELCZNI,1.0,2031,2.439024390243902
RE1,DEMRESZNIELC_LOW,ELCZNI,1.0,2032,2.439024390243902
RE1,DEMRESZNIELC_LOW,ELCZNI,1.0,2033,2.439024390243902
RE1,DEMRESZNIELC_LOW,ELCZNI,1.0,2034,2.439024390243902
RE1,DEMRESZNIELC_LOW,ELCZNI,1.0,2035,2.439024390243902
RE1,DEMRESZNIELC_LOW,ELCZNI,1.0,2036,2.439024390243902
RE1,DEMRESZNIELC_LOW,ELCZNI,1.0,2037,2.439024390243902
RE1,DEMRESZNIELC_LOW,ELCZNI,1.0,2038,2.439024390243902
RE1,DEMRESZNIELC_LOW,ELCZNI,1.0,2039,2.439024390243902
RE1,DEMRESZNIELC_LOW,ELCZNI,1.0,2040,2.439024390243902
RE1,DEMRESZNIELC_LOW,ELCZNI,1.0,2041,2.439024390243902
RE1,DEMRESZNIELC_LOW,ELCZNI,1.0,2042,2.439024390243902
RE1,DEMRESZNIELC_LOW,ELCZNI,1.0,2043,2.439024390243902
RE1,DEMRESZNIELC_LOW,ELCZNI,1.0,2044,2.439024390243902
RE1,DEMRESZNIELC_LOW,ELCZNI,1.0,2045,2.439024390243902
RE1,DEMRESZNIELC_LOW,ELCZNI,1.0,2046,2.439024390243902
RE1,DEMRESZNIELC_LOW,ELCZNI,1.0,2047,2.439024390243902
RE1,DEMRESZNIELC_LOW,ELCZNI,1.0,2048,2.439024390243902
RE1,DEMRESZNIELC_LOW,ELCZNI,1.0,2049,2.439024390243902
RE1,DEMRESZNIELC_LOW,ELCZNI,1.0,2050,2.439024390243902
RE1,DEMRESZNIELC_LOW,ELCZNI,1.0,2051,2.439024390243902
RE1,DEMRESZNIELC_LOW,ELCZNI,1.0,2052,2.439024390243902
RE1,DEMRESZNIELC_LOW,ELCZNI,1.0,2053,2.439024390243902
RE1,DEMRESZNIELC_LOW,ELCZNI,1.0,2054,2.439024390243902
RE1,DEMRESZNIELC_LOW,ELCZNI,1.0,2055,2.439024390243902
RE1,DEMRESZNILPGCKN_MID,LPG002,1.0,2022,1.885431335670275
RE1,DEMRESZNILPGCKN_MID,LPG002,1.0,2023,1.884211741231092
RE1,DEMRESZNILPGCKN_MID,LPG002,1.0,2024,1.881976850863824
RE1,DEMRESZNILPGCKN_MID,LPG002,1.0,2025,1.878059972578479
RE1,DEMRESZNILPGCKN_MID,LPG002,1.0,2026,1.871703041449743
RE1,DEMRESZNILPGCKN_MID,LPG002,1.0,2027,1.862570057435885
RE1,DEMRESZNILPGCKN_MID,LPG002,1.0,2028,1.851508979818552
RE1,DEMRESZNILPGCKN_MID,LPG002,1.0,2029,1.840578501480627
RE1,DEMRESZNILPGCKN_MID,LPG002,1.0,2030,1.831746019989357
RE1,DEMRESZNILPGCKN_MID,LPG002,1.0,2031,1.825698248696688
RE1,DEMRESZNILPGCKN_MID,LPG002,1.0,2032,1.822011898836278
RE1,DEMRESZNILPGCKN_MID,LPG002,1.0,2033,1.819922043449362
RE1,DEMRESZNILPGCKN_MID,LPG002,1.0,2034,1.818785700751493
RE1,DEMRESZNILPGCKN_MID,LPG002,1.0,2035,1.818181818181818
RE1,DEMRESZNILPGCKN_MID,LPG002,1.0,2036,1.818181818181818
RE1,DEMRESZNILPGCKN_MID,LPG002,1.0,2037,1.818181818181818
RE1,DEMRESZNILPGCKN_MID,LPG002,1.0,2038,1.818181818181818
RE1,DEMRESZNILPGCKN_MID,LPG002,1.0,2039,1.818181818181818
RE1,DEMRESZNILPGCKN_MID,LPG002,1.0,2040,1.818181818181818
RE1,DEMRESZNILPGCKN_MID,LPG002,1.0,2041,1.818181818181818
RE1,DEMRESZNILPGCKN_MID,LPG002,1.0,2042,1.818181818181818
RE1,DEMRESZNILPGCKN_MID,LPG002,1.0,2043,1.818181818181818
RE1,DEMRESZNILPGCKN_MID,LPG002,1.0,2044,1.818181818181818
RE1,DEMRESZNILPGCKN_MID,LPG002,1.0,2045,1.818181818181818
RE1,DEMRESZNILPGCKN_MID,LPG002,1.0,2046,1.818181818181818
RE1,DEMRESZNILPGCKN_MID,LPG002,1.0,2047,1.818181818181818
RE1,DEMRESZNILPGCKN_MID,LPG002,1.0,2048,1.818181818181818
RE1,DEMRESZNILPGCKN_MID,LPG002,1.0,2049,1.818181818181818
RE1,DEMRESZNILPGCKN_MID,LPG002,1.0,2050,1.818181818181818
RE1,DEMRESZNILPGCKN_MID,LPG002,1.0,2051,1.818181818181818
RE1,DEMRESZNILPGCKN_MID,LPG002,1.0,2052,1.818181818181818
RE1,DEMRESZNILPGCKN_MID,LPG002,1.0,2053,1.818181818181818
RE1,DEMRESZNILPGCKN_MID,LPG002,1.0,2054,1.818181818181818
RE1,DEMRESZNILPGCKN_MID,LPG002,1.0,2055,1.818181818181818
RE1,DEMRESZNIWOOCKN_LOW,WOO,1.0,2022,7.142857142857142
RE1,DEMRESZNIWOOCKN_LOW,WOO,1.0,2023,7.142857142857142
RE1,DEMRESZNIWOOCKN_LOW,WOO,1.0,2024,7.142857142857142
RE1,DEMRESZNIWOOCKN_LOW,WOO,1.0,2025,7.142857142857142
RE1,DEMRESZNIWOOCKN_LOW,WOO,1.0,2026,7.142857142857142
RE1,DEMRESZNIWOOCKN_LOW,WOO,1.0,2027,7.142857142857142
RE1,DEMRESZNIWOOCKN_LOW,WOO,1.0,2028,7.142857142857142
RE1,DEMRESZNIWOOCKN_LOW,WOO,1.0,2029,7.142857142857142
RE1,DEMRESZNIWOOCKN_LOW,WOO,1.0,2030,7.142857142857142
RE1,DEMRESZNIWOOCKN_LOW,WOO,1.0,2031,7.142857142857142
RE1,DEMRESZNIWOOCKN_LOW,WOO,1.0,2032,7.142857142857142
RE1,DEMRESZNIWOOCKN_LOW,WOO,1.0,2033,7.142857142857142
RE1,DEMRESZNIWOOCKN_LOW,WOO,1.0,2034,7.142857142857142
RE1,DEMRESZNIWOOCKN_LOW,WOO,1.0,2035,7.142857142857142
RE1,DEMRESZNIWOOCKN_LOW,WOO,1.0,2036,7.142857142857142
RE1,DEMRESZNIWOOCKN_LOW,WOO,1.0,2037,7.142857142857142
RE1,DEMRESZNIWOOCKN_LOW,WOO,1.0,2038,7.142857142857142
RE1,DEMRESZNIWOOCKN_LOW,WOO,1.0,2039,7.142857142857142
RE1,DEMRESZNIWOOCKN_LOW,WOO,1.0,2040,7.142857142857142
RE1,DEMRESZNIWOOCKN_LOW,WOO,1.0,2041,7.142857142857142
RE1,DEMRESZNIWOOCKN_LOW,WOO,1.0,2042,7.142857142857142
RE1,DEMRESZNIWOOCKN_LOW,WOO,1.0,2043,7.142857142857142
RE1,DEMRESZNIWOOCKN_LOW,WOO,1.0,2044,7.142857142857142
RE1,DEMRESZNIWOOCKN_LOW,WOO,1.0,2045,7.142857142857142
RE1,DEMRESZNIWOOCKN_LOW,WOO,1.0,2046,7.142857142857142
RE1,DEMRESZNIWOOCKN_LOW,WOO,1.0,2047,7.142857142857142
RE1,DEMRESZNIWOOCKN_LOW,WOO,1.0,2048,7.142857142857142
RE1,DEMRESZNIWOOCKN_LOW,WOO,1.0,2049,7.142857142857142
RE1,DEMRESZNIWOOCKN_LOW,WOO,1.0,2050,7.142857142857142
RE1,DEMRESZNIWOOCKN_LOW,WOO,1.0,2051,7.142857142857142
RE1,DEMRESZNIWOOCKN_LOW,WOO,1.0,2052,7.142857142857142
RE1,DEMRESZNIWOOCKN_LOW,WOO,1.0,2053,7.142857142857142
RE1,DEMRESZNIWOOCKN_LOW,WOO,1.0,2054,7.142857142857142
RE1,DEMRESZNIWOOCKN_LOW,WOO,1.0,2055,7.142857142857142
RE1,DEMTERBGSCKN_HIG,BGS,1.0,2022,1.111111111111111
RE1,DEMTERBGSCKN_HIG,BGS,1.0,2023,1.111111111111111
RE1,DEMTERBGSCKN_HIG,BGS,1.0,2024,1.111111111111111
RE1,DEMTERBGSCKN_HIG,BGS,1.0,2025,1.111111111111111
RE1,DEMTERBGSCKN_HIG,BGS,1.0,2026,1.111111111111111
RE1,DEMTERBGSCKN_HIG,BGS,1.0,2027,1.111111111111111
RE1,DEMTERBGSCKN_HIG,BGS,1.0,2028,1.111111111111111
RE1,DEMTERBGSCKN_HIG,BGS,1.0,2029,1.111111111111111
RE1,DEMTERBGSCKN_HIG,BGS,1.0,2030,1.111111111111111
RE1,DEMTERBGSCKN_HIG,BGS,1.0,2031,1.111111111111111
RE1,DEMTERBGSCKN_HIG,BGS,1.0,2032,1.111111111111111
RE1,DEMTERBGSCKN_HIG,BGS,1.0,2033,1.111111111111111
RE1,DEMTERBGSCKN_HIG,BGS,1.0,2034,1.111111111111111
RE1,DEMTERBGSCKN_HIG,BGS,1.0,2035,1.111111111111111
RE1,DEMTERBGSCKN_HIG,BGS,1.0,2036,1.111111111111111
RE1,DEMTERBGSCKN_HIG,BGS,1.0,2037,1.111111111111111
RE1,DEMTERBGSCKN_HIG,BGS,1.0,2038,1.111111111111111
RE1,DEMTERBGSCKN_HIG,BGS,1.0,2039,1.111111111111111
RE1,DEMTERBGSCKN_HIG,BGS,1.0,2040,1.111111111111111
RE1,DEMTERBGSCKN_HIG,BGS,1.0,2041,1.111111111111111
RE1,DEMTERBGSCKN_HIG,BGS,1.0,2042,1.111111111111111
RE1,DEMTERBGSCKN_HIG,BGS,1.0,2043,1.111111111111111
RE1,DEMTERBGSCKN_HIG,BGS,1.0,2044,1.111111111111111
RE1,DEMTERBGSCKN_HIG,BGS,1.0,2045,1.111111111111111
RE1,DEMTERBGSCKN_HIG,BGS,1.0,2046,1.111111111111111
RE1,DEMTERBGSCKN_HIG,BGS,1.0,2047,1.111111111111111
RE1,DEMTERBGSCKN_HIG,BGS,1.0,2048,1.111111111111111
RE1,DEMTERBGSCKN_HIG,BGS,1.0,2049,1.111111111111111
RE1,DEMTERBGSCKN_HIG,BGS,1.0,2050,1.111111111111111
RE1,DEMTERBGSCKN_HIG,BGS,1.0,2051,1.111111111111111
RE1,DEMTERBGSCKN_HIG,BGS,1.0,2052,1.111111111111111
RE1,DEMTERBGSCKN_HIG,BGS,1.0,2053,1.111111111111111
RE1,DEMTERBGSCKN_HIG,BGS,1.0,2054,1.111111111111111
RE1,DEMTERBGSCKN_HIG,BGS,1.0,2055,1.111111111111111
RE1,DEMTERBGSCKN_LOW,BGS,1.0,2022,1.538461538461538
RE1,DEMTERBGSCKN_LOW,BGS,1.0,2023,1.538461538461538
RE1,DEMTERBGSCKN_LOW,BGS,1.0,2024,1.538461538461538
RE1,DEMTERBGSCKN_LOW,BGS,1.0,2025,1.538461538461538
RE1,DEMTERBGSCKN_LOW,BGS,1.0,2026,1.538461538461538
RE1,DEMTERBGSCKN_LOW,BGS,1.0,2027,1.538461538461538
RE1,DEMTERBGSCKN_LOW,BGS,1.0,2028,1.538461538461538
RE1,DEMTERBGSCKN_LOW,BGS,1.0,2029,1.538461538461538
RE1,DEMTERBGSCKN_LOW,BGS,1.0,2030,1.538461538461538
RE1,DEMTERBGSCKN_LOW,BGS,1.0,2031,1.538461538461538
RE1,DEMTERBGSCKN_LOW,BGS,1.0,2032,1.538461538461538
RE1,DEMTERBGSCKN_LOW,BGS,1.0,2033,1.538461538461538
RE1,DEMTERBGSCKN_LOW,BGS,1.0,2034,1.538461538461538
RE1,DEMTERBGSCKN_LOW,BGS,1.0,2035,1.538461538461538
RE1,DEMTERBGSCKN_LOW,BGS,1.0,2036,1.538461538461538
RE1,DEMTERBGSCKN_LOW,BGS,1.0,2037,1.538461538461538
RE1,DEMTERBGSCKN_LOW,BGS,1.0,2038,1.538461538461538
RE1,DEMTERBGSCKN_LOW,BGS,1.0,2039,1.538461538461538
RE1,DEMTERBGSCKN_LOW,BGS,1.0,2040,1.538461538461538
RE1,DEMTERBGSCKN_LOW,BGS,1.0,2041,1.538461538461538
RE1,DEMTERBGSCKN_LOW,BGS,1.0,2042,1.538461538461538
RE1,DEMTERBGSCKN_LOW,BGS,1.0,2043,1.538461538461538
RE1,DEMTERBGSCKN_LOW,BGS,1.0,2044,1.538461538461538
RE1,DEMTERBGSCKN_LOW,BGS,1.0,2045,1.538461538461538
RE1,DEMTERBGSCKN_LOW,BGS,1.0,2046,1.538461538461538
RE1,DEMTERBGSCKN_LOW,BGS,1.0,2047,1.538461538461538
RE1,DEMTERBGSCKN_LOW,BGS,1.0,2048,1.538461538461538
RE1,DEMTERBGSCKN_LOW,BGS,1.0,2049,1.538461538461538
RE1,DEMTERBGSCKN_LOW,BGS,1.0,2050,1.538461538461538
RE1,DEMTERBGSCKN_LOW,BGS,1.0,2051,1.538461538461538
RE1,DEMTERBGSCKN_LOW,BGS,1.0,2052,1.538461538461538
RE1,DEMTERBGSCKN_LOW,BGS,1.0,2053,1.538461538461538
RE1,DEMTERBGSCKN_LOW,BGS,1.0,2054,1.538461538461538
RE1,DEMTERBGSCKN_LOW,BGS,1.0,2055,1.538461538461538
RE1,DEMTERBGSCKN_MID,BGS,1.0,2022,1.533291871866628
RE1,DEMTERBGSCKN_MID,BGS,1.0,2023,1.530936088964237
RE1,DEMTERBGSCKN_MID,BGS,1.0,2024,1.527547809454725
RE1,DEMTERBGSCKN_MID,BGS,1.0,2025,1.522718762437479
RE1,DEMTERBGSCKN_MID,BGS,1.0,2026,1.515925034587994
RE1,DEMTERBGSCKN_MID,BGS,1.0,2027,1.506539752105732
RE1,DEMTERBGSCKN_MID,BGS,1.0,2028,1.493895295855627
RE1,DEMTERBGSCKN_MID,BGS,1.0,2029,1.477423192365256
RE1,DEMTERBGSCKN_MID,BGS,1.0,2030,1.456879978915995
RE1,DEMTERBGSCKN_MID,BGS,1.0,2031,1.432608061747483
RE1,DEMTERBGSCKN_MID,BGS,1.0,2032,1.405697258894912
RE1,DEMTERBGSCKN_MID,BGS,1.0,2033,1.377884946606958
RE1,DEMTERBGSCKN_MID,BGS,1.0,2034,1.351151838435045
RE1,DEMTERBGSCKN_MID,BGS,1.0,2035,1.327188667422295
RE1,DEMTERBGSCKN_MID,BGS,1.0,2036,1.307015855645881
RE1,DEMTERBGSCKN_MID,BGS,1.0,2037,1.290912464511758
RE1,DEMTERBGSCKN_MID,BGS,1.0,2038,1.27859408793679
RE1,DEMTERBGSCKN_MID,BGS,1.0,2039,1.269474899019042
RE1,DEMTERBGSCKN_MID,BGS,1.0,2040,1.262886536627227
RE1,DEMTERBGSCKN_MID,BGS,1.0,2041,1.258209958727538
RE1,DEMTERBGSCKN_MID,BGS,1.0,2042,1.254931873871653
RE1,DEMTERBGSCKN_MID,BGS,1.0,2043,1.252654267185714
RE1,DEMTERBGSCKN_MID,BGS,1.0,2044,1.251081479180933
RE1,DEMTERBGSCKN_MID,BGS,1.0,2045,1.25
RE1,DEMTERBGSCKN_MID,BGS,1.0,2046,1.25
RE1,DEMTERBGSCKN_MID,BGS,1.0,2047,1.25
RE1,DEMTERBGSCKN_MID,BGS,1.0,2048,1.25
RE1,DEMTERBGSCKN_MID,BGS,1.0,2049,1.25
RE1,DEMTERBGSCKN_MID,BGS,1.0,2050,1.25
RE1,DEMTERBGSCKN_MID,BGS,1.0,2051,1.25
RE1,DEMTERBGSCKN_MID,BGS,1.0,2052,1.25
RE1,DEMTERBGSCKN_MID,BGS,1.0,2053,1.25
RE1,DEMTERBGSCKN_MID,BGS,1.0,2054,1.25
RE1,DEMTERBGSCKN_MID,BGS,1.0,2055,1.25
RE1,DEMTERELCACL_HIG,ELC002,1.0,2022,1.030927835051547
RE1,DEMTERELCACL_HIG,ELC002,1.0,2023,1.030927835051547
RE1,DEMTERELCACL_HIG,ELC002,1.0,2024,1.030927835051547
RE1,DEMTERELCACL_HIG,ELC002,1.0,2025,1.030927835051547
RE1,DEMTERELCACL_HIG,ELC002,1.0,2026,1.030927835051547
RE1,DEMTERELCACL_HIG,ELC002,1.0,2027,1.030927835051547
RE1,DEMTERELCACL_HIG,ELC002,1.0,2028,1.030927835051547
RE1,DEMTERELCACL_HIG,ELC002,1.0,2029,1.030927835051547
RE1,DEMTERELCACL_HIG,ELC002,1.0,2030,1.030927835051547
RE1,DEMTERELCACL_HIG,ELC002,1.0,2031,1.030927835051547
RE1,DEMTERELCACL_HIG,ELC002,1.0,2032,1.030927835051547
RE1,DEMTERELCACL_HIG,ELC002,1.0,2033,1.030927835051547
RE1,DEMTERELCACL_HIG,ELC002,1.0,2034,1.030927835051547
RE1,DEMTERELCACL_HIG,ELC002,1.0,2035,1.030927835051547
RE1,DEMTERELCACL_HIG,ELC002,1.0,2036,1.030927835051547
RE1,DEMTERELCACL_HIG,ELC002,1.0,2037,1.030927835051547
RE1,DEMTERELCACL_HIG,ELC002,1.0,2038,1.030927835051547
RE1,DEMTERELCACL_HIG,ELC002,1.0,2039,1.030927835051547
RE1,DEMTERELCACL_HIG,ELC002,1.0,2040,1.030927835051547
RE1,DEMTERELCACL_HIG,ELC002,1.0,2041,1.030927835051547
RE1,DEMTERELCACL_HIG,ELC002,1.0,2042,1.030927835051547
RE1,DEMTERELCACL_HIG,ELC002,1.0,2043,1.030927835051547
RE1,DEMTERELCACL_HIG,ELC002,1.0,2044,1.030927835051547
RE1,DEMTERELCACL_HIG,ELC002,1.0,2045,1.030927835051547
RE1,DEMTERELCACL_HIG,ELC002,1.0,2046,1.030927835051547
RE1,DEMTERELCACL_HIG,ELC002,1.0,2047,1.030927835051547
RE1,DEMTERELCACL_HIG,ELC002,1.0,2048,1.030927835051547
RE1,DEMTERELCACL_HIG,ELC002,1.0,2049,1.030927835051547
RE1,DEMTERELCACL_HIG,ELC002,1.0,2050,1.030927835051547
RE1,DEMTERELCACL_HIG,ELC002,1.0,2051,1.030927835051547
RE1,DEMTERELCACL_HIG,ELC002,1.0,2052,1.030927835051547
RE1,DEMTERELCACL_HIG,ELC002,1.0,2053,1.030927835051547
RE1,DEMTERELCACL_HIG,ELC002,1.0,2054,1.030927835051547
RE1,DEMTERELCACL_HIG,ELC002,1.0,2055,1.030927835051547
RE1,DEMTERELCACL_LOW,ELC002,1.0,2022,1.219512195121951
RE1,DEMTERELCACL_LOW,ELC002,1.0,2023,1.219512195121951
RE1,DEMTERELCACL_LOW,ELC002,1.0,2024,1.219512195121951
RE1,DEMTERELCACL_LOW,ELC002,1.0,2025,1.219512195121951
RE1,DEMTERELCACL_LOW,ELC002,1.0,2026,1.219512195121951
RE1,DEMTERELCACL_LOW,ELC002,1.0,2027,1.219512195121951
RE1,DEMTERELCACL_LOW,ELC002,1.0,2028,1.219512195121951
RE1,DEMTERELCACL_LOW,ELC002,1.0,2029,1.219512195121951
RE1,DEMTERELCACL_LOW,ELC002,1.0,2030,1.219512195121951
RE1,DEMTERELCACL_LOW,ELC002,1.0,2031,1.219512195121951
RE1,DEMTERELCACL_LOW,ELC002,1.0,2032,1.219512195121951
RE1,DEMTERELCACL_LOW,ELC002,1.0,2033,1.219512195121951
RE1,DEMTERELCACL_LOW,ELC002,1.0,2034,1.219512195121951
RE1,DEMTERELCACL_LOW,ELC002,1.0,2035,1.219512195121951
RE1,DEMTERELCACL_LOW,ELC002,1.0,2036,1.219512195121951
RE1,DEMTERELCACL_LOW,ELC002,1.0,2037,1.219512195121951
RE1,DEMTERELCACL_LOW,ELC002,1.0,2038,1.219512195121951
RE1,DEMTERELCACL_LOW,ELC002,1.0,2039,1.219512195121951
RE1,DEMTERELCACL_LOW,ELC002,1.0,2040,1.219512195121951
RE1,DEMTERELCACL_LOW,ELC002,1.0,2041,1.219512195121951
RE1,DEMTERELCACL_LOW,ELC002,1.0,2042,1.219512195121951
RE1,DEMTERELCACL_LOW,ELC002,1.0,2043,1.219512195121951
RE1,DEMTERELCACL_LOW,ELC002,1.0,2044,1.219512195121951
RE1,DEMTERELCACL_LOW,ELC002,1.0,2045,1.219512195121951
RE1,DEMTERELCACL_LOW,ELC002,1.0,2046,1.219512195121951
RE1,DEMTERELCACL_LOW,ELC002,1.0,2047,1.219512195121951
RE1,DEMTERELCACL_LOW,ELC002,1.0,2048,1.219512195121951
RE1,DEMTERELCACL_LOW,ELC002,1.0,2049,1.219512195121951
RE1,DEMTERELCACL_LOW,ELC002,1.0,2050,1.219512195121951
RE1,DEMTERELCACL_LOW,ELC002,1.0,2051,1.219512195121951
RE1,DEMTERELCACL_LOW,ELC002,1.0,2052,1.219512195121951
RE1,DEMTERELCACL_LOW,ELC002,1.0,2053,1.219512195121951
RE1,DEMTERELCACL_LOW,ELC002,1.0,2054,1.219512195121951
RE1,DEMTERELCACL_LOW,ELC002,1.0,2055,1.219512195121951
RE1,DEMTERELCACL_MID,ELC002,1.0,2022,1.216910324073566
RE1,DEMTERELCACL_MID,ELC002,1.0,2023,1.215722542992388
RE1,DEMTERELCACL_MID,ELC002,1.0,2024,1.214011839524341
RE1,DEMTERELCACL_MID,ELC002,1.0,2025,1.211568926760295
RE1,DEMTERELCACL_MID,ELC002,1.0,2026,1.208122573166982
RE1,DEMTERELCACL_MID,ELC002,1.0,2027,1.203343105937951
RE1,DEMTERELCACL_MID,ELC002,1.0,2028,1.196869805339124
RE1,DEMTERELCACL_MID,ELC002,1.0,2029,1.188377699826542
RE1,DEMTERELCACL_MID,ELC002,1.0,2030,1.177691684799761
RE1,DEMTERELCACL_MID,ELC002,1.0,2031,1.164928071964658
RE1,DEMTERELCACL_MID,ELC002,1.0,2032,1.150598918784882
RE1,DEMTERELCACL_MID,ELC002,1.0,2033,1.135589370883489
RE1,DEMTERELCACL_MID,ELC002,1.0,2034,1.120966379076433
RE1,DEMTERELCACL_MID,ELC002,1.0,2035,1.107692155742575
RE1,DEMTERELCACL_MID,ELC002,1.0,2036,1.09639345729214
RE1,DEMTERELCACL_MID,ELC002,1.0,2037,1.087291348004262
RE1,DEMTERELCACL_MID,ELC002,1.0,2038,1.080278480490705
RE1,DEMTERELCACL_MID,ELC002,1.0,2039,1.075058639562158
RE1,DEMTERELCACL_MID,ELC002,1.0,2040,1.071272373975944
RE1,DEMTERELCACL_MID,ELC002,1.0,2041,1.068577077970501
RE1,DEMTERELCACL_MID,ELC002,1.0,2042,1.066683956299266
RE1,DEMTERELCACL_MID,ELC002,1.0,2043,1.065366754706709
RE1,DEMTERELCACL_MID,ELC002,1.0,2044,1.064456274885824
RE1,DEMTERELCACL_MID,ELC002,1.0,2045,1.063829787234043
RE1,DEMTERELCACL_MID,ELC002,1.0,2046,1.063829787234043
RE1,DEMTERELCACL_MID,ELC002,1.0,2047,1.063829787234043
RE1,DEMTERELCACL_MID,ELC002,1.0,2048,1.063829787234043
RE1,DEMTERELCACL_MID,ELC002,1.0,2049,1.063829787234043
RE1,DEMTERELCACL_MID,ELC002,1.0,2050,1.063829787234043
RE1,DEMTERELCACL_MID,ELC002,1.0,2051,1.063829787234043
RE1,DEMTERELCACL_MID,ELC002,1.0,2052,1.063829787234043
RE1,DEMTERELCACL_MID,ELC002,1.0,2053,1.063829787234043
RE1,DEMTERELCACL_MID,ELC002,1.0,2054,1.063829787234043
RE1,DEMTERELCACL_MID,ELC002,1.0,2055,1.063829787234043
RE1,DEMTERELCAIR_CEN_HIG,ELC002,1.0,2022,1.111111111111111
RE1,DEMTERELCAIR_CEN_HIG,ELC002,1.0,2023,1.111111111111111
RE1,DEMTERELCAIR_CEN_HIG,ELC002,1.0,2024,1.111111111111111
RE1,DEMTERELCAIR_CEN_HIG,ELC002,1.0,2025,1.111111111111111
RE1,DEMTERELCAIR_CEN_HIG,ELC002,1.0,2026,1.111111111111111
RE1,DEMTERELCAIR_CEN_HIG,ELC002,1.0,2027,1.111111111111111
RE1,DEMTERELCAIR_CEN_HIG,ELC002,1.0,2028,1.111111111111111
RE1,DEMTERELCAIR_CEN_HIG,ELC002,1.0,2029,1.111111111111111
RE1,DEMTERELCAIR_CEN_HIG,ELC002,1.0,2030,1.111111111111111
RE1,DEMTERELCAIR_CEN_HIG,ELC002,1.0,2031,1.111111111111111
RE1,DEMTERELCAIR_CEN_HIG,ELC002,1.0,2032,1.111111111111111
RE1,DEMTERELCAIR_CEN_HIG,ELC002,1.0,2033,1.111111111111111
RE1,DEMTERELCAIR_CEN_HIG,ELC002,1.0,2034,1.111111111111111
RE1,DEMTERELCAIR_CEN_HIG,ELC002,1.0,2035,1.111111111111111
RE1,DEMTERELCAIR_CEN_HIG,ELC002,1.0,2036,1.111111111111111
RE1,DEMTERELCAIR_CEN_HIG,ELC002,1.0,2037,1.111111111111111
RE1,DEMTERELCAIR_CEN_HIG,ELC002,1.0,2038,1.111111111111111
RE1,DEMTERELCAIR_CEN_HIG,ELC002,1.0,2039,1.111111111111111
RE1,DEMTERELCAIR_CEN_HIG,ELC002,1.0,2040,1.111111111111111
RE1,DEMTERELCAIR_CEN_HIG,ELC002,1.0,2041,1.111111111111111
RE1,DEMTERELCAIR_CEN_HIG,ELC002,1.0,2042,1.111111111111111
RE1,DEMTERELCAIR_CEN_HIG,ELC002,1.0,2043,1.111111111111111
RE1,DEMTERELCAIR_CEN_HIG,ELC002,1.0,2044,1.111111111111111
RE1,DEMTERELCAIR_CEN_HIG,ELC002,1.0,2045,1.111111111111111
RE1,DEMTERELCAIR_CEN_HIG,ELC002,1.0,2046,1.111111111111111
RE1,DEMTERELCAIR_CEN_HIG,ELC002,1.0,2047,1.111111111111111
RE1,DEMTERELCAIR_CEN_HIG,ELC002,1.0,2048,1.111111111111111
RE1,DEMTERELCAIR_CEN_HIG,ELC002,1.0,2049,1.111111111111111
RE1,DEMTERELCAIR_CEN_HIG,ELC002,1.0,2050,1.111111111111111
RE1,DEMTERELCAIR_CEN_HIG,ELC002,1.0,2051,1.111111111111111
RE1,DEMTERELCAIR_CEN_HIG,ELC002,1.0,2052,1.111111111111111
RE1,DEMTERELCAIR_CEN_HIG,ELC002,1.0,2053,1.111111111111111
RE1,DEMTERELCAIR_CEN_HIG,ELC002,1.0,2054,1.111111111111111
RE1,DEMTERELCAIR_CEN_HIG,ELC002,1.0,2055,1.111111111111111
RE1,DEMTERELCAIR_CEN_LOW,ELC002,1.0,2022,1.219512195121951
RE1,DEMTERELCAIR_CEN_LOW,ELC002,1.0,2023,1.219512195121951
RE1,DEMTERELCAIR_CEN_LOW,ELC002,1.0,2024,1.219512195121951
RE1,DEMTERELCAIR_CEN_LOW,ELC002,1.0,2025,1.219512195121951
RE1,DEMTERELCAIR_CEN_LOW,ELC002,1.0,2026,1.219512195121951
RE1,DEMTERELCAIR_CEN_LOW,ELC002,1.0,2027,1.219512195121951
RE1,DEMTERELCAIR_CEN_LOW,ELC002,1.0,2028,1.219512195121951
RE1,DEMTERELCAIR_CEN_LOW,ELC002,1.0,2029,1.219512195121951
RE1,DEMTERELCAIR_CEN_LOW,ELC002,1.0,2030,1.219512195121951
RE1,DEMTERELCAIR_CEN_LOW,ELC002,1.0,2031,1.219512195121951
RE1,DEMTERELCAIR_CEN_LOW,ELC002,1.0,2032,1.219512195121951
RE1,DEMTERELCAIR_CEN_LOW,ELC002,1.0,2033,1.219512195121951
RE1,DEMTERELCAIR_CEN_LOW,ELC002,1.0,2034,1.219512195121951
RE1,DEMTERELCAIR_CEN_LOW,ELC002,1.0,2035,1.219512195121951
RE1,DEMTERELCAIR_CEN_LOW,ELC002,1.0,2036,1.219512195121951
RE1,DEMTERELCAIR_CEN_LOW,ELC002,1.0,2037,1.219512195121951
RE1,DEMTERELCAIR_CEN_LOW,ELC002,1.0,2038,1.219512195121951
RE1,DEMTERELCAIR_CEN_LOW,ELC002,1.0,2039,1.219512195121951
RE1,DEMTERELCAIR_CEN_LOW,ELC002,1.0,2040,1.219512195121951
RE1,DEMTERELCAIR_CEN_LOW,ELC002,1.0,2041,1.219512195121951
RE1,DEMTERELCAIR_CEN_LOW,ELC002,1.0,2042,1.219512195121951
RE1,DEMTERELCAIR_CEN_LOW,ELC002,1.0,2043,1.219512195121951
RE1,DEMTERELCAIR_CEN_LOW,ELC002,1.0,2044,1.219512195121951
RE1,DEMTERELCAIR_CEN_LOW,ELC002,1.0,2045,1.219512195121951
RE1,DEMTERELCAIR_CEN_LOW,ELC002,1.0,2046,1.219512195121951
RE1,DEMTERELCAIR_CEN_LOW,ELC002,1.0,2047,1.219512195121951
RE1,DEMTERELCAIR_CEN_LOW,ELC002,1.0,2048,1.219512195121951
RE1,DEMTERELCAIR_CEN_LOW,ELC002,1.0,2049,1.219512195121951
RE1,DEMTERELCAIR_CEN_LOW,ELC002,1.0,2050,1.219512195121951
RE1,DEMTERELCAIR_CEN_LOW,ELC002,1.0,2051,1.219512195121951
RE1,DEMTERELCAIR_CEN_LOW,ELC002,1.0,2052,1.219512195121951
RE1,DEMTERELCAIR_CEN_LOW,ELC002,1.0,2053,1.219512195121951
RE1,DEMTERELCAIR_CEN_LOW,ELC002,1.0,2054,1.219512195121951
RE1,DEMTERELCAIR_CEN_LOW,ELC002,1.0,2055,1.219512195121951
RE1,DEMTERELCAIR_CEN_MID,ELC002,1.0,2022,1.218643669419595
RE1,DEMTERELCAIR_CEN_MID,ELC002,1.0,2023,1.218246355334894
RE1,DEMTERELCAIR_CEN_MID,ELC002,1.0,2024,1.217673213694437
RE1,DEMTERELCAIR_CEN_MID,ELC002,1.0,2025,1.216852891453795
RE1,DEMTERELCAIR_CEN_MID,ELC002,1.0,2026,1.215691867864811
RE1,DEMTERELCAIR_CEN_MID,ELC002,1.0,2027,1.214074433799832
RE1,DEMTERELCAIR_CEN_MID,ELC002,1.0,2028,1.211870139723948
RE1,DEMTERELCAIR_CEN_MID,ELC002,1.0,2029,1.208954333199528
RE1,DEMTERELCAIR_CEN_MID,ELC002,1.0,2030,1.205245870016561
RE1,DEMTERELCAIR_CEN_MID,ELC002,1.0,2031,1.200757871115063
RE1,DEMTERELCAIR_CEN_MID,ELC002,1.0,2032,1.195641845073665
RE1,DEMTERELCAIR_CEN_MID,ELC002,1.0,2033,1.19019281123542
RE1,DEMTERELCAIR_CEN_MID,ELC002,1.0,2034,1.18479321906773
RE1,DEMTERELCAIR_CEN_MID,ELC002,1.0,2035,1.179812046538184
RE1,DEMTERELCAIR_CEN_MID,ELC002,1.0,2036,1.175511127980916
RE1,DEMTERELCAIR_CEN_MID,ELC002,1.0,2037,1.172004703233393
RE1,DEMTERELCAIR_CEN_MID,ELC002,1.0,2038,1.169277361122081
RE1,DEMTERELCAIR_CEN_MID,ELC002,1.0,2039,1.16723259762309
RE1,DEMTERELCAIR_CEN_MID,ELC002,1.0,2040,1.165741461088824
RE1,DEMTERELCAIR_CEN_MID,ELC002,1.0,2041,1.164675879329032
RE1,DEMTERELCAIR_CEN_MID,ELC002,1.0,2042,1.163925387656299
RE1,DEMTERELCAIR_CEN_MID,ELC002,1.0,2043,1.16340220768003
RE1,DEMTERELCAIR_CEN_MID,ELC002,1.0,2044,1.163040092548291
RE1,DEMTERELCAIR_CEN_MID,ELC002,1.0,2045,1.162790697674419
RE1,DEMTERELCAIR_CEN_MID,ELC002,1.0,2046,1.162790697674419
RE1,DEMTERELCAIR_CEN_MID,ELC002,1.0,2047,1.162790697674419
RE1,DEMTERELCAIR_CEN_MID,ELC002,1.0,2048,1.162790697674419
RE1,DEMTERELCAIR_CEN_MID,ELC002,1.0,2049,1.162790697674419
RE1,DEMTERELCAIR_CEN_MID,ELC002,1.0,2050,1.162790697674419
RE1,DEMTERELCAIR_CEN_MID,ELC002,1.0,2051,1.162790697674419
RE1,DEMTERELCAIR_CEN_MID,ELC002,1.0,2052,1.162790697674419
RE1,DEMTERELCAIR_CEN_MID,ELC002,1.0,2053,1.162790697674419
RE1,DEMTERELCAIR_CEN_MID,ELC002,1.0,2054,1.162790697674419
RE1,DEMTERELCAIR_CEN_MID,ELC002,1.0,2055,1.162790697674419
RE1,DEMTERELCAIR_SPL_HIG,ELC002,1.0,2022,1.111111111111111
RE1,DEMTERELCAIR_SPL_HIG,ELC002,1.0,2023,1.111111111111111
RE1,DEMTERELCAIR_SPL_HIG,ELC002,1.0,2024,1.111111111111111
RE1,DEMTERELCAIR_SPL_HIG,ELC002,1.0,2025,1.111111111111111
RE1,DEMTERELCAIR_SPL_HIG,ELC002,1.0,2026,1.111111111111111
RE1,DEMTERELCAIR_SPL_HIG,ELC002,1.0,2027,1.111111111111111
RE1,DEMTERELCAIR_SPL_HIG,ELC002,1.0,2028,1.111111111111111
RE1,DEMTERELCAIR_SPL_HIG,ELC002,1.0,2029,1.111111111111111
RE1,DEMTERELCAIR_SPL_HIG,ELC002,1.0,2030,1.111111111111111
RE1,DEMTERELCAIR_SPL_HIG,ELC002,1.0,2031,1.111111111111111
RE1,DEMTERELCAIR_SPL_HIG,ELC002,1.0,2032,1.111111111111111
RE1,DEMTERELCAIR_SPL_HIG,ELC002,1.0,2033,1.111111111111111
RE1,DEMTERELCAIR_SPL_HIG,ELC002,1.0,2034,1.111111111111111
RE1,DEMTERELCAIR_SPL_HIG,ELC002,1.0,2035,1.111111111111111
RE1,DEMTERELCAIR_SPL_HIG,ELC002,1.0,2036,1.111111111111111
RE1,DEMTERELCAIR_SPL_HIG,ELC002,1.0,2037,1.111111111111111
RE1,DEMTERELCAIR_SPL_HIG,ELC002,1.0,2038,1.111111111111111
RE1,DEMTERELCAIR_SPL_HIG,ELC002,1.0,2039,1.111111111111111
RE1,DEMTERELCAIR_SPL_HIG,ELC002,1.0,2040,1.111111111111111
RE1,DEMTERELCAIR_SPL_HIG,ELC002,1.0,2041,1.111111111111111
RE1,DEMTERELCAIR_SPL_HIG,ELC002,1.0,2042,1.111111111111111
RE1,DEMTERELCAIR_SPL_HIG,ELC002,1.0,2043,1.111111111111111
RE1,DEMTERELCAIR_SPL_HIG,ELC002,1.0,2044,1.111111111111111
RE1,DEMTERELCAIR_SPL_HIG,ELC002,1.0,2045,1.111111111111111
RE1,DEMTERELCAIR_SPL_HIG,ELC002,1.0,2046,1.111111111111111
RE1,DEMTERELCAIR_SPL_HIG,ELC002,1.0,2047,1.111111111111111
RE1,DEMTERELCAIR_SPL_HIG,ELC002,1.0,2048,1.111111111111111
RE1,DEMTERELCAIR_SPL_HIG,ELC002,1.0,2049,1.111111111111111
RE1,DEMTERELCAIR_SPL_HIG,ELC002,1.0,2050,1.111111111111111
RE1,DEMTERELCAIR_SPL_HIG,ELC002,1.0,2051,1.111111111111111
RE1,DEMTERELCAIR_SPL_HIG,ELC002,1.0,2052,1.111111111111111
RE1,DEMTERELCAIR_SPL_HIG,ELC002,1.0,2053,1.111111111111111
RE1,DEMTERELCAIR_SPL_HIG,ELC002,1.0,2054,1.111111111111111
RE1,DEMTERELCAIR_SPL_HIG,ELC002,1.0,2055,1.111111111111111
RE1,DEMTERELCAIR_SPL_LOW,ELC002,1.0,2022,1.219512195121951
RE1,DEMTERELCAIR_SPL_LOW,ELC002,1.0,2023,1.219512195121951
RE1,DEMTERELCAIR_SPL_LOW,ELC002,1.0,2024,1.219512195121951
RE1,DEMTERELCAIR_SPL_LOW,ELC002,1.0,2025,1.219512195121951
RE1,DEMTERELCAIR_SPL_LOW,ELC002,1.0,2026,1.219512195121951
RE1,DEMTERELCAIR_SPL_LOW,ELC002,1.0,2027,1.219512195121951
RE1,DEMTERELCAIR_SPL_LOW,ELC002,1.0,2028,1.219512195121951
RE1,DEMTERELCAIR_SPL_LOW,ELC002,1.0,2029,1.219512195121951
RE1,DEMTERELCAIR_SPL_LOW,ELC002,1.0,2030,1.219512195121951
RE1,DEMTERELCAIR_SPL_LOW,ELC002,1.0,2031,1.219512195121951
RE1,DEMTERELCAIR_SPL_LOW,ELC002,1.0,2032,1.219512195121951
RE1,DEMTERELCAIR_SPL_LOW,ELC002,1.0,2033,1.219512195121951
RE1,DEMTERELCAIR_SPL_LOW,ELC002,1.0,2034,1.219512195121951
RE1,DEMTERELCAIR_SPL_LOW,ELC002,1.0,2035,1.219512195121951
RE1,DEMTERELCAIR_SPL_LOW,ELC002,1.0,2036,1.219512195121951
RE1,DEMTERELCAIR_SPL_LOW,ELC002,1.0,2037,1.219512195121951
RE1,DEMTERELCAIR_SPL_LOW,ELC002,1.0,2038,1.219512195121951
RE1,DEMTERELCAIR_SPL_LOW,ELC002,1.0,2039,1.219512195121951
RE1,DEMTERELCAIR_SPL_LOW,ELC002,1.0,2040,1.219512195121951
RE1,DEMTERELCAIR_SPL_LOW,ELC002,1.0,2041,1.219512195121951
RE1,DEMTERELCAIR_SPL_LOW,ELC002,1.0,2042,1.219512195121951
RE1,DEMTERELCAIR_SPL_LOW,ELC002,1.0,2043,1.219512195121951
RE1,DEMTERELCAIR_SPL_LOW,ELC002,1.0,2044,1.219512195121951
RE1,DEMTERELCAIR_SPL_LOW,ELC002,1.0,2045,1.219512195121951
RE1,DEMTERELCAIR_SPL_LOW,ELC002,1.0,2046,1.219512195121951
RE1,DEMTERELCAIR_SPL_LOW,ELC002,1.0,2047,1.219512195121951
RE1,DEMTERELCAIR_SPL_LOW,ELC002,1.0,2048,1.219512195121951
RE1,DEMTERELCAIR_SPL_LOW,ELC002,1.0,2049,1.219512195121951
RE1,DEMTERELCAIR_SPL_LOW,ELC002,1.0,2050,1.219512195121951
RE1,DEMTERELCAIR_SPL_LOW,ELC002,1.0,2051,1.219512195121951
RE1,DEMTERELCAIR_SPL_LOW,ELC002,1.0,2052,1.219512195121951
RE1,DEMTERELCAIR_SPL_LOW,ELC002,1.0,2053,1.219512195121951
RE1,DEMTERELCAIR_SPL_LOW,ELC002,1.0,2054,1.219512195121951
RE1,DEMTERELCAIR_SPL_LOW,ELC002,1.0,2055,1.219512195121951
RE1,DEMTERELCAIR_SPL_MID,ELC002,1.0,2022,1.218643669419595
RE1,DEMTERELCAIR_SPL_MID,ELC002,1.0,2023,1.218246355334894
RE1,DEMTERELCAIR_SPL_MID,ELC002,1.0,2024,1.217673213694437
RE1,DEMTERELCAIR_SPL_MID,ELC002,1.0,2025,1.216852891453795
RE1,DEMTERELCAIR_SPL_MID,ELC002,1.0,2026,1.215691867864811
RE1,DEMTERELCAIR_SPL_MID,ELC002,1.0,2027,1.214074433799832
RE1,DEMTERELCAIR_SPL_MID,ELC002,1.0,2028,1.211870139723948
RE1,DEMTERELCAIR_SPL_MID,ELC002,1.0,2029,1.208954333199528
RE1,DEMTERELCAIR_SPL_MID,ELC002,1.0,2030,1.205245870016561
RE1,DEMTERELCAIR_SPL_MID,ELC002,1.0,2031,1.200757871115063
RE1,DEMTERELCAIR_SPL_MID,ELC002,1.0,2032,1.195641845073665
RE1,DEMTERELCAIR_SPL_MID,ELC002,1.0,2033,1.19019281123542
RE1,DEMTERELCAIR_SPL_MID,ELC002,1.0,2034,1.18479321906773
RE1,DEMTERELCAIR_SPL_MID,ELC002,1.0,2035,1.179812046538184
RE1,DEMTERELCAIR_SPL_MID,ELC002,1.0,2036,1.175511127980916
RE1,DEMTERELCAIR_SPL_MID,ELC002,1.0,2037,1.172004703233393
RE1,DEMTERELCAIR_SPL_MID,ELC002,1.0,2038,1.169277361122081
RE1,DEMTERELCAIR_SPL_MID,ELC002,1.0,2039,1.16723259762309
RE1,DEMTERELCAIR_SPL_MID,ELC002,1.0,2040,1.165741461088824
RE1,DEMTERELCAIR_SPL_MID,ELC002,1.0,2041,1.164675879329032
RE1,DEMTERELCAIR_SPL_MID,ELC002,1.0,2042,1.163925387656299
RE1,DEMTERELCAIR_SPL_MID,ELC002,1.0,2043,1.16340220768003
RE1,DEMTERELCAIR_SPL_MID,ELC002,1.0,2044,1.163040092548291
RE1,DEMTERELCAIR_SPL_MID,ELC002,1.0,2045,1.162790697674419
RE1,DEMTERELCAIR_SPL_MID,ELC002,1.0,2046,1.162790697674419
RE1,DEMTERELCAIR_SPL_MID,ELC002,1.0,2047,1.162790697674419
RE1,DEMTERELCAIR_SPL_MID,ELC002,1.0,2048,1.162790697674419
RE1,DEMTERELCAIR_SPL_MID,ELC002,1.0,2049,1.162790697674419
RE1,DEMTERELCAIR_SPL_MID,ELC002,1.0,2050,1.162790697674419
RE1,DEMTERELCAIR_SPL_MID,ELC002,1.0,2051,1.162790697674419
RE1,DEMTERELCAIR_SPL_MID,ELC002,1.0,2052,1.162790697674419
RE1,DEMTERELCAIR_SPL_MID,ELC002,1.0,2053,1.162790697674419
RE1,DEMTERELCAIR_SPL_MID,ELC002,1.0,2054,1.162790697674419
RE1,DEMTERELCAIR_SPL_MID,ELC002,1.0,2055,1.162790697674419
RE1,DEMTERELCCKN_HIG,ELC002,1.0,2022,1.111111111111111
RE1,DEMTERELCCKN_HIG,ELC002,1.0,2023,1.111111111111111
RE1,DEMTERELCCKN_HIG,ELC002,1.0,2024,1.111111111111111
RE1,DEMTERELCCKN_HIG,ELC002,1.0,2025,1.111111111111111
RE1,DEMTERELCCKN_HIG,ELC002,1.0,2026,1.111111111111111
RE1,DEMTERELCCKN_HIG,ELC002,1.0,2027,1.111111111111111
RE1,DEMTERELCCKN_HIG,ELC002,1.0,2028,1.111111111111111
RE1,DEMTERELCCKN_HIG,ELC002,1.0,2029,1.111111111111111
RE1,DEMTERELCCKN_HIG,ELC002,1.0,2030,1.111111111111111
RE1,DEMTERELCCKN_HIG,ELC002,1.0,2031,1.111111111111111
RE1,DEMTERELCCKN_HIG,ELC002,1.0,2032,1.111111111111111
RE1,DEMTERELCCKN_HIG,ELC002,1.0,2033,1.111111111111111
RE1,DEMTERELCCKN_HIG,ELC002,1.0,2034,1.111111111111111
RE1,DEMTERELCCKN_HIG,ELC002,1.0,2035,1.111111111111111
RE1,DEMTERELCCKN_HIG,ELC002,1.0,2036,1.111111111111111
RE1,DEMTERELCCKN_HIG,ELC002,1.0,2037,1.111111111111111
RE1,DEMTERELCCKN_HIG,ELC002,1.0,2038,1.111111111111111
RE1,DEMTERELCCKN_HIG,ELC002,1.0,2039,1.111111111111111
RE1,DEMTERELCCKN_HIG,ELC002,1.0,2040,1.111111111111111
RE1,DEMTERELCCKN_HIG,ELC002,1.0,2041,1.111111111111111
RE1,DEMTERELCCKN_HIG,ELC002,1.0,2042,1.111111111111111
RE1,DEMTERELCCKN_HIG,ELC002,1.0,2043,1.111111111111111
RE1,DEMTERELCCKN_HIG,ELC002,1.0,2044,1.111111111111111
RE1,DEMTERELCCKN_HIG,ELC002,1.0,2045,1.111111111111111
RE1,DEMTERELCCKN_HIG,ELC002,1.0,2046,1.111111111111111
RE1,DEMTERELCCKN_HIG,ELC002,1.0,2047,1.111111111111111
RE1,DEMTERELCCKN_HIG,ELC002,1.0,2048,1.111111111111111
RE1,DEMTERELCCKN_HIG,ELC002,1.0,2049,1.111111111111111
RE1,DEMTERELCCKN_HIG,ELC002,1.0,2050,1.111111111111111
RE1,DEMTERELCCKN_HIG,ELC002,1.0,2051,1.111111111111111
RE1,DEMTERELCCKN_HIG,ELC002,1.0,2052,1.111111111111111
RE1,DEMTERELCCKN_HIG,ELC002,1.0,2053,1.111111111111111
RE1,DEMTERELCCKN_HIG,ELC002,1.0,2054,1.111111111111111
RE1,DEMTERELCCKN_HIG,ELC002,1.0,2055,1.111111111111111
RE1,DEMTERELCCKN_LOW,ELC002,1.0,2022,1.333333333333333
RE1,DEMTERELCCKN_LOW,ELC002,1.0,2023,1.333333333333333
RE1,DEMTERELCCKN_LOW,ELC002,1.0,2024,1.333333333333333
RE1,DEMTERELCCKN_LOW,ELC002,1.0,2025,1.333333333333333
RE1,DEMTERELCCKN_LOW,ELC002,1.0,2026,1.333333333333333
RE1,DEMTERELCCKN_LOW,ELC002,1.0,2027,1.333333333333333
RE1,DEMTERELCCKN_LOW,ELC002,1.0,2028,1.333333333333333
RE1,DEMTERELCCKN_LOW,ELC002,1.0,2029,1.333333333333333
RE1,DEMTERELCCKN_LOW,ELC002,1.0,2030,1.333333333333333
RE1,DEMTERELCCKN_LOW,ELC002,1.0,2031,1.333333333333333
RE1,DEMTERELCCKN_LOW,ELC002,1.0,2032,1.333333333333333
RE1,DEMTERELCCKN_LOW,ELC002,1.0,2033,1.333333333333333
RE1,DEMTERELCCKN_LOW,ELC002,1.0,2034,1.333333333333333
RE1,DEMTERELCCKN_LOW,ELC002,1.0,2035,1.333333333333333
RE1,DEMTERELCCKN_LOW,ELC002,1.0,2036,1.333333333333333
RE1,DEMTERELCCKN_LOW,ELC002,1.0,2037,1.333333333333333
RE1,DEMTERELCCKN_LOW,ELC002,1.0,2038,1.333333333333333
RE1,DEMTERELCCKN_LOW,ELC002,1.0,2039,1.333333333333333
RE1,DEMTERELCCKN_LOW,ELC002,1.0,2040,1.333333333333333
RE1,DEMTERELCCKN_LOW,ELC002,1.0,2041,1.333333333333333
RE1,DEMTERELCCKN_LOW,ELC002,1.0,2042,1.333333333333333
RE1,DEMTERELCCKN_LOW,ELC002,1.0,2043,1.333333333333333
RE1,DEMTERELCCKN_LOW,ELC002,1.0,2044,1.333333333333333
RE1,DEMTERELCCKN_LOW,ELC002,1.0,2045,1.333333333333333
RE1,DEMTERELCCKN_LOW,ELC002,1.0,2046,1.333333333333333
RE1,DEMTERELCCKN_LOW,ELC002,1.0,2047,1.333333333333333
RE1,DEMTERELCCKN_LOW,ELC002,1.0,2048,1.333333333333333
RE1,DEMTERELCCKN_LOW,ELC002,1.0,2049,1.333333333333333
RE1,DEMTERELCCKN_LOW,ELC002,1.0,2050,1.333333333333333
RE1,DEMTERELCCKN_LOW,ELC002,1.0,2051,1.333333333333333
RE1,DEMTERELCCKN_LOW,ELC002,1.0,2052,1.333333333333333
RE1,DEMTERELCCKN_LOW,ELC002,1.0,2053,1.333333333333333
RE1,DEMTERELCCKN_LOW,ELC002,1.0,2054,1.333333333333333
RE1,DEMTERELCCKN_LOW,ELC002,1.0,2055,1.333333333333333
RE1,DEMTERELCCKN_MID,ELC002,1.0,2022,1.332035901735344
RE1,DEMTERELCCKN_MID,ELC002,1.0,2023,1.331442606996297
RE1,DEMTERELCCKN_MID,ELC002,1.0,2024,1.330587004919136
RE1,DEMTERELCCKN_MID,ELC002,1.0,2025,1.329362917298343
RE1,DEMTERELCCKN_MID,ELC002,1.0,2026,1.327631464872604
RE1,DEMTERELCCKN_MID,ELC002,1.0,2027,1.325221372206494
RE1,DEMTERELCCKN_MID,ELC002,1.0,2028,1.321940581588866
RE1,DEMTERELCCKN_MID,ELC002,1.0,2029,1.317607461592152
RE1,DEMTERELCCKN_MID,ELC002,1.0,2030,1.312107320370035
RE1,DEMTERELCCKN_MID,ELC002,1.0,2031,1.305467336425213
RE1,DEMTERELCCKN_MID,ELC002,1.0,2032,1.297919888788482
RE1,DEMTERELCCKN_MID,ELC002,1.0,2033,1.289906481780071
RE1,DEMTERELCCKN_MID,ELC002,1.0,2034,1.281991417760676
RE1,DEMTERELCCKN_MID,ELC002,1.0,2035,1.274712220670062
RE1,DEMTERELCCKN_MID,ELC002,1.0,2036,1.268444418908127
RE1,DEMTERELCCKN_MID,ELC002,1.0,2037,1.263346272751748
RE1,DEMTERELCCKN_MID,ELC002,1.0,2038,1.259388191040173
RE1,DEMTERELCCKN_MID,ELC002,1.0,2039,1.25642490005711
RE1,DEMTERELCCKN_MID,ELC002,1.0,2040,1.254266191445173
RE1,DEMTERELCCKN_MID,ELC002,1.0,2041,1.252724722318365
RE1,DEMTERELCCKN_MID,ELC002,1.0,2042,1.251639645144925
RE1,DEMTERELCCKN_MID,ELC002,1.0,2043,1.250883505030752
RE1,DEMTERELCCKN_MID,ELC002,1.0,2044,1.250360285251778
RE1,DEMTERELCCKN_MID,ELC002,1.0,2045,1.25
RE1,DEMTERELCCKN_MID,ELC002,1.0,2046,1.25
RE1,DEMTERELCCKN_MID,ELC002,1.0,2047,1.25
RE1,DEMTERELCCKN_MID,ELC002,1.0,2048,1.25
RE1,DEMTERELCCKN_MID,ELC002,1.0,2049,1.25
RE1,DEMTERELCCKN_MID,ELC002,1.0,2050,1.25
RE1,DEMTERELCCKN_MID,ELC002,1.0,2051,1.25
RE1,DEMTERELCCKN_MID,ELC002,1.0,2052,1.25
RE1,DEMTERELCCKN_MID,ELC002,1.0,2053,1.25
RE1,DEMTERELCCKN_MID,ELC002,1.0,2054,1.25
RE1,DEMTERELCCKN_MID,ELC002,1.0,2055,1.25
RE1,DEMTERELCDATA,ELC002,1.0,2022,1.0
RE1,DEMTERELCDATA,ELC002,1.0,2023,1.0
RE1,DEMTERELCDATA,ELC002,1.0,2024,1.0
RE1,DEMTERELCDATA,ELC002,1.0,2025,1.0
RE1,DEMTERELCDATA,ELC002,1.0,2026,1.0
RE1,DEMTERELCDATA,ELC002,1.0,2027,1.0
RE1,DEMTERELCDATA,ELC002,1.0,2028,1.0
RE1,DEMTERELCDATA,ELC002,1.0,2029,1.0
RE1,DEMTERELCDATA,ELC002,1.0,2030,1.0
RE1,DEMTERELCDATA,ELC002,1.0,2031,1.0
RE1,DEMTERELCDATA,ELC002,1.0,2032,1.0
RE1,DEMTERELCDATA,ELC002,1.0,2033,1.0
RE1,DEMTERELCDATA,ELC002,1.0,2034,1.0
RE1,DEMTERELCDATA,ELC002,1.0,2035,1.0
RE1,DEMTERELCDATA,ELC002,1.0,2036,1.0
RE1,DEMTERELCDATA,ELC002,1.0,2037,1.0
RE1,DEMTERELCDATA,ELC002,1.0,2038,1.0
RE1,DEMTERELCDATA,ELC002,1.0,2039,1.0
RE1,DEMTERELCDATA,ELC002,1.0,2040,1.0
RE1,DEMTERELCDATA,ELC002,1.0,2041,1.0
RE1,DEMTERELCDATA,ELC002,1.0,2042,1.0
RE1,DEMTERELCDATA,ELC002,1.0,2043,1.0
RE1,DEMTERELCDATA,ELC002,1.0,2044,1.0
RE1,DEMTERELCDATA,ELC002,1.0,2045,1.0
RE1,DEMTERELCDATA,ELC002,1.0,2046,1.0
RE1,DEMTERELCDATA,ELC002,1.0,2047,1.0
RE1,DEMTERELCDATA,ELC002,1.0,2048,1.0
RE1,DEMTERELCDATA,ELC002,1.0,2049,1.0
RE1,DEMTERELCDATA,ELC002,1.0,2050,1.0
RE1,DEMTERELCDATA,ELC002,1.0,2051,1.0
RE1,DEMTERELCDATA,ELC002,1.0,2052,1.0
RE1,DEMTERELCDATA,ELC002,1.0,2053,1.0
RE1,DEMTERELCDATA,ELC002,1.0,2054,1.0
RE1,DEMTERELCDATA,ELC002,1.0,2055,1.0
RE1,DEMTERELCFAN_HIG,ELC002,1.0,2022,1.111111111111111
RE1,DEMTERELCFAN_HIG,ELC002,1.0,2023,1.111111111111111
RE1,DEMTERELCFAN_HIG,ELC002,1.0,2024,1.111111111111111
RE1,DEMTERELCFAN_HIG,ELC002,1.0,2025,1.111111111111111
RE1,DEMTERELCFAN_HIG,ELC002,1.0,2026,1.111111111111111
RE1,DEMTERELCFAN_HIG,ELC002,1.0,2027,1.111111111111111
RE1,DEMTERELCFAN_HIG,ELC002,1.0,2028,1.111111111111111
RE1,DEMTERELCFAN_HIG,ELC002,1.0,2029,1.111111111111111
RE1,DEMTERELCFAN_HIG,ELC002,1.0,2030,1.111111111111111
RE1,DEMTERELCFAN_HIG,ELC002,1.0,2031,1.111111111111111
RE1,DEMTERELCFAN_HIG,ELC002,1.0,2032,1.111111111111111
RE1,DEMTERELCFAN_HIG,ELC002,1.0,2033,1.111111111111111
RE1,DEMTERELCFAN_HIG,ELC002,1.0,2034,1.111111111111111
RE1,DEMTERELCFAN_HIG,ELC002,1.0,2035,1.111111111111111
RE1,DEMTERELCFAN_HIG,ELC002,1.0,2036,1.111111111111111
RE1,DEMTERELCFAN_HIG,ELC002,1.0,2037,1.111111111111111
RE1,DEMTERELCFAN_HIG,ELC002,1.0,2038,1.111111111111111
RE1,DEMTERELCFAN_HIG,ELC002,1.0,2039,1.111111111111111
RE1,DEMTERELCFAN_HIG,ELC002,1.0,2040,1.111111111111111
RE1,DEMTERELCFAN_HIG,ELC002,1.0,2041,1.111111111111111
RE1,DEMTERELCFAN_HIG,ELC002,1.0,2042,1.111111111111111
RE1,DEMTERELCFAN_HIG,ELC002,1.0,2043,1.111111111111111
RE1,DEMTERELCFAN_HIG,ELC002,1.0,2044,1.111111111111111
RE1,DEMTERELCFAN_HIG,ELC002,1.0,2045,1.111111111111111
RE1,DEMTERELCFAN_HIG,ELC002,1.0,2046,1.111111111111111
RE1,DEMTERELCFAN_HIG,ELC002,1.0,2047,1.111111111111111
RE1,DEMTERELCFAN_HIG,ELC002,1.0,2048,1.111111111111111
RE1,DEMTERELCFAN_HIG,ELC002,1.0,2049,1.111111111111111
RE1,DEMTERELCFAN_HIG,ELC002,1.0,2050,1.111111111111111
RE1,DEMTERELCFAN_HIG,ELC002,1.0,2051,1.111111111111111
RE1,DEMTERELCFAN_HIG,ELC002,1.0,2052,1.111111111111111
RE1,DEMTERELCFAN_HIG,ELC002,1.0,2053,1.111111111111111
RE1,DEMTERELCFAN_HIG,ELC002,1.0,2054,1.111111111111111
RE1,DEMTERELCFAN_HIG,ELC002,1.0,2055,1.111111111111111
RE1,DEMTERELCFAN_LOW,ELC002,1.0,2022,1.219512195121951
RE1,DEMTERELCFAN_LOW,ELC002,1.0,2023,1.219512195121951
RE1,DEMTERELCFAN_LOW,ELC002,1.0,2024,1.219512195121951
RE1,DEMTERELCFAN_LOW,ELC002,1.0,2025,1.219512195121951
RE1,DEMTERELCFAN_LOW,ELC002,1.0,2026,1.219512195121951
RE1,DEMTERELCFAN_LOW,ELC002,1.0,2027,1.219512195121951
RE1,DEMTERELCFAN_LOW,ELC002,1.0,2028,1.219512195121951
RE1,DEMTERELCFAN_LOW,ELC002,1.0,2029,1.219512195121951
RE1,DEMTERELCFAN_LOW,ELC002,1.0,2030,1.219512195121951
RE1,DEMTERELCFAN_LOW,ELC002,1.0,2031,1.219512195121951
RE1,DEMTERELCFAN_LOW,ELC002,1.0,2032,1.219512195121951
RE1,DEMTERELCFAN_LOW,ELC002,1.0,2033,1.219512195121951
RE1,DEMTERELCFAN_LOW,ELC002,1.0,2034,1.219512195121951
RE1,DEMTERELCFAN_LOW,ELC002,1.0,2035,1.219512195121951
RE1,DEMTERELCFAN_LOW,ELC002,1.0,2036,1.219512195121951
RE1,DEMTERELCFAN_LOW,ELC002,1.0,2037,1.219512195121951
RE1,DEMTERELCFAN_LOW,ELC002,1.0,2038,1.219512195121951
RE1,DEMTERELCFAN_LOW,ELC002,1.0,2039,1.219512195121951
RE1,DEMTERELCFAN_LOW,ELC002,1.0,2040,1.219512195121951
RE1,DEMTERELCFAN_LOW,ELC002,1.0,2041,1.219512195121951
RE1,DEMTERELCFAN_LOW,ELC002,1.0,2042,1.219512195121951
RE1,DEMTERELCFAN_LOW,ELC002,1.0,2043,1.219512195121951
RE1,DEMTERELCFAN_LOW,ELC002,1.0,2044,1.219512195121951
RE1,DEMTERELCFAN_LOW,ELC002,1.0,2045,1.219512195121951
RE1,DEMTERELCFAN_LOW,ELC002,1.0,2046,1.219512195121951
RE1,DEMTERELCFAN_LOW,ELC002,1.0,2047,1.219512195121951
RE1,DEMTERELCFAN_LOW,ELC002,1.0,2048,1.219512195121951
RE1,DEMTERELCFAN_LOW,ELC002,1.0,2049,1.219512195121951
RE1,DEMTERELCFAN_LOW,ELC002,1.0,2050,1.219512195121951
RE1,DEMTERELCFAN_LOW,ELC002,1.0,2051,1.219512195121951
RE1,DEMTERELCFAN_LOW,ELC002,1.0,2052,1.219512195121951
RE1,DEMTERELCFAN_LOW,ELC002,1.0,2053,1.219512195121951
RE1,DEMTERELCFAN_LOW,ELC002,1.0,2054,1.219512195121951
RE1,DEMTERELCFAN_LOW,ELC002,1.0,2055,1.219512195121951
RE1,DEMTERELCFAN_MID,ELC002,1.0,2022,1.218643669419595
RE1,DEMTERELCFAN_MID,ELC002,1.0,2023,1.218246355334894
RE1,DEMTERELCFAN_MID,ELC002,1.0,2024,1.217673213694437
RE1,DEMTERELCFAN_MID,ELC002,1.0,2025,1.216852891453795
RE1,DEMTERELCFAN_MID,ELC002,1.0,2026,1.215691867864811
RE1,DEMTERELCFAN_MID,ELC002,1.0,2027,1.214074433799832
RE1,DEMTERELCFAN_MID,ELC002,1.0,2028,1.211870139723948
RE1,DEMTERELCFAN_MID,ELC002,1.0,2029,1.208954333199528
RE1,DEMTERELCFAN_MID,ELC002,1.0,2030,1.205245870016561
RE1,DEMTERELCFAN_MID,ELC002,1.0,2031,1.200757871115063
RE1,DEMTERELCFAN_MID,ELC002,1.0,2032,1.195641845073665
RE1,DEMTERELCFAN_MID,ELC002,1.0,2033,1.19019281123542
RE1,DEMTERELCFAN_MID,ELC002,1.0,2034,1.18479321906773
RE1,DEMTERELCFAN_MID,ELC002,1.0,2035,1.179812046538184
RE1,DEMTERELCFAN_MID,ELC002,1.0,2036,1.175511127980916
RE1,DEMTERELCFAN_MID,ELC002,1.0,2037,1.172004703233393
RE1,DEMTERELCFAN_MID,ELC002,1.0,2038,1.169277361122081
RE1,DEMTERELCFAN_MID,ELC002,1.0,2039,1.16723259762309
RE1,DEMTERELCFAN_MID,ELC002,1.0,2040,1.165741461088824
RE1,DEMTERELCFAN_MID,ELC002,1.0,2041,1.164675879329032
RE1,DEMTERELCFAN_MID,ELC002,1.0,2042,1.163925387656299
RE1,DEMTERELCFAN_MID,ELC002,1.0,2043,1.16340220768003
RE1,DEMTERELCFAN_MID,ELC002,1.0,2044,1.163040092548291
RE1,DEMTERELCFAN_MID,ELC002,1.0,2045,1.162790697674419
RE1,DEMTERELCFAN_MID,ELC002,1.0,2046,1.162790697674419
RE1,DEMTERELCFAN_MID,ELC002,1.0,2047,1.162790697674419
RE1,DEMTERELCFAN_MID,ELC002,1.0,2048,1.162790697674419
RE1,DEMTERELCFAN_MID,ELC002,1.0,2049,1.162790697674419
RE1,DEMTERELCFAN_MID,ELC002,1.0,2050,1.162790697674419
RE1,DEMTERELCFAN_MID,ELC002,1.0,2051,1.162790697674419
RE1,DEMTERELCFAN_MID,ELC002,1.0,2052,1.162790697674419
RE1,DEMTERELCFAN_MID,ELC002,1.0,2053,1.162790697674419
RE1,DEMTERELCFAN_MID,ELC002,1.0,2054,1.162790697674419
RE1,DEMTERELCFAN_MID,ELC002,1.0,2055,1.162790697674419
RE1,DEMTERELCILU_CIA,ELC002,1.0,2022,111.1111111111111
RE1,DEMTERELCILU_CIA,ELC002,1.0,2023,111.1111111111111
RE1,DEMTERELCILU_CIA,ELC002,1.0,2024,111.1111111111111
RE1,DEMTERELCILU_CIA,ELC002,1.0,2025,111.1111111111111
RE1,DEMTERELCILU_CIA,ELC002,1.0,2026,111.1111111111111
RE1,DEMTERELCILU_CIA,ELC002,1.0,2027,111.1111111111111
RE1,DEMTERELCILU_CIA,ELC002,1.0,2028,111.1111111111111
RE1,DEMTERELCILU_CIA,ELC002,1.0,2029,111.1111111111111
RE1,DEMTERELCILU_CIA,ELC002,1.0,2030,111.1111111111111
RE1,DEMTERELCILU_CIA,ELC002,1.0,2031,111.1111111111111
RE1,DEMTERELCILU_CIA,ELC002,1.0,2032,111.1111111111111
RE1,DEMTERELCILU_CIA,ELC002,1.0,2033,111.1111111111111
RE1,DEMTERELCILU_CIA,ELC002,1.0,2034,111.1111111111111
RE1,DEMTERELCILU_CIA,ELC002,1.0,2035,111.1111111111111
RE1,DEMTERELCILU_CIA,ELC002,1.0,2036,111.1111111111111
RE1,DEMTERELCILU_CIA,ELC002,1.0,2037,111.1111111111111
RE1,DEMTERELCILU_CIA,ELC002,1.0,2038,111.1111111111111
RE1,DEMTERELCILU_CIA,ELC002,1.0,2039,111.1111111111111
RE1,DEMTERELCILU_CIA,ELC002,1.0,2040,111.1111111111111
RE1,DEMTERELCILU_CIA,ELC002,1.0,2041,111.1111111111111
RE1,DEMTERELCILU_CIA,ELC002,1.0,2042,111.1111111111111
RE1,DEMTERELCILU_CIA,ELC002,1.0,2043,111.1111111111111
RE1,DEMTERELCILU_CIA,ELC002,1.0,2044,111.1111111111111
RE1,DEMTERELCILU_CIA,ELC002,1.0,2045,111.1111111111111
RE1,DEMTERELCILU_CIA,ELC002,1.0,2046,111.1111111111111
RE1,DEMTERELCILU_CIA,ELC002,1.0,2047,111.1111111111111
RE1,DEMTERELCILU_CIA,ELC002,1.0,2048,111.1111111111111
RE1,DEMTERELCILU_CIA,ELC002,1.0,2049,111.1111111111111
RE1,DEMTERELCILU_CIA,ELC002,1.0,2050,111.1111111111111
RE1,DEMTERELCILU_CIA,ELC002,1.0,2051,111.1111111111111
RE1,DEMTERELCILU_CIA,ELC002,1.0,2052,111.1111111111111
RE1,DEMTERELCILU_CIA,ELC002,1.0,2053,111.1111111111111
RE1,DEMTERELCILU_CIA,ELC002,1.0,2054,111.1111111111111
RE1,DEMTERELCILU_CIA,ELC002,1.0,2055,111.1111111111111
RE1,DEMTERELCILU_HAL,ELC002,1.0,2022,4.347826086956522
RE1,DEMTERELCILU_HAL,ELC002,1.0,2023,4.347826086956522
RE1,DEMTERELCILU_HAL,ELC002,1.0,2024,4.347826086956522
RE1,DEMTERELCILU_HAL,ELC002,1.0,2025,4.347826086956522
RE1,DEMTERELCILU_HAL,ELC002,1.0,2026,4.347826086956522
RE1,DEMTERELCILU_HAL,ELC002,1.0,2027,4.347826086956522
RE1,DEMTERELCILU_HAL,ELC002,1.0,2028,4.347826086956522
RE1,DEMTERELCILU_HAL,ELC002,1.0,2029,4.347826086956522
RE1,DEMTERELCILU_HAL,ELC002,1.0,2030,4.347826086956522
RE1,DEMTERELCILU_HAL,ELC002,1.0,2031,4.347826086956522
RE1,DEMTERELCILU_HAL,ELC002,1.0,2032,4.347826086956522
RE1,DEMTERELCILU_HAL,ELC002,1.0,2033,4.347826086956522
RE1,DEMTERELCILU_HAL,ELC002,1.0,2034,4.347826086956522
RE1,DEMTERELCILU_HAL,ELC002,1.0,2035,4.347826086956522
RE1,DEMTERELCILU_HAL,ELC002,1.0,2036,4.347826086956522
RE1,DEMTERELCILU_HAL,ELC002,1.0,2037,4.347826086956522
RE1,DEMTERELCILU_HAL,ELC002,1.0,2038,4.347826086956522
RE1,DEMTERELCILU_HAL,ELC002,1.0,2039,4.347826086956522
RE1,DEMTERELCILU_HAL,ELC002,1.0,2040,4.347826086956522
RE1,DEMTERELCILU_HAL,ELC002,1.0,2041,4.347826086956522
RE1,DEMTERELCILU_HAL,ELC002,1.0,2042,4.347826086956522
RE1,DEMTERELCILU_HAL,ELC002,1.0,2043,4.347826086956522
RE1,DEMTERELCILU_HAL,ELC002,1.0,2044,4.347826086956522
RE1,DEMTERELCILU_HAL,ELC002,1.0,2045,4.347826086956522
RE1,DEMTERELCILU_HAL,ELC002,1.0,2046,4.347826086956522
RE1,DEMTERELCILU_HAL,ELC002,1.0,2047,4.347826086956522
RE1,DEMTERELCILU_HAL,ELC002,1.0,2048,4.347826086956522
RE1,DEMTERELCILU_HAL,ELC002,1.0,2049,4.347826086956522
RE1,DEMTERELCILU_HAL,ELC002,1.0,2050,4.347826086956522
RE1,DEMTERELCILU_HAL,ELC002,1.0,2051,4.347826086956522
RE1,DEMTERELCILU_HAL,ELC002,1.0,2052,4.347826086956522
RE1,DEMTERELCILU_HAL,ELC002,1.0,2053,4.347826086956522
RE1,DEMTERELCILU_HAL,ELC002,1.0,2054,4.347826086956522
RE1,DEMTERELCILU_HAL,ELC002,1.0,2055,4.347826086956522
RE1,DEMTERELCILU_HIG,ELC002,1.0,2022,1.492537313432836
RE1,DEMTERELCILU_HIG,ELC002,1.0,2023,1.492537313432836
RE1,DEMTERELCILU_HIG,ELC002,1.0,2024,1.492537313432836
RE1,DEMTERELCILU_HIG,ELC002,1.0,2025,1.492537313432836
RE1,DEMTERELCILU_HIG,ELC002,1.0,2026,1.492537313432836
RE1,DEMTERELCILU_HIG,ELC002,1.0,2027,1.492537313432836
RE1,DEMTERELCILU_HIG,ELC002,1.0,2028,1.492537313432836
RE1,DEMTERELCILU_HIG,ELC002,1.0,2029,1.492537313432836
RE1,DEMTERELCILU_HIG,ELC002,1.0,2030,1.492537313432836
RE1,DEMTERELCILU_HIG,ELC002,1.0,2031,1.492537313432836
RE1,DEMTERELCILU_HIG,ELC002,1.0,2032,1.492537313432836
RE1,DEMTERELCILU_HIG,ELC002,1.0,2033,1.492537313432836
RE1,DEMTERELCILU_HIG,ELC002,1.0,2034,1.492537313432836
RE1,DEMTERELCILU_HIG,ELC002,1.0,2035,1.492537313432836
RE1,DEMTERELCILU_HIG,ELC002,1.0,2036,1.492537313432836
RE1,DEMTERELCILU_HIG,ELC002,1.0,2037,1.492537313432836
RE1,DEMTERELCILU_HIG,ELC002,1.0,2038,1.492537313432836
RE1,DEMTERELCILU_HIG,ELC002,1.0,2039,1.492537313432836
RE1,DEMTERELCILU_HIG,ELC002,1.0,2040,1.492537313432836
RE1,DEMTERELCILU_HIG,ELC002,1.0,2041,1.492537313432836
RE1,DEMTERELCILU_HIG,ELC002,1.0,2042,1.492537313432836
RE1,DEMTERELCILU_HIG,ELC002,1.0,2043,1.492537313432836
RE1,DEMTERELCILU_HIG,ELC002,1.0,2044,1.492537313432836
RE1,DEMTERELCILU_HIG,ELC002,1.0,2045,1.492537313432836
RE1,DEMTERELCILU_HIG,ELC002,1.0,2046,1.492537313432836
RE1,DEMTERELCILU_HIG,ELC002,1.0,2047,1.492537313432836
RE1,DEMTERELCILU_HIG,ELC002,1.0,2048,1.492537313432836
RE1,DEMTERELCILU_HIG,ELC002,1.0,2049,1.492537313432836
RE1,DEMTERELCILU_HIG,ELC002,1.0,2050,1.492537313432836
RE1,DEMTERELCILU_HIG,ELC002,1.0,2051,1.492537313432836
RE1,DEMTERELCILU_HIG,ELC002,1.0,2052,1.492537313432836
RE1,DEMTERELCILU_HIG,ELC002,1.0,2053,1.492537313432836
RE1,DEMTERELCILU_HIG,ELC002,1.0,2054,1.492537313432836
RE1,DEMTERELCILU_HIG,ELC002,1.0,2055,1.492537313432836
RE1,DEMTERELCILU_LFC,ELC002,1.0,2022,5.0
RE1,DEMTERELCILU_LFC,ELC002,1.0,2023,5.0
RE1,DEMTERELCILU_LFC,ELC002,1.0,2024,5.0
RE1,DEMTERELCILU_LFC,ELC002,1.0,2025,5.0
RE1,DEMTERELCILU_LFC,ELC002,1.0,2026,5.0
RE1,DEMTERELCILU_LFC,ELC002,1.0,2027,5.0
RE1,DEMTERELCILU_LFC,ELC002,1.0,2028,5.0
RE1,DEMTERELCILU_LFC,ELC002,1.0,2029,5.0
RE1,DEMTERELCILU_LFC,ELC002,1.0,2030,5.0
RE1,DEMTERELCILU_LFC,ELC002,1.0,2031,5.0
RE1,DEMTERELCILU_LFC,ELC002,1.0,2032,5.0
RE1,DEMTERELCILU_LFC,ELC002,1.0,2033,5.0
RE1,DEMTERELCILU_LFC,ELC002,1.0,2034,5.0
RE1,DEMTERELCILU_LFC,ELC002,1.0,2035,5.0
RE1,DEMTERELCILU_LFC,ELC002,1.0,2036,5.0
RE1,DEMTERELCILU_LFC,ELC002,1.0,2037,5.0
RE1,DEMTERELCILU_LFC,ELC002,1.0,2038,5.0
RE1,DEMTERELCILU_LFC,ELC002,1.0,2039,5.0
RE1,DEMTERELCILU_LFC,ELC002,1.0,2040,5.0
RE1,DEMTERELCILU_LFC,ELC002,1.0,2041,5.0
RE1,DEMTERELCILU_LFC,ELC002,1.0,2042,5.0
RE1,DEMTERELCILU_LFC,ELC002,1.0,2043,5.0
RE1,DEMTERELCILU_LFC,ELC002,1.0,2044,5.0
RE1,DEMTERELCILU_LFC,ELC002,1.0,2045,5.0
RE1,DEMTERELCILU_LFC,ELC002,1.0,2046,5.0
RE1,DEMTERELCILU_LFC,ELC002,1.0,2047,5.0
RE1,DEMTERELCILU_LFC,ELC002,1.0,2048,5.0
RE1,DEMTERELCILU_LFC,ELC002,1.0,2049,5.0
RE1,DEMTERELCILU_LFC,ELC002,1.0,2050,5.0
RE1,DEMTERELCILU_LFC,ELC002,1.0,2051,5.0
RE1,DEMTERELCILU_LFC,ELC002,1.0,2052,5.0
RE1,DEMTERELCILU_LFC,ELC002,1.0,2053,5.0
RE1,DEMTERELCILU_LFC,ELC002,1.0,2054,5.0
RE1,DEMTERELCILU_LFC,ELC002,1.0,2055,5.0
RE1,DEMTERELCILU_LOW,ELC002,1.0,2022,5.0
RE1,DEMTERELCILU_LOW,ELC002,1.0,2023,5.0
RE1,DEMTERELCILU_LOW,ELC002,1.0,2024,5.0
RE1,DEMTERELCILU_LOW,ELC002,1.0,2025,5.0
RE1,DEMTERELCILU_LOW,ELC002,1.0,2026,5.0
RE1,DEMTERELCILU_LOW,ELC002,1.0,2027,5.0
RE1,DEMTERELCILU_LOW,ELC002,1.0,2028,5.0
RE1,DEMTERELCILU_LOW,ELC002,1.0,2029,5.0
RE1,DEMTERELCILU_LOW,ELC002,1.0,2030,5.0
RE1,DEMTERELCILU_LOW,ELC002,1.0,2031,5.0
RE1,DEMTERELCILU_LOW,ELC002,1.0,2032,5.0
RE1,DEMTERELCILU_LOW,ELC002,1.0,2033,5.0
RE1,DEMTERELCILU_LOW,ELC002,1.0,2034,5.0
RE1,DEMTERELCILU_LOW,ELC002,1.0,2035,5.0
RE1,DEMTERELCILU_LOW,ELC002,1.0,2036,5.0
RE1,DEMTERELCILU_LOW,ELC002,1.0,2037,5.0
RE1,DEMTERELCILU_LOW,ELC002,1.0,2038,5.0
RE1,DEMTERELCILU_LOW,ELC002,1.0,2039,5.0
RE1,DEMTERELCILU_LOW,ELC002,1.0,2040,5.0
RE1,DEMTERELCILU_LOW,ELC002,1.0,2041,5.0
RE1,DEMTERELCILU_LOW,ELC002,1.0,2042,5.0
RE1,DEMTERELCILU_LOW,ELC002,1.0,2043,5.0
RE1,DEMTERELCILU_LOW,ELC002,1.0,2044,5.0
RE1,DEMTERELCILU_LOW,ELC002,1.0,2045,5.0
RE1,DEMTERELCILU_LOW,ELC002,1.0,2046,5.0
RE1,DEMTERELCILU_LOW,ELC002,1.0,2047,5.0
RE1,DEMTERELCILU_LOW,ELC002,1.0,2048,5.0
RE1,DEMTERELCILU_LOW,ELC002,1.0,2049,5.0
RE1,DEMTERELCILU_LOW,ELC002,1.0,2050,5.0
RE1,DEMTERELCILU_LOW,ELC002,1.0,2051,5.0
RE1,DEMTERELCILU_LOW,ELC002,1.0,2052,5.0
RE1,DEMTERELCILU_LOW,ELC002,1.0,2053,5.0
RE1,DEMTERELCILU_LOW,ELC002,1.0,2054,5.0
RE1,DEMTERELCILU_LOW,ELC002,1.0,2055,5.0
RE1,DEMTERELCILU_MID,ELC002,1.0,2022,4.938667800535632
RE1,DEMTERELCILU_MID,ELC002,1.0,2023,4.911081214118925
RE1,DEMTERELCILU_MID,ELC002,1.0,2024,4.871794016367221
RE1,DEMTERELCILU_MID,ELC002,1.0,2025,4.816582144117623
RE1,DEMTERELCILU_MID,ELC002,1.0,2026,4.740422586334007
RE1,DEMTERELCILU_MID,ELC002,1.0,2027,4.638023358772188
RE1,DEMTERELCILU_MID,ELC002,1.0,2028,4.504983075649501
RE1,DEMTERELCILU_MID,ELC002,1.0,2029,4.339624409776841
RE1,DEMTERELCILU_MID,ELC002,1.0,2030,4.145052760640262
RE1,DEMTERELCILU_MID,ELC002,1.0,2031,3.930333949699566
RE1,DEMTERELCILU_MID,ELC002,1.0,2032,3.709526818051866
RE1,DEMTERELCILU_MID,ELC002,1.0,2033,3.498338289312577
RE1,DEMTERELCILU_MID,ELC002,1.0,2034,3.309901014222736
RE1,DEMTERELCILU_MID,ELC002,1.0,2035,3.151902532588844
RE1,DEMTERELCILU_MID,ELC002,1.0,2036,3.026189729548537
RE1,DEMTERELCILU_MID,ELC002,1.0,2037,2.930271454282633
RE1,DEMTERELCILU_MID,ELC002,1.0,2038,2.859401102702496
RE1,DEMTERELCILU_MID,ELC002,1.0,2039,2.808271636456471
RE1,DEMTERELCILU_MID,ELC002,1.0,2040,2.77201550531156
RE1,DEMTERELCILU_MID,ELC002,1.0,2041,2.746619666367875
RE1,DEMTERELCILU_MID,ELC002,1.0,2042,2.728983506712917
RE1,DEMTERELCILU_MID,ELC002,1.0,2043,2.716809176827577
RE1,DEMTERELCILU_MID,ELC002,1.0,2044,2.708439872354426
RE1,DEMTERELCILU_MID,ELC002,1.0,2045,2.702702702702703
RE1,DEMTERELCILU_MID,ELC002,1.0,2046,2.702702702702703
RE1,DEMTERELCILU_MID,ELC002,1.0,2047,2.702702702702703
RE1,DEMTERELCILU_MID,ELC002,1.0,2048,2.702702702702703
RE1,DEMTERELCILU_MID,ELC002,1.0,2049,2.702702702702703
RE1,DEMTERELCILU_MID,ELC002,1.0,2050,2.702702702702703
RE1,DEMTERELCILU_MID,ELC002,1.0,2051,2.702702702702703
RE1,DEMTERELCILU_MID,ELC002,1.0,2052,2.702702702702703
RE1,DEMTERELCILU_MID,ELC002,1.0,2053,2.702702702702703
RE1,DEMTERELCILU_MID,ELC002,1.0,2054,2.702702702702703
RE1,DEMTERELCILU_MID,ELC002,1.0,2055,2.702702702702703
RE1,DEMTERELCILU_VAP,ELC002,1.0,2022,4.347826086956522
RE1,DEMTERELCILU_VAP,ELC002,1.0,2023,4.347826086956522
RE1,DEMTERELCILU_VAP,ELC002,1.0,2024,4.347826086956522
RE1,DEMTERELCILU_VAP,ELC002,1.0,2025,4.347826086956522
RE1,DEMTERELCILU_VAP,ELC002,1.0,2026,4.347826086956522
RE1,DEMTERELCILU_VAP,ELC002,1.0,2027,4.347826086956522
RE1,DEMTERELCILU_VAP,ELC002,1.0,2028,4.347826086956522
RE1,DEMTERELCILU_VAP,ELC002,1.0,2029,4.347826086956522
RE1,DEMTERELCILU_VAP,ELC002,1.0,2030,4.347826086956522
RE1,DEMTERELCILU_VAP,ELC002,1.0,2031,4.347826086956522
RE1,DEMTERELCILU_VAP,ELC002,1.0,2032,4.347826086956522
RE1,DEMTERELCILU_VAP,ELC002,1.0,2033,4.347826086956522
RE1,DEMTERELCILU_VAP,ELC002,1.0,2034,4.347826086956522
RE1,DEMTERELCILU_VAP,ELC002,1.0,2035,4.347826086956522
RE1,DEMTERELCILU_VAP,ELC002,1.0,2036,4.347826086956522
RE1,DEMTERELCILU_VAP,ELC002,1.0,2037,4.347826086956522
RE1,DEMTERELCILU_VAP,ELC002,1.0,2038,4.347826086956522
RE1,DEMTERELCILU_VAP,ELC002,1.0,2039,4.347826086956522
RE1,DEMTERELCILU_VAP,ELC002,1.0,2040,4.347826086956522
RE1,DEMTERELCILU_VAP,ELC002,1.0,2041,4.347826086956522
RE1,DEMTERELCILU_VAP,ELC002,1.0,2042,4.347826086956522
RE1,DEMTERELCILU_VAP,ELC002,1.0,2043,4.347826086956522
RE1,DEMTERELCILU_VAP,ELC002,1.0,2044,4.347826086956522
RE1,DEMTERELCILU_VAP,ELC002,1.0,2045,4.347826086956522
RE1,DEMTERELCILU_VAP,ELC002,1.0,2046,4.347826086956522
RE1,DEMTERELCILU_VAP,ELC002,1.0,2047,4.347826086956522
RE1,DEMTERELCILU_VAP,ELC002,1.0,2048,4.347826086956522
RE1,DEMTERELCILU_VAP,ELC002,1.0,2049,4.347826086956522
RE1,DEMTERELCILU_VAP,ELC002,1.0,2050,4.347826086956522
RE1,DEMTERELCILU_VAP,ELC002,1.0,2051,4.347826086956522
RE1,DEMTERELCILU_VAP,ELC002,1.0,2052,4.347826086956522
RE1,DEMTERELCILU_VAP,ELC002,1.0,2053,4.347826086956522
RE1,DEMTERELCILU_VAP,ELC002,1.0,2054,4.347826086956522
RE1,DEMTERELCILU_VAP,ELC002,1.0,2055,4.347826086956522
RE1,DEMTERELCMPW_HIG,ELC002,1.0,2022,1.111111111111111
RE1,DEMTERELCMPW_HIG,ELC002,1.0,2023,1.111111111111111
RE1,DEMTERELCMPW_HIG,ELC002,1.0,2024,1.111111111111111
RE1,DEMTERELCMPW_HIG,ELC002,1.0,2025,1.111111111111111
RE1,DEMTERELCMPW_HIG,ELC002,1.0,2026,1.111111111111111
RE1,DEMTERELCMPW_HIG,ELC002,1.0,2027,1.111111111111111
RE1,DEMTERELCMPW_HIG,ELC002,1.0,2028,1.111111111111111
RE1,DEMTERELCMPW_HIG,ELC002,1.0,2029,1.111111111111111
RE1,DEMTERELCMPW_HIG,ELC002,1.0,2030,1.111111111111111
RE1,DEMTERELCMPW_HIG,ELC002,1.0,2031,1.111111111111111
RE1,DEMTERELCMPW_HIG,ELC002,1.0,2032,1.111111111111111
RE1,DEMTERELCMPW_HIG,ELC002,1.0,2033,1.111111111111111
RE1,DEMTERELCMPW_HIG,ELC002,1.0,2034,1.111111111111111
RE1,DEMTERELCMPW_HIG,ELC002,1.0,2035,1.111111111111111
RE1,DEMTERELCMPW_HIG,ELC002,1.0,2036,1.111111111111111
RE1,DEMTERELCMPW_HIG,ELC002,1.0,2037,1.111111111111111
RE1,DEMTERELCMPW_HIG,ELC002,1.0,2038,1.111111111111111
RE1,DEMTERELCMPW_HIG,ELC002,1.0,2039,1.111111111111111
RE1,DEMTERELCMPW_HIG,ELC002,1.0,2040,1.111111111111111
RE1,DEMTERELCMPW_HIG,ELC002,1.0,2041,1.111111111111111
RE1,DEMTERELCMPW_HIG,ELC002,1.0,2042,1.111111111111111
RE1,DEMTERELCMPW_HIG,ELC002,1.0,2043,1.111111111111111
RE1,DEMTERELCMPW_HIG,ELC002,1.0,2044,1.111111111111111
RE1,DEMTERELCMPW_HIG,ELC002,1.0,2045,1.111111111111111
RE1,DEMTERELCMPW_HIG,ELC002,1.0,2046,1.111111111111111
RE1,DEMTERELCMPW_HIG,ELC002,1.0,2047,1.111111111111111
RE1,DEMTERELCMPW_HIG,ELC002,1.0,2048,1.111111111111111
RE1,DEMTERELCMPW_HIG,ELC002,1.0,2049,1.111111111111111
RE1,DEMTERELCMPW_HIG,ELC002,1.0,2050,1.111111111111111
RE1,DEMTERELCMPW_HIG,ELC002,1.0,2051,1.111111111111111
RE1,DEMTERELCMPW_HIG,ELC002,1.0,2052,1.111111111111111
RE1,DEMTERELCMPW_HIG,ELC002,1.0,2053,1.111111111111111
RE1,DEMTERELCMPW_HIG,ELC002,1.0,2054,1.111111111111111
RE1,DEMTERELCMPW_HIG,ELC002,1.0,2055,1.111111111111111
RE1,DEMTERELCMPW_LOW,ELC002,1.0,2022,1.333333333333333
RE1,DEMTERELCMPW_LOW,ELC002,1.0,2023,1.333333333333333
RE1,DEMTERELCMPW_LOW,ELC002,1.0,2024,1.333333333333333
RE1,DEMTERELCMPW_LOW,ELC002,1.0,2025,1.333333333333333
RE1,DEMTERELCMPW_LOW,ELC002,1.0,2026,1.333333333333333
RE1,DEMTERELCMPW_LOW,ELC002,1.0,2027,1.333333333333333
RE1,DEMTERELCMPW_LOW,ELC002,1.0,2028,1.333333333333333
RE1,DEMTERELCMPW_LOW,ELC002,1.0,2029,1.333333333333333
RE1,DEMTERELCMPW_LOW,ELC002,1.0,2030,1.333333333333333
RE1,DEMTERELCMPW_LOW,ELC002,1.0,2031,1.333333333333333
RE1,DEMTERELCMPW_LOW,ELC002,1.0,2032,1.333333333333333
RE1,DEMTERELCMPW_LOW,ELC002,1.0,2033,1.333333333333333
RE1,DEMTERELCMPW_LOW,ELC002,1.0,2034,1.333333333333333
RE1,DEMTERELCMPW_LOW,ELC002,1.0,2035,1.333333333333333
RE1,DEMTERELCMPW_LOW,ELC002,1.0,2036,1.333333333333333
RE1,DEMTERELCMPW_LOW,ELC002,1.0,2037,1.333333333333333
RE1,DEMTERELCMPW_LOW,ELC002,1.0,2038,1.333333333333333
RE1,DEMTERELCMPW_LOW,ELC002,1.0,2039,1.333333333333333
RE1,DEMTERELCMPW_LOW,ELC002,1.0,2040,1.333333333333333
RE1,DEMTERELCMPW_LOW,ELC002,1.0,2041,1.333333333333333
RE1,DEMTERELCMPW_LOW,ELC002,1.0,2042,1.333333333333333
RE1,DEMTERELCMPW_LOW,ELC002,1.0,2043,1.333333333333333
RE1,DEMTERELCMPW_LOW,ELC002,1.0,2044,1.333333333333333
RE1,DEMTERELCMPW_LOW,ELC002,1.0,2045,1.333333333333333
RE1,DEMTERELCMPW_LOW,ELC002,1.0,2046,1.333333333333333
RE1,DEMTERELCMPW_LOW,ELC002,1.0,2047,1.333333333333333
RE1,DEMTERELCMPW_LOW,ELC002,1.0,2048,1.333333333333333
RE1,DEMTERELCMPW_LOW,ELC002,1.0,2049,1.333333333333333
RE1,DEMTERELCMPW_LOW,ELC002,1.0,2050,1.333333333333333
RE1,DEMTERELCMPW_LOW,ELC002,1.0,2051,1.333333333333333
RE1,DEMTERELCMPW_LOW,ELC002,1.0,2052,1.333333333333333
RE1,DEMTERELCMPW_LOW,ELC002,1.0,2053,1.333333333333333
RE1,DEMTERELCMPW_LOW,ELC002,1.0,2054,1.333333333333333
RE1,DEMTERELCMPW_LOW,ELC002,1.0,2055,1.333333333333333
RE1,DEMTERELCMPW_MID,ELC002,1.0,2022,1.332035901735344
RE1,DEMTERELCMPW_MID,ELC002,1.0,2023,1.331442606996297
RE1,DEMTERELCMPW_MID,ELC002,1.0,2024,1.330587004919136
RE1,DEMTERELCMPW_MID,ELC002,1.0,2025,1.329362917298343
RE1,DEMTERELCMPW_MID,ELC002,1.0,2026,1.327631464872604
RE1,DEMTERELCMPW_MID,ELC002,1.0,2027,1.325221372206494
RE1,DEMTERELCMPW_MID,ELC002,1.0,2028,1.321940581588866
RE1,DEMTERELCMPW_MID,ELC002,1.0,2029,1.317607461592152
RE1,DEMTERELCMPW_MID,ELC002,1.0,2030,1.312107320370035
RE1,DEMTERELCMPW_MID,ELC002,1.0,2031,1.305467336425213
RE1,DEMTERELCMPW_MID,ELC002,1.0,2032,1.297919888788482
RE1,DEMTERELCMPW_MID,ELC002,1.0,2033,1.289906481780071
RE1,DEMTERELCMPW_MID,ELC002,1.0,2034,1.281991417760676
RE1,DEMTERELCMPW_MID,ELC002,1.0,2035,1.274712220670062
RE1,DEMTERELCMPW_MID,ELC002,1.0,2036,1.268444418908127
RE1,DEMTERELCMPW_MID,ELC002,1.0,2037,1.263346272751748
RE1,DEMTERELCMPW_MID,ELC002,1.0,2038,1.259388191040173
RE1,DEMTERELCMPW_MID,ELC002,1.0,2039,1.25642490005711
RE1,DEMTERELCMPW_MID,ELC002,1.0,2040,1.254266191445173
RE1,DEMTERELCMPW_MID,ELC002,1.0,2041,1.252724722318365
RE1,DEMTERELCMPW_MID,ELC002,1.0,2042,1.251639645144925
RE1,DEMTERELCMPW_MID,ELC002,1.0,2043,1.250883505030752
RE1,DEMTERELCMPW_MID,ELC002,1.0,2044,1.250360285251778
RE1,DEMTERELCMPW_MID,ELC002,1.0,2045,1.25
RE1,DEMTERELCMPW_MID,ELC002,1.0,2046,1.25
RE1,DEMTERELCMPW_MID,ELC002,1.0,2047,1.25
RE1,DEMTERELCMPW_MID,ELC002,1.0,2048,1.25
RE1,DEMTERELCMPW_MID,ELC002,1.0,2049,1.25
RE1,DEMTERELCMPW_MID,ELC002,1.0,2050,1.25
RE1,DEMTERELCMPW_MID,ELC002,1.0,2051,1.25
RE1,DEMTERELCMPW_MID,ELC002,1.0,2052,1.25
RE1,DEMTERELCMPW_MID,ELC002,1.0,2053,1.25
RE1,DEMTERELCMPW_MID,ELC002,1.0,2054,1.25
RE1,DEMTERELCMPW_MID,ELC002,1.0,2055,1.25
RE1,DEMTERELCOTH_HIG,ELC002,1.0,2022,1.030927835051547
RE1,DEMTERELCOTH_HIG,ELC002,1.0,2023,1.030927835051547
RE1,DEMTERELCOTH_HIG,ELC002,1.0,2024,1.030927835051547
RE1,DEMTERELCOTH_HIG,ELC002,1.0,2025,1.030927835051547
RE1,DEMTERELCOTH_HIG,ELC002,1.0,2026,1.030927835051547
RE1,DEMTERELCOTH_HIG,ELC002,1.0,2027,1.030927835051547
RE1,DEMTERELCOTH_HIG,ELC002,1.0,2028,1.030927835051547
RE1,DEMTERELCOTH_HIG,ELC002,1.0,2029,1.030927835051547
RE1,DEMTERELCOTH_HIG,ELC002,1.0,2030,1.030927835051547
RE1,DEMTERELCOTH_HIG,ELC002,1.0,2031,1.030927835051547
RE1,DEMTERELCOTH_HIG,ELC002,1.0,2032,1.030927835051547
RE1,DEMTERELCOTH_HIG,ELC002,1.0,2033,1.030927835051547
RE1,DEMTERELCOTH_HIG,ELC002,1.0,2034,1.030927835051547
RE1,DEMTERELCOTH_HIG,ELC002,1.0,2035,1.030927835051547
RE1,DEMTERELCOTH_HIG,ELC002,1.0,2036,1.030927835051547
RE1,DEMTERELCOTH_HIG,ELC002,1.0,2037,1.030927835051547
RE1,DEMTERELCOTH_HIG,ELC002,1.0,2038,1.030927835051547
RE1,DEMTERELCOTH_HIG,ELC002,1.0,2039,1.030927835051547
RE1,DEMTERELCOTH_HIG,ELC002,1.0,2040,1.030927835051547
RE1,DEMTERELCOTH_HIG,ELC002,1.0,2041,1.030927835051547
RE1,DEMTERELCOTH_HIG,ELC002,1.0,2042,1.030927835051547
RE1,DEMTERELCOTH_HIG,ELC002,1.0,2043,1.030927835051547
RE1,DEMTERELCOTH_HIG,ELC002,1.0,2044,1.030927835051547
RE1,DEMTERELCOTH_HIG,ELC002,1.0,2045,1.030927835051547
RE1,DEMTERELCOTH_HIG,ELC002,1.0,2046,1.030927835051547
RE1,DEMTERELCOTH_HIG,ELC002,1.0,2047,1.030927835051547
RE1,DEMTERELCOTH_HIG,ELC002,1.0,2048,1.030927835051547
RE1,DEMTERELCOTH_HIG,ELC002,1.0,2049,1.030927835051547
RE1,DEMTERELCOTH_HIG,ELC002,1.0,2050,1.030927835051547
RE1,DEMTERELCOTH_HIG,ELC002,1.0,2051,1.030927835051547
RE1,DEMTERELCOTH_HIG,ELC002,1.0,2052,1.030927835051547
RE1,DEMTERELCOTH_HIG,ELC002,1.0,2053,1.030927835051547
RE1,DEMTERELCOTH_HIG,ELC002,1.0,2054,1.030927835051547
RE1,DEMTERELCOTH_HIG,ELC002,1.0,2055,1.030927835051547
RE1,DEMTERELCOTH_LOW,ELC002,1.0,2022,1.219512195121951
RE1,DEMTERELCOTH_LOW,ELC002,1.0,2023,1.219512195121951
RE1,DEMTERELCOTH_LOW,ELC002,1.0,2024,1.219512195121951
RE1,DEMTERELCOTH_LOW,ELC002,1.0,2025,1.219512195121951
RE1,DEMTERELCOTH_LOW,ELC002,1.0,2026,1.219512195121951
RE1,DEMTERELCOTH_LOW,ELC002,1.0,2027,1.219512195121951
RE1,DEMTERELCOTH_LOW,ELC002,1.0,2028,1.219512195121951
RE1,DEMTERELCOTH_LOW,ELC002,1.0,2029,1.219512195121951
RE1,DEMTERELCOTH_LOW,ELC002,1.0,2030,1.219512195121951
RE1,DEMTERELCOTH_LOW,ELC002,1.0,2031,1.219512195121951
RE1,DEMTERELCOTH_LOW,ELC002,1.0,2032,1.219512195121951
RE1,DEMTERELCOTH_LOW,ELC002,1.0,2033,1.219512195121951
RE1,DEMTERELCOTH_LOW,ELC002,1.0,2034,1.219512195121951
RE1,DEMTERELCOTH_LOW,ELC002,1.0,2035,1.219512195121951
RE1,DEMTERELCOTH_LOW,ELC002,1.0,2036,1.219512195121951
RE1,DEMTERELCOTH_LOW,ELC002,1.0,2037,1.219512195121951
RE1,DEMTERELCOTH_LOW,ELC002,1.0,2038,1.219512195121951
RE1,DEMTERELCOTH_LOW,ELC002,1.0,2039,1.219512195121951
RE1,DEMTERELCOTH_LOW,ELC002,1.0,2040,1.219512195121951
RE1,DEMTERELCOTH_LOW,ELC002,1.0,2041,1.219512195121951
RE1,DEMTERELCOTH_LOW,ELC002,1.0,2042,1.219512195121951
RE1,DEMTERELCOTH_LOW,ELC002,1.0,2043,1.219512195121951
RE1,DEMTERELCOTH_LOW,ELC002,1.0,2044,1.219512195121951
RE1,DEMTERELCOTH_LOW,ELC002,1.0,2045,1.219512195121951
RE1,DEMTERELCOTH_LOW,ELC002,1.0,2046,1.219512195121951
RE1,DEMTERELCOTH_LOW,ELC002,1.0,2047,1.219512195121951
RE1,DEMTERELCOTH_LOW,ELC002,1.0,2048,1.219512195121951
RE1,DEMTERELCOTH_LOW,ELC002,1.0,2049,1.219512195121951
RE1,DEMTERELCOTH_LOW,ELC002,1.0,2050,1.219512195121951
RE1,DEMTERELCOTH_LOW,ELC002,1.0,2051,1.219512195121951
RE1,DEMTERELCOTH_LOW,ELC002,1.0,2052,1.219512195121951
RE1,DEMTERELCOTH_LOW,ELC002,1.0,2053,1.219512195121951
RE1,DEMTERELCOTH_LOW,ELC002,1.0,2054,1.219512195121951
RE1,DEMTERELCOTH_LOW,ELC002,1.0,2055,1.219512195121951
RE1,DEMTERELCOTH_MID,ELC002,1.0,2022,1.216910324073566
RE1,DEMTERELCOTH_MID,ELC002,1.0,2023,1.215722542992388
RE1,DEMTERELCOTH_MID,ELC002,1.0,2024,1.214011839524341
RE1,DEMTERELCOTH_MID,ELC002,1.0,2025,1.211568926760295
RE1,DEMTERELCOTH_MID,ELC002,1.0,2026,1.208122573166982
RE1,DEMTERELCOTH_MID,ELC002,1.0,2027,1.203343105937951
RE1,DEMTERELCOTH_MID,ELC002,1.0,2028,1.196869805339124
RE1,DEMTERELCOTH_MID,ELC002,1.0,2029,1.188377699826542
RE1,DEMTERELCOTH_MID,ELC002,1.0,2030,1.177691684799761
RE1,DEMTERELCOTH_MID,ELC002,1.0,2031,1.164928071964658
RE1,DEMTERELCOTH_MID,ELC002,1.0,2032,1.150598918784882
RE1,DEMTERELCOTH_MID,ELC002,1.0,2033,1.135589370883489
RE1,DEMTERELCOTH_MID,ELC002,1.0,2034,1.120966379076433
RE1,DEMTERELCOTH_MID,ELC002,1.0,2035,1.107692155742575
RE1,DEMTERELCOTH_MID,ELC002,1.0,2036,1.09639345729214
RE1,DEMTERELCOTH_MID,ELC002,1.0,2037,1.087291348004262
RE1,DEMTERELCOTH_MID,ELC002,1.0,2038,1.080278480490705
RE1,DEMTERELCOTH_MID,ELC002,1.0,2039,1.075058639562158
RE1,DEMTERELCOTH_MID,ELC002,1.0,2040,1.071272373975944
RE1,DEMTERELCOTH_MID,ELC002,1.0,2041,1.068577077970501
RE1,DEMTERELCOTH_MID,ELC002,1.0,2042,1.066683956299266
RE1,DEMTERELCOTH_MID,ELC002,1.0,2043,1.065366754706709
RE1,DEMTERELCOTH_MID,ELC002,1.0,2044,1.064456274885824
RE1,DEMTERELCOTH_MID,ELC002,1.0,2045,1.063829787234043
RE1,DEMTERELCOTH_MID,ELC002,1.0,2046,1.063829787234043
RE1,DEMTERELCOTH_MID,ELC002,1.0,2047,1.063829787234043
RE1,DEMTERELCOTH_MID,ELC002,1.0,2048,1.063829787234043
RE1,DEMTERELCOTH_MID,ELC002,1.0,2049,1.063829787234043
RE1,DEMTERELCOTH_MID,ELC002,1.0,2050,1.063829787234043
RE1,DEMTERELCOTH_MID,ELC002,1.0,2051,1.063829787234043
RE1,DEMTERELCOTH_MID,ELC002,1.0,2052,1.063829787234043
RE1,DEMTERELCOTH_MID,ELC002,1.0,2053,1.063829787234043
RE1,DEMTERELCOTH_MID,ELC002,1.0,2054,1.063829787234043
RE1,DEMTERELCOTH_MID,ELC002,1.0,2055,1.063829787234043
RE1,DEMTERELCREF_AUC_HIG,ELC002,1.0,2022,1.052631578947368
RE1,DEMTERELCREF_AUC_HIG,ELC002,1.0,2023,1.052631578947368
RE1,DEMTERELCREF_AUC_HIG,ELC002,1.0,2024,1.052631578947368
RE1,DEMTERELCREF_AUC_HIG,ELC002,1.0,2025,1.052631578947368
RE1,DEMTERELCREF_AUC_HIG,ELC002,1.0,2026,1.052631578947368
RE1,DEMTERELCREF_AUC_HIG,ELC002,1.0,2027,1.052631578947368
RE1,DEMTERELCREF_AUC_HIG,ELC002,1.0,2028,1.052631578947368
RE1,DEMTERELCREF_AUC_HIG,ELC002,1.0,2029,1.052631578947368
RE1,DEMTERELCREF_AUC_HIG,ELC002,1.0,2030,1.052631578947368
RE1,DEMTERELCREF_AUC_HIG,ELC002,1.0,2031,1.052631578947368
RE1,DEMTERELCREF_AUC_HIG,ELC002,1.0,2032,1.052631578947368
RE1,DEMTERELCREF_AUC_HIG,ELC002,1.0,2033,1.052631578947368
RE1,DEMTERELCREF_AUC_HIG,ELC002,1.0,2034,1.052631578947368
RE1,DEMTERELCREF_AUC_HIG,ELC002,1.0,2035,1.052631578947368
RE1,DEMTERELCREF_AUC_HIG,ELC002,1.0,2036,1.052631578947368
RE1,DEMTERELCREF_AUC_HIG,ELC002,1.0,2037,1.052631578947368
RE1,DEMTERELCREF_AUC_HIG,ELC002,1.0,2038,1.052631578947368
RE1,DEMTERELCREF_AUC_HIG,ELC002,1.0,2039,1.052631578947368
RE1,DEMTERELCREF_AUC_HIG,ELC002,1.0,2040,1.052631578947368
RE1,DEMTERELCREF_AUC_HIG,ELC002,1.0,2041,1.052631578947368
RE1,DEMTERELCREF_AUC_HIG,ELC002,1.0,2042,1.052631578947368
RE1,DEMTERELCREF_AUC_HIG,ELC002,1.0,2043,1.052631578947368
RE1,DEMTERELCREF_AUC_HIG,ELC002,1.0,2044,1.052631578947368
RE1,DEMTERELCREF_AUC_HIG,ELC002,1.0,2045,1.052631578947368
RE1,DEMTERELCREF_AUC_HIG,ELC002,1.0,2046,1.052631578947368
RE1,DEMTERELCREF_AUC_HIG,ELC002,1.0,2047,1.052631578947368
RE1,DEMTERELCREF_AUC_HIG,ELC002,1.0,2048,1.052631578947368
RE1,DEMTERELCREF_AUC_HIG,ELC002,1.0,2049,1.052631578947368
RE1,DEMTERELCREF_AUC_HIG,ELC002,1.0,2050,1.052631578947368
RE1,DEMTERELCREF_AUC_HIG,ELC002,1.0,2051,1.052631578947368
RE1,DEMTERELCREF_AUC_HIG,ELC002,1.0,2052,1.052631578947368
RE1,DEMTERELCREF_AUC_HIG,ELC002,1.0,2053,1.052631578947368
RE1,DEMTERELCREF_AUC_HIG,ELC002,1.0,2054,1.052631578947368
RE1,DEMTERELCREF_AUC_HIG,ELC002,1.0,2055,1.052631578947368
RE1,DEMTERELCREF_AUC_LOW,ELC002,1.0,2022,1.219512195121951
RE1,DEMTERELCREF_AUC_LOW,ELC002,1.0,2023,1.219512195121951
RE1,DEMTERELCREF_AUC_LOW,ELC002,1.0,2024,1.219512195121951
RE1,DEMTERELCREF_AUC_LOW,ELC002,1.0,2025,1.219512195121951
RE1,DEMTERELCREF_AUC_LOW,ELC002,1.0,2026,1.219512195121951
RE1,DEMTERELCREF_AUC_LOW,ELC002,1.0,2027,1.219512195121951
RE1,DEMTERELCREF_AUC_LOW,ELC002,1.0,2028,1.219512195121951
RE1,DEMTERELCREF_AUC_LOW,ELC002,1.0,2029,1.219512195121951
RE1,DEMTERELCREF_AUC_LOW,ELC002,1.0,2030,1.219512195121951
RE1,DEMTERELCREF_AUC_LOW,ELC002,1.0,2031,1.219512195121951
RE1,DEMTERELCREF_AUC_LOW,ELC002,1.0,2032,1.219512195121951
RE1,DEMTERELCREF_AUC_LOW,ELC002,1.0,2033,1.219512195121951
RE1,DEMTERELCREF_AUC_LOW,ELC002,1.0,2034,1.219512195121951
RE1,DEMTERELCREF_AUC_LOW,ELC002,1.0,2035,1.219512195121951
RE1,DEMTERELCREF_AUC_LOW,ELC002,1.0,2036,1.219512195121951
RE1,DEMTERELCREF_AUC_LOW,ELC002,1.0,2037,1.219512195121951
RE1,DEMTERELCREF_AUC_LOW,ELC002,1.0,2038,1.219512195121951
RE1,DEMTERELCREF_AUC_LOW,ELC002,1.0,2039,1.219512195121951
RE1,DEMTERELCREF_AUC_LOW,ELC002,1.0,2040,1.219512195121951
RE1,DEMTERELCREF_AUC_LOW,ELC002,1.0,2041,1.219512195121951
RE1,DEMTERELCREF_AUC_LOW,ELC002,1.0,2042,1.219512195121951
RE1,DEMTERELCREF_AUC_LOW,ELC002,1.0,2043,1.219512195121951
RE1,DEMTERELCREF_AUC_LOW,ELC002,1.0,2044,1.219512195121951
RE1,DEMTERELCREF_AUC_LOW,ELC002,1.0,2045,1.219512195121951
RE1,DEMTERELCREF_AUC_LOW,ELC002,1.0,2046,1.219512195121951
RE1,DEMTERELCREF_AUC_LOW,ELC002,1.0,2047,1.219512195121951
RE1,DEMTERELCREF_AUC_LOW,ELC002,1.0,2048,1.219512195121951
RE1,DEMTERELCREF_AUC_LOW,ELC002,1.0,2049,1.219512195121951
RE1,DEMTERELCREF_AUC_LOW,ELC002,1.0,2050,1.219512195121951
RE1,DEMTERELCREF_AUC_LOW,ELC002,1.0,2051,1.219512195121951
RE1,DEMTERELCREF_AUC_LOW,ELC002,1.0,2052,1.219512195121951
RE1,DEMTERELCREF_AUC_LOW,ELC002,1.0,2053,1.219512195121951
RE1,DEMTERELCREF_AUC_LOW,ELC002,1.0,2054,1.219512195121951
RE1,DEMTERELCREF_AUC_LOW,ELC002,1.0,2055,1.219512195121951
RE1,DEMTERELCREF_AUC_MID,ELC002,1.0,2022,1.218643669419595
RE1,DEMTERELCREF_AUC_MID,ELC002,1.0,2023,1.218246355334894
RE1,DEMTERELCREF_AUC_MID,ELC002,1.0,2024,1.217673213694437
RE1,DEMTERELCREF_AUC_MID,ELC002,1.0,2025,1.216852891453795
RE1,DEMTERELCREF_AUC_MID,ELC002,1.0,2026,1.215691867864811
RE1,DEMTERELCREF_AUC_MID,ELC002,1.0,2027,1.214074433799832
RE1,DEMTERELCREF_AUC_MID,ELC002,1.0,2028,1.211870139723948
RE1,DEMTERELCREF_AUC_MID,ELC002,1.0,2029,1.208954333199528
RE1,DEMTERELCREF_AUC_MID,ELC002,1.0,2030,1.205245870016561
RE1,DEMTERELCREF_AUC_MID,ELC002,1.0,2031,1.200757871115063
RE1,DEMTERELCREF_AUC_MID,ELC002,1.0,2032,1.195641845073665
RE1,DEMTERELCREF_AUC_MID,ELC002,1.0,2033,1.19019281123542
RE1,DEMTERELCREF_AUC_MID,ELC002,1.0,2034,1.18479321906773
RE1,DEMTERELCREF_AUC_MID,ELC002,1.0,2035,1.179812046538184
RE1,DEMTERELCREF_AUC_MID,ELC002,1.0,2036,1.175511127980916
RE1,DEMTERELCREF_AUC_MID,ELC002,1.0,2037,1.172004703233393
RE1,DEMTERELCREF_AUC_MID,ELC002,1.0,2038,1.169277361122081
RE1,DEMTERELCREF_AUC_MID,ELC002,1.0,2039,1.16723259762309
RE1,DEMTERELCREF_AUC_MID,ELC002,1.0,2040,1.165741461088824
RE1,DEMTERELCREF_AUC_MID,ELC002,1.0,2041,1.164675879329032
RE1,DEMTERELCREF_AUC_MID,ELC002,1.0,2042,1.163925387656299
RE1,DEMTERELCREF_AUC_MID,ELC002,1.0,2043,1.16340220768003
RE1,DEMTERELCREF_AUC_MID,ELC002,1.0,2044,1.163040092548291
RE1,DEMTERELCREF_AUC_MID,ELC002,1.0,2045,1.162790697674419
RE1,DEMTERELCREF_AUC_MID,ELC002,1.0,2046,1.162790697674419
RE1,DEMTERELCREF_AUC_MID,ELC002,1.0,2047,1.162790697674419
RE1,DEMTERELCREF_AUC_MID,ELC002,1.0,2048,1.162790697674419
RE1,DEMTERELCREF_AUC_MID,ELC002,1.0,2049,1.162790697674419
RE1,DEMTERELCREF_AUC_MID,ELC002,1.0,2050,1.162790697674419
RE1,DEMTERELCREF_AUC_MID,ELC002,1.0,2051,1.162790697674419
RE1,DEMTERELCREF_AUC_MID,ELC002,1.0,2052,1.162790697674419
RE1,DEMTERELCREF_AUC_MID,ELC002,1.0,2053,1.162790697674419
RE1,DEMTERELCREF_AUC_MID,ELC002,1.0,2054,1.162790697674419
RE1,DEMTERELCREF_AUC_MID,ELC002,1.0,2055,1.162790697674419
RE1,DEMTERELCREF_CEN_HIG,ELC002,1.0,2022,1.052631578947368
RE1,DEMTERELCREF_CEN_HIG,ELC002,1.0,2023,1.052631578947368
RE1,DEMTERELCREF_CEN_HIG,ELC002,1.0,2024,1.052631578947368
RE1,DEMTERELCREF_CEN_HIG,ELC002,1.0,2025,1.052631578947368
RE1,DEMTERELCREF_CEN_HIG,ELC002,1.0,2026,1.052631578947368
RE1,DEMTERELCREF_CEN_HIG,ELC002,1.0,2027,1.052631578947368
RE1,DEMTERELCREF_CEN_HIG,ELC002,1.0,2028,1.052631578947368
RE1,DEMTERELCREF_CEN_HIG,ELC002,1.0,2029,1.052631578947368
RE1,DEMTERELCREF_CEN_HIG,ELC002,1.0,2030,1.052631578947368
RE1,DEMTERELCREF_CEN_HIG,ELC002,1.0,2031,1.052631578947368
RE1,DEMTERELCREF_CEN_HIG,ELC002,1.0,2032,1.052631578947368
RE1,DEMTERELCREF_CEN_HIG,ELC002,1.0,2033,1.052631578947368
RE1,DEMTERELCREF_CEN_HIG,ELC002,1.0,2034,1.052631578947368
RE1,DEMTERELCREF_CEN_HIG,ELC002,1.0,2035,1.052631578947368
RE1,DEMTERELCREF_CEN_HIG,ELC002,1.0,2036,1.052631578947368
RE1,DEMTERELCREF_CEN_HIG,ELC002,1.0,2037,1.052631578947368
RE1,DEMTERELCREF_CEN_HIG,ELC002,1.0,2038,1.052631578947368
RE1,DEMTERELCREF_CEN_HIG,ELC002,1.0,2039,1.052631578947368
RE1,DEMTERELCREF_CEN_HIG,ELC002,1.0,2040,1.052631578947368
RE1,DEMTERELCREF_CEN_HIG,ELC002,1.0,2041,1.052631578947368
RE1,DEMTERELCREF_CEN_HIG,ELC002,1.0,2042,1.052631578947368
RE1,DEMTERELCREF_CEN_HIG,ELC002,1.0,2043,1.052631578947368
RE1,DEMTERELCREF_CEN_HIG,ELC002,1.0,2044,1.052631578947368
RE1,DEMTERELCREF_CEN_HIG,ELC002,1.0,2045,1.052631578947368
RE1,DEMTERELCREF_CEN_HIG,ELC002,1.0,2046,1.052631578947368
RE1,DEMTERELCREF_CEN_HIG,ELC002,1.0,2047,1.052631578947368
RE1,DEMTERELCREF_CEN_HIG,ELC002,1.0,2048,1.052631578947368
RE1,DEMTERELCREF_CEN_HIG,ELC002,1.0,2049,1.052631578947368
RE1,DEMTERELCREF_CEN_HIG,ELC002,1.0,2050,1.052631578947368
RE1,DEMTERELCREF_CEN_HIG,ELC002,1.0,2051,1.052631578947368
RE1,DEMTERELCREF_CEN_HIG,ELC002,1.0,2052,1.052631578947368
RE1,DEMTERELCREF_CEN_HIG,ELC002,1.0,2053,1.052631578947368
RE1,DEMTERELCREF_CEN_HIG,ELC002,1.0,2054,1.052631578947368
RE1,DEMTERELCREF_CEN_HIG,ELC002,1.0,2055,1.052631578947368
RE1,DEMTERELCREF_CEN_LOW,ELC002,1.0,2022,1.219512195121951
RE1,DEMTERELCREF_CEN_LOW,ELC002,1.0,2023,1.219512195121951
RE1,DEMTERELCREF_CEN_LOW,ELC002,1.0,2024,1.219512195121951
RE1,DEMTERELCREF_CEN_LOW,ELC002,1.0,2025,1.219512195121951
RE1,DEMTERELCREF_CEN_LOW,ELC002,1.0,2026,1.219512195121951
RE1,DEMTERELCREF_CEN_LOW,ELC002,1.0,2027,1.219512195121951
RE1,DEMTERELCREF_CEN_LOW,ELC002,1.0,2028,1.219512195121951
RE1,DEMTERELCREF_CEN_LOW,ELC002,1.0,2029,1.219512195121951
RE1,DEMTERELCREF_CEN_LOW,ELC002,1.0,2030,1.219512195121951
RE1,DEMTERELCREF_CEN_LOW,ELC002,1.0,2031,1.219512195121951
RE1,DEMTERELCREF_CEN_LOW,ELC002,1.0,2032,1.219512195121951
RE1,DEMTERELCREF_CEN_LOW,ELC002,1.0,2033,1.219512195121951
RE1,DEMTERELCREF_CEN_LOW,ELC002,1.0,2034,1.219512195121951
RE1,DEMTERELCREF_CEN_LOW,ELC002,1.0,2035,1.219512195121951
RE1,DEMTERELCREF_CEN_LOW,ELC002,1.0,2036,1.219512195121951
RE1,DEMTERELCREF_CEN_LOW,ELC002,1.0,2037,1.219512195121951
RE1,DEMTERELCREF_CEN_LOW,ELC002,1.0,2038,1.219512195121951
RE1,DEMTERELCREF_CEN_LOW,ELC002,1.0,2039,1.219512195121951
RE1,DEMTERELCREF_CEN_LOW,ELC002,1.0,2040,1.219512195121951
RE1,DEMTERELCREF_CEN_LOW,ELC002,1.0,2041,1.219512195121951
RE1,DEMTERELCREF_CEN_LOW,ELC002,1.0,2042,1.219512195121951
RE1,DEMTERELCREF_CEN_LOW,ELC002,1.0,2043,1.219512195121951
RE1,DEMTERELCREF_CEN_LOW,ELC002,1.0,2044,1.219512195121951
RE1,DEMTERELCREF_CEN_LOW,ELC002,1.0,2045,1.219512195121951
RE1,DEMTERELCREF_CEN_LOW,ELC002,1.0,2046,1.219512195121951
RE1,DEMTERELCREF_CEN_LOW,ELC002,1.0,2047,1.219512195121951
RE1,DEMTERELCREF_CEN_LOW,ELC002,1.0,2048,1.219512195121951
RE1,DEMTERELCREF_CEN_LOW,ELC002,1.0,2049,1.219512195121951
RE1,DEMTERELCREF_CEN_LOW,ELC002,1.0,2050,1.219512195121951
RE1,DEMTERELCREF_CEN_LOW,ELC002,1.0,2051,1.219512195121951
RE1,DEMTERELCREF_CEN_LOW,ELC002,1.0,2052,1.219512195121951
RE1,DEMTERELCREF_CEN_LOW,ELC002,1.0,2053,1.219512195121951
RE1,DEMTERELCREF_CEN_LOW,ELC002,1.0,2054,1.219512195121951
RE1,DEMTERELCREF_CEN_LOW,ELC002,1.0,2055,1.219512195121951
RE1,DEMTERELCREF_CEN_MID,ELC002,1.0,2022,1.218643669419595
RE1,DEMTERELCREF_CEN_MID,ELC002,1.0,2023,1.218246355334894
RE1,DEMTERELCREF_CEN_MID,ELC002,1.0,2024,1.217673213694437
RE1,DEMTERELCREF_CEN_MID,ELC002,1.0,2025,1.216852891453795
RE1,DEMTERELCREF_CEN_MID,ELC002,1.0,2026,1.215691867864811
RE1,DEMTERELCREF_CEN_MID,ELC002,1.0,2027,1.214074433799832
RE1,DEMTERELCREF_CEN_MID,ELC002,1.0,2028,1.211870139723948
RE1,DEMTERELCREF_CEN_MID,ELC002,1.0,2029,1.208954333199528
RE1,DEMTERELCREF_CEN_MID,ELC002,1.0,2030,1.205245870016561
RE1,DEMTERELCREF_CEN_MID,ELC002,1.0,2031,1.200757871115063
RE1,DEMTERELCREF_CEN_MID,ELC002,1.0,2032,1.195641845073665
RE1,DEMTERELCREF_CEN_MID,ELC002,1.0,2033,1.19019281123542
RE1,DEMTERELCREF_CEN_MID,ELC002,1.0,2034,1.18479321906773
RE1,DEMTERELCREF_CEN_MID,ELC002,1.0,2035,1.179812046538184
RE1,DEMTERELCREF_CEN_MID,ELC002,1.0,2036,1.175511127980916
RE1,DEMTERELCREF_CEN_MID,ELC002,1.0,2037,1.172004703233393
RE1,DEMTERELCREF_CEN_MID,ELC002,1.0,2038,1.169277361122081
RE1,DEMTERELCREF_CEN_MID,ELC002,1.0,2039,1.16723259762309
RE1,DEMTERELCREF_CEN_MID,ELC002,1.0,2040,1.165741461088824
RE1,DEMTERELCREF_CEN_MID,ELC002,1.0,2041,1.164675879329032
RE1,DEMTERELCREF_CEN_MID,ELC002,1.0,2042,1.163925387656299
RE1,DEMTERELCREF_CEN_MID,ELC002,1.0,2043,1.16340220768003
RE1,DEMTERELCREF_CEN_MID,ELC002,1.0,2044,1.163040092548291
RE1,DEMTERELCREF_CEN_MID,ELC002,1.0,2045,1.162790697674419
RE1,DEMTERELCREF_CEN_MID,ELC002,1.0,2046,1.162790697674419
RE1,DEMTERELCREF_CEN_MID,ELC002,1.0,2047,1.162790697674419
RE1,DEMTERELCREF_CEN_MID,ELC002,1.0,2048,1.162790697674419
RE1,DEMTERELCREF_CEN_MID,ELC002,1.0,2049,1.162790697674419
RE1,DEMTERELCREF_CEN_MID,ELC002,1.0,2050,1.162790697674419
RE1,DEMTERELCREF_CEN_MID,ELC002,1.0,2051,1.162790697674419
RE1,DEMTERELCREF_CEN_MID,ELC002,1.0,2052,1.162790697674419
RE1,DEMTERELCREF_CEN_MID,ELC002,1.0,2053,1.162790697674419
RE1,DEMTERELCREF_CEN_MID,ELC002,1.0,2054,1.162790697674419
RE1,DEMTERELCREF_CEN_MID,ELC002,1.0,2055,1.162790697674419
RE1,DEMTERLPGCKN_HIG,LPG002,1.0,2022,1.666666666666667
RE1,DEMTERLPGCKN_HIG,LPG002,1.0,2023,1.666666666666667
RE1,DEMTERLPGCKN_HIG,LPG002,1.0,2024,1.666666666666667
RE1,DEMTERLPGCKN_HIG,LPG002,1.0,2025,1.666666666666667
RE1,DEMTERLPGCKN_HIG,LPG002,1.0,2026,1.666666666666667
RE1,DEMTERLPGCKN_HIG,LPG002,1.0,2027,1.666666666666667
RE1,DEMTERLPGCKN_HIG,LPG002,1.0,2028,1.666666666666667
RE1,DEMTERLPGCKN_HIG,LPG002,1.0,2029,1.666666666666667
RE1,DEMTERLPGCKN_HIG,LPG002,1.0,2030,1.666666666666667
RE1,DEMTERLPGCKN_HIG,LPG002,1.0,2031,1.666666666666667
RE1,DEMTERLPGCKN_HIG,LPG002,1.0,2032,1.666666666666667
RE1,DEMTERLPGCKN_HIG,LPG002,1.0,2033,1.666666666666667
RE1,DEMTERLPGCKN_HIG,LPG002,1.0,2034,1.666666666666667
RE1,DEMTERLPGCKN_HIG,LPG002,1.0,2035,1.666666666666667
RE1,DEMTERLPGCKN_HIG,LPG002,1.0,2036,1.666666666666667
RE1,DEMTERLPGCKN_HIG,LPG002,1.0,2037,1.666666666666667
RE1,DEMTERLPGCKN_HIG,LPG002,1.0,2038,1.666666666666667
RE1,DEMTERLPGCKN_HIG,LPG002,1.0,2039,1.666666666666667
RE1,DEMTERLPGCKN_HIG,LPG002,1.0,2040,1.666666666666667
RE1,DEMTERLPGCKN_HIG,LPG002,1.0,2041,1.666666666666667
RE1,DEMTERLPGCKN_HIG,LPG002,1.0,2042,1.666666666666667
RE1,DEMTERLPGCKN_HIG,LPG002,1.0,2043,1.666666666666667
RE1,DEMTERLPGCKN_HIG,LPG002,1.0,2044,1.666666666666667
RE1,DEMTERLPGCKN_HIG,LPG002,1.0,2045,1.666666666666667
RE1,DEMTERLPGCKN_HIG,LPG002,1.0,2046,1.666666666666667
RE1,DEMTERLPGCKN_HIG,LPG002,1.0,2047,1.666666666666667
RE1,DEMTERLPGCKN_HIG,LPG002,1.0,2048,1.666666666666667
RE1,DEMTERLPGCKN_HIG,LPG002,1.0,2049,1.666666666666667
RE1,DEMTERLPGCKN_HIG,LPG002,1.0,2050,1.666666666666667
RE1,DEMTERLPGCKN_HIG,LPG002,1.0,2051,1.666666666666667
RE1,DEMTERLPGCKN_HIG,LPG002,1.0,2052,1.666666666666667
RE1,DEMTERLPGCKN_HIG,LPG002,1.0,2053,1.666666666666667
RE1,DEMTERLPGCKN_HIG,LPG002,1.0,2054,1.666666666666667
RE1,DEMTERLPGCKN_HIG,LPG002,1.0,2055,1.666666666666667
RE1,DEMTERLPGCKN_LOW,LPG002,1.0,2022,2.631578947368421
RE1,DEMTERLPGCKN_LOW,LPG002,1.0,2023,2.631578947368421
RE1,DEMTERLPGCKN_LOW,LPG002,1.0,2024,2.631578947368421
RE1,DEMTERLPGCKN_LOW,LPG002,1.0,2025,2.631578947368421
RE1,DEMTERLPGCKN_LOW,LPG002,1.0,2026,2.631578947368421
RE1,DEMTERLPGCKN_LOW,LPG002,1.0,2027,2.631578947368421
RE1,DEMTERLPGCKN_LOW,LPG002,1.0,2028,2.631578947368421
RE1,DEMTERLPGCKN_LOW,LPG002,1.0,2029,2.631578947368421
RE1,DEMTERLPGCKN_LOW,LPG002,1.0,2030,2.631578947368421
RE1,DEMTERLPGCKN_LOW,LPG002,1.0,2031,2.631578947368421
RE1,DEMTERLPGCKN_LOW,LPG002,1.0,2032,2.631578947368421
RE1,DEMTERLPGCKN_LOW,LPG002,1.0,2033,2.631578947368421
RE1,DEMTERLPGCKN_LOW,LPG002,1.0,2034,2.631578947368421
RE1,DEMTERLPGCKN_LOW,LPG002,1.0,2035,2.631578947368421
RE1,DEMTERLPGCKN_LOW,LPG002,1.0,2036,2.631578947368421
RE1,DEMTERLPGCKN_LOW,LPG002,1.0,2037,2.631578947368421
RE1,DEMTERLPGCKN_LOW,LPG002,1.0,2038,2.631578947368421
RE1,DEMTERLPGCKN_LOW,LPG002,1.0,2039,2.631578947368421
RE1,DEMTERLPGCKN_LOW,LPG002,1.0,2040,2.631578947368421
RE1,DEMTERLPGCKN_LOW,LPG002,1.0,2041,2.631578947368421
RE1,DEMTERLPGCKN_LOW,LPG002,1.0,2042,2.631578947368421
RE1,DEMTERLPGCKN_LOW,LPG002,1.0,2043,2.631578947368421
RE1,DEMTERLPGCKN_LOW,LPG002,1.0,2044,2.631578947368421
RE1,DEMTERLPGCKN_LOW,LPG002,1.0,2045,2.631578947368421
RE1,DEMTERLPGCKN_LOW,LPG002,1.0,2046,2.631578947368421
RE1,DEMTERLPGCKN_LOW,LPG002,1.0,2047,2.631578947368421
RE1,DEMTERLPGCKN_LOW,LPG002,1.0,2048,2.631578947368421
RE1,DEMTERLPGCKN_LOW,LPG002,1.0,2049,2.631578947368421
RE1,DEMTERLPGCKN_LOW,LPG002,1.0,2050,2.631578947368421
RE1,DEMTERLPGCKN_LOW,LPG002,1.0,2051,2.631578947368421
RE1,DEMTERLPGCKN_LOW,LPG002,1.0,2052,2.631578947368421
RE1,DEMTERLPGCKN_LOW,LPG002,1.0,2053,2.631578947368421
RE1,DEMTERLPGCKN_LOW,LPG002,1.0,2054,2.631578947368421
RE1,DEMTERLPGCKN_LOW,LPG002,1.0,2055,2.631578947368421
RE1,DEMTERLPGCKN_MID,LPG002,1.0,2022,2.616489046636153
RE1,DEMTERLPGCKN_MID,LPG002,1.0,2023,2.609636495116118
RE1,DEMTERLPGCKN_MID,LPG002,1.0,2024,2.599806610552803
RE1,DEMTERLPGCKN_MID,LPG002,1.0,2025,2.585849637670832
RE1,DEMTERLPGCKN_MID,LPG002,1.0,2026,2.566318633781218
RE1,DEMTERLPGCKN_MID,LPG002,1.0,2027,2.539535957520489
RE1,DEMTERLPGCKN_MID,LPG002,1.0,2028,2.503812330768546
RE1,DEMTERLPGCKN_MID,LPG002,1.0,2029,2.45788332675616
RE1,DEMTERLPGCKN_MID,LPG002,1.0,2030,2.401546554023846
RE1,DEMTERLPGCKN_MID,LPG002,1.0,2031,2.336297814247763
RE1,DEMTERLPGCKN_MID,LPG002,1.0,2032,2.26556638072807
RE1,DEMTERLPGCKN_MID,LPG002,1.0,2033,2.194185408667032
RE1,DEMTERLPGCKN_MID,LPG002,1.0,2034,2.127165033917952
RE1,DEMTERLPGCKN_MID,LPG002,1.0,2035,2.068370495453275
RE1,DEMTERLPGCKN_MID,LPG002,1.0,2036,2.0197872114543
RE1,DEMTERLPGCKN_MID,LPG002,1.0,2037,1.981587631083534
RE1,DEMTERLPGCKN_MID,LPG002,1.0,2038,1.952709118069119
RE1,DEMTERLPGCKN_MID,LPG002,1.0,2039,1.931518876207199
RE1,DEMTERLPGCKN_MID,LPG002,1.0,2040,1.916308032471836
RE1,DEMTERLPGCKN_MID,LPG002,1.0,2041,1.9055607456569
RE1,DEMTERLPGCKN_MID,LPG002,1.0,2042,1.898051820317226
RE1,DEMTERLPGCKN_MID,LPG002,1.0,2043,1.89284645985227
RE1,DEMTERLPGCKN_MID,LPG002,1.0,2044,1.889257571650335
RE1,DEMTERLPGCKN_MID,LPG002,1.0,2045,1.886792452830188
RE1,DEMTERLPGCKN_MID,LPG002,1.0,2046,1.886792452830188
RE1,DEMTERLPGCKN_MID,LPG002,1.0,2047,1.886792452830188
RE1,DEMTERLPGCKN_MID,LPG002,1.0,2048,1.886792452830188
RE1,DEMTERLPGCKN_MID,LPG002,1.0,2049,1.886792452830188
RE1,DEMTERLPGCKN_MID,LPG002,1.0,2050,1.886792452830188
RE1,DEMTERLPGCKN_MID,LPG002,1.0,2051,1.886792452830188
RE1,DEMTERLPGCKN_MID,LPG002,1.0,2052,1.886792452830188
RE1,DEMTERLPGCKN_MID,LPG002,1.0,2053,1.886792452830188
RE1,DEMTERLPGCKN_MID,LPG002,1.0,2054,1.886792452830188
RE1,DEMTERLPGCKN_MID,LPG002,1.0,2055,1.886792452830188
RE1,DEMTERNGSCKN_HIG,NGS002,1.0,2022,1.25
RE1,DEMTERNGSCKN_HIG,NGS002,1.0,2023,1.25
RE1,DEMTERNGSCKN_HIG,NGS002,1.0,2024,1.25
RE1,DEMTERNGSCKN_HIG,NGS002,1.0,2025,1.25
RE1,DEMTERNGSCKN_HIG,NGS002,1.0,2026,1.25
RE1,DEMTERNGSCKN_HIG,NGS002,1.0,2027,1.25
RE1,DEMTERNGSCKN_HIG,NGS002,1.0,2028,1.25
RE1,DEMTERNGSCKN_HIG,NGS002,1.0,2029,1.25
RE1,DEMTERNGSCKN_HIG,NGS002,1.0,2030,1.25
RE1,DEMTERNGSCKN_HIG,NGS002,1.0,2031,1.25
RE1,DEMTERNGSCKN_HIG,NGS002,1.0,2032,1.25
RE1,DEMTERNGSCKN_HIG,NGS002,1.0,2033,1.25
RE1,DEMTERNGSCKN_HIG,NGS002,1.0,2034,1.25
RE1,DEMTERNGSCKN_HIG,NGS002,1.0,2035,1.25
RE1,DEMTERNGSCKN_HIG,NGS002,1.0,2036,1.25
RE1,DEMTERNGSCKN_HIG,NGS002,1.0,2037,1.25
RE1,DEMTERNGSCKN_HIG,NGS002,1.0,2038,1.25
RE1,DEMTERNGSCKN_HIG,NGS002,1.0,2039,1.25
RE1,DEMTERNGSCKN_HIG,NGS002,1.0,2040,1.25
RE1,DEMTERNGSCKN_HIG,NGS002,1.0,2041,1.25
RE1,DEMTERNGSCKN_HIG,NGS002,1.0,2042,1.25
RE1,DEMTERNGSCKN_HIG,NGS002,1.0,2043,1.25
RE1,DEMTERNGSCKN_HIG,NGS002,1.0,2044,1.25
RE1,DEMTERNGSCKN_HIG,NGS002,1.0,2045,1.25
RE1,DEMTERNGSCKN_HIG,NGS002,1.0,2046,1.25
RE1,DEMTERNGSCKN_HIG,NGS002,1.0,2047,1.25
RE1,DEMTERNGSCKN_HIG,NGS002,1.0,2048,1.25
RE1,DEMTERNGSCKN_HIG,NGS002,1.0,2049,1.25
RE1,DEMTERNGSCKN_HIG,NGS002,1.0,2050,1.25
RE1,DEMTERNGSCKN_HIG,NGS002,1.0,2051,1.25
RE1,DEMTERNGSCKN_HIG,NGS002,1.0,2052,1.25
RE1,DEMTERNGSCKN_HIG,NGS002,1.0,2053,1.25
RE1,DEMTERNGSCKN_HIG,NGS002,1.0,2054,1.25
RE1,DEMTERNGSCKN_HIG,NGS002,1.0,2055,1.25
RE1,DEMTERNGSCKN_LOW,NGS002,1.0,2022,1.36986301369863
RE1,DEMTERNGSCKN_LOW,NGS002,1.0,2023,1.36986301369863
RE1,DEMTERNGSCKN_LOW,NGS002,1.0,2024,1.36986301369863
RE1,DEMTERNGSCKN_LOW,NGS002,1.0,2025,1.36986301369863
RE1,DEMTERNGSCKN_LOW,NGS002,1.0,2026,1.36986301369863
RE1,DEMTERNGSCKN_LOW,NGS002,1.0,2027,1.36986301369863
RE1,DEMTERNGSCKN_LOW,NGS002,1.0,2028,1.36986301369863
RE1,DEMTERNGSCKN_LOW,NGS002,1.0,2029,1.36986301369863
RE1,DEMTERNGSCKN_LOW,NGS002,1.0,2030,1.36986301369863
RE1,DEMTERNGSCKN_LOW,NGS002,1.0,2031,1.36986301369863
RE1,DEMTERNGSCKN_LOW,NGS002,1.0,2032,1.36986301369863
RE1,DEMTERNGSCKN_LOW,NGS002,1.0,2033,1.36986301369863
RE1,DEMTERNGSCKN_LOW,NGS002,1.0,2034,1.36986301369863
RE1,DEMTERNGSCKN_LOW,NGS002,1.0,2035,1.36986301369863
RE1,DEMTERNGSCKN_LOW,NGS002,1.0,2036,1.36986301369863
RE1,DEMTERNGSCKN_LOW,NGS002,1.0,2037,1.36986301369863
RE1,DEMTERNGSCKN_LOW,NGS002,1.0,2038,1.36986301369863
RE1,DEMTERNGSCKN_LOW,NGS002,1.0,2039,1.36986301369863
RE1,DEMTERNGSCKN_LOW,NGS002,1.0,2040,1.36986301369863
RE1,DEMTERNGSCKN_LOW,NGS002,1.0,2041,1.36986301369863
RE1,DEMTERNGSCKN_LOW,NGS002,1.0,2042,1.36986301369863
RE1,DEMTERNGSCKN_LOW,NGS002,1.0,2043,1.36986301369863
RE1,DEMTERNGSCKN_LOW,NGS002,1.0,2044,1.36986301369863
RE1,DEMTERNGSCKN_LOW,NGS002,1.0,2045,1.36986301369863
RE1,DEMTERNGSCKN_LOW,NGS002,1.0,2046,1.36986301369863
RE1,DEMTERNGSCKN_LOW,NGS002,1.0,2047,1.36986301369863
RE1,DEMTERNGSCKN_LOW,NGS002,1.0,2048,1.36986301369863
RE1,DEMTERNGSCKN_LOW,NGS002,1.0,2049,1.36986301369863
RE1,DEMTERNGSCKN_LOW,NGS002,1.0,2050,1.36986301369863
RE1,DEMTERNGSCKN_LOW,NGS002,1.0,2051,1.36986301369863
RE1,DEMTERNGSCKN_LOW,NGS002,1.0,2052,1.36986301369863
RE1,DEMTERNGSCKN_LOW,NGS002,1.0,2053,1.36986301369863
RE1,DEMTERNGSCKN_LOW,NGS002,1.0,2054,1.36986301369863
RE1,DEMTERNGSCKN_LOW,NGS002,1.0,2055,1.36986301369863
RE1,DEMTRADSLBOT,DSL002,1.0,2022,1.0
RE1,DEMTRADSLBOT,DSL002,1.0,2023,1.0
RE1,DEMTRADSLBOT,DSL002,1.0,2024,1.0
RE1,DEMTRADSLBOT,DSL002,1.0,2025,1.0
RE1,DEMTRADSLBOT,DSL002,1.0,2026,1.0
RE1,DEMTRADSLBOT,DSL002,1.0,2027,1.0
RE1,DEMTRADSLBOT,DSL002,1.0,2028,1.0
RE1,DEMTRADSLBOT,DSL002,1.0,2029,1.0
RE1,DEMTRADSLBOT,DSL002,1.0,2030,1.0
RE1,DEMTRADSLBOT,DSL002,1.0,2031,1.0
RE1,DEMTRADSLBOT,DSL002,1.0,2032,1.0
RE1,DEMTRADSLBOT,DSL002,1.0,2033,1.0
RE1,DEMTRADSLBOT,DSL002,1.0,2034,1.0
RE1,DEMTRADSLBOT,DSL002,1.0,2035,1.0
RE1,DEMTRADSLBOT,DSL002,1.0,2036,1.0
RE1,DEMTRADSLBOT,DSL002,1.0,2037,1.0
RE1,DEMTRADSLBOT,DSL002,1.0,2038,1.0
RE1,DEMTRADSLBOT,DSL002,1.0,2039,1.0
RE1,DEMTRADSLBOT,DSL002,1.0,2040,1.0
RE1,DEMTRADSLBOT,DSL002,1.0,2041,1.0
RE1,DEMTRADSLBOT,DSL002,1.0,2042,1.0
RE1,DEMTRADSLBOT,DSL002,1.0,2043,1.0
RE1,DEMTRADSLBOT,DSL002,1.0,2044,1.0
RE1,DEMTRADSLBOT,DSL002,1.0,2045,1.0
RE1,DEMTRADSLBOT,DSL002,1.0,2046,1.0
RE1,DEMTRADSLBOT,DSL002,1.0,2047,1.0
RE1,DEMTRADSLBOT,DSL002,1.0,2048,1.0
RE1,DEMTRADSLBOT,DSL002,1.0,2049,1.0
RE1,DEMTRADSLBOT,DSL002,1.0,2050,1.0
RE1,DEMTRADSLBOT,DSL002,1.0,2051,1.0
RE1,DEMTRADSLBOT,DSL002,1.0,2052,1.0
RE1,DEMTRADSLBOT,DSL002,1.0,2053,1.0
RE1,DEMTRADSLBOT,DSL002,1.0,2054,1.0
RE1,DEMTRADSLBOT,DSL002,1.0,2055,1.0
RE1,DEMTRADSLBUS_ART,DSL002,1.0,2022,3.636363636363636
RE1,DEMTRADSLBUS_ART,DSL002,1.0,2023,3.636363636363636
RE1,DEMTRADSLBUS_ART,DSL002,1.0,2024,3.636363636363636
RE1,DEMTRADSLBUS_ART,DSL002,1.0,2025,3.636363636363636
RE1,DEMTRADSLBUS_ART,DSL002,1.0,2026,3.636363636363636
RE1,DEMTRADSLBUS_ART,DSL002,1.0,2027,3.636363636363636
RE1,DEMTRADSLBUS_ART,DSL002,1.0,2028,3.636363636363636
RE1,DEMTRADSLBUS_ART,DSL002,1.0,2029,3.636363636363636
RE1,DEMTRADSLBUS_ART,DSL002,1.0,2030,3.636363636363636
RE1,DEMTRADSLBUS_ART,DSL002,1.0,2031,3.636363636363636
RE1,DEMTRADSLBUS_ART,DSL002,1.0,2032,3.636363636363636
RE1,DEMTRADSLBUS_ART,DSL002,1.0,2033,3.636363636363636
RE1,DEMTRADSLBUS_ART,DSL002,1.0,2034,3.636363636363636
RE1,DEMTRADSLBUS_ART,DSL002,1.0,2035,3.636363636363636
RE1,DEMTRADSLBUS_ART,DSL002,1.0,2036,3.636363636363636
RE1,DEMTRADSLBUS_ART,DSL002,1.0,2037,3.636363636363636
RE1,DEMTRADSLBUS_ART,DSL002,1.0,2038,3.636363636363636
RE1,DEMTRADSLBUS_ART,DSL002,1.0,2039,3.636363636363636
RE1,DEMTRADSLBUS_ART,DSL002,1.0,2040,3.636363636363636
RE1,DEMTRADSLBUS_ART,DSL002,1.0,2041,3.636363636363636
RE1,DEMTRADSLBUS_ART,DSL002,1.0,2042,3.636363636363636
RE1,DEMTRADSLBUS_ART,DSL002,1.0,2043,3.636363636363636
RE1,DEMTRADSLBUS_ART,DSL002,1.0,2044,3.636363636363636
RE1,DEMTRADSLBUS_ART,DSL002,1.0,2045,3.636363636363636
RE1,DEMTRADSLBUS_ART,DSL002,1.0,2046,3.636363636363636
RE1,DEMTRADSLBUS_ART,DSL002,1.0,2047,3.636363636363636
RE1,DEMTRADSLBUS_ART,DSL002,1.0,2048,3.636363636363636
RE1,DEMTRADSLBUS_ART,DSL002,1.0,2049,3.636363636363636
RE1,DEMTRADSLBUS_ART,DSL002,1.0,2050,3.636363636363636
RE1,DEMTRADSLBUS_ART,DSL002,1.0,2051,3.636363636363636
RE1,DEMTRADSLBUS_ART,DSL002,1.0,2052,3.636363636363636
RE1,DEMTRADSLBUS_ART,DSL002,1.0,2053,3.636363636363636
RE1,DEMTRADSLBUS_ART,DSL002,1.0,2054,3.636363636363636
RE1,DEMTRADSLBUS_ART,DSL002,1.0,2055,3.636363636363636
RE1,DEMTRADSLBUS_BIA,DSL002,1.0,2022,3.636363636363636
RE1,DEMTRADSLBUS_BIA,DSL002,1.0,2023,3.636363636363636
RE1,DEMTRADSLBUS_BIA,DSL002,1.0,2024,3.636363636363636
RE1,DEMTRADSLBUS_BIA,DSL002,1.0,2025,3.636363636363636
RE1,DEMTRADSLBUS_BIA,DSL002,1.0,2026,3.636363636363636
RE1,DEMTRADSLBUS_BIA,DSL002,1.0,2027,3.636363636363636
RE1,DEMTRADSLBUS_BIA,DSL002,1.0,2028,3.636363636363636
RE1,DEMTRADSLBUS_BIA,DSL002,1.0,2029,3.636363636363636
RE1,DEMTRADSLBUS_BIA,DSL002,1.0,2030,3.636363636363636
RE1,DEMTRADSLBUS_BIA,DSL002,1.0,2031,3.636363636363636
RE1,DEMTRADSLBUS_BIA,DSL002,1.0,2032,3.636363636363636
RE1,DEMTRADSLBUS_BIA,DSL002,1.0,2033,3.636363636363636
RE1,DEMTRADSLBUS_BIA,DSL002,1.0,2034,3.636363636363636
RE1,DEMTRADSLBUS_BIA,DSL002,1.0,2035,3.636363636363636
RE1,DEMTRADSLBUS_BIA,DSL002,1.0,2036,3.636363636363636
RE1,DEMTRADSLBUS_BIA,DSL002,1.0,2037,3.636363636363636
RE1,DEMTRADSLBUS_BIA,DSL002,1.0,2038,3.636363636363636
RE1,DEMTRADSLBUS_BIA,DSL002,1.0,2039,3.636363636363636
RE1,DEMTRADSLBUS_BIA,DSL002,1.0,2040,3.636363636363636
RE1,DEMTRADSLBUS_BIA,DSL002,1.0,2041,3.636363636363636
RE1,DEMTRADSLBUS_BIA,DSL002,1.0,2042,3.636363636363636
RE1,DEMTRADSLBUS_BIA,DSL002,1.0,2043,3.636363636363636
RE1,DEMTRADSLBUS_BIA,DSL002,1.0,2044,3.636363636363636
RE1,DEMTRADSLBUS_BIA,DSL002,1.0,2045,3.636363636363636
RE1,DEMTRADSLBUS_BIA,DSL002,1.0,2046,3.636363636363636
RE1,DEMTRADSLBUS_BIA,DSL002,1.0,2047,3.636363636363636
RE1,DEMTRADSLBUS_BIA,DSL002,1.0,2048,3.636363636363636
RE1,DEMTRADSLBUS_BIA,DSL002,1.0,2049,3.636363636363636
RE1,DEMTRADSLBUS_BIA,DSL002,1.0,2050,3.636363636363636
RE1,DEMTRADSLBUS_BIA,DSL002,1.0,2051,3.636363636363636
RE1,DEMTRADSLBUS_BIA,DSL002,1.0,2052,3.636363636363636
RE1,DEMTRADSLBUS_BIA,DSL002,1.0,2053,3.636363636363636
RE1,DEMTRADSLBUS_BIA,DSL002,1.0,2054,3.636363636363636
RE1,DEMTRADSLBUS_BIA,DSL002,1.0,2055,3.636363636363636
RE1,DEMTRADSLBUS_IMU,DSL002,1.0,2022,3.636363636363636
RE1,DEMTRADSLBUS_IMU,DSL002,1.0,2023,3.636363636363636
RE1,DEMTRADSLBUS_IMU,DSL002,1.0,2024,3.636363636363636
RE1,DEMTRADSLBUS_IMU,DSL002,1.0,2025,3.636363636363636
RE1,DEMTRADSLBUS_IMU,DSL002,1.0,2026,3.636363636363636
RE1,DEMTRADSLBUS_IMU,DSL002,1.0,2027,3.636363636363636
RE1,DEMTRADSLBUS_IMU,DSL002,1.0,2028,3.636363636363636
RE1,DEMTRADSLBUS_IMU,DSL002,1.0,2029,3.636363636363636
RE1,DEMTRADSLBUS_IMU,DSL002,1.0,2030,3.636363636363636
RE1,DEMTRADSLBUS_IMU,DSL002,1.0,2031,3.636363636363636
RE1,DEMTRADSLBUS_IMU,DSL002,1.0,2032,3.636363636363636
RE1,DEMTRADSLBUS_IMU,DSL002,1.0,2033,3.636363636363636
RE1,DEMTRADSLBUS_IMU,DSL002,1.0,2034,3.636363636363636
RE1,DEMTRADSLBUS_IMU,DSL002,1.0,2035,3.636363636363636
RE1,DEMTRADSLBUS_IMU,DSL002,1.0,2036,3.636363636363636
RE1,DEMTRADSLBUS_IMU,DSL002,1.0,2037,3.636363636363636
RE1,DEMTRADSLBUS_IMU,DSL002,1.0,2038,3.636363636363636
RE1,DEMTRADSLBUS_IMU,DSL002,1.0,2039,3.636363636363636
RE1,DEMTRADSLBUS_IMU,DSL002,1.0,2040,3.636363636363636
RE1,DEMTRADSLBUS_IMU,DSL002,1.0,2041,3.636363636363636
RE1,DEMTRADSLBUS_IMU,DSL002,1.0,2042,3.636363636363636
RE1,DEMTRADSLBUS_IMU,DSL002,1.0,2043,3.636363636363636
RE1,DEMTRADSLBUS_IMU,DSL002,1.0,2044,3.636363636363636
RE1,DEMTRADSLBUS_IMU,DSL002,1.0,2045,3.636363636363636
RE1,DEMTRADSLBUS_IMU,DSL002,1.0,2046,3.636363636363636
RE1,DEMTRADSLBUS_IMU,DSL002,1.0,2047,3.636363636363636
RE1,DEMTRADSLBUS_IMU,DSL002,1.0,2048,3.636363636363636
RE1,DEMTRADSLBUS_IMU,DSL002,1.0,2049,3.636363636363636
RE1,DEMTRADSLBUS_IMU,DSL002,1.0,2050,3.636363636363636
RE1,DEMTRADSLBUS_IMU,DSL002,1.0,2051,3.636363636363636
RE1,DEMTRADSLBUS_IMU,DSL002,1.0,2052,3.636363636363636
RE1,DEMTRADSLBUS_IMU,DSL002,1.0,2053,3.636363636363636
RE1,DEMTRADSLBUS_IMU,DSL002,1.0,2054,3.636363636363636
RE1,DEMTRADSLBUS_IMU,DSL002,1.0,2055,3.636363636363636
RE1,DEMTRADSLBUS_URB,DSL002,1.0,2022,3.636363636363636
RE1,DEMTRADSLBUS_URB,DSL002,1.0,2023,3.636363636363636
RE1,DEMTRADSLBUS_URB,DSL002,1.0,2024,3.636363636363636
RE1,DEMTRADSLBUS_URB,DSL002,1.0,2025,3.636363636363636
RE1,DEMTRADSLBUS_URB,DSL002,1.0,2026,3.636363636363636
RE1,DEMTRADSLBUS_URB,DSL002,1.0,2027,3.636363636363636
RE1,DEMTRADSLBUS_URB,DSL002,1.0,2028,3.636363636363636
RE1,DEMTRADSLBUS_URB,DSL002,1.0,2029,3.636363636363636
RE1,DEMTRADSLBUS_URB,DSL002,1.0,2030,3.636363636363636
RE1,DEMTRADSLBUS_URB,DSL002,1.0,2031,3.636363636363636
RE1,DEMTRADSLBUS_URB,DSL002,1.0,2032,3.636363636363636
RE1,DEMTRADSLBUS_URB,DSL002,1.0,2033,3.636363636363636
RE1,DEMTRADSLBUS_URB,DSL002,1.0,2034,3.636363636363636
RE1,DEMTRADSLBUS_URB,DSL002,1.0,2035,3.636363636363636
RE1,DEMTRADSLBUS_URB,DSL002,1.0,2036,3.636363636363636
RE1,DEMTRADSLBUS_URB,DSL002,1.0,2037,3.636363636363636
RE1,DEMTRADSLBUS_URB,DSL002,1.0,2038,3.636363636363636
RE1,DEMTRADSLBUS_URB,DSL002,1.0,2039,3.636363636363636
RE1,DEMTRADSLBUS_URB,DSL002,1.0,2040,3.636363636363636
RE1,DEMTRADSLBUS_URB,DSL002,1.0,2041,3.636363636363636
RE1,DEMTRADSLBUS_URB,DSL002,1.0,2042,3.636363636363636
RE1,DEMTRADSLBUS_URB,DSL002,1.0,2043,3.636363636363636
RE1,DEMTRADSLBUS_URB,DSL002,1.0,2044,3.636363636363636
RE1,DEMTRADSLBUS_URB,DSL002,1.0,2045,3.636363636363636
RE1,DEMTRADSLBUS_URB,DSL002,1.0,2046,3.636363636363636
RE1,DEMTRADSLBUS_URB,DSL002,1.0,2047,3.636363636363636
RE1,DEMTRADSLBUS_URB,DSL002,1.0,2048,3.636363636363636
RE1,DEMTRADSLBUS_URB,DSL002,1.0,2049,3.636363636363636
RE1,DEMTRADSLBUS_URB,DSL002,1.0,2050,3.636363636363636
RE1,DEMTRADSLBUS_URB,DSL002,1.0,2051,3.636363636363636
RE1,DEMTRADSLBUS_URB,DSL002,1.0,2052,3.636363636363636
RE1,DEMTRADSLBUS_URB,DSL002,1.0,2053,3.636363636363636
RE1,DEMTRADSLBUS_URB,DSL002,1.0,2054,3.636363636363636
RE1,DEMTRADSLBUS_URB,DSL002,1.0,2055,3.636363636363636
RE1,DEMTRADSLFWD,DSL002,1.0,2022,3.636363636363636
RE1,DEMTRADSLFWD,DSL002,1.0,2023,3.636363636363636
RE1,DEMTRADSLFWD,DSL002,1.0,2024,3.636363636363636
RE1,DEMTRADSLFWD,DSL002,1.0,2025,3.636363636363636
RE1,DEMTRADSLFWD,DSL002,1.0,2026,3.636363636363636
RE1,DEMTRADSLFWD,DSL002,1.0,2027,3.636363636363636
RE1,DEMTRADSLFWD,DSL002,1.0,2028,3.636363636363636
RE1,DEMTRADSLFWD,DSL002,1.0,2029,3.636363636363636
RE1,DEMTRADSLFWD,DSL002,1.0,2030,3.636363636363636
RE1,DEMTRADSLFWD,DSL002,1.0,2031,3.636363636363636
RE1,DEMTRADSLFWD,DSL002,1.0,2032,3.636363636363636
RE1,DEMTRADSLFWD,DSL002,1.0,2033,3.636363636363636
RE1,DEMTRADSLFWD,DSL002,1.0,2034,3.636363636363636
RE1,DEMTRADSLFWD,DSL002,1.0,2035,3.636363636363636
RE1,DEMTRADSLFWD,DSL002,1.0,2036,3.636363636363636
RE1,DEMTRADSLFWD,DSL002,1.0,2037,3.636363636363636
RE1,DEMTRADSLFWD,DSL002,1.0,2038,3.636363636363636
RE1,DEMTRADSLFWD,DSL002,1.0,2039,3.636363636363636
RE1,DEMTRADSLFWD,DSL002,1.0,2040,3.636363636363636
RE1,DEMTRADSLFWD,DSL002,1.0,2041,3.636363636363636
RE1,DEMTRADSLFWD,DSL002,1.0,2042,3.636363636363636
RE1,DEMTRADSLFWD,DSL002,1.0,2043,3.636363636363636
RE1,DEMTRADSLFWD,DSL002,1.0,2044,3.636363636363636
RE1,DEMTRADSLFWD,DSL002,1.0,2045,3.636363636363636
RE1,DEMTRADSLFWD,DSL002,1.0,2046,3.636363636363636
RE1,DEMTRADSLFWD,DSL002,1.0,2047,3.636363636363636
RE1,DEMTRADSLFWD,DSL002,1.0,2048,3.636363636363636
RE1,DEMTRADSLFWD,DSL002,1.0,2049,3.636363636363636
RE1,DEMTRADSLFWD,DSL002,1.0,2050,3.636363636363636
RE1,DEMTRADSLFWD,DSL002,1.0,2051,3.636363636363636
RE1,DEMTRADSLFWD,DSL002,1.0,2052,3.636363636363636
RE1,DEMTRADSLFWD,DSL002,1.0,2053,3.636363636363636
RE1,DEMTRADSLFWD,DSL002,1.0,2054,3.636363636363636
RE1,DEMTRADSLFWD,DSL002,1.0,2055,3.636363636363636
RE1,DEMTRADSLLDV,DSL002,1.0,2022,3.636363636363636
RE1,DEMTRADSLLDV,DSL002,1.0,2023,3.636363636363636
RE1,DEMTRADSLLDV,DSL002,1.0,2024,3.636363636363636
RE1,DEMTRADSLLDV,DSL002,1.0,2025,3.636363636363636
RE1,DEMTRADSLLDV,DSL002,1.0,2026,3.636363636363636
RE1,DEMTRADSLLDV,DSL002,1.0,2027,3.636363636363636
RE1,DEMTRADSLLDV,DSL002,1.0,2028,3.636363636363636
RE1,DEMTRADSLLDV,DSL002,1.0,2029,3.636363636363636
RE1,DEMTRADSLLDV,DSL002,1.0,2030,3.636363636363636
RE1,DEMTRADSLLDV,DSL002,1.0,2031,3.636363636363636
RE1,DEMTRADSLLDV,DSL002,1.0,2032,3.636363636363636
RE1,DEMTRADSLLDV,DSL002,1.0,2033,3.636363636363636
RE1,DEMTRADSLLDV,DSL002,1.0,2034,3.636363636363636
RE1,DEMTRADSLLDV,DSL002,1.0,2035,3.636363636363636
RE1,DEMTRADSLLDV,DSL002,1.0,2036,3.636363636363636
RE1,DEMTRADSLLDV,DSL002,1.0,2037,3.636363636363636
RE1,DEMTRADSLLDV,DSL002,1.0,2038,3.636363636363636
RE1,DEMTRADSLLDV,DSL002,1.0,2039,3.636363636363636
RE1,DEMTRADSLLDV,DSL002,1.0,2040,3.636363636363636
RE1,DEMTRADSLLDV,DSL002,1.0,2041,3.636363636363636
RE1,DEMTRADSLLDV,DSL002,1.0,2042,3.636363636363636
RE1,DEMTRADSLLDV,DSL002,1.0,2043,3.636363636363636
RE1,DEMTRADSLLDV,DSL002,1.0,2044,3.636363636363636
RE1,DEMTRADSLLDV,DSL002,1.0,2045,3.636363636363636
RE1,DEMTRADSLLDV,DSL002,1.0,2046,3.636363636363636
RE1,DEMTRADSLLDV,DSL002,1.0,2047,3.636363636363636
RE1,DEMTRADSLLDV,DSL002,1.0,2048,3.636363636363636
RE1,DEMTRADSLLDV,DSL002,1.0,2049,3.636363636363636
RE1,DEMTRADSLLDV,DSL002,1.0,2050,3.636363636363636
RE1,DEMTRADSLLDV,DSL002,1.0,2051,3.636363636363636
RE1,DEMTRADSLLDV,DSL002,1.0,2052,3.636363636363636
RE1,DEMTRADSLLDV,DSL002,1.0,2053,3.636363636363636
RE1,DEMTRADSLLDV,DSL002,1.0,2054,3.636363636363636
RE1,DEMTRADSLLDV,DSL002,1.0,2055,3.636363636363636
RE1,DEMTRADSLMIC,DSL002,1.0,2022,3.636363636363636
RE1,DEMTRADSLMIC,DSL002,1.0,2023,3.636363636363636
RE1,DEMTRADSLMIC,DSL002,1.0,2024,3.636363636363636
RE1,DEMTRADSLMIC,DSL002,1.0,2025,3.636363636363636
RE1,DEMTRADSLMIC,DSL002,1.0,2026,3.636363636363636
RE1,DEMTRADSLMIC,DSL002,1.0,2027,3.636363636363636
RE1,DEMTRADSLMIC,DSL002,1.0,2028,3.636363636363636
RE1,DEMTRADSLMIC,DSL002,1.0,2029,3.636363636363636
RE1,DEMTRADSLMIC,DSL002,1.0,2030,3.636363636363636
RE1,DEMTRADSLMIC,DSL002,1.0,2031,3.636363636363636
RE1,DEMTRADSLMIC,DSL002,1.0,2032,3.636363636363636
RE1,DEMTRADSLMIC,DSL002,1.0,2033,3.636363636363636
RE1,DEMTRADSLMIC,DSL002,1.0,2034,3.636363636363636
RE1,DEMTRADSLMIC,DSL002,1.0,2035,3.636363636363636
RE1,DEMTRADSLMIC,DSL002,1.0,2036,3.636363636363636
RE1,DEMTRADSLMIC,DSL002,1.0,2037,3.636363636363636
RE1,DEMTRADSLMIC,DSL002,1.0,2038,3.636363636363636
RE1,DEMTRADSLMIC,DSL002,1.0,2039,3.636363636363636
RE1,DEMTRADSLMIC,DSL002,1.0,2040,3.636363636363636
RE1,DEMTRADSLMIC,DSL002,1.0,2041,3.636363636363636
RE1,DEMTRADSLMIC,DSL002,1.0,2042,3.636363636363636
RE1,DEMTRADSLMIC,DSL002,1.0,2043,3.636363636363636
RE1,DEMTRADSLMIC,DSL002,1.0,2044,3.636363636363636
RE1,DEMTRADSLMIC,DSL002,1.0,2045,3.636363636363636
RE1,DEMTRADSLMIC,DSL002,1.0,2046,3.636363636363636
RE1,DEMTRADSLMIC,DSL002,1.0,2047,3.636363636363636
RE1,DEMTRADSLMIC,DSL002,1.0,2048,3.636363636363636
RE1,DEMTRADSLMIC,DSL002,1.0,2049,3.636363636363636
RE1,DEMTRADSLMIC,DSL002,1.0,2050,3.636363636363636
RE1,DEMTRADSLMIC,DSL002,1.0,2051,3.636363636363636
RE1,DEMTRADSLMIC,DSL002,1.0,2052,3.636363636363636
RE1,DEMTRADSLMIC,DSL002,1.0,2053,3.636363636363636
RE1,DEMTRADSLMIC,DSL002,1.0,2054,3.636363636363636
RE1,DEMTRADSLMIC,DSL002,1.0,2055,3.636363636363636
RE1,DEMTRADSLSHP,DSL,1.0,2022,1.0
RE1,DEMTRADSLSHP,DSL,1.0,2023,1.0
RE1,DEMTRADSLSHP,DSL,1.0,2024,1.0
RE1,DEMTRADSLSHP,DSL,1.0,2025,1.0
RE1,DEMTRADSLSHP,DSL,1.0,2026,1.0
RE1,DEMTRADSLSHP,DSL,1.0,2027,1.0
RE1,DEMTRADSLSHP,DSL,1.0,2028,1.0
RE1,DEMTRADSLSHP,DSL,1.0,2029,1.0
RE1,DEMTRADSLSHP,DSL,1.0,2030,1.0
RE1,DEMTRADSLSHP,DSL,1.0,2031,1.0
RE1,DEMTRADSLSHP,DSL,1.0,2032,1.0
RE1,DEMTRADSLSHP,DSL,1.0,2033,1.0
RE1,DEMTRADSLSHP,DSL,1.0,2034,1.0
RE1,DEMTRADSLSHP,DSL,1.0,2035,1.0
RE1,DEMTRADSLSHP,DSL,1.0,2036,1.0
RE1,DEMTRADSLSHP,DSL,1.0,2037,1.0
RE1,DEMTRADSLSHP,DSL,1.0,2038,1.0
RE1,DEMTRADSLSHP,DSL,1.0,2039,1.0
RE1,DEMTRADSLSHP,DSL,1.0,2040,1.0
RE1,DEMTRADSLSHP,DSL,1.0,2041,1.0
RE1,DEMTRADSLSHP,DSL,1.0,2042,1.0
RE1,DEMTRADSLSHP,DSL,1.0,2043,1.0
RE1,DEMTRADSLSHP,DSL,1.0,2044,1.0
RE1,DEMTRADSLSHP,DSL,1.0,2045,1.0
RE1,DEMTRADSLSHP,DSL,1.0,2046,1.0
RE1,DEMTRADSLSHP,DSL,1.0,2047,1.0
RE1,DEMTRADSLSHP,DSL,1.0,2048,1.0
RE1,DEMTRADSLSHP,DSL,1.0,2049,1.0
RE1,DEMTRADSLSHP,DSL,1.0,2050,1.0
RE1,DEMTRADSLSHP,DSL,1.0,2051,1.0
RE1,DEMTRADSLSHP,DSL,1.0,2052,1.0
RE1,DEMTRADSLSHP,DSL,1.0,2053,1.0
RE1,DEMTRADSLSHP,DSL,1.0,2054,1.0
RE1,DEMTRADSLSHP,DSL,1.0,2055,1.0
RE1,DEMTRADSLSTT,DSL002,1.0,2022,3.636363636363636
RE1,DEMTRADSLSTT,DSL002,1.0,2023,3.636363636363636
RE1,DEMTRADSLSTT,DSL002,1.0,2024,3.636363636363636
RE1,DEMTRADSLSTT,DSL002,1.0,2025,3.636363636363636
RE1,DEMTRADSLSTT,DSL002,1.0,2026,3.636363636363636
RE1,DEMTRADSLSTT,DSL002,1.0,2027,3.636363636363636
RE1,DEMTRADSLSTT,DSL002,1.0,2028,3.636363636363636
RE1,DEMTRADSLSTT,DSL002,1.0,2029,3.636363636363636
RE1,DEMTRADSLSTT,DSL002,1.0,2030,3.636363636363636
RE1,DEMTRADSLSTT,DSL002,1.0,2031,3.636363636363636
RE1,DEMTRADSLSTT,DSL002,1.0,2032,3.636363636363636
RE1,DEMTRADSLSTT,DSL002,1.0,2033,3.636363636363636
RE1,DEMTRADSLSTT,DSL002,1.0,2034,3.636363636363636
RE1,DEMTRADSLSTT,DSL002,1.0,2035,3.636363636363636
RE1,DEMTRADSLSTT,DSL002,1.0,2036,3.636363636363636
RE1,DEMTRADSLSTT,DSL002,1.0,2037,3.636363636363636
RE1,DEMTRADSLSTT,DSL002,1.0,2038,3.636363636363636
RE1,DEMTRADSLSTT,DSL002,1.0,2039,3.636363636363636
RE1,DEMTRADSLSTT,DSL002,1.0,2040,3.636363636363636
RE1,DEMTRADSLSTT,DSL002,1.0,2041,3.636363636363636
RE1,DEMTRADSLSTT,DSL002,1.0,2042,3.636363636363636
RE1,DEMTRADSLSTT,DSL002,1.0,2043,3.636363636363636
RE1,DEMTRADSLSTT,DSL002,1.0,2044,3.636363636363636
RE1,DEMTRADSLSTT,DSL002,1.0,2045,3.636363636363636
RE1,DEMTRADSLSTT,DSL002,1.0,2046,3.636363636363636
RE1,DEMTRADSLSTT,DSL002,1.0,2047,3.636363636363636
RE1,DEMTRADSLSTT,DSL002,1.0,2048,3.636363636363636
RE1,DEMTRADSLSTT,DSL002,1.0,2049,3.636363636363636
RE1,DEMTRADSLSTT,DSL002,1.0,2050,3.636363636363636
RE1,DEMTRADSLSTT,DSL002,1.0,2051,3.636363636363636
RE1,DEMTRADSLSTT,DSL002,1.0,2052,3.636363636363636
RE1,DEMTRADSLSTT,DSL002,1.0,2053,3.636363636363636
RE1,DEMTRADSLSTT,DSL002,1.0,2054,3.636363636363636
RE1,DEMTRADSLSTT,DSL002,1.0,2055,3.636363636363636
RE1,DEMTRADSLTAX,DSL002,1.0,2022,3.636363636363636
RE1,DEMTRADSLTAX,DSL002,1.0,2023,3.636363636363636
RE1,DEMTRADSLTAX,DSL002,1.0,2024,3.636363636363636
RE1,DEMTRADSLTAX,DSL002,1.0,2025,3.636363636363636
RE1,DEMTRADSLTAX,DSL002,1.0,2026,3.636363636363636
RE1,DEMTRADSLTAX,DSL002,1.0,2027,3.636363636363636
RE1,DEMTRADSLTAX,DSL002,1.0,2028,3.636363636363636
RE1,DEMTRADSLTAX,DSL002,1.0,2029,3.636363636363636
RE1,DEMTRADSLTAX,DSL002,1.0,2030,3.636363636363636
RE1,DEMTRADSLTAX,DSL002,1.0,2031,3.636363636363636
RE1,DEMTRADSLTAX,DSL002,1.0,2032,3.636363636363636
RE1,DEMTRADSLTAX,DSL002,1.0,2033,3.636363636363636
RE1,DEMTRADSLTAX,DSL002,1.0,2034,3.636363636363636
RE1,DEMTRADSLTAX,DSL002,1.0,2035,3.636363636363636
RE1,DEMTRADSLTAX,DSL002,1.0,2036,3.636363636363636
RE1,DEMTRADSLTAX,DSL002,1.0,2037,3.636363636363636
RE1,DEMTRADSLTAX,DSL002,1.0,2038,3.636363636363636
RE1,DEMTRADSLTAX,DSL002,1.0,2039,3.636363636363636
RE1,DEMTRADSLTAX,DSL002,1.0,2040,3.636363636363636
RE1,DEMTRADSLTAX,DSL002,1.0,2041,3.636363636363636
RE1,DEMTRADSLTAX,DSL002,1.0,2042,3.636363636363636
RE1,DEMTRADSLTAX,DSL002,1.0,2043,3.636363636363636
RE1,DEMTRADSLTAX,DSL002,1.0,2044,3.636363636363636
RE1,DEMTRADSLTAX,DSL002,1.0,2045,3.636363636363636
RE1,DEMTRADSLTAX,DSL002,1.0,2046,3.636363636363636
RE1,DEMTRADSLTAX,DSL002,1.0,2047,3.636363636363636
RE1,DEMTRADSLTAX,DSL002,1.0,2048,3.636363636363636
RE1,DEMTRADSLTAX,DSL002,1.0,2049,3.636363636363636
RE1,DEMTRADSLTAX,DSL002,1.0,2050,3.636363636363636
RE1,DEMTRADSLTAX,DSL002,1.0,2051,3.636363636363636
RE1,DEMTRADSLTAX,DSL002,1.0,2052,3.636363636363636
RE1,DEMTRADSLTAX,DSL002,1.0,2053,3.636363636363636
RE1,DEMTRADSLTAX,DSL002,1.0,2054,3.636363636363636
RE1,DEMTRADSLTAX,DSL002,1.0,2055,3.636363636363636
RE1,DEMTRADSLTCK_C2P,DSL002,1.0,2022,3.636363636363636
RE1,DEMTRADSLTCK_C2P,DSL002,1.0,2023,3.636363636363636
RE1,DEMTRADSLTCK_C2P,DSL002,1.0,2024,3.636363636363636
RE1,DEMTRADSLTCK_C2P,DSL002,1.0,2025,3.636363636363636
RE1,DEMTRADSLTCK_C2P,DSL002,1.0,2026,3.636363636363636
RE1,DEMTRADSLTCK_C2P,DSL002,1.0,2027,3.636363636363636
RE1,DEMTRADSLTCK_C2P,DSL002,1.0,2028,3.636363636363636
RE1,DEMTRADSLTCK_C2P,DSL002,1.0,2029,3.636363636363636
RE1,DEMTRADSLTCK_C2P,DSL002,1.0,2030,3.636363636363636
RE1,DEMTRADSLTCK_C2P,DSL002,1.0,2031,3.636363636363636
RE1,DEMTRADSLTCK_C2P,DSL002,1.0,2032,3.636363636363636
RE1,DEMTRADSLTCK_C2P,DSL002,1.0,2033,3.636363636363636
RE1,DEMTRADSLTCK_C2P,DSL002,1.0,2034,3.636363636363636
RE1,DEMTRADSLTCK_C2P,DSL002,1.0,2035,3.636363636363636
RE1,DEMTRADSLTCK_C2P,DSL002,1.0,2036,3.636363636363636
RE1,DEMTRADSLTCK_C2P,DSL002,1.0,2037,3.636363636363636
RE1,DEMTRADSLTCK_C2P,DSL002,1.0,2038,3.636363636363636
RE1,DEMTRADSLTCK_C2P,DSL002,1.0,2039,3.636363636363636
RE1,DEMTRADSLTCK_C2P,DSL002,1.0,2040,3.636363636363636
RE1,DEMTRADSLTCK_C2P,DSL002,1.0,2041,3.636363636363636
RE1,DEMTRADSLTCK_C2P,DSL002,1.0,2042,3.636363636363636
RE1,DEMTRADSLTCK_C2P,DSL002,1.0,2043,3.636363636363636
RE1,DEMTRADSLTCK_C2P,DSL002,1.0,2044,3.636363636363636
RE1,DEMTRADSLTCK_C2P,DSL002,1.0,2045,3.636363636363636
RE1,DEMTRADSLTCK_C2P,DSL002,1.0,2046,3.636363636363636
RE1,DEMTRADSLTCK_C2P,DSL002,1.0,2047,3.636363636363636
RE1,DEMTRADSLTCK_C2P,DSL002,1.0,2048,3.636363636363636
RE1,DEMTRADSLTCK_C2P,DSL002,1.0,2049,3.636363636363636
RE1,DEMTRADSLTCK_C2P,DSL002,1.0,2050,3.636363636363636
RE1,DEMTRADSLTCK_C2P,DSL002,1.0,2051,3.636363636363636
RE1,DEMTRADSLTCK_C2P,DSL002,1.0,2052,3.636363636363636
RE1,DEMTRADSLTCK_C2P,DSL002,1.0,2053,3.636363636363636
RE1,DEMTRADSLTCK_C2P,DSL002,1.0,2054,3.636363636363636
RE1,DEMTRADSLTCK_C2P,DSL002,1.0,2055,3.636363636363636
RE1,DEMTRADSLTCK_CSG,DSL002,1.0,2022,3.636363636363636
RE1,DEMTRADSLTCK_CSG,DSL002,1.0,2023,3.636363636363636
RE1,DEMTRADSLTCK_CSG,DSL002,1.0,2024,3.636363636363636
RE1,DEMTRADSLTCK_CSG,DSL002,1.0,2025,3.636363636363636
RE1,DEMTRADSLTCK_CSG,DSL002,1.0,2026,3.636363636363636
RE1,DEMTRADSLTCK_CSG,DSL002,1.0,2027,3.636363636363636
RE1,DEMTRADSLTCK_CSG,DSL002,1.0,2028,3.636363636363636
RE1,DEMTRADSLTCK_CSG,DSL002,1.0,2029,3.636363636363636
RE1,DEMTRADSLTCK_CSG,DSL002,1.0,2030,3.636363636363636
RE1,DEMTRADSLTCK_CSG,DSL002,1.0,2031,3.636363636363636
RE1,DEMTRADSLTCK_CSG,DSL002,1.0,2032,3.636363636363636
RE1,DEMTRADSLTCK_CSG,DSL002,1.0,2033,3.636363636363636
RE1,DEMTRADSLTCK_CSG,DSL002,1.0,2034,3.636363636363636
RE1,DEMTRADSLTCK_CSG,DSL002,1.0,2035,3.636363636363636
RE1,DEMTRADSLTCK_CSG,DSL002,1.0,2036,3.636363636363636
RE1,DEMTRADSLTCK_CSG,DSL002,1.0,2037,3.636363636363636
RE1,DEMTRADSLTCK_CSG,DSL002,1.0,2038,3.636363636363636
RE1,DEMTRADSLTCK_CSG,DSL002,1.0,2039,3.636363636363636
RE1,DEMTRADSLTCK_CSG,DSL002,1.0,2040,3.636363636363636
RE1,DEMTRADSLTCK_CSG,DSL002,1.0,2041,3.636363636363636
RE1,DEMTRADSLTCK_CSG,DSL002,1.0,2042,3.636363636363636
RE1,DEMTRADSLTCK_CSG,DSL002,1.0,2043,3.636363636363636
RE1,DEMTRADSLTCK_CSG,DSL002,1.0,2044,3.636363636363636
RE1,DEMTRADSLTCK_CSG,DSL002,1.0,2045,3.636363636363636
RE1,DEMTRADSLTCK_CSG,DSL002,1.0,2046,3.636363636363636
RE1,DEMTRADSLTCK_CSG,DSL002,1.0,2047,3.636363636363636
RE1,DEMTRADSLTCK_CSG,DSL002,1.0,2048,3.636363636363636
RE1,DEMTRADSLTCK_CSG,DSL002,1.0,2049,3.636363636363636
RE1,DEMTRADSLTCK_CSG,DSL002,1.0,2050,3.636363636363636
RE1,DEMTRADSLTCK_CSG,DSL002,1.0,2051,3.636363636363636
RE1,DEMTRADSLTCK_CSG,DSL002,1.0,2052,3.636363636363636
RE1,DEMTRADSLTCK_CSG,DSL002,1.0,2053,3.636363636363636
RE1,DEMTRADSLTCK_CSG,DSL002,1.0,2054,3.636363636363636
RE1,DEMTRADSLTCK_CSG,DSL002,1.0,2055,3.636363636363636
RE1,DEMTRAELCBOT,ELC003,1.0,2022,1.0
RE1,DEMTRAELCBOT,ELC003,1.0,2023,1.0
RE1,DEMTRAELCBOT,ELC003,1.0,2024,1.0
RE1,DEMTRAELCBOT,ELC003,1.0,2025,1.0
RE1,DEMTRAELCBOT,ELC003,1.0,2026,1.0
RE1,DEMTRAELCBOT,ELC003,1.0,2027,1.0
RE1,DEMTRAELCBOT,ELC003,1.0,2028,1.0
RE1,DEMTRAELCBOT,ELC003,1.0,2029,1.0
RE1,DEMTRAELCBOT,ELC003,1.0,2030,1.0
RE1,DEMTRAELCBOT,ELC003,1.0,2031,1.0
RE1,DEMTRAELCBOT,ELC003,1.0,2032,1.0
RE1,DEMTRAELCBOT,ELC003,1.0,2033,1.0
RE1,DEMTRAELCBOT,ELC003,1.0,2034,1.0
RE1,DEMTRAELCBOT,ELC003,1.0,2035,1.0
RE1,DEMTRAELCBOT,ELC003,1.0,2036,1.0
RE1,DEMTRAELCBOT,ELC003,1.0,2037,1.0
RE1,DEMTRAELCBOT,ELC003,1.0,2038,1.0
RE1,DEMTRAELCBOT,ELC003,1.0,2039,1.0
RE1,DEMTRAELCBOT,ELC003,1.0,2040,1.0
RE1,DEMTRAELCBOT,ELC003,1.0,2041,1.0
RE1,DEMTRAELCBOT,ELC003,1.0,2042,1.0
RE1,DEMTRAELCBOT,ELC003,1.0,2043,1.0
RE1,DEMTRAELCBOT,ELC003,1.0,2044,1.0
RE1,DEMTRAELCBOT,ELC003,1.0,2045,1.0
RE1,DEMTRAELCBOT,ELC003,1.0,2046,1.0
RE1,DEMTRAELCBOT,ELC003,1.0,2047,1.0
RE1,DEMTRAELCBOT,ELC003,1.0,2048,1.0
RE1,DEMTRAELCBOT,ELC003,1.0,2049,1.0
RE1,DEMTRAELCBOT,ELC003,1.0,2050,1.0
RE1,DEMTRAELCBOT,ELC003,1.0,2051,1.0
RE1,DEMTRAELCBOT,ELC003,1.0,2052,1.0
RE1,DEMTRAELCBOT,ELC003,1.0,2053,1.0
RE1,DEMTRAELCBOT,ELC003,1.0,2054,1.0
RE1,DEMTRAELCBOT,ELC003,1.0,2055,1.0
RE1,DEMTRAELCBUS_ART,ELC004,1.0,2022,1.16144018583043
RE1,DEMTRAELCBUS_ART,ELC004,1.0,2023,1.16144018583043
RE1,DEMTRAELCBUS_ART,ELC004,1.0,2024,1.16144018583043
RE1,DEMTRAELCBUS_ART,ELC004,1.0,2025,1.16144018583043
RE1,DEMTRAELCBUS_ART,ELC004,1.0,2026,1.16144018583043
RE1,DEMTRAELCBUS_ART,ELC004,1.0,2027,1.16144018583043
RE1,DEMTRAELCBUS_ART,ELC004,1.0,2028,1.16144018583043
RE1,DEMTRAELCBUS_ART,ELC004,1.0,2029,1.16144018583043
RE1,DEMTRAELCBUS_ART,ELC004,1.0,2030,1.16144018583043
RE1,DEMTRAELCBUS_ART,ELC004,1.0,2031,1.16144018583043
RE1,DEMTRAELCBUS_ART,ELC004,1.0,2032,1.16144018583043
RE1,DEMTRAELCBUS_ART,ELC004,1.0,2033,1.16144018583043
RE1,DEMTRAELCBUS_ART,ELC004,1.0,2034,1.16144018583043
RE1,DEMTRAELCBUS_ART,ELC004,1.0,2035,1.16144018583043
RE1,DEMTRAELCBUS_ART,ELC004,1.0,2036,1.16144018583043
RE1,DEMTRAELCBUS_ART,ELC004,1.0,2037,1.16144018583043
RE1,DEMTRAELCBUS_ART,ELC004,1.0,2038,1.16144018583043
RE1,DEMTRAELCBUS_ART,ELC004,1.0,2039,1.16144018583043
RE1,DEMTRAELCBUS_ART,ELC004,1.0,2040,1.16144018583043
RE1,DEMTRAELCBUS_ART,ELC004,1.0,2041,1.16144018583043
RE1,DEMTRAELCBUS_ART,ELC004,1.0,2042,1.16144018583043
RE1,DEMTRAELCBUS_ART,ELC004,1.0,2043,1.16144018583043
RE1,DEMTRAELCBUS_ART,ELC004,1.0,2044,1.16144018583043
RE1,DEMTRAELCBUS_ART,ELC004,1.0,2045,1.16144018583043
RE1,DEMTRAELCBUS_ART,ELC004,1.0,2046,1.16144018583043
RE1,DEMTRAELCBUS_ART,ELC004,1.0,2047,1.16144018583043
RE1,DEMTRAELCBUS_ART,ELC004,1.0,2048,1.16144018583043
RE1,DEMTRAELCBUS_ART,ELC004,1.0,2049,1.16144018583043
RE1,DEMTRAELCBUS_ART,ELC004,1.0,2050,1.16144018583043
RE1,DEMTRAELCBUS_ART,ELC004,1.0,2051,1.16144018583043
RE1,DEMTRAELCBUS_ART,ELC004,1.0,2052,1.16144018583043
RE1,DEMTRAELCBUS_ART,ELC004,1.0,2053,1.16144018583043
RE1,DEMTRAELCBUS_ART,ELC004,1.0,2054,1.16144018583043
RE1,DEMTRAELCBUS_ART,ELC004,1.0,2055,1.16144018583043
RE1,DEMTRAELCBUS_BIA,ELC004,1.0,2022,1.16144018583043
RE1,DEMTRAELCBUS_BIA,ELC004,1.0,2023,1.16144018583043
RE1,DEMTRAELCBUS_BIA,ELC004,1.0,2024,1.16144018583043
RE1,DEMTRAELCBUS_BIA,ELC004,1.0,2025,1.16144018583043
RE1,DEMTRAELCBUS_BIA,ELC004,1.0,2026,1.16144018583043
RE1,DEMTRAELCBUS_BIA,ELC004,1.0,2027,1.16144018583043
RE1,DEMTRAELCBUS_BIA,ELC004,1.0,2028,1.16144018583043
RE1,DEMTRAELCBUS_BIA,ELC004,1.0,2029,1.16144018583043
RE1,DEMTRAELCBUS_BIA,ELC004,1.0,2030,1.16144018583043
RE1,DEMTRAELCBUS_BIA,ELC004,1.0,2031,1.16144018583043
RE1,DEMTRAELCBUS_BIA,ELC004,1.0,2032,1.16144018583043
RE1,DEMTRAELCBUS_BIA,ELC004,1.0,2033,1.16144018583043
RE1,DEMTRAELCBUS_BIA,ELC004,1.0,2034,1.16144018583043
RE1,DEMTRAELCBUS_BIA,ELC004,1.0,2035,1.16144018583043
RE1,DEMTRAELCBUS_BIA,ELC004,1.0,2036,1.16144018583043
RE1,DEMTRAELCBUS_BIA,ELC004,1.0,2037,1.16144018583043
RE1,DEMTRAELCBUS_BIA,ELC004,1.0,2038,1.16144018583043
RE1,DEMTRAELCBUS_BIA,ELC004,1.0,2039,1.16144018583043
RE1,DEMTRAELCBUS_BIA,ELC004,1.0,2040,1.16144018583043
RE1,DEMTRAELCBUS_BIA,ELC004,1.0,2041,1.16144018583043
RE1,DEMTRAELCBUS_BIA,ELC004,1.0,2042,1.16144018583043
RE1,DEMTRAELCBUS_BIA,ELC004,1.0,2043,1.16144018583043
RE1,DEMTRAELCBUS_BIA,ELC004,1.0,2044,1.16144018583043
RE1,DEMTRAELCBUS_BIA,ELC004,1.0,2045,1.16144018583043
RE1,DEMTRAELCBUS_BIA,ELC004,1.0,2046,1.16144018583043
RE1,DEMTRAELCBUS_BIA,ELC004,1.0,2047,1.16144018583043
RE1,DEMTRAELCBUS_BIA,ELC004,1.0,2048,1.16144018583043
RE1,DEMTRAELCBUS_BIA,ELC004,1.0,2049,1.16144018583043
RE1,DEMTRAELCBUS_BIA,ELC004,1.0,2050,1.16144018583043
RE1,DEMTRAELCBUS_BIA,ELC004,1.0,2051,1.16144018583043
RE1,DEMTRAELCBUS_BIA,ELC004,1.0,2052,1.16144018583043
RE1,DEMTRAELCBUS_BIA,ELC004,1.0,2053,1.16144018583043
RE1,DEMTRAELCBUS_BIA,ELC004,1.0,2054,1.16144018583043
RE1,DEMTRAELCBUS_BIA,ELC004,1.0,2055,1.16144018583043
RE1,DEMTRAELCBUS_IMU,ELC004,1.0,2022,1.16144018583043
RE1,DEMTRAELCBUS_IMU,ELC004,1.0,2023,1.16144018583043
RE1,DEMTRAELCBUS_IMU,ELC004,1.0,2024,1.16144018583043
RE1,DEMTRAELCBUS_IMU,ELC004,1.0,2025,1.16144018583043
RE1,DEMTRAELCBUS_IMU,ELC004,1.0,2026,1.16144018583043
RE1,DEMTRAELCBUS_IMU,ELC004,1.0,2027,1.16144018583043
RE1,DEMTRAELCBUS_IMU,ELC004,1.0,2028,1.16144018583043
RE1,DEMTRAELCBUS_IMU,ELC004,1.0,2029,1.16144018583043
RE1,DEMTRAELCBUS_IMU,ELC004,1.0,2030,1.16144018583043
RE1,DEMTRAELCBUS_IMU,ELC004,1.0,2031,1.16144018583043
RE1,DEMTRAELCBUS_IMU,ELC004,1.0,2032,1.16144018583043
RE1,DEMTRAELCBUS_IMU,ELC004,1.0,2033,1.16144018583043
RE1,DEMTRAELCBUS_IMU,ELC004,1.0,2034,1.16144018583043
RE1,DEMTRAELCBUS_IMU,ELC004,1.0,2035,1.16144018583043
RE1,DEMTRAELCBUS_IMU,ELC004,1.0,2036,1.16144018583043
RE1,DEMTRAELCBUS_IMU,ELC004,1.0,2037,1.16144018583043
RE1,DEMTRAELCBUS_IMU,ELC004,1.0,2038,1.16144018583043
RE1,DEMTRAELCBUS_IMU,ELC004,1.0,2039,1.16144018583043
RE1,DEMTRAELCBUS_IMU,ELC004,1.0,2040,1.16144018583043
RE1,DEMTRAELCBUS_IMU,ELC004,1.0,2041,1.16144018583043
RE1,DEMTRAELCBUS_IMU,ELC004,1.0,2042,1.16144018583043
RE1,DEMTRAELCBUS_IMU,ELC004,1.0,2043,1.16144018583043
RE1,DEMTRAELCBUS_IMU,ELC004,1.0,2044,1.16144018583043
RE1,DEMTRAELCBUS_IMU,ELC004,1.0,2045,1.16144018583043
RE1,DEMTRAELCBUS_IMU,ELC004,1.0,2046,1.16144018583043
RE1,DEMTRAELCBUS_IMU,ELC004,1.0,2047,1.16144018583043
RE1,DEMTRAELCBUS_IMU,ELC004,1.0,2048,1.16144018583043
RE1,DEMTRAELCBUS_IMU,ELC004,1.0,2049,1.16144018583043
RE1,DEMTRAELCBUS_IMU,ELC004,1.0,2050,1.16144018583043
RE1,DEMTRAELCBUS_IMU,ELC004,1.0,2051,1.16144018583043
RE1,DEMTRAELCBUS_IMU,ELC004,1.0,2052,1.16144018583043
RE1,DEMTRAELCBUS_IMU,ELC004,1.0,2053,1.16144018583043
RE1,DEMTRAELCBUS_IMU,ELC004,1.0,2054,1.16144018583043
RE1,DEMTRAELCBUS_IMU,ELC004,1.0,2055,1.16144018583043
RE1,DEMTRAELCBUS_URB,ELC004,1.0,2022,1.16144018583043
RE1,DEMTRAELCBUS_URB,ELC004,1.0,2023,1.16144018583043
RE1,DEMTRAELCBUS_URB,ELC004,1.0,2024,1.16144018583043
RE1,DEMTRAELCBUS_URB,ELC004,1.0,2025,1.16144018583043
RE1,DEMTRAELCBUS_URB,ELC004,1.0,2026,1.16144018583043
RE1,DEMTRAELCBUS_URB,ELC004,1.0,2027,1.16144018583043
RE1,DEMTRAELCBUS_URB,ELC004,1.0,2028,1.16144018583043
RE1,DEMTRAELCBUS_URB,ELC004,1.0,2029,1.16144018583043
RE1,DEMTRAELCBUS_URB,ELC004,1.0,2030,1.16144018583043
RE1,DEMTRAELCBUS_URB,ELC004,1.0,2031,1.16144018583043
RE1,DEMTRAELCBUS_URB,ELC004,1.0,2032,1.16144018583043
RE1,DEMTRAELCBUS_URB,ELC004,1.0,2033,1.16144018583043
RE1,DEMTRAELCBUS_URB,ELC004,1.0,2034,1.16144018583043
RE1,DEMTRAELCBUS_URB,ELC004,1.0,2035,1.16144018583043
RE1,DEMTRAELCBUS_URB,ELC004,1.0,2036,1.16144018583043
RE1,DEMTRAELCBUS_URB,ELC004,1.0,2037,1.16144018583043
RE1,DEMTRAELCBUS_URB,ELC004,1.0,2038,1.16144018583043
RE1,DEMTRAELCBUS_URB,ELC004,1.0,2039,1.16144018583043
RE1,DEMTRAELCBUS_URB,ELC004,1.0,2040,1.16144018583043
RE1,DEMTRAELCBUS_URB,ELC004,1.0,2041,1.16144018583043
RE1,DEMTRAELCBUS_URB,ELC004,1.0,2042,1.16144018583043
RE1,DEMTRAELCBUS_URB,ELC004,1.0,2043,1.16144018583043
RE1,DEMTRAELCBUS_URB,ELC004,1.0,2044,1.16144018583043
RE1,DEMTRAELCBUS_URB,ELC004,1.0,2045,1.16144018583043
RE1,DEMTRAELCBUS_URB,ELC004,1.0,2046,1.16144018583043
RE1,DEMTRAELCBUS_URB,ELC004,1.0,2047,1.16144018583043
RE1,DEMTRAELCBUS_URB,ELC004,1.0,2048,1.16144018583043
RE1,DEMTRAELCBUS_URB,ELC004,1.0,2049,1.16144018583043
RE1,DEMTRAELCBUS_URB,ELC004,1.0,2050,1.16144018583043
RE1,DEMTRAELCBUS_URB,ELC004,1.0,2051,1.16144018583043
RE1,DEMTRAELCBUS_URB,ELC004,1.0,2052,1.16144018583043
RE1,DEMTRAELCBUS_URB,ELC004,1.0,2053,1.16144018583043
RE1,DEMTRAELCBUS_URB,ELC004,1.0,2054,1.16144018583043
RE1,DEMTRAELCBUS_URB,ELC004,1.0,2055,1.16144018583043
RE1,DEMTRAELCFWD,ELC003,1.0,2022,1.162790697674419
RE1,DEMTRAELCFWD,ELC003,1.0,2023,1.162790697674419
RE1,DEMTRAELCFWD,ELC003,1.0,2024,1.162790697674419
RE1,DEMTRAELCFWD,ELC003,1.0,2025,1.162790697674419
RE1,DEMTRAELCFWD,ELC003,1.0,2026,1.162790697674419
RE1,DEMTRAELCFWD,ELC003,1.0,2027,1.162790697674419
RE1,DEMTRAELCFWD,ELC003,1.0,2028,1.162790697674419
RE1,DEMTRAELCFWD,ELC003,1.0,2029,1.162790697674419
RE1,DEMTRAELCFWD,ELC003,1.0,2030,1.162790697674419
RE1,DEMTRAELCFWD,ELC003,1.0,2031,1.162790697674419
RE1,DEMTRAELCFWD,ELC003,1.0,2032,1.162790697674419
RE1,DEMTRAELCFWD,ELC003,1.0,2033,1.162790697674419
RE1,DEMTRAELCFWD,ELC003,1.0,2034,1.162790697674419
RE1,DEMTRAELCFWD,ELC003,1.0,2035,1.162790697674419
RE1,DEMTRAELCFWD,ELC003,1.0,2036,1.162790697674419
RE1,DEMTRAELCFWD,ELC003,1.0,2037,1.162790697674419
RE1,DEMTRAELCFWD,ELC003,1.0,2038,1.162790697674419
RE1,DEMTRAELCFWD,ELC003,1.0,2039,1.162790697674419
RE1,DEMTRAELCFWD,ELC003,1.0,2040,1.162790697674419
RE1,DEMTRAELCFWD,ELC003,1.0,2041,1.162790697674419
RE1,DEMTRAELCFWD,ELC003,1.0,2042,1.162790697674419
RE1,DEMTRAELCFWD,ELC003,1.0,2043,1.162790697674419
RE1,DEMTRAELCFWD,ELC003,1.0,2044,1.162790697674419
RE1,DEMTRAELCFWD,ELC003,1.0,2045,1.162790697674419
RE1,DEMTRAELCFWD,ELC003,1.0,2046,1.162790697674419
RE1,DEMTRAELCFWD,ELC003,1.0,2047,1.162790697674419
RE1,DEMTRAELCFWD,ELC003,1.0,2048,1.162790697674419
RE1,DEMTRAELCFWD,ELC003,1.0,2049,1.162790697674419
RE1,DEMTRAELCFWD,ELC003,1.0,2050,1.162790697674419
RE1,DEMTRAELCFWD,ELC003,1.0,2051,1.162790697674419
RE1,DEMTRAELCFWD,ELC003,1.0,2052,1.162790697674419
RE1,DEMTRAELCFWD,ELC003,1.0,2053,1.162790697674419
RE1,DEMTRAELCFWD,ELC003,1.0,2054,1.162790697674419
RE1,DEMTRAELCFWD,ELC003,1.0,2055,1.162790697674419
RE1,DEMTRAELCLDV,ELC003,1.0,2022,1.162790697674419
RE1,DEMTRAELCLDV,ELC003,1.0,2023,1.162790697674419
RE1,DEMTRAELCLDV,ELC003,1.0,2024,1.162790697674419
RE1,DEMTRAELCLDV,ELC003,1.0,2025,1.162790697674419
RE1,DEMTRAELCLDV,ELC003,1.0,2026,1.162790697674419
RE1,DEMTRAELCLDV,ELC003,1.0,2027,1.162790697674419
RE1,DEMTRAELCLDV,ELC003,1.0,2028,1.162790697674419
RE1,DEMTRAELCLDV,ELC003,1.0,2029,1.162790697674419
RE1,DEMTRAELCLDV,ELC003,1.0,2030,1.162790697674419
RE1,DEMTRAELCLDV,ELC003,1.0,2031,1.162790697674419
RE1,DEMTRAELCLDV,ELC003,1.0,2032,1.162790697674419
RE1,DEMTRAELCLDV,ELC003,1.0,2033,1.162790697674419
RE1,DEMTRAELCLDV,ELC003,1.0,2034,1.162790697674419
RE1,DEMTRAELCLDV,ELC003,1.0,2035,1.162790697674419
RE1,DEMTRAELCLDV,ELC003,1.0,2036,1.162790697674419
RE1,DEMTRAELCLDV,ELC003,1.0,2037,1.162790697674419
RE1,DEMTRAELCLDV,ELC003,1.0,2038,1.162790697674419
RE1,DEMTRAELCLDV,ELC003,1.0,2039,1.162790697674419
RE1,DEMTRAELCLDV,ELC003,1.0,2040,1.162790697674419
RE1,DEMTRAELCLDV,ELC003,1.0,2041,1.162790697674419
RE1,DEMTRAELCLDV,ELC003,1.0,2042,1.162790697674419
RE1,DEMTRAELCLDV,ELC003,1.0,2043,1.162790697674419
RE1,DEMTRAELCLDV,ELC003,1.0,2044,1.162790697674419
RE1,DEMTRAELCLDV,ELC003,1.0,2045,1.162790697674419
RE1,DEMTRAELCLDV,ELC003,1.0,2046,1.162790697674419
RE1,DEMTRAELCLDV,ELC003,1.0,2047,1.162790697674419
RE1,DEMTRAELCLDV,ELC003,1.0,2048,1.162790697674419
RE1,DEMTRAELCLDV,ELC003,1.0,2049,1.162790697674419
RE1,DEMTRAELCLDV,ELC003,1.0,2050,1.162790697674419
RE1,DEMTRAELCLDV,ELC003,1.0,2051,1.162790697674419
RE1,DEMTRAELCLDV,ELC003,1.0,2052,1.162790697674419
RE1,DEMTRAELCLDV,ELC003,1.0,2053,1.162790697674419
RE1,DEMTRAELCLDV,ELC003,1.0,2054,1.162790697674419
RE1,DEMTRAELCLDV,ELC003,1.0,2055,1.162790697674419
RE1,DEMTRAELCMET,ELC002,1.0,2022,1.0
RE1,DEMTRAELCMET,ELC002,1.0,2023,1.0
RE1,DEMTRAELCMET,ELC002,1.0,2024,1.0
RE1,DEMTRAELCMET,ELC002,1.0,2025,1.0
RE1,DEMTRAELCMET,ELC002,1.0,2026,1.0
RE1,DEMTRAELCMET,ELC002,1.0,2027,1.0
RE1,DEMTRAELCMET,ELC002,1.0,2028,1.0
RE1,DEMTRAELCMET,ELC002,1.0,2029,1.0
RE1,DEMTRAELCMET,ELC002,1.0,2030,1.0
RE1,DEMTRAELCMET,ELC002,1.0,2031,1.0
RE1,DEMTRAELCMET,ELC002,1.0,2032,1.0
RE1,DEMTRAELCMET,ELC002,1.0,2033,1.0
RE1,DEMTRAELCMET,ELC002,1.0,2034,1.0
RE1,DEMTRAELCMET,ELC002,1.0,2035,1.0
RE1,DEMTRAELCMET,ELC002,1.0,2036,1.0
RE1,DEMTRAELCMET,ELC002,1.0,2037,1.0
RE1,DEMTRAELCMET,ELC002,1.0,2038,1.0
RE1,DEMTRAELCMET,ELC002,1.0,2039,1.0
RE1,DEMTRAELCMET,ELC002,1.0,2040,1.0
RE1,DEMTRAELCMET,ELC002,1.0,2041,1.0
RE1,DEMTRAELCMET,ELC002,1.0,2042,1.0
RE1,DEMTRAELCMET,ELC002,1.0,2043,1.0
RE1,DEMTRAELCMET,ELC002,1.0,2044,1.0
RE1,DEMTRAELCMET,ELC002,1.0,2045,1.0
RE1,DEMTRAELCMET,ELC002,1.0,2046,1.0
RE1,DEMTRAELCMET,ELC002,1.0,2047,1.0
RE1,DEMTRAELCMET,ELC002,1.0,2048,1.0
RE1,DEMTRAELCMET,ELC002,1.0,2049,1.0
RE1,DEMTRAELCMET,ELC002,1.0,2050,1.0
RE1,DEMTRAELCMET,ELC002,1.0,2051,1.0
RE1,DEMTRAELCMET,ELC002,1.0,2052,1.0
RE1,DEMTRAELCMET,ELC002,1.0,2053,1.0
RE1,DEMTRAELCMET,ELC002,1.0,2054,1.0
RE1,DEMTRAELCMET,ELC002,1.0,2055,1.0
RE1,DEMTRAELCMIC,ELC003,1.0,2022,1.162790697674419
RE1,DEMTRAELCMIC,ELC003,1.0,2023,1.162790697674419
RE1,DEMTRAELCMIC,ELC003,1.0,2024,1.162790697674419
RE1,DEMTRAELCMIC,ELC003,1.0,2025,1.162790697674419
RE1,DEMTRAELCMIC,ELC003,1.0,2026,1.162790697674419
RE1,DEMTRAELCMIC,ELC003,1.0,2027,1.162790697674419
RE1,DEMTRAELCMIC,ELC003,1.0,2028,1.162790697674419
RE1,DEMTRAELCMIC,ELC003,1.0,2029,1.162790697674419
RE1,DEMTRAELCMIC,ELC003,1.0,2030,1.162790697674419
RE1,DEMTRAELCMIC,ELC003,1.0,2031,1.162790697674419
RE1,DEMTRAELCMIC,ELC003,1.0,2032,1.162790697674419
RE1,DEMTRAELCMIC,ELC003,1.0,2033,1.162790697674419
RE1,DEMTRAELCMIC,ELC003,1.0,2034,1.162790697674419
RE1,DEMTRAELCMIC,ELC003,1.0,2035,1.162790697674419
RE1,DEMTRAELCMIC,ELC003,1.0,2036,1.162790697674419
RE1,DEMTRAELCMIC,ELC003,1.0,2037,1.162790697674419
RE1,DEMTRAELCMIC,ELC003,1.0,2038,1.162790697674419
RE1,DEMTRAELCMIC,ELC003,1.0,2039,1.162790697674419
RE1,DEMTRAELCMIC,ELC003,1.0,2040,1.162790697674419
RE1,DEMTRAELCMIC,ELC003,1.0,2041,1.162790697674419
RE1,DEMTRAELCMIC,ELC003,1.0,2042,1.162790697674419
RE1,DEMTRAELCMIC,ELC003,1.0,2043,1.162790697674419
RE1,DEMTRAELCMIC,ELC003,1.0,2044,1.162790697674419
RE1,DEMTRAELCMIC,ELC003,1.0,2045,1.162790697674419
RE1,DEMTRAELCMIC,ELC003,1.0,2046,1.162790697674419
RE1,DEMTRAELCMIC,ELC003,1.0,2047,1.162790697674419
RE1,DEMTRAELCMIC,ELC003,1.0,2048,1.162790697674419
RE1,DEMTRAELCMIC,ELC003,1.0,2049,1.162790697674419
RE1,DEMTRAELCMIC,ELC003,1.0,2050,1.162790697674419
RE1,DEMTRAELCMIC,ELC003,1.0,2051,1.162790697674419
RE1,DEMTRAELCMIC,ELC003,1.0,2052,1.162790697674419
RE1,DEMTRAELCMIC,ELC003,1.0,2053,1.162790697674419
RE1,DEMTRAELCMIC,ELC003,1.0,2054,1.162790697674419
RE1,DEMTRAELCMIC,ELC003,1.0,2055,1.162790697674419
RE1,DEMTRAELCMOT,ELC002,1.0,2022,1.162790697674419
RE1,DEMTRAELCMOT,ELC002,1.0,2023,1.162790697674419
RE1,DEMTRAELCMOT,ELC002,1.0,2024,1.162790697674419
RE1,DEMTRAELCMOT,ELC002,1.0,2025,1.162790697674419
RE1,DEMTRAELCMOT,ELC002,1.0,2026,1.162790697674419
RE1,DEMTRAELCMOT,ELC002,1.0,2027,1.162790697674419
RE1,DEMTRAELCMOT,ELC002,1.0,2028,1.162790697674419
RE1,DEMTRAELCMOT,ELC002,1.0,2029,1.162790697674419
RE1,DEMTRAELCMOT,ELC002,1.0,2030,1.162790697674419
RE1,DEMTRAELCMOT,ELC002,1.0,2031,1.162790697674419
RE1,DEMTRAELCMOT,ELC002,1.0,2032,1.162790697674419
RE1,DEMTRAELCMOT,ELC002,1.0,2033,1.162790697674419
RE1,DEMTRAELCMOT,ELC002,1.0,2034,1.162790697674419
RE1,DEMTRAELCMOT,ELC002,1.0,2035,1.162790697674419
RE1,DEMTRAELCMOT,ELC002,1.0,2036,1.162790697674419
RE1,DEMTRAELCMOT,ELC002,1.0,2037,1.162790697674419
RE1,DEMTRAELCMOT,ELC002,1.0,2038,1.162790697674419
RE1,DEMTRAELCMOT,ELC002,1.0,2039,1.162790697674419
RE1,DEMTRAELCMOT,ELC002,1.0,2040,1.162790697674419
RE1,DEMTRAELCMOT,ELC002,1.0,2041,1.162790697674419
RE1,DEMTRAELCMOT,ELC002,1.0,2042,1.162790697674419
RE1,DEMTRAELCMOT,ELC002,1.0,2043,1.162790697674419
RE1,DEMTRAELCMOT,ELC002,1.0,2044,1.162790697674419
RE1,DEMTRAELCMOT,ELC002,1.0,2045,1.162790697674419
RE1,DEMTRAELCMOT,ELC002,1.0,2046,1.162790697674419
RE1,DEMTRAELCMOT,ELC002,1.0,2047,1.162790697674419
RE1,DEMTRAELCMOT,ELC002,1.0,2048,1.162790697674419
RE1,DEMTRAELCMOT,ELC002,1.0,2049,1.162790697674419
RE1,DEMTRAELCMOT,ELC002,1.0,2050,1.162790697674419
RE1,DEMTRAELCMOT,ELC002,1.0,2051,1.162790697674419
RE1,DEMTRAELCMOT,ELC002,1.0,2052,1.162790697674419
RE1,DEMTRAELCMOT,ELC002,1.0,2053,1.162790697674419
RE1,DEMTRAELCMOT,ELC002,1.0,2054,1.162790697674419
RE1,DEMTRAELCMOT,ELC002,1.0,2055,1.162790697674419
RE1,DEMTRAELCSTT,ELC004,1.0,2022,1.15606936416185
RE1,DEMTRAELCSTT,ELC004,1.0,2023,1.15606936416185
RE1,DEMTRAELCSTT,ELC004,1.0,2024,1.15606936416185
RE1,DEMTRAELCSTT,ELC004,1.0,2025,1.15606936416185
RE1,DEMTRAELCSTT,ELC004,1.0,2026,1.15606936416185
RE1,DEMTRAELCSTT,ELC004,1.0,2027,1.15606936416185
RE1,DEMTRAELCSTT,ELC004,1.0,2028,1.15606936416185
RE1,DEMTRAELCSTT,ELC004,1.0,2029,1.15606936416185
RE1,DEMTRAELCSTT,ELC004,1.0,2030,1.15606936416185
RE1,DEMTRAELCSTT,ELC004,1.0,2031,1.15606936416185
RE1,DEMTRAELCSTT,ELC004,1.0,2032,1.15606936416185
RE1,DEMTRAELCSTT,ELC004,1.0,2033,1.15606936416185
RE1,DEMTRAELCSTT,ELC004,1.0,2034,1.15606936416185
RE1,DEMTRAELCSTT,ELC004,1.0,2035,1.15606936416185
RE1,DEMTRAELCSTT,ELC004,1.0,2036,1.15606936416185
RE1,DEMTRAELCSTT,ELC004,1.0,2037,1.15606936416185
RE1,DEMTRAELCSTT,ELC004,1.0,2038,1.15606936416185
RE1,DEMTRAELCSTT,ELC004,1.0,2039,1.15606936416185
RE1,DEMTRAELCSTT,ELC004,1.0,2040,1.15606936416185
RE1,DEMTRAELCSTT,ELC004,1.0,2041,1.15606936416185
RE1,DEMTRAELCSTT,ELC004,1.0,2042,1.15606936416185
RE1,DEMTRAELCSTT,ELC004,1.0,2043,1.15606936416185
RE1,DEMTRAELCSTT,ELC004,1.0,2044,1.15606936416185
RE1,DEMTRAELCSTT,ELC004,1.0,2045,1.15606936416185
RE1,DEMTRAELCSTT,ELC004,1.0,2046,1.15606936416185
RE1,DEMTRAELCSTT,ELC004,1.0,2047,1.15606936416185
RE1,DEMTRAELCSTT,ELC004,1.0,2048,1.15606936416185
RE1,DEMTRAELCSTT,ELC004,1.0,2049,1.15606936416185
RE1,DEMTRAELCSTT,ELC004,1.0,2050,1.15606936416185
RE1,DEMTRAELCSTT,ELC004,1.0,2051,1.15606936416185
RE1,DEMTRAELCSTT,ELC004,1.0,2052,1.15606936416185
RE1,DEMTRAELCSTT,ELC004,1.0,2053,1.15606936416185
RE1,DEMTRAELCSTT,ELC004,1.0,2054,1.15606936416185
RE1,DEMTRAELCSTT,ELC004,1.0,2055,1.15606936416185
RE1,DEMTRAELCTAX,ELC003,1.0,2022,1.162790697674419
RE1,DEMTRAELCTAX,ELC003,1.0,2023,1.162790697674419
RE1,DEMTRAELCTAX,ELC003,1.0,2024,1.162790697674419
RE1,DEMTRAELCTAX,ELC003,1.0,2025,1.162790697674419
RE1,DEMTRAELCTAX,ELC003,1.0,2026,1.162790697674419
RE1,DEMTRAELCTAX,ELC003,1.0,2027,1.162790697674419
RE1,DEMTRAELCTAX,ELC003,1.0,2028,1.162790697674419
RE1,DEMTRAELCTAX,ELC003,1.0,2029,1.162790697674419
RE1,DEMTRAELCTAX,ELC003,1.0,2030,1.162790697674419
RE1,DEMTRAELCTAX,ELC003,1.0,2031,1.162790697674419
RE1,DEMTRAELCTAX,ELC003,1.0,2032,1.162790697674419
RE1,DEMTRAELCTAX,ELC003,1.0,2033,1.162790697674419
RE1,DEMTRAELCTAX,ELC003,1.0,2034,1.162790697674419
RE1,DEMTRAELCTAX,ELC003,1.0,2035,1.162790697674419
RE1,DEMTRAELCTAX,ELC003,1.0,2036,1.162790697674419
RE1,DEMTRAELCTAX,ELC003,1.0,2037,1.162790697674419
RE1,DEMTRAELCTAX,ELC003,1.0,2038,1.162790697674419
RE1,DEMTRAELCTAX,ELC003,1.0,2039,1.162790697674419
RE1,DEMTRAELCTAX,ELC003,1.0,2040,1.162790697674419
RE1,DEMTRAELCTAX,ELC003,1.0,2041,1.162790697674419
RE1,DEMTRAELCTAX,ELC003,1.0,2042,1.162790697674419
RE1,DEMTRAELCTAX,ELC003,1.0,2043,1.162790697674419
RE1,DEMTRAELCTAX,ELC003,1.0,2044,1.162790697674419
RE1,DEMTRAELCTAX,ELC003,1.0,2045,1.162790697674419
RE1,DEMTRAELCTAX,ELC003,1.0,2046,1.162790697674419
RE1,DEMTRAELCTAX,ELC003,1.0,2047,1.162790697674419
RE1,DEMTRAELCTAX,ELC003,1.0,2048,1.162790697674419
RE1,DEMTRAELCTAX,ELC003,1.0,2049,1.162790697674419
RE1,DEMTRAELCTAX,ELC003,1.0,2050,1.162790697674419
RE1,DEMTRAELCTAX,ELC003,1.0,2051,1.162790697674419
RE1,DEMTRAELCTAX,ELC003,1.0,2052,1.162790697674419
RE1,DEMTRAELCTAX,ELC003,1.0,2053,1.162790697674419
RE1,DEMTRAELCTAX,ELC003,1.0,2054,1.162790697674419
RE1,DEMTRAELCTAX,ELC003,1.0,2055,1.162790697674419
RE1,DEMTRAELCTCK_C2P,ELC004,1.0,2022,1.162790697674419
RE1,DEMTRAELCTCK_C2P,ELC004,1.0,2023,1.162790697674419
RE1,DEMTRAELCTCK_C2P,ELC004,1.0,2024,1.162790697674419
RE1,DEMTRAELCTCK_C2P,ELC004,1.0,2025,1.162790697674419
RE1,DEMTRAELCTCK_C2P,ELC004,1.0,2026,1.162790697674419
RE1,DEMTRAELCTCK_C2P,ELC004,1.0,2027,1.162790697674419
RE1,DEMTRAELCTCK_C2P,ELC004,1.0,2028,1.162790697674419
RE1,DEMTRAELCTCK_C2P,ELC004,1.0,2029,1.162790697674419
RE1,DEMTRAELCTCK_C2P,ELC004,1.0,2030,1.162790697674419
RE1,DEMTRAELCTCK_C2P,ELC004,1.0,2031,1.162790697674419
RE1,DEMTRAELCTCK_C2P,ELC004,1.0,2032,1.162790697674419
RE1,DEMTRAELCTCK_C2P,ELC004,1.0,2033,1.162790697674419
RE1,DEMTRAELCTCK_C2P,ELC004,1.0,2034,1.162790697674419
RE1,DEMTRAELCTCK_C2P,ELC004,1.0,2035,1.162790697674419
RE1,DEMTRAELCTCK_C2P,ELC004,1.0,2036,1.162790697674419
RE1,DEMTRAELCTCK_C2P,ELC004,1.0,2037,1.162790697674419
RE1,DEMTRAELCTCK_C2P,ELC004,1.0,2038,1.162790697674419
RE1,DEMTRAELCTCK_C2P,ELC004,1.0,2039,1.162790697674419
RE1,DEMTRAELCTCK_C2P,ELC004,1.0,2040,1.162790697674419
RE1,DEMTRAELCTCK_C2P,ELC004,1.0,2041,1.162790697674419
RE1,DEMTRAELCTCK_C2P,ELC004,1.0,2042,1.162790697674419
RE1,DEMTRAELCTCK_C2P,ELC004,1.0,2043,1.162790697674419
RE1,DEMTRAELCTCK_C2P,ELC004,1.0,2044,1.162790697674419
RE1,DEMTRAELCTCK_C2P,ELC004,1.0,2045,1.162790697674419
RE1,DEMTRAELCTCK_C2P,ELC004,1.0,2046,1.162790697674419
RE1,DEMTRAELCTCK_C2P,ELC004,1.0,2047,1.162790697674419
RE1,DEMTRAELCTCK_C2P,ELC004,1.0,2048,1.162790697674419
RE1,DEMTRAELCTCK_C2P,ELC004,1.0,2049,1.162790697674419
RE1,DEMTRAELCTCK_C2P,ELC004,1.0,2050,1.162790697674419
RE1,DEMTRAELCTCK_C2P,ELC004,1.0,2051,1.162790697674419
RE1,DEMTRAELCTCK_C2P,ELC004,1.0,2052,1.162790697674419
RE1,DEMTRAELCTCK_C2P,ELC004,1.0,2053,1.162790697674419
RE1,DEMTRAELCTCK_C2P,ELC004,1.0,2054,1.162790697674419
RE1,DEMTRAELCTCK_C2P,ELC004,1.0,2055,1.162790697674419
RE1,DEMTRAELCTCK_CSG,ELC004,1.0,2022,1.162790697674419
RE1,DEMTRAELCTCK_CSG,ELC004,1.0,2023,1.162790697674419
RE1,DEMTRAELCTCK_CSG,ELC004,1.0,2024,1.162790697674419
RE1,DEMTRAELCTCK_CSG,ELC004,1.0,2025,1.162790697674419
RE1,DEMTRAELCTCK_CSG,ELC004,1.0,2026,1.162790697674419
RE1,DEMTRAELCTCK_CSG,ELC004,1.0,2027,1.162790697674419
RE1,DEMTRAELCTCK_CSG,ELC004,1.0,2028,1.162790697674419
RE1,DEMTRAELCTCK_CSG,ELC004,1.0,2029,1.162790697674419
RE1,DEMTRAELCTCK_CSG,ELC004,1.0,2030,1.162790697674419
RE1,DEMTRAELCTCK_CSG,ELC004,1.0,2031,1.162790697674419
RE1,DEMTRAELCTCK_CSG,ELC004,1.0,2032,1.162790697674419
RE1,DEMTRAELCTCK_CSG,ELC004,1.0,2033,1.162790697674419
RE1,DEMTRAELCTCK_CSG,ELC004,1.0,2034,1.162790697674419
RE1,DEMTRAELCTCK_CSG,ELC004,1.0,2035,1.162790697674419
RE1,DEMTRAELCTCK_CSG,ELC004,1.0,2036,1.162790697674419
RE1,DEMTRAELCTCK_CSG,ELC004,1.0,2037,1.162790697674419
RE1,DEMTRAELCTCK_CSG,ELC004,1.0,2038,1.162790697674419
RE1,DEMTRAELCTCK_CSG,ELC004,1.0,2039,1.162790697674419
RE1,DEMTRAELCTCK_CSG,ELC004,1.0,2040,1.162790697674419
RE1,DEMTRAELCTCK_CSG,ELC004,1.0,2041,1.162790697674419
RE1,DEMTRAELCTCK_CSG,ELC004,1.0,2042,1.162790697674419
RE1,DEMTRAELCTCK_CSG,ELC004,1.0,2043,1.162790697674419
RE1,DEMTRAELCTCK_CSG,ELC004,1.0,2044,1.162790697674419
RE1,DEMTRAELCTCK_CSG,ELC004,1.0,2045,1.162790697674419
RE1,DEMTRAELCTCK_CSG,ELC004,1.0,2046,1.162790697674419
RE1,DEMTRAELCTCK_CSG,ELC004,1.0,2047,1.162790697674419
RE1,DEMTRAELCTCK_CSG,ELC004,1.0,2048,1.162790697674419
RE1,DEMTRAELCTCK_CSG,ELC004,1.0,2049,1.162790697674419
RE1,DEMTRAELCTCK_CSG,ELC004,1.0,2050,1.162790697674419
RE1,DEMTRAELCTCK_CSG,ELC004,1.0,2051,1.162790697674419
RE1,DEMTRAELCTCK_CSG,ELC004,1.0,2052,1.162790697674419
RE1,DEMTRAELCTCK_CSG,ELC004,1.0,2053,1.162790697674419
RE1,DEMTRAELCTCK_CSG,ELC004,1.0,2054,1.162790697674419
RE1,DEMTRAELCTCK_CSG,ELC004,1.0,2055,1.162790697674419
RE1,DEMTRAFOLSHP,FOL,1.0,2022,1.0
RE1,DEMTRAFOLSHP,FOL,1.0,2023,1.0
RE1,DEMTRAFOLSHP,FOL,1.0,2024,1.0
RE1,DEMTRAFOLSHP,FOL,1.0,2025,1.0
RE1,DEMTRAFOLSHP,FOL,1.0,2026,1.0
RE1,DEMTRAFOLSHP,FOL,1.0,2027,1.0
RE1,DEMTRAFOLSHP,FOL,1.0,2028,1.0
RE1,DEMTRAFOLSHP,FOL,1.0,2029,1.0
RE1,DEMTRAFOLSHP,FOL,1.0,2030,1.0
RE1,DEMTRAFOLSHP,FOL,1.0,2031,1.0
RE1,DEMTRAFOLSHP,FOL,1.0,2032,1.0
RE1,DEMTRAFOLSHP,FOL,1.0,2033,1.0
RE1,DEMTRAFOLSHP,FOL,1.0,2034,1.0
RE1,DEMTRAFOLSHP,FOL,1.0,2035,1.0
RE1,DEMTRAFOLSHP,FOL,1.0,2036,1.0
RE1,DEMTRAFOLSHP,FOL,1.0,2037,1.0
RE1,DEMTRAFOLSHP,FOL,1.0,2038,1.0
RE1,DEMTRAFOLSHP,FOL,1.0,2039,1.0
RE1,DEMTRAFOLSHP,FOL,1.0,2040,1.0
RE1,DEMTRAFOLSHP,FOL,1.0,2041,1.0
RE1,DEMTRAFOLSHP,FOL,1.0,2042,1.0
RE1,DEMTRAFOLSHP,FOL,1.0,2043,1.0
RE1,DEMTRAFOLSHP,FOL,1.0,2044,1.0
RE1,DEMTRAFOLSHP,FOL,1.0,2045,1.0
RE1,DEMTRAFOLSHP,FOL,1.0,2046,1.0
RE1,DEMTRAFOLSHP,FOL,1.0,2047,1.0
RE1,DEMTRAFOLSHP,FOL,1.0,2048,1.0
RE1,DEMTRAFOLSHP,FOL,1.0,2049,1.0
RE1,DEMTRAFOLSHP,FOL,1.0,2050,1.0
RE1,DEMTRAFOLSHP,FOL,1.0,2051,1.0
RE1,DEMTRAFOLSHP,FOL,1.0,2052,1.0
RE1,DEMTRAFOLSHP,FOL,1.0,2053,1.0
RE1,DEMTRAFOLSHP,FOL,1.0,2054,1.0
RE1,DEMTRAFOLSHP,FOL,1.0,2055,1.0
RE1,DEMTRAGSLBOT,GSL002,1.0,2022,1.0
RE1,DEMTRAGSLBOT,GSL002,1.0,2023,1.0
RE1,DEMTRAGSLBOT,GSL002,1.0,2024,1.0
RE1,DEMTRAGSLBOT,GSL002,1.0,2025,1.0
RE1,DEMTRAGSLBOT,GSL002,1.0,2026,1.0
RE1,DEMTRAGSLBOT,GSL002,1.0,2027,1.0
RE1,DEMTRAGSLBOT,GSL002,1.0,2028,1.0
RE1,DEMTRAGSLBOT,GSL002,1.0,2029,1.0
RE1,DEMTRAGSLBOT,GSL002,1.0,2030,1.0
RE1,DEMTRAGSLBOT,GSL002,1.0,2031,1.0
RE1,DEMTRAGSLBOT,GSL002,1.0,2032,1.0
RE1,DEMTRAGSLBOT,GSL002,1.0,2033,1.0
RE1,DEMTRAGSLBOT,GSL002,1.0,2034,1.0
RE1,DEMTRAGSLBOT,GSL002,1.0,2035,1.0
RE1,DEMTRAGSLBOT,GSL002,1.0,2036,1.0
RE1,DEMTRAGSLBOT,GSL002,1.0,2037,1.0
RE1,DEMTRAGSLBOT,GSL002,1.0,2038,1.0
RE1,DEMTRAGSLBOT,GSL002,1.0,2039,1.0
RE1,DEMTRAGSLBOT,GSL002,1.0,2040,1.0
RE1,DEMTRAGSLBOT,GSL002,1.0,2041,1.0
RE1,DEMTRAGSLBOT,GSL002,1.0,2042,1.0
RE1,DEMTRAGSLBOT,GSL002,1.0,2043,1.0
RE1,DEMTRAGSLBOT,GSL002,1.0,2044,1.0
RE1,DEMTRAGSLBOT,GSL002,1.0,2045,1.0
RE1,DEMTRAGSLBOT,GSL002,1.0,2046,1.0
RE1,DEMTRAGSLBOT,GSL002,1.0,2047,1.0
RE1,DEMTRAGSLBOT,GSL002,1.0,2048,1.0
RE1,DEMTRAGSLBOT,GSL002,1.0,2049,1.0
RE1,DEMTRAGSLBOT,GSL002,1.0,2050,1.0
RE1,DEMTRAGSLBOT,GSL002,1.0,2051,1.0
RE1,DEMTRAGSLBOT,GSL002,1.0,2052,1.0
RE1,DEMTRAGSLBOT,GSL002,1.0,2053,1.0
RE1,DEMTRAGSLBOT,GSL002,1.0,2054,1.0
RE1,DEMTRAGSLBOT,GSL002,1.0,2055,1.0
RE1,DEMTRAGSLBUS_IMU,GSL002,1.0,2022,4.484304932735426
RE1,DEMTRAGSLBUS_IMU,GSL002,1.0,2023,4.484304932735426
RE1,DEMTRAGSLBUS_IMU,GSL002,1.0,2024,4.484304932735426
RE1,DEMTRAGSLBUS_IMU,GSL002,1.0,2025,4.484304932735426
RE1,DEMTRAGSLBUS_IMU,GSL002,1.0,2026,4.484304932735426
RE1,DEMTRAGSLBUS_IMU,GSL002,1.0,2027,4.484304932735426
RE1,DEMTRAGSLBUS_IMU,GSL002,1.0,2028,4.484304932735426
RE1,DEMTRAGSLBUS_IMU,GSL002,1.0,2029,4.484304932735426
RE1,DEMTRAGSLBUS_IMU,GSL002,1.0,2030,4.484304932735426
RE1,DEMTRAGSLBUS_IMU,GSL002,1.0,2031,4.484304932735426
RE1,DEMTRAGSLBUS_IMU,GSL002,1.0,2032,4.484304932735426
RE1,DEMTRAGSLBUS_IMU,GSL002,1.0,2033,4.484304932735426
RE1,DEMTRAGSLBUS_IMU,GSL002,1.0,2034,4.484304932735426
RE1,DEMTRAGSLBUS_IMU,GSL002,1.0,2035,4.484304932735426
RE1,DEMTRAGSLBUS_IMU,GSL002,1.0,2036,4.484304932735426
RE1,DEMTRAGSLBUS_IMU,GSL002,1.0,2037,4.484304932735426
RE1,DEMTRAGSLBUS_IMU,GSL002,1.0,2038,4.484304932735426
RE1,DEMTRAGSLBUS_IMU,GSL002,1.0,2039,4.484304932735426
RE1,DEMTRAGSLBUS_IMU,GSL002,1.0,2040,4.484304932735426
RE1,DEMTRAGSLBUS_IMU,GSL002,1.0,2041,4.484304932735426
RE1,DEMTRAGSLBUS_IMU,GSL002,1.0,2042,4.484304932735426
RE1,DEMTRAGSLBUS_IMU,GSL002,1.0,2043,4.484304932735426
RE1,DEMTRAGSLBUS_IMU,GSL002,1.0,2044,4.484304932735426
RE1,DEMTRAGSLBUS_IMU,GSL002,1.0,2045,4.484304932735426
RE1,DEMTRAGSLBUS_IMU,GSL002,1.0,2046,4.484304932735426
RE1,DEMTRAGSLBUS_IMU,GSL002,1.0,2047,4.484304932735426
RE1,DEMTRAGSLBUS_IMU,GSL002,1.0,2048,4.484304932735426
RE1,DEMTRAGSLBUS_IMU,GSL002,1.0,2049,4.484304932735426
RE1,DEMTRAGSLBUS_IMU,GSL002,1.0,2050,4.484304932735426
RE1,DEMTRAGSLBUS_IMU,GSL002,1.0,2051,4.484304932735426
RE1,DEMTRAGSLBUS_IMU,GSL002,1.0,2052,4.484304932735426
RE1,DEMTRAGSLBUS_IMU,GSL002,1.0,2053,4.484304932735426
RE1,DEMTRAGSLBUS_IMU,GSL002,1.0,2054,4.484304932735426
RE1,DEMTRAGSLBUS_IMU,GSL002,1.0,2055,4.484304932735426
RE1,DEMTRAGSLFWD,GSL002,1.0,2022,4.484304932735426
RE1,DEMTRAGSLFWD,GSL002,1.0,2023,4.484304932735426
RE1,DEMTRAGSLFWD,GSL002,1.0,2024,4.484304932735426
RE1,DEMTRAGSLFWD,GSL002,1.0,2025,4.484304932735426
RE1,DEMTRAGSLFWD,GSL002,1.0,2026,4.484304932735426
RE1,DEMTRAGSLFWD,GSL002,1.0,2027,4.484304932735426
RE1,DEMTRAGSLFWD,GSL002,1.0,2028,4.484304932735426
RE1,DEMTRAGSLFWD,GSL002,1.0,2029,4.484304932735426
RE1,DEMTRAGSLFWD,GSL002,1.0,2030,4.484304932735426
RE1,DEMTRAGSLFWD,GSL002,1.0,2031,4.484304932735426
RE1,DEMTRAGSLFWD,GSL002,1.0,2032,4.484304932735426
RE1,DEMTRAGSLFWD,GSL002,1.0,2033,4.484304932735426
RE1,DEMTRAGSLFWD,GSL002,1.0,2034,4.484304932735426
RE1,DEMTRAGSLFWD,GSL002,1.0,2035,4.484304932735426
RE1,DEMTRAGSLFWD,GSL002,1.0,2036,4.484304932735426
RE1,DEMTRAGSLFWD,GSL002,1.0,2037,4.484304932735426
RE1,DEMTRAGSLFWD,GSL002,1.0,2038,4.484304932735426
RE1,DEMTRAGSLFWD,GSL002,1.0,2039,4.484304932735426
RE1,DEMTRAGSLFWD,GSL002,1.0,2040,4.484304932735426
RE1,DEMTRAGSLFWD,GSL002,1.0,2041,4.484304932735426
RE1,DEMTRAGSLFWD,GSL002,1.0,2042,4.484304932735426
RE1,DEMTRAGSLFWD,GSL002,1.0,2043,4.484304932735426
RE1,DEMTRAGSLFWD,GSL002,1.0,2044,4.484304932735426
RE1,DEMTRAGSLFWD,GSL002,1.0,2045,4.484304932735426
RE1,DEMTRAGSLFWD,GSL002,1.0,2046,4.484304932735426
RE1,DEMTRAGSLFWD,GSL002,1.0,2047,4.484304932735426
RE1,DEMTRAGSLFWD,GSL002,1.0,2048,4.484304932735426
RE1,DEMTRAGSLFWD,GSL002,1.0,2049,4.484304932735426
RE1,DEMTRAGSLFWD,GSL002,1.0,2050,4.484304932735426
RE1,DEMTRAGSLFWD,GSL002,1.0,2051,4.484304932735426
RE1,DEMTRAGSLFWD,GSL002,1.0,2052,4.484304932735426
RE1,DEMTRAGSLFWD,GSL002,1.0,2053,4.484304932735426
RE1,DEMTRAGSLFWD,GSL002,1.0,2054,4.484304932735426
RE1,DEMTRAGSLFWD,GSL002,1.0,2055,4.484304932735426
RE1,DEMTRAGSLLDV,GSL002,1.0,2022,4.484304932735426
RE1,DEMTRAGSLLDV,GSL002,1.0,2023,4.484304932735426
RE1,DEMTRAGSLLDV,GSL002,1.0,2024,4.484304932735426
RE1,DEMTRAGSLLDV,GSL002,1.0,2025,4.484304932735426
RE1,DEMTRAGSLLDV,GSL002,1.0,2026,4.484304932735426
RE1,DEMTRAGSLLDV,GSL002,1.0,2027,4.484304932735426
RE1,DEMTRAGSLLDV,GSL002,1.0,2028,4.484304932735426
RE1,DEMTRAGSLLDV,GSL002,1.0,2029,4.484304932735426
RE1,DEMTRAGSLLDV,GSL002,1.0,2030,4.484304932735426
RE1,DEMTRAGSLLDV,GSL002,1.0,2031,4.484304932735426
RE1,DEMTRAGSLLDV,GSL002,1.0,2032,4.484304932735426
RE1,DEMTRAGSLLDV,GSL002,1.0,2033,4.484304932735426
RE1,DEMTRAGSLLDV,GSL002,1.0,2034,4.484304932735426
RE1,DEMTRAGSLLDV,GSL002,1.0,2035,4.484304932735426
RE1,DEMTRAGSLLDV,GSL002,1.0,2036,4.484304932735426
RE1,DEMTRAGSLLDV,GSL002,1.0,2037,4.484304932735426
RE1,DEMTRAGSLLDV,GSL002,1.0,2038,4.484304932735426
RE1,DEMTRAGSLLDV,GSL002,1.0,2039,4.484304932735426
RE1,DEMTRAGSLLDV,GSL002,1.0,2040,4.484304932735426
RE1,DEMTRAGSLLDV,GSL002,1.0,2041,4.484304932735426
RE1,DEMTRAGSLLDV,GSL002,1.0,2042,4.484304932735426
RE1,DEMTRAGSLLDV,GSL002,1.0,2043,4.484304932735426
RE1,DEMTRAGSLLDV,GSL002,1.0,2044,4.484304932735426
RE1,DEMTRAGSLLDV,GSL002,1.0,2045,4.484304932735426
RE1,DEMTRAGSLLDV,GSL002,1.0,2046,4.484304932735426
RE1,DEMTRAGSLLDV,GSL002,1.0,2047,4.484304932735426
RE1,DEMTRAGSLLDV,GSL002,1.0,2048,4.484304932735426
RE1,DEMTRAGSLLDV,GSL002,1.0,2049,4.484304932735426
RE1,DEMTRAGSLLDV,GSL002,1.0,2050,4.484304932735426
RE1,DEMTRAGSLLDV,GSL002,1.0,2051,4.484304932735426
RE1,DEMTRAGSLLDV,GSL002,1.0,2052,4.484304932735426
RE1,DEMTRAGSLLDV,GSL002,1.0,2053,4.484304932735426
RE1,DEMTRAGSLLDV,GSL002,1.0,2054,4.484304932735426
RE1,DEMTRAGSLLDV,GSL002,1.0,2055,4.484304932735426
RE1,DEMTRAGSLMIC,GSL002,1.0,2022,4.484304932735426
RE1,DEMTRAGSLMIC,GSL002,1.0,2023,4.484304932735426
RE1,DEMTRAGSLMIC,GSL002,1.0,2024,4.484304932735426
RE1,DEMTRAGSLMIC,GSL002,1.0,2025,4.484304932735426
RE1,DEMTRAGSLMIC,GSL002,1.0,2026,4.484304932735426
RE1,DEMTRAGSLMIC,GSL002,1.0,2027,4.484304932735426
RE1,DEMTRAGSLMIC,GSL002,1.0,2028,4.484304932735426
RE1,DEMTRAGSLMIC,GSL002,1.0,2029,4.484304932735426
RE1,DEMTRAGSLMIC,GSL002,1.0,2030,4.484304932735426
RE1,DEMTRAGSLMIC,GSL002,1.0,2031,4.484304932735426
RE1,DEMTRAGSLMIC,GSL002,1.0,2032,4.484304932735426
RE1,DEMTRAGSLMIC,GSL002,1.0,2033,4.484304932735426
RE1,DEMTRAGSLMIC,GSL002,1.0,2034,4.484304932735426
RE1,DEMTRAGSLMIC,GSL002,1.0,2035,4.484304932735426
RE1,DEMTRAGSLMIC,GSL002,1.0,2036,4.484304932735426
RE1,DEMTRAGSLMIC,GSL002,1.0,2037,4.484304932735426
RE1,DEMTRAGSLMIC,GSL002,1.0,2038,4.484304932735426
RE1,DEMTRAGSLMIC,GSL002,1.0,2039,4.484304932735426
RE1,DEMTRAGSLMIC,GSL002,1.0,2040,4.484304932735426
RE1,DEMTRAGSLMIC,GSL002,1.0,2041,4.484304932735426
RE1,DEMTRAGSLMIC,GSL002,1.0,2042,4.484304932735426
RE1,DEMTRAGSLMIC,GSL002,1.0,2043,4.484304932735426
RE1,DEMTRAGSLMIC,GSL002,1.0,2044,4.484304932735426
RE1,DEMTRAGSLMIC,GSL002,1.0,2045,4.484304932735426
RE1,DEMTRAGSLMIC,GSL002,1.0,2046,4.484304932735426
RE1,DEMTRAGSLMIC,GSL002,1.0,2047,4.484304932735426
RE1,DEMTRAGSLMIC,GSL002,1.0,2048,4.484304932735426
RE1,DEMTRAGSLMIC,GSL002,1.0,2049,4.484304932735426
RE1,DEMTRAGSLMIC,GSL002,1.0,2050,4.484304932735426
RE1,DEMTRAGSLMIC,GSL002,1.0,2051,4.484304932735426
RE1,DEMTRAGSLMIC,GSL002,1.0,2052,4.484304932735426
RE1,DEMTRAGSLMIC,GSL002,1.0,2053,4.484304932735426
RE1,DEMTRAGSLMIC,GSL002,1.0,2054,4.484304932735426
RE1,DEMTRAGSLMIC,GSL002,1.0,2055,4.484304932735426
RE1,DEMTRAGSLMOT,GSL002,1.0,2022,3.846153846153846
RE1,DEMTRAGSLMOT,GSL002,1.0,2023,3.846153846153846
RE1,DEMTRAGSLMOT,GSL002,1.0,2024,3.846153846153846
RE1,DEMTRAGSLMOT,GSL002,1.0,2025,3.846153846153846
RE1,DEMTRAGSLMOT,GSL002,1.0,2026,3.846153846153846
RE1,DEMTRAGSLMOT,GSL002,1.0,2027,3.846153846153846
RE1,DEMTRAGSLMOT,GSL002,1.0,2028,3.846153846153846
RE1,DEMTRAGSLMOT,GSL002,1.0,2029,3.846153846153846
RE1,DEMTRAGSLMOT,GSL002,1.0,2030,3.846153846153846
RE1,DEMTRAGSLMOT,GSL002,1.0,2031,3.846153846153846
RE1,DEMTRAGSLMOT,GSL002,1.0,2032,3.846153846153846
RE1,DEMTRAGSLMOT,GSL002,1.0,2033,3.846153846153846
RE1,DEMTRAGSLMOT,GSL002,1.0,2034,3.846153846153846
RE1,DEMTRAGSLMOT,GSL002,1.0,2035,3.846153846153846
RE1,DEMTRAGSLMOT,GSL002,1.0,2036,3.846153846153846
RE1,DEMTRAGSLMOT,GSL002,1.0,2037,3.846153846153846
RE1,DEMTRAGSLMOT,GSL002,1.0,2038,3.846153846153846
RE1,DEMTRAGSLMOT,GSL002,1.0,2039,3.846153846153846
RE1,DEMTRAGSLMOT,GSL002,1.0,2040,3.846153846153846
RE1,DEMTRAGSLMOT,GSL002,1.0,2041,3.846153846153846
RE1,DEMTRAGSLMOT,GSL002,1.0,2042,3.846153846153846
RE1,DEMTRAGSLMOT,GSL002,1.0,2043,3.846153846153846
RE1,DEMTRAGSLMOT,GSL002,1.0,2044,3.846153846153846
RE1,DEMTRAGSLMOT,GSL002,1.0,2045,3.846153846153846
RE1,DEMTRAGSLMOT,GSL002,1.0,2046,3.846153846153846
RE1,DEMTRAGSLMOT,GSL002,1.0,2047,3.846153846153846
RE1,DEMTRAGSLMOT,GSL002,1.0,2048,3.846153846153846
RE1,DEMTRAGSLMOT,GSL002,1.0,2049,3.846153846153846
RE1,DEMTRAGSLMOT,GSL002,1.0,2050,3.846153846153846
RE1,DEMTRAGSLMOT,GSL002,1.0,2051,3.846153846153846
RE1,DEMTRAGSLMOT,GSL002,1.0,2052,3.846153846153846
RE1,DEMTRAGSLMOT,GSL002,1.0,2053,3.846153846153846
RE1,DEMTRAGSLMOT,GSL002,1.0,2054,3.846153846153846
RE1,DEMTRAGSLMOT,GSL002,1.0,2055,3.846153846153846
RE1,DEMTRAGSLSTT,GSL002,1.0,2022,4.484304932735426
RE1,DEMTRAGSLSTT,GSL002,1.0,2023,4.484304932735426
RE1,DEMTRAGSLSTT,GSL002,1.0,2024,4.484304932735426
RE1,DEMTRAGSLSTT,GSL002,1.0,2025,4.484304932735426
RE1,DEMTRAGSLSTT,GSL002,1.0,2026,4.484304932735426
RE1,DEMTRAGSLSTT,GSL002,1.0,2027,4.484304932735426
RE1,DEMTRAGSLSTT,GSL002,1.0,2028,4.484304932735426
RE1,DEMTRAGSLSTT,GSL002,1.0,2029,4.484304932735426
RE1,DEMTRAGSLSTT,GSL002,1.0,2030,4.484304932735426
RE1,DEMTRAGSLSTT,GSL002,1.0,2031,4.484304932735426
RE1,DEMTRAGSLSTT,GSL002,1.0,2032,4.484304932735426
RE1,DEMTRAGSLSTT,GSL002,1.0,2033,4.484304932735426
RE1,DEMTRAGSLSTT,GSL002,1.0,2034,4.484304932735426
RE1,DEMTRAGSLSTT,GSL002,1.0,2035,4.484304932735426
RE1,DEMTRAGSLSTT,GSL002,1.0,2036,4.484304932735426
RE1,DEMTRAGSLSTT,GSL002,1.0,2037,4.484304932735426
RE1,DEMTRAGSLSTT,GSL002,1.0,2038,4.484304932735426
RE1,DEMTRAGSLSTT,GSL002,1.0,2039,4.484304932735426
RE1,DEMTRAGSLSTT,GSL002,1.0,2040,4.484304932735426
RE1,DEMTRAGSLSTT,GSL002,1.0,2041,4.484304932735426
RE1,DEMTRAGSLSTT,GSL002,1.0,2042,4.484304932735426
RE1,DEMTRAGSLSTT,GSL002,1.0,2043,4.484304932735426
RE1,DEMTRAGSLSTT,GSL002,1.0,2044,4.484304932735426
RE1,DEMTRAGSLSTT,GSL002,1.0,2045,4.484304932735426
RE1,DEMTRAGSLSTT,GSL002,1.0,2046,4.484304932735426
RE1,DEMTRAGSLSTT,GSL002,1.0,2047,4.484304932735426
RE1,DEMTRAGSLSTT,GSL002,1.0,2048,4.484304932735426
RE1,DEMTRAGSLSTT,GSL002,1.0,2049,4.484304932735426
RE1,DEMTRAGSLSTT,GSL002,1.0,2050,4.484304932735426
RE1,DEMTRAGSLSTT,GSL002,1.0,2051,4.484304932735426
RE1,DEMTRAGSLSTT,GSL002,1.0,2052,4.484304932735426
RE1,DEMTRAGSLSTT,GSL002,1.0,2053,4.484304932735426
RE1,DEMTRAGSLSTT,GSL002,1.0,2054,4.484304932735426
RE1,DEMTRAGSLSTT,GSL002,1.0,2055,4.484304932735426
RE1,DEMTRAGSLTAX,GSL002,1.0,2022,4.484304932735426
RE1,DEMTRAGSLTAX,GSL002,1.0,2023,4.484304932735426
RE1,DEMTRAGSLTAX,GSL002,1.0,2024,4.484304932735426
RE1,DEMTRAGSLTAX,GSL002,1.0,2025,4.484304932735426
RE1,DEMTRAGSLTAX,GSL002,1.0,2026,4.484304932735426
RE1,DEMTRAGSLTAX,GSL002,1.0,2027,4.484304932735426
RE1,DEMTRAGSLTAX,GSL002,1.0,2028,4.484304932735426
RE1,DEMTRAGSLTAX,GSL002,1.0,2029,4.484304932735426
RE1,DEMTRAGSLTAX,GSL002,1.0,2030,4.484304932735426
RE1,DEMTRAGSLTAX,GSL002,1.0,2031,4.484304932735426
RE1,DEMTRAGSLTAX,GSL002,1.0,2032,4.484304932735426
RE1,DEMTRAGSLTAX,GSL002,1.0,2033,4.484304932735426
RE1,DEMTRAGSLTAX,GSL002,1.0,2034,4.484304932735426
RE1,DEMTRAGSLTAX,GSL002,1.0,2035,4.484304932735426
RE1,DEMTRAGSLTAX,GSL002,1.0,2036,4.484304932735426
RE1,DEMTRAGSLTAX,GSL002,1.0,2037,4.484304932735426
RE1,DEMTRAGSLTAX,GSL002,1.0,2038,4.484304932735426
RE1,DEMTRAGSLTAX,GSL002,1.0,2039,4.484304932735426
RE1,DEMTRAGSLTAX,GSL002,1.0,2040,4.484304932735426
RE1,DEMTRAGSLTAX,GSL002,1.0,2041,4.484304932735426
RE1,DEMTRAGSLTAX,GSL002,1.0,2042,4.484304932735426
RE1,DEMTRAGSLTAX,GSL002,1.0,2043,4.484304932735426
RE1,DEMTRAGSLTAX,GSL002,1.0,2044,4.484304932735426
RE1,DEMTRAGSLTAX,GSL002,1.0,2045,4.484304932735426
RE1,DEMTRAGSLTAX,GSL002,1.0,2046,4.484304932735426
RE1,DEMTRAGSLTAX,GSL002,1.0,2047,4.484304932735426
RE1,DEMTRAGSLTAX,GSL002,1.0,2048,4.484304932735426
RE1,DEMTRAGSLTAX,GSL002,1.0,2049,4.484304932735426
RE1,DEMTRAGSLTAX,GSL002,1.0,2050,4.484304932735426
RE1,DEMTRAGSLTAX,GSL002,1.0,2051,4.484304932735426
RE1,DEMTRAGSLTAX,GSL002,1.0,2052,4.484304932735426
RE1,DEMTRAGSLTAX,GSL002,1.0,2053,4.484304932735426
RE1,DEMTRAGSLTAX,GSL002,1.0,2054,4.484304932735426
RE1,DEMTRAGSLTAX,GSL002,1.0,2055,4.484304932735426
RE1,DEMTRAGSLTCK_C2P,GSL002,1.0,2022,4.484304932735426
RE1,DEMTRAGSLTCK_C2P,GSL002,1.0,2023,4.484304932735426
RE1,DEMTRAGSLTCK_C2P,GSL002,1.0,2024,4.484304932735426
RE1,DEMTRAGSLTCK_C2P,GSL002,1.0,2025,4.484304932735426
RE1,DEMTRAGSLTCK_C2P,GSL002,1.0,2026,4.484304932735426
RE1,DEMTRAGSLTCK_C2P,GSL002,1.0,2027,4.484304932735426
RE1,DEMTRAGSLTCK_C2P,GSL002,1.0,2028,4.484304932735426
RE1,DEMTRAGSLTCK_C2P,GSL002,1.0,2029,4.484304932735426
RE1,DEMTRAGSLTCK_C2P,GSL002,1.0,2030,4.484304932735426
RE1,DEMTRAGSLTCK_C2P,GSL002,1.0,2031,4.484304932735426
RE1,DEMTRAGSLTCK_C2P,GSL002,1.0,2032,4.484304932735426
RE1,DEMTRAGSLTCK_C2P,GSL002,1.0,2033,4.484304932735426
RE1,DEMTRAGSLTCK_C2P,GSL002,1.0,2034,4.484304932735426
RE1,DEMTRAGSLTCK_C2P,GSL002,1.0,2035,4.484304932735426
RE1,DEMTRAGSLTCK_C2P,GSL002,1.0,2036,4.484304932735426
RE1,DEMTRAGSLTCK_C2P,GSL002,1.0,2037,4.484304932735426
RE1,DEMTRAGSLTCK_C2P,GSL002,1.0,2038,4.484304932735426
RE1,DEMTRAGSLTCK_C2P,GSL002,1.0,2039,4.484304932735426
RE1,DEMTRAGSLTCK_C2P,GSL002,1.0,2040,4.484304932735426
RE1,DEMTRAGSLTCK_C2P,GSL002,1.0,2041,4.484304932735426
RE1,DEMTRAGSLTCK_C2P,GSL002,1.0,2042,4.484304932735426
RE1,DEMTRAGSLTCK_C2P,GSL002,1.0,2043,4.484304932735426
RE1,DEMTRAGSLTCK_C2P,GSL002,1.0,2044,4.484304932735426
RE1,DEMTRAGSLTCK_C2P,GSL002,1.0,2045,4.484304932735426
RE1,DEMTRAGSLTCK_C2P,GSL002,1.0,2046,4.484304932735426
RE1,DEMTRAGSLTCK_C2P,GSL002,1.0,2047,4.484304932735426
RE1,DEMTRAGSLTCK_C2P,GSL002,1.0,2048,4.484304932735426
RE1,DEMTRAGSLTCK_C2P,GSL002,1.0,2049,4.484304932735426
RE1,DEMTRAGSLTCK_C2P,GSL002,1.0,2050,4.484304932735426
RE1,DEMTRAGSLTCK_C2P,GSL002,1.0,2051,4.484304932735426
RE1,DEMTRAGSLTCK_C2P,GSL002,1.0,2052,4.484304932735426
RE1,DEMTRAGSLTCK_C2P,GSL002,1.0,2053,4.484304932735426
RE1,DEMTRAGSLTCK_C2P,GSL002,1.0,2054,4.484304932735426
RE1,DEMTRAGSLTCK_C2P,GSL002,1.0,2055,4.484304932735426
RE1,DEMTRAHDGBUS_IMU,HDG002,1.0,2022,3.322259136212625
RE1,DEMTRAHDGBUS_IMU,HDG002,1.0,2023,3.322259136212625
RE1,DEMTRAHDGBUS_IMU,HDG002,1.0,2024,3.322259136212625
RE1,DEMTRAHDGBUS_IMU,HDG002,1.0,2025,3.322259136212625
RE1,DEMTRAHDGBUS_IMU,HDG002,1.0,2026,3.322259136212625
RE1,DEMTRAHDGBUS_IMU,HDG002,1.0,2027,3.322259136212625
RE1,DEMTRAHDGBUS_IMU,HDG002,1.0,2028,3.322259136212625
RE1,DEMTRAHDGBUS_IMU,HDG002,1.0,2029,3.322259136212625
RE1,DEMTRAHDGBUS_IMU,HDG002,1.0,2030,3.322259136212625
RE1,DEMTRAHDGBUS_IMU,HDG002,1.0,2031,3.322259136212625
RE1,DEMTRAHDGBUS_IMU,HDG002,1.0,2032,3.322259136212625
RE1,DEMTRAHDGBUS_IMU,HDG002,1.0,2033,3.322259136212625
RE1,DEMTRAHDGBUS_IMU,HDG002,1.0,2034,3.322259136212625
RE1,DEMTRAHDGBUS_IMU,HDG002,1.0,2035,3.322259136212625
RE1,DEMTRAHDGBUS_IMU,HDG002,1.0,2036,3.322259136212625
RE1,DEMTRAHDGBUS_IMU,HDG002,1.0,2037,3.322259136212625
RE1,DEMTRAHDGBUS_IMU,HDG002,1.0,2038,3.322259136212625
RE1,DEMTRAHDGBUS_IMU,HDG002,1.0,2039,3.322259136212625
RE1,DEMTRAHDGBUS_IMU,HDG002,1.0,2040,3.322259136212625
RE1,DEMTRAHDGBUS_IMU,HDG002,1.0,2041,3.322259136212625
RE1,DEMTRAHDGBUS_IMU,HDG002,1.0,2042,3.322259136212625
RE1,DEMTRAHDGBUS_IMU,HDG002,1.0,2043,3.322259136212625
RE1,DEMTRAHDGBUS_IMU,HDG002,1.0,2044,3.322259136212625
RE1,DEMTRAHDGBUS_IMU,HDG002,1.0,2045,3.322259136212625
RE1,DEMTRAHDGBUS_IMU,HDG002,1.0,2046,3.322259136212625
RE1,DEMTRAHDGBUS_IMU,HDG002,1.0,2047,3.322259136212625
RE1,DEMTRAHDGBUS_IMU,HDG002,1.0,2048,3.322259136212625
RE1,DEMTRAHDGBUS_IMU,HDG002,1.0,2049,3.322259136212625
RE1,DEMTRAHDGBUS_IMU,HDG002,1.0,2050,3.322259136212625
RE1,DEMTRAHDGBUS_IMU,HDG002,1.0,2051,3.322259136212625
RE1,DEMTRAHDGBUS_IMU,HDG002,1.0,2052,3.322259136212625
RE1,DEMTRAHDGBUS_IMU,HDG002,1.0,2053,3.322259136212625
RE1,DEMTRAHDGBUS_IMU,HDG002,1.0,2054,3.322259136212625
RE1,DEMTRAHDGBUS_IMU,HDG002,1.0,2055,3.322259136212625
RE1,DEMTRAHDGBUS_URB,HDG002,1.0,2022,3.322259136212625
RE1,DEMTRAHDGBUS_URB,HDG002,1.0,2023,3.322259136212625
RE1,DEMTRAHDGBUS_URB,HDG002,1.0,2024,3.322259136212625
RE1,DEMTRAHDGBUS_URB,HDG002,1.0,2025,3.322259136212625
RE1,DEMTRAHDGBUS_URB,HDG002,1.0,2026,3.322259136212625
RE1,DEMTRAHDGBUS_URB,HDG002,1.0,2027,3.322259136212625
RE1,DEMTRAHDGBUS_URB,HDG002,1.0,2028,3.322259136212625
RE1,DEMTRAHDGBUS_URB,HDG002,1.0,2029,3.322259136212625
RE1,DEMTRAHDGBUS_URB,HDG002,1.0,2030,3.322259136212625
RE1,DEMTRAHDGBUS_URB,HDG002,1.0,2031,3.322259136212625
RE1,DEMTRAHDGBUS_URB,HDG002,1.0,2032,3.322259136212625
RE1,DEMTRAHDGBUS_URB,HDG002,1.0,2033,3.322259136212625
RE1,DEMTRAHDGBUS_URB,HDG002,1.0,2034,3.322259136212625
RE1,DEMTRAHDGBUS_URB,HDG002,1.0,2035,3.322259136212625
RE1,DEMTRAHDGBUS_URB,HDG002,1.0,2036,3.322259136212625
RE1,DEMTRAHDGBUS_URB,HDG002,1.0,2037,3.322259136212625
RE1,DEMTRAHDGBUS_URB,HDG002,1.0,2038,3.322259136212625
RE1,DEMTRAHDGBUS_URB,HDG002,1.0,2039,3.322259136212625
RE1,DEMTRAHDGBUS_URB,HDG002,1.0,2040,3.322259136212625
RE1,DEMTRAHDGBUS_URB,HDG002,1.0,2041,3.322259136212625
RE1,DEMTRAHDGBUS_URB,HDG002,1.0,2042,3.322259136212625
RE1,DEMTRAHDGBUS_URB,HDG002,1.0,2043,3.322259136212625
RE1,DEMTRAHDGBUS_URB,HDG002,1.0,2044,3.322259136212625
RE1,DEMTRAHDGBUS_URB,HDG002,1.0,2045,3.322259136212625
RE1,DEMTRAHDGBUS_URB,HDG002,1.0,2046,3.322259136212625
RE1,DEMTRAHDGBUS_URB,HDG002,1.0,2047,3.322259136212625
RE1,DEMTRAHDGBUS_URB,HDG002,1.0,2048,3.322259136212625
RE1,DEMTRAHDGBUS_URB,HDG002,1.0,2049,3.322259136212625
RE1,DEMTRAHDGBUS_URB,HDG002,1.0,2050,3.322259136212625
RE1,DEMTRAHDGBUS_URB,HDG002,1.0,2051,3.322259136212625
RE1,DEMTRAHDGBUS_URB,HDG002,1.0,2052,3.322259136212625
RE1,DEMTRAHDGBUS_URB,HDG002,1.0,2053,3.322259136212625
RE1,DEMTRAHDGBUS_URB,HDG002,1.0,2054,3.322259136212625
RE1,DEMTRAHDGBUS_URB,HDG002,1.0,2055,3.322259136212625
RE1,DEMTRAHDGFWD,HDG002,1.0,2022,3.322259136212625
RE1,DEMTRAHDGFWD,HDG002,1.0,2023,3.322259136212625
RE1,DEMTRAHDGFWD,HDG002,1.0,2024,3.322259136212625
RE1,DEMTRAHDGFWD,HDG002,1.0,2025,3.322259136212625
RE1,DEMTRAHDGFWD,HDG002,1.0,2026,3.322259136212625
RE1,DEMTRAHDGFWD,HDG002,1.0,2027,3.322259136212625
RE1,DEMTRAHDGFWD,HDG002,1.0,2028,3.322259136212625
RE1,DEMTRAHDGFWD,HDG002,1.0,2029,3.322259136212625
RE1,DEMTRAHDGFWD,HDG002,1.0,2030,3.322259136212625
RE1,DEMTRAHDGFWD,HDG002,1.0,2031,3.322259136212625
RE1,DEMTRAHDGFWD,HDG002,1.0,2032,3.322259136212625
RE1,DEMTRAHDGFWD,HDG002,1.0,2033,3.322259136212625
RE1,DEMTRAHDGFWD,HDG002,1.0,2034,3.322259136212625
RE1,DEMTRAHDGFWD,HDG002,1.0,2035,3.322259136212625
RE1,DEMTRAHDGFWD,HDG002,1.0,2036,3.322259136212625
RE1,DEMTRAHDGFWD,HDG002,1.0,2037,3.322259136212625
RE1,DEMTRAHDGFWD,HDG002,1.0,2038,3.322259136212625
RE1,DEMTRAHDGFWD,HDG002,1.0,2039,3.322259136212625
RE1,DEMTRAHDGFWD,HDG002,1.0,2040,3.322259136212625
RE1,DEMTRAHDGFWD,HDG002,1.0,2041,3.322259136212625
RE1,DEMTRAHDGFWD,HDG002,1.0,2042,3.322259136212625
RE1,DEMTRAHDGFWD,HDG002,1.0,2043,3.322259136212625
RE1,DEMTRAHDGFWD,HDG002,1.0,2044,3.322259136212625
RE1,DEMTRAHDGFWD,HDG002,1.0,2045,3.322259136212625
RE1,DEMTRAHDGFWD,HDG002,1.0,2046,3.322259136212625
RE1,DEMTRAHDGFWD,HDG002,1.0,2047,3.322259136212625
RE1,DEMTRAHDGFWD,HDG002,1.0,2048,3.322259136212625
RE1,DEMTRAHDGFWD,HDG002,1.0,2049,3.322259136212625
RE1,DEMTRAHDGFWD,HDG002,1.0,2050,3.322259136212625
RE1,DEMTRAHDGFWD,HDG002,1.0,2051,3.322259136212625
RE1,DEMTRAHDGFWD,HDG002,1.0,2052,3.322259136212625
RE1,DEMTRAHDGFWD,HDG002,1.0,2053,3.322259136212625
RE1,DEMTRAHDGFWD,HDG002,1.0,2054,3.322259136212625
RE1,DEMTRAHDGFWD,HDG002,1.0,2055,3.322259136212625
RE1,DEMTRAHDGLDV,HDG002,1.0,2022,3.322259136212625
RE1,DEMTRAHDGLDV,HDG002,1.0,2023,3.322259136212625
RE1,DEMTRAHDGLDV,HDG002,1.0,2024,3.322259136212625
RE1,DEMTRAHDGLDV,HDG002,1.0,2025,3.322259136212625
RE1,DEMTRAHDGLDV,HDG002,1.0,2026,3.322259136212625
RE1,DEMTRAHDGLDV,HDG002,1.0,2027,3.322259136212625
RE1,DEMTRAHDGLDV,HDG002,1.0,2028,3.322259136212625
RE1,DEMTRAHDGLDV,HDG002,1.0,2029,3.322259136212625
RE1,DEMTRAHDGLDV,HDG002,1.0,2030,3.322259136212625
RE1,DEMTRAHDGLDV,HDG002,1.0,2031,3.322259136212625
RE1,DEMTRAHDGLDV,HDG002,1.0,2032,3.322259136212625
RE1,DEMTRAHDGLDV,HDG002,1.0,2033,3.322259136212625
RE1,DEMTRAHDGLDV,HDG002,1.0,2034,3.322259136212625
RE1,DEMTRAHDGLDV,HDG002,1.0,2035,3.322259136212625
RE1,DEMTRAHDGLDV,HDG002,1.0,2036,3.322259136212625
RE1,DEMTRAHDGLDV,HDG002,1.0,2037,3.322259136212625
RE1,DEMTRAHDGLDV,HDG002,1.0,2038,3.322259136212625
RE1,DEMTRAHDGLDV,HDG002,1.0,2039,3.322259136212625
RE1,DEMTRAHDGLDV,HDG002,1.0,2040,3.322259136212625
RE1,DEMTRAHDGLDV,HDG002,1.0,2041,3.322259136212625
RE1,DEMTRAHDGLDV,HDG002,1.0,2042,3.322259136212625
RE1,DEMTRAHDGLDV,HDG002,1.0,2043,3.322259136212625
RE1,DEMTRAHDGLDV,HDG002,1.0,2044,3.322259136212625
RE1,DEMTRAHDGLDV,HDG002,1.0,2045,3.322259136212625
RE1,DEMTRAHDGLDV,HDG002,1.0,2046,3.322259136212625
RE1,DEMTRAHDGLDV,HDG002,1.0,2047,3.322259136212625
RE1,DEMTRAHDGLDV,HDG002,1.0,2048,3.322259136212625
RE1,DEMTRAHDGLDV,HDG002,1.0,2049,3.322259136212625
RE1,DEMTRAHDGLDV,HDG002,1.0,2050,3.322259136212625
RE1,DEMTRAHDGLDV,HDG002,1.0,2051,3.322259136212625
RE1,DEMTRAHDGLDV,HDG002,1.0,2052,3.322259136212625
RE1,DEMTRAHDGLDV,HDG002,1.0,2053,3.322259136212625
RE1,DEMTRAHDGLDV,HDG002,1.0,2054,3.322259136212625
RE1,DEMTRAHDGLDV,HDG002,1.0,2055,3.322259136212625
RE1,DEMTRAHDGMIC,HDG002,1.0,2022,3.322259136212625
RE1,DEMTRAHDGMIC,HDG002,1.0,2023,3.322259136212625
RE1,DEMTRAHDGMIC,HDG002,1.0,2024,3.322259136212625
RE1,DEMTRAHDGMIC,HDG002,1.0,2025,3.322259136212625
RE1,DEMTRAHDGMIC,HDG002,1.0,2026,3.322259136212625
RE1,DEMTRAHDGMIC,HDG002,1.0,2027,3.322259136212625
RE1,DEMTRAHDGMIC,HDG002,1.0,2028,3.322259136212625
RE1,DEMTRAHDGMIC,HDG002,1.0,2029,3.322259136212625
RE1,DEMTRAHDGMIC,HDG002,1.0,2030,3.322259136212625
RE1,DEMTRAHDGMIC,HDG002,1.0,2031,3.322259136212625
RE1,DEMTRAHDGMIC,HDG002,1.0,2032,3.322259136212625
RE1,DEMTRAHDGMIC,HDG002,1.0,2033,3.322259136212625
RE1,DEMTRAHDGMIC,HDG002,1.0,2034,3.322259136212625
RE1,DEMTRAHDGMIC,HDG002,1.0,2035,3.322259136212625
RE1,DEMTRAHDGMIC,HDG002,1.0,2036,3.322259136212625
RE1,DEMTRAHDGMIC,HDG002,1.0,2037,3.322259136212625
RE1,DEMTRAHDGMIC,HDG002,1.0,2038,3.322259136212625
RE1,DEMTRAHDGMIC,HDG002,1.0,2039,3.322259136212625
RE1,DEMTRAHDGMIC,HDG002,1.0,2040,3.322259136212625
RE1,DEMTRAHDGMIC,HDG002,1.0,2041,3.322259136212625
RE1,DEMTRAHDGMIC,HDG002,1.0,2042,3.322259136212625
RE1,DEMTRAHDGMIC,HDG002,1.0,2043,3.322259136212625
RE1,DEMTRAHDGMIC,HDG002,1.0,2044,3.322259136212625
RE1,DEMTRAHDGMIC,HDG002,1.0,2045,3.322259136212625
RE1,DEMTRAHDGMIC,HDG002,1.0,2046,3.322259136212625
RE1,DEMTRAHDGMIC,HDG002,1.0,2047,3.322259136212625
RE1,DEMTRAHDGMIC,HDG002,1.0,2048,3.322259136212625
RE1,DEMTRAHDGMIC,HDG002,1.0,2049,3.322259136212625
RE1,DEMTRAHDGMIC,HDG002,1.0,2050,3.322259136212625
RE1,DEMTRAHDGMIC,HDG002,1.0,2051,3.322259136212625
RE1,DEMTRAHDGMIC,HDG002,1.0,2052,3.322259136212625
RE1,DEMTRAHDGMIC,HDG002,1.0,2053,3.322259136212625
RE1,DEMTRAHDGMIC,HDG002,1.0,2054,3.322259136212625
RE1,DEMTRAHDGMIC,HDG002,1.0,2055,3.322259136212625
RE1,DEMTRAHDGSTT,HDG002,1.0,2022,3.322259136212625
RE1,DEMTRAHDGSTT,HDG002,1.0,2023,3.322259136212625
RE1,DEMTRAHDGSTT,HDG002,1.0,2024,3.322259136212625
RE1,DEMTRAHDGSTT,HDG002,1.0,2025,3.322259136212625
RE1,DEMTRAHDGSTT,HDG002,1.0,2026,3.322259136212625
RE1,DEMTRAHDGSTT,HDG002,1.0,2027,3.322259136212625
RE1,DEMTRAHDGSTT,HDG002,1.0,2028,3.322259136212625
RE1,DEMTRAHDGSTT,HDG002,1.0,2029,3.322259136212625
RE1,DEMTRAHDGSTT,HDG002,1.0,2030,3.322259136212625
RE1,DEMTRAHDGSTT,HDG002,1.0,2031,3.322259136212625
RE1,DEMTRAHDGSTT,HDG002,1.0,2032,3.322259136212625
RE1,DEMTRAHDGSTT,HDG002,1.0,2033,3.322259136212625
RE1,DEMTRAHDGSTT,HDG002,1.0,2034,3.322259136212625
RE1,DEMTRAHDGSTT,HDG002,1.0,2035,3.322259136212625
RE1,DEMTRAHDGSTT,HDG002,1.0,2036,3.322259136212625
RE1,DEMTRAHDGSTT,HDG002,1.0,2037,3.322259136212625
RE1,DEMTRAHDGSTT,HDG002,1.0,2038,3.322259136212625
RE1,DEMTRAHDGSTT,HDG002,1.0,2039,3.322259136212625
RE1,DEMTRAHDGSTT,HDG002,1.0,2040,3.322259136212625
RE1,DEMTRAHDGSTT,HDG002,1.0,2041,3.322259136212625
RE1,DEMTRAHDGSTT,HDG002,1.0,2042,3.322259136212625
RE1,DEMTRAHDGSTT,HDG002,1.0,2043,3.322259136212625
RE1,DEMTRAHDGSTT,HDG002,1.0,2044,3.322259136212625
RE1,DEMTRAHDGSTT,HDG002,1.0,2045,3.322259136212625
RE1,DEMTRAHDGSTT,HDG002,1.0,2046,3.322259136212625
RE1,DEMTRAHDGSTT,HDG002,1.0,2047,3.322259136212625
RE1,DEMTRAHDGSTT,HDG002,1.0,2048,3.322259136212625
RE1,DEMTRAHDGSTT,HDG002,1.0,2049,3.322259136212625
RE1,DEMTRAHDGSTT,HDG002,1.0,2050,3.322259136212625
RE1,DEMTRAHDGSTT,HDG002,1.0,2051,3.322259136212625
RE1,DEMTRAHDGSTT,HDG002,1.0,2052,3.322259136212625
RE1,DEMTRAHDGSTT,HDG002,1.0,2053,3.322259136212625
RE1,DEMTRAHDGSTT,HDG002,1.0,2054,3.322259136212625
RE1,DEMTRAHDGSTT,HDG002,1.0,2055,3.322259136212625
RE1,DEMTRAHDGTAX,HDG002,1.0,2022,3.322259136212625
RE1,DEMTRAHDGTAX,HDG002,1.0,2023,3.322259136212625
RE1,DEMTRAHDGTAX,HDG002,1.0,2024,3.322259136212625
RE1,DEMTRAHDGTAX,HDG002,1.0,2025,3.322259136212625
RE1,DEMTRAHDGTAX,HDG002,1.0,2026,3.322259136212625
RE1,DEMTRAHDGTAX,HDG002,1.0,2027,3.322259136212625
RE1,DEMTRAHDGTAX,HDG002,1.0,2028,3.322259136212625
RE1,DEMTRAHDGTAX,HDG002,1.0,2029,3.322259136212625
RE1,DEMTRAHDGTAX,HDG002,1.0,2030,3.322259136212625
RE1,DEMTRAHDGTAX,HDG002,1.0,2031,3.322259136212625
RE1,DEMTRAHDGTAX,HDG002,1.0,2032,3.322259136212625
RE1,DEMTRAHDGTAX,HDG002,1.0,2033,3.322259136212625
RE1,DEMTRAHDGTAX,HDG002,1.0,2034,3.322259136212625
RE1,DEMTRAHDGTAX,HDG002,1.0,2035,3.322259136212625
RE1,DEMTRAHDGTAX,HDG002,1.0,2036,3.322259136212625
RE1,DEMTRAHDGTAX,HDG002,1.0,2037,3.322259136212625
RE1,DEMTRAHDGTAX,HDG002,1.0,2038,3.322259136212625
RE1,DEMTRAHDGTAX,HDG002,1.0,2039,3.322259136212625
RE1,DEMTRAHDGTAX,HDG002,1.0,2040,3.322259136212625
RE1,DEMTRAHDGTAX,HDG002,1.0,2041,3.322259136212625
RE1,DEMTRAHDGTAX,HDG002,1.0,2042,3.322259136212625
RE1,DEMTRAHDGTAX,HDG002,1.0,2043,3.322259136212625
RE1,DEMTRAHDGTAX,HDG002,1.0,2044,3.322259136212625
RE1,DEMTRAHDGTAX,HDG002,1.0,2045,3.322259136212625
RE1,DEMTRAHDGTAX,HDG002,1.0,2046,3.322259136212625
RE1,DEMTRAHDGTAX,HDG002,1.0,2047,3.322259136212625
RE1,DEMTRAHDGTAX,HDG002,1.0,2048,3.322259136212625
RE1,DEMTRAHDGTAX,HDG002,1.0,2049,3.322259136212625
RE1,DEMTRAHDGTAX,HDG002,1.0,2050,3.322259136212625
RE1,DEMTRAHDGTAX,HDG002,1.0,2051,3.322259136212625
RE1,DEMTRAHDGTAX,HDG002,1.0,2052,3.322259136212625
RE1,DEMTRAHDGTAX,HDG002,1.0,2053,3.322259136212625
RE1,DEMTRAHDGTAX,HDG002,1.0,2054,3.322259136212625
RE1,DEMTRAHDGTAX,HDG002,1.0,2055,3.322259136212625
RE1,DEMTRAHDGTCK_CSG,HDG002,1.0,2022,3.322259136212625
RE1,DEMTRAHDGTCK_CSG,HDG002,1.0,2023,3.322259136212625
RE1,DEMTRAHDGTCK_CSG,HDG002,1.0,2024,3.322259136212625
RE1,DEMTRAHDGTCK_CSG,HDG002,1.0,2025,3.322259136212625
RE1,DEMTRAHDGTCK_CSG,HDG002,1.0,2026,3.322259136212625
RE1,DEMTRAHDGTCK_CSG,HDG002,1.0,2027,3.322259136212625
RE1,DEMTRAHDGTCK_CSG,HDG002,1.0,2028,3.322259136212625
RE1,DEMTRAHDGTCK_CSG,HDG002,1.0,2029,3.322259136212625
RE1,DEMTRAHDGTCK_CSG,HDG002,1.0,2030,3.322259136212625
RE1,DEMTRAHDGTCK_CSG,HDG002,1.0,2031,3.322259136212625
RE1,DEMTRAHDGTCK_CSG,HDG002,1.0,2032,3.322259136212625
RE1,DEMTRAHDGTCK_CSG,HDG002,1.0,2033,3.322259136212625
RE1,DEMTRAHDGTCK_CSG,HDG002,1.0,2034,3.322259136212625
RE1,DEMTRAHDGTCK_CSG,HDG002,1.0,2035,3.322259136212625
RE1,DEMTRAHDGTCK_CSG,HDG002,1.0,2036,3.322259136212625
RE1,DEMTRAHDGTCK_CSG,HDG002,1.0,2037,3.322259136212625
RE1,DEMTRAHDGTCK_CSG,HDG002,1.0,2038,3.322259136212625
RE1,DEMTRAHDGTCK_CSG,HDG002,1.0,2039,3.322259136212625
RE1,DEMTRAHDGTCK_CSG,HDG002,1.0,2040,3.322259136212625
RE1,DEMTRAHDGTCK_CSG,HDG002,1.0,2041,3.322259136212625
RE1,DEMTRAHDGTCK_CSG,HDG002,1.0,2042,3.322259136212625
RE1,DEMTRAHDGTCK_CSG,HDG002,1.0,2043,3.322259136212625
RE1,DEMTRAHDGTCK_CSG,HDG002,1.0,2044,3.322259136212625
RE1,DEMTRAHDGTCK_CSG,HDG002,1.0,2045,3.322259136212625
RE1,DEMTRAHDGTCK_CSG,HDG002,1.0,2046,3.322259136212625
RE1,DEMTRAHDGTCK_CSG,HDG002,1.0,2047,3.322259136212625
RE1,DEMTRAHDGTCK_CSG,HDG002,1.0,2048,3.322259136212625
RE1,DEMTRAHDGTCK_CSG,HDG002,1.0,2049,3.322259136212625
RE1,DEMTRAHDGTCK_CSG,HDG002,1.0,2050,3.322259136212625
RE1,DEMTRAHDGTCK_CSG,HDG002,1.0,2051,3.322259136212625
RE1,DEMTRAHDGTCK_CSG,HDG002,1.0,2052,3.322259136212625
RE1,DEMTRAHDGTCK_CSG,HDG002,1.0,2053,3.322259136212625
RE1,DEMTRAHDGTCK_CSG,HDG002,1.0,2054,3.322259136212625
RE1,DEMTRAHDGTCK_CSG,HDG002,1.0,2055,3.322259136212625
RE1,DEMTRAHEVFWD,DSL002,1.0,2022,2.070393374741201
RE1,DEMTRAHEVFWD,DSL002,1.0,2023,2.070393374741201
RE1,DEMTRAHEVFWD,DSL002,1.0,2024,2.070393374741201
RE1,DEMTRAHEVFWD,DSL002,1.0,2025,2.070393374741201
RE1,DEMTRAHEVFWD,DSL002,1.0,2026,2.070393374741201
RE1,DEMTRAHEVFWD,DSL002,1.0,2027,2.070393374741201
RE1,DEMTRAHEVFWD,DSL002,1.0,2028,2.070393374741201
RE1,DEMTRAHEVFWD,DSL002,1.0,2029,2.070393374741201
RE1,DEMTRAHEVFWD,DSL002,1.0,2030,2.070393374741201
RE1,DEMTRAHEVFWD,DSL002,1.0,2031,2.070393374741201
RE1,DEMTRAHEVFWD,DSL002,1.0,2032,2.070393374741201
RE1,DEMTRAHEVFWD,DSL002,1.0,2033,2.070393374741201
RE1,DEMTRAHEVFWD,DSL002,1.0,2034,2.070393374741201
RE1,DEMTRAHEVFWD,DSL002,1.0,2035,2.070393374741201
RE1,DEMTRAHEVFWD,DSL002,1.0,2036,2.070393374741201
RE1,DEMTRAHEVFWD,DSL002,1.0,2037,2.070393374741201
RE1,DEMTRAHEVFWD,DSL002,1.0,2038,2.070393374741201
RE1,DEMTRAHEVFWD,DSL002,1.0,2039,2.070393374741201
RE1,DEMTRAHEVFWD,DSL002,1.0,2040,2.070393374741201
RE1,DEMTRAHEVFWD,DSL002,1.0,2041,2.070393374741201
RE1,DEMTRAHEVFWD,DSL002,1.0,2042,2.070393374741201
RE1,DEMTRAHEVFWD,DSL002,1.0,2043,2.070393374741201
RE1,DEMTRAHEVFWD,DSL002,1.0,2044,2.070393374741201
RE1,DEMTRAHEVFWD,DSL002,1.0,2045,2.070393374741201
RE1,DEMTRAHEVFWD,DSL002,1.0,2046,2.070393374741201
RE1,DEMTRAHEVFWD,DSL002,1.0,2047,2.070393374741201
RE1,DEMTRAHEVFWD,DSL002,1.0,2048,2.070393374741201
RE1,DEMTRAHEVFWD,DSL002,1.0,2049,2.070393374741201
RE1,DEMTRAHEVFWD,DSL002,1.0,2050,2.070393374741201
RE1,DEMTRAHEVFWD,DSL002,1.0,2051,2.070393374741201
RE1,DEMTRAHEVFWD,DSL002,1.0,2052,2.070393374741201
RE1,DEMTRAHEVFWD,DSL002,1.0,2053,2.070393374741201
RE1,DEMTRAHEVFWD,DSL002,1.0,2054,2.070393374741201
RE1,DEMTRAHEVFWD,DSL002,1.0,2055,2.070393374741201
RE1,DEMTRAHEVLDV,GSL002,1.0,2022,2.457002457002457
RE1,DEMTRAHEVLDV,GSL002,1.0,2023,2.457002457002457
RE1,DEMTRAHEVLDV,GSL002,1.0,2024,2.457002457002457
RE1,DEMTRAHEVLDV,GSL002,1.0,2025,2.457002457002457
RE1,DEMTRAHEVLDV,GSL002,1.0,2026,2.457002457002457
RE1,DEMTRAHEVLDV,GSL002,1.0,2027,2.457002457002457
RE1,DEMTRAHEVLDV,GSL002,1.0,2028,2.457002457002457
RE1,DEMTRAHEVLDV,GSL002,1.0,2029,2.457002457002457
RE1,DEMTRAHEVLDV,GSL002,1.0,2030,2.457002457002457
RE1,DEMTRAHEVLDV,GSL002,1.0,2031,2.457002457002457
RE1,DEMTRAHEVLDV,GSL002,1.0,2032,2.457002457002457
RE1,DEMTRAHEVLDV,GSL002,1.0,2033,2.457002457002457
RE1,DEMTRAHEVLDV,GSL002,1.0,2034,2.457002457002457
RE1,DEMTRAHEVLDV,GSL002,1.0,2035,2.457002457002457
RE1,DEMTRAHEVLDV,GSL002,1.0,2036,2.457002457002457
RE1,DEMTRAHEVLDV,GSL002,1.0,2037,2.457002457002457
RE1,DEMTRAHEVLDV,GSL002,1.0,2038,2.457002457002457
RE1,DEMTRAHEVLDV,GSL002,1.0,2039,2.457002457002457
RE1,DEMTRAHEVLDV,GSL002,1.0,2040,2.457002457002457
RE1,DEMTRAHEVLDV,GSL002,1.0,2041,2.457002457002457
RE1,DEMTRAHEVLDV,GSL002,1.0,2042,2.457002457002457
RE1,DEMTRAHEVLDV,GSL002,1.0,2043,2.457002457002457
RE1,DEMTRAHEVLDV,GSL002,1.0,2044,2.457002457002457
RE1,DEMTRAHEVLDV,GSL002,1.0,2045,2.457002457002457
RE1,DEMTRAHEVLDV,GSL002,1.0,2046,2.457002457002457
RE1,DEMTRAHEVLDV,GSL002,1.0,2047,2.457002457002457
RE1,DEMTRAHEVLDV,GSL002,1.0,2048,2.457002457002457
RE1,DEMTRAHEVLDV,GSL002,1.0,2049,2.457002457002457
RE1,DEMTRAHEVLDV,GSL002,1.0,2050,2.457002457002457
RE1,DEMTRAHEVLDV,GSL002,1.0,2051,2.457002457002457
RE1,DEMTRAHEVLDV,GSL002,1.0,2052,2.457002457002457
RE1,DEMTRAHEVLDV,GSL002,1.0,2053,2.457002457002457
RE1,DEMTRAHEVLDV,GSL002,1.0,2054,2.457002457002457
RE1,DEMTRAHEVLDV,GSL002,1.0,2055,2.457002457002457
RE1,DEMTRAJETAVI,JET,1.0,2022,1.0
RE1,DEMTRAJETAVI,JET,1.0,2023,1.0
RE1,DEMTRAJETAVI,JET,1.0,2024,1.0
RE1,DEMTRAJETAVI,JET,1.0,2025,1.0
RE1,DEMTRAJETAVI,JET,1.0,2026,1.0
RE1,DEMTRAJETAVI,JET,1.0,2027,1.0
RE1,DEMTRAJETAVI,JET,1.0,2028,1.0
RE1,DEMTRAJETAVI,JET,1.0,2029,1.0
RE1,DEMTRAJETAVI,JET,1.0,2030,1.0
RE1,DEMTRAJETAVI,JET,1.0,2031,1.0
RE1,DEMTRAJETAVI,JET,1.0,2032,1.0
RE1,DEMTRAJETAVI,JET,1.0,2033,1.0
RE1,DEMTRAJETAVI,JET,1.0,2034,1.0
RE1,DEMTRAJETAVI,JET,1.0,2035,1.0
RE1,DEMTRAJETAVI,JET,1.0,2036,1.0
RE1,DEMTRAJETAVI,JET,1.0,2037,1.0
RE1,DEMTRAJETAVI,JET,1.0,2038,1.0
RE1,DEMTRAJETAVI,JET,1.0,2039,1.0
RE1,DEMTRAJETAVI,JET,1.0,2040,1.0
RE1,DEMTRAJETAVI,JET,1.0,2041,1.0
RE1,DEMTRAJETAVI,JET,1.0,2042,1.0
RE1,DEMTRAJETAVI,JET,1.0,2043,1.0
RE1,DEMTRAJETAVI,JET,1.0,2044,1.0
RE1,DEMTRAJETAVI,JET,1.0,2045,1.0
RE1,DEMTRAJETAVI,JET,1.0,2046,1.0
RE1,DEMTRAJETAVI,JET,1.0,2047,1.0
RE1,DEMTRAJETAVI,JET,1.0,2048,1.0
RE1,DEMTRAJETAVI,JET,1.0,2049,1.0
RE1,DEMTRAJETAVI,JET,1.0,2050,1.0
RE1,DEMTRAJETAVI,JET,1.0,2051,1.0
RE1,DEMTRAJETAVI,JET,1.0,2052,1.0
RE1,DEMTRAJETAVI,JET,1.0,2053,1.0
RE1,DEMTRAJETAVI,JET,1.0,2054,1.0
RE1,DEMTRAJETAVI,JET,1.0,2055,1.0
RE1,DEMTRAJETSAFAVI,JETSAF,1.0,2022,1.0
RE1,DEMTRAJETSAFAVI,JETSAF,1.0,2023,1.0
RE1,DEMTRAJETSAFAVI,JETSAF,1.0,2024,1.0
RE1,DEMTRAJETSAFAVI,JETSAF,1.0,2025,1.0
RE1,DEMTRAJETSAFAVI,JETSAF,1.0,2026,1.0
RE1,DEMTRAJETSAFAVI,JETSAF,1.0,2027,1.0
RE1,DEMTRAJETSAFAVI,JETSAF,1.0,2028,1.0
RE1,DEMTRAJETSAFAVI,JETSAF,1.0,2029,1.0
RE1,DEMTRAJETSAFAVI,JETSAF,1.0,2030,1.0
RE1,DEMTRAJETSAFAVI,JETSAF,1.0,2031,1.0
RE1,DEMTRAJETSAFAVI,JETSAF,1.0,2032,1.0
RE1,DEMTRAJETSAFAVI,JETSAF,1.0,2033,1.0
RE1,DEMTRAJETSAFAVI,JETSAF,1.0,2034,1.0
RE1,DEMTRAJETSAFAVI,JETSAF,1.0,2035,1.0
RE1,DEMTRAJETSAFAVI,JETSAF,1.0,2036,1.0
RE1,DEMTRAJETSAFAVI,JETSAF,1.0,2037,1.0
RE1,DEMTRAJETSAFAVI,JETSAF,1.0,2038,1.0
RE1,DEMTRAJETSAFAVI,JETSAF,1.0,2039,1.0
RE1,DEMTRAJETSAFAVI,JETSAF,1.0,2040,1.0
RE1,DEMTRAJETSAFAVI,JETSAF,1.0,2041,1.0
RE1,DEMTRAJETSAFAVI,JETSAF,1.0,2042,1.0
RE1,DEMTRAJETSAFAVI,JETSAF,1.0,2043,1.0
RE1,DEMTRAJETSAFAVI,JETSAF,1.0,2044,1.0
RE1,DEMTRAJETSAFAVI,JETSAF,1.0,2045,1.0
RE1,DEMTRAJETSAFAVI,JETSAF,1.0,2046,1.0
RE1,DEMTRAJETSAFAVI,JETSAF,1.0,2047,1.0
RE1,DEMTRAJETSAFAVI,JETSAF,1.0,2048,1.0
RE1,DEMTRAJETSAFAVI,JETSAF,1.0,2049,1.0
RE1,DEMTRAJETSAFAVI,JETSAF,1.0,2050,1.0
RE1,DEMTRAJETSAFAVI,JETSAF,1.0,2051,1.0
RE1,DEMTRAJETSAFAVI,JETSAF,1.0,2052,1.0
RE1,DEMTRAJETSAFAVI,JETSAF,1.0,2053,1.0
RE1,DEMTRAJETSAFAVI,JETSAF,1.0,2054,1.0
RE1,DEMTRAJETSAFAVI,JETSAF,1.0,2055,1.0
RE1,DEMTRANGSBUS_ART,NGS002,1.0,2022,3.846153846153846
RE1,DEMTRANGSBUS_ART,NGS002,1.0,2023,3.846153846153846
RE1,DEMTRANGSBUS_ART,NGS002,1.0,2024,3.846153846153846
RE1,DEMTRANGSBUS_ART,NGS002,1.0,2025,3.846153846153846
RE1,DEMTRANGSBUS_ART,NGS002,1.0,2026,3.846153846153846
RE1,DEMTRANGSBUS_ART,NGS002,1.0,2027,3.846153846153846
RE1,DEMTRANGSBUS_ART,NGS002,1.0,2028,3.846153846153846
RE1,DEMTRANGSBUS_ART,NGS002,1.0,2029,3.846153846153846
RE1,DEMTRANGSBUS_ART,NGS002,1.0,2030,3.846153846153846
RE1,DEMTRANGSBUS_ART,NGS002,1.0,2031,3.846153846153846
RE1,DEMTRANGSBUS_ART,NGS002,1.0,2032,3.846153846153846
RE1,DEMTRANGSBUS_ART,NGS002,1.0,2033,3.846153846153846
RE1,DEMTRANGSBUS_ART,NGS002,1.0,2034,3.846153846153846
RE1,DEMTRANGSBUS_ART,NGS002,1.0,2035,3.846153846153846
RE1,DEMTRANGSBUS_ART,NGS002,1.0,2036,3.846153846153846
RE1,DEMTRANGSBUS_ART,NGS002,1.0,2037,3.846153846153846
RE1,DEMTRANGSBUS_ART,NGS002,1.0,2038,3.846153846153846
RE1,DEMTRANGSBUS_ART,NGS002,1.0,2039,3.846153846153846
RE1,DEMTRANGSBUS_ART,NGS002,1.0,2040,3.846153846153846
RE1,DEMTRANGSBUS_ART,NGS002,1.0,2041,3.846153846153846
RE1,DEMTRANGSBUS_ART,NGS002,1.0,2042,3.846153846153846
RE1,DEMTRANGSBUS_ART,NGS002,1.0,2043,3.846153846153846
RE1,DEMTRANGSBUS_ART,NGS002,1.0,2044,3.846153846153846
RE1,DEMTRANGSBUS_ART,NGS002,1.0,2045,3.846153846153846
RE1,DEMTRANGSBUS_ART,NGS002,1.0,2046,3.846153846153846
RE1,DEMTRANGSBUS_ART,NGS002,1.0,2047,3.846153846153846
RE1,DEMTRANGSBUS_ART,NGS002,1.0,2048,3.846153846153846
RE1,DEMTRANGSBUS_ART,NGS002,1.0,2049,3.846153846153846
RE1,DEMTRANGSBUS_ART,NGS002,1.0,2050,3.846153846153846
RE1,DEMTRANGSBUS_ART,NGS002,1.0,2051,3.846153846153846
RE1,DEMTRANGSBUS_ART,NGS002,1.0,2052,3.846153846153846
RE1,DEMTRANGSBUS_ART,NGS002,1.0,2053,3.846153846153846
RE1,DEMTRANGSBUS_ART,NGS002,1.0,2054,3.846153846153846
RE1,DEMTRANGSBUS_ART,NGS002,1.0,2055,3.846153846153846
RE1,DEMTRANGSBUS_BIA,NGS002,1.0,2022,3.846153846153846
RE1,DEMTRANGSBUS_BIA,NGS002,1.0,2023,3.846153846153846
RE1,DEMTRANGSBUS_BIA,NGS002,1.0,2024,3.846153846153846
RE1,DEMTRANGSBUS_BIA,NGS002,1.0,2025,3.846153846153846
RE1,DEMTRANGSBUS_BIA,NGS002,1.0,2026,3.846153846153846
RE1,DEMTRANGSBUS_BIA,NGS002,1.0,2027,3.846153846153846
RE1,DEMTRANGSBUS_BIA,NGS002,1.0,2028,3.846153846153846
RE1,DEMTRANGSBUS_BIA,NGS002,1.0,2029,3.846153846153846
RE1,DEMTRANGSBUS_BIA,NGS002,1.0,2030,3.846153846153846
RE1,DEMTRANGSBUS_BIA,NGS002,1.0,2031,3.846153846153846
RE1,DEMTRANGSBUS_BIA,NGS002,1.0,2032,3.846153846153846
RE1,DEMTRANGSBUS_BIA,NGS002,1.0,2033,3.846153846153846
RE1,DEMTRANGSBUS_BIA,NGS002,1.0,2034,3.846153846153846
RE1,DEMTRANGSBUS_BIA,NGS002,1.0,2035,3.846153846153846
RE1,DEMTRANGSBUS_BIA,NGS002,1.0,2036,3.846153846153846
RE1,DEMTRANGSBUS_BIA,NGS002,1.0,2037,3.846153846153846
RE1,DEMTRANGSBUS_BIA,NGS002,1.0,2038,3.846153846153846
RE1,DEMTRANGSBUS_BIA,NGS002,1.0,2039,3.846153846153846
RE1,DEMTRANGSBUS_BIA,NGS002,1.0,2040,3.846153846153846
RE1,DEMTRANGSBUS_BIA,NGS002,1.0,2041,3.846153846153846
RE1,DEMTRANGSBUS_BIA,NGS002,1.0,2042,3.846153846153846
RE1,DEMTRANGSBUS_BIA,NGS002,1.0,2043,3.846153846153846
RE1,DEMTRANGSBUS_BIA,NGS002,1.0,2044,3.846153846153846
RE1,DEMTRANGSBUS_BIA,NGS002,1.0,2045,3.846153846153846
RE1,DEMTRANGSBUS_BIA,NGS002,1.0,2046,3.846153846153846
RE1,DEMTRANGSBUS_BIA,NGS002,1.0,2047,3.846153846153846
RE1,DEMTRANGSBUS_BIA,NGS002,1.0,2048,3.846153846153846
RE1,DEMTRANGSBUS_BIA,NGS002,1.0,2049,3.846153846153846
RE1,DEMTRANGSBUS_BIA,NGS002,1.0,2050,3.846153846153846
RE1,DEMTRANGSBUS_BIA,NGS002,1.0,2051,3.846153846153846
RE1,DEMTRANGSBUS_BIA,NGS002,1.0,2052,3.846153846153846
RE1,DEMTRANGSBUS_BIA,NGS002,1.0,2053,3.846153846153846
RE1,DEMTRANGSBUS_BIA,NGS002,1.0,2054,3.846153846153846
RE1,DEMTRANGSBUS_BIA,NGS002,1.0,2055,3.846153846153846
RE1,DEMTRANGSBUS_IMU,NGS002,1.0,2022,3.846153846153846
RE1,DEMTRANGSBUS_IMU,NGS002,1.0,2023,3.846153846153846
RE1,DEMTRANGSBUS_IMU,NGS002,1.0,2024,3.846153846153846
RE1,DEMTRANGSBUS_IMU,NGS002,1.0,2025,3.846153846153846
RE1,DEMTRANGSBUS_IMU,NGS002,1.0,2026,3.846153846153846
RE1,DEMTRANGSBUS_IMU,NGS002,1.0,2027,3.846153846153846
RE1,DEMTRANGSBUS_IMU,NGS002,1.0,2028,3.846153846153846
RE1,DEMTRANGSBUS_IMU,NGS002,1.0,2029,3.846153846153846
RE1,DEMTRANGSBUS_IMU,NGS002,1.0,2030,3.846153846153846
RE1,DEMTRANGSBUS_IMU,NGS002,1.0,2031,3.846153846153846
RE1,DEMTRANGSBUS_IMU,NGS002,1.0,2032,3.846153846153846
RE1,DEMTRANGSBUS_IMU,NGS002,1.0,2033,3.846153846153846
RE1,DEMTRANGSBUS_IMU,NGS002,1.0,2034,3.846153846153846
RE1,DEMTRANGSBUS_IMU,NGS002,1.0,2035,3.846153846153846
RE1,DEMTRANGSBUS_IMU,NGS002,1.0,2036,3.846153846153846
RE1,DEMTRANGSBUS_IMU,NGS002,1.0,2037,3.846153846153846
RE1,DEMTRANGSBUS_IMU,NGS002,1.0,2038,3.846153846153846
RE1,DEMTRANGSBUS_IMU,NGS002,1.0,2039,3.846153846153846
RE1,DEMTRANGSBUS_IMU,NGS002,1.0,2040,3.846153846153846
RE1,DEMTRANGSBUS_IMU,NGS002,1.0,2041,3.846153846153846
RE1,DEMTRANGSBUS_IMU,NGS002,1.0,2042,3.846153846153846
RE1,DEMTRANGSBUS_IMU,NGS002,1.0,2043,3.846153846153846
RE1,DEMTRANGSBUS_IMU,NGS002,1.0,2044,3.846153846153846
RE1,DEMTRANGSBUS_IMU,NGS002,1.0,2045,3.846153846153846
RE1,DEMTRANGSBUS_IMU,NGS002,1.0,2046,3.846153846153846
RE1,DEMTRANGSBUS_IMU,NGS002,1.0,2047,3.846153846153846
RE1,DEMTRANGSBUS_IMU,NGS002,1.0,2048,3.846153846153846
RE1,DEMTRANGSBUS_IMU,NGS002,1.0,2049,3.846153846153846
RE1,DEMTRANGSBUS_IMU,NGS002,1.0,2050,3.846153846153846
RE1,DEMTRANGSBUS_IMU,NGS002,1.0,2051,3.846153846153846
RE1,DEMTRANGSBUS_IMU,NGS002,1.0,2052,3.846153846153846
RE1,DEMTRANGSBUS_IMU,NGS002,1.0,2053,3.846153846153846
RE1,DEMTRANGSBUS_IMU,NGS002,1.0,2054,3.846153846153846
RE1,DEMTRANGSBUS_IMU,NGS002,1.0,2055,3.846153846153846
RE1,DEMTRANGSBUS_URB,NGS002,1.0,2022,3.846153846153846
RE1,DEMTRANGSBUS_URB,NGS002,1.0,2023,3.846153846153846
RE1,DEMTRANGSBUS_URB,NGS002,1.0,2024,3.846153846153846
RE1,DEMTRANGSBUS_URB,NGS002,1.0,2025,3.846153846153846
RE1,DEMTRANGSBUS_URB,NGS002,1.0,2026,3.846153846153846
RE1,DEMTRANGSBUS_URB,NGS002,1.0,2027,3.846153846153846
RE1,DEMTRANGSBUS_URB,NGS002,1.0,2028,3.846153846153846
RE1,DEMTRANGSBUS_URB,NGS002,1.0,2029,3.846153846153846
RE1,DEMTRANGSBUS_URB,NGS002,1.0,2030,3.846153846153846
RE1,DEMTRANGSBUS_URB,NGS002,1.0,2031,3.846153846153846
RE1,DEMTRANGSBUS_URB,NGS002,1.0,2032,3.846153846153846
RE1,DEMTRANGSBUS_URB,NGS002,1.0,2033,3.846153846153846
RE1,DEMTRANGSBUS_URB,NGS002,1.0,2034,3.846153846153846
RE1,DEMTRANGSBUS_URB,NGS002,1.0,2035,3.846153846153846
RE1,DEMTRANGSBUS_URB,NGS002,1.0,2036,3.846153846153846
RE1,DEMTRANGSBUS_URB,NGS002,1.0,2037,3.846153846153846
RE1,DEMTRANGSBUS_URB,NGS002,1.0,2038,3.846153846153846
RE1,DEMTRANGSBUS_URB,NGS002,1.0,2039,3.846153846153846
RE1,DEMTRANGSBUS_URB,NGS002,1.0,2040,3.846153846153846
RE1,DEMTRANGSBUS_URB,NGS002,1.0,2041,3.846153846153846
RE1,DEMTRANGSBUS_URB,NGS002,1.0,2042,3.846153846153846
RE1,DEMTRANGSBUS_URB,NGS002,1.0,2043,3.846153846153846
RE1,DEMTRANGSBUS_URB,NGS002,1.0,2044,3.846153846153846
RE1,DEMTRANGSBUS_URB,NGS002,1.0,2045,3.846153846153846
RE1,DEMTRANGSBUS_URB,NGS002,1.0,2046,3.846153846153846
RE1,DEMTRANGSBUS_URB,NGS002,1.0,2047,3.846153846153846
RE1,DEMTRANGSBUS_URB,NGS002,1.0,2048,3.846153846153846
RE1,DEMTRANGSBUS_URB,NGS002,1.0,2049,3.846153846153846
RE1,DEMTRANGSBUS_URB,NGS002,1.0,2050,3.846153846153846
RE1,DEMTRANGSBUS_URB,NGS002,1.0,2051,3.846153846153846
RE1,DEMTRANGSBUS_URB,NGS002,1.0,2052,3.846153846153846
RE1,DEMTRANGSBUS_URB,NGS002,1.0,2053,3.846153846153846
RE1,DEMTRANGSBUS_URB,NGS002,1.0,2054,3.846153846153846
RE1,DEMTRANGSBUS_URB,NGS002,1.0,2055,3.846153846153846
RE1,DEMTRANGSFWD,NGS002,1.0,2022,3.846153846153846
RE1,DEMTRANGSFWD,NGS002,1.0,2023,3.846153846153846
RE1,DEMTRANGSFWD,NGS002,1.0,2024,3.846153846153846
RE1,DEMTRANGSFWD,NGS002,1.0,2025,3.846153846153846
RE1,DEMTRANGSFWD,NGS002,1.0,2026,3.846153846153846
RE1,DEMTRANGSFWD,NGS002,1.0,2027,3.846153846153846
RE1,DEMTRANGSFWD,NGS002,1.0,2028,3.846153846153846
RE1,DEMTRANGSFWD,NGS002,1.0,2029,3.846153846153846
RE1,DEMTRANGSFWD,NGS002,1.0,2030,3.846153846153846
RE1,DEMTRANGSFWD,NGS002,1.0,2031,3.846153846153846
RE1,DEMTRANGSFWD,NGS002,1.0,2032,3.846153846153846
RE1,DEMTRANGSFWD,NGS002,1.0,2033,3.846153846153846
RE1,DEMTRANGSFWD,NGS002,1.0,2034,3.846153846153846
RE1,DEMTRANGSFWD,NGS002,1.0,2035,3.846153846153846
RE1,DEMTRANGSFWD,NGS002,1.0,2036,3.846153846153846
RE1,DEMTRANGSFWD,NGS002,1.0,2037,3.846153846153846
RE1,DEMTRANGSFWD,NGS002,1.0,2038,3.846153846153846
RE1,DEMTRANGSFWD,NGS002,1.0,2039,3.846153846153846
RE1,DEMTRANGSFWD,NGS002,1.0,2040,3.846153846153846
RE1,DEMTRANGSFWD,NGS002,1.0,2041,3.846153846153846
RE1,DEMTRANGSFWD,NGS002,1.0,2042,3.846153846153846
RE1,DEMTRANGSFWD,NGS002,1.0,2043,3.846153846153846
RE1,DEMTRANGSFWD,NGS002,1.0,2044,3.846153846153846
RE1,DEMTRANGSFWD,NGS002,1.0,2045,3.846153846153846
RE1,DEMTRANGSFWD,NGS002,1.0,2046,3.846153846153846
RE1,DEMTRANGSFWD,NGS002,1.0,2047,3.846153846153846
RE1,DEMTRANGSFWD,NGS002,1.0,2048,3.846153846153846
RE1,DEMTRANGSFWD,NGS002,1.0,2049,3.846153846153846
RE1,DEMTRANGSFWD,NGS002,1.0,2050,3.846153846153846
RE1,DEMTRANGSFWD,NGS002,1.0,2051,3.846153846153846
RE1,DEMTRANGSFWD,NGS002,1.0,2052,3.846153846153846
RE1,DEMTRANGSFWD,NGS002,1.0,2053,3.846153846153846
RE1,DEMTRANGSFWD,NGS002,1.0,2054,3.846153846153846
RE1,DEMTRANGSFWD,NGS002,1.0,2055,3.846153846153846
RE1,DEMTRANGSLDV,NGS002,1.0,2022,3.846153846153846
RE1,DEMTRANGSLDV,NGS002,1.0,2023,3.846153846153846
RE1,DEMTRANGSLDV,NGS002,1.0,2024,3.846153846153846
RE1,DEMTRANGSLDV,NGS002,1.0,2025,3.846153846153846
RE1,DEMTRANGSLDV,NGS002,1.0,2026,3.846153846153846
RE1,DEMTRANGSLDV,NGS002,1.0,2027,3.846153846153846
RE1,DEMTRANGSLDV,NGS002,1.0,2028,3.846153846153846
RE1,DEMTRANGSLDV,NGS002,1.0,2029,3.846153846153846
RE1,DEMTRANGSLDV,NGS002,1.0,2030,3.846153846153846
RE1,DEMTRANGSLDV,NGS002,1.0,2031,3.846153846153846
RE1,DEMTRANGSLDV,NGS002,1.0,2032,3.846153846153846
RE1,DEMTRANGSLDV,NGS002,1.0,2033,3.846153846153846
RE1,DEMTRANGSLDV,NGS002,1.0,2034,3.846153846153846
RE1,DEMTRANGSLDV,NGS002,1.0,2035,3.846153846153846
RE1,DEMTRANGSLDV,NGS002,1.0,2036,3.846153846153846
RE1,DEMTRANGSLDV,NGS002,1.0,2037,3.846153846153846
RE1,DEMTRANGSLDV,NGS002,1.0,2038,3.846153846153846
RE1,DEMTRANGSLDV,NGS002,1.0,2039,3.846153846153846
RE1,DEMTRANGSLDV,NGS002,1.0,2040,3.846153846153846
RE1,DEMTRANGSLDV,NGS002,1.0,2041,3.846153846153846
RE1,DEMTRANGSLDV,NGS002,1.0,2042,3.846153846153846
RE1,DEMTRANGSLDV,NGS002,1.0,2043,3.846153846153846
RE1,DEMTRANGSLDV,NGS002,1.0,2044,3.846153846153846
RE1,DEMTRANGSLDV,NGS002,1.0,2045,3.846153846153846
RE1,DEMTRANGSLDV,NGS002,1.0,2046,3.846153846153846
RE1,DEMTRANGSLDV,NGS002,1.0,2047,3.846153846153846
RE1,DEMTRANGSLDV,NGS002,1.0,2048,3.846153846153846
RE1,DEMTRANGSLDV,NGS002,1.0,2049,3.846153846153846
RE1,DEMTRANGSLDV,NGS002,1.0,2050,3.846153846153846
RE1,DEMTRANGSLDV,NGS002,1.0,2051,3.846153846153846
RE1,DEMTRANGSLDV,NGS002,1.0,2052,3.846153846153846
RE1,DEMTRANGSLDV,NGS002,1.0,2053,3.846153846153846
RE1,DEMTRANGSLDV,NGS002,1.0,2054,3.846153846153846
RE1,DEMTRANGSLDV,NGS002,1.0,2055,3.846153846153846
RE1,DEMTRANGSMIC,NGS002,1.0,2022,3.846153846153846
RE1,DEMTRANGSMIC,NGS002,1.0,2023,3.846153846153846
RE1,DEMTRANGSMIC,NGS002,1.0,2024,3.846153846153846
RE1,DEMTRANGSMIC,NGS002,1.0,2025,3.846153846153846
RE1,DEMTRANGSMIC,NGS002,1.0,2026,3.846153846153846
RE1,DEMTRANGSMIC,NGS002,1.0,2027,3.846153846153846
RE1,DEMTRANGSMIC,NGS002,1.0,2028,3.846153846153846
RE1,DEMTRANGSMIC,NGS002,1.0,2029,3.846153846153846
RE1,DEMTRANGSMIC,NGS002,1.0,2030,3.846153846153846
RE1,DEMTRANGSMIC,NGS002,1.0,2031,3.846153846153846
RE1,DEMTRANGSMIC,NGS002,1.0,2032,3.846153846153846
RE1,DEMTRANGSMIC,NGS002,1.0,2033,3.846153846153846
RE1,DEMTRANGSMIC,NGS002,1.0,2034,3.846153846153846
RE1,DEMTRANGSMIC,NGS002,1.0,2035,3.846153846153846
RE1,DEMTRANGSMIC,NGS002,1.0,2036,3.846153846153846
RE1,DEMTRANGSMIC,NGS002,1.0,2037,3.846153846153846
RE1,DEMTRANGSMIC,NGS002,1.0,2038,3.846153846153846
RE1,DEMTRANGSMIC,NGS002,1.0,2039,3.846153846153846
RE1,DEMTRANGSMIC,NGS002,1.0,2040,3.846153846153846
RE1,DEMTRANGSMIC,NGS002,1.0,2041,3.846153846153846
RE1,DEMTRANGSMIC,NGS002,1.0,2042,3.846153846153846
RE1,DEMTRANGSMIC,NGS002,1.0,2043,3.846153846153846
RE1,DEMTRANGSMIC,NGS002,1.0,2044,3.846153846153846
RE1,DEMTRANGSMIC,NGS002,1.0,2045,3.846153846153846
RE1,DEMTRANGSMIC,NGS002,1.0,2046,3.846153846153846
RE1,DEMTRANGSMIC,NGS002,1.0,2047,3.846153846153846
RE1,DEMTRANGSMIC,NGS002,1.0,2048,3.846153846153846
RE1,DEMTRANGSMIC,NGS002,1.0,2049,3.846153846153846
RE1,DEMTRANGSMIC,NGS002,1.0,2050,3.846153846153846
RE1,DEMTRANGSMIC,NGS002,1.0,2051,3.846153846153846
RE1,DEMTRANGSMIC,NGS002,1.0,2052,3.846153846153846
RE1,DEMTRANGSMIC,NGS002,1.0,2053,3.846153846153846
RE1,DEMTRANGSMIC,NGS002,1.0,2054,3.846153846153846
RE1,DEMTRANGSMIC,NGS002,1.0,2055,3.846153846153846
RE1,DEMTRANGSSTT,NGS002,1.0,2022,3.846153846153846
RE1,DEMTRANGSSTT,NGS002,1.0,2023,3.846153846153846
RE1,DEMTRANGSSTT,NGS002,1.0,2024,3.846153846153846
RE1,DEMTRANGSSTT,NGS002,1.0,2025,3.846153846153846
RE1,DEMTRANGSSTT,NGS002,1.0,2026,3.846153846153846
RE1,DEMTRANGSSTT,NGS002,1.0,2027,3.846153846153846
RE1,DEMTRANGSSTT,NGS002,1.0,2028,3.846153846153846
RE1,DEMTRANGSSTT,NGS002,1.0,2029,3.846153846153846
RE1,DEMTRANGSSTT,NGS002,1.0,2030,3.846153846153846
RE1,DEMTRANGSSTT,NGS002,1.0,2031,3.846153846153846
RE1,DEMTRANGSSTT,NGS002,1.0,2032,3.846153846153846
RE1,DEMTRANGSSTT,NGS002,1.0,2033,3.846153846153846
RE1,DEMTRANGSSTT,NGS002,1.0,2034,3.846153846153846
RE1,DEMTRANGSSTT,NGS002,1.0,2035,3.846153846153846
RE1,DEMTRANGSSTT,NGS002,1.0,2036,3.846153846153846
RE1,DEMTRANGSSTT,NGS002,1.0,2037,3.846153846153846
RE1,DEMTRANGSSTT,NGS002,1.0,2038,3.846153846153846
RE1,DEMTRANGSSTT,NGS002,1.0,2039,3.846153846153846
RE1,DEMTRANGSSTT,NGS002,1.0,2040,3.846153846153846
RE1,DEMTRANGSSTT,NGS002,1.0,2041,3.846153846153846
RE1,DEMTRANGSSTT,NGS002,1.0,2042,3.846153846153846
RE1,DEMTRANGSSTT,NGS002,1.0,2043,3.846153846153846
RE1,DEMTRANGSSTT,NGS002,1.0,2044,3.846153846153846
RE1,DEMTRANGSSTT,NGS002,1.0,2045,3.846153846153846
RE1,DEMTRANGSSTT,NGS002,1.0,2046,3.846153846153846
RE1,DEMTRANGSSTT,NGS002,1.0,2047,3.846153846153846
RE1,DEMTRANGSSTT,NGS002,1.0,2048,3.846153846153846
RE1,DEMTRANGSSTT,NGS002,1.0,2049,3.846153846153846
RE1,DEMTRANGSSTT,NGS002,1.0,2050,3.846153846153846
RE1,DEMTRANGSSTT,NGS002,1.0,2051,3.846153846153846
RE1,DEMTRANGSSTT,NGS002,1.0,2052,3.846153846153846
RE1,DEMTRANGSSTT,NGS002,1.0,2053,3.846153846153846
RE1,DEMTRANGSSTT,NGS002,1.0,2054,3.846153846153846
RE1,DEMTRANGSSTT,NGS002,1.0,2055,3.846153846153846
RE1,DEMTRANGSTAX,NGS002,1.0,2022,3.846153846153846
RE1,DEMTRANGSTAX,NGS002,1.0,2023,3.846153846153846
RE1,DEMTRANGSTAX,NGS002,1.0,2024,3.846153846153846
RE1,DEMTRANGSTAX,NGS002,1.0,2025,3.846153846153846
RE1,DEMTRANGSTAX,NGS002,1.0,2026,3.846153846153846
RE1,DEMTRANGSTAX,NGS002,1.0,2027,3.846153846153846
RE1,DEMTRANGSTAX,NGS002,1.0,2028,3.846153846153846
RE1,DEMTRANGSTAX,NGS002,1.0,2029,3.846153846153846
RE1,DEMTRANGSTAX,NGS002,1.0,2030,3.846153846153846
RE1,DEMTRANGSTAX,NGS002,1.0,2031,3.846153846153846
RE1,DEMTRANGSTAX,NGS002,1.0,2032,3.846153846153846
RE1,DEMTRANGSTAX,NGS002,1.0,2033,3.846153846153846
RE1,DEMTRANGSTAX,NGS002,1.0,2034,3.846153846153846
RE1,DEMTRANGSTAX,NGS002,1.0,2035,3.846153846153846
RE1,DEMTRANGSTAX,NGS002,1.0,2036,3.846153846153846
RE1,DEMTRANGSTAX,NGS002,1.0,2037,3.846153846153846
RE1,DEMTRANGSTAX,NGS002,1.0,2038,3.846153846153846
RE1,DEMTRANGSTAX,NGS002,1.0,2039,3.846153846153846
RE1,DEMTRANGSTAX,NGS002,1.0,2040,3.846153846153846
RE1,DEMTRANGSTAX,NGS002,1.0,2041,3.846153846153846
RE1,DEMTRANGSTAX,NGS002,1.0,2042,3.846153846153846
RE1,DEMTRANGSTAX,NGS002,1.0,2043,3.846153846153846
RE1,DEMTRANGSTAX,NGS002,1.0,2044,3.846153846153846
RE1,DEMTRANGSTAX,NGS002,1.0,2045,3.846153846153846
RE1,DEMTRANGSTAX,NGS002,1.0,2046,3.846153846153846
RE1,DEMTRANGSTAX,NGS002,1.0,2047,3.846153846153846
RE1,DEMTRANGSTAX,NGS002,1.0,2048,3.846153846153846
RE1,DEMTRANGSTAX,NGS002,1.0,2049,3.846153846153846
RE1,DEMTRANGSTAX,NGS002,1.0,2050,3.846153846153846
RE1,DEMTRANGSTAX,NGS002,1.0,2051,3.846153846153846
RE1,DEMTRANGSTAX,NGS002,1.0,2052,3.846153846153846
RE1,DEMTRANGSTAX,NGS002,1.0,2053,3.846153846153846
RE1,DEMTRANGSTAX,NGS002,1.0,2054,3.846153846153846
RE1,DEMTRANGSTAX,NGS002,1.0,2055,3.846153846153846
RE1,DEMTRANGSTCK_C2P,NGS002,1.0,2022,3.846153846153846
RE1,DEMTRANGSTCK_C2P,NGS002,1.0,2023,3.846153846153846
RE1,DEMTRANGSTCK_C2P,NGS002,1.0,2024,3.846153846153846
RE1,DEMTRANGSTCK_C2P,NGS002,1.0,2025,3.846153846153846
RE1,DEMTRANGSTCK_C2P,NGS002,1.0,2026,3.846153846153846
RE1,DEMTRANGSTCK_C2P,NGS002,1.0,2027,3.846153846153846
RE1,DEMTRANGSTCK_C2P,NGS002,1.0,2028,3.846153846153846
RE1,DEMTRANGSTCK_C2P,NGS002,1.0,2029,3.846153846153846
RE1,DEMTRANGSTCK_C2P,NGS002,1.0,2030,3.846153846153846
RE1,DEMTRANGSTCK_C2P,NGS002,1.0,2031,3.846153846153846
RE1,DEMTRANGSTCK_C2P,NGS002,1.0,2032,3.846153846153846
RE1,DEMTRANGSTCK_C2P,NGS002,1.0,2033,3.846153846153846
RE1,DEMTRANGSTCK_C2P,NGS002,1.0,2034,3.846153846153846
RE1,DEMTRANGSTCK_C2P,NGS002,1.0,2035,3.846153846153846
RE1,DEMTRANGSTCK_C2P,NGS002,1.0,2036,3.846153846153846
RE1,DEMTRANGSTCK_C2P,NGS002,1.0,2037,3.846153846153846
RE1,DEMTRANGSTCK_C2P,NGS002,1.0,2038,3.846153846153846
RE1,DEMTRANGSTCK_C2P,NGS002,1.0,2039,3.846153846153846
RE1,DEMTRANGSTCK_C2P,NGS002,1.0,2040,3.846153846153846
RE1,DEMTRANGSTCK_C2P,NGS002,1.0,2041,3.846153846153846
RE1,DEMTRANGSTCK_C2P,NGS002,1.0,2042,3.846153846153846
RE1,DEMTRANGSTCK_C2P,NGS002,1.0,2043,3.846153846153846
RE1,DEMTRANGSTCK_C2P,NGS002,1.0,2044,3.846153846153846
RE1,DEMTRANGSTCK_C2P,NGS002,1.0,2045,3.846153846153846
RE1,DEMTRANGSTCK_C2P,NGS002,1.0,2046,3.846153846153846
RE1,DEMTRANGSTCK_C2P,NGS002,1.0,2047,3.846153846153846
RE1,DEMTRANGSTCK_C2P,NGS002,1.0,2048,3.846153846153846
RE1,DEMTRANGSTCK_C2P,NGS002,1.0,2049,3.846153846153846
RE1,DEMTRANGSTCK_C2P,NGS002,1.0,2050,3.846153846153846
RE1,DEMTRANGSTCK_C2P,NGS002,1.0,2051,3.846153846153846
RE1,DEMTRANGSTCK_C2P,NGS002,1.0,2052,3.846153846153846
RE1,DEMTRANGSTCK_C2P,NGS002,1.0,2053,3.846153846153846
RE1,DEMTRANGSTCK_C2P,NGS002,1.0,2054,3.846153846153846
RE1,DEMTRANGSTCK_C2P,NGS002,1.0,2055,3.846153846153846
RE1,DEMTRANGSTCK_CSG,NGS002,1.0,2022,3.846153846153846
RE1,DEMTRANGSTCK_CSG,NGS002,1.0,2023,3.846153846153846
RE1,DEMTRANGSTCK_CSG,NGS002,1.0,2024,3.846153846153846
RE1,DEMTRANGSTCK_CSG,NGS002,1.0,2025,3.846153846153846
RE1,DEMTRANGSTCK_CSG,NGS002,1.0,2026,3.846153846153846
RE1,DEMTRANGSTCK_CSG,NGS002,1.0,2027,3.846153846153846
RE1,DEMTRANGSTCK_CSG,NGS002,1.0,2028,3.846153846153846
RE1,DEMTRANGSTCK_CSG,NGS002,1.0,2029,3.846153846153846
RE1,DEMTRANGSTCK_CSG,NGS002,1.0,2030,3.846153846153846
RE1,DEMTRANGSTCK_CSG,NGS002,1.0,2031,3.846153846153846
RE1,DEMTRANGSTCK_CSG,NGS002,1.0,2032,3.846153846153846
RE1,DEMTRANGSTCK_CSG,NGS002,1.0,2033,3.846153846153846
RE1,DEMTRANGSTCK_CSG,NGS002,1.0,2034,3.846153846153846
RE1,DEMTRANGSTCK_CSG,NGS002,1.0,2035,3.846153846153846
RE1,DEMTRANGSTCK_CSG,NGS002,1.0,2036,3.846153846153846
RE1,DEMTRANGSTCK_CSG,NGS002,1.0,2037,3.846153846153846
RE1,DEMTRANGSTCK_CSG,NGS002,1.0,2038,3.846153846153846
RE1,DEMTRANGSTCK_CSG,NGS002,1.0,2039,3.846153846153846
RE1,DEMTRANGSTCK_CSG,NGS002,1.0,2040,3.846153846153846
RE1,DEMTRANGSTCK_CSG,NGS002,1.0,2041,3.846153846153846
RE1,DEMTRANGSTCK_CSG,NGS002,1.0,2042,3.846153846153846
RE1,DEMTRANGSTCK_CSG,NGS002,1.0,2043,3.846153846153846
RE1,DEMTRANGSTCK_CSG,NGS002,1.0,2044,3.846153846153846
RE1,DEMTRANGSTCK_CSG,NGS002,1.0,2045,3.846153846153846
RE1,DEMTRANGSTCK_CSG,NGS002,1.0,2046,3.846153846153846
RE1,DEMTRANGSTCK_CSG,NGS002,1.0,2047,3.846153846153846
RE1,DEMTRANGSTCK_CSG,NGS002,1.0,2048,3.846153846153846
RE1,DEMTRANGSTCK_CSG,NGS002,1.0,2049,3.846153846153846
RE1,DEMTRANGSTCK_CSG,NGS002,1.0,2050,3.846153846153846
RE1,DEMTRANGSTCK_CSG,NGS002,1.0,2051,3.846153846153846
RE1,DEMTRANGSTCK_CSG,NGS002,1.0,2052,3.846153846153846
RE1,DEMTRANGSTCK_CSG,NGS002,1.0,2053,3.846153846153846
RE1,DEMTRANGSTCK_CSG,NGS002,1.0,2054,3.846153846153846
RE1,DEMTRANGSTCK_CSG,NGS002,1.0,2055,3.846153846153846
RE1,DEMTRAPHEVFWD,DSL002,1.0,2022,1.077018633540373
RE1,DEMTRAPHEVFWD,DSL002,1.0,2023,1.077018633540373
RE1,DEMTRAPHEVFWD,DSL002,1.0,2024,1.077018633540373
RE1,DEMTRAPHEVFWD,DSL002,1.0,2025,1.077018633540373
RE1,DEMTRAPHEVFWD,DSL002,1.0,2026,1.077018633540373
RE1,DEMTRAPHEVFWD,DSL002,1.0,2027,1.077018633540373
RE1,DEMTRAPHEVFWD,DSL002,1.0,2028,1.077018633540373
RE1,DEMTRAPHEVFWD,DSL002,1.0,2029,1.077018633540373
RE1,DEMTRAPHEVFWD,DSL002,1.0,2030,1.077018633540373
RE1,DEMTRAPHEVFWD,DSL002,1.0,2031,1.077018633540373
RE1,DEMTRAPHEVFWD,DSL002,1.0,2032,1.077018633540373
RE1,DEMTRAPHEVFWD,DSL002,1.0,2033,1.077018633540373
RE1,DEMTRAPHEVFWD,DSL002,1.0,2034,1.077018633540373
RE1,DEMTRAPHEVFWD,DSL002,1.0,2035,1.077018633540373
RE1,DEMTRAPHEVFWD,DSL002,1.0,2036,1.077018633540373
RE1,DEMTRAPHEVFWD,DSL002,1.0,2037,1.077018633540373
RE1,DEMTRAPHEVFWD,DSL002,1.0,2038,1.077018633540373
RE1,DEMTRAPHEVFWD,DSL002,1.0,2039,1.077018633540373
RE1,DEMTRAPHEVFWD,DSL002,1.0,2040,1.077018633540373
RE1,DEMTRAPHEVFWD,DSL002,1.0,2041,1.077018633540373
RE1,DEMTRAPHEVFWD,DSL002,1.0,2042,1.077018633540373
RE1,DEMTRAPHEVFWD,DSL002,1.0,2043,1.077018633540373
RE1,DEMTRAPHEVFWD,DSL002,1.0,2044,1.077018633540373
RE1,DEMTRAPHEVFWD,DSL002,1.0,2045,1.077018633540373
RE1,DEMTRAPHEVFWD,DSL002,1.0,2046,1.077018633540373
RE1,DEMTRAPHEVFWD,DSL002,1.0,2047,1.077018633540373
RE1,DEMTRAPHEVFWD,DSL002,1.0,2048,1.077018633540373
RE1,DEMTRAPHEVFWD,DSL002,1.0,2049,1.077018633540373
RE1,DEMTRAPHEVFWD,DSL002,1.0,2050,1.077018633540373
RE1,DEMTRAPHEVFWD,DSL002,1.0,2051,1.077018633540373
RE1,DEMTRAPHEVFWD,DSL002,1.0,2052,1.077018633540373
RE1,DEMTRAPHEVFWD,DSL002,1.0,2053,1.077018633540373
RE1,DEMTRAPHEVFWD,DSL002,1.0,2054,1.077018633540373
RE1,DEMTRAPHEVFWD,DSL002,1.0,2055,1.077018633540373
RE1,DEMTRAPHEVFWD,ELC003,1.0,2022,0.9933747412008282
RE1,DEMTRAPHEVFWD,ELC003,1.0,2023,0.9933747412008282
RE1,DEMTRAPHEVFWD,ELC003,1.0,2024,0.9933747412008282
RE1,DEMTRAPHEVFWD,ELC003,1.0,2025,0.9933747412008282
RE1,DEMTRAPHEVFWD,ELC003,1.0,2026,0.9933747412008282
RE1,DEMTRAPHEVFWD,ELC003,1.0,2027,0.9933747412008282
RE1,DEMTRAPHEVFWD,ELC003,1.0,2028,0.9933747412008282
RE1,DEMTRAPHEVFWD,ELC003,1.0,2029,0.9933747412008282
RE1,DEMTRAPHEVFWD,ELC003,1.0,2030,0.9933747412008282
RE1,DEMTRAPHEVFWD,ELC003,1.0,2031,0.9933747412008282
RE1,DEMTRAPHEVFWD,ELC003,1.0,2032,0.9933747412008282
RE1,DEMTRAPHEVFWD,ELC003,1.0,2033,0.9933747412008282
RE1,DEMTRAPHEVFWD,ELC003,1.0,2034,0.9933747412008282
RE1,DEMTRAPHEVFWD,ELC003,1.0,2035,0.9933747412008282
RE1,DEMTRAPHEVFWD,ELC003,1.0,2036,0.9933747412008282
RE1,DEMTRAPHEVFWD,ELC003,1.0,2037,0.9933747412008282
RE1,DEMTRAPHEVFWD,ELC003,1.0,2038,0.9933747412008282
RE1,DEMTRAPHEVFWD,ELC003,1.0,2039,0.9933747412008282
RE1,DEMTRAPHEVFWD,ELC003,1.0,2040,0.9933747412008282
RE1,DEMTRAPHEVFWD,ELC003,1.0,2041,0.9933747412008282
RE1,DEMTRAPHEVFWD,ELC003,1.0,2042,0.9933747412008282
RE1,DEMTRAPHEVFWD,ELC003,1.0,2043,0.9933747412008282
RE1,DEMTRAPHEVFWD,ELC003,1.0,2044,0.9933747412008282
RE1,DEMTRAPHEVFWD,ELC003,1.0,2045,0.9933747412008282
RE1,DEMTRAPHEVFWD,ELC003,1.0,2046,0.9933747412008282
RE1,DEMTRAPHEVFWD,ELC003,1.0,2047,0.9933747412008282
RE1,DEMTRAPHEVFWD,ELC003,1.0,2048,0.9933747412008282
RE1,DEMTRAPHEVFWD,ELC003,1.0,2049,0.9933747412008282
RE1,DEMTRAPHEVFWD,ELC003,1.0,2050,0.9933747412008282
RE1,DEMTRAPHEVFWD,ELC003,1.0,2051,0.9933747412008282
RE1,DEMTRAPHEVFWD,ELC003,1.0,2052,0.9933747412008282
RE1,DEMTRAPHEVFWD,ELC003,1.0,2053,0.9933747412008282
RE1,DEMTRAPHEVFWD,ELC003,1.0,2054,0.9933747412008282
RE1,DEMTRAPHEVFWD,ELC003,1.0,2055,0.9933747412008282
RE1,DEMTRAPHEVLDV,GSL002,1.0,2022,1.491646191646192
RE1,DEMTRAPHEVLDV,GSL002,1.0,2023,1.491646191646192
RE1,DEMTRAPHEVLDV,GSL002,1.0,2024,1.491646191646192
RE1,DEMTRAPHEVLDV,GSL002,1.0,2025,1.491646191646192
RE1,DEMTRAPHEVLDV,GSL002,1.0,2026,1.491646191646192
RE1,DEMTRAPHEVLDV,GSL002,1.0,2027,1.491646191646192
RE1,DEMTRAPHEVLDV,GSL002,1.0,2028,1.491646191646192
RE1,DEMTRAPHEVLDV,GSL002,1.0,2029,1.491646191646192
RE1,DEMTRAPHEVLDV,GSL002,1.0,2030,1.491646191646192
RE1,DEMTRAPHEVLDV,GSL002,1.0,2031,1.491646191646192
RE1,DEMTRAPHEVLDV,GSL002,1.0,2032,1.491646191646192
RE1,DEMTRAPHEVLDV,GSL002,1.0,2033,1.491646191646192
RE1,DEMTRAPHEVLDV,GSL002,1.0,2034,1.491646191646192
RE1,DEMTRAPHEVLDV,GSL002,1.0,2035,1.491646191646192
RE1,DEMTRAPHEVLDV,GSL002,1.0,2036,1.491646191646192
RE1,DEMTRAPHEVLDV,GSL002,1.0,2037,1.491646191646192
RE1,DEMTRAPHEVLDV,GSL002,1.0,2038,1.491646191646192
RE1,DEMTRAPHEVLDV,GSL002,1.0,2039,1.491646191646192
RE1,DEMTRAPHEVLDV,GSL002,1.0,2040,1.491646191646192
RE1,DEMTRAPHEVLDV,GSL002,1.0,2041,1.491646191646192
RE1,DEMTRAPHEVLDV,GSL002,1.0,2042,1.491646191646192
RE1,DEMTRAPHEVLDV,GSL002,1.0,2043,1.491646191646192
RE1,DEMTRAPHEVLDV,GSL002,1.0,2044,1.491646191646192
RE1,DEMTRAPHEVLDV,GSL002,1.0,2045,1.491646191646192
RE1,DEMTRAPHEVLDV,GSL002,1.0,2046,1.491646191646192
RE1,DEMTRAPHEVLDV,GSL002,1.0,2047,1.491646191646192
RE1,DEMTRAPHEVLDV,GSL002,1.0,2048,1.491646191646192
RE1,DEMTRAPHEVLDV,GSL002,1.0,2049,1.491646191646192
RE1,DEMTRAPHEVLDV,GSL002,1.0,2050,1.491646191646192
RE1,DEMTRAPHEVLDV,GSL002,1.0,2051,1.491646191646192
RE1,DEMTRAPHEVLDV,GSL002,1.0,2052,1.491646191646192
RE1,DEMTRAPHEVLDV,GSL002,1.0,2053,1.491646191646192
RE1,DEMTRAPHEVLDV,GSL002,1.0,2054,1.491646191646192
RE1,DEMTRAPHEVLDV,GSL002,1.0,2055,1.491646191646192
RE1,DEMTRAPHEVLDV,ELC003,1.0,2022,0.9653562653562656
RE1,DEMTRAPHEVLDV,ELC003,1.0,2023,0.9653562653562656
RE1,DEMTRAPHEVLDV,ELC003,1.0,2024,0.9653562653562656
RE1,DEMTRAPHEVLDV,ELC003,1.0,2025,0.9653562653562656
RE1,DEMTRAPHEVLDV,ELC003,1.0,2026,0.9653562653562656
RE1,DEMTRAPHEVLDV,ELC003,1.0,2027,0.9653562653562656
RE1,DEMTRAPHEVLDV,ELC003,1.0,2028,0.9653562653562656
RE1,DEMTRAPHEVLDV,ELC003,1.0,2029,0.9653562653562656
RE1,DEMTRAPHEVLDV,ELC003,1.0,2030,0.9653562653562656
RE1,DEMTRAPHEVLDV,ELC003,1.0,2031,0.9653562653562656
RE1,DEMTRAPHEVLDV,ELC003,1.0,2032,0.9653562653562656
RE1,DEMTRAPHEVLDV,ELC003,1.0,2033,0.9653562653562656
RE1,DEMTRAPHEVLDV,ELC003,1.0,2034,0.9653562653562656
RE1,DEMTRAPHEVLDV,ELC003,1.0,2035,0.9653562653562656
RE1,DEMTRAPHEVLDV,ELC003,1.0,2036,0.9653562653562656
RE1,DEMTRAPHEVLDV,ELC003,1.0,2037,0.9653562653562656
RE1,DEMTRAPHEVLDV,ELC003,1.0,2038,0.9653562653562656
RE1,DEMTRAPHEVLDV,ELC003,1.0,2039,0.9653562653562656
RE1,DEMTRAPHEVLDV,ELC003,1.0,2040,0.9653562653562656
RE1,DEMTRAPHEVLDV,ELC003,1.0,2041,0.9653562653562656
RE1,DEMTRAPHEVLDV,ELC003,1.0,2042,0.9653562653562656
RE1,DEMTRAPHEVLDV,ELC003,1.0,2043,0.9653562653562656
RE1,DEMTRAPHEVLDV,ELC003,1.0,2044,0.9653562653562656
RE1,DEMTRAPHEVLDV,ELC003,1.0,2045,0.9653562653562656
RE1,DEMTRAPHEVLDV,ELC003,1.0,2046,0.9653562653562656
RE1,DEMTRAPHEVLDV,ELC003,1.0,2047,0.9653562653562656
RE1,DEMTRAPHEVLDV,ELC003,1.0,2048,0.9653562653562656
RE1,DEMTRAPHEVLDV,ELC003,1.0,2049,0.9653562653562656
RE1,DEMTRAPHEVLDV,ELC003,1.0,2050,0.9653562653562656
RE1,DEMTRAPHEVLDV,ELC003,1.0,2051,0.9653562653562656
RE1,DEMTRAPHEVLDV,ELC003,1.0,2052,0.9653562653562656
RE1,DEMTRAPHEVLDV,ELC003,1.0,2053,0.9653562653562656
RE1,DEMTRAPHEVLDV,ELC003,1.0,2054,0.9653562653562656
RE1,DEMTRAPHEVLDV,ELC003,1.0,2055,0.9653562653562656
RE1,DEMTRAPHEVTAX,GSL002,1.0,2022,1.491646191646192
RE1,DEMTRAPHEVTAX,GSL002,1.0,2023,1.491646191646192
RE1,DEMTRAPHEVTAX,GSL002,1.0,2024,1.491646191646192
RE1,DEMTRAPHEVTAX,GSL002,1.0,2025,1.491646191646192
RE1,DEMTRAPHEVTAX,GSL002,1.0,2026,1.491646191646192
RE1,DEMTRAPHEVTAX,GSL002,1.0,2027,1.491646191646192
RE1,DEMTRAPHEVTAX,GSL002,1.0,2028,1.491646191646192
RE1,DEMTRAPHEVTAX,GSL002,1.0,2029,1.491646191646192
RE1,DEMTRAPHEVTAX,GSL002,1.0,2030,1.491646191646192
RE1,DEMTRAPHEVTAX,GSL002,1.0,2031,1.491646191646192
RE1,DEMTRAPHEVTAX,GSL002,1.0,2032,1.491646191646192
RE1,DEMTRAPHEVTAX,GSL002,1.0,2033,1.491646191646192
RE1,DEMTRAPHEVTAX,GSL002,1.0,2034,1.491646191646192
RE1,DEMTRAPHEVTAX,GSL002,1.0,2035,1.491646191646192
RE1,DEMTRAPHEVTAX,GSL002,1.0,2036,1.491646191646192
RE1,DEMTRAPHEVTAX,GSL002,1.0,2037,1.491646191646192
RE1,DEMTRAPHEVTAX,GSL002,1.0,2038,1.491646191646192
RE1,DEMTRAPHEVTAX,GSL002,1.0,2039,1.491646191646192
RE1,DEMTRAPHEVTAX,GSL002,1.0,2040,1.491646191646192
RE1,DEMTRAPHEVTAX,GSL002,1.0,2041,1.491646191646192
RE1,DEMTRAPHEVTAX,GSL002,1.0,2042,1.491646191646192
RE1,DEMTRAPHEVTAX,GSL002,1.0,2043,1.491646191646192
RE1,DEMTRAPHEVTAX,GSL002,1.0,2044,1.491646191646192
RE1,DEMTRAPHEVTAX,GSL002,1.0,2045,1.491646191646192
RE1,DEMTRAPHEVTAX,GSL002,1.0,2046,1.491646191646192
RE1,DEMTRAPHEVTAX,GSL002,1.0,2047,1.491646191646192
RE1,DEMTRAPHEVTAX,GSL002,1.0,2048,1.491646191646192
RE1,DEMTRAPHEVTAX,GSL002,1.0,2049,1.491646191646192
RE1,DEMTRAPHEVTAX,GSL002,1.0,2050,1.491646191646192
RE1,DEMTRAPHEVTAX,GSL002,1.0,2051,1.491646191646192
RE1,DEMTRAPHEVTAX,GSL002,1.0,2052,1.491646191646192
RE1,DEMTRAPHEVTAX,GSL002,1.0,2053,1.491646191646192
RE1,DEMTRAPHEVTAX,GSL002,1.0,2054,1.491646191646192
RE1,DEMTRAPHEVTAX,GSL002,1.0,2055,1.491646191646192
RE1,DEMTRAPHEVTAX,ELC003,1.0,2022,0.9653562653562656
RE1,DEMTRAPHEVTAX,ELC003,1.0,2023,0.9653562653562656
RE1,DEMTRAPHEVTAX,ELC003,1.0,2024,0.9653562653562656
RE1,DEMTRAPHEVTAX,ELC003,1.0,2025,0.9653562653562656
RE1,DEMTRAPHEVTAX,ELC003,1.0,2026,0.9653562653562656
RE1,DEMTRAPHEVTAX,ELC003,1.0,2027,0.9653562653562656
RE1,DEMTRAPHEVTAX,ELC003,1.0,2028,0.9653562653562656
RE1,DEMTRAPHEVTAX,ELC003,1.0,2029,0.9653562653562656
RE1,DEMTRAPHEVTAX,ELC003,1.0,2030,0.9653562653562656
RE1,DEMTRAPHEVTAX,ELC003,1.0,2031,0.9653562653562656
RE1,DEMTRAPHEVTAX,ELC003,1.0,2032,0.9653562653562656
RE1,DEMTRAPHEVTAX,ELC003,1.0,2033,0.9653562653562656
RE1,DEMTRAPHEVTAX,ELC003,1.0,2034,0.9653562653562656
RE1,DEMTRAPHEVTAX,ELC003,1.0,2035,0.9653562653562656
RE1,DEMTRAPHEVTAX,ELC003,1.0,2036,0.9653562653562656
RE1,DEMTRAPHEVTAX,ELC003,1.0,2037,0.9653562653562656
RE1,DEMTRAPHEVTAX,ELC003,1.0,2038,0.9653562653562656
RE1,DEMTRAPHEVTAX,ELC003,1.0,2039,0.9653562653562656
RE1,DEMTRAPHEVTAX,ELC003,1.0,2040,0.9653562653562656
RE1,DEMTRAPHEVTAX,ELC003,1.0,2041,0.9653562653562656
RE1,DEMTRAPHEVTAX,ELC003,1.0,2042,0.9653562653562656
RE1,DEMTRAPHEVTAX,ELC003,1.0,2043,0.9653562653562656
RE1,DEMTRAPHEVTAX,ELC003,1.0,2044,0.9653562653562656
RE1,DEMTRAPHEVTAX,ELC003,1.0,2045,0.9653562653562656
RE1,DEMTRAPHEVTAX,ELC003,1.0,2046,0.9653562653562656
RE1,DEMTRAPHEVTAX,ELC003,1.0,2047,0.9653562653562656
RE1,DEMTRAPHEVTAX,ELC003,1.0,2048,0.9653562653562656
RE1,DEMTRAPHEVTAX,ELC003,1.0,2049,0.9653562653562656
RE1,DEMTRAPHEVTAX,ELC003,1.0,2050,0.9653562653562656
RE1,DEMTRAPHEVTAX,ELC003,1.0,2051,0.9653562653562656
RE1,DEMTRAPHEVTAX,ELC003,1.0,2052,0.9653562653562656
RE1,DEMTRAPHEVTAX,ELC003,1.0,2053,0.9653562653562656
RE1,DEMTRAPHEVTAX,ELC003,1.0,2054,0.9653562653562656
RE1,DEMTRAPHEVTAX,ELC003,1.0,2055,0.9653562653562656
RE1,EXPCOA,COA,1.0,2022,1.0
RE1,EXPCOA,COA,1.0,2023,1.0
RE1,EXPCOA,COA,1.0,2024,1.0
RE1,EXPCOA,COA,1.0,2025,1.0
RE1,EXPCOA,COA,1.0,2026,1.0
RE1,EXPCOA,COA,1.0,2027,1.0
RE1,EXPCOA,COA,1.0,2028,1.0
RE1,EXPCOA,COA,1.0,2029,1.0
RE1,EXPCOA,COA,1.0,2030,1.0
RE1,EXPCOA,COA,1.0,2031,1.0
RE1,EXPCOA,COA,1.0,2032,1.0
RE1,EXPCOA,COA,1.0,2033,1.0
RE1,EXPCOA,COA,1.0,2034,1.0
RE1,EXPCOA,COA,1.0,2035,1.0
RE1,EXPCOA,COA,1.0,2036,1.0
RE1,EXPCOA,COA,1.0,2037,1.0
RE1,EXPCOA,COA,1.0,2038,1.0
RE1,EXPCOA,COA,1.0,2039,1.0
RE1,EXPCOA,COA,1.0,2040,1.0
RE1,EXPCOA,COA,1.0,2041,1.0
RE1,EXPCOA,COA,1.0,2042,1.0
RE1,EXPCOA,COA,1.0,2043,1.0
RE1,EXPCOA,COA,1.0,2044,1.0
RE1,EXPCOA,COA,1.0,2045,1.0
RE1,EXPCOA,COA,1.0,2046,1.0
RE1,EXPCOA,COA,1.0,2047,1.0
RE1,EXPCOA,COA,1.0,2048,1.0
RE1,EXPCOA,COA,1.0,2049,1.0
RE1,EXPCOA,COA,1.0,2050,1.0
RE1,EXPCOA,COA,1.0,2051,1.0
RE1,EXPCOA,COA,1.0,2052,1.0
RE1,EXPCOA,COA,1.0,2053,1.0
RE1,EXPCOA,COA,1.0,2054,1.0
RE1,EXPCOA,COA,1.0,2055,1.0
RE1,EXPOIL_1LIV,OIL_1LIV,1.0,2022,1.0
RE1,EXPOIL_1LIV,OIL_1LIV,1.0,2023,1.0
RE1,EXPOIL_1LIV,OIL_1LIV,1.0,2024,1.0
RE1,EXPOIL_1LIV,OIL_1LIV,1.0,2025,1.0
RE1,EXPOIL_1LIV,OIL_1LIV,1.0,2026,1.0
RE1,EXPOIL_1LIV,OIL_1LIV,1.0,2027,1.0
RE1,EXPOIL_1LIV,OIL_1LIV,1.0,2028,1.0
RE1,EXPOIL_1LIV,OIL_1LIV,1.0,2029,1.0
RE1,EXPOIL_1LIV,OIL_1LIV,1.0,2030,1.0
RE1,EXPOIL_1LIV,OIL_1LIV,1.0,2031,1.0
RE1,EXPOIL_1LIV,OIL_1LIV,1.0,2032,1.0
RE1,EXPOIL_1LIV,OIL_1LIV,1.0,2033,1.0
RE1,EXPOIL_1LIV,OIL_1LIV,1.0,2034,1.0
RE1,EXPOIL_1LIV,OIL_1LIV,1.0,2035,1.0
RE1,EXPOIL_1LIV,OIL_1LIV,1.0,2036,1.0
RE1,EXPOIL_1LIV,OIL_1LIV,1.0,2037,1.0
RE1,EXPOIL_1LIV,OIL_1LIV,1.0,2038,1.0
RE1,EXPOIL_1LIV,OIL_1LIV,1.0,2039,1.0
RE1,EXPOIL_1LIV,OIL_1LIV,1.0,2040,1.0
RE1,EXPOIL_1LIV,OIL_1LIV,1.0,2041,1.0
RE1,EXPOIL_1LIV,OIL_1LIV,1.0,2042,1.0
RE1,EXPOIL_1LIV,OIL_1LIV,1.0,2043,1.0
RE1,EXPOIL_1LIV,OIL_1LIV,1.0,2044,1.0
RE1,EXPOIL_1LIV,OIL_1LIV,1.0,2045,1.0
RE1,EXPOIL_1LIV,OIL_1LIV,1.0,2046,1.0
RE1,EXPOIL_1LIV,OIL_1LIV,1.0,2047,1.0
RE1,EXPOIL_1LIV,OIL_1LIV,1.0,2048,1.0
RE1,EXPOIL_1LIV,OIL_1LIV,1.0,2049,1.0
RE1,EXPOIL_1LIV,OIL_1LIV,1.0,2050,1.0
RE1,EXPOIL_1LIV,OIL_1LIV,1.0,2051,1.0
RE1,EXPOIL_1LIV,OIL_1LIV,1.0,2052,1.0
RE1,EXPOIL_1LIV,OIL_1LIV,1.0,2053,1.0
RE1,EXPOIL_1LIV,OIL_1LIV,1.0,2054,1.0
RE1,EXPOIL_1LIV,OIL_1LIV,1.0,2055,1.0
RE1,EXPOIL_2MID,OIL_2MID,1.0,2022,1.0
RE1,EXPOIL_2MID,OIL_2MID,1.0,2023,1.0
RE1,EXPOIL_2MID,OIL_2MID,1.0,2024,1.0
RE1,EXPOIL_2MID,OIL_2MID,1.0,2025,1.0
RE1,EXPOIL_2MID,OIL_2MID,1.0,2026,1.0
RE1,EXPOIL_2MID,OIL_2MID,1.0,2027,1.0
RE1,EXPOIL_2MID,OIL_2MID,1.0,2028,1.0
RE1,EXPOIL_2MID,OIL_2MID,1.0,2029,1.0
RE1,EXPOIL_2MID,OIL_2MID,1.0,2030,1.0
RE1,EXPOIL_2MID,OIL_2MID,1.0,2031,1.0
RE1,EXPOIL_2MID,OIL_2MID,1.0,2032,1.0
RE1,EXPOIL_2MID,OIL_2MID,1.0,2033,1.0
RE1,EXPOIL_2MID,OIL_2MID,1.0,2034,1.0
RE1,EXPOIL_2MID,OIL_2MID,1.0,2035,1.0
RE1,EXPOIL_2MID,OIL_2MID,1.0,2036,1.0
RE1,EXPOIL_2MID,OIL_2MID,1.0,2037,1.0
RE1,EXPOIL_2MID,OIL_2MID,1.0,2038,1.0
RE1,EXPOIL_2MID,OIL_2MID,1.0,2039,1.0
RE1,EXPOIL_2MID,OIL_2MID,1.0,2040,1.0
RE1,EXPOIL_2MID,OIL_2MID,1.0,2041,1.0
RE1,EXPOIL_2MID,OIL_2MID,1.0,2042,1.0
RE1,EXPOIL_2MID,OIL_2MID,1.0,2043,1.0
RE1,EXPOIL_2MID,OIL_2MID,1.0,2044,1.0
RE1,EXPOIL_2MID,OIL_2MID,1.0,2045,1.0
RE1,EXPOIL_2MID,OIL_2MID,1.0,2046,1.0
RE1,EXPOIL_2MID,OIL_2MID,1.0,2047,1.0
RE1,EXPOIL_2MID,OIL_2MID,1.0,2048,1.0
RE1,EXPOIL_2MID,OIL_2MID,1.0,2049,1.0
RE1,EXPOIL_2MID,OIL_2MID,1.0,2050,1.0
RE1,EXPOIL_2MID,OIL_2MID,1.0,2051,1.0
RE1,EXPOIL_2MID,OIL_2MID,1.0,2052,1.0
RE1,EXPOIL_2MID,OIL_2MID,1.0,2053,1.0
RE1,EXPOIL_2MID,OIL_2MID,1.0,2054,1.0
RE1,EXPOIL_2MID,OIL_2MID,1.0,2055,1.0
RE1,EXPOIL_3PES,OIL_3PES,1.0,2022,1.0
RE1,EXPOIL_3PES,OIL_3PES,1.0,2023,1.0
RE1,EXPOIL_3PES,OIL_3PES,1.0,2024,1.0
RE1,EXPOIL_3PES,OIL_3PES,1.0,2025,1.0
RE1,EXPOIL_3PES,OIL_3PES,1.0,2026,1.0
RE1,EXPOIL_3PES,OIL_3PES,1.0,2027,1.0
RE1,EXPOIL_3PES,OIL_3PES,1.0,2028,1.0
RE1,EXPOIL_3PES,OIL_3PES,1.0,2029,1.0
RE1,EXPOIL_3PES,OIL_3PES,1.0,2030,1.0
RE1,EXPOIL_3PES,OIL_3PES,1.0,2031,1.0
RE1,EXPOIL_3PES,OIL_3PES,1.0,2032,1.0
RE1,EXPOIL_3PES,OIL_3PES,1.0,2033,1.0
RE1,EXPOIL_3PES,OIL_3PES,1.0,2034,1.0
RE1,EXPOIL_3PES,OIL_3PES,1.0,2035,1.0
RE1,EXPOIL_3PES,OIL_3PES,1.0,2036,1.0
RE1,EXPOIL_3PES,OIL_3PES,1.0,2037,1.0
RE1,EXPOIL_3PES,OIL_3PES,1.0,2038,1.0
RE1,EXPOIL_3PES,OIL_3PES,1.0,2039,1.0
RE1,EXPOIL_3PES,OIL_3PES,1.0,2040,1.0
RE1,EXPOIL_3PES,OIL_3PES,1.0,2041,1.0
RE1,EXPOIL_3PES,OIL_3PES,1.0,2042,1.0
RE1,EXPOIL_3PES,OIL_3PES,1.0,2043,1.0
RE1,EXPOIL_3PES,OIL_3PES,1.0,2044,1.0
RE1,EXPOIL_3PES,OIL_3PES,1.0,2045,1.0
RE1,EXPOIL_3PES,OIL_3PES,1.0,2046,1.0
RE1,EXPOIL_3PES,OIL_3PES,1.0,2047,1.0
RE1,EXPOIL_3PES,OIL_3PES,1.0,2048,1.0
RE1,EXPOIL_3PES,OIL_3PES,1.0,2049,1.0
RE1,EXPOIL_3PES,OIL_3PES,1.0,2050,1.0
RE1,EXPOIL_3PES,OIL_3PES,1.0,2051,1.0
RE1,EXPOIL_3PES,OIL_3PES,1.0,2052,1.0
RE1,EXPOIL_3PES,OIL_3PES,1.0,2053,1.0
RE1,EXPOIL_3PES,OIL_3PES,1.0,2054,1.0
RE1,EXPOIL_3PES,OIL_3PES,1.0,2055,1.0
RE1,GRDCOADST,COA,1.0,2022,1.0
RE1,GRDCOADST,COA,1.0,2023,1.0
RE1,GRDCOADST,COA,1.0,2024,1.0
RE1,GRDCOADST,COA,1.0,2025,1.0
RE1,GRDCOADST,COA,1.0,2026,1.0
RE1,GRDCOADST,COA,1.0,2027,1.0
RE1,GRDCOADST,COA,1.0,2028,1.0
RE1,GRDCOADST,COA,1.0,2029,1.0
RE1,GRDCOADST,COA,1.0,2030,1.0
RE1,GRDCOADST,COA,1.0,2031,1.0
RE1,GRDCOADST,COA,1.0,2032,1.0
RE1,GRDCOADST,COA,1.0,2033,1.0
RE1,GRDCOADST,COA,1.0,2034,1.0
RE1,GRDCOADST,COA,1.0,2035,1.0
RE1,GRDCOADST,COA,1.0,2036,1.0
RE1,GRDCOADST,COA,1.0,2037,1.0
RE1,GRDCOADST,COA,1.0,2038,1.0
RE1,GRDCOADST,COA,1.0,2039,1.0
RE1,GRDCOADST,COA,1.0,2040,1.0
RE1,GRDCOADST,COA,1.0,2041,1.0
RE1,GRDCOADST,COA,1.0,2042,1.0
RE1,GRDCOADST,COA,1.0,2043,1.0
RE1,GRDCOADST,COA,1.0,2044,1.0
RE1,GRDCOADST,COA,1.0,2045,1.0
RE1,GRDCOADST,COA,1.0,2046,1.0
RE1,GRDCOADST,COA,1.0,2047,1.0
RE1,GRDCOADST,COA,1.0,2048,1.0
RE1,GRDCOADST,COA,1.0,2049,1.0
RE1,GRDCOADST,COA,1.0,2050,1.0
RE1,GRDCOADST,COA,1.0,2051,1.0
RE1,GRDCOADST,COA,1.0,2052,1.0
RE1,GRDCOADST,COA,1.0,2053,1.0
RE1,GRDCOADST,COA,1.0,2054,1.0
RE1,GRDCOADST,COA,1.0,2055,1.0
RE1,GRDLPGDST,LPG,1.0,2022,1.0
RE1,GRDLPGDST,LPG,1.0,2023,1.0
RE1,GRDLPGDST,LPG,1.0,2024,1.0
RE1,GRDLPGDST,LPG,1.0,2025,1.0
RE1,GRDLPGDST,LPG,1.0,2026,1.0
RE1,GRDLPGDST,LPG,1.0,2027,1.0
RE1,GRDLPGDST,LPG,1.0,2028,1.0
RE1,GRDLPGDST,LPG,1.0,2029,1.0
RE1,GRDLPGDST,LPG,1.0,2030,1.0
RE1,GRDLPGDST,LPG,1.0,2031,1.0
RE1,GRDLPGDST,LPG,1.0,2032,1.0
RE1,GRDLPGDST,LPG,1.0,2033,1.0
RE1,GRDLPGDST,LPG,1.0,2034,1.0
RE1,GRDLPGDST,LPG,1.0,2035,1.0
RE1,GRDLPGDST,LPG,1.0,2036,1.0
RE1,GRDLPGDST,LPG,1.0,2037,1.0
RE1,GRDLPGDST,LPG,1.0,2038,1.0
RE1,GRDLPGDST,LPG,1.0,2039,1.0
RE1,GRDLPGDST,LPG,1.0,2040,1.0
RE1,GRDLPGDST,LPG,1.0,2041,1.0
RE1,GRDLPGDST,LPG,1.0,2042,1.0
RE1,GRDLPGDST,LPG,1.0,2043,1.0
RE1,GRDLPGDST,LPG,1.0,2044,1.0
RE1,GRDLPGDST,LPG,1.0,2045,1.0
RE1,GRDLPGDST,LPG,1.0,2046,1.0
RE1,GRDLPGDST,LPG,1.0,2047,1.0
RE1,GRDLPGDST,LPG,1.0,2048,1.0
RE1,GRDLPGDST,LPG,1.0,2049,1.0
RE1,GRDLPGDST,LPG,1.0,2050,1.0
RE1,GRDLPGDST,LPG,1.0,2051,1.0
RE1,GRDLPGDST,LPG,1.0,2052,1.0
RE1,GRDLPGDST,LPG,1.0,2053,1.0
RE1,GRDLPGDST,LPG,1.0,2054,1.0
RE1,GRDLPGDST,LPG,1.0,2055,1.0
RE1,GRDNGSDST,NGS,1.0,2022,1.0
RE1,GRDNGSDST,NGS,1.0,2023,1.0
RE1,GRDNGSDST,NGS,1.0,2024,1.0
RE1,GRDNGSDST,NGS,1.0,2025,1.0
RE1,GRDNGSDST,NGS,1.0,2026,1.0
RE1,GRDNGSDST,NGS,1.0,2027,1.0
RE1,GRDNGSDST,NGS,1.0,2028,1.0
RE1,GRDNGSDST,NGS,1.0,2029,1.0
RE1,GRDNGSDST,NGS,1.0,2030,1.0
RE1,GRDNGSDST,NGS,1.0,2031,1.0
RE1,GRDNGSDST,NGS,1.0,2032,1.0
RE1,GRDNGSDST,NGS,1.0,2033,1.0
RE1,GRDNGSDST,NGS,1.0,2034,1.0
RE1,GRDNGSDST,NGS,1.0,2035,1.0
RE1,GRDNGSDST,NGS,1.0,2036,1.0
RE1,GRDNGSDST,NGS,1.0,2037,1.0
RE1,GRDNGSDST,NGS,1.0,2038,1.0
RE1,GRDNGSDST,NGS,1.0,2039,1.0
RE1,GRDNGSDST,NGS,1.0,2040,1.0
RE1,GRDNGSDST,NGS,1.0,2041,1.0
RE1,GRDNGSDST,NGS,1.0,2042,1.0
RE1,GRDNGSDST,NGS,1.0,2043,1.0
RE1,GRDNGSDST,NGS,1.0,2044,1.0
RE1,GRDNGSDST,NGS,1.0,2045,1.0
RE1,GRDNGSDST,NGS,1.0,2046,1.0
RE1,GRDNGSDST,NGS,1.0,2047,1.0
RE1,GRDNGSDST,NGS,1.0,2048,1.0
RE1,GRDNGSDST,NGS,1.0,2049,1.0
RE1,GRDNGSDST,NGS,1.0,2050,1.0
RE1,GRDNGSDST,NGS,1.0,2051,1.0
RE1,GRDNGSDST,NGS,1.0,2052,1.0
RE1,GRDNGSDST,NGS,1.0,2053,1.0
RE1,GRDNGSDST,NGS,1.0,2054,1.0
RE1,GRDNGSDST,NGS,1.0,2055,1.0
RE1,GRDTYDELC,ELC,1.0,2022,1.111111111111111
RE1,GRDTYDELC,ELC,1.0,2023,1.111111111111111
RE1,GRDTYDELC,ELC,1.0,2024,1.111111111111111
RE1,GRDTYDELC,ELC,1.0,2025,1.111111111111111
RE1,GRDTYDELC,ELC,1.0,2026,1.111111111111111
RE1,GRDTYDELC,ELC,1.0,2027,1.111111111111111
RE1,GRDTYDELC,ELC,1.0,2028,1.111111111111111
RE1,GRDTYDELC,ELC,1.0,2029,1.111111111111111
RE1,GRDTYDELC,ELC,1.0,2030,1.111111111111111
RE1,GRDTYDELC,ELC,1.0,2031,1.111111111111111
RE1,GRDTYDELC,ELC,1.0,2032,1.111111111111111
RE1,GRDTYDELC,ELC,1.0,2033,1.111111111111111
RE1,GRDTYDELC,ELC,1.0,2034,1.111111111111111
RE1,GRDTYDELC,ELC,1.0,2035,1.111111111111111
RE1,GRDTYDELC,ELC,1.0,2036,1.111111111111111
RE1,GRDTYDELC,ELC,1.0,2037,1.111111111111111
RE1,GRDTYDELC,ELC,1.0,2038,1.111111111111111
RE1,GRDTYDELC,ELC,1.0,2039,1.111111111111111
RE1,GRDTYDELC,ELC,1.0,2040,1.111111111111111
RE1,GRDTYDELC,ELC,1.0,2041,1.111111111111111
RE1,GRDTYDELC,ELC,1.0,2042,1.111111111111111
RE1,GRDTYDELC,ELC,1.0,2043,1.111111111111111
RE1,GRDTYDELC,ELC,1.0,2044,1.111111111111111
RE1,GRDTYDELC,ELC,1.0,2045,1.111111111111111
RE1,GRDTYDELC,ELC,1.0,2046,1.111111111111111
RE1,GRDTYDELC,ELC,1.0,2047,1.111111111111111
RE1,GRDTYDELC,ELC,1.0,2048,1.111111111111111
RE1,GRDTYDELC,ELC,1.0,2049,1.111111111111111
RE1,GRDTYDELC,ELC,1.0,2050,1.111111111111111
RE1,GRDTYDELC,ELC,1.0,2051,1.111111111111111
RE1,GRDTYDELC,ELC,1.0,2052,1.111111111111111
RE1,GRDTYDELC,ELC,1.0,2053,1.111111111111111
RE1,GRDTYDELC,ELC,1.0,2054,1.111111111111111
RE1,GRDTYDELC,ELC,1.0,2055,1.111111111111111
RE1,GRDZNIELC,ELC002,1.0,2022,1.052631578947368
RE1,GRDZNIELC,ELC002,1.0,2023,1.052631578947368
RE1,GRDZNIELC,ELC002,1.0,2024,1.052631578947368
RE1,GRDZNIELC,ELC002,1.0,2025,1.052631578947368
RE1,GRDZNIELC,ELC002,1.0,2026,1.052631578947368
RE1,GRDZNIELC,ELC002,1.0,2027,1.052631578947368
RE1,GRDZNIELC,ELC002,1.0,2028,1.052631578947368
RE1,GRDZNIELC,ELC002,1.0,2029,1.052631578947368
RE1,GRDZNIELC,ELC002,1.0,2030,1.052631578947368
RE1,GRDZNIELC,ELC002,1.0,2031,1.052631578947368
RE1,GRDZNIELC,ELC002,1.0,2032,1.052631578947368
RE1,GRDZNIELC,ELC002,1.0,2033,1.052631578947368
RE1,GRDZNIELC,ELC002,1.0,2034,1.052631578947368
RE1,GRDZNIELC,ELC002,1.0,2035,1.052631578947368
RE1,GRDZNIELC,ELC002,1.0,2036,1.052631578947368
RE1,GRDZNIELC,ELC002,1.0,2037,1.052631578947368
RE1,GRDZNIELC,ELC002,1.0,2038,1.052631578947368
RE1,GRDZNIELC,ELC002,1.0,2039,1.052631578947368
RE1,GRDZNIELC,ELC002,1.0,2040,1.052631578947368
RE1,GRDZNIELC,ELC002,1.0,2041,1.052631578947368
RE1,GRDZNIELC,ELC002,1.0,2042,1.052631578947368
RE1,GRDZNIELC,ELC002,1.0,2043,1.052631578947368
RE1,GRDZNIELC,ELC002,1.0,2044,1.052631578947368
RE1,GRDZNIELC,ELC002,1.0,2045,1.052631578947368
RE1,GRDZNIELC,ELC002,1.0,2046,1.052631578947368
RE1,GRDZNIELC,ELC002,1.0,2047,1.052631578947368
RE1,GRDZNIELC,ELC002,1.0,2048,1.052631578947368
RE1,GRDZNIELC,ELC002,1.0,2049,1.052631578947368
RE1,GRDZNIELC,ELC002,1.0,2050,1.052631578947368
RE1,GRDZNIELC,ELC002,1.0,2051,1.052631578947368
RE1,GRDZNIELC,ELC002,1.0,2052,1.052631578947368
RE1,GRDZNIELC,ELC002,1.0,2053,1.052631578947368
RE1,GRDZNIELC,ELC002,1.0,2054,1.052631578947368
RE1,GRDZNIELC,ELC002,1.0,2055,1.052631578947368
RE1,PWRAFR,AFR,1.0,2022,3.125
RE1,PWRAFR,AFR,1.0,2023,3.125
RE1,PWRAFR,AFR,1.0,2024,3.125
RE1,PWRAFR,AFR,1.0,2025,3.125
RE1,PWRAFR,AFR,1.0,2026,3.125
RE1,PWRAFR,AFR,1.0,2027,3.125
RE1,PWRAFR,AFR,1.0,2028,3.125
RE1,PWRAFR,AFR,1.0,2029,3.125
RE1,PWRAFR,AFR,1.0,2030,3.125
RE1,PWRAFR,AFR,1.0,2031,3.125
RE1,PWRAFR,AFR,1.0,2032,3.125
RE1,PWRAFR,AFR,1.0,2033,3.125
RE1,PWRAFR,AFR,1.0,2034,3.125
RE1,PWRAFR,AFR,1.0,2035,3.125
RE1,PWRAFR,AFR,1.0,2036,3.125
RE1,PWRAFR,AFR,1.0,2037,3.125
RE1,PWRAFR,AFR,1.0,2038,3.125
RE1,PWRAFR,AFR,1.0,2039,3.125
RE1,PWRAFR,AFR,1.0,2040,3.125
RE1,PWRAFR,AFR,1.0,2041,3.125
RE1,PWRAFR,AFR,1.0,2042,3.125
RE1,PWRAFR,AFR,1.0,2043,3.125
RE1,PWRAFR,AFR,1.0,2044,3.125
RE1,PWRAFR,AFR,1.0,2045,3.125
RE1,PWRAFR,AFR,1.0,2046,3.125
RE1,PWRAFR,AFR,1.0,2047,3.125
RE1,PWRAFR,AFR,1.0,2048,3.125
RE1,PWRAFR,AFR,1.0,2049,3.125
RE1,PWRAFR,AFR,1.0,2050,3.125
RE1,PWRAFR,AFR,1.0,2051,3.125
RE1,PWRAFR,AFR,1.0,2052,3.125
RE1,PWRAFR,AFR,1.0,2053,3.125
RE1,PWRAFR,AFR,1.0,2054,3.125
RE1,PWRAFR,AFR,1.0,2055,3.125
RE1,PWRBGS,BGS,1.0,2022,2.85
RE1,PWRBGS,BGS,1.0,2023,2.85
RE1,PWRBGS,BGS,1.0,2024,2.85
RE1,PWRBGS,BGS,1.0,2025,2.85
RE1,PWRBGS,BGS,1.0,2026,2.85
RE1,PWRBGS,BGS,1.0,2027,2.85
RE1,PWRBGS,BGS,1.0,2028,2.85
RE1,PWRBGS,BGS,1.0,2029,2.85
RE1,PWRBGS,BGS,1.0,2030,2.85
RE1,PWRBGS,BGS,1.0,2031,2.85
RE1,PWRBGS,BGS,1.0,2032,2.85
RE1,PWRBGS,BGS,1.0,2033,2.85
RE1,PWRBGS,BGS,1.0,2034,2.85
RE1,PWRBGS,BGS,1.0,2035,2.85
RE1,PWRBGS,BGS,1.0,2036,2.85
RE1,PWRBGS,BGS,1.0,2037,2.85
RE1,PWRBGS,BGS,1.0,2038,2.85
RE1,PWRBGS,BGS,1.0,2039,2.85
RE1,PWRBGS,BGS,1.0,2040,2.85
RE1,PWRBGS,BGS,1.0,2041,2.85
RE1,PWRBGS,BGS,1.0,2042,2.85
RE1,PWRBGS,BGS,1.0,2043,2.85
RE1,PWRBGS,BGS,1.0,2044,2.85
RE1,PWRBGS,BGS,1.0,2045,2.85
RE1,PWRBGS,BGS,1.0,2046,2.85
RE1,PWRBGS,BGS,1.0,2047,2.85
RE1,PWRBGS,BGS,1.0,2048,2.85
RE1,PWRBGS,BGS,1.0,2049,2.85
RE1,PWRBGS,BGS,1.0,2050,2.85
RE1,PWRBGS,BGS,1.0,2051,2.85
RE1,PWRBGS,BGS,1.0,2052,2.85
RE1,PWRBGS,BGS,1.0,2053,2.85
RE1,PWRBGS,BGS,1.0,2054,2.85
RE1,PWRBGS,BGS,1.0,2055,2.85
RE1,PWRCOA,COA,1.0,2022,2.869059817983864
RE1,PWRCOA,COA,1.0,2023,2.940800574570608
RE1,PWRCOA,COA,1.0,2024,3.039089906493321
RE1,PWRCOA,COA,1.0,2025,3.039089906493321
RE1,PWRCOA,COA,1.0,2026,3.039089906493321
RE1,PWRCOA,COA,1.0,2027,3.039089906493321
RE1,PWRCOA,COA,1.0,2028,3.039089906493321
RE1,PWRCOA,COA,1.0,2029,3.039089906493321
RE1,PWRCOA,COA,1.0,2030,3.039089906493321
RE1,PWRCOA,COA,1.0,2031,3.039089906493321
RE1,PWRCOA,COA,1.0,2032,3.039089906493321
RE1,PWRCOA,COA,1.0,2033,3.039089906493321
RE1,PWRCOA,COA,1.0,2034,3.039089906493321
RE1,PWRCOA,COA,1.0,2035,3.039089906493321
RE1,PWRCOA,COA,1.0,2036,3.039089906493321
RE1,PWRCOA,COA,1.0,2037,3.039089906493321
RE1,PWRCOA,COA,1.0,2038,3.039089906493321
RE1,PWRCOA,COA,1.0,2039,3.039089906493321
RE1,PWRCOA,COA,1.0,2040,3.039089906493321
RE1,PWRCOA,COA,1.0,2041,3.039089906493321
RE1,PWRCOA,COA,1.0,2042,3.039089906493321
RE1,PWRCOA,COA,1.0,2043,3.039089906493321
RE1,PWRCOA,COA,1.0,2044,3.039089906493321
RE1,PWRCOA,COA,1.0,2045,3.039089906493321
RE1,PWRCOA,COA,1.0,2046,3.039089906493321
RE1,PWRCOA,COA,1.0,2047,3.039089906493321
RE1,PWRCOA,COA,1.0,2048,3.039089906493321
RE1,PWRCOA,COA,1.0,2049,3.039089906493321
RE1,PWRCOA,COA,1.0,2050,3.039089906493321
RE1,PWRCOA,COA,1.0,2051,3.039089906493321
RE1,PWRCOA,COA,1.0,2052,3.039089906493321
RE1,PWRCOA,COA,1.0,2053,3.039089906493321
RE1,PWRCOA,COA,1.0,2054,3.039089906493321
RE1,PWRCOA,COA,1.0,2055,3.039089906493321
RE1,PWRCOACCS,COA,1.0,2022,2.869059817983864
RE1,PWRCOACCS,COA,1.0,2023,2.940800574570608
RE1,PWRCOACCS,COA,1.0,2024,3.039089906493321
RE1,PWRCOACCS,COA,1.0,2025,3.039089906493321
RE1,PWRCOACCS,COA,1.0,2026,3.039089906493321
RE1,PWRCOACCS,COA,1.0,2027,3.039089906493321
RE1,PWRCOACCS,COA,1.0,2028,3.039089906493321
RE1,PWRCOACCS,COA,1.0,2029,3.039089906493321
RE1,PWRCOACCS,COA,1.0,2030,3.039089906493321
RE1,PWRCOACCS,COA,1.0,2031,3.039089906493321
RE1,PWRCOACCS,COA,1.0,2032,3.039089906493321
RE1,PWRCOACCS,COA,1.0,2033,3.039089906493321
RE1,PWRCOACCS,COA,1.0,2034,3.039089906493321
RE1,PWRCOACCS,COA,1.0,2035,3.039089906493321
RE1,PWRCOACCS,COA,1.0,2036,3.039089906493321
RE1,PWRCOACCS,COA,1.0,2037,3.039089906493321
RE1,PWRCOACCS,COA,1.0,2038,3.039089906493321
RE1,PWRCOACCS,COA,1.0,2039,3.039089906493321
RE1,PWRCOACCS,COA,1.0,2040,3.039089906493321
RE1,PWRCOACCS,COA,1.0,2041,3.039089906493321
RE1,PWRCOACCS,COA,1.0,2042,3.039089906493321
RE1,PWRCOACCS,COA,1.0,2043,3.039089906493321
RE1,PWRCOACCS,COA,1.0,2044,3.039089906493321
RE1,PWRCOACCS,COA,1.0,2045,3.039089906493321
RE1,PWRCOACCS,COA,1.0,2046,3.039089906493321
RE1,PWRCOACCS,COA,1.0,2047,3.039089906493321
RE1,PWRCOACCS,COA,1.0,2048,3.039089906493321
RE1,PWRCOACCS,COA,1.0,2049,3.039089906493321
RE1,PWRCOACCS,COA,1.0,2050,3.039089906493321
RE1,PWRCOACCS,COA,1.0,2051,3.039089906493321
RE1,PWRCOACCS,COA,1.0,2052,3.039089906493321
RE1,PWRCOACCS,COA,1.0,2053,3.039089906493321
RE1,PWRCOACCS,COA,1.0,2054,3.039089906493321
RE1,PWRCOACCS,COA,1.0,2055,3.039089906493321
RE1,PWRCSP,CSP,1.0,2022,1.0
RE1,PWRCSP,CSP,1.0,2023,1.0
RE1,PWRCSP,CSP,1.0,2024,1.0
RE1,PWRCSP,CSP,1.0,2025,1.0
RE1,PWRCSP,CSP,1.0,2026,1.0
RE1,PWRCSP,CSP,1.0,2027,1.0
RE1,PWRCSP,CSP,1.0,2028,1.0
RE1,PWRCSP,CSP,1.0,2029,1.0
RE1,PWRCSP,CSP,1.0,2030,1.0
RE1,PWRCSP,CSP,1.0,2031,1.0
RE1,PWRCSP,CSP,1.0,2032,1.0
RE1,PWRCSP,CSP,1.0,2033,1.0
RE1,PWRCSP,CSP,1.0,2034,1.0
RE1,PWRCSP,CSP,1.0,2035,1.0
RE1,PWRCSP,CSP,1.0,2036,1.0
RE1,PWRCSP,CSP,1.0,2037,1.0
RE1,PWRCSP,CSP,1.0,2038,1.0
RE1,PWRCSP,CSP,1.0,2039,1.0
RE1,PWRCSP,CSP,1.0,2040,1.0
RE1,PWRCSP,CSP,1.0,2041,1.0
RE1,PWRCSP,CSP,1.0,2042,1.0
RE1,PWRCSP,CSP,1.0,2043,1.0
RE1,PWRCSP,CSP,1.0,2044,1.0
RE1,PWRCSP,CSP,1.0,2045,1.0
RE1,PWRCSP,CSP,1.0,2046,1.0
RE1,PWRCSP,CSP,1.0,2047,1.0
RE1,PWRCSP,CSP,1.0,2048,1.0
RE1,PWRCSP,CSP,1.0,2049,1.0
RE1,PWRCSP,CSP,1.0,2050,1.0
RE1,PWRCSP,CSP,1.0,2051,1.0
RE1,PWRCSP,CSP,1.0,2052,1.0
RE1,PWRCSP,CSP,1.0,2053,1.0
RE1,PWRCSP,CSP,1.0,2054,1.0
RE1,PWRCSP,CSP,1.0,2055,1.0
RE1,PWRDSL,DSL,1.0,2022,2.743351638206808
RE1,PWRDSL,DSL,1.0,2023,2.784646289363264
RE1,PWRDSL,DSL,1.0,2024,2.453959147289961
RE1,PWRDSL,DSL,1.0,2025,2.453959147289961
RE1,PWRDSL,DSL,1.0,2026,2.453959147289961
RE1,PWRDSL,DSL,1.0,2027,2.453959147289961
RE1,PWRDSL,DSL,1.0,2028,2.453959147289961
RE1,PWRDSL,DSL,1.0,2029,2.453959147289961
RE1,PWRDSL,DSL,1.0,2030,2.453959147289961
RE1,PWRDSL,DSL,1.0,2031,2.453959147289961
RE1,PWRDSL,DSL,1.0,2032,2.453959147289961
RE1,PWRDSL,DSL,1.0,2033,2.453959147289961
RE1,PWRDSL,DSL,1.0,2034,2.453959147289961
RE1,PWRDSL,DSL,1.0,2035,2.453959147289961
RE1,PWRDSL,DSL,1.0,2036,2.453959147289961
RE1,PWRDSL,DSL,1.0,2037,2.453959147289961
RE1,PWRDSL,DSL,1.0,2038,2.453959147289961
RE1,PWRDSL,DSL,1.0,2039,2.453959147289961
RE1,PWRDSL,DSL,1.0,2040,2.453959147289961
RE1,PWRDSL,DSL,1.0,2041,2.453959147289961
RE1,PWRDSL,DSL,1.0,2042,2.453959147289961
RE1,PWRDSL,DSL,1.0,2043,2.453959147289961
RE1,PWRDSL,DSL,1.0,2044,2.453959147289961
RE1,PWRDSL,DSL,1.0,2045,2.453959147289961
RE1,PWRDSL,DSL,1.0,2046,2.453959147289961
RE1,PWRDSL,DSL,1.0,2047,2.453959147289961
RE1,PWRDSL,DSL,1.0,2048,2.453959147289961
RE1,PWRDSL,DSL,1.0,2049,2.453959147289961
RE1,PWRDSL,DSL,1.0,2050,2.453959147289961
RE1,PWRDSL,DSL,1.0,2051,2.453959147289961
RE1,PWRDSL,DSL,1.0,2052,2.453959147289961
RE1,PWRDSL,DSL,1.0,2053,2.453959147289961
RE1,PWRDSL,DSL,1.0,2054,2.453959147289961
RE1,PWRDSL,DSL,1.0,2055,2.453959147289961
RE1,PWRFOL,FOL,1.0,2022,4.452342163035129
RE1,PWRFOL,FOL,1.0,2023,4.783095907371036
RE1,PWRFOL,FOL,1.0,2024,3.292088886576345
RE1,PWRFOL,FOL,1.0,2025,3.292088886576345
RE1,PWRFOL,FOL,1.0,2026,3.292088886576345
RE1,PWRFOL,FOL,1.0,2027,3.292088886576345
RE1,PWRFOL,FOL,1.0,2028,3.292088886576345
RE1,PWRFOL,FOL,1.0,2029,3.292088886576345
RE1,PWRFOL,FOL,1.0,2030,3.292088886576345
RE1,PWRFOL,FOL,1.0,2031,3.292088886576345
RE1,PWRFOL,FOL,1.0,2032,3.292088886576345
RE1,PWRFOL,FOL,1.0,2033,3.292088886576345
RE1,PWRFOL,FOL,1.0,2034,3.292088886576345
RE1,PWRFOL,FOL,1.0,2035,3.292088886576345
RE1,PWRFOL,FOL,1.0,2036,3.292088886576345
RE1,PWRFOL,FOL,1.0,2037,3.292088886576345
RE1,PWRFOL,FOL,1.0,2038,3.292088886576345
RE1,PWRFOL,FOL,1.0,2039,3.292088886576345
RE1,PWRFOL,FOL,1.0,2040,3.292088886576345
RE1,PWRFOL,FOL,1.0,2041,3.292088886576345
RE1,PWRFOL,FOL,1.0,2042,3.292088886576345
RE1,PWRFOL,FOL,1.0,2043,3.292088886576345
RE1,PWRFOL,FOL,1.0,2044,3.292088886576345
RE1,PWRFOL,FOL,1.0,2045,3.292088886576345
RE1,PWRFOL,FOL,1.0,2046,3.292088886576345
RE1,PWRFOL,FOL,1.0,2047,3.292088886576345
RE1,PWRFOL,FOL,1.0,2048,3.292088886576345
RE1,PWRFOL,FOL,1.0,2049,3.292088886576345
RE1,PWRFOL,FOL,1.0,2050,3.292088886576345
RE1,PWRFOL,FOL,1.0,2051,3.292088886576345
RE1,PWRFOL,FOL,1.0,2052,3.292088886576345
RE1,PWRFOL,FOL,1.0,2053,3.292088886576345
RE1,PWRFOL,FOL,1.0,2054,3.292088886576345
RE1,PWRFOL,FOL,1.0,2055,3.292088886576345
RE1,PWRGEO,GEO,1.0,2022,1.0
RE1,PWRGEO,GEO,1.0,2023,1.0
RE1,PWRGEO,GEO,1.0,2024,1.0
RE1,PWRGEO,GEO,1.0,2025,1.0
RE1,PWRGEO,GEO,1.0,2026,1.0
RE1,PWRGEO,GEO,1.0,2027,1.0
RE1,PWRGEO,GEO,1.0,2028,1.0
RE1,PWRGEO,GEO,1.0,2029,1.0
RE1,PWRGEO,GEO,1.0,2030,1.0
RE1,PWRGEO,GEO,1.0,2031,1.0
RE1,PWRGEO,GEO,1.0,2032,1.0
RE1,PWRGEO,GEO,1.0,2033,1.0
RE1,PWRGEO,GEO,1.0,2034,1.0
RE1,PWRGEO,GEO,1.0,2035,1.0
RE1,PWRGEO,GEO,1.0,2036,1.0
RE1,PWRGEO,GEO,1.0,2037,1.0
RE1,PWRGEO,GEO,1.0,2038,1.0
RE1,PWRGEO,GEO,1.0,2039,1.0
RE1,PWRGEO,GEO,1.0,2040,1.0
RE1,PWRGEO,GEO,1.0,2041,1.0
RE1,PWRGEO,GEO,1.0,2042,1.0
RE1,PWRGEO,GEO,1.0,2043,1.0
RE1,PWRGEO,GEO,1.0,2044,1.0
RE1,PWRGEO,GEO,1.0,2045,1.0
RE1,PWRGEO,GEO,1.0,2046,1.0
RE1,PWRGEO,GEO,1.0,2047,1.0
RE1,PWRGEO,GEO,1.0,2048,1.0
RE1,PWRGEO,GEO,1.0,2049,1.0
RE1,PWRGEO,GEO,1.0,2050,1.0
RE1,PWRGEO,GEO,1.0,2051,1.0
RE1,PWRGEO,GEO,1.0,2052,1.0
RE1,PWRGEO,GEO,1.0,2053,1.0
RE1,PWRGEO,GEO,1.0,2054,1.0
RE1,PWRGEO,GEO,1.0,2055,1.0
RE1,PWRHYDDAM,DAM,1.0,2022,1.0
RE1,PWRHYDDAM,DAM,1.0,2023,1.0
RE1,PWRHYDDAM,DAM,1.0,2024,1.0
RE1,PWRHYDDAM,DAM,1.0,2025,1.0
RE1,PWRHYDDAM,DAM,1.0,2026,1.0
RE1,PWRHYDDAM,DAM,1.0,2027,1.0
RE1,PWRHYDDAM,DAM,1.0,2028,1.0
RE1,PWRHYDDAM,DAM,1.0,2029,1.0
RE1,PWRHYDDAM,DAM,1.0,2030,1.0
RE1,PWRHYDDAM,DAM,1.0,2031,1.0
RE1,PWRHYDDAM,DAM,1.0,2032,1.0
RE1,PWRHYDDAM,DAM,1.0,2033,1.0
RE1,PWRHYDDAM,DAM,1.0,2034,1.0
RE1,PWRHYDDAM,DAM,1.0,2035,1.0
RE1,PWRHYDDAM,DAM,1.0,2036,1.0
RE1,PWRHYDDAM,DAM,1.0,2037,1.0
RE1,PWRHYDDAM,DAM,1.0,2038,1.0
RE1,PWRHYDDAM,DAM,1.0,2039,1.0
RE1,PWRHYDDAM,DAM,1.0,2040,1.0
RE1,PWRHYDDAM,DAM,1.0,2041,1.0
RE1,PWRHYDDAM,DAM,1.0,2042,1.0
RE1,PWRHYDDAM,DAM,1.0,2043,1.0
RE1,PWRHYDDAM,DAM,1.0,2044,1.0
RE1,PWRHYDDAM,DAM,1.0,2045,1.0
RE1,PWRHYDDAM,DAM,1.0,2046,1.0
RE1,PWRHYDDAM,DAM,1.0,2047,1.0
RE1,PWRHYDDAM,DAM,1.0,2048,1.0
RE1,PWRHYDDAM,DAM,1.0,2049,1.0
RE1,PWRHYDDAM,DAM,1.0,2050,1.0
RE1,PWRHYDDAM,DAM,1.0,2051,1.0
RE1,PWRHYDDAM,DAM,1.0,2052,1.0
RE1,PWRHYDDAM,DAM,1.0,2053,1.0
RE1,PWRHYDDAM,DAM,1.0,2054,1.0
RE1,PWRHYDDAM,DAM,1.0,2055,1.0
RE1,PWRHYDROR,ROR,1.0,2022,1.0
RE1,PWRHYDROR,ROR,1.0,2023,1.0
RE1,PWRHYDROR,ROR,1.0,2024,1.0
RE1,PWRHYDROR,ROR,1.0,2025,1.0
RE1,PWRHYDROR,ROR,1.0,2026,1.0
RE1,PWRHYDROR,ROR,1.0,2027,1.0
RE1,PWRHYDROR,ROR,1.0,2028,1.0
RE1,PWRHYDROR,ROR,1.0,2029,1.0
RE1,PWRHYDROR,ROR,1.0,2030,1.0
RE1,PWRHYDROR,ROR,1.0,2031,1.0
RE1,PWRHYDROR,ROR,1.0,2032,1.0
RE1,PWRHYDROR,ROR,1.0,2033,1.0
RE1,PWRHYDROR,ROR,1.0,2034,1.0
RE1,PWRHYDROR,ROR,1.0,2035,1.0
RE1,PWRHYDROR,ROR,1.0,2036,1.0
RE1,PWRHYDROR,ROR,1.0,2037,1.0
RE1,PWRHYDROR,ROR,1.0,2038,1.0
RE1,PWRHYDROR,ROR,1.0,2039,1.0
RE1,PWRHYDROR,ROR,1.0,2040,1.0
RE1,PWRHYDROR,ROR,1.0,2041,1.0
RE1,PWRHYDROR,ROR,1.0,2042,1.0
RE1,PWRHYDROR,ROR,1.0,2043,1.0
RE1,PWRHYDROR,ROR,1.0,2044,1.0
RE1,PWRHYDROR,ROR,1.0,2045,1.0
RE1,PWRHYDROR,ROR,1.0,2046,1.0
RE1,PWRHYDROR,ROR,1.0,2047,1.0
RE1,PWRHYDROR,ROR,1.0,2048,1.0
RE1,PWRHYDROR,ROR,1.0,2049,1.0
RE1,PWRHYDROR,ROR,1.0,2050,1.0
RE1,PWRHYDROR,ROR,1.0,2051,1.0
RE1,PWRHYDROR,ROR,1.0,2052,1.0
RE1,PWRHYDROR,ROR,1.0,2053,1.0
RE1,PWRHYDROR,ROR,1.0,2054,1.0
RE1,PWRHYDROR,ROR,1.0,2055,1.0
RE1,PWRHYDROR_NDC,ROR,1.0,2022,1.0
RE1,PWRHYDROR_NDC,ROR,1.0,2023,1.0
RE1,PWRHYDROR_NDC,ROR,1.0,2024,1.0
RE1,PWRHYDROR_NDC,ROR,1.0,2025,1.0
RE1,PWRHYDROR_NDC,ROR,1.0,2026,1.0
RE1,PWRHYDROR_NDC,ROR,1.0,2027,1.0
RE1,PWRHYDROR_NDC,ROR,1.0,2028,1.0
RE1,PWRHYDROR_NDC,ROR,1.0,2029,1.0
RE1,PWRHYDROR_NDC,ROR,1.0,2030,1.0
RE1,PWRHYDROR_NDC,ROR,1.0,2031,1.0
RE1,PWRHYDROR_NDC,ROR,1.0,2032,1.0
RE1,PWRHYDROR_NDC,ROR,1.0,2033,1.0
RE1,PWRHYDROR_NDC,ROR,1.0,2034,1.0
RE1,PWRHYDROR_NDC,ROR,1.0,2035,1.0
RE1,PWRHYDROR_NDC,ROR,1.0,2036,1.0
RE1,PWRHYDROR_NDC,ROR,1.0,2037,1.0
RE1,PWRHYDROR_NDC,ROR,1.0,2038,1.0
RE1,PWRHYDROR_NDC,ROR,1.0,2039,1.0
RE1,PWRHYDROR_NDC,ROR,1.0,2040,1.0
RE1,PWRHYDROR_NDC,ROR,1.0,2041,1.0
RE1,PWRHYDROR_NDC,ROR,1.0,2042,1.0
RE1,PWRHYDROR_NDC,ROR,1.0,2043,1.0
RE1,PWRHYDROR_NDC,ROR,1.0,2044,1.0
RE1,PWRHYDROR_NDC,ROR,1.0,2045,1.0
RE1,PWRHYDROR_NDC,ROR,1.0,2046,1.0
RE1,PWRHYDROR_NDC,ROR,1.0,2047,1.0
RE1,PWRHYDROR_NDC,ROR,1.0,2048,1.0
RE1,PWRHYDROR_NDC,ROR,1.0,2049,1.0
RE1,PWRHYDROR_NDC,ROR,1.0,2050,1.0
RE1,PWRHYDROR_NDC,ROR,1.0,2051,1.0
RE1,PWRHYDROR_NDC,ROR,1.0,2052,1.0
RE1,PWRHYDROR_NDC,ROR,1.0,2053,1.0
RE1,PWRHYDROR_NDC,ROR,1.0,2054,1.0
RE1,PWRHYDROR_NDC,ROR,1.0,2055,1.0
RE1,PWRJET,JET,1.0,2022,3.32280721040122
RE1,PWRJET,JET,1.0,2023,3.32280721040122
RE1,PWRJET,JET,1.0,2024,3.32280721040122
RE1,PWRJET,JET,1.0,2025,3.32280721040122
RE1,PWRJET,JET,1.0,2026,3.32280721040122
RE1,PWRJET,JET,1.0,2027,3.32280721040122
RE1,PWRJET,JET,1.0,2028,3.32280721040122
RE1,PWRJET,JET,1.0,2029,3.32280721040122
RE1,PWRJET,JET,1.0,2030,3.32280721040122
RE1,PWRJET,JET,1.0,2031,3.32280721040122
RE1,PWRJET,JET,1.0,2032,3.32280721040122
RE1,PWRJET,JET,1.0,2033,3.32280721040122
RE1,PWRJET,JET,1.0,2034,3.32280721040122
RE1,PWRJET,JET,1.0,2035,3.32280721040122
RE1,PWRJET,JET,1.0,2036,3.32280721040122
RE1,PWRJET,JET,1.0,2037,3.32280721040122
RE1,PWRJET,JET,1.0,2038,3.32280721040122
RE1,PWRJET,JET,1.0,2039,3.32280721040122
RE1,PWRJET,JET,1.0,2040,3.32280721040122
RE1,PWRJET,JET,1.0,2041,3.32280721040122
RE1,PWRJET,JET,1.0,2042,3.32280721040122
RE1,PWRJET,JET,1.0,2043,3.32280721040122
RE1,PWRJET,JET,1.0,2044,3.32280721040122
RE1,PWRJET,JET,1.0,2045,3.32280721040122
RE1,PWRJET,JET,1.0,2046,3.32280721040122
RE1,PWRJET,JET,1.0,2047,3.32280721040122
RE1,PWRJET,JET,1.0,2048,3.32280721040122
RE1,PWRJET,JET,1.0,2049,3.32280721040122
RE1,PWRJET,JET,1.0,2050,3.32280721040122
RE1,PWRJET,JET,1.0,2051,3.32280721040122
RE1,PWRJET,JET,1.0,2052,3.32280721040122
RE1,PWRJET,JET,1.0,2053,3.32280721040122
RE1,PWRJET,JET,1.0,2054,3.32280721040122
RE1,PWRJET,JET,1.0,2055,3.32280721040122
RE1,PWRLPG,LPG,1.0,2022,3.485861057692593
RE1,PWRLPG,LPG,1.0,2023,3.485861057692593
RE1,PWRLPG,LPG,1.0,2024,3.485861057692593
RE1,PWRLPG,LPG,1.0,2025,3.485861057692593
RE1,PWRLPG,LPG,1.0,2026,3.485861057692593
RE1,PWRLPG,LPG,1.0,2027,3.485861057692593
RE1,PWRLPG,LPG,1.0,2028,3.485861057692593
RE1,PWRLPG,LPG,1.0,2029,3.485861057692593
RE1,PWRLPG,LPG,1.0,2030,3.485861057692593
RE1,PWRLPG,LPG,1.0,2031,3.485861057692593
RE1,PWRLPG,LPG,1.0,2032,3.485861057692593
RE1,PWRLPG,LPG,1.0,2033,3.485861057692593
RE1,PWRLPG,LPG,1.0,2034,3.485861057692593
RE1,PWRLPG,LPG,1.0,2035,3.485861057692593
RE1,PWRLPG,LPG,1.0,2036,3.485861057692593
RE1,PWRLPG,LPG,1.0,2037,3.485861057692593
RE1,PWRLPG,LPG,1.0,2038,3.485861057692593
RE1,PWRLPG,LPG,1.0,2039,3.485861057692593
RE1,PWRLPG,LPG,1.0,2040,3.485861057692593
RE1,PWRLPG,LPG,1.0,2041,3.485861057692593
RE1,PWRLPG,LPG,1.0,2042,3.485861057692593
RE1,PWRLPG,LPG,1.0,2043,3.485861057692593
RE1,PWRLPG,LPG,1.0,2044,3.485861057692593
RE1,PWRLPG,LPG,1.0,2045,3.485861057692593
RE1,PWRLPG,LPG,1.0,2046,3.485861057692593
RE1,PWRLPG,LPG,1.0,2047,3.485861057692593
RE1,PWRLPG,LPG,1.0,2048,3.485861057692593
RE1,PWRLPG,LPG,1.0,2049,3.485861057692593
RE1,PWRLPG,LPG,1.0,2050,3.485861057692593
RE1,PWRLPG,LPG,1.0,2051,3.485861057692593
RE1,PWRLPG,LPG,1.0,2052,3.485861057692593
RE1,PWRLPG,LPG,1.0,2053,3.485861057692593
RE1,PWRLPG,LPG,1.0,2054,3.485861057692593
RE1,PWRLPG,LPG,1.0,2055,3.485861057692593
RE1,PWRNGSCCS,NGS,1.0,2022,2.679295107788382
RE1,PWRNGSCCS,NGS,1.0,2023,2.216274747730886
RE1,PWRNGSCCS,NGS,1.0,2024,2.251144759551846
RE1,PWRNGSCCS,NGS,1.0,2025,2.251144759551846
RE1,PWRNGSCCS,NGS,1.0,2026,2.251144759551846
RE1,PWRNGSCCS,NGS,1.0,2027,2.251144759551846
RE1,PWRNGSCCS,NGS,1.0,2028,2.251144759551846
RE1,PWRNGSCCS,NGS,1.0,2029,2.251144759551846
RE1,PWRNGSCCS,NGS,1.0,2030,2.251144759551846
RE1,PWRNGSCCS,NGS,1.0,2031,2.251144759551846
RE1,PWRNGSCCS,NGS,1.0,2032,2.251144759551846
RE1,PWRNGSCCS,NGS,1.0,2033,2.251144759551846
RE1,PWRNGSCCS,NGS,1.0,2034,2.251144759551846
RE1,PWRNGSCCS,NGS,1.0,2035,2.251144759551846
RE1,PWRNGSCCS,NGS,1.0,2036,2.251144759551846
RE1,PWRNGSCCS,NGS,1.0,2037,2.251144759551846
RE1,PWRNGSCCS,NGS,1.0,2038,2.251144759551846
RE1,PWRNGSCCS,NGS,1.0,2039,2.251144759551846
RE1,PWRNGSCCS,NGS,1.0,2040,2.251144759551846
RE1,PWRNGSCCS,NGS,1.0,2041,2.251144759551846
RE1,PWRNGSCCS,NGS,1.0,2042,2.251144759551846
RE1,PWRNGSCCS,NGS,1.0,2043,2.251144759551846
RE1,PWRNGSCCS,NGS,1.0,2044,2.251144759551846
RE1,PWRNGSCCS,NGS,1.0,2045,2.251144759551846
RE1,PWRNGSCCS,NGS,1.0,2046,2.251144759551846
RE1,PWRNGSCCS,NGS,1.0,2047,2.251144759551846
RE1,PWRNGSCCS,NGS,1.0,2048,2.251144759551846
RE1,PWRNGSCCS,NGS,1.0,2049,2.251144759551846
RE1,PWRNGSCCS,NGS,1.0,2050,2.251144759551846
RE1,PWRNGSCCS,NGS,1.0,2051,2.251144759551846
RE1,PWRNGSCCS,NGS,1.0,2052,2.251144759551846
RE1,PWRNGSCCS,NGS,1.0,2053,2.251144759551846
RE1,PWRNGSCCS,NGS,1.0,2054,2.251144759551846
RE1,PWRNGSCCS,NGS,1.0,2055,2.251144759551846
RE1,PWRNGS_CC,NGS,1.0,2022,2.679295107788382
RE1,PWRNGS_CC,NGS,1.0,2023,2.216274747730886
RE1,PWRNGS_CC,NGS,1.0,2024,2.251144759551846
RE1,PWRNGS_CC,NGS,1.0,2025,2.251144759551846
RE1,PWRNGS_CC,NGS,1.0,2026,2.251144759551846
RE1,PWRNGS_CC,NGS,1.0,2027,2.251144759551846
RE1,PWRNGS_CC,NGS,1.0,2028,2.251144759551846
RE1,PWRNGS_CC,NGS,1.0,2029,2.251144759551846
RE1,PWRNGS_CC,NGS,1.0,2030,2.251144759551846
RE1,PWRNGS_CC,NGS,1.0,2031,2.251144759551846
RE1,PWRNGS_CC,NGS,1.0,2032,2.251144759551846
RE1,PWRNGS_CC,NGS,1.0,2033,2.251144759551846
RE1,PWRNGS_CC,NGS,1.0,2034,2.251144759551846
RE1,PWRNGS_CC,NGS,1.0,2035,2.251144759551846
RE1,PWRNGS_CC,NGS,1.0,2036,2.251144759551846
RE1,PWRNGS_CC,NGS,1.0,2037,2.251144759551846
RE1,PWRNGS_CC,NGS,1.0,2038,2.251144759551846
RE1,PWRNGS_CC,NGS,1.0,2039,2.251144759551846
RE1,PWRNGS_CC,NGS,1.0,2040,2.251144759551846
RE1,PWRNGS_CC,NGS,1.0,2041,2.251144759551846
RE1,PWRNGS_CC,NGS,1.0,2042,2.251144759551846
RE1,PWRNGS_CC,NGS,1.0,2043,2.251144759551846
RE1,PWRNGS_CC,NGS,1.0,2044,2.251144759551846
RE1,PWRNGS_CC,NGS,1.0,2045,2.251144759551846
RE1,PWRNGS_CC,NGS,1.0,2046,2.251144759551846
RE1,PWRNGS_CC,NGS,1.0,2047,2.251144759551846
RE1,PWRNGS_CC,NGS,1.0,2048,2.251144759551846
RE1,PWRNGS_CC,NGS,1.0,2049,2.251144759551846
RE1,PWRNGS_CC,NGS,1.0,2050,2.251144759551846
RE1,PWRNGS_CC,NGS,1.0,2051,2.251144759551846
RE1,PWRNGS_CC,NGS,1.0,2052,2.251144759551846
RE1,PWRNGS_CC,NGS,1.0,2053,2.251144759551846
RE1,PWRNGS_CC,NGS,1.0,2054,2.251144759551846
RE1,PWRNGS_CC,NGS,1.0,2055,2.251144759551846
RE1,PWRNGS_CS,NGS,1.0,2022,2.77194319355868
RE1,PWRNGS_CS,NGS,1.0,2023,2.793228345468919
RE1,PWRNGS_CS,NGS,1.0,2024,2.91002231786906
RE1,PWRNGS_CS,NGS,1.0,2025,2.91002231786906
RE1,PWRNGS_CS,NGS,1.0,2026,2.91002231786906
RE1,PWRNGS_CS,NGS,1.0,2027,2.91002231786906
RE1,PWRNGS_CS,NGS,1.0,2028,2.91002231786906
RE1,PWRNGS_CS,NGS,1.0,2029,2.91002231786906
RE1,PWRNGS_CS,NGS,1.0,2030,2.91002231786906
RE1,PWRNGS_CS,NGS,1.0,2031,2.91002231786906
RE1,PWRNGS_CS,NGS,1.0,2032,2.91002231786906
RE1,PWRNGS_CS,NGS,1.0,2033,2.91002231786906
RE1,PWRNGS_CS,NGS,1.0,2034,2.91002231786906
RE1,PWRNGS_CS,NGS,1.0,2035,2.91002231786906
RE1,PWRNGS_CS,NGS,1.0,2036,2.91002231786906
RE1,PWRNGS_CS,NGS,1.0,2037,2.91002231786906
RE1,PWRNGS_CS,NGS,1.0,2038,2.91002231786906
RE1,PWRNGS_CS,NGS,1.0,2039,2.91002231786906
RE1,PWRNGS_CS,NGS,1.0,2040,2.91002231786906
RE1,PWRNGS_CS,NGS,1.0,2041,2.91002231786906
RE1,PWRNGS_CS,NGS,1.0,2042,2.91002231786906
RE1,PWRNGS_CS,NGS,1.0,2043,2.91002231786906
RE1,PWRNGS_CS,NGS,1.0,2044,2.91002231786906
RE1,PWRNGS_CS,NGS,1.0,2045,2.91002231786906
RE1,PWRNGS_CS,NGS,1.0,2046,2.91002231786906
RE1,PWRNGS_CS,NGS,1.0,2047,2.91002231786906
RE1,PWRNGS_CS,NGS,1.0,2048,2.91002231786906
RE1,PWRNGS_CS,NGS,1.0,2049,2.91002231786906
RE1,PWRNGS_CS,NGS,1.0,2050,2.91002231786906
RE1,PWRNGS_CS,NGS,1.0,2051,2.91002231786906
RE1,PWRNGS_CS,NGS,1.0,2052,2.91002231786906
RE1,PWRNGS_CS,NGS,1.0,2053,2.91002231786906
RE1,PWRNGS_CS,NGS,1.0,2054,2.91002231786906
RE1,PWRNGS_CS,NGS,1.0,2055,2.91002231786906
RE1,PWRNUC,URN,1.0,2022,3.03030303030303
RE1,PWRNUC,URN,1.0,2023,3.03030303030303
RE1,PWRNUC,URN,1.0,2024,3.03030303030303
RE1,PWRNUC,URN,1.0,2025,3.03030303030303
RE1,PWRNUC,URN,1.0,2026,3.03030303030303
RE1,PWRNUC,URN,1.0,2027,3.03030303030303
RE1,PWRNUC,URN,1.0,2028,3.03030303030303
RE1,PWRNUC,URN,1.0,2029,3.03030303030303
RE1,PWRNUC,URN,1.0,2030,3.03030303030303
RE1,PWRNUC,URN,1.0,2031,3.03030303030303
RE1,PWRNUC,URN,1.0,2032,3.03030303030303
RE1,PWRNUC,URN,1.0,2033,3.03030303030303
RE1,PWRNUC,URN,1.0,2034,3.03030303030303
RE1,PWRNUC,URN,1.0,2035,3.03030303030303
RE1,PWRNUC,URN,1.0,2036,3.03030303030303
RE1,PWRNUC,URN,1.0,2037,3.03030303030303
RE1,PWRNUC,URN,1.0,2038,3.03030303030303
RE1,PWRNUC,URN,1.0,2039,3.03030303030303
RE1,PWRNUC,URN,1.0,2040,3.03030303030303
RE1,PWRNUC,URN,1.0,2041,3.03030303030303
RE1,PWRNUC,URN,1.0,2042,3.03030303030303
RE1,PWRNUC,URN,1.0,2043,3.03030303030303
RE1,PWRNUC,URN,1.0,2044,3.03030303030303
RE1,PWRNUC,URN,1.0,2045,3.03030303030303
RE1,PWRNUC,URN,1.0,2046,3.03030303030303
RE1,PWRNUC,URN,1.0,2047,3.03030303030303
RE1,PWRNUC,URN,1.0,2048,3.03030303030303
RE1,PWRNUC,URN,1.0,2049,3.03030303030303
RE1,PWRNUC,URN,1.0,2050,3.03030303030303
RE1,PWRNUC,URN,1.0,2051,3.03030303030303
RE1,PWRNUC,URN,1.0,2052,3.03030303030303
RE1,PWRNUC,URN,1.0,2053,3.03030303030303
RE1,PWRNUC,URN,1.0,2054,3.03030303030303
RE1,PWRNUC,URN,1.0,2055,3.03030303030303
RE1,PWRSOLRTP,SOL_RTP,1.0,2022,1.0
RE1,PWRSOLRTP,SOL_RTP,1.0,2023,1.0
RE1,PWRSOLRTP,SOL_RTP,1.0,2024,1.0
RE1,PWRSOLRTP,SOL_RTP,1.0,2025,1.0
RE1,PWRSOLRTP,SOL_RTP,1.0,2026,1.0
RE1,PWRSOLRTP,SOL_RTP,1.0,2027,1.0
RE1,PWRSOLRTP,SOL_RTP,1.0,2028,1.0
RE1,PWRSOLRTP,SOL_RTP,1.0,2029,1.0
RE1,PWRSOLRTP,SOL_RTP,1.0,2030,1.0
RE1,PWRSOLRTP,SOL_RTP,1.0,2031,1.0
RE1,PWRSOLRTP,SOL_RTP,1.0,2032,1.0
RE1,PWRSOLRTP,SOL_RTP,1.0,2033,1.0
RE1,PWRSOLRTP,SOL_RTP,1.0,2034,1.0
RE1,PWRSOLRTP,SOL_RTP,1.0,2035,1.0
RE1,PWRSOLRTP,SOL_RTP,1.0,2036,1.0
RE1,PWRSOLRTP,SOL_RTP,1.0,2037,1.0
RE1,PWRSOLRTP,SOL_RTP,1.0,2038,1.0
RE1,PWRSOLRTP,SOL_RTP,1.0,2039,1.0
RE1,PWRSOLRTP,SOL_RTP,1.0,2040,1.0
RE1,PWRSOLRTP,SOL_RTP,1.0,2041,1.0
RE1,PWRSOLRTP,SOL_RTP,1.0,2042,1.0
RE1,PWRSOLRTP,SOL_RTP,1.0,2043,1.0
RE1,PWRSOLRTP,SOL_RTP,1.0,2044,1.0
RE1,PWRSOLRTP,SOL_RTP,1.0,2045,1.0
RE1,PWRSOLRTP,SOL_RTP,1.0,2046,1.0
RE1,PWRSOLRTP,SOL_RTP,1.0,2047,1.0
RE1,PWRSOLRTP,SOL_RTP,1.0,2048,1.0
RE1,PWRSOLRTP,SOL_RTP,1.0,2049,1.0
RE1,PWRSOLRTP,SOL_RTP,1.0,2050,1.0
RE1,PWRSOLRTP,SOL_RTP,1.0,2051,1.0
RE1,PWRSOLRTP,SOL_RTP,1.0,2052,1.0
RE1,PWRSOLRTP,SOL_RTP,1.0,2053,1.0
RE1,PWRSOLRTP,SOL_RTP,1.0,2054,1.0
RE1,PWRSOLRTP,SOL_RTP,1.0,2055,1.0
RE1,PWRSOLRTP_ZNI,SOL,1.0,2022,1.0
RE1,PWRSOLRTP_ZNI,SOL,1.0,2023,1.0
RE1,PWRSOLRTP_ZNI,SOL,1.0,2024,1.0
RE1,PWRSOLRTP_ZNI,SOL,1.0,2025,1.0
RE1,PWRSOLRTP_ZNI,SOL,1.0,2026,1.0
RE1,PWRSOLRTP_ZNI,SOL,1.0,2027,1.0
RE1,PWRSOLRTP_ZNI,SOL,1.0,2028,1.0
RE1,PWRSOLRTP_ZNI,SOL,1.0,2029,1.0
RE1,PWRSOLRTP_ZNI,SOL,1.0,2030,1.0
RE1,PWRSOLRTP_ZNI,SOL,1.0,2031,1.0
RE1,PWRSOLRTP_ZNI,SOL,1.0,2032,1.0
RE1,PWRSOLRTP_ZNI,SOL,1.0,2033,1.0
RE1,PWRSOLRTP_ZNI,SOL,1.0,2034,1.0
RE1,PWRSOLRTP_ZNI,SOL,1.0,2035,1.0
RE1,PWRSOLRTP_ZNI,SOL,1.0,2036,1.0
RE1,PWRSOLRTP_ZNI,SOL,1.0,2037,1.0
RE1,PWRSOLRTP_ZNI,SOL,1.0,2038,1.0
RE1,PWRSOLRTP_ZNI,SOL,1.0,2039,1.0
RE1,PWRSOLRTP_ZNI,SOL,1.0,2040,1.0
RE1,PWRSOLRTP_ZNI,SOL,1.0,2041,1.0
RE1,PWRSOLRTP_ZNI,SOL,1.0,2042,1.0
RE1,PWRSOLRTP_ZNI,SOL,1.0,2043,1.0
RE1,PWRSOLRTP_ZNI,SOL,1.0,2044,1.0
RE1,PWRSOLRTP_ZNI,SOL,1.0,2045,1.0
RE1,PWRSOLRTP_ZNI,SOL,1.0,2046,1.0
RE1,PWRSOLRTP_ZNI,SOL,1.0,2047,1.0
RE1,PWRSOLRTP_ZNI,SOL,1.0,2048,1.0
RE1,PWRSOLRTP_ZNI,SOL,1.0,2049,1.0
RE1,PWRSOLRTP_ZNI,SOL,1.0,2050,1.0
RE1,PWRSOLRTP_ZNI,SOL,1.0,2051,1.0
RE1,PWRSOLRTP_ZNI,SOL,1.0,2052,1.0
RE1,PWRSOLRTP_ZNI,SOL,1.0,2053,1.0
RE1,PWRSOLRTP_ZNI,SOL,1.0,2054,1.0
RE1,PWRSOLRTP_ZNI,SOL,1.0,2055,1.0
RE1,PWRSOLUGE,SOL,1.0,2022,1.0
RE1,PWRSOLUGE,SOL,1.0,2023,1.0
RE1,PWRSOLUGE,SOL,1.0,2024,1.0
RE1,PWRSOLUGE,SOL,1.0,2025,1.0
RE1,PWRSOLUGE,SOL,1.0,2026,1.0
RE1,PWRSOLUGE,SOL,1.0,2027,1.0
RE1,PWRSOLUGE,SOL,1.0,2028,1.0
RE1,PWRSOLUGE,SOL,1.0,2029,1.0
RE1,PWRSOLUGE,SOL,1.0,2030,1.0
RE1,PWRSOLUGE,SOL,1.0,2031,1.0
RE1,PWRSOLUGE,SOL,1.0,2032,1.0
RE1,PWRSOLUGE,SOL,1.0,2033,1.0
RE1,PWRSOLUGE,SOL,1.0,2034,1.0
RE1,PWRSOLUGE,SOL,1.0,2035,1.0
RE1,PWRSOLUGE,SOL,1.0,2036,1.0
RE1,PWRSOLUGE,SOL,1.0,2037,1.0
RE1,PWRSOLUGE,SOL,1.0,2038,1.0
RE1,PWRSOLUGE,SOL,1.0,2039,1.0
RE1,PWRSOLUGE,SOL,1.0,2040,1.0
RE1,PWRSOLUGE,SOL,1.0,2041,1.0
RE1,PWRSOLUGE,SOL,1.0,2042,1.0
RE1,PWRSOLUGE,SOL,1.0,2043,1.0
RE1,PWRSOLUGE,SOL,1.0,2044,1.0
RE1,PWRSOLUGE,SOL,1.0,2045,1.0
RE1,PWRSOLUGE,SOL,1.0,2046,1.0
RE1,PWRSOLUGE,SOL,1.0,2047,1.0
RE1,PWRSOLUGE,SOL,1.0,2048,1.0
RE1,PWRSOLUGE,SOL,1.0,2049,1.0
RE1,PWRSOLUGE,SOL,1.0,2050,1.0
RE1,PWRSOLUGE,SOL,1.0,2051,1.0
RE1,PWRSOLUGE,SOL,1.0,2052,1.0
RE1,PWRSOLUGE,SOL,1.0,2053,1.0
RE1,PWRSOLUGE,SOL,1.0,2054,1.0
RE1,PWRSOLUGE,SOL,1.0,2055,1.0
RE1,PWRSOLUGE_BAT,SOL,1.0,2022,1.0
RE1,PWRSOLUGE_BAT,SOL,1.0,2023,1.0
RE1,PWRSOLUGE_BAT,SOL,1.0,2024,1.0
RE1,PWRSOLUGE_BAT,SOL,1.0,2025,1.0
RE1,PWRSOLUGE_BAT,SOL,1.0,2026,1.0
RE1,PWRSOLUGE_BAT,SOL,1.0,2027,1.0
RE1,PWRSOLUGE_BAT,SOL,1.0,2028,1.0
RE1,PWRSOLUGE_BAT,SOL,1.0,2029,1.0
RE1,PWRSOLUGE_BAT,SOL,1.0,2030,1.0
RE1,PWRSOLUGE_BAT,SOL,1.0,2031,1.0
RE1,PWRSOLUGE_BAT,SOL,1.0,2032,1.0
RE1,PWRSOLUGE_BAT,SOL,1.0,2033,1.0
RE1,PWRSOLUGE_BAT,SOL,1.0,2034,1.0
RE1,PWRSOLUGE_BAT,SOL,1.0,2035,1.0
RE1,PWRSOLUGE_BAT,SOL,1.0,2036,1.0
RE1,PWRSOLUGE_BAT,SOL,1.0,2037,1.0
RE1,PWRSOLUGE_BAT,SOL,1.0,2038,1.0
RE1,PWRSOLUGE_BAT,SOL,1.0,2039,1.0
RE1,PWRSOLUGE_BAT,SOL,1.0,2040,1.0
RE1,PWRSOLUGE_BAT,SOL,1.0,2041,1.0
RE1,PWRSOLUGE_BAT,SOL,1.0,2042,1.0
RE1,PWRSOLUGE_BAT,SOL,1.0,2043,1.0
RE1,PWRSOLUGE_BAT,SOL,1.0,2044,1.0
RE1,PWRSOLUGE_BAT,SOL,1.0,2045,1.0
RE1,PWRSOLUGE_BAT,SOL,1.0,2046,1.0
RE1,PWRSOLUGE_BAT,SOL,1.0,2047,1.0
RE1,PWRSOLUGE_BAT,SOL,1.0,2048,1.0
RE1,PWRSOLUGE_BAT,SOL,1.0,2049,1.0
RE1,PWRSOLUGE_BAT,SOL,1.0,2050,1.0
RE1,PWRSOLUGE_BAT,SOL,1.0,2051,1.0
RE1,PWRSOLUGE_BAT,SOL,1.0,2052,1.0
RE1,PWRSOLUGE_BAT,SOL,1.0,2053,1.0
RE1,PWRSOLUGE_BAT,SOL,1.0,2054,1.0
RE1,PWRSOLUGE_BAT,SOL,1.0,2055,1.0
RE1,PWRSOLUPE,SOL,1.0,2022,1.0
RE1,PWRSOLUPE,SOL,1.0,2023,1.0
RE1,PWRSOLUPE,SOL,1.0,2024,1.0
RE1,PWRSOLUPE,SOL,1.0,2025,1.0
RE1,PWRSOLUPE,SOL,1.0,2026,1.0
RE1,PWRSOLUPE,SOL,1.0,2027,1.0
RE1,PWRSOLUPE,SOL,1.0,2028,1.0
RE1,PWRSOLUPE,SOL,1.0,2029,1.0
RE1,PWRSOLUPE,SOL,1.0,2030,1.0
RE1,PWRSOLUPE,SOL,1.0,2031,1.0
RE1,PWRSOLUPE,SOL,1.0,2032,1.0
RE1,PWRSOLUPE,SOL,1.0,2033,1.0
RE1,PWRSOLUPE,SOL,1.0,2034,1.0
RE1,PWRSOLUPE,SOL,1.0,2035,1.0
RE1,PWRSOLUPE,SOL,1.0,2036,1.0
RE1,PWRSOLUPE,SOL,1.0,2037,1.0
RE1,PWRSOLUPE,SOL,1.0,2038,1.0
RE1,PWRSOLUPE,SOL,1.0,2039,1.0
RE1,PWRSOLUPE,SOL,1.0,2040,1.0
RE1,PWRSOLUPE,SOL,1.0,2041,1.0
RE1,PWRSOLUPE,SOL,1.0,2042,1.0
RE1,PWRSOLUPE,SOL,1.0,2043,1.0
RE1,PWRSOLUPE,SOL,1.0,2044,1.0
RE1,PWRSOLUPE,SOL,1.0,2045,1.0
RE1,PWRSOLUPE,SOL,1.0,2046,1.0
RE1,PWRSOLUPE,SOL,1.0,2047,1.0
RE1,PWRSOLUPE,SOL,1.0,2048,1.0
RE1,PWRSOLUPE,SOL,1.0,2049,1.0
RE1,PWRSOLUPE,SOL,1.0,2050,1.0
RE1,PWRSOLUPE,SOL,1.0,2051,1.0
RE1,PWRSOLUPE,SOL,1.0,2052,1.0
RE1,PWRSOLUPE,SOL,1.0,2053,1.0
RE1,PWRSOLUPE,SOL,1.0,2054,1.0
RE1,PWRSOLUPE,SOL,1.0,2055,1.0
RE1,PWRSTD,DSL,1.0,2022,3.076923076923077
RE1,PWRSTD,DSL,1.0,2023,3.076923076923077
RE1,PWRSTD,DSL,1.0,2024,3.076923076923077
RE1,PWRSTD,DSL,1.0,2025,3.076923076923077
RE1,PWRSTD,DSL,1.0,2026,3.076923076923077
RE1,PWRSTD,DSL,1.0,2027,3.076923076923077
RE1,PWRSTD,DSL,1.0,2028,3.076923076923077
RE1,PWRSTD,DSL,1.0,2029,3.076923076923077
RE1,PWRSTD,DSL,1.0,2030,3.076923076923077
RE1,PWRSTD,DSL,1.0,2031,3.076923076923077
RE1,PWRSTD,DSL,1.0,2032,3.076923076923077
RE1,PWRSTD,DSL,1.0,2033,3.076923076923077
RE1,PWRSTD,DSL,1.0,2034,3.076923076923077
RE1,PWRSTD,DSL,1.0,2035,3.076923076923077
RE1,PWRSTD,DSL,1.0,2036,3.076923076923077
RE1,PWRSTD,DSL,1.0,2037,3.076923076923077
RE1,PWRSTD,DSL,1.0,2038,3.076923076923077
RE1,PWRSTD,DSL,1.0,2039,3.076923076923077
RE1,PWRSTD,DSL,1.0,2040,3.076923076923077
RE1,PWRSTD,DSL,1.0,2041,3.076923076923077
RE1,PWRSTD,DSL,1.0,2042,3.076923076923077
RE1,PWRSTD,DSL,1.0,2043,3.076923076923077
RE1,PWRSTD,DSL,1.0,2044,3.076923076923077
RE1,PWRSTD,DSL,1.0,2045,3.076923076923077
RE1,PWRSTD,DSL,1.0,2046,3.076923076923077
RE1,PWRSTD,DSL,1.0,2047,3.076923076923077
RE1,PWRSTD,DSL,1.0,2048,3.076923076923077
RE1,PWRSTD,DSL,1.0,2049,3.076923076923077
RE1,PWRSTD,DSL,1.0,2050,3.076923076923077
RE1,PWRSTD,DSL,1.0,2051,3.076923076923077
RE1,PWRSTD,DSL,1.0,2052,3.076923076923077
RE1,PWRSTD,DSL,1.0,2053,3.076923076923077
RE1,PWRSTD,DSL,1.0,2054,3.076923076923077
RE1,PWRSTD,DSL,1.0,2055,3.076923076923077
RE1,PWRWNDOFS_FIX,OFW,1.0,2022,1.0
RE1,PWRWNDOFS_FIX,OFW,1.0,2023,1.0
RE1,PWRWNDOFS_FIX,OFW,1.0,2024,1.0
RE1,PWRWNDOFS_FIX,OFW,1.0,2025,1.0
RE1,PWRWNDOFS_FIX,OFW,1.0,2026,1.0
RE1,PWRWNDOFS_FIX,OFW,1.0,2027,1.0
RE1,PWRWNDOFS_FIX,OFW,1.0,2028,1.0
RE1,PWRWNDOFS_FIX,OFW,1.0,2029,1.0
RE1,PWRWNDOFS_FIX,OFW,1.0,2030,1.0
RE1,PWRWNDOFS_FIX,OFW,1.0,2031,1.0
RE1,PWRWNDOFS_FIX,OFW,1.0,2032,1.0
RE1,PWRWNDOFS_FIX,OFW,1.0,2033,1.0
RE1,PWRWNDOFS_FIX,OFW,1.0,2034,1.0
RE1,PWRWNDOFS_FIX,OFW,1.0,2035,1.0
RE1,PWRWNDOFS_FIX,OFW,1.0,2036,1.0
RE1,PWRWNDOFS_FIX,OFW,1.0,2037,1.0
RE1,PWRWNDOFS_FIX,OFW,1.0,2038,1.0
RE1,PWRWNDOFS_FIX,OFW,1.0,2039,1.0
RE1,PWRWNDOFS_FIX,OFW,1.0,2040,1.0
RE1,PWRWNDOFS_FIX,OFW,1.0,2041,1.0
RE1,PWRWNDOFS_FIX,OFW,1.0,2042,1.0
RE1,PWRWNDOFS_FIX,OFW,1.0,2043,1.0
RE1,PWRWNDOFS_FIX,OFW,1.0,2044,1.0
RE1,PWRWNDOFS_FIX,OFW,1.0,2045,1.0
RE1,PWRWNDOFS_FIX,OFW,1.0,2046,1.0
RE1,PWRWNDOFS_FIX,OFW,1.0,2047,1.0
RE1,PWRWNDOFS_FIX,OFW,1.0,2048,1.0
RE1,PWRWNDOFS_FIX,OFW,1.0,2049,1.0
RE1,PWRWNDOFS_FIX,OFW,1.0,2050,1.0
RE1,PWRWNDOFS_FIX,OFW,1.0,2051,1.0
RE1,PWRWNDOFS_FIX,OFW,1.0,2052,1.0
RE1,PWRWNDOFS_FIX,OFW,1.0,2053,1.0
RE1,PWRWNDOFS_FIX,OFW,1.0,2054,1.0
RE1,PWRWNDOFS_FIX,OFW,1.0,2055,1.0
RE1,PWRWNDOFS_FLO,OFW_FLO,1.0,2022,1.0
RE1,PWRWNDOFS_FLO,OFW_FLO,1.0,2023,1.0
RE1,PWRWNDOFS_FLO,OFW_FLO,1.0,2024,1.0
RE1,PWRWNDOFS_FLO,OFW_FLO,1.0,2025,1.0
RE1,PWRWNDOFS_FLO,OFW_FLO,1.0,2026,1.0
RE1,PWRWNDOFS_FLO,OFW_FLO,1.0,2027,1.0
RE1,PWRWNDOFS_FLO,OFW_FLO,1.0,2028,1.0
RE1,PWRWNDOFS_FLO,OFW_FLO,1.0,2029,1.0
RE1,PWRWNDOFS_FLO,OFW_FLO,1.0,2030,1.0
RE1,PWRWNDOFS_FLO,OFW_FLO,1.0,2031,1.0
RE1,PWRWNDOFS_FLO,OFW_FLO,1.0,2032,1.0
RE1,PWRWNDOFS_FLO,OFW_FLO,1.0,2033,1.0
RE1,PWRWNDOFS_FLO,OFW_FLO,1.0,2034,1.0
RE1,PWRWNDOFS_FLO,OFW_FLO,1.0,2035,1.0
RE1,PWRWNDOFS_FLO,OFW_FLO,1.0,2036,1.0
RE1,PWRWNDOFS_FLO,OFW_FLO,1.0,2037,1.0
RE1,PWRWNDOFS_FLO,OFW_FLO,1.0,2038,1.0
RE1,PWRWNDOFS_FLO,OFW_FLO,1.0,2039,1.0
RE1,PWRWNDOFS_FLO,OFW_FLO,1.0,2040,1.0
RE1,PWRWNDOFS_FLO,OFW_FLO,1.0,2041,1.0
RE1,PWRWNDOFS_FLO,OFW_FLO,1.0,2042,1.0
RE1,PWRWNDOFS_FLO,OFW_FLO,1.0,2043,1.0
RE1,PWRWNDOFS_FLO,OFW_FLO,1.0,2044,1.0
RE1,PWRWNDOFS_FLO,OFW_FLO,1.0,2045,1.0
RE1,PWRWNDOFS_FLO,OFW_FLO,1.0,2046,1.0
RE1,PWRWNDOFS_FLO,OFW_FLO,1.0,2047,1.0
RE1,PWRWNDOFS_FLO,OFW_FLO,1.0,2048,1.0
RE1,PWRWNDOFS_FLO,OFW_FLO,1.0,2049,1.0
RE1,PWRWNDOFS_FLO,OFW_FLO,1.0,2050,1.0
RE1,PWRWNDOFS_FLO,OFW_FLO,1.0,2051,1.0
RE1,PWRWNDOFS_FLO,OFW_FLO,1.0,2052,1.0
RE1,PWRWNDOFS_FLO,OFW_FLO,1.0,2053,1.0
RE1,PWRWNDOFS_FLO,OFW_FLO,1.0,2054,1.0
RE1,PWRWNDOFS_FLO,OFW_FLO,1.0,2055,1.0
RE1,PWRWNDONS,ONW,1.0,2022,1.0
RE1,PWRWNDONS,ONW,1.0,2023,1.0
RE1,PWRWNDONS,ONW,1.0,2024,1.0
RE1,PWRWNDONS,ONW,1.0,2025,1.0
RE1,PWRWNDONS,ONW,1.0,2026,1.0
RE1,PWRWNDONS,ONW,1.0,2027,1.0
RE1,PWRWNDONS,ONW,1.0,2028,1.0
RE1,PWRWNDONS,ONW,1.0,2029,1.0
RE1,PWRWNDONS,ONW,1.0,2030,1.0
RE1,PWRWNDONS,ONW,1.0,2031,1.0
RE1,PWRWNDONS,ONW,1.0,2032,1.0
RE1,PWRWNDONS,ONW,1.0,2033,1.0
RE1,PWRWNDONS,ONW,1.0,2034,1.0
RE1,PWRWNDONS,ONW,1.0,2035,1.0
RE1,PWRWNDONS,ONW,1.0,2036,1.0
RE1,PWRWNDONS,ONW,1.0,2037,1.0
RE1,PWRWNDONS,ONW,1.0,2038,1.0
RE1,PWRWNDONS,ONW,1.0,2039,1.0
RE1,PWRWNDONS,ONW,1.0,2040,1.0
RE1,PWRWNDONS,ONW,1.0,2041,1.0
RE1,PWRWNDONS,ONW,1.0,2042,1.0
RE1,PWRWNDONS,ONW,1.0,2043,1.0
RE1,PWRWNDONS,ONW,1.0,2044,1.0
RE1,PWRWNDONS,ONW,1.0,2045,1.0
RE1,PWRWNDONS,ONW,1.0,2046,1.0
RE1,PWRWNDONS,ONW,1.0,2047,1.0
RE1,PWRWNDONS,ONW,1.0,2048,1.0
RE1,PWRWNDONS,ONW,1.0,2049,1.0
RE1,PWRWNDONS,ONW,1.0,2050,1.0
RE1,PWRWNDONS,ONW,1.0,2051,1.0
RE1,PWRWNDONS,ONW,1.0,2052,1.0
RE1,PWRWNDONS,ONW,1.0,2053,1.0
RE1,PWRWNDONS,ONW,1.0,2054,1.0
RE1,PWRWNDONS,ONW,1.0,2055,1.0
RE1,UPSALK,ELC002,1.0,2022,1.538461538461538
RE1,UPSALK,ELC002,1.0,2023,1.538461538461538
RE1,UPSALK,ELC002,1.0,2024,1.538461538461538
RE1,UPSALK,ELC002,1.0,2025,1.538461538461538
RE1,UPSALK,ELC002,1.0,2026,1.538461538461538
RE1,UPSALK,ELC002,1.0,2027,1.538461538461538
RE1,UPSALK,ELC002,1.0,2028,1.538461538461538
RE1,UPSALK,ELC002,1.0,2029,1.538461538461538
RE1,UPSALK,ELC002,1.0,2030,1.538461538461538
RE1,UPSALK,ELC002,1.0,2031,1.538461538461538
RE1,UPSALK,ELC002,1.0,2032,1.538461538461538
RE1,UPSALK,ELC002,1.0,2033,1.538461538461538
RE1,UPSALK,ELC002,1.0,2034,1.538461538461538
RE1,UPSALK,ELC002,1.0,2035,1.538461538461538
RE1,UPSALK,ELC002,1.0,2036,1.538461538461538
RE1,UPSALK,ELC002,1.0,2037,1.538461538461538
RE1,UPSALK,ELC002,1.0,2038,1.538461538461538
RE1,UPSALK,ELC002,1.0,2039,1.538461538461538
RE1,UPSALK,ELC002,1.0,2040,1.538461538461538
RE1,UPSALK,ELC002,1.0,2041,1.538461538461538
RE1,UPSALK,ELC002,1.0,2042,1.538461538461538
RE1,UPSALK,ELC002,1.0,2043,1.538461538461538
RE1,UPSALK,ELC002,1.0,2044,1.538461538461538
RE1,UPSALK,ELC002,1.0,2045,1.538461538461538
RE1,UPSALK,ELC002,1.0,2046,1.538461538461538
RE1,UPSALK,ELC002,1.0,2047,1.538461538461538
RE1,UPSALK,ELC002,1.0,2048,1.538461538461538
RE1,UPSALK,ELC002,1.0,2049,1.538461538461538
RE1,UPSALK,ELC002,1.0,2050,1.538461538461538
RE1,UPSALK,ELC002,1.0,2051,1.538461538461538
RE1,UPSALK,ELC002,1.0,2052,1.538461538461538
RE1,UPSALK,ELC002,1.0,2053,1.538461538461538
RE1,UPSALK,ELC002,1.0,2054,1.538461538461538
RE1,UPSALK,ELC002,1.0,2055,1.538461538461538
RE1,UPSBDB,DSL,1.0,2022,0.9353689302615238
RE1,UPSBDB,DSL,1.0,2023,0.9353689302615238
RE1,UPSBDB,DSL,1.0,2024,0.9353689302615238
RE1,UPSBDB,DSL,1.0,2025,0.9353689302615238
RE1,UPSBDB,DSL,1.0,2026,0.9074408942058276
RE1,UPSBDB,DSL,1.0,2027,0.9074408942058276
RE1,UPSBDB,DSL,1.0,2028,0.9074408942058276
RE1,UPSBDB,DSL,1.0,2029,0.9074408942058276
RE1,UPSBDB,DSL,1.0,2030,0.9074408942058276
RE1,UPSBDB,DSL,1.0,2031,0.9074408942058276
RE1,UPSBDB,DSL,1.0,2032,0.9074408942058276
RE1,UPSBDB,DSL,1.0,2033,0.9074408942058276
RE1,UPSBDB,DSL,1.0,2034,0.9074408942058276
RE1,UPSBDB,DSL,1.0,2035,0.9074408942058276
RE1,UPSBDB,DSL,1.0,2036,0.9074408942058276
RE1,UPSBDB,DSL,1.0,2037,0.9074408942058276
RE1,UPSBDB,DSL,1.0,2038,0.9074408942058276
RE1,UPSBDB,DSL,1.0,2039,0.9074408942058276
RE1,UPSBDB,DSL,1.0,2040,0.9074408942058276
RE1,UPSBDB,DSL,1.0,2041,0.9074408942058276
RE1,UPSBDB,DSL,1.0,2042,0.9074408942058276
RE1,UPSBDB,DSL,1.0,2043,0.9074408942058276
RE1,UPSBDB,DSL,1.0,2044,0.9074408942058276
RE1,UPSBDB,DSL,1.0,2045,0.9074408942058276
RE1,UPSBDB,DSL,1.0,2046,0.9074408942058276
RE1,UPSBDB,DSL,1.0,2047,0.9074408942058276
RE1,UPSBDB,DSL,1.0,2048,0.9074408942058276
RE1,UPSBDB,DSL,1.0,2049,0.9074408942058276
RE1,UPSBDB,DSL,1.0,2050,0.9074408942058276
RE1,UPSBDB,DSL,1.0,2051,0.9074408942058276
RE1,UPSBDB,DSL,1.0,2052,0.9074408942058276
RE1,UPSBDB,DSL,1.0,2053,0.9074408942058276
RE1,UPSBDB,DSL,1.0,2054,0.9074408942058276
RE1,UPSBDB,DSL,1.0,2055,0.9074408942058276
RE1,UPSBDB,BDL,1.0,2022,0.0646310697384762
RE1,UPSBDB,BDL,1.0,2023,0.0646310697384762
RE1,UPSBDB,BDL,1.0,2024,0.0646310697384762
RE1,UPSBDB,BDL,1.0,2025,0.0646310697384762
RE1,UPSBDB,BDL,1.0,2026,0.0925591057941725
RE1,UPSBDB,BDL,1.0,2027,0.0925591057941725
RE1,UPSBDB,BDL,1.0,2028,0.0925591057941725
RE1,UPSBDB,BDL,1.0,2029,0.0925591057941725
RE1,UPSBDB,BDL,1.0,2030,0.0925591057941725
RE1,UPSBDB,BDL,1.0,2031,0.0925591057941725
RE1,UPSBDB,BDL,1.0,2032,0.0925591057941725
RE1,UPSBDB,BDL,1.0,2033,0.0925591057941725
RE1,UPSBDB,BDL,1.0,2034,0.0925591057941725
RE1,UPSBDB,BDL,1.0,2035,0.0925591057941725
RE1,UPSBDB,BDL,1.0,2036,0.0925591057941725
RE1,UPSBDB,BDL,1.0,2037,0.0925591057941725
RE1,UPSBDB,BDL,1.0,2038,0.0925591057941725
RE1,UPSBDB,BDL,1.0,2039,0.0925591057941725
RE1,UPSBDB,BDL,1.0,2040,0.0925591057941725
RE1,UPSBDB,BDL,1.0,2041,0.0925591057941725
RE1,UPSBDB,BDL,1.0,2042,0.0925591057941725
RE1,UPSBDB,BDL,1.0,2043,0.0925591057941725
RE1,UPSBDB,BDL,1.0,2044,0.0925591057941725
RE1,UPSBDB,BDL,1.0,2045,0.0925591057941725
RE1,UPSBDB,BDL,1.0,2046,0.0925591057941725
RE1,UPSBDB,BDL,1.0,2047,0.0925591057941725
RE1,UPSBDB,BDL,1.0,2048,0.0925591057941725
RE1,UPSBDB,BDL,1.0,2049,0.0925591057941725
RE1,UPSBDB,BDL,1.0,2050,0.0925591057941725
RE1,UPSBDB,BDL,1.0,2051,0.0925591057941725
RE1,UPSBDB,BDL,1.0,2052,0.0925591057941725
RE1,UPSBDB,BDL,1.0,2053,0.0925591057941725
RE1,UPSBDB,BDL,1.0,2054,0.0925591057941725
RE1,UPSBDB,BDL,1.0,2055,0.0925591057941725
RE1,UPSBDL,OPL,1.0,2022,1.149425287356322
RE1,UPSBDL,OPL,1.0,2023,1.149425287356322
RE1,UPSBDL,OPL,1.0,2024,1.149425287356322
RE1,UPSBDL,OPL,1.0,2025,1.149425287356322
RE1,UPSBDL,OPL,1.0,2026,1.149425287356322
RE1,UPSBDL,OPL,1.0,2027,1.149425287356322
RE1,UPSBDL,OPL,1.0,2028,1.149425287356322
RE1,UPSBDL,OPL,1.0,2029,1.149425287356322
RE1,UPSBDL,OPL,1.0,2030,1.149425287356322
RE1,UPSBDL,OPL,1.0,2031,1.149425287356322
RE1,UPSBDL,OPL,1.0,2032,1.149425287356322
RE1,UPSBDL,OPL,1.0,2033,1.149425287356322
RE1,UPSBDL,OPL,1.0,2034,1.149425287356322
RE1,UPSBDL,OPL,1.0,2035,1.149425287356322
RE1,UPSBDL,OPL,1.0,2036,1.149425287356322
RE1,UPSBDL,OPL,1.0,2037,1.149425287356322
RE1,UPSBDL,OPL,1.0,2038,1.149425287356322
RE1,UPSBDL,OPL,1.0,2039,1.149425287356322
RE1,UPSBDL,OPL,1.0,2040,1.149425287356322
RE1,UPSBDL,OPL,1.0,2041,1.149425287356322
RE1,UPSBDL,OPL,1.0,2042,1.149425287356322
RE1,UPSBDL,OPL,1.0,2043,1.149425287356322
RE1,UPSBDL,OPL,1.0,2044,1.149425287356322
RE1,UPSBDL,OPL,1.0,2045,1.149425287356322
RE1,UPSBDL,OPL,1.0,2046,1.149425287356322
RE1,UPSBDL,OPL,1.0,2047,1.149425287356322
RE1,UPSBDL,OPL,1.0,2048,1.149425287356322
RE1,UPSBDL,OPL,1.0,2049,1.149425287356322
RE1,UPSBDL,OPL,1.0,2050,1.149425287356322
RE1,UPSBDL,OPL,1.0,2051,1.149425287356322
RE1,UPSBDL,OPL,1.0,2052,1.149425287356322
RE1,UPSBDL,OPL,1.0,2053,1.149425287356322
RE1,UPSBDL,OPL,1.0,2054,1.149425287356322
RE1,UPSBDL,OPL,1.0,2055,1.149425287356322
RE1,UPSBET,SGC,1.0,2022,1.052631578947368
RE1,UPSBET,SGC,1.0,2023,1.052631578947368
RE1,UPSBET,SGC,1.0,2024,1.052631578947368
RE1,UPSBET,SGC,1.0,2025,1.052631578947368
RE1,UPSBET,SGC,1.0,2026,1.052631578947368
RE1,UPSBET,SGC,1.0,2027,1.052631578947368
RE1,UPSBET,SGC,1.0,2028,1.052631578947368
RE1,UPSBET,SGC,1.0,2029,1.052631578947368
RE1,UPSBET,SGC,1.0,2030,1.052631578947368
RE1,UPSBET,SGC,1.0,2031,1.052631578947368
RE1,UPSBET,SGC,1.0,2032,1.052631578947368
RE1,UPSBET,SGC,1.0,2033,1.052631578947368
RE1,UPSBET,SGC,1.0,2034,1.052631578947368
RE1,UPSBET,SGC,1.0,2035,1.052631578947368
RE1,UPSBET,SGC,1.0,2036,1.052631578947368
RE1,UPSBET,SGC,1.0,2037,1.052631578947368
RE1,UPSBET,SGC,1.0,2038,1.052631578947368
RE1,UPSBET,SGC,1.0,2039,1.052631578947368
RE1,UPSBET,SGC,1.0,2040,1.052631578947368
RE1,UPSBET,SGC,1.0,2041,1.052631578947368
RE1,UPSBET,SGC,1.0,2042,1.052631578947368
RE1,UPSBET,SGC,1.0,2043,1.052631578947368
RE1,UPSBET,SGC,1.0,2044,1.052631578947368
RE1,UPSBET,SGC,1.0,2045,1.052631578947368
RE1,UPSBET,SGC,1.0,2046,1.052631578947368
RE1,UPSBET,SGC,1.0,2047,1.052631578947368
RE1,UPSBET,SGC,1.0,2048,1.052631578947368
RE1,UPSBET,SGC,1.0,2049,1.052631578947368
RE1,UPSBET,SGC,1.0,2050,1.052631578947368
RE1,UPSBET,SGC,1.0,2051,1.052631578947368
RE1,UPSBET,SGC,1.0,2052,1.052631578947368
RE1,UPSBET,SGC,1.0,2053,1.052631578947368
RE1,UPSBET,SGC,1.0,2054,1.052631578947368
RE1,UPSBET,SGC,1.0,2055,1.052631578947368
RE1,UPSBGB,GSL,1.0,2022,0.9602681468942056
RE1,UPSBGB,GSL,1.0,2023,0.9602681468942056
RE1,UPSBGB,GSL,1.0,2024,0.9602681468942056
RE1,UPSBGB,GSL,1.0,2025,0.9602681468942056
RE1,UPSBGB,GSL,1.0,2026,0.9424372991180252
RE1,UPSBGB,GSL,1.0,2027,0.9424372991180252
RE1,UPSBGB,GSL,1.0,2028,0.9424372991180252
RE1,UPSBGB,GSL,1.0,2029,0.9424372991180252
RE1,UPSBGB,GSL,1.0,2030,0.9424372991180252
RE1,UPSBGB,GSL,1.0,2031,0.9424372991180252
RE1,UPSBGB,GSL,1.0,2032,0.9424372991180252
RE1,UPSBGB,GSL,1.0,2033,0.9424372991180252
RE1,UPSBGB,GSL,1.0,2034,0.9424372991180252
RE1,UPSBGB,GSL,1.0,2035,0.9424372991180252
RE1,UPSBGB,GSL,1.0,2036,0.9424372991180252
RE1,UPSBGB,GSL,1.0,2037,0.9424372991180252
RE1,UPSBGB,GSL,1.0,2038,0.9424372991180252
RE1,UPSBGB,GSL,1.0,2039,0.9424372991180252
RE1,UPSBGB,GSL,1.0,2040,0.9424372991180252
RE1,UPSBGB,GSL,1.0,2041,0.9424372991180252
RE1,UPSBGB,GSL,1.0,2042,0.9424372991180252
RE1,UPSBGB,GSL,1.0,2043,0.9424372991180252
RE1,UPSBGB,GSL,1.0,2044,0.9424372991180252
RE1,UPSBGB,GSL,1.0,2045,0.9424372991180252
RE1,UPSBGB,GSL,1.0,2046,0.9424372991180252
RE1,UPSBGB,GSL,1.0,2047,0.9424372991180252
RE1,UPSBGB,GSL,1.0,2048,0.9424372991180252
RE1,UPSBGB,GSL,1.0,2049,0.9424372991180252
RE1,UPSBGB,GSL,1.0,2050,0.9424372991180252
RE1,UPSBGB,GSL,1.0,2051,0.9424372991180252
RE1,UPSBGB,GSL,1.0,2052,0.9424372991180252
RE1,UPSBGB,GSL,1.0,2053,0.9424372991180252
RE1,UPSBGB,GSL,1.0,2054,0.9424372991180252
RE1,UPSBGB,GSL,1.0,2055,0.9424372991180252
RE1,UPSBGB,BET,1.0,2022,0.0397318531057943
RE1,UPSBGB,BET,1.0,2023,0.0397318531057943
RE1,UPSBGB,BET,1.0,2024,0.0397318531057943
RE1,UPSBGB,BET,1.0,2025,0.0397318531057943
RE1,UPSBGB,BET,1.0,2026,0.0575627008819748
RE1,UPSBGB,BET,1.0,2027,0.0575627008819748
RE1,UPSBGB,BET,1.0,2028,0.0575627008819748
RE1,UPSBGB,BET,1.0,2029,0.0575627008819748
RE1,UPSBGB,BET,1.0,2030,0.0575627008819748
RE1,UPSBGB,BET,1.0,2031,0.0575627008819748
RE1,UPSBGB,BET,1.0,2032,0.0575627008819748
RE1,UPSBGB,BET,1.0,2033,0.0575627008819748
RE1,UPSBGB,BET,1.0,2034,0.0575627008819748
RE1,UPSBGB,BET,1.0,2035,0.0575627008819748
RE1,UPSBGB,BET,1.0,2036,0.0575627008819748
RE1,UPSBGB,BET,1.0,2037,0.0575627008819748
RE1,UPSBGB,BET,1.0,2038,0.0575627008819748
RE1,UPSBGB,BET,1.0,2039,0.0575627008819748
RE1,UPSBGB,BET,1.0,2040,0.0575627008819748
RE1,UPSBGB,BET,1.0,2041,0.0575627008819748
RE1,UPSBGB,BET,1.0,2042,0.0575627008819748
RE1,UPSBGB,BET,1.0,2043,0.0575627008819748
RE1,UPSBGB,BET,1.0,2044,0.0575627008819748
RE1,UPSBGB,BET,1.0,2045,0.0575627008819748
RE1,UPSBGB,BET,1.0,2046,0.0575627008819748
RE1,UPSBGB,BET,1.0,2047,0.0575627008819748
RE1,UPSBGB,BET,1.0,2048,0.0575627008819748
RE1,UPSBGB,BET,1.0,2049,0.0575627008819748
RE1,UPSBGB,BET,1.0,2050,0.0575627008819748
RE1,UPSBGB,BET,1.0,2051,0.0575627008819748
RE1,UPSBGB,BET,1.0,2052,0.0575627008819748
RE1,UPSBGB,BET,1.0,2053,0.0575627008819748
RE1,UPSBGB,BET,1.0,2054,0.0575627008819748
RE1,UPSBGB,BET,1.0,2055,0.0575627008819748
RE1,UPSBGS,WAS_ORG,1.0,2022,1.666666666666667
RE1,UPSBGS,WAS_ORG,1.0,2023,1.666666666666667
RE1,UPSBGS,WAS_ORG,1.0,2024,1.666666666666667
RE1,UPSBGS,WAS_ORG,1.0,2025,1.666666666666667
RE1,UPSBGS,WAS_ORG,1.0,2026,1.666666666666667
RE1,UPSBGS,WAS_ORG,1.0,2027,1.666666666666667
RE1,UPSBGS,WAS_ORG,1.0,2028,1.666666666666667
RE1,UPSBGS,WAS_ORG,1.0,2029,1.666666666666667
RE1,UPSBGS,WAS_ORG,1.0,2030,1.666666666666667
RE1,UPSBGS,WAS_ORG,1.0,2031,1.666666666666667
RE1,UPSBGS,WAS_ORG,1.0,2032,1.666666666666667
RE1,UPSBGS,WAS_ORG,1.0,2033,1.666666666666667
RE1,UPSBGS,WAS_ORG,1.0,2034,1.666666666666667
RE1,UPSBGS,WAS_ORG,1.0,2035,1.666666666666667
RE1,UPSBGS,WAS_ORG,1.0,2036,1.666666666666667
RE1,UPSBGS,WAS_ORG,1.0,2037,1.666666666666667
RE1,UPSBGS,WAS_ORG,1.0,2038,1.666666666666667
RE1,UPSBGS,WAS_ORG,1.0,2039,1.666666666666667
RE1,UPSBGS,WAS_ORG,1.0,2040,1.666666666666667
RE1,UPSBGS,WAS_ORG,1.0,2041,1.666666666666667
RE1,UPSBGS,WAS_ORG,1.0,2042,1.666666666666667
RE1,UPSBGS,WAS_ORG,1.0,2043,1.666666666666667
RE1,UPSBGS,WAS_ORG,1.0,2044,1.666666666666667
RE1,UPSBGS,WAS_ORG,1.0,2045,1.666666666666667
RE1,UPSBGS,WAS_ORG,1.0,2046,1.666666666666667
RE1,UPSBGS,WAS_ORG,1.0,2047,1.666666666666667
RE1,UPSBGS,WAS_ORG,1.0,2048,1.666666666666667
RE1,UPSBGS,WAS_ORG,1.0,2049,1.666666666666667
RE1,UPSBGS,WAS_ORG,1.0,2050,1.666666666666667
RE1,UPSBGS,WAS_ORG,1.0,2051,1.666666666666667
RE1,UPSBGS,WAS_ORG,1.0,2052,1.666666666666667
RE1,UPSBGS,WAS_ORG,1.0,2053,1.666666666666667
RE1,UPSBGS,WAS_ORG,1.0,2054,1.666666666666667
RE1,UPSBGS,WAS_ORG,1.0,2055,1.666666666666667
RE1,UPSBJS,JET,1.0,2022,1.0
RE1,UPSBJS,JET,1.0,2023,1.0
RE1,UPSBJS,JET,1.0,2024,1.0
RE1,UPSBJS,JET,1.0,2025,1.0
RE1,UPSBJS,JET,1.0,2026,1.0
RE1,UPSBJS,JET,1.0,2027,1.0
RE1,UPSBJS,JET,1.0,2028,1.0
RE1,UPSBJS,JET,1.0,2029,1.0
RE1,UPSBJS,JET,1.0,2030,1.0
RE1,UPSBJS,JET,1.0,2031,1.0
RE1,UPSBJS,JET,1.0,2032,1.0
RE1,UPSBJS,JET,1.0,2033,1.0
RE1,UPSBJS,JET,1.0,2034,1.0
RE1,UPSBJS,JET,1.0,2035,1.0
RE1,UPSBJS,JET,1.0,2036,1.0
RE1,UPSBJS,JET,1.0,2037,1.0
RE1,UPSBJS,JET,1.0,2038,1.0
RE1,UPSBJS,JET,1.0,2039,1.0
RE1,UPSBJS,JET,1.0,2040,1.0
RE1,UPSBJS,JET,1.0,2041,1.0
RE1,UPSBJS,JET,1.0,2042,1.0
RE1,UPSBJS,JET,1.0,2043,1.0
RE1,UPSBJS,JET,1.0,2044,1.0
RE1,UPSBJS,JET,1.0,2045,1.0
RE1,UPSBJS,JET,1.0,2046,1.0
RE1,UPSBJS,JET,1.0,2047,1.0
RE1,UPSBJS,JET,1.0,2048,1.0
RE1,UPSBJS,JET,1.0,2049,1.0
RE1,UPSBJS,JET,1.0,2050,1.0
RE1,UPSBJS,JET,1.0,2051,1.0
RE1,UPSBJS,JET,1.0,2052,1.0
RE1,UPSBJS,JET,1.0,2053,1.0
RE1,UPSBJS,JET,1.0,2054,1.0
RE1,UPSBJS,JET,1.0,2055,1.0
RE1,UPSBJS,SAF,1.0,2022,1.0
RE1,UPSBJS,SAF,1.0,2023,1.0
RE1,UPSBJS,SAF,1.0,2024,1.0
RE1,UPSBJS,SAF,1.0,2025,1.0
RE1,UPSBJS,SAF,1.0,2026,1.0
RE1,UPSBJS,SAF,1.0,2027,1.0
RE1,UPSBJS,SAF,1.0,2028,1.0
RE1,UPSBJS,SAF,1.0,2029,1.0
RE1,UPSBJS,SAF,1.0,2030,1.0
RE1,UPSBJS,SAF,1.0,2031,1.0
RE1,UPSBJS,SAF,1.0,2032,1.0
RE1,UPSBJS,SAF,1.0,2033,1.0
RE1,UPSBJS,SAF,1.0,2034,1.0
RE1,UPSBJS,SAF,1.0,2035,1.0
RE1,UPSBJS,SAF,1.0,2036,1.0
RE1,UPSBJS,SAF,1.0,2037,1.0
RE1,UPSBJS,SAF,1.0,2038,1.0
RE1,UPSBJS,SAF,1.0,2039,1.0
RE1,UPSBJS,SAF,1.0,2040,1.0
RE1,UPSBJS,SAF,1.0,2041,1.0
RE1,UPSBJS,SAF,1.0,2042,1.0
RE1,UPSBJS,SAF,1.0,2043,1.0
RE1,UPSBJS,SAF,1.0,2044,1.0
RE1,UPSBJS,SAF,1.0,2045,1.0
RE1,UPSBJS,SAF,1.0,2046,1.0
RE1,UPSBJS,SAF,1.0,2047,1.0
RE1,UPSBJS,SAF,1.0,2048,1.0
RE1,UPSBJS,SAF,1.0,2049,1.0
RE1,UPSBJS,SAF,1.0,2050,1.0
RE1,UPSBJS,SAF,1.0,2051,1.0
RE1,UPSBJS,SAF,1.0,2052,1.0
RE1,UPSBJS,SAF,1.0,2053,1.0
RE1,UPSBJS,SAF,1.0,2054,1.0
RE1,UPSBJS,SAF,1.0,2055,1.0
RE1,UPSBMET,BGS,1.0,2022,1.052631578947368
RE1,UPSBMET,BGS,1.0,2023,1.052631578947368
RE1,UPSBMET,BGS,1.0,2024,1.052631578947368
RE1,UPSBMET,BGS,1.0,2025,1.052631578947368
RE1,UPSBMET,BGS,1.0,2026,1.052631578947368
RE1,UPSBMET,BGS,1.0,2027,1.052631578947368
RE1,UPSBMET,BGS,1.0,2028,1.052631578947368
RE1,UPSBMET,BGS,1.0,2029,1.052631578947368
RE1,UPSBMET,BGS,1.0,2030,1.052631578947368
RE1,UPSBMET,BGS,1.0,2031,1.052631578947368
RE1,UPSBMET,BGS,1.0,2032,1.052631578947368
RE1,UPSBMET,BGS,1.0,2033,1.052631578947368
RE1,UPSBMET,BGS,1.0,2034,1.052631578947368
RE1,UPSBMET,BGS,1.0,2035,1.052631578947368
RE1,UPSBMET,BGS,1.0,2036,1.052631578947368
RE1,UPSBMET,BGS,1.0,2037,1.052631578947368
RE1,UPSBMET,BGS,1.0,2038,1.052631578947368
RE1,UPSBMET,BGS,1.0,2039,1.052631578947368
RE1,UPSBMET,BGS,1.0,2040,1.052631578947368
RE1,UPSBMET,BGS,1.0,2041,1.052631578947368
RE1,UPSBMET,BGS,1.0,2042,1.052631578947368
RE1,UPSBMET,BGS,1.0,2043,1.052631578947368
RE1,UPSBMET,BGS,1.0,2044,1.052631578947368
RE1,UPSBMET,BGS,1.0,2045,1.052631578947368
RE1,UPSBMET,BGS,1.0,2046,1.052631578947368
RE1,UPSBMET,BGS,1.0,2047,1.052631578947368
RE1,UPSBMET,BGS,1.0,2048,1.052631578947368
RE1,UPSBMET,BGS,1.0,2049,1.052631578947368
RE1,UPSBMET,BGS,1.0,2050,1.052631578947368
RE1,UPSBMET,BGS,1.0,2051,1.052631578947368
RE1,UPSBMET,BGS,1.0,2052,1.052631578947368
RE1,UPSBMET,BGS,1.0,2053,1.052631578947368
RE1,UPSBMET,BGS,1.0,2054,1.052631578947368
RE1,UPSBMET,BGS,1.0,2055,1.052631578947368
RE1,UPSBMETL,BMET,1.0,2022,1.25
RE1,UPSBMETL,BMET,1.0,2023,1.25
RE1,UPSBMETL,BMET,1.0,2024,1.25
RE1,UPSBMETL,BMET,1.0,2025,1.25
RE1,UPSBMETL,BMET,1.0,2026,1.25
RE1,UPSBMETL,BMET,1.0,2027,1.25
RE1,UPSBMETL,BMET,1.0,2028,1.25
RE1,UPSBMETL,BMET,1.0,2029,1.25
RE1,UPSBMETL,BMET,1.0,2030,1.25
RE1,UPSBMETL,BMET,1.0,2031,1.25
RE1,UPSBMETL,BMET,1.0,2032,1.25
RE1,UPSBMETL,BMET,1.0,2033,1.25
RE1,UPSBMETL,BMET,1.0,2034,1.25
RE1,UPSBMETL,BMET,1.0,2035,1.25
RE1,UPSBMETL,BMET,1.0,2036,1.25
RE1,UPSBMETL,BMET,1.0,2037,1.25
RE1,UPSBMETL,BMET,1.0,2038,1.25
RE1,UPSBMETL,BMET,1.0,2039,1.25
RE1,UPSBMETL,BMET,1.0,2040,1.25
RE1,UPSBMETL,BMET,1.0,2041,1.25
RE1,UPSBMETL,BMET,1.0,2042,1.25
RE1,UPSBMETL,BMET,1.0,2043,1.25
RE1,UPSBMETL,BMET,1.0,2044,1.25
RE1,UPSBMETL,BMET,1.0,2045,1.25
RE1,UPSBMETL,BMET,1.0,2046,1.25
RE1,UPSBMETL,BMET,1.0,2047,1.25
RE1,UPSBMETL,BMET,1.0,2048,1.25
RE1,UPSBMETL,BMET,1.0,2049,1.25
RE1,UPSBMETL,BMET,1.0,2050,1.25
RE1,UPSBMETL,BMET,1.0,2051,1.25
RE1,UPSBMETL,BMET,1.0,2052,1.25
RE1,UPSBMETL,BMET,1.0,2053,1.25
RE1,UPSBMETL,BMET,1.0,2054,1.25
RE1,UPSBMETL,BMET,1.0,2055,1.25
RE1,UPSEVC,ELC002,1.0,2022,1.11
RE1,UPSEVC,ELC002,1.0,2023,1.11
RE1,UPSEVC,ELC002,1.0,2024,1.11
RE1,UPSEVC,ELC002,1.0,2025,1.11
RE1,UPSEVC,ELC002,1.0,2026,1.11
RE1,UPSEVC,ELC002,1.0,2027,1.11
RE1,UPSEVC,ELC002,1.0,2028,1.11
RE1,UPSEVC,ELC002,1.0,2029,1.11
RE1,UPSEVC,ELC002,1.0,2030,1.11
RE1,UPSEVC,ELC002,1.0,2031,1.11
RE1,UPSEVC,ELC002,1.0,2032,1.11
RE1,UPSEVC,ELC002,1.0,2033,1.11
RE1,UPSEVC,ELC002,1.0,2034,1.11
RE1,UPSEVC,ELC002,1.0,2035,1.11
RE1,UPSEVC,ELC002,1.0,2036,1.11
RE1,UPSEVC,ELC002,1.0,2037,1.11
RE1,UPSEVC,ELC002,1.0,2038,1.11
RE1,UPSEVC,ELC002,1.0,2039,1.11
RE1,UPSEVC,ELC002,1.0,2040,1.11
RE1,UPSEVC,ELC002,1.0,2041,1.11
RE1,UPSEVC,ELC002,1.0,2042,1.11
RE1,UPSEVC,ELC002,1.0,2043,1.11
RE1,UPSEVC,ELC002,1.0,2044,1.11
RE1,UPSEVC,ELC002,1.0,2045,1.11
RE1,UPSEVC,ELC002,1.0,2046,1.11
RE1,UPSEVC,ELC002,1.0,2047,1.11
RE1,UPSEVC,ELC002,1.0,2048,1.11
RE1,UPSEVC,ELC002,1.0,2049,1.11
RE1,UPSEVC,ELC002,1.0,2050,1.11
RE1,UPSEVC,ELC002,1.0,2051,1.11
RE1,UPSEVC,ELC002,1.0,2052,1.11
RE1,UPSEVC,ELC002,1.0,2053,1.11
RE1,UPSEVC,ELC002,1.0,2054,1.11
RE1,UPSEVC,ELC002,1.0,2055,1.11
RE1,UPSEV_FC,ELC002,1.0,2022,1.11
RE1,UPSEV_FC,ELC002,1.0,2023,1.11
RE1,UPSEV_FC,ELC002,1.0,2024,1.11
RE1,UPSEV_FC,ELC002,1.0,2025,1.11
RE1,UPSEV_FC,ELC002,1.0,2026,1.11
RE1,UPSEV_FC,ELC002,1.0,2027,1.11
RE1,UPSEV_FC,ELC002,1.0,2028,1.11
RE1,UPSEV_FC,ELC002,1.0,2029,1.11
RE1,UPSEV_FC,ELC002,1.0,2030,1.11
RE1,UPSEV_FC,ELC002,1.0,2031,1.11
RE1,UPSEV_FC,ELC002,1.0,2032,1.11
RE1,UPSEV_FC,ELC002,1.0,2033,1.11
RE1,UPSEV_FC,ELC002,1.0,2034,1.11
RE1,UPSEV_FC,ELC002,1.0,2035,1.11
RE1,UPSEV_FC,ELC002,1.0,2036,1.11
RE1,UPSEV_FC,ELC002,1.0,2037,1.11
RE1,UPSEV_FC,ELC002,1.0,2038,1.11
RE1,UPSEV_FC,ELC002,1.0,2039,1.11
RE1,UPSEV_FC,ELC002,1.0,2040,1.11
RE1,UPSEV_FC,ELC002,1.0,2041,1.11
RE1,UPSEV_FC,ELC002,1.0,2042,1.11
RE1,UPSEV_FC,ELC002,1.0,2043,1.11
RE1,UPSEV_FC,ELC002,1.0,2044,1.11
RE1,UPSEV_FC,ELC002,1.0,2045,1.11
RE1,UPSEV_FC,ELC002,1.0,2046,1.11
RE1,UPSEV_FC,ELC002,1.0,2047,1.11
RE1,UPSEV_FC,ELC002,1.0,2048,1.11
RE1,UPSEV_FC,ELC002,1.0,2049,1.11
RE1,UPSEV_FC,ELC002,1.0,2050,1.11
RE1,UPSEV_FC,ELC002,1.0,2051,1.11
RE1,UPSEV_FC,ELC002,1.0,2052,1.11
RE1,UPSEV_FC,ELC002,1.0,2053,1.11
RE1,UPSEV_FC,ELC002,1.0,2054,1.11
RE1,UPSEV_FC,ELC002,1.0,2055,1.11
RE1,UPSHDGRST,HDG,1.0,2022,1.538461538461538
RE1,UPSHDGRST,HDG,1.0,2023,1.538461538461538
RE1,UPSHDGRST,HDG,1.0,2024,1.538461538461538
RE1,UPSHDGRST,HDG,1.0,2025,1.538461538461538
RE1,UPSHDGRST,HDG,1.0,2026,1.538461538461538
RE1,UPSHDGRST,HDG,1.0,2027,1.538461538461538
RE1,UPSHDGRST,HDG,1.0,2028,1.538461538461538
RE1,UPSHDGRST,HDG,1.0,2029,1.538461538461538
RE1,UPSHDGRST,HDG,1.0,2030,1.538461538461538
RE1,UPSHDGRST,HDG,1.0,2031,1.538461538461538
RE1,UPSHDGRST,HDG,1.0,2032,1.538461538461538
RE1,UPSHDGRST,HDG,1.0,2033,1.538461538461538
RE1,UPSHDGRST,HDG,1.0,2034,1.538461538461538
RE1,UPSHDGRST,HDG,1.0,2035,1.538461538461538
RE1,UPSHDGRST,HDG,1.0,2036,1.538461538461538
RE1,UPSHDGRST,HDG,1.0,2037,1.538461538461538
RE1,UPSHDGRST,HDG,1.0,2038,1.538461538461538
RE1,UPSHDGRST,HDG,1.0,2039,1.538461538461538
RE1,UPSHDGRST,HDG,1.0,2040,1.538461538461538
RE1,UPSHDGRST,HDG,1.0,2041,1.538461538461538
RE1,UPSHDGRST,HDG,1.0,2042,1.538461538461538
RE1,UPSHDGRST,HDG,1.0,2043,1.538461538461538
RE1,UPSHDGRST,HDG,1.0,2044,1.538461538461538
RE1,UPSHDGRST,HDG,1.0,2045,1.538461538461538
RE1,UPSHDGRST,HDG,1.0,2046,1.538461538461538
RE1,UPSHDGRST,HDG,1.0,2047,1.538461538461538
RE1,UPSHDGRST,HDG,1.0,2048,1.538461538461538
RE1,UPSHDGRST,HDG,1.0,2049,1.538461538461538
RE1,UPSHDGRST,HDG,1.0,2050,1.538461538461538
RE1,UPSHDGRST,HDG,1.0,2051,1.538461538461538
RE1,UPSHDGRST,HDG,1.0,2052,1.538461538461538
RE1,UPSHDGRST,HDG,1.0,2053,1.538461538461538
RE1,UPSHDGRST,HDG,1.0,2054,1.538461538461538
RE1,UPSHDGRST,HDG,1.0,2055,1.538461538461538
RE1,UPSPEM,ELC002,1.0,2022,1.333333333333333
RE1,UPSPEM,ELC002,1.0,2023,1.333333333333333
RE1,UPSPEM,ELC002,1.0,2024,1.333333333333333
RE1,UPSPEM,ELC002,1.0,2025,1.333333333333333
RE1,UPSPEM,ELC002,1.0,2026,1.333333333333333
RE1,UPSPEM,ELC002,1.0,2027,1.333333333333333
RE1,UPSPEM,ELC002,1.0,2028,1.333333333333333
RE1,UPSPEM,ELC002,1.0,2029,1.333333333333333
RE1,UPSPEM,ELC002,1.0,2030,1.333333333333333
RE1,UPSPEM,ELC002,1.0,2031,1.333333333333333
RE1,UPSPEM,ELC002,1.0,2032,1.333333333333333
RE1,UPSPEM,ELC002,1.0,2033,1.333333333333333
RE1,UPSPEM,ELC002,1.0,2034,1.333333333333333
RE1,UPSPEM,ELC002,1.0,2035,1.333333333333333
RE1,UPSPEM,ELC002,1.0,2036,1.333333333333333
RE1,UPSPEM,ELC002,1.0,2037,1.333333333333333
RE1,UPSPEM,ELC002,1.0,2038,1.333333333333333
RE1,UPSPEM,ELC002,1.0,2039,1.333333333333333
RE1,UPSPEM,ELC002,1.0,2040,1.333333333333333
RE1,UPSPEM,ELC002,1.0,2041,1.333333333333333
RE1,UPSPEM,ELC002,1.0,2042,1.333333333333333
RE1,UPSPEM,ELC002,1.0,2043,1.333333333333333
RE1,UPSPEM,ELC002,1.0,2044,1.333333333333333
RE1,UPSPEM,ELC002,1.0,2045,1.333333333333333
RE1,UPSPEM,ELC002,1.0,2046,1.333333333333333
RE1,UPSPEM,ELC002,1.0,2047,1.333333333333333
RE1,UPSPEM,ELC002,1.0,2048,1.333333333333333
RE1,UPSPEM,ELC002,1.0,2049,1.333333333333333
RE1,UPSPEM,ELC002,1.0,2050,1.333333333333333
RE1,UPSPEM,ELC002,1.0,2051,1.333333333333333
RE1,UPSPEM,ELC002,1.0,2052,1.333333333333333
RE1,UPSPEM,ELC002,1.0,2053,1.333333333333333
RE1,UPSPEM,ELC002,1.0,2054,1.333333333333333
RE1,UPSPEM,ELC002,1.0,2055,1.333333333333333
RE1,UPSREF_BAR,ELC,1.0,2022,0.0003534746735018
RE1,UPSREF_BAR,ELC,1.0,2023,0.0005183835531839
RE1,UPSREF_BAR,ELC,1.0,2024,0.0004359291133428
RE1,UPSREF_BAR,ELC,1.0,2025,0.0004359291133428
RE1,UPSREF_BAR,ELC,1.0,2026,0.0004359291133428
RE1,UPSREF_BAR,ELC,1.0,2027,0.0004359291133428
RE1,UPSREF_BAR,ELC,1.0,2028,0.0004359291133428
RE1,UPSREF_BAR,ELC,1.0,2029,0.0004359291133428
RE1,UPSREF_BAR,ELC,1.0,2030,0.0004359291133428
RE1,UPSREF_BAR,ELC,1.0,2031,0.0004359291133428
RE1,UPSREF_BAR,ELC,1.0,2032,0.0004359291133428
RE1,UPSREF_BAR,ELC,1.0,2033,0.0004359291133428
RE1,UPSREF_BAR,ELC,1.0,2034,0.0004359291133428
RE1,UPSREF_BAR,ELC,1.0,2035,0.0004359291133428
RE1,UPSREF_BAR,ELC,1.0,2036,0.0004359291133428
RE1,UPSREF_BAR,ELC,1.0,2037,0.0004359291133428
RE1,UPSREF_BAR,ELC,1.0,2038,0.0004359291133428
RE1,UPSREF_BAR,ELC,1.0,2039,0.0004359291133428
RE1,UPSREF_BAR,ELC,1.0,2040,0.0004359291133428
RE1,UPSREF_BAR,ELC,1.0,2041,0.0004359291133428
RE1,UPSREF_BAR,ELC,1.0,2042,0.0004359291133428
RE1,UPSREF_BAR,ELC,1.0,2043,0.0004359291133428
RE1,UPSREF_BAR,ELC,1.0,2044,0.0004359291133428
RE1,UPSREF_BAR,ELC,1.0,2045,0.0004359291133428
RE1,UPSREF_BAR,ELC,1.0,2046,0.0004359291133428
RE1,UPSREF_BAR,ELC,1.0,2047,0.0004359291133428
RE1,UPSREF_BAR,ELC,1.0,2048,0.0004359291133428
RE1,UPSREF_BAR,ELC,1.0,2049,0.0004359291133428
RE1,UPSREF_BAR,ELC,1.0,2050,0.0004359291133428
RE1,UPSREF_BAR,ELC,1.0,2051,0.0004359291133428
RE1,UPSREF_BAR,ELC,1.0,2052,0.0004359291133428
RE1,UPSREF_BAR,ELC,1.0,2053,0.0004359291133428
RE1,UPSREF_BAR,ELC,1.0,2054,0.0004359291133428
RE1,UPSREF_BAR,ELC,1.0,2055,0.0004359291133428
RE1,UPSREF_BAR,DSL,1.0,2022,0.0002154648158267
RE1,UPSREF_BAR,DSL,1.0,2023,0.000233304300208
RE1,UPSREF_BAR,DSL,1.0,2024,0.0002243845580173
RE1,UPSREF_BAR,DSL,1.0,2025,0.0002243845580173
RE1,UPSREF_BAR,DSL,1.0,2026,0.0002243845580173
RE1,UPSREF_BAR,DSL,1.0,2027,0.0002243845580173
RE1,UPSREF_BAR,DSL,1.0,2028,0.0002243845580173
RE1,UPSREF_BAR,DSL,1.0,2029,0.0002243845580173
RE1,UPSREF_BAR,DSL,1.0,2030,0.0002243845580173
RE1,UPSREF_BAR,DSL,1.0,2031,0.0002243845580173
RE1,UPSREF_BAR,DSL,1.0,2032,0.0002243845580173
RE1,UPSREF_BAR,DSL,1.0,2033,0.0002243845580173
RE1,UPSREF_BAR,DSL,1.0,2034,0.0002243845580173
RE1,UPSREF_BAR,DSL,1.0,2035,0.0002243845580173
RE1,UPSREF_BAR,DSL,1.0,2036,0.0002243845580173
RE1,UPSREF_BAR,DSL,1.0,2037,0.0002243845580173
RE1,UPSREF_BAR,DSL,1.0,2038,0.0002243845580173
RE1,UPSREF_BAR,DSL,1.0,2039,0.0002243845580173
RE1,UPSREF_BAR,DSL,1.0,2040,0.0002243845580173
RE1,UPSREF_BAR,DSL,1.0,2041,0.0002243845580173
RE1,UPSREF_BAR,DSL,1.0,2042,0.0002243845580173
RE1,UPSREF_BAR,DSL,1.0,2043,0.0002243845580173
RE1,UPSREF_BAR,DSL,1.0,2044,0.0002243845580173
RE1,UPSREF_BAR,DSL,1.0,2045,0.0002243845580173
RE1,UPSREF_BAR,DSL,1.0,2046,0.0002243845580173
RE1,UPSREF_BAR,DSL,1.0,2047,0.0002243845580173
RE1,UPSREF_BAR,DSL,1.0,2048,0.0002243845580173
RE1,UPSREF_BAR,DSL,1.0,2049,0.0002243845580173
RE1,UPSREF_BAR,DSL,1.0,2050,0.0002243845580173
RE1,UPSREF_BAR,DSL,1.0,2051,0.0002243845580173
RE1,UPSREF_BAR,DSL,1.0,2052,0.0002243845580173
RE1,UPSREF_BAR,DSL,1.0,2053,0.0002243845580173
RE1,UPSREF_BAR,DSL,1.0,2054,0.0002243845580173
RE1,UPSREF_BAR,DSL,1.0,2055,0.0002243845580173
RE1,UPSREF_BAR,GSL,1.0,2022,1.240334395993247e-05
RE1,UPSREF_BAR,GSL,1.0,2023,1.091417858109615e-05
RE1,UPSREF_BAR,GSL,1.0,2024,1.165876127051431e-05
RE1,UPSREF_BAR,GSL,1.0,2025,1.165876127051431e-05
RE1,UPSREF_BAR,GSL,1.0,2026,1.165876127051431e-05
RE1,UPSREF_BAR,GSL,1.0,2027,1.165876127051431e-05
RE1,UPSREF_BAR,GSL,1.0,2028,1.165876127051431e-05
RE1,UPSREF_BAR,GSL,1.0,2029,1.165876127051431e-05
RE1,UPSREF_BAR,GSL,1.0,2030,1.165876127051431e-05
RE1,UPSREF_BAR,GSL,1.0,2031,1.165876127051431e-05
RE1,UPSREF_BAR,GSL,1.0,2032,1.165876127051431e-05
RE1,UPSREF_BAR,GSL,1.0,2033,1.165876127051431e-05
RE1,UPSREF_BAR,GSL,1.0,2034,1.165876127051431e-05
RE1,UPSREF_BAR,GSL,1.0,2035,1.165876127051431e-05
RE1,UPSREF_BAR,GSL,1.0,2036,1.165876127051431e-05
RE1,UPSREF_BAR,GSL,1.0,2037,1.165876127051431e-05
RE1,UPSREF_BAR,GSL,1.0,2038,1.165876127051431e-05
RE1,UPSREF_BAR,GSL,1.0,2039,1.165876127051431e-05
RE1,UPSREF_BAR,GSL,1.0,2040,1.165876127051431e-05
RE1,UPSREF_BAR,GSL,1.0,2041,1.165876127051431e-05
RE1,UPSREF_BAR,GSL,1.0,2042,1.165876127051431e-05
RE1,UPSREF_BAR,GSL,1.0,2043,1.165876127051431e-05
RE1,UPSREF_BAR,GSL,1.0,2044,1.165876127051431e-05
RE1,UPSREF_BAR,GSL,1.0,2045,1.165876127051431e-05
RE1,UPSREF_BAR,GSL,1.0,2046,1.165876127051431e-05
RE1,UPSREF_BAR,GSL,1.0,2047,1.165876127051431e-05
RE1,UPSREF_BAR,GSL,1.0,2048,1.165876127051431e-05
RE1,UPSREF_BAR,GSL,1.0,2049,1.165876127051431e-05
RE1,UPSREF_BAR,GSL,1.0,2050,1.165876127051431e-05
RE1,UPSREF_BAR,GSL,1.0,2051,1.165876127051431e-05
RE1,UPSREF_BAR,GSL,1.0,2052,1.165876127051431e-05
RE1,UPSREF_BAR,GSL,1.0,2053,1.165876127051431e-05
RE1,UPSREF_BAR,GSL,1.0,2054,1.165876127051431e-05
RE1,UPSREF_BAR,GSL,1.0,2055,1.165876127051431e-05
RE1,UPSREF_BAR,LPG,1.0,2022,0.0013177922070936
RE1,UPSREF_BAR,LPG,1.0,2023,0.0011595759601167
RE1,UPSREF_BAR,LPG,1.0,2024,0.0012386840836052
RE1,UPSREF_BAR,LPG,1.0,2025,0.0012386840836052
RE1,UPSREF_BAR,LPG,1.0,2026,0.0012386840836052
RE1,UPSREF_BAR,LPG,1.0,2027,0.0012386840836052
RE1,UPSREF_BAR,LPG,1.0,2028,0.0012386840836052
RE1,UPSREF_BAR,LPG,1.0,2029,0.0012386840836052
RE1,UPSREF_BAR,LPG,1.0,2030,0.0012386840836052
RE1,UPSREF_BAR,LPG,1.0,2031,0.0012386840836052
RE1,UPSREF_BAR,LPG,1.0,2032,0.0012386840836052
RE1,UPSREF_BAR,LPG,1.0,2033,0.0012386840836052
RE1,UPSREF_BAR,LPG,1.0,2034,0.0012386840836052
RE1,UPSREF_BAR,LPG,1.0,2035,0.0012386840836052
RE1,UPSREF_BAR,LPG,1.0,2036,0.0012386840836052
RE1,UPSREF_BAR,LPG,1.0,2037,0.0012386840836052
RE1,UPSREF_BAR,LPG,1.0,2038,0.0012386840836052
RE1,UPSREF_BAR,LPG,1.0,2039,0.0012386840836052
RE1,UPSREF_BAR,LPG,1.0,2040,0.0012386840836052
RE1,UPSREF_BAR,LPG,1.0,2041,0.0012386840836052
RE1,UPSREF_BAR,LPG,1.0,2042,0.0012386840836052
RE1,UPSREF_BAR,LPG,1.0,2043,0.0012386840836052
RE1,UPSREF_BAR,LPG,1.0,2044,0.0012386840836052
RE1,UPSREF_BAR,LPG,1.0,2045,0.0012386840836052
RE1,UPSREF_BAR,LPG,1.0,2046,0.0012386840836052
RE1,UPSREF_BAR,LPG,1.0,2047,0.0012386840836052
RE1,UPSREF_BAR,LPG,1.0,2048,0.0012386840836052
RE1,UPSREF_BAR,LPG,1.0,2049,0.0012386840836052
RE1,UPSREF_BAR,LPG,1.0,2050,0.0012386840836052
RE1,UPSREF_BAR,LPG,1.0,2051,0.0012386840836052
RE1,UPSREF_BAR,LPG,1.0,2052,0.0012386840836052
RE1,UPSREF_BAR,LPG,1.0,2053,0.0012386840836052
RE1,UPSREF_BAR,LPG,1.0,2054,0.0012386840836052
RE1,UPSREF_BAR,LPG,1.0,2055,0.0012386840836052
RE1,UPSREF_BAR,OIL_1LIV,1.0,2022,0.2308957222335012
RE1,UPSREF_BAR,OIL_1LIV,1.0,2023,0.2308957222335006
RE1,UPSREF_BAR,OIL_1LIV,1.0,2024,0.2462359431937023
RE1,UPSREF_BAR,OIL_1LIV,1.0,2025,0.2462359431937023
RE1,UPSREF_BAR,OIL_1LIV,1.0,2026,0.2385590512920895
RE1,UPSREF_BAR,OIL_1LIV,1.0,2027,0.2558273118508281
RE1,UPSREF_BAR,OIL_1LIV,1.0,2028,0.3505538202014992
RE1,UPSREF_BAR,OIL_1LIV,1.0,2029,0.3223522341437933
RE1,UPSREF_BAR,OIL_1LIV,1.0,2030,0.2536811214437852
RE1,UPSREF_BAR,OIL_1LIV,1.0,2031,0.1861155077718454
RE1,UPSREF_BAR,OIL_1LIV,1.0,2032,0.1347388158811035
RE1,UPSREF_BAR,OIL_1LIV,1.0,2033,0.1053774438183475
RE1,UPSREF_BAR,OIL_1LIV,1.0,2034,0.0838185053160267
RE1,UPSREF_BAR,OIL_1LIV,1.0,2035,0.0651477788675025
RE1,UPSREF_BAR,OIL_1LIV,1.0,2036,0.0486947823864673
RE1,UPSREF_BAR,OIL_1LIV,1.0,2037,0.027943005194357
RE1,UPSREF_BAR,OIL_1LIV,1.0,2038,0.0242902639139519
RE1,UPSREF_BAR,OIL_1LIV,1.0,2039,0.0118215362600879
RE1,UPSREF_BAR,OIL_1LIV,1.0,2040,0.0103943719563861
RE1,UPSREF_BAR,OIL_1LIV,1.0,2041,0.0060212007881678
RE1,UPSREF_BAR,OIL_1LIV,1.0,2042,0.0054637964333861
RE1,UPSREF_BAR,OIL_1LIV,1.0,2043,0.004993955273914
RE1,UPSREF_BAR,OIL_1LIV,1.0,2044,0.0043817437527512
RE1,UPSREF_BAR,OIL_1LIV,1.0,2045,0.0031563557224599
RE1,UPSREF_BAR,OIL_1LIV,1.0,2046,0.0029164774207688
RE1,UPSREF_BAR,OIL_1LIV,1.0,2047,0.0026358807541289
RE1,UPSREF_BAR,OIL_1LIV,1.0,2048,0.0024637281348313
RE1,UPSREF_BAR,OIL_1LIV,1.0,2049,0.0023267035162039
RE1,UPSREF_BAR,OIL_1LIV,1.0,2050,0.0023267035162039
RE1,UPSREF_BAR,OIL_1LIV,1.0,2051,0.0023267035162039
RE1,UPSREF_BAR,OIL_1LIV,1.0,2052,0.0023267035162039
RE1,UPSREF_BAR,OIL_1LIV,1.0,2053,0.0023267035162039
RE1,UPSREF_BAR,OIL_1LIV,1.0,2054,0.0023267035162039
RE1,UPSREF_BAR,OIL_1LIV,1.0,2055,0.0023267035162039
RE1,UPSREF_BAR,OIL_2MID,1.0,2022,1.087244383563912
RE1,UPSREF_BAR,OIL_2MID,1.0,2023,1.087244383563909
RE1,UPSREF_BAR,OIL_2MID,1.0,2024,1.159478589205631
RE1,UPSREF_BAR,OIL_2MID,1.0,2025,1.159478589205631
RE1,UPSREF_BAR,OIL_2MID,1.0,2026,1.173556045386813
RE1,UPSREF_BAR,OIL_2MID,1.0,2027,1.141890472332473
RE1,UPSREF_BAR,OIL_2MID,1.0,2028,0.9681862848054
RE1,UPSREF_BAR,OIL_2MID,1.0,2029,1.019900780340205
RE1,UPSREF_BAR,OIL_2MID,1.0,2030,1.145826036594519
RE1,UPSREF_BAR,OIL_2MID,1.0,2031,1.167702245742568
RE1,UPSREF_BAR,OIL_2MID,1.0,2032,1.261913957734236
RE1,UPSREF_BAR,OIL_2MID,1.0,2033,1.315755204156625
RE1,UPSREF_BAR,OIL_2MID,1.0,2034,1.355288783106124
RE1,UPSREF_BAR,OIL_2MID,1.0,2035,1.389526119884916
RE1,UPSREF_BAR,OIL_2MID,1.0,2036,1.419696707145918
RE1,UPSREF_BAR,OIL_2MID,1.0,2037,1.457750158705158
RE1,UPSREF_BAR,OIL_2MID,1.0,2038,1.464448351929071
RE1,UPSREF_BAR,OIL_2MID,1.0,2039,1.487312809242253
RE1,UPSREF_BAR,OIL_2MID,1.0,2040,1.489929863540554
RE1,UPSREF_BAR,OIL_2MID,1.0,2041,1.497949140909883
RE1,UPSREF_BAR,OIL_2MID,1.0,2042,1.498971277925775
RE1,UPSREF_BAR,OIL_2MID,1.0,2043,1.499832846438052
RE1,UPSREF_BAR,OIL_2MID,1.0,2044,1.500955485778738
RE1,UPSREF_BAR,OIL_2MID,1.0,2045,1.503202534001155
RE1,UPSREF_BAR,OIL_2MID,1.0,2046,1.503642409451291
RE1,UPSREF_BAR,OIL_2MID,1.0,2047,1.504156951967977
RE1,UPSREF_BAR,OIL_2MID,1.0,2048,1.504472635839198
RE1,UPSREF_BAR,OIL_2MID,1.0,2049,1.50472390394212
RE1,UPSREF_BAR,OIL_2MID,1.0,2050,1.50472390394212
RE1,UPSREF_BAR,OIL_2MID,1.0,2051,1.50472390394212
RE1,UPSREF_BAR,OIL_2MID,1.0,2052,1.50472390394212
RE1,UPSREF_BAR,OIL_2MID,1.0,2053,1.50472390394212
RE1,UPSREF_BAR,OIL_2MID,1.0,2054,1.50472390394212
RE1,UPSREF_BAR,OIL_2MID,1.0,2055,1.50472390394212
RE1,UPSREF_BAR,OIL_3PES,1.0,2022,0.2666459480853174
RE1,UPSREF_BAR,OIL_3PES,1.0,2023,0.2666459480853167
RE1,UPSREF_BAR,OIL_3PES,1.0,2024,0.2843613380553166
RE1,UPSREF_BAR,OIL_3PES,1.0,2025,0.2843613380553166
RE1,UPSREF_BAR,OIL_3PES,1.0,2026,0.2779607737757468
RE1,UPSREF_BAR,OIL_3PES,1.0,2027,0.292358086271349
RE1,UPSREF_BAR,OIL_3PES,1.0,2028,0.3713357654477507
RE1,UPSREF_BAR,OIL_3PES,1.0,2029,0.3478228559706512
RE1,UPSREF_BAR,OIL_3PES,1.0,2030,0.2905687124163455
RE1,UPSREF_BAR,OIL_3PES,1.0,2031,0.2292293531415565
RE1,UPSREF_BAR,OIL_3PES,1.0,2032,0.1863943330406302
RE1,UPSREF_BAR,OIL_3PES,1.0,2033,0.1619144586809976
RE1,UPSREF_BAR,OIL_3PES,1.0,2034,0.1439398182338187
RE1,UPSREF_BAR,OIL_3PES,1.0,2035,0.1283732079035513
RE1,UPSREF_BAR,OIL_3PES,1.0,2036,0.1146556171235844
RE1,UPSREF_BAR,OIL_3PES,1.0,2037,0.0973539427564551
RE1,UPSREF_BAR,OIL_3PES,1.0,2038,0.0943084908129472
RE1,UPSREF_BAR,OIL_3PES,1.0,2039,0.083912761153629
RE1,UPSREF_BAR,OIL_3PES,1.0,2040,0.0827228711590302
RE1,UPSREF_BAR,OIL_3PES,1.0,2041,0.0790767649579188
RE1,UPSREF_BAR,OIL_3PES,1.0,2042,0.0786120322968085
RE1,UPSREF_BAR,OIL_3PES,1.0,2043,0.0782203049440043
RE1,UPSREF_BAR,OIL_3PES,1.0,2044,0.0777098771244811
RE1,UPSREF_BAR,OIL_3PES,1.0,2045,0.0766882169323545
RE1,UPSREF_BAR,OIL_3PES,1.0,2046,0.0764882197839097
RE1,UPSREF_BAR,OIL_3PES,1.0,2047,0.0762542739338645
RE1,UPSREF_BAR,OIL_3PES,1.0,2048,0.0761107426819404
RE1,UPSREF_BAR,OIL_3PES,1.0,2049,0.0759964991976453
RE1,UPSREF_BAR,OIL_3PES,1.0,2050,0.0759964991976453
RE1,UPSREF_BAR,OIL_3PES,1.0,2051,0.0759964991976453
RE1,UPSREF_BAR,OIL_3PES,1.0,2052,0.0759964991976453
RE1,UPSREF_BAR,OIL_3PES,1.0,2053,0.0759964991976453
RE1,UPSREF_BAR,OIL_3PES,1.0,2054,0.0759964991976453
RE1,UPSREF_BAR,OIL_3PES,1.0,2055,0.0759964991976453
RE1,UPSREF_BAR,NGS,1.0,2022,0.0837471419613257
RE1,UPSREF_BAR,NGS,1.0,2023,0.0794243452901798
RE1,UPSREF_BAR,NGS,1.0,2024,0.0815857436257527
RE1,UPSREF_BAR,NGS,1.0,2025,0.0815857436257527
RE1,UPSREF_BAR,NGS,1.0,2026,0.0815857436257527
RE1,UPSREF_BAR,NGS,1.0,2027,0.0815857436257527
RE1,UPSREF_BAR,NGS,1.0,2028,0.0815857436257527
RE1,UPSREF_BAR,NGS,1.0,2029,0.0815857436257527
RE1,UPSREF_BAR,NGS,1.0,2030,0.0815857436257527
RE1,UPSREF_BAR,NGS,1.0,2031,0.0815857436257527
RE1,UPSREF_BAR,NGS,1.0,2032,0.0815857436257527
RE1,UPSREF_BAR,NGS,1.0,2033,0.0815857436257527
RE1,UPSREF_BAR,NGS,1.0,2034,0.0815857436257527
RE1,UPSREF_BAR,NGS,1.0,2035,0.0815857436257527
RE1,UPSREF_BAR,NGS,1.0,2036,0.0815857436257527
RE1,UPSREF_BAR,NGS,1.0,2037,0.0815857436257527
RE1,UPSREF_BAR,NGS,1.0,2038,0.0815857436257527
RE1,UPSREF_BAR,NGS,1.0,2039,0.0815857436257527
RE1,UPSREF_BAR,NGS,1.0,2040,0.0815857436257527
RE1,UPSREF_BAR,NGS,1.0,2041,0.0815857436257527
RE1,UPSREF_BAR,NGS,1.0,2042,0.0815857436257527
RE1,UPSREF_BAR,NGS,1.0,2043,0.0815857436257527
RE1,UPSREF_BAR,NGS,1.0,2044,0.0815857436257527
RE1,UPSREF_BAR,NGS,1.0,2045,0.0815857436257527
RE1,UPSREF_BAR,NGS,1.0,2046,0.0815857436257527
RE1,UPSREF_BAR,NGS,1.0,2047,0.0815857436257527
RE1,UPSREF_BAR,NGS,1.0,2048,0.0815857436257527
RE1,UPSREF_BAR,NGS,1.0,2049,0.0815857436257527
RE1,UPSREF_BAR,NGS,1.0,2050,0.0815857436257527
RE1,UPSREF_BAR,NGS,1.0,2051,0.0815857436257527
RE1,UPSREF_BAR,NGS,1.0,2052,0.0815857436257527
RE1,UPSREF_BAR,NGS,1.0,2053,0.0815857436257527
RE1,UPSREF_BAR,NGS,1.0,2054,0.0815857436257527
RE1,UPSREF_BAR,NGS,1.0,2055,0.0815857436257527
RE1,UPSREF_CAR,ELC,1.0,2022,0.0003119475789925
RE1,UPSREF_CAR,ELC,1.0,2023,0.0004574825483343
RE1,UPSREF_CAR,ELC,1.0,2024,0.0003847150636634
RE1,UPSREF_CAR,ELC,1.0,2025,0.0003847150636634
RE1,UPSREF_CAR,ELC,1.0,2026,0.0003847150636634
RE1,UPSREF_CAR,ELC,1.0,2027,0.0003847150636634
RE1,UPSREF_CAR,ELC,1.0,2028,0.0003847150636634
RE1,UPSREF_CAR,ELC,1.0,2029,0.0003847150636634
RE1,UPSREF_CAR,ELC,1.0,2030,0.0003847150636634
RE1,UPSREF_CAR,ELC,1.0,2031,0.0003847150636634
RE1,UPSREF_CAR,ELC,1.0,2032,0.0003847150636634
RE1,UPSREF_CAR,ELC,1.0,2033,0.0003847150636634
RE1,UPSREF_CAR,ELC,1.0,2034,0.0003847150636634
RE1,UPSREF_CAR,ELC,1.0,2035,0.0003847150636634
RE1,UPSREF_CAR,ELC,1.0,2036,0.0003847150636634
RE1,UPSREF_CAR,ELC,1.0,2037,0.0003847150636634
RE1,UPSREF_CAR,ELC,1.0,2038,0.0003847150636634
RE1,UPSREF_CAR,ELC,1.0,2039,0.0003847150636634
RE1,UPSREF_CAR,ELC,1.0,2040,0.0003847150636634
RE1,UPSREF_CAR,ELC,1.0,2041,0.0003847150636634
RE1,UPSREF_CAR,ELC,1.0,2042,0.0003847150636634
RE1,UPSREF_CAR,ELC,1.0,2043,0.0003847150636634
RE1,UPSREF_CAR,ELC,1.0,2044,0.0003847150636634
RE1,UPSREF_CAR,ELC,1.0,2045,0.0003847150636634
RE1,UPSREF_CAR,ELC,1.0,2046,0.0003847150636634
RE1,UPSREF_CAR,ELC,1.0,2047,0.0003847150636634
RE1,UPSREF_CAR,ELC,1.0,2048,0.0003847150636634
RE1,UPSREF_CAR,ELC,1.0,2049,0.0003847150636634
RE1,UPSREF_CAR,ELC,1.0,2050,0.0003847150636634
RE1,UPSREF_CAR,ELC,1.0,2051,0.0003847150636634
RE1,UPSREF_CAR,ELC,1.0,2052,0.0003847150636634
RE1,UPSREF_CAR,ELC,1.0,2053,0.0003847150636634
RE1,UPSREF_CAR,ELC,1.0,2054,0.0003847150636634
RE1,UPSREF_CAR,ELC,1.0,2055,0.0003847150636634
RE1,UPSREF_CAR,DSL,1.0,2022,0.0001901514668345
RE1,UPSREF_CAR,DSL,1.0,2023,0.00020589512368
RE1,UPSREF_CAR,DSL,1.0,2024,0.0001980232952573
RE1,UPSREF_CAR,DSL,1.0,2025,0.0001980232952573
RE1,UPSREF_CAR,DSL,1.0,2026,0.0001980232952573
RE1,UPSREF_CAR,DSL,1.0,2027,0.0001980232952573
RE1,UPSREF_CAR,DSL,1.0,2028,0.0001980232952573
RE1,UPSREF_CAR,DSL,1.0,2029,0.0001980232952573
RE1,UPSREF_CAR,DSL,1.0,2030,0.0001980232952573
RE1,UPSREF_CAR,DSL,1.0,2031,0.0001980232952573
RE1,UPSREF_CAR,DSL,1.0,2032,0.0001980232952573
RE1,UPSREF_CAR,DSL,1.0,2033,0.0001980232952573
RE1,UPSREF_CAR,DSL,1.0,2034,0.0001980232952573
RE1,UPSREF_CAR,DSL,1.0,2035,0.0001980232952573
RE1,UPSREF_CAR,DSL,1.0,2036,0.0001980232952573
RE1,UPSREF_CAR,DSL,1.0,2037,0.0001980232952573
RE1,UPSREF_CAR,DSL,1.0,2038,0.0001980232952573
RE1,UPSREF_CAR,DSL,1.0,2039,0.0001980232952573
RE1,UPSREF_CAR,DSL,1.0,2040,0.0001980232952573
RE1,UPSREF_CAR,DSL,1.0,2041,0.0001980232952573
RE1,UPSREF_CAR,DSL,1.0,2042,0.0001980232952573
RE1,UPSREF_CAR,DSL,1.0,2043,0.0001980232952573
RE1,UPSREF_CAR,DSL,1.0,2044,0.0001980232952573
RE1,UPSREF_CAR,DSL,1.0,2045,0.0001980232952573
RE1,UPSREF_CAR,DSL,1.0,2046,0.0001980232952573
RE1,UPSREF_CAR,DSL,1.0,2047,0.0001980232952573
RE1,UPSREF_CAR,DSL,1.0,2048,0.0001980232952573
RE1,UPSREF_CAR,DSL,1.0,2049,0.0001980232952573
RE1,UPSREF_CAR,DSL,1.0,2050,0.0001980232952573
RE1,UPSREF_CAR,DSL,1.0,2051,0.0001980232952573
RE1,UPSREF_CAR,DSL,1.0,2052,0.0001980232952573
RE1,UPSREF_CAR,DSL,1.0,2053,0.0001980232952573
RE1,UPSREF_CAR,DSL,1.0,2054,0.0001980232952573
RE1,UPSREF_CAR,DSL,1.0,2055,0.0001980232952573
RE1,UPSREF_CAR,GSL,1.0,2022,1.0946167886318e-05
RE1,UPSREF_CAR,GSL,1.0,2023,9.631953405135184e-06
RE1,UPSREF_CAR,GSL,1.0,2024,1.028906064572659e-05
RE1,UPSREF_CAR,GSL,1.0,2025,1.028906064572659e-05
RE1,UPSREF_CAR,GSL,1.0,2026,1.028906064572659e-05
RE1,UPSREF_CAR,GSL,1.0,2027,1.028906064572659e-05
RE1,UPSREF_CAR,GSL,1.0,2028,1.028906064572659e-05
RE1,UPSREF_CAR,GSL,1.0,2029,1.028906064572659e-05
RE1,UPSREF_CAR,GSL,1.0,2030,1.028906064572659e-05
RE1,UPSREF_CAR,GSL,1.0,2031,1.028906064572659e-05
RE1,UPSREF_CAR,GSL,1.0,2032,1.028906064572659e-05
RE1,UPSREF_CAR,GSL,1.0,2033,1.028906064572659e-05
RE1,UPSREF_CAR,GSL,1.0,2034,1.028906064572659e-05
RE1,UPSREF_CAR,GSL,1.0,2035,1.028906064572659e-05
RE1,UPSREF_CAR,GSL,1.0,2036,1.028906064572659e-05
RE1,UPSREF_CAR,GSL,1.0,2037,1.028906064572659e-05
RE1,UPSREF_CAR,GSL,1.0,2038,1.028906064572659e-05
RE1,UPSREF_CAR,GSL,1.0,2039,1.028906064572659e-05
RE1,UPSREF_CAR,GSL,1.0,2040,1.028906064572659e-05
RE1,UPSREF_CAR,GSL,1.0,2041,1.028906064572659e-05
RE1,UPSREF_CAR,GSL,1.0,2042,1.028906064572659e-05
RE1,UPSREF_CAR,GSL,1.0,2043,1.028906064572659e-05
RE1,UPSREF_CAR,GSL,1.0,2044,1.028906064572659e-05
RE1,UPSREF_CAR,GSL,1.0,2045,1.028906064572659e-05
RE1,UPSREF_CAR,GSL,1.0,2046,1.028906064572659e-05
RE1,UPSREF_CAR,GSL,1.0,2047,1.028906064572659e-05
RE1,UPSREF_CAR,GSL,1.0,2048,1.028906064572659e-05
RE1,UPSREF_CAR,GSL,1.0,2049,1.028906064572659e-05
RE1,UPSREF_CAR,GSL,1.0,2050,1.028906064572659e-05
RE1,UPSREF_CAR,GSL,1.0,2051,1.028906064572659e-05
RE1,UPSREF_CAR,GSL,1.0,2052,1.028906064572659e-05
RE1,UPSREF_CAR,GSL,1.0,2053,1.028906064572659e-05
RE1,UPSREF_CAR,GSL,1.0,2054,1.028906064572659e-05
RE1,UPSREF_CAR,GSL,1.0,2055,1.028906064572659e-05
RE1,UPSREF_CAR,LPG,1.0,2022,0.0011629746610854
RE1,UPSREF_CAR,LPG,1.0,2023,0.00102334605711
RE1,UPSREF_CAR,LPG,1.0,2024,0.0010931603590977
RE1,UPSREF_CAR,LPG,1.0,2025,0.0010931603590977
RE1,UPSREF_CAR,LPG,1.0,2026,0.0010931603590977
RE1,UPSREF_CAR,LPG,1.0,2027,0.0010931603590977
RE1,UPSREF_CAR,LPG,1.0,2028,0.0010931603590977
RE1,UPSREF_CAR,LPG,1.0,2029,0.0010931603590977
RE1,UPSREF_CAR,LPG,1.0,2030,0.0010931603590977
RE1,UPSREF_CAR,LPG,1.0,2031,0.0010931603590977
RE1,UPSREF_CAR,LPG,1.0,2032,0.0010931603590977
RE1,UPSREF_CAR,LPG,1.0,2033,0.0010931603590977
RE1,UPSREF_CAR,LPG,1.0,2034,0.0010931603590977
RE1,UPSREF_CAR,LPG,1.0,2035,0.0010931603590977
RE1,UPSREF_CAR,LPG,1.0,2036,0.0010931603590977
RE1,UPSREF_CAR,LPG,1.0,2037,0.0010931603590977
RE1,UPSREF_CAR,LPG,1.0,2038,0.0010931603590977
RE1,UPSREF_CAR,LPG,1.0,2039,0.0010931603590977
RE1,UPSREF_CAR,LPG,1.0,2040,0.0010931603590977
RE1,UPSREF_CAR,LPG,1.0,2041,0.0010931603590977
RE1,UPSREF_CAR,LPG,1.0,2042,0.0010931603590977
RE1,UPSREF_CAR,LPG,1.0,2043,0.0010931603590977
RE1,UPSREF_CAR,LPG,1.0,2044,0.0010931603590977
RE1,UPSREF_CAR,LPG,1.0,2045,0.0010931603590977
RE1,UPSREF_CAR,LPG,1.0,2046,0.0010931603590977
RE1,UPSREF_CAR,LPG,1.0,2047,0.0010931603590977
RE1,UPSREF_CAR,LPG,1.0,2048,0.0010931603590977
RE1,UPSREF_CAR,LPG,1.0,2049,0.0010931603590977
RE1,UPSREF_CAR,LPG,1.0,2050,0.0010931603590977
RE1,UPSREF_CAR,LPG,1.0,2051,0.0010931603590977
RE1,UPSREF_CAR,LPG,1.0,2052,0.0010931603590977
RE1,UPSREF_CAR,LPG,1.0,2053,0.0010931603590977
RE1,UPSREF_CAR,LPG,1.0,2054,0.0010931603590977
RE1,UPSREF_CAR,LPG,1.0,2055,0.0010931603590977
RE1,UPSREF_CAR,OIL_1LIV,1.0,2022,0.2123407255866908
RE1,UPSREF_CAR,OIL_1LIV,1.0,2023,0.2123407255866908
RE1,UPSREF_CAR,OIL_1LIV,1.0,2024,0.2406503756812121
RE1,UPSREF_CAR,OIL_1LIV,1.0,2025,0.2406503756812121
RE1,UPSREF_CAR,OIL_1LIV,1.0,2026,0.2323415378391764
RE1,UPSREF_CAR,OIL_1LIV,1.0,2027,0.1604493846294882
RE1,UPSREF_CAR,OIL_1LIV,1.0,2028,0.0241075695199974
RE1,UPSREF_CAR,OIL_1LIV,1.0,2029,0.0
RE1,UPSREF_CAR,OIL_1LIV,1.0,2030,0.0
RE1,UPSREF_CAR,OIL_1LIV,1.0,2031,0.0
RE1,UPSREF_CAR,OIL_1LIV,1.0,2032,0.0
RE1,UPSREF_CAR,OIL_1LIV,1.0,2033,0.0
RE1,UPSREF_CAR,OIL_1LIV,1.0,2034,0.0
RE1,UPSREF_CAR,OIL_1LIV,1.0,2035,0.0
RE1,UPSREF_CAR,OIL_1LIV,1.0,2036,0.0
RE1,UPSREF_CAR,OIL_1LIV,1.0,2037,0.0
RE1,UPSREF_CAR,OIL_1LIV,1.0,2038,0.0
RE1,UPSREF_CAR,OIL_1LIV,1.0,2039,0.0
RE1,UPSREF_CAR,OIL_1LIV,1.0,2040,0.0
RE1,UPSREF_CAR,OIL_1LIV,1.0,2041,0.0
RE1,UPSREF_CAR,OIL_1LIV,1.0,2042,0.0
RE1,UPSREF_CAR,OIL_1LIV,1.0,2043,0.0
RE1,UPSREF_CAR,OIL_1LIV,1.0,2044,0.0
RE1,UPSREF_CAR,OIL_1LIV,1.0,2045,0.0
RE1,UPSREF_CAR,OIL_1LIV,1.0,2046,0.0
RE1,UPSREF_CAR,OIL_1LIV,1.0,2047,0.0
RE1,UPSREF_CAR,OIL_1LIV,1.0,2048,0.0
RE1,UPSREF_CAR,OIL_1LIV,1.0,2049,0.0
RE1,UPSREF_CAR,OIL_1LIV,1.0,2050,0.0
RE1,UPSREF_CAR,OIL_1LIV,1.0,2051,0.0
RE1,UPSREF_CAR,OIL_1LIV,1.0,2052,0.0
RE1,UPSREF_CAR,OIL_1LIV,1.0,2053,0.0
RE1,UPSREF_CAR,OIL_1LIV,1.0,2054,0.0
RE1,UPSREF_CAR,OIL_1LIV,1.0,2055,0.0
RE1,UPSREF_CAR,OIL_2MID,1.0,2022,0.7623870605027561
RE1,UPSREF_CAR,OIL_2MID,1.0,2023,0.7623870605027561
RE1,UPSREF_CAR,OIL_2MID,1.0,2024,0.8640298841287501
RE1,UPSREF_CAR,OIL_2MID,1.0,2025,0.8640298841287501
RE1,UPSREF_CAR,OIL_2MID,1.0,2026,0.8792661675279246
RE1,UPSREF_CAR,OIL_2MID,1.0,2027,1.011097988211429
RE1,UPSREF_CAR,OIL_2MID,1.0,2028,1.261114004128392
RE1,UPSREF_CAR,OIL_2MID,1.0,2029,1.305321120485106
RE1,UPSREF_CAR,OIL_2MID,1.0,2030,1.305321120484882
RE1,UPSREF_CAR,OIL_2MID,1.0,2031,1.031294001907836
RE1,UPSREF_CAR,OIL_2MID,1.0,2032,1.031294001907836
RE1,UPSREF_CAR,OIL_2MID,1.0,2033,1.031294001907836
RE1,UPSREF_CAR,OIL_2MID,1.0,2034,1.031294001907654
RE1,UPSREF_CAR,OIL_2MID,1.0,2035,1.031294001907827
RE1,UPSREF_CAR,OIL_2MID,1.0,2036,1.031294001907735
RE1,UPSREF_CAR,OIL_2MID,1.0,2037,1.031294001907827
RE1,UPSREF_CAR,OIL_2MID,1.0,2038,1.031294001907664
RE1,UPSREF_CAR,OIL_2MID,1.0,2039,1.031294001907721
RE1,UPSREF_CAR,OIL_2MID,1.0,2040,1.031294001907814
RE1,UPSREF_CAR,OIL_2MID,1.0,2041,1.031294001907793
RE1,UPSREF_CAR,OIL_2MID,1.0,2042,1.031294001907754
RE1,UPSREF_CAR,OIL_2MID,1.0,2043,1.031294001907837
RE1,UPSREF_CAR,OIL_2MID,1.0,2044,1.031294001903936
RE1,UPSREF_CAR,OIL_2MID,1.0,2045,1.031294001907724
RE1,UPSREF_CAR,OIL_2MID,1.0,2046,1.031294001907798
RE1,UPSREF_CAR,OIL_2MID,1.0,2047,1.031294001902146
RE1,UPSREF_CAR,OIL_2MID,1.0,2048,1.031294001907825
RE1,UPSREF_CAR,OIL_2MID,1.0,2049,1.031294001907802
RE1,UPSREF_CAR,OIL_2MID,1.0,2050,1.031294001907802
RE1,UPSREF_CAR,OIL_2MID,1.0,2051,1.031294001907802
RE1,UPSREF_CAR,OIL_2MID,1.0,2052,1.031294001907802
RE1,UPSREF_CAR,OIL_2MID,1.0,2053,1.031294001907802
RE1,UPSREF_CAR,OIL_2MID,1.0,2054,1.031294001907802
RE1,UPSREF_CAR,OIL_2MID,1.0,2055,1.031294001907802
RE1,UPSREF_CAR,OIL_3PES,1.0,2022,0.4238736125119519
RE1,UPSREF_CAR,OIL_3PES,1.0,2023,0.4238736125119519
RE1,UPSREF_CAR,OIL_3PES,1.0,2024,0.4803852101876178
RE1,UPSREF_CAR,OIL_3PES,1.0,2025,0.4803852101876178
RE1,UPSREF_CAR,OIL_3PES,1.0,2026,0.4734577646304789
RE1,UPSREF_CAR,OIL_3PES,1.0,2027,0.4135180971566624
RE1,UPSREF_CAR,OIL_3PES,1.0,2028,0.2998438963491909
RE1,UPSREF_CAR,OIL_3PES,1.0,2029,0.2797443495124736
RE1,UPSREF_CAR,OIL_3PES,1.0,2030,0.2797443495125752
RE1,UPSREF_CAR,OIL_3PES,1.0,2031,0.2210173919599235
RE1,UPSREF_CAR,OIL_3PES,1.0,2032,0.2210173919599236
RE1,UPSREF_CAR,OIL_3PES,1.0,2033,0.2210173919599235
RE1,UPSREF_CAR,OIL_3PES,1.0,2034,0.2210173919600061
RE1,UPSREF_CAR,OIL_3PES,1.0,2035,0.2210173919599278
RE1,UPSREF_CAR,OIL_3PES,1.0,2036,0.2210173919599696
RE1,UPSREF_CAR,OIL_3PES,1.0,2037,0.2210173919599276
RE1,UPSREF_CAR,OIL_3PES,1.0,2038,0.2210173919600016
RE1,UPSREF_CAR,OIL_3PES,1.0,2039,0.2210173919599777
RE1,UPSREF_CAR,OIL_3PES,1.0,2040,0.2210173919599334
RE1,UPSREF_CAR,OIL_3PES,1.0,2041,0.2210173919599431
RE1,UPSREF_CAR,OIL_3PES,1.0,2042,0.2210173919599609
RE1,UPSREF_CAR,OIL_3PES,1.0,2043,0.2210173919599232
RE1,UPSREF_CAR,OIL_3PES,1.0,2044,0.2210173919616869
RE1,UPSREF_CAR,OIL_3PES,1.0,2045,0.221017391959974
RE1,UPSREF_CAR,OIL_3PES,1.0,2046,0.2210173919599612
RE1,UPSREF_CAR,OIL_3PES,1.0,2047,0.2210173919625015
RE1,UPSREF_CAR,OIL_3PES,1.0,2048,0.2210173919599288
RE1,UPSREF_CAR,OIL_3PES,1.0,2049,0.2210173919599391
RE1,UPSREF_CAR,OIL_3PES,1.0,2050,0.2210173919599391
RE1,UPSREF_CAR,OIL_3PES,1.0,2051,0.2210173919599391
RE1,UPSREF_CAR,OIL_3PES,1.0,2052,0.2210173919599391
RE1,UPSREF_CAR,OIL_3PES,1.0,2053,0.2210173919599391
RE1,UPSREF_CAR,OIL_3PES,1.0,2054,0.2210173919599391
RE1,UPSREF_CAR,OIL_3PES,1.0,2055,0.2210173919599391
RE1,UPSREF_CAR,NGS,1.0,2022,0.0739083168917431
RE1,UPSREF_CAR,NGS,1.0,2023,0.0700933732560885
RE1,UPSREF_CAR,NGS,1.0,2024,0.0720008450739158
RE1,UPSREF_CAR,NGS,1.0,2025,0.0720008450739158
RE1,UPSREF_CAR,NGS,1.0,2026,0.0720008450739158
RE1,UPSREF_CAR,NGS,1.0,2027,0.0720008450739158
RE1,UPSREF_CAR,NGS,1.0,2028,0.0720008450739158
RE1,UPSREF_CAR,NGS,1.0,2029,0.0720008450739158
RE1,UPSREF_CAR,NGS,1.0,2030,0.0720008450739158
RE1,UPSREF_CAR,NGS,1.0,2031,0.0720008450739158
RE1,UPSREF_CAR,NGS,1.0,2032,0.0720008450739158
RE1,UPSREF_CAR,NGS,1.0,2033,0.0720008450739158
RE1,UPSREF_CAR,NGS,1.0,2034,0.0720008450739158
RE1,UPSREF_CAR,NGS,1.0,2035,0.0720008450739158
RE1,UPSREF_CAR,NGS,1.0,2036,0.0720008450739158
RE1,UPSREF_CAR,NGS,1.0,2037,0.0720008450739158
RE1,UPSREF_CAR,NGS,1.0,2038,0.0720008450739158
RE1,UPSREF_CAR,NGS,1.0,2039,0.0720008450739158
RE1,UPSREF_CAR,NGS,1.0,2040,0.0720008450739158
RE1,UPSREF_CAR,NGS,1.0,2041,0.0720008450739158
RE1,UPSREF_CAR,NGS,1.0,2042,0.0720008450739158
RE1,UPSREF_CAR,NGS,1.0,2043,0.0720008450739158
RE1,UPSREF_CAR,NGS,1.0,2044,0.0720008450739158
RE1,UPSREF_CAR,NGS,1.0,2045,0.0720008450739158
RE1,UPSREF_CAR,NGS,1.0,2046,0.0720008450739158
RE1,UPSREF_CAR,NGS,1.0,2047,0.0720008450739158
RE1,UPSREF_CAR,NGS,1.0,2048,0.0720008450739158
RE1,UPSREF_CAR,NGS,1.0,2049,0.0720008450739158
RE1,UPSREF_CAR,NGS,1.0,2050,0.0720008450739158
RE1,UPSREF_CAR,NGS,1.0,2051,0.0720008450739158
RE1,UPSREF_CAR,NGS,1.0,2052,0.0720008450739158
RE1,UPSREF_CAR,NGS,1.0,2053,0.0720008450739158
RE1,UPSREF_CAR,NGS,1.0,2054,0.0720008450739158
RE1,UPSREF_CAR,NGS,1.0,2055,0.0720008450739158
RE1,UPSREG,LNG,1.0,2022,1.08695652173913
RE1,UPSREG,LNG,1.0,2023,1.08695652173913
RE1,UPSREG,LNG,1.0,2024,1.08695652173913
RE1,UPSREG,LNG,1.0,2025,1.08695652173913
RE1,UPSREG,LNG,1.0,2026,1.08695652173913
RE1,UPSREG,LNG,1.0,2027,1.08695652173913
RE1,UPSREG,LNG,1.0,2028,1.08695652173913
RE1,UPSREG,LNG,1.0,2029,1.08695652173913
RE1,UPSREG,LNG,1.0,2030,1.08695652173913
RE1,UPSREG,LNG,1.0,2031,1.08695652173913
RE1,UPSREG,LNG,1.0,2032,1.08695652173913
RE1,UPSREG,LNG,1.0,2033,1.08695652173913
RE1,UPSREG,LNG,1.0,2034,1.08695652173913
RE1,UPSREG,LNG,1.0,2035,1.08695652173913
RE1,UPSREG,LNG,1.0,2036,1.08695652173913
RE1,UPSREG,LNG,1.0,2037,1.08695652173913
RE1,UPSREG,LNG,1.0,2038,1.08695652173913
RE1,UPSREG,LNG,1.0,2039,1.08695652173913
RE1,UPSREG,LNG,1.0,2040,1.08695652173913
RE1,UPSREG,LNG,1.0,2041,1.08695652173913
RE1,UPSREG,LNG,1.0,2042,1.08695652173913
RE1,UPSREG,LNG,1.0,2043,1.08695652173913
RE1,UPSREG,LNG,1.0,2044,1.08695652173913
RE1,UPSREG,LNG,1.0,2045,1.08695652173913
RE1,UPSREG,LNG,1.0,2046,1.08695652173913
RE1,UPSREG,LNG,1.0,2047,1.08695652173913
RE1,UPSREG,LNG,1.0,2048,1.08695652173913
RE1,UPSREG,LNG,1.0,2049,1.08695652173913
RE1,UPSREG,LNG,1.0,2050,1.08695652173913
RE1,UPSREG,LNG,1.0,2051,1.08695652173913
RE1,UPSREG,LNG,1.0,2052,1.08695652173913
RE1,UPSREG,LNG,1.0,2053,1.08695652173913
RE1,UPSREG,LNG,1.0,2054,1.08695652173913
RE1,UPSREG,LNG,1.0,2055,1.08695652173913
RE1,UPSSAF,OPL,1.0,2022,1.0
RE1,UPSSAF,OPL,1.0,2023,1.0
RE1,UPSSAF,OPL,1.0,2024,1.0
RE1,UPSSAF,OPL,1.0,2025,1.0
RE1,UPSSAF,OPL,1.0,2026,1.0
RE1,UPSSAF,OPL,1.0,2027,1.0
RE1,UPSSAF,OPL,1.0,2028,1.0
RE1,UPSSAF,OPL,1.0,2029,1.0
RE1,UPSSAF,OPL,1.0,2030,1.0
RE1,UPSSAF,OPL,1.0,2031,1.0
RE1,UPSSAF,OPL,1.0,2032,1.0
RE1,UPSSAF,OPL,1.0,2033,1.0
RE1,UPSSAF,OPL,1.0,2034,1.0
RE1,UPSSAF,OPL,1.0,2035,1.0
RE1,UPSSAF,OPL,1.0,2036,1.0
RE1,UPSSAF,OPL,1.0,2037,1.0
RE1,UPSSAF,OPL,1.0,2038,1.0
RE1,UPSSAF,OPL,1.0,2039,1.0
RE1,UPSSAF,OPL,1.0,2040,1.0
RE1,UPSSAF,OPL,1.0,2041,1.0
RE1,UPSSAF,OPL,1.0,2042,1.0
RE1,UPSSAF,OPL,1.0,2043,1.0
RE1,UPSSAF,OPL,1.0,2044,1.0
RE1,UPSSAF,OPL,1.0,2045,1.0
RE1,UPSSAF,OPL,1.0,2046,1.0
RE1,UPSSAF,OPL,1.0,2047,1.0
RE1,UPSSAF,OPL,1.0,2048,1.0
RE1,UPSSAF,OPL,1.0,2049,1.0
RE1,UPSSAF,OPL,1.0,2050,1.0
RE1,UPSSAF,OPL,1.0,2051,1.0
RE1,UPSSAF,OPL,1.0,2052,1.0
RE1,UPSSAF,OPL,1.0,2053,1.0
RE1,UPSSAF,OPL,1.0,2054,1.0
RE1,UPSSAF,OPL,1.0,2055,1.0
RE1,UPSSAF,HDG,1.0,2022,1.0
RE1,UPSSAF,HDG,1.0,2023,1.0
RE1,UPSSAF,HDG,1.0,2024,1.0
RE1,UPSSAF,HDG,1.0,2025,1.0
RE1,UPSSAF,HDG,1.0,2026,1.0
RE1,UPSSAF,HDG,1.0,2027,1.0
RE1,UPSSAF,HDG,1.0,2028,1.0
RE1,UPSSAF,HDG,1.0,2029,1.0
RE1,UPSSAF,HDG,1.0,2030,1.0
RE1,UPSSAF,HDG,1.0,2031,1.0
RE1,UPSSAF,HDG,1.0,2032,1.0
RE1,UPSSAF,HDG,1.0,2033,1.0
RE1,UPSSAF,HDG,1.0,2034,1.0
RE1,UPSSAF,HDG,1.0,2035,1.0
RE1,UPSSAF,HDG,1.0,2036,1.0
RE1,UPSSAF,HDG,1.0,2037,1.0
RE1,UPSSAF,HDG,1.0,2038,1.0
RE1,UPSSAF,HDG,1.0,2039,1.0
RE1,UPSSAF,HDG,1.0,2040,1.0
RE1,UPSSAF,HDG,1.0,2041,1.0
RE1,UPSSAF,HDG,1.0,2042,1.0
RE1,UPSSAF,HDG,1.0,2043,1.0
RE1,UPSSAF,HDG,1.0,2044,1.0
RE1,UPSSAF,HDG,1.0,2045,1.0
RE1,UPSSAF,HDG,1.0,2046,1.0
RE1,UPSSAF,HDG,1.0,2047,1.0
RE1,UPSSAF,HDG,1.0,2048,1.0
RE1,UPSSAF,HDG,1.0,2049,1.0
RE1,UPSSAF,HDG,1.0,2050,1.0
RE1,UPSSAF,HDG,1.0,2051,1.0
RE1,UPSSAF,HDG,1.0,2052,1.0
RE1,UPSSAF,HDG,1.0,2053,1.0
RE1,UPSSAF,HDG,1.0,2054,1.0
RE1,UPSSAF,HDG,1.0,2055,1.0
RE1,UPSSMR,NGS,1.0,2022,1.515151515151515
RE1,UPSSMR,NGS,1.0,2023,1.515151515151515
RE1,UPSSMR,NGS,1.0,2024,1.515151515151515
RE1,UPSSMR,NGS,1.0,2025,1.515151515151515
RE1,UPSSMR,NGS,1.0,2026,1.515151515151515
RE1,UPSSMR,NGS,1.0,2027,1.515151515151515
RE1,UPSSMR,NGS,1.0,2028,1.515151515151515
RE1,UPSSMR,NGS,1.0,2029,1.515151515151515
RE1,UPSSMR,NGS,1.0,2030,1.515151515151515
RE1,UPSSMR,NGS,1.0,2031,1.515151515151515
RE1,UPSSMR,NGS,1.0,2032,1.515151515151515
RE1,UPSSMR,NGS,1.0,2033,1.515151515151515
RE1,UPSSMR,NGS,1.0,2034,1.515151515151515
RE1,UPSSMR,NGS,1.0,2035,1.515151515151515
RE1,UPSSMR,NGS,1.0,2036,1.515151515151515
RE1,UPSSMR,NGS,1.0,2037,1.515151515151515
RE1,UPSSMR,NGS,1.0,2038,1.515151515151515
RE1,UPSSMR,NGS,1.0,2039,1.515151515151515
RE1,UPSSMR,NGS,1.0,2040,1.515151515151515
RE1,UPSSMR,NGS,1.0,2041,1.515151515151515
RE1,UPSSMR,NGS,1.0,2042,1.515151515151515
RE1,UPSSMR,NGS,1.0,2043,1.515151515151515
RE1,UPSSMR,NGS,1.0,2044,1.515151515151515
RE1,UPSSMR,NGS,1.0,2045,1.515151515151515
RE1,UPSSMR,NGS,1.0,2046,1.515151515151515
RE1,UPSSMR,NGS,1.0,2047,1.515151515151515
RE1,UPSSMR,NGS,1.0,2048,1.515151515151515
RE1,UPSSMR,NGS,1.0,2049,1.515151515151515
RE1,UPSSMR,NGS,1.0,2050,1.515151515151515
RE1,UPSSMR,NGS,1.0,2051,1.515151515151515
RE1,UPSSMR,NGS,1.0,2052,1.515151515151515
RE1,UPSSMR,NGS,1.0,2053,1.515151515151515
RE1,UPSSMR,NGS,1.0,2054,1.515151515151515
RE1,UPSSMR,NGS,1.0,2055,1.515151515151515
RE1,UPSSMRCCS,NGS,1.0,2022,1.515151515151515
RE1,UPSSMRCCS,NGS,1.0,2023,1.515151515151515
RE1,UPSSMRCCS,NGS,1.0,2024,1.515151515151515
RE1,UPSSMRCCS,NGS,1.0,2025,1.515151515151515
RE1,UPSSMRCCS,NGS,1.0,2026,1.515151515151515
RE1,UPSSMRCCS,NGS,1.0,2027,1.515151515151515
RE1,UPSSMRCCS,NGS,1.0,2028,1.515151515151515
RE1,UPSSMRCCS,NGS,1.0,2029,1.515151515151515
RE1,UPSSMRCCS,NGS,1.0,2030,1.515151515151515
RE1,UPSSMRCCS,NGS,1.0,2031,1.515151515151515
RE1,UPSSMRCCS,NGS,1.0,2032,1.515151515151515
RE1,UPSSMRCCS,NGS,1.0,2033,1.515151515151515
RE1,UPSSMRCCS,NGS,1.0,2034,1.515151515151515
RE1,UPSSMRCCS,NGS,1.0,2035,1.515151515151515
RE1,UPSSMRCCS,NGS,1.0,2036,1.515151515151515
RE1,UPSSMRCCS,NGS,1.0,2037,1.515151515151515
RE1,UPSSMRCCS,NGS,1.0,2038,1.515151515151515
RE1,UPSSMRCCS,NGS,1.0,2039,1.515151515151515
RE1,UPSSMRCCS,NGS,1.0,2040,1.515151515151515
RE1,UPSSMRCCS,NGS,1.0,2041,1.515151515151515
RE1,UPSSMRCCS,NGS,1.0,2042,1.515151515151515
RE1,UPSSMRCCS,NGS,1.0,2043,1.515151515151515
RE1,UPSSMRCCS,NGS,1.0,2044,1.515151515151515
RE1,UPSSMRCCS,NGS,1.0,2045,1.515151515151515
RE1,UPSSMRCCS,NGS,1.0,2046,1.515151515151515
RE1,UPSSMRCCS,NGS,1.0,2047,1.515151515151515
RE1,UPSSMRCCS,NGS,1.0,2048,1.515151515151515
RE1,UPSSMRCCS,NGS,1.0,2049,1.515151515151515
RE1,UPSSMRCCS,NGS,1.0,2050,1.515151515151515
RE1,UPSSMRCCS,NGS,1.0,2051,1.515151515151515
RE1,UPSSMRCCS,NGS,1.0,2052,1.515151515151515
RE1,UPSSMRCCS,NGS,1.0,2053,1.515151515151515
RE1,UPSSMRCCS,NGS,1.0,2054,1.515151515151515
RE1,UPSSMRCCS,NGS,1.0,2055,1.515151515151515
