REGION,TECHNOLOGY,YEAR,VALUE
RE1,BACKSTOP_1,2022,0.0
RE1,BACKSTOP_1,2023,0.0
RE1,BACKSTOP_1,2024,0.0
RE1,BACKSTOP_1,2025,0.0
RE1,BACKSTOP_1,2026,0.0
RE1,BACKSTOP_1,2027,0.0
RE1,BACKSTOP_1,2028,0.0
RE1,BACKSTOP_1,2029,0.0
RE1,BACKSTOP_1,2030,0.0
RE1,BACKSTOP_1,2031,0.0
RE1,BACKSTOP_1,2032,0.0
RE1,BACKSTOP_1,2033,0.0
RE1,BACKSTOP_1,2034,0.0
RE1,BACKSTOP_1,2035,0.0
RE1,BACKSTOP_1,2036,0.0
RE1,BACKSTOP_1,2037,0.0
RE1,BACKSTOP_1,2038,0.0
RE1,BACKSTOP_1,2039,0.0
RE1,BACKSTOP_1,2040,0.0
RE1,BACKSTOP_1,2041,0.0
RE1,BACKSTOP_1,2042,0.0
RE1,BACKSTOP_1,2043,0.0
RE1,BACKSTOP_1,2044,0.0
RE1,BACKSTOP_1,2045,0.0
RE1,BACKSTOP_1,2046,0.0
RE1,BACKSTOP_1,2047,0.0
RE1,BACKSTOP_1,2048,0.0
RE1,BACKSTOP_1,2049,0.0
RE1,BACKSTOP_1,2050,0.0
RE1,BACKSTOP_1,2051,0.0
RE1,BACKSTOP_1,2052,0.0
RE1,BACKSTOP_1,2053,0.0
RE1,BACKSTOP_1,2054,0.0
RE1,BACKSTOP_1,2055,0.0
RE1,BACKSTOP_2,2022,0.0
RE1,BACKSTOP_2,2023,0.0
RE1,BACKSTOP_2,2024,0.0
RE1,BACKSTOP_2,2025,0.0
RE1,BACKSTOP_2,2026,0.0
RE1,BACKSTOP_2,2027,0.0
RE1,BACKSTOP_2,2028,0.0
RE1,BACKSTOP_2,2029,0.0
RE1,BACKSTOP_2,2030,0.0
RE1,BACKSTOP_2,2031,0.0
RE1,BACKSTOP_2,2032,0.0
RE1,BACKSTOP_2,2033,0.0
RE1,BACKSTOP_2,2034,0.0
RE1,BACKSTOP_2,2035,0.0
RE1,BACKSTOP_2,2036,0.0
RE1,BACKSTOP_2,2037,0.0
RE1,BACKSTOP_2,2038,0.0
RE1,BACKSTOP_2,2039,0.0
RE1,BACKSTOP_2,2040,0.0
RE1,BACKSTOP_2,2041,0.0
RE1,BACKSTOP_2,2042,0.0
RE1,BACKSTOP_2,2043,0.0
RE1,BACKSTOP_2,2044,0.0
RE1,BACKSTOP_2,2045,0.0
RE1,BACKSTOP_2,2046,0.0
RE1,BACKSTOP_2,2047,0.0
RE1,BACKSTOP_2,2048,0.0
RE1,BACKSTOP_2,2049,0.0
RE1,BACKSTOP_2,2050,0.0
RE1,BACKSTOP_2,2051,0.0
RE1,BACKSTOP_2,2052,0.0
RE1,BACKSTOP_2,2053,0.0
RE1,BACKSTOP_2,2054,0.0
RE1,BACKSTOP_2,2055,0.0
RE1,BBGDST,2022,0.0
RE1,BBGDST,2023,0.0
RE1,BBGDST,2024,0.0
RE1,BBGDST,2025,0.0
RE1,BBGDST,2026,0.0
RE1,BBGDST,2027,0.0
RE1,BBGDST,2028,0.0
RE1,BBGDST,2029,0.0
RE1,BBGDST,2030,0.0
RE1,BBGDST,2031,0.0
RE1,BBGDST,2032,0.0
RE1,BBGDST,2033,0.0
RE1,BBGDST,2034,0.0
RE1,BBGDST,2035,0.0
RE1,BBGDST,2036,0.0
RE1,BBGDST,2037,0.0
RE1,BBGDST,2038,0.0
RE1,BBGDST,2039,0.0
RE1,BBGDST,2040,0.0
RE1,BBGDST,2041,0.0
RE1,BBGDST,2042,0.0
RE1,BBGDST,2043,0.0
RE1,BBGDST,2044,0.0
RE1,BBGDST,2045,0.0
RE1,BBGDST,2046,0.0
RE1,BBGDST,2047,0.0
RE1,BBGDST,2048,0.0
RE1,BBGDST,2049,0.0
RE1,BBGDST,2050,0.0
RE1,BBGDST,2051,0.0
RE1,BBGDST,2052,0.0
RE1,BBGDST,2053,0.0
RE1,BBGDST,2054,0.0
RE1,BBGDST,2055,0.0
RE1,DEMAGFDSL,2022,21.39170817107899
RE1,DEMAGFDSL,2023,21.75070692033452
RE1,DEMAGFDSL,2024,23.48433960801502
RE1,DEMAGFDSL,2025,24.353422038041
RE1,DEMAGFDSL,2026,25.02159969152332
RE1,DEMAGFDSL,2027,25.73943012880467
RE1,DEMAGFDSL,2028,26.48759604019028
RE1,DEMAGFDSL,2029,27.26009162451188
RE1,DEMAGFDSL,2030,28.05164625206567
RE1,DEMAGFDSL,2031,28.86244353333332
RE1,DEMAGFDSL,2032,29.69949803155579
RE1,DEMAGFDSL,2033,30.56409673888371
RE1,DEMAGFDSL,2034,31.4537852576388
RE1,DEMAGFDSL,2035,32.41861114089633
RE1,DEMAGFDSL,2036,33.41242295177392
RE1,DEMAGFDSL,2037,34.47636576263655
RE1,DEMAGFDSL,2038,35.57251282896465
RE1,DEMAGFDSL,2039,36.70186783584656
RE1,DEMAGFDSL,2040,37.865434871646
RE1,DEMAGFDSL,2041,39.06426129331746
RE1,DEMAGFDSL,2042,40.42108597365747
RE1,DEMAGFDSL,2043,41.81982138156242
RE1,DEMAGFDSL,2044,43.26173347286335
RE1,DEMAGFDSL,2045,44.74812817992526
RE1,DEMAGFDSL,2046,46.28035272359135
RE1,DEMAGFDSL,2047,47.85982566964628
RE1,DEMAGFDSL,2048,49.57129617172102
RE1,DEMAGFDSL,2049,51.4619872410403
RE1,DEMAGFDSL,2050,53.41321740382052
RE1,DEMAGFDSL,2051,55.42679271152783
RE1,DEMAGFDSL,2052,57.50456652875209
RE1,DEMAGFDSL,2053,59.64841217326001
RE1,DEMAGFDSL,2054,61.8779789743438
RE1,DEMAGFDSL,2055,61.8779789743438
RE1,DEMAGFELC,2022,3.187044026954857
RE1,DEMAGFELC,2023,3.351383972607565
RE1,DEMAGFELC,2024,3.406067970091571
RE1,DEMAGFELC,2025,3.532115961122605
RE1,DEMAGFELC,2026,3.629025584379814
RE1,DEMAGFELC,2027,3.733136634602677
RE1,DEMAGFELC,2028,3.841647411981113
RE1,DEMAGFELC,2029,3.95368686085269
RE1,DEMAGFELC,2030,4.068490551673469
RE1,DEMAGFELC,2031,4.186085114520813
RE1,DEMAGFELC,2032,4.307487911584928
RE1,DEMAGFELC,2033,4.432885602691693
RE1,DEMAGFELC,2034,4.561922212520638
RE1,DEMAGFELC,2035,4.701856423681391
RE1,DEMAGFELC,2036,4.845994629559388
RE1,DEMAGFELC,2037,5.000304335115323
RE1,DEMAGFELC,2038,5.159284807866439
RE1,DEMAGFELC,2039,5.323081617996461
RE1,DEMAGFELC,2040,5.491840394178453
RE1,DEMAGFELC,2041,5.66571304057644
RE1,DEMAGFELC,2042,5.862501077279783
RE1,DEMAGFELC,2043,6.06536766629266
RE1,DEMAGFELC,2044,6.274496416423308
RE1,DEMAGFELC,2045,6.490076734505123
RE1,DEMAGFELC,2046,6.712304015675426
RE1,DEMAGFELC,2047,6.941384002636089
RE1,DEMAGFELC,2048,7.189608349420947
RE1,DEMAGFELC,2049,7.463826079194737
RE1,DEMAGFELC,2050,7.746824139632172
RE1,DEMAGFELC,2051,8.038864472697721
RE1,DEMAGFELC,2052,8.340215882448545
RE1,DEMAGFELC,2053,8.651150066865064
RE1,DEMAGFELC,2054,8.974516880456846
RE1,DEMAGFELC,2055,8.974516880456846
RE1,DEMAGFGSL,2022,5.814521892440641
RE1,DEMAGFGSL,2023,5.912102044077053
RE1,DEMAGFGSL,2024,6.383324120030612
RE1,DEMAGFGSL,2025,6.619551109184964
RE1,DEMAGFGSL,2026,6.801169779461877
RE1,DEMAGFGSL,2027,6.9962846696769
RE1,DEMAGFGSL,2028,7.199645104232297
RE1,DEMAGFGSL,2029,7.409618634607162
RE1,DEMAGFGSL,2030,7.624772640669208
RE1,DEMAGFGSL,2031,7.845157029941309
RE1,DEMAGFGSL,2032,8.07267844452944
RE1,DEMAGFGSL,2033,8.307686704278417
RE1,DEMAGFGSL,2034,8.549514674571665
RE1,DEMAGFGSL,2035,8.811765878353683
RE1,DEMAGFGSL,2036,9.081895803615923
RE1,DEMAGFGSL,2037,9.371088172670012
RE1,DEMAGFGSL,2038,9.669034043168535
RE1,DEMAGFGSL,2039,9.976006228711544
RE1,DEMAGFGSL,2040,10.29227765251416
RE1,DEMAGFGSL,2041,10.61813299871149
RE1,DEMAGFGSL,2042,10.98693415953746
RE1,DEMAGFGSL,2043,11.36712715690722
RE1,DEMAGFGSL,2044,11.75905609274256
RE1,DEMAGFGSL,2045,12.16307593506488
RE1,DEMAGFGSL,2046,12.57955287459732
RE1,DEMAGFGSL,2047,13.00887249447061
RE1,DEMAGFGSL,2048,13.47407062731
RE1,DEMAGFGSL,2049,13.98798305183452
RE1,DEMAGFGSL,2050,14.51835072534386
RE1,DEMAGFGSL,2051,15.06566455420705
RE1,DEMAGFGSL,2052,15.63042830506548
RE1,DEMAGFGSL,2053,16.21315116807242
RE1,DEMAGFGSL,2054,16.81917406571952
RE1,DEMAGFGSL,2055,16.81917406571952
RE1,DEMAGFNGS,2022,0.1453762574743178
RE1,DEMAGFNGS,2023,0.1463858150573351
RE1,DEMAGFNGS,2024,0.1487279880821016
RE1,DEMAGFNGS,2025,0.1542319487406825
RE1,DEMAGFNGS,2026,0.1584635652026557
RE1,DEMAGFNGS,2027,0.1630096362654551
RE1,DEMAGFNGS,2028,0.1677478240369356
RE1,DEMAGFNGS,2029,0.1726400933524095
RE1,DEMAGFNGS,2030,0.1776530649402064
RE1,DEMAGFNGS,2031,0.1827879016185271
RE1,DEMAGFNGS,2032,0.1880890271138003
RE1,DEMAGFNGS,2033,0.1935645920385801
RE1,DEMAGFNGS,2034,0.1991990525183217
RE1,DEMAGFNGS,2035,0.2053093632556717
RE1,DEMAGFNGS,2036,0.2116032439281182
RE1,DEMAGFNGS,2037,0.2183412691966682
RE1,DEMAGFNGS,2038,0.2252832462987808
RE1,DEMAGFNGS,2039,0.2324355316432947
RE1,DEMAGFNGS,2040,0.2398044841930204
RE1,DEMAGFNGS,2041,0.2473967369338217
RE1,DEMAGFNGS,2042,0.2559896038508986
RE1,DEMAGFNGS,2043,0.2648478943776588
RE1,DEMAGFNGS,2044,0.2739796259021532
RE1,DEMAGFNGS,2045,0.2833930689866569
RE1,DEMAGFNGS,2046,0.2930967556763051
RE1,DEMAGFNGS,2047,0.3030996698488069
RE1,DEMAGFNGS,2048,0.3139385339039224
RE1,DEMAGFNGS,2049,0.3259124145204624
RE1,DEMAGFNGS,2050,0.3382696935088982
RE1,DEMAGFNGS,2051,0.3510218087212374
RE1,DEMAGFNGS,2052,0.364180497646855
RE1,DEMAGFNGS,2053,0.3777576241400105
RE1,DEMAGFNGS,2054,0.3918776287965037
RE1,DEMAGFNGS,2055,0.3918776287965037
RE1,DEMAGFWOO,2022,13.08623519985924
RE1,DEMAGFWOO,2023,13.75968505512133
RE1,DEMAGFWOO,2024,14.58526615232129
RE1,DEMAGFWOO,2025,15.12502152810836
RE1,DEMAGFWOO,2026,15.54000228020696
RE1,DEMAGFWOO,2027,15.98582056399691
RE1,DEMAGFWOO,2028,16.45047910350845
RE1,DEMAGFWOO,2029,16.93024791484764
RE1,DEMAGFWOO,2030,17.42185360228343
RE1,DEMAGFWOO,2031,17.92541019958417
RE1,DEMAGFWOO,2032,18.44527419594734
RE1,DEMAGFWOO,2033,18.98224489522248
RE1,DEMAGFWOO,2034,19.53479796059711
RE1,DEMAGFWOO,2035,20.13401610055097
RE1,DEMAGFWOO,2036,20.75123634216352
RE1,DEMAGFWOO,2037,21.4120123880858
RE1,DEMAGFWOO,2038,22.09278932162261
RE1,DEMAGFWOO,2039,22.79419049494781
RE1,DEMAGFWOO,2040,23.5168395106949
RE1,DEMAGFWOO,2041,24.26138684403978
RE1,DEMAGFWOO,2042,25.10406112890846
RE1,DEMAGFWOO,2043,25.97276463692649
RE1,DEMAGFWOO,2044,26.86828360705315
RE1,DEMAGFWOO,2045,27.79142910621382
RE1,DEMAGFWOO,2046,28.74303784410065
RE1,DEMAGFWOO,2047,29.72399084014486
RE1,DEMAGFWOO,2048,30.78692270032319
RE1,DEMAGFWOO,2049,31.96116191326777
RE1,DEMAGFWOO,2050,33.17299974748448
RE1,DEMAGFWOO,2051,34.4235578756181
RE1,DEMAGFWOO,2052,35.71398735476758
RE1,DEMAGFWOO,2053,37.04545163422176
RE1,DEMAGFWOO,2054,38.43015419520364
RE1,DEMAGFWOO,2055,38.43015419520364
RE1,DEMCONSDSL,2022,0.636751373829963
RE1,DEMCONSDSL,2023,0.5303265350249718
RE1,DEMCONSDSL,2024,0.5393420855571458
RE1,DEMCONSDSL,2025,0.5375126236955514
RE1,DEMCONSDSL,2026,0.5566053788225473
RE1,DEMCONSDSL,2027,0.5769385144400743
RE1,DEMCONSDSL,2028,0.5980192135954672
RE1,DEMCONSDSL,2029,0.6199195455799704
RE1,DEMCONSDSL,2030,0.642532743203322
RE1,DEMCONSDSL,2031,0.6658745191731688
RE1,DEMCONSDSL,2032,0.6901195435850007
RE1,DEMCONSDSL,2033,0.715313232526801
RE1,DEMCONSDSL,2034,0.7414138190774924
RE1,DEMCONSDSL,2035,0.768668953900034
RE1,DEMCONSDSL,2036,0.7969281088323145
RE1,DEMCONSDSL,2037,0.8262263420226534
RE1,DEMCONSDSL,2038,0.8566063509585621
RE1,DEMCONSDSL,2039,0.8881086972169471
RE1,DEMCONSDSL,2040,0.920774704209612
RE1,DEMCONSDSL,2041,0.9546475176136908
RE1,DEMCONSDSL,2042,0.989754332202569
RE1,DEMCONSDSL,2043,1.026158380421601
RE1,DEMCONSDSL,2044,1.063907784240878
RE1,DEMCONSDSL,2045,1.103052457106711
RE1,DEMCONSDSL,2046,1.143644170297212
RE1,DEMCONSDSL,2047,1.185737336904569
RE1,DEMCONSDSL,2048,1.229372880115568
RE1,DEMCONSDSL,2049,1.274601070300951
RE1,DEMCONSDSL,2050,1.321501394921954
RE1,DEMCONSDSL,2051,1.370136194769921
RE1,DEMCONSDSL,2052,1.42056988150132
RE1,DEMCONSDSL,2053,1.472868307114317
RE1,DEMCONSDSL,2054,1.526924025770444
RE1,DEMCONSDSL,2055,1.526924025770444
RE1,DEMCONSELC,2022,0.3453119997522785
RE1,DEMCONSELC,2023,0.4814279997084342
RE1,DEMCONSELC,2024,0.39931199933082
RE1,DEMCONSELC,2025,0.3979575230286451
RE1,DEMCONSELC,2026,0.4120932013423798
RE1,DEMCONSELC,2027,0.4271472185487545
RE1,DEMCONSELC,2028,0.4427547084006467
RE1,DEMCONSELC,2029,0.4589690287456036
RE1,DEMCONSELC,2030,0.4757111324976512
RE1,DEMCONSELC,2031,0.4929926528537407
RE1,DEMCONSELC,2032,0.5109429100855906
RE1,DEMCONSELC,2033,0.5295955288432699
RE1,DEMCONSELC,2034,0.5489195862056716
RE1,DEMCONSELC,2035,0.5690984349724568
RE1,DEMCONSELC,2036,0.5900206288037645
RE1,DEMCONSELC,2037,0.6117121236553288
RE1,DEMCONSELC,2038,0.6342045314105188
RE1,DEMCONSELC,2039,0.6575278825913431
RE1,DEMCONSELC,2040,0.6817127717585237
RE1,DEMCONSELC,2041,0.7067911426209978
RE1,DEMCONSELC,2042,0.7327831293378144
RE1,DEMCONSELC,2043,0.7597355472324067
RE1,DEMCONSELC,2044,0.7876840243052663
RE1,DEMCONSELC,2045,0.8166655149098048
RE1,DEMCONSELC,2046,0.8467183488799527
RE1,DEMCONSELC,2047,0.8778828119660953
RE1,DEMCONSELC,2048,0.9101892024148792
RE1,DEMCONSELC,2049,0.9436747388353932
RE1,DEMCONSELC,2050,0.9783982712560668
RE1,DEMCONSELC,2051,1.014405954847612
RE1,DEMCONSELC,2052,1.051745477984465
RE1,DEMCONSELC,2053,1.09046559542497
RE1,DEMCONSELC,2054,1.130486757633265
RE1,DEMCONSELC,2055,1.130486757633265
RE1,DEMCONSGSL,2022,7.739926536101362
RE1,DEMCONSGSL,2023,9.157492474070112
RE1,DEMCONSGSL,2024,9.313169834635785
RE1,DEMCONSGSL,2025,9.28157932931592
RE1,DEMCONSGSL,2026,9.611266323656707
RE1,DEMCONSGSL,2027,9.962371772958136
RE1,DEMCONSGSL,2028,10.32638588705092
RE1,DEMCONSGSL,2029,10.70455313316131
RE1,DEMCONSGSL,2030,11.09502989292113
RE1,DEMCONSGSL,2031,11.49808748785115
RE1,DEMCONSGSL,2032,11.91674205985442
RE1,DEMCONSGSL,2033,12.35177783799807
RE1,DEMCONSGSL,2034,12.80247360574833
RE1,DEMCONSGSL,2035,13.27310570783251
RE1,DEMCONSGSL,2036,13.76107487677979
RE1,DEMCONSGSL,2037,14.26698648439061
RE1,DEMCONSGSL,2038,14.79157781589332
RE1,DEMCONSGSL,2039,15.3355492743616
RE1,DEMCONSGSL,2040,15.89961441796674
RE1,DEMCONSGSL,2041,16.48451827111818
RE1,DEMCONSGSL,2042,17.09073042361792
RE1,DEMCONSGSL,2043,17.71934275113893
RE1,DEMCONSGSL,2044,18.37118620697088
RE1,DEMCONSGSL,2045,19.04712267898597
RE1,DEMCONSGSL,2046,19.74804613544394
RE1,DEMCONSGSL,2047,20.4748961625227
RE1,DEMCONSGSL,2048,21.22837940744846
RE1,DEMCONSGSL,2049,22.00936392133923
RE1,DEMCONSGSL,2050,22.81922226577705
RE1,DEMCONSGSL,2051,23.65903091966642
RE1,DEMCONSGSL,2052,24.52990212088398
RE1,DEMCONSGSL,2053,25.43297297862126
RE1,DEMCONSGSL,2054,26.36638815585105
RE1,DEMCONSGSL,2055,26.36638815585105
RE1,DEMCONSNGS,2022,0.1090321931093702
RE1,DEMCONSNGS,2023,0.08177414487463
RE1,DEMCONSNGS,2024,0.0830825310224671
RE1,DEMCONSNGS,2025,0.0828007129965043
RE1,DEMCONSNGS,2026,0.0857418415726369
RE1,DEMCONSNGS,2027,0.0888740435942575
RE1,DEMCONSNGS,2028,0.0921214034581628
RE1,DEMCONSNGS,2029,0.0954950230221269
RE1,DEMCONSNGS,2030,0.0989784554175769
RE1,DEMCONSNGS,2031,0.1025741210963102
RE1,DEMCONSNGS,2032,0.1063089269769892
RE1,DEMCONSNGS,2033,0.1101898691454745
RE1,DEMCONSNGS,2034,0.114210513648976
RE1,DEMCONSNGS,2035,0.118409009640766
RE1,DEMCONSNGS,2036,0.122762169127485
RE1,DEMCONSNGS,2037,0.1272753926142546
RE1,DEMCONSNGS,2038,0.1319552574022456
RE1,DEMCONSNGS,2039,0.1368080117679448
RE1,DEMCONSNGS,2040,0.1418400213441021
RE1,DEMCONSNGS,2041,0.1470579324729091
RE1,DEMCONSNGS,2042,0.1524659343520271
RE1,DEMCONSNGS,2043,0.1580737675741958
RE1,DEMCONSNGS,2044,0.1638888450507753
RE1,DEMCONSNGS,2045,0.1699188556596828
RE1,DEMCONSNGS,2046,0.176171774467087
RE1,DEMCONSNGS,2047,0.1826559834953458
RE1,DEMCONSNGS,2048,0.1893777867248584
RE1,DEMCONSNGS,2049,0.1963449280156875
RE1,DEMCONSNGS,2050,0.2035696519518199
RE1,DEMCONSNGS,2051,0.2110615617718483
RE1,DEMCONSNGS,2052,0.218830579719169
RE1,DEMCONSNGS,2053,0.2268868499134919
RE1,DEMCONSNGS,2054,0.2352138209444104
RE1,DEMCONSNGS,2055,0.2352138209444104
RE1,DEMCOQDSL,2022,0.0
RE1,DEMCOQDSL,2023,0.0
RE1,DEMCOQDSL,2024,0.0
RE1,DEMCOQDSL,2025,0.0
RE1,DEMCOQDSL,2026,0.0
RE1,DEMCOQDSL,2027,0.0
RE1,DEMCOQDSL,2028,0.0
RE1,DEMCOQDSL,2029,0.0
RE1,DEMCOQDSL,2030,0.0
RE1,DEMCOQDSL,2031,0.0
RE1,DEMCOQDSL,2032,0.0
RE1,DEMCOQDSL,2033,0.0
RE1,DEMCOQDSL,2034,0.0
RE1,DEMCOQDSL,2035,0.0
RE1,DEMCOQDSL,2036,0.0
RE1,DEMCOQDSL,2037,0.0
RE1,DEMCOQDSL,2038,0.0
RE1,DEMCOQDSL,2039,0.0
RE1,DEMCOQDSL,2040,0.0
RE1,DEMCOQDSL,2041,0.0
RE1,DEMCOQDSL,2042,0.0
RE1,DEMCOQDSL,2043,0.0
RE1,DEMCOQDSL,2044,0.0
RE1,DEMCOQDSL,2045,0.0
RE1,DEMCOQDSL,2046,0.0
RE1,DEMCOQDSL,2047,0.0
RE1,DEMCOQDSL,2048,0.0
RE1,DEMCOQDSL,2049,0.0
RE1,DEMCOQDSL,2050,0.0
RE1,DEMCOQDSL,2051,0.0
RE1,DEMCOQDSL,2052,0.0
RE1,DEMCOQDSL,2053,0.0
RE1,DEMCOQDSL,2054,0.0
RE1,DEMCOQDSL,2055,0.0
RE1,DEMCOQGSL,2022,0.0
RE1,DEMCOQGSL,2023,0.0
RE1,DEMCOQGSL,2024,0.0
RE1,DEMCOQGSL,2025,0.0
RE1,DEMCOQGSL,2026,0.0
RE1,DEMCOQGSL,2027,0.0
RE1,DEMCOQGSL,2028,0.0
RE1,DEMCOQGSL,2029,0.0
RE1,DEMCOQGSL,2030,0.0
RE1,DEMCOQGSL,2031,0.0
RE1,DEMCOQGSL,2032,0.0
RE1,DEMCOQGSL,2033,0.0
RE1,DEMCOQGSL,2034,0.0
RE1,DEMCOQGSL,2035,0.0
RE1,DEMCOQGSL,2036,0.0
RE1,DEMCOQGSL,2037,0.0
RE1,DEMCOQGSL,2038,0.0
RE1,DEMCOQGSL,2039,0.0
RE1,DEMCOQGSL,2040,0.0
RE1,DEMCOQGSL,2041,0.0
RE1,DEMCOQGSL,2042,0.0
RE1,DEMCOQGSL,2043,0.0
RE1,DEMCOQGSL,2044,0.0
RE1,DEMCOQGSL,2045,0.0
RE1,DEMCOQGSL,2046,0.0
RE1,DEMCOQGSL,2047,0.0
RE1,DEMCOQGSL,2048,0.0
RE1,DEMCOQGSL,2049,0.0
RE1,DEMCOQGSL,2050,0.0
RE1,DEMCOQGSL,2051,0.0
RE1,DEMCOQGSL,2052,0.0
RE1,DEMCOQGSL,2053,0.0
RE1,DEMCOQGSL,2054,0.0
RE1,DEMCOQGSL,2055,0.0
RE1,DEMDERHDG,2022,0.0
RE1,DEMDERHDG,2023,0.0
RE1,DEMDERHDG,2024,0.0
RE1,DEMDERHDG,2025,0.0
RE1,DEMDERHDG,2026,0.0
RE1,DEMDERHDG,2027,0.0
RE1,DEMDERHDG,2028,0.0
RE1,DEMDERHDG,2029,0.0
RE1,DEMDERHDG,2030,0.0
RE1,DEMDERHDG,2031,0.0
RE1,DEMDERHDG,2032,0.0
RE1,DEMDERHDG,2033,0.0
RE1,DEMDERHDG,2034,0.0
RE1,DEMDERHDG,2035,0.0
RE1,DEMDERHDG,2036,0.0
RE1,DEMDERHDG,2037,0.0
RE1,DEMDERHDG,2038,0.0
RE1,DEMDERHDG,2039,0.0
RE1,DEMDERHDG,2040,0.0
RE1,DEMDERHDG,2041,0.0
RE1,DEMDERHDG,2042,0.0
RE1,DEMDERHDG,2043,0.0
RE1,DEMDERHDG,2044,0.0
RE1,DEMDERHDG,2045,0.0
RE1,DEMDERHDG,2046,0.0
RE1,DEMDERHDG,2047,0.0
RE1,DEMDERHDG,2048,0.0
RE1,DEMDERHDG,2049,0.0
RE1,DEMDERHDG,2050,0.0
RE1,DEMDERHDG,2051,0.0
RE1,DEMDERHDG,2052,0.0
RE1,DEMDERHDG,2053,0.0
RE1,DEMDERHDG,2054,0.0
RE1,DEMDERHDG,2055,0.0
RE1,DEMINDAUTBOI,2022,0.0
RE1,DEMINDAUTBOI,2023,0.0
RE1,DEMINDAUTBOI,2024,0.0
RE1,DEMINDAUTBOI,2025,0.0
RE1,DEMINDAUTBOI,2026,0.0
RE1,DEMINDAUTBOI,2027,0.0
RE1,DEMINDAUTBOI,2028,0.0
RE1,DEMINDAUTBOI,2029,0.0
RE1,DEMINDAUTBOI,2030,0.0
RE1,DEMINDAUTBOI,2031,0.0
RE1,DEMINDAUTBOI,2032,0.0
RE1,DEMINDAUTBOI,2033,0.0
RE1,DEMINDAUTBOI,2034,0.0
RE1,DEMINDAUTBOI,2035,0.0
RE1,DEMINDAUTBOI,2036,0.0
RE1,DEMINDAUTBOI,2037,0.0
RE1,DEMINDAUTBOI,2038,0.0
RE1,DEMINDAUTBOI,2039,0.0
RE1,DEMINDAUTBOI,2040,0.0
RE1,DEMINDAUTBOI,2041,0.0
RE1,DEMINDAUTBOI,2042,0.0
RE1,DEMINDAUTBOI,2043,0.0
RE1,DEMINDAUTBOI,2044,0.0
RE1,DEMINDAUTBOI,2045,0.0
RE1,DEMINDAUTBOI,2046,0.0
RE1,DEMINDAUTBOI,2047,0.0
RE1,DEMINDAUTBOI,2048,0.0
RE1,DEMINDAUTBOI,2049,0.0
RE1,DEMINDAUTBOI,2050,0.0
RE1,DEMINDAUTBOI,2051,0.0
RE1,DEMINDAUTBOI,2052,0.0
RE1,DEMINDAUTBOI,2053,0.0
RE1,DEMINDAUTBOI,2054,0.0
RE1,DEMINDAUTBOI,2055,0.0
RE1,DEMINDAUTFUR,2022,0.0
RE1,DEMINDAUTFUR,2023,0.0
RE1,DEMINDAUTFUR,2024,0.0
RE1,DEMINDAUTFUR,2025,0.0
RE1,DEMINDAUTFUR,2026,0.0
RE1,DEMINDAUTFUR,2027,0.0
RE1,DEMINDAUTFUR,2028,0.0
RE1,DEMINDAUTFUR,2029,0.0
RE1,DEMINDAUTFUR,2030,0.0
RE1,DEMINDAUTFUR,2031,0.0
RE1,DEMINDAUTFUR,2032,0.0
RE1,DEMINDAUTFUR,2033,0.0
RE1,DEMINDAUTFUR,2034,0.0
RE1,DEMINDAUTFUR,2035,0.0
RE1,DEMINDAUTFUR,2036,0.0
RE1,DEMINDAUTFUR,2037,0.0
RE1,DEMINDAUTFUR,2038,0.0
RE1,DEMINDAUTFUR,2039,0.0
RE1,DEMINDAUTFUR,2040,0.0
RE1,DEMINDAUTFUR,2041,0.0
RE1,DEMINDAUTFUR,2042,0.0
RE1,DEMINDAUTFUR,2043,0.0
RE1,DEMINDAUTFUR,2044,0.0
RE1,DEMINDAUTFUR,2045,0.0
RE1,DEMINDAUTFUR,2046,0.0
RE1,DEMINDAUTFUR,2047,0.0
RE1,DEMINDAUTFUR,2048,0.0
RE1,DEMINDAUTFUR,2049,0.0
RE1,DEMINDAUTFUR,2050,0.0
RE1,DEMINDAUTFUR,2051,0.0
RE1,DEMINDAUTFUR,2052,0.0
RE1,DEMINDAUTFUR,2053,0.0
RE1,DEMINDAUTFUR,2054,0.0
RE1,DEMINDAUTFUR,2055,0.0
RE1,DEMINDBAGBOI_HIG,2022,0.0
RE1,DEMINDBAGBOI_HIG,2023,0.0
RE1,DEMINDBAGBOI_HIG,2024,0.0
RE1,DEMINDBAGBOI_HIG,2025,0.0
RE1,DEMINDBAGBOI_HIG,2026,0.0
RE1,DEMINDBAGBOI_HIG,2027,0.0
RE1,DEMINDBAGBOI_HIG,2028,0.0
RE1,DEMINDBAGBOI_HIG,2029,0.0
RE1,DEMINDBAGBOI_HIG,2030,0.0
RE1,DEMINDBAGBOI_HIG,2031,0.0
RE1,DEMINDBAGBOI_HIG,2032,0.0
RE1,DEMINDBAGBOI_HIG,2033,0.0
RE1,DEMINDBAGBOI_HIG,2034,0.0
RE1,DEMINDBAGBOI_HIG,2035,0.0
RE1,DEMINDBAGBOI_HIG,2036,0.0
RE1,DEMINDBAGBOI_HIG,2037,0.0
RE1,DEMINDBAGBOI_HIG,2038,0.0
RE1,DEMINDBAGBOI_HIG,2039,0.0
RE1,DEMINDBAGBOI_HIG,2040,0.0
RE1,DEMINDBAGBOI_HIG,2041,0.0
RE1,DEMINDBAGBOI_HIG,2042,0.0
RE1,DEMINDBAGBOI_HIG,2043,0.0
RE1,DEMINDBAGBOI_HIG,2044,0.0
RE1,DEMINDBAGBOI_HIG,2045,0.0
RE1,DEMINDBAGBOI_HIG,2046,0.0
RE1,DEMINDBAGBOI_HIG,2047,0.0
RE1,DEMINDBAGBOI_HIG,2048,0.0
RE1,DEMINDBAGBOI_HIG,2049,0.0
RE1,DEMINDBAGBOI_HIG,2050,0.0
RE1,DEMINDBAGBOI_HIG,2051,0.0
RE1,DEMINDBAGBOI_HIG,2052,0.0
RE1,DEMINDBAGBOI_HIG,2053,0.0
RE1,DEMINDBAGBOI_HIG,2054,0.0
RE1,DEMINDBAGBOI_HIG,2055,0.0
RE1,DEMINDBAGBOI_LOW,2022,39.57160121423282
RE1,DEMINDBAGBOI_LOW,2023,41.13229844264231
RE1,DEMINDBAGBOI_LOW,2024,39.82165714577279
RE1,DEMINDBAGBOI_LOW,2025,39.80891625413752
RE1,DEMINDBAGBOI_LOW,2026,39.78278779098257
RE1,DEMINDBAGBOI_LOW,2027,39.72500799518515
RE1,DEMINDBAGBOI_LOW,2028,39.61305462519107
RE1,DEMINDBAGBOI_LOW,2029,39.4159640701413
RE1,DEMINDBAGBOI_LOW,2030,39.09357382515103
RE1,DEMINDBAGBOI_LOW,2031,38.59647355760539
RE1,DEMINDBAGBOI_LOW,2032,37.86709299347532
RE1,DEMINDBAGBOI_LOW,2033,36.84245739464998
RE1,DEMINDBAGBOI_LOW,2034,35.45916849189806
RE1,DEMINDBAGBOI_LOW,2035,33.66103421681014
RE1,DEMINDBAGBOI_LOW,2036,31.40936906221859
RE1,DEMINDBAGBOI_LOW,2037,28.69523019582165
RE1,DEMINDBAGBOI_LOW,2038,25.55174472947235
RE1,DEMINDBAGBOI_LOW,2039,22.06341735559454
RE1,DEMINDBAGBOI_LOW,2040,18.36836655636401
RE1,DEMINDBAGBOI_LOW,2041,14.64956897730767
RE1,DEMINDBAGBOI_LOW,2042,11.11315288239883
RE1,DEMINDBAGBOI_LOW,2043,7.955797543812219
RE1,DEMINDBAGBOI_LOW,2044,5.328414496949131
RE1,DEMINDBAGBOI_LOW,2045,3.307163633371215
RE1,DEMINDBAGBOI_LOW,2046,1.882598684166773
RE1,DEMINDBAGBOI_LOW,2047,0.9718837442908684
RE1,DEMINDBAGBOI_LOW,2048,0.44949860711697
RE1,DEMINDBAGBOI_LOW,2049,0.1838143337877166
RE1,DEMINDBAGBOI_LOW,2050,0.0655250249623262
RE1,DEMINDBAGBOI_LOW,2051,0.0200537504809904
RE1,DEMINDBAGBOI_LOW,2052,0.0051838939681613
RE1,DEMINDBAGBOI_LOW,2053,0.0011122735821346
RE1,DEMINDBAGBOI_LOW,2054,0.0001944375747597
RE1,DEMINDBAGBOI_LOW,2055,0.0001944375747597
RE1,DEMINDBAGBOI_MID,2022,0.2726858767022819
RE1,DEMINDBAGBOI_MID,2023,0.3884166394912927
RE1,DEMINDBAGBOI_MID,2024,0.9011945468078528
RE1,DEMINDBAGBOI_MID,2025,0.9009062106891136
RE1,DEMINDBAGBOI_MID,2026,0.9003149035914327
RE1,DEMINDBAGBOI_MID,2027,0.8990073026370652
RE1,DEMINDBAGBOI_MID,2028,0.8964737122802876
RE1,DEMINDBAGBOI_MID,2029,0.8920134023341699
RE1,DEMINDBAGBOI_MID,2030,0.8847174646069745
RE1,DEMINDBAGBOI_MID,2031,0.8734677054950182
RE1,DEMINDBAGBOI_MID,2032,0.8569612656817411
RE1,DEMINDBAGBOI_MID,2033,0.8337729786964365
RE1,DEMINDBAGBOI_MID,2034,0.8024680932353305
RE1,DEMINDBAGBOI_MID,2035,0.7617749398287413
RE1,DEMINDBAGBOI_MID,2036,0.7108180358725089
RE1,DEMINDBAGBOI_MID,2037,0.6493949982344126
RE1,DEMINDBAGBOI_MID,2038,0.5782555187829791
RE1,DEMINDBAGBOI_MID,2039,0.4993120033157191
RE1,DEMINDBAGBOI_MID,2040,0.4156901786825865
RE1,DEMINDBAGBOI_MID,2041,0.3315309462664241
RE1,DEMINDBAGBOI_MID,2042,0.2514991462760594
RE1,DEMINDBAGBOI_MID,2043,0.1800457810117018
RE1,DEMINDBAGBOI_MID,2044,0.1205860938987118
RE1,DEMINDBAGBOI_MID,2045,0.0748436415110807
RE1,DEMINDBAGBOI_MID,2046,0.0426046475612036
RE1,DEMINDBAGBOI_MID,2047,0.0219944721858242
RE1,DEMINDBAGBOI_MID,2048,0.0101724971426645
RE1,DEMINDBAGBOI_MID,2049,0.0041598589086389
RE1,DEMINDBAGBOI_MID,2050,0.0014828814119747
RE1,DEMINDBAGBOI_MID,2051,0.000453831705455
RE1,DEMINDBAGBOI_MID,2052,0.0001173154838392
RE1,DEMINDBAGBOI_MID,2053,2.517160155110724e-05
RE1,DEMINDBAGBOI_MID,2054,4.400270973822429e-06
RE1,DEMINDBAGBOI_MID,2055,4.400270973822429e-06
RE1,DEMINDBAGFURCCS,2022,0.0
RE1,DEMINDBAGFURCCS,2023,0.0
RE1,DEMINDBAGFURCCS,2024,0.0
RE1,DEMINDBAGFURCCS,2025,0.0
RE1,DEMINDBAGFURCCS,2026,0.0
RE1,DEMINDBAGFURCCS,2027,0.0
RE1,DEMINDBAGFURCCS,2028,0.0
RE1,DEMINDBAGFURCCS,2029,0.0
RE1,DEMINDBAGFURCCS,2030,0.0
RE1,DEMINDBAGFURCCS,2031,0.0
RE1,DEMINDBAGFURCCS,2032,0.0
RE1,DEMINDBAGFURCCS,2033,0.0
RE1,DEMINDBAGFURCCS,2034,0.0
RE1,DEMINDBAGFURCCS,2035,0.0
RE1,DEMINDBAGFURCCS,2036,0.0
RE1,DEMINDBAGFURCCS,2037,0.0
RE1,DEMINDBAGFURCCS,2038,0.0
RE1,DEMINDBAGFURCCS,2039,0.0
RE1,DEMINDBAGFURCCS,2040,0.0
RE1,DEMINDBAGFURCCS,2041,0.0
RE1,DEMINDBAGFURCCS,2042,0.0
RE1,DEMINDBAGFURCCS,2043,0.0
RE1,DEMINDBAGFURCCS,2044,0.0
RE1,DEMINDBAGFURCCS,2045,0.0
RE1,DEMINDBAGFURCCS,2046,0.0
RE1,DEMINDBAGFURCCS,2047,0.0
RE1,DEMINDBAGFURCCS,2048,0.0
RE1,DEMINDBAGFURCCS,2049,0.0
RE1,DEMINDBAGFURCCS,2050,0.0
RE1,DEMINDBAGFURCCS,2051,0.0
RE1,DEMINDBAGFURCCS,2052,0.0
RE1,DEMINDBAGFURCCS,2053,0.0
RE1,DEMINDBAGFURCCS,2054,0.0
RE1,DEMINDBAGFURCCS,2055,0.0
RE1,DEMINDBAGFUR_HIG,2022,0.0
RE1,DEMINDBAGFUR_HIG,2023,0.0
RE1,DEMINDBAGFUR_HIG,2024,0.0
RE1,DEMINDBAGFUR_HIG,2025,0.0
RE1,DEMINDBAGFUR_HIG,2026,0.0
RE1,DEMINDBAGFUR_HIG,2027,0.0
RE1,DEMINDBAGFUR_HIG,2028,0.0
RE1,DEMINDBAGFUR_HIG,2029,0.0
RE1,DEMINDBAGFUR_HIG,2030,0.0
RE1,DEMINDBAGFUR_HIG,2031,0.0
RE1,DEMINDBAGFUR_HIG,2032,0.0
RE1,DEMINDBAGFUR_HIG,2033,0.0
RE1,DEMINDBAGFUR_HIG,2034,0.0
RE1,DEMINDBAGFUR_HIG,2035,0.0
RE1,DEMINDBAGFUR_HIG,2036,0.0
RE1,DEMINDBAGFUR_HIG,2037,0.0
RE1,DEMINDBAGFUR_HIG,2038,0.0
RE1,DEMINDBAGFUR_HIG,2039,0.0
RE1,DEMINDBAGFUR_HIG,2040,0.0
RE1,DEMINDBAGFUR_HIG,2041,0.0
RE1,DEMINDBAGFUR_HIG,2042,0.0
RE1,DEMINDBAGFUR_HIG,2043,0.0
RE1,DEMINDBAGFUR_HIG,2044,0.0
RE1,DEMINDBAGFUR_HIG,2045,0.0
RE1,DEMINDBAGFUR_HIG,2046,0.0
RE1,DEMINDBAGFUR_HIG,2047,0.0
RE1,DEMINDBAGFUR_HIG,2048,0.0
RE1,DEMINDBAGFUR_HIG,2049,0.0
RE1,DEMINDBAGFUR_HIG,2050,0.0
RE1,DEMINDBAGFUR_HIG,2051,0.0
RE1,DEMINDBAGFUR_HIG,2052,0.0
RE1,DEMINDBAGFUR_HIG,2053,0.0
RE1,DEMINDBAGFUR_HIG,2054,0.0
RE1,DEMINDBAGFUR_HIG,2055,0.0
RE1,DEMINDBAGFUR_LOW,2022,1.841376370300716
RE1,DEMINDBAGFUR_LOW,2023,1.913999941483209
RE1,DEMINDBAGFUR_LOW,2024,1.853012166413652
RE1,DEMINDBAGFUR_LOW,2025,1.852419297384504
RE1,DEMINDBAGFUR_LOW,2026,1.851203467517389
RE1,DEMINDBAGFUR_LOW,2027,1.848514813346279
RE1,DEMINDBAGFUR_LOW,2028,1.843305312498269
RE1,DEMINDBAGFUR_LOW,2029,1.834134142271588
RE1,DEMINDBAGFUR_LOW,2030,1.81913242990906
RE1,DEMINDBAGFUR_LOW,2031,1.796000975577122
RE1,DEMINDBAGFUR_LOW,2032,1.762060874733726
RE1,DEMINDBAGFUR_LOW,2033,1.714381738131912
RE1,DEMINDBAGFUR_LOW,2034,1.650013468446872
RE1,DEMINDBAGFUR_LOW,2035,1.566341292866982
RE1,DEMINDBAGFUR_LOW,2036,1.461565067435822
RE1,DEMINDBAGFUR_LOW,2037,1.335268657360292
RE1,DEMINDBAGFUR_LOW,2038,1.188993559044649
RE1,DEMINDBAGFUR_LOW,2039,1.026672010230965
RE1,DEMINDBAGFUR_LOW,2040,0.8547310470152366
RE1,DEMINDBAGFUR_LOW,2041,0.681685080264138
RE1,DEMINDBAGFUR_LOW,2042,0.5171258298698396
RE1,DEMINDBAGFUR_LOW,2043,0.3702053279260084
RE1,DEMINDBAGFUR_LOW,2044,0.2479459067812736
RE1,DEMINDBAGFUR_LOW,2045,0.153891497446338
RE1,DEMINDBAGFUR_LOW,2046,0.0876025388261793
RE1,DEMINDBAGFUR_LOW,2047,0.0452244464844378
RE1,DEMINDBAGFUR_LOW,2048,0.0209164170321865
RE1,DEMINDBAGFUR_LOW,2049,0.008553390825073
RE1,DEMINDBAGFUR_LOW,2050,0.0030490611682803
RE1,DEMINDBAGFUR_LOW,2051,0.0009331566360352
RE1,DEMINDBAGFUR_LOW,2052,0.000241220965698
RE1,DEMINDBAGFUR_LOW,2053,5.175717506007443e-05
RE1,DEMINDBAGFUR_LOW,2054,9.04771969481114e-06
RE1,DEMINDBAGFUR_LOW,2055,9.04771969481114e-06
RE1,DEMINDBAGFUR_MID,2022,0.0126888302334786
RE1,DEMINDBAGFUR_MID,2023,0.0180741036461681
RE1,DEMINDBAGFUR_MID,2024,0.0419350820441147
RE1,DEMINDBAGFUR_MID,2025,0.0419216649647077
RE1,DEMINDBAGFUR_MID,2026,0.0418941498052537
RE1,DEMINDBAGFUR_MID,2027,0.0418333035057542
RE1,DEMINDBAGFUR_MID,2028,0.0417154085186463
RE1,DEMINDBAGFUR_MID,2029,0.0415078579246096
RE1,DEMINDBAGFUR_MID,2030,0.0411683577043049
RE1,DEMINDBAGFUR_MID,2031,0.0406448752076481
RE1,DEMINDBAGFUR_MID,2032,0.0398767847766997
RE1,DEMINDBAGFUR_MID,2033,0.0387977694623754
RE1,DEMINDBAGFUR_MID,2034,0.0373410663067215
RE1,DEMINDBAGFUR_MID,2035,0.0354475010018896
RE1,DEMINDBAGFUR_MID,2036,0.0330763349138481
RE1,DEMINDBAGFUR_MID,2037,0.0302181505940738
RE1,DEMINDBAGFUR_MID,2038,0.0269078332847442
RE1,DEMINDBAGFUR_MID,2039,0.0232343725323499
RE1,DEMINDBAGFUR_MID,2040,0.019343217077526
RE1,DEMINDBAGFUR_MID,2041,0.0154270545478675
RE1,DEMINDBAGFUR_MID,2042,0.0117029528978719
RE1,DEMINDBAGFUR_MID,2043,0.0083780296109939
RE1,DEMINDBAGFUR_MID,2044,0.0056112054371984
RE1,DEMINDBAGFUR_MID,2045,0.0034826822447658
RE1,DEMINDBAGFUR_MID,2046,0.0019825124300498
RE1,DEMINDBAGFUR_MID,2047,0.0010234638002377
RE1,DEMINDBAGFUR_MID,2048,0.0004733545090593
RE1,DEMINDBAGFUR_MID,2049,0.0001935697738558
RE1,DEMINDBAGFUR_MID,2050,6.900258539415167e-05
RE1,DEMINDBAGFUR_MID,2051,2.111804811723687e-05
RE1,DEMINDBAGFUR_MID,2052,5.459014878940377e-06
RE1,DEMINDBAGFUR_MID,2053,1.171304442494047e-06
RE1,DEMINDBAGFUR_MID,2054,2.047568141165456e-07
RE1,DEMINDBAGFUR_MID,2055,2.047568141165456e-07
RE1,DEMINDBGSBOI_HIG,2022,0.0
RE1,DEMINDBGSBOI_HIG,2023,0.0
RE1,DEMINDBGSBOI_HIG,2024,0.0
RE1,DEMINDBGSBOI_HIG,2025,0.0
RE1,DEMINDBGSBOI_HIG,2026,0.0
RE1,DEMINDBGSBOI_HIG,2027,0.0
RE1,DEMINDBGSBOI_HIG,2028,0.0
RE1,DEMINDBGSBOI_HIG,2029,0.0
RE1,DEMINDBGSBOI_HIG,2030,0.0
RE1,DEMINDBGSBOI_HIG,2031,0.0
RE1,DEMINDBGSBOI_HIG,2032,0.0
RE1,DEMINDBGSBOI_HIG,2033,0.0
RE1,DEMINDBGSBOI_HIG,2034,0.0
RE1,DEMINDBGSBOI_HIG,2035,0.0
RE1,DEMINDBGSBOI_HIG,2036,0.0
RE1,DEMINDBGSBOI_HIG,2037,0.0
RE1,DEMINDBGSBOI_HIG,2038,0.0
RE1,DEMINDBGSBOI_HIG,2039,0.0
RE1,DEMINDBGSBOI_HIG,2040,0.0
RE1,DEMINDBGSBOI_HIG,2041,0.0
RE1,DEMINDBGSBOI_HIG,2042,0.0
RE1,DEMINDBGSBOI_HIG,2043,0.0
RE1,DEMINDBGSBOI_HIG,2044,0.0
RE1,DEMINDBGSBOI_HIG,2045,0.0
RE1,DEMINDBGSBOI_HIG,2046,0.0
RE1,DEMINDBGSBOI_HIG,2047,0.0
RE1,DEMINDBGSBOI_HIG,2048,0.0
RE1,DEMINDBGSBOI_HIG,2049,0.0
RE1,DEMINDBGSBOI_HIG,2050,0.0
RE1,DEMINDBGSBOI_HIG,2051,0.0
RE1,DEMINDBGSBOI_HIG,2052,0.0
RE1,DEMINDBGSBOI_HIG,2053,0.0
RE1,DEMINDBGSBOI_HIG,2054,0.0
RE1,DEMINDBGSBOI_HIG,2055,0.0
RE1,DEMINDBGSBOI_LOW,2022,0.0
RE1,DEMINDBGSBOI_LOW,2023,0.0
RE1,DEMINDBGSBOI_LOW,2024,0.0
RE1,DEMINDBGSBOI_LOW,2025,0.0
RE1,DEMINDBGSBOI_LOW,2026,0.0
RE1,DEMINDBGSBOI_LOW,2027,0.0
RE1,DEMINDBGSBOI_LOW,2028,0.0
RE1,DEMINDBGSBOI_LOW,2029,0.0
RE1,DEMINDBGSBOI_LOW,2030,0.0
RE1,DEMINDBGSBOI_LOW,2031,0.0
RE1,DEMINDBGSBOI_LOW,2032,0.0
RE1,DEMINDBGSBOI_LOW,2033,0.0
RE1,DEMINDBGSBOI_LOW,2034,0.0
RE1,DEMINDBGSBOI_LOW,2035,0.0
RE1,DEMINDBGSBOI_LOW,2036,0.0
RE1,DEMINDBGSBOI_LOW,2037,0.0
RE1,DEMINDBGSBOI_LOW,2038,0.0
RE1,DEMINDBGSBOI_LOW,2039,0.0
RE1,DEMINDBGSBOI_LOW,2040,0.0
RE1,DEMINDBGSBOI_LOW,2041,0.0
RE1,DEMINDBGSBOI_LOW,2042,0.0
RE1,DEMINDBGSBOI_LOW,2043,0.0
RE1,DEMINDBGSBOI_LOW,2044,0.0
RE1,DEMINDBGSBOI_LOW,2045,0.0
RE1,DEMINDBGSBOI_LOW,2046,0.0
RE1,DEMINDBGSBOI_LOW,2047,0.0
RE1,DEMINDBGSBOI_LOW,2048,0.0
RE1,DEMINDBGSBOI_LOW,2049,0.0
RE1,DEMINDBGSBOI_LOW,2050,0.0
RE1,DEMINDBGSBOI_LOW,2051,0.0
RE1,DEMINDBGSBOI_LOW,2052,0.0
RE1,DEMINDBGSBOI_LOW,2053,0.0
RE1,DEMINDBGSBOI_LOW,2054,0.0
RE1,DEMINDBGSBOI_LOW,2055,0.0
RE1,DEMINDBGSBOI_MID,2022,0.0
RE1,DEMINDBGSBOI_MID,2023,0.0
RE1,DEMINDBGSBOI_MID,2024,0.0
RE1,DEMINDBGSBOI_MID,2025,0.0
RE1,DEMINDBGSBOI_MID,2026,0.0
RE1,DEMINDBGSBOI_MID,2027,0.0
RE1,DEMINDBGSBOI_MID,2028,0.0
RE1,DEMINDBGSBOI_MID,2029,0.0
RE1,DEMINDBGSBOI_MID,2030,0.0
RE1,DEMINDBGSBOI_MID,2031,0.0
RE1,DEMINDBGSBOI_MID,2032,0.0
RE1,DEMINDBGSBOI_MID,2033,0.0
RE1,DEMINDBGSBOI_MID,2034,0.0
RE1,DEMINDBGSBOI_MID,2035,0.0
RE1,DEMINDBGSBOI_MID,2036,0.0
RE1,DEMINDBGSBOI_MID,2037,0.0
RE1,DEMINDBGSBOI_MID,2038,0.0
RE1,DEMINDBGSBOI_MID,2039,0.0
RE1,DEMINDBGSBOI_MID,2040,0.0
RE1,DEMINDBGSBOI_MID,2041,0.0
RE1,DEMINDBGSBOI_MID,2042,0.0
RE1,DEMINDBGSBOI_MID,2043,0.0
RE1,DEMINDBGSBOI_MID,2044,0.0
RE1,DEMINDBGSBOI_MID,2045,0.0
RE1,DEMINDBGSBOI_MID,2046,0.0
RE1,DEMINDBGSBOI_MID,2047,0.0
RE1,DEMINDBGSBOI_MID,2048,0.0
RE1,DEMINDBGSBOI_MID,2049,0.0
RE1,DEMINDBGSBOI_MID,2050,0.0
RE1,DEMINDBGSBOI_MID,2051,0.0
RE1,DEMINDBGSBOI_MID,2052,0.0
RE1,DEMINDBGSBOI_MID,2053,0.0
RE1,DEMINDBGSBOI_MID,2054,0.0
RE1,DEMINDBGSBOI_MID,2055,0.0
RE1,DEMINDBGSFUR_HIG,2022,0.0
RE1,DEMINDBGSFUR_HIG,2023,0.0
RE1,DEMINDBGSFUR_HIG,2024,0.0
RE1,DEMINDBGSFUR_HIG,2025,0.0
RE1,DEMINDBGSFUR_HIG,2026,0.0
RE1,DEMINDBGSFUR_HIG,2027,0.0
RE1,DEMINDBGSFUR_HIG,2028,0.0
RE1,DEMINDBGSFUR_HIG,2029,0.0
RE1,DEMINDBGSFUR_HIG,2030,0.0
RE1,DEMINDBGSFUR_HIG,2031,0.0
RE1,DEMINDBGSFUR_HIG,2032,0.0
RE1,DEMINDBGSFUR_HIG,2033,0.0
RE1,DEMINDBGSFUR_HIG,2034,0.0
RE1,DEMINDBGSFUR_HIG,2035,0.0
RE1,DEMINDBGSFUR_HIG,2036,0.0
RE1,DEMINDBGSFUR_HIG,2037,0.0
RE1,DEMINDBGSFUR_HIG,2038,0.0
RE1,DEMINDBGSFUR_HIG,2039,0.0
RE1,DEMINDBGSFUR_HIG,2040,0.0
RE1,DEMINDBGSFUR_HIG,2041,0.0
RE1,DEMINDBGSFUR_HIG,2042,0.0
RE1,DEMINDBGSFUR_HIG,2043,0.0
RE1,DEMINDBGSFUR_HIG,2044,0.0
RE1,DEMINDBGSFUR_HIG,2045,0.0
RE1,DEMINDBGSFUR_HIG,2046,0.0
RE1,DEMINDBGSFUR_HIG,2047,0.0
RE1,DEMINDBGSFUR_HIG,2048,0.0
RE1,DEMINDBGSFUR_HIG,2049,0.0
RE1,DEMINDBGSFUR_HIG,2050,0.0
RE1,DEMINDBGSFUR_HIG,2051,0.0
RE1,DEMINDBGSFUR_HIG,2052,0.0
RE1,DEMINDBGSFUR_HIG,2053,0.0
RE1,DEMINDBGSFUR_HIG,2054,0.0
RE1,DEMINDBGSFUR_HIG,2055,0.0
RE1,DEMINDBGSFUR_LOW,2022,0.0
RE1,DEMINDBGSFUR_LOW,2023,0.0
RE1,DEMINDBGSFUR_LOW,2024,0.0
RE1,DEMINDBGSFUR_LOW,2025,0.0
RE1,DEMINDBGSFUR_LOW,2026,0.0
RE1,DEMINDBGSFUR_LOW,2027,0.0
RE1,DEMINDBGSFUR_LOW,2028,0.0
RE1,DEMINDBGSFUR_LOW,2029,0.0
RE1,DEMINDBGSFUR_LOW,2030,0.0
RE1,DEMINDBGSFUR_LOW,2031,0.0
RE1,DEMINDBGSFUR_LOW,2032,0.0
RE1,DEMINDBGSFUR_LOW,2033,0.0
RE1,DEMINDBGSFUR_LOW,2034,0.0
RE1,DEMINDBGSFUR_LOW,2035,0.0
RE1,DEMINDBGSFUR_LOW,2036,0.0
RE1,DEMINDBGSFUR_LOW,2037,0.0
RE1,DEMINDBGSFUR_LOW,2038,0.0
RE1,DEMINDBGSFUR_LOW,2039,0.0
RE1,DEMINDBGSFUR_LOW,2040,0.0
RE1,DEMINDBGSFUR_LOW,2041,0.0
RE1,DEMINDBGSFUR_LOW,2042,0.0
RE1,DEMINDBGSFUR_LOW,2043,0.0
RE1,DEMINDBGSFUR_LOW,2044,0.0
RE1,DEMINDBGSFUR_LOW,2045,0.0
RE1,DEMINDBGSFUR_LOW,2046,0.0
RE1,DEMINDBGSFUR_LOW,2047,0.0
RE1,DEMINDBGSFUR_LOW,2048,0.0
RE1,DEMINDBGSFUR_LOW,2049,0.0
RE1,DEMINDBGSFUR_LOW,2050,0.0
RE1,DEMINDBGSFUR_LOW,2051,0.0
RE1,DEMINDBGSFUR_LOW,2052,0.0
RE1,DEMINDBGSFUR_LOW,2053,0.0
RE1,DEMINDBGSFUR_LOW,2054,0.0
RE1,DEMINDBGSFUR_LOW,2055,0.0
RE1,DEMINDBGSFUR_MID,2022,0.0
RE1,DEMINDBGSFUR_MID,2023,0.0
RE1,DEMINDBGSFUR_MID,2024,0.0
RE1,DEMINDBGSFUR_MID,2025,0.0
RE1,DEMINDBGSFUR_MID,2026,0.0
RE1,DEMINDBGSFUR_MID,2027,0.0
RE1,DEMINDBGSFUR_MID,2028,0.0
RE1,DEMINDBGSFUR_MID,2029,0.0
RE1,DEMINDBGSFUR_MID,2030,0.0
RE1,DEMINDBGSFUR_MID,2031,0.0
RE1,DEMINDBGSFUR_MID,2032,0.0
RE1,DEMINDBGSFUR_MID,2033,0.0
RE1,DEMINDBGSFUR_MID,2034,0.0
RE1,DEMINDBGSFUR_MID,2035,0.0
RE1,DEMINDBGSFUR_MID,2036,0.0
RE1,DEMINDBGSFUR_MID,2037,0.0
RE1,DEMINDBGSFUR_MID,2038,0.0
RE1,DEMINDBGSFUR_MID,2039,0.0
RE1,DEMINDBGSFUR_MID,2040,0.0
RE1,DEMINDBGSFUR_MID,2041,0.0
RE1,DEMINDBGSFUR_MID,2042,0.0
RE1,DEMINDBGSFUR_MID,2043,0.0
RE1,DEMINDBGSFUR_MID,2044,0.0
RE1,DEMINDBGSFUR_MID,2045,0.0
RE1,DEMINDBGSFUR_MID,2046,0.0
RE1,DEMINDBGSFUR_MID,2047,0.0
RE1,DEMINDBGSFUR_MID,2048,0.0
RE1,DEMINDBGSFUR_MID,2049,0.0
RE1,DEMINDBGSFUR_MID,2050,0.0
RE1,DEMINDBGSFUR_MID,2051,0.0
RE1,DEMINDBGSFUR_MID,2052,0.0
RE1,DEMINDBGSFUR_MID,2053,0.0
RE1,DEMINDBGSFUR_MID,2054,0.0
RE1,DEMINDBGSFUR_MID,2055,0.0
RE1,DEMINDCOABOI_HIG,2022,0.0
RE1,DEMINDCOABOI_HIG,2023,0.0
RE1,DEMINDCOABOI_HIG,2024,0.0
RE1,DEMINDCOABOI_HIG,2025,0.0
RE1,DEMINDCOABOI_HIG,2026,0.0
RE1,DEMINDCOABOI_HIG,2027,0.0
RE1,DEMINDCOABOI_HIG,2028,0.0
RE1,DEMINDCOABOI_HIG,2029,0.0
RE1,DEMINDCOABOI_HIG,2030,0.0
RE1,DEMINDCOABOI_HIG,2031,0.0
RE1,DEMINDCOABOI_HIG,2032,0.0
RE1,DEMINDCOABOI_HIG,2033,0.0
RE1,DEMINDCOABOI_HIG,2034,0.0
RE1,DEMINDCOABOI_HIG,2035,0.0
RE1,DEMINDCOABOI_HIG,2036,0.0
RE1,DEMINDCOABOI_HIG,2037,0.0
RE1,DEMINDCOABOI_HIG,2038,0.0
RE1,DEMINDCOABOI_HIG,2039,0.0
RE1,DEMINDCOABOI_HIG,2040,0.0
RE1,DEMINDCOABOI_HIG,2041,0.0
RE1,DEMINDCOABOI_HIG,2042,0.0
RE1,DEMINDCOABOI_HIG,2043,0.0
RE1,DEMINDCOABOI_HIG,2044,0.0
RE1,DEMINDCOABOI_HIG,2045,0.0
RE1,DEMINDCOABOI_HIG,2046,0.0
RE1,DEMINDCOABOI_HIG,2047,0.0
RE1,DEMINDCOABOI_HIG,2048,0.0
RE1,DEMINDCOABOI_HIG,2049,0.0
RE1,DEMINDCOABOI_HIG,2050,0.0
RE1,DEMINDCOABOI_HIG,2051,0.0
RE1,DEMINDCOABOI_HIG,2052,0.0
RE1,DEMINDCOABOI_HIG,2053,0.0
RE1,DEMINDCOABOI_HIG,2054,0.0
RE1,DEMINDCOABOI_HIG,2055,0.0
RE1,DEMINDCOABOI_LOW,2022,28.55497605112092
RE1,DEMINDCOABOI_LOW,2023,28.91213211479576
RE1,DEMINDCOABOI_LOW,2024,27.12449539696637
RE1,DEMINDCOABOI_LOW,2025,27.12335239704594
RE1,DEMINDCOABOI_LOW,2026,27.1210073888188
RE1,DEMINDCOABOI_LOW,2027,27.11581694706538
RE1,DEMINDCOABOI_LOW,2028,27.10574133210277
RE1,DEMINDCOABOI_LOW,2029,27.08794327924302
RE1,DEMINDCOABOI_LOW,2030,27.05866289203975
RE1,DEMINDCOABOI_LOW,2031,27.0131013222395
RE1,DEMINDCOABOI_LOW,2032,26.94531914538377
RE1,DEMINDCOABOI_LOW,2033,26.84815782712931
RE1,DEMINDCOABOI_LOW,2034,26.71319562500656
RE1,DEMINDCOABOI_LOW,2035,26.53075255439238
RE1,DEMINDCOABOI_LOW,2036,26.28996240714042
RE1,DEMINDCOABOI_LOW,2037,25.97893281153425
RE1,DEMINDCOABOI_LOW,2038,25.58501630623677
RE1,DEMINDCOABOI_LOW,2039,25.09521545916368
RE1,DEMINDCOABOI_LOW,2040,24.49674203687242
RE1,DEMINDCOABOI_LOW,2041,23.77774278468488
RE1,DEMINDCOABOI_LOW,2042,22.92819116815474
RE1,DEMINDCOABOI_LOW,2043,21.94092440793907
RE1,DEMINDCOABOI_LOW,2044,20.81277803116576
RE1,DEMINDCOABOI_LOW,2045,19.54573704736139
RE1,DEMINDCOABOI_LOW,2046,18.14798684257036
RE1,DEMINDCOABOI_LOW,2047,16.6347136298926
RE1,DEMINDCOABOI_LOW,2048,15.02848212248998
RE1,DEMINDCOABOI_LOW,2049,13.35901732790706
RE1,DEMINDCOABOI_LOW,2050,11.6622485227776
RE1,DEMINDCOABOI_LOW,2051,9.978544208693346
RE1,DEMINDCOABOI_LOW,2052,8.350177922093108
RE1,DEMINDCOABOI_LOW,2053,6.818205988867146
RE1,DEMINDCOABOI_LOW,2054,5.419086229043044
RE1,DEMINDCOABOI_LOW,2055,5.419086229043044
RE1,DEMINDCOABOI_MID,2022,0.1967708770882885
RE1,DEMINDCOABOI_MID,2023,0.2730203178948793
RE1,DEMINDCOABOI_MID,2024,0.6138480688329578
RE1,DEMINDCOABOI_MID,2025,0.6138222018708793
RE1,DEMINDCOABOI_MID,2026,0.613769132541826
RE1,DEMINDCOABOI_MID,2027,0.6136516688766003
RE1,DEMINDCOABOI_MID,2028,0.6134236500066973
RE1,DEMINDCOABOI_MID,2029,0.6130208664630019
RE1,DEMINDCOABOI_MID,2030,0.6123582289143078
RE1,DEMINDCOABOI_MID,2031,0.611327135755686
RE1,DEMINDCOABOI_MID,2032,0.6097931732706608
RE1,DEMINDCOABOI_MID,2033,0.6075943383539959
RE1,DEMINDCOABOI_MID,2034,0.6045400405347724
RE1,DEMINDCOABOI_MID,2035,0.6004112143601481
RE1,DEMINDCOABOI_MID,2036,0.5949619492320253
RE1,DEMINDCOABOI_MID,2037,0.5879231116861628
RE1,DEMINDCOABOI_MID,2038,0.579008480002901
RE1,DEMINDCOABOI_MID,2039,0.5679239123570013
RE1,DEMINDCOABOI_MID,2040,0.5543800012484309
RE1,DEMINDCOABOI_MID,2041,0.5381084984614326
RE1,DEMINDCOABOI_MID,2042,0.5188824958557116
RE1,DEMINDCOABOI_MID,2043,0.4965398942584432
RE1,DEMINDCOABOI_MID,2044,0.4710090792291377
RE1,DEMINDCOABOI_MID,2045,0.4423349730510183
RE1,DEMINDCOABOI_MID,2046,0.4107028172683965
RE1,DEMINDCOABOI_MID,2047,0.3764562874943246
RE1,DEMINDCOABOI_MID,2048,0.3401060404394791
RE1,DEMINDCOABOI_MID,2049,0.3023247757508112
RE1,DEMINDCOABOI_MID,2050,0.2639256004282275
RE1,DEMINDCOABOI_MID,2051,0.2258220845264376
RE1,DEMINDCOABOI_MID,2052,0.1889709104952317
RE1,DEMINDCOABOI_MID,2053,0.15430121437907
RE1,DEMINDCOABOI_MID,2054,0.1226380645189583
RE1,DEMINDCOABOI_MID,2055,0.1226380645189583
RE1,DEMINDCOAFUR_HIG,2022,0.0
RE1,DEMINDCOAFUR_HIG,2023,0.0
RE1,DEMINDCOAFUR_HIG,2024,0.0
RE1,DEMINDCOAFUR_HIG,2025,0.0
RE1,DEMINDCOAFUR_HIG,2026,0.0
RE1,DEMINDCOAFUR_HIG,2027,0.0
RE1,DEMINDCOAFUR_HIG,2028,0.0
RE1,DEMINDCOAFUR_HIG,2029,0.0
RE1,DEMINDCOAFUR_HIG,2030,0.0
RE1,DEMINDCOAFUR_HIG,2031,0.0
RE1,DEMINDCOAFUR_HIG,2032,0.0
RE1,DEMINDCOAFUR_HIG,2033,0.0
RE1,DEMINDCOAFUR_HIG,2034,0.0
RE1,DEMINDCOAFUR_HIG,2035,0.0
RE1,DEMINDCOAFUR_HIG,2036,0.0
RE1,DEMINDCOAFUR_HIG,2037,0.0
RE1,DEMINDCOAFUR_HIG,2038,0.0
RE1,DEMINDCOAFUR_HIG,2039,0.0
RE1,DEMINDCOAFUR_HIG,2040,0.0
RE1,DEMINDCOAFUR_HIG,2041,0.0
RE1,DEMINDCOAFUR_HIG,2042,0.0
RE1,DEMINDCOAFUR_HIG,2043,0.0
RE1,DEMINDCOAFUR_HIG,2044,0.0
RE1,DEMINDCOAFUR_HIG,2045,0.0
RE1,DEMINDCOAFUR_HIG,2046,0.0
RE1,DEMINDCOAFUR_HIG,2047,0.0
RE1,DEMINDCOAFUR_HIG,2048,0.0
RE1,DEMINDCOAFUR_HIG,2049,0.0
RE1,DEMINDCOAFUR_HIG,2050,0.0
RE1,DEMINDCOAFUR_HIG,2051,0.0
RE1,DEMINDCOAFUR_HIG,2052,0.0
RE1,DEMINDCOAFUR_HIG,2053,0.0
RE1,DEMINDCOAFUR_HIG,2054,0.0
RE1,DEMINDCOAFUR_HIG,2055,0.0
RE1,DEMINDCOAFUR_LOW,2022,27.21403882036985
RE1,DEMINDCOAFUR_LOW,2023,27.30023907563411
RE1,DEMINDCOAFUR_LOW,2024,25.38019446337675
RE1,DEMINDCOAFUR_LOW,2025,25.37969963972888
RE1,DEMINDCOAFUR_LOW,2026,25.37868441164651
RE1,DEMINDCOAFUR_LOW,2027,25.37643713781849
RE1,DEMINDCOAFUR_LOW,2028,25.37207410047582
RE1,DEMINDCOAFUR_LOW,2029,25.36436489077504
RE1,DEMINDCOAFUR_LOW,2030,25.35167619441805
RE1,DEMINDCOAFUR_LOW,2031,25.33191734409284
RE1,DEMINDCOAFUR_LOW,2032,25.30248883660267
RE1,DEMINDCOAFUR_LOW,2033,25.26023553286294
RE1,DEMINDCOAFUR_LOW,2034,25.20140689818293
RE1,DEMINDCOAFUR_LOW,2035,25.12162739485219
RE1,DEMINDCOAFUR_LOW,2036,25.01588099252291
RE1,DEMINDCOAFUR_LOW,2037,24.87851467929551
RE1,DEMINDCOAFUR_LOW,2038,24.70326677790557
RE1,DEMINDCOAFUR_LOW,2039,24.48332670504908
RE1,DEMINDCOAFUR_LOW,2040,24.21143342688219
RE1,DEMINDCOAFUR_LOW,2041,23.88002008546406
RE1,DEMINDCOAFUR_LOW,2042,23.48141188002143
RE1,DEMINDCOAFUR_LOW,2043,23.00808302562561
RE1,DEMINDCOAFUR_LOW,2044,22.45297620132708
RE1,DEMINDCOAFUR_LOW,2045,21.80988407255978
RE1,DEMINDCOAFUR_LOW,2046,21.07388702404849
RE1,DEMINDCOAFUR_LOW,2047,20.24183409954039
RE1,DEMINDCOAFUR_LOW,2048,19.31284546834888
RE1,DEMINDCOAFUR_LOW,2049,18.28880500566071
RE1,DEMINDCOAFUR_LOW,2050,17.17480168032606
RE1,DEMINDCOAFUR_LOW,2051,15.97946975967633
RE1,DEMINDCOAFUR_LOW,2052,14.71517218988533
RE1,DEMINDCOAFUR_LOW,2053,13.397971036889
RE1,DEMINDCOAFUR_LOW,2054,12.0473357533153
RE1,DEMINDCOAFUR_LOW,2055,12.0473357533153
RE1,DEMINDCOAFUR_MID,2022,0.1875305473277993
RE1,DEMINDCOAFUR_MID,2023,0.2577990416425047
RE1,DEMINDCOAFUR_MID,2024,0.5743732051026904
RE1,DEMINDCOAFUR_MID,2025,0.5743620068652225
RE1,DEMINDCOAFUR_MID,2026,0.5743390314775271
RE1,DEMINDCOAFUR_MID,2027,0.5742881739526484
RE1,DEMINDCOAFUR_MID,2028,0.5741894350818291
RE1,DEMINDCOAFUR_MID,2029,0.5740149697722334
RE1,DEMINDCOAFUR_MID,2030,0.5737278148725475
RE1,DEMINDCOAFUR_MID,2031,0.5732806569830835
RE1,DEMINDCOAFUR_MID,2032,0.5726146673590516
RE1,DEMINDCOAFUR_MID,2033,0.5716584427907102
RE1,DEMINDCOAFUR_MID,2034,0.5703271058105412
RE1,DEMINDCOAFUR_MID,2035,0.5685216346548453
RE1,DEMINDCOAFUR_MID,2036,0.5661285127218518
RE1,DEMINDCOAFUR_MID,2037,0.5630198080302699
RE1,DEMINDCOAFUR_MID,2038,0.5590538140362479
RE1,DEMINDCOAFUR_MID,2039,0.5540764020325935
RE1,DEMINDCOAFUR_MID,2040,0.5479232492720052
RE1,DEMINDCOAFUR_MID,2041,0.54042311197405
RE1,DEMINDCOAFUR_MID,2042,0.5314023035294697
RE1,DEMINDCOAFUR_MID,2043,0.5206905096714987
RE1,DEMINDCOAFUR_MID,2044,0.508128017831383
RE1,DEMINDCOAFUR_MID,2045,0.4935743512820825
RE1,DEMINDCOAFUR_MID,2046,0.4769181753686333
RE1,DEMINDCOAFUR_MID,2047,0.4580881815419747
RE1,DEMINDCOAFUR_MID,2048,0.4370644585609949
RE1,DEMINDCOAFUR_MID,2049,0.4138896399614847
RE1,DEMINDCOAFUR_MID,2050,0.3886788929992888
RE1,DEMINDCOAFUR_MID,2051,0.3616276177454349
RE1,DEMINDCOAFUR_MID,2052,0.333015597123912
RE1,DEMINDCOAFUR_MID,2053,0.3032063279670829
RE1,DEMINDCOAFUR_MID,2054,0.2726404188732645
RE1,DEMINDCOAFUR_MID,2055,0.2726404188732645
RE1,DEMINDCOAOTH_LOW,2022,0.0500524650701986
RE1,DEMINDCOAOTH_LOW,2023,0.0513302625333636
RE1,DEMINDCOAOTH_LOW,2024,0.0502815633738188
RE1,DEMINDCOAOTH_LOW,2025,0.0362325713954043
RE1,DEMINDCOAOTH_LOW,2026,0.0184975534351869
RE1,DEMINDCOAOTH_LOW,2027,0.0041758522808384
RE1,DEMINDCOAOTH_LOW,2028,0.000232096621181
RE1,DEMINDCOAOTH_LOW,2029,1.404433130555076e-06
RE1,DEMINDCOAOTH_LOW,2030,3.126937614079433e-10
RE1,DEMINDCOAOTH_LOW,2031,6.36774042633312e-16
RE1,DEMINDCOAOTH_LOW,2032,2.0867449870450763e-24
RE1,DEMINDCOAOTH_LOW,2033,1.318779312384478e-36
RE1,DEMINDCOAOTH_LOW,2034,1.262549546682705e-53
RE1,DEMINDCOAOTH_LOW,2035,9.072568026282874e-77
RE1,DEMINDCOAOTH_LOW,2036,1.471802953114683e-107
RE1,DEMINDCOAOTH_LOW,2037,9.470265670662159e-148
RE1,DEMINDCOAOTH_LOW,2038,2.387093944784445e-199
RE1,DEMINDCOAOTH_LOW,2039,1.259339967048803e-264
RE1,DEMINDCOAOTH_LOW,2040,0.0
RE1,DEMINDCOAOTH_LOW,2041,0.0
RE1,DEMINDCOAOTH_LOW,2042,0.0
RE1,DEMINDCOAOTH_LOW,2043,0.0
RE1,DEMINDCOAOTH_LOW,2044,0.0
RE1,DEMINDCOAOTH_LOW,2045,0.0
RE1,DEMINDCOAOTH_LOW,2046,0.0
RE1,DEMINDCOAOTH_LOW,2047,0.0
RE1,DEMINDCOAOTH_LOW,2048,0.0
RE1,DEMINDCOAOTH_LOW,2049,0.0
RE1,DEMINDCOAOTH_LOW,2050,0.0
RE1,DEMINDCOAOTH_LOW,2051,0.0
RE1,DEMINDCOAOTH_LOW,2052,0.0
RE1,DEMINDCOAOTH_LOW,2053,0.0
RE1,DEMINDCOAOTH_LOW,2054,0.0
RE1,DEMINDCOAOTH_LOW,2055,0.0
RE1,DEMINDDSLBOI_HIG,2022,0.0
RE1,DEMINDDSLBOI_HIG,2023,0.0
RE1,DEMINDDSLBOI_HIG,2024,0.0
RE1,DEMINDDSLBOI_HIG,2025,0.0
RE1,DEMINDDSLBOI_HIG,2026,0.0
RE1,DEMINDDSLBOI_HIG,2027,0.0
RE1,DEMINDDSLBOI_HIG,2028,0.0
RE1,DEMINDDSLBOI_HIG,2029,0.0
RE1,DEMINDDSLBOI_HIG,2030,0.0
RE1,DEMINDDSLBOI_HIG,2031,0.0
RE1,DEMINDDSLBOI_HIG,2032,0.0
RE1,DEMINDDSLBOI_HIG,2033,0.0
RE1,DEMINDDSLBOI_HIG,2034,0.0
RE1,DEMINDDSLBOI_HIG,2035,0.0
RE1,DEMINDDSLBOI_HIG,2036,0.0
RE1,DEMINDDSLBOI_HIG,2037,0.0
RE1,DEMINDDSLBOI_HIG,2038,0.0
RE1,DEMINDDSLBOI_HIG,2039,0.0
RE1,DEMINDDSLBOI_HIG,2040,0.0
RE1,DEMINDDSLBOI_HIG,2041,0.0
RE1,DEMINDDSLBOI_HIG,2042,0.0
RE1,DEMINDDSLBOI_HIG,2043,0.0
RE1,DEMINDDSLBOI_HIG,2044,0.0
RE1,DEMINDDSLBOI_HIG,2045,0.0
RE1,DEMINDDSLBOI_HIG,2046,0.0
RE1,DEMINDDSLBOI_HIG,2047,0.0
RE1,DEMINDDSLBOI_HIG,2048,0.0
RE1,DEMINDDSLBOI_HIG,2049,0.0
RE1,DEMINDDSLBOI_HIG,2050,0.0
RE1,DEMINDDSLBOI_HIG,2051,0.0
RE1,DEMINDDSLBOI_HIG,2052,0.0
RE1,DEMINDDSLBOI_HIG,2053,0.0
RE1,DEMINDDSLBOI_HIG,2054,0.0
RE1,DEMINDDSLBOI_HIG,2055,0.0
RE1,DEMINDDSLBOI_LOW,2022,1.345726861673207
RE1,DEMINDDSLBOI_LOW,2023,1.350736066431834
RE1,DEMINDDSLBOI_LOW,2024,1.307573990088883
RE1,DEMINDDSLBOI_LOW,2025,1.307518890189521
RE1,DEMINDDSLBOI_LOW,2026,1.307405845809543
RE1,DEMINDDSLBOI_LOW,2027,1.307155633352702
RE1,DEMINDDSLBOI_LOW,2028,1.306669924333366
RE1,DEMINDDSLBOI_LOW,2029,1.305811944464873
RE1,DEMINDDSLBOI_LOW,2030,1.30440044271465
RE1,DEMINDDSLBOI_LOW,2031,1.302204083934641
RE1,DEMINDDSLBOI_LOW,2032,1.298936549915997
RE1,DEMINDDSLBOI_LOW,2033,1.294252753563918
RE1,DEMINDDSLBOI_LOW,2034,1.287746713080652
RE1,DEMINDDSLBOI_LOW,2035,1.278951791357104
RE1,DEMINDDSLBOI_LOW,2036,1.267344167730987
RE1,DEMINDDSLBOI_LOW,2037,1.252350553899263
RE1,DEMINDDSLBOI_LOW,2038,1.233361261414534
RE1,DEMINDDSLBOI_LOW,2039,1.209749731003247
RE1,DEMINDDSLBOI_LOW,2040,1.180899488103058
RE1,DEMINDDSLBOI_LOW,2041,1.146239130102115
RE1,DEMINDDSLBOI_LOW,2042,1.105285313975567
RE1,DEMINDDSLBOI_LOW,2043,1.057692747992507
RE1,DEMINDDSLBOI_LOW,2044,1.003308884341101
RE1,DEMINDDSLBOI_LOW,2045,0.9422294131637492
RE1,DEMINDDSLBOI_LOW,2046,0.8748489223683121
RE1,DEMINDDSLBOI_LOW,2047,0.8018994844585114
RE1,DEMINDDSLBOI_LOW,2048,0.7244688627859763
RE1,DEMINDDSLBOI_LOW,2049,0.6439899926422811
RE1,DEMINDDSLBOI_LOW,2050,0.5621948947312758
RE1,DEMINDDSLBOI_LOW,2051,0.4810295887642114
RE1,DEMINDDSLBOI_LOW,2052,0.4025319293041859
RE1,DEMINDDSLBOI_LOW,2053,0.3286810935884923
RE1,DEMINDDSLBOI_LOW,2054,0.26123458148969
RE1,DEMINDDSLBOI_LOW,2055,0.26123458148969
RE1,DEMINDDSLBOI_MID,2022,0.0092733348617994
RE1,DEMINDDSLBOI_MID,2023,0.0127551433697474
RE1,DEMINDDSLBOI_MID,2024,0.029591399099798
RE1,DEMINDDSLBOI_MID,2025,0.0295901521469488
RE1,DEMINDDSLBOI_MID,2026,0.029587593866202
RE1,DEMINDDSLBOI_MID,2027,0.0295819313670041
RE1,DEMINDDSLBOI_MID,2028,0.0295709394005483
RE1,DEMINDDSLBOI_MID,2029,0.0295515226601568
RE1,DEMINDDSLBOI_MID,2030,0.0295195792963873
RE1,DEMINDDSLBOI_MID,2031,0.0294698740179723
RE1,DEMINDDSLBOI_MID,2032,0.0293959272249413
RE1,DEMINDDSLBOI_MID,2033,0.029289929332503
RE1,DEMINDDSLBOI_MID,2034,0.0291426926621814
RE1,DEMINDDSLBOI_MID,2035,0.028943656859431
RE1,DEMINDDSLBOI_MID,2036,0.0286809674621776
RE1,DEMINDDSLBOI_MID,2037,0.0283416505178166
RE1,DEMINDDSLBOI_MID,2038,0.027911908310647
RE1,DEMINDDSLBOI_MID,2039,0.027377561325273
RE1,DEMINDDSLBOI_MID,2040,0.026724658271024
RE1,DEMINDDSLBOI_MID,2041,0.0259402678699286
RE1,DEMINDDSLBOI_MID,2042,0.025013451699795
RE1,DEMINDDSLBOI_MID,2043,0.0239363955447605
RE1,DEMINDDSLBOI_MID,2044,0.0227056471312131
RE1,DEMINDDSLBOI_MID,2045,0.0213233720002351
RE1,DEMINDDSLBOI_MID,2046,0.0197984999778629
RE1,DEMINDDSLBOI_MID,2047,0.0181475984245611
RE1,DEMINDDSLBOI_MID,2048,0.016395284256625
RE1,DEMINDDSLBOI_MID,2049,0.0145739858952519
RE1,DEMINDDSLBOI_MID,2050,0.0127229002931843
RE1,DEMINDDSLBOI_MID,2051,0.0108860673643148
RE1,DEMINDDSLBOI_MID,2052,0.0091096053154454
RE1,DEMINDDSLBOI_MID,2053,0.0074383044406336
RE1,DEMINDDSLBOI_MID,2054,0.0059119383056898
RE1,DEMINDDSLBOI_MID,2055,0.0059119383056898
RE1,DEMINDDSLFUR_HIG,2022,0.0
RE1,DEMINDDSLFUR_HIG,2023,0.0
RE1,DEMINDDSLFUR_HIG,2024,0.0
RE1,DEMINDDSLFUR_HIG,2025,0.0
RE1,DEMINDDSLFUR_HIG,2026,0.0
RE1,DEMINDDSLFUR_HIG,2027,0.0
RE1,DEMINDDSLFUR_HIG,2028,0.0
RE1,DEMINDDSLFUR_HIG,2029,0.0
RE1,DEMINDDSLFUR_HIG,2030,0.0
RE1,DEMINDDSLFUR_HIG,2031,0.0
RE1,DEMINDDSLFUR_HIG,2032,0.0
RE1,DEMINDDSLFUR_HIG,2033,0.0
RE1,DEMINDDSLFUR_HIG,2034,0.0
RE1,DEMINDDSLFUR_HIG,2035,0.0
RE1,DEMINDDSLFUR_HIG,2036,0.0
RE1,DEMINDDSLFUR_HIG,2037,0.0
RE1,DEMINDDSLFUR_HIG,2038,0.0
RE1,DEMINDDSLFUR_HIG,2039,0.0
RE1,DEMINDDSLFUR_HIG,2040,0.0
RE1,DEMINDDSLFUR_HIG,2041,0.0
RE1,DEMINDDSLFUR_HIG,2042,0.0
RE1,DEMINDDSLFUR_HIG,2043,0.0
RE1,DEMINDDSLFUR_HIG,2044,0.0
RE1,DEMINDDSLFUR_HIG,2045,0.0
RE1,DEMINDDSLFUR_HIG,2046,0.0
RE1,DEMINDDSLFUR_HIG,2047,0.0
RE1,DEMINDDSLFUR_HIG,2048,0.0
RE1,DEMINDDSLFUR_HIG,2049,0.0
RE1,DEMINDDSLFUR_HIG,2050,0.0
RE1,DEMINDDSLFUR_HIG,2051,0.0
RE1,DEMINDDSLFUR_HIG,2052,0.0
RE1,DEMINDDSLFUR_HIG,2053,0.0
RE1,DEMINDDSLFUR_HIG,2054,0.0
RE1,DEMINDDSLFUR_HIG,2055,0.0
RE1,DEMINDDSLFUR_LOW,2022,1.751034174074598
RE1,DEMINDDSLFUR_LOW,2023,1.757491220404331
RE1,DEMINDDSLFUR_LOW,2024,1.70141714720819
RE1,DEMINDDSLFUR_LOW,2025,1.701383975616832
RE1,DEMINDDSLFUR_LOW,2026,1.701315917569832
RE1,DEMINDDSLFUR_LOW,2027,1.701165266626988
RE1,DEMINDDSLFUR_LOW,2028,1.70087278082435
RE1,DEMINDDSLFUR_LOW,2029,1.700355976999412
RE1,DEMINDDSLFUR_LOW,2030,1.699505362336524
RE1,DEMINDDSLFUR_LOW,2031,1.698180784355022
RE1,DEMINDDSLFUR_LOW,2032,1.696207979641773
RE1,DEMINDDSLFUR_LOW,2033,1.693375436510053
RE1,DEMINDDSLFUR_LOW,2034,1.689431729619396
RE1,DEMINDDSLFUR_LOW,2035,1.684083535177523
RE1,DEMINDDSLFUR_LOW,2036,1.676994592559758
RE1,DEMINDDSLFUR_LOW,2037,1.667785939682369
RE1,DEMINDDSLFUR_LOW,2038,1.656037811240431
RE1,DEMINDDSLFUR_LOW,2039,1.641293644805607
RE1,DEMINDDSLFUR_LOW,2040,1.62306668100707
RE1,DEMINDDSLFUR_LOW,2041,1.600849658883144
RE1,DEMINDDSLFUR_LOW,2042,1.574128081287015
RE1,DEMINDDSLFUR_LOW,2043,1.542397440676694
RE1,DEMINDDSLFUR_LOW,2044,1.505184634023197
RE1,DEMINDDSLFUR_LOW,2045,1.462073539003883
RE1,DEMINDDSLFUR_LOW,2046,1.412734358390484
RE1,DEMINDDSLFUR_LOW,2047,1.356955860901603
RE1,DEMINDDSLFUR_LOW,2048,1.294679065152402
RE1,DEMINDDSLFUR_LOW,2049,1.226030260858691
RE1,DEMINDDSLFUR_LOW,2050,1.151350598238047
RE1,DEMINDDSLFUR_LOW,2051,1.071218894387888
RE1,DEMINDDSLFUR_LOW,2052,0.9864639265912446
RE1,DEMINDDSLFUR_LOW,2053,0.8981624507588097
RE1,DEMINDDSLFUR_LOW,2054,0.807619644461062
RE1,DEMINDDSLFUR_LOW,2055,0.807619644461062
RE1,DEMINDDSLFUR_MID,2022,0.0120662867875422
RE1,DEMINDDSLFUR_MID,2023,0.0165961752591292
RE1,DEMINDDSLFUR_MID,2024,0.0385043708577095
RE1,DEMINDDSLFUR_MID,2025,0.0385036201592358
RE1,DEMINDDSLFUR_MID,2026,0.0385020799535984
RE1,DEMINDDSLFUR_MID,2027,0.0384986706075819
RE1,DEMINDDSLFUR_MID,2028,0.0384920514302485
RE1,DEMINDDSLFUR_MID,2029,0.0384803557645685
RE1,DEMINDDSLFUR_MID,2030,0.0384611057044109
RE1,DEMINDDSLFUR_MID,2031,0.0384311294919851
RE1,DEMINDDSLFUR_MID,2032,0.0383864834130188
RE1,DEMINDDSLFUR_MID,2033,0.0383223807963306
RE1,DEMINDDSLFUR_MID,2034,0.0382331316942388
RE1,DEMINDDSLFUR_MID,2035,0.0381120979650637
RE1,DEMINDDSLFUR_MID,2036,0.0379516697737813
RE1,DEMINDDSLFUR_MID,2037,0.0377432709187018
RE1,DEMINDDSLFUR_MID,2038,0.0374774017900436
RE1,DEMINDDSLFUR_MID,2039,0.0371437300309892
RE1,DEMINDDSLFUR_MID,2040,0.0367312399048255
RE1,DEMINDDSLFUR_MID,2041,0.0362284517081641
RE1,DEMINDDSLFUR_MID,2042,0.0356237219772144
RE1,DEMINDDSLFUR_MID,2043,0.0349056333205806
RE1,DEMINDDSLFUR_MID,2044,0.0340634790550064
RE1,DEMINDDSLFUR_MID,2045,0.0330878420141846
RE1,DEMINDDSLFUR_MID,2046,0.0319712586346935
RE1,DEMINDDSLFUR_MID,2047,0.0307089485911384
RE1,DEMINDDSLFUR_MID,2048,0.0292995770896864
RE1,DEMINDDSLFUR_MID,2049,0.0277460021631608
RE1,DEMINDDSLFUR_MID,2050,0.0260559443018114
RE1,DEMINDDSLFUR_MID,2051,0.0242425025790866
RE1,DEMINDDSLFUR_MID,2052,0.0223244328585421
RE1,DEMINDDSLFUR_MID,2053,0.0203261029496694
RE1,DEMINDDSLFUR_MID,2054,0.0182770500187601
RE1,DEMINDDSLFUR_MID,2055,0.0182770500187601
RE1,DEMINDELCAIR_HIG,2022,0.0
RE1,DEMINDELCAIR_HIG,2023,0.0
RE1,DEMINDELCAIR_HIG,2024,0.0
RE1,DEMINDELCAIR_HIG,2025,0.0
RE1,DEMINDELCAIR_HIG,2026,0.0
RE1,DEMINDELCAIR_HIG,2027,0.0
RE1,DEMINDELCAIR_HIG,2028,0.0
RE1,DEMINDELCAIR_HIG,2029,0.0
RE1,DEMINDELCAIR_HIG,2030,0.0
RE1,DEMINDELCAIR_HIG,2031,0.0
RE1,DEMINDELCAIR_HIG,2032,0.0
RE1,DEMINDELCAIR_HIG,2033,0.0
RE1,DEMINDELCAIR_HIG,2034,0.0
RE1,DEMINDELCAIR_HIG,2035,0.0
RE1,DEMINDELCAIR_HIG,2036,0.0
RE1,DEMINDELCAIR_HIG,2037,0.0
RE1,DEMINDELCAIR_HIG,2038,0.0
RE1,DEMINDELCAIR_HIG,2039,0.0
RE1,DEMINDELCAIR_HIG,2040,0.0
RE1,DEMINDELCAIR_HIG,2041,0.0
RE1,DEMINDELCAIR_HIG,2042,0.0
RE1,DEMINDELCAIR_HIG,2043,0.0
RE1,DEMINDELCAIR_HIG,2044,0.0
RE1,DEMINDELCAIR_HIG,2045,0.0
RE1,DEMINDELCAIR_HIG,2046,0.0
RE1,DEMINDELCAIR_HIG,2047,0.0
RE1,DEMINDELCAIR_HIG,2048,0.0
RE1,DEMINDELCAIR_HIG,2049,0.0
RE1,DEMINDELCAIR_HIG,2050,0.0
RE1,DEMINDELCAIR_HIG,2051,0.0
RE1,DEMINDELCAIR_HIG,2052,0.0
RE1,DEMINDELCAIR_HIG,2053,0.0
RE1,DEMINDELCAIR_HIG,2054,0.0
RE1,DEMINDELCAIR_HIG,2055,0.0
RE1,DEMINDELCAIR_LOW,2022,0.6690743113546258
RE1,DEMINDELCAIR_LOW,2023,0.6362971629513507
RE1,DEMINDELCAIR_LOW,2024,0.6158044185112086
RE1,DEMINDELCAIR_LOW,2025,0.6156073926231084
RE1,DEMINDELCAIR_LOW,2026,0.6152033405516231
RE1,DEMINDELCAIR_LOW,2027,0.6143098304341893
RE1,DEMINDELCAIR_LOW,2028,0.612578577019566
RE1,DEMINDELCAIR_LOW,2029,0.6095307572313994
RE1,DEMINDELCAIR_LOW,2030,0.6045452957619488
RE1,DEMINDELCAIR_LOW,2031,0.596858108358443
RE1,DEMINDELCAIR_LOW,2032,0.585578924960241
RE1,DEMINDELCAIR_LOW,2033,0.5697339005603085
RE1,DEMINDELCAIR_LOW,2034,0.5483426406417699
RE1,DEMINDELCAIR_LOW,2035,0.5205361877957175
RE1,DEMINDELCAIR_LOW,2036,0.4857163070928777
RE1,DEMINDELCAIR_LOW,2037,0.4437447060552333
RE1,DEMINDELCAIR_LOW,2038,0.395133664264142
RE1,DEMINDELCAIR_LOW,2039,0.3411899671903605
RE1,DEMINDELCAIR_LOW,2040,0.2840494870626751
RE1,DEMINDELCAIR_LOW,2041,0.2265417853528084
RE1,DEMINDELCAIR_LOW,2042,0.1718544415045329
RE1,DEMINDELCAIR_LOW,2043,0.1230289152037525
RE1,DEMINDELCAIR_LOW,2044,0.0823989111972144
RE1,DEMINDELCAIR_LOW,2045,0.0511421704705668
RE1,DEMINDELCAIR_LOW,2046,0.0291126153728223
RE1,DEMINDELCAIR_LOW,2047,0.0150292666581573
RE1,DEMINDELCAIR_LOW,2048,0.0069510725624497
RE1,DEMINDELCAIR_LOW,2049,0.0028425155316316
RE1,DEMINDELCAIR_LOW,2050,0.0010132827909985
RE1,DEMINDELCAIR_LOW,2051,0.0003101123619418
RE1,DEMINDELCAIR_LOW,2052,8.016403734785833e-05
RE1,DEMINDELCAIR_LOW,2053,1.720026326288947e-05
RE1,DEMINDELCAIR_LOW,2054,3.006793946905914e-06
RE1,DEMINDELCAIR_LOW,2055,3.006793946905914e-06
RE1,DEMINDELCAIR_MID,2022,0.0046105568026671
RE1,DEMINDELCAIR_MID,2023,0.0060086213294413
RE1,DEMINDELCAIR_MID,2024,0.0139361248034197
RE1,DEMINDELCAIR_MID,2025,0.0139316659569361
RE1,DEMINDELCAIR_MID,2026,0.0139225219496409
RE1,DEMINDELCAIR_MID,2027,0.0139023011325513
RE1,DEMINDELCAIR_MID,2028,0.0138631215441507
RE1,DEMINDELCAIR_MID,2029,0.0137941470521376
RE1,DEMINDELCAIR_MID,2030,0.0136813222474555
RE1,DEMINDELCAIR_MID,2031,0.0135073553192845
RE1,DEMINDELCAIR_MID,2032,0.0132520987754974
RE1,DEMINDELCAIR_MID,2033,0.012893513759033
RE1,DEMINDELCAIR_MID,2034,0.012409413192415
RE1,DEMINDELCAIR_MID,2035,0.0117801319051195
RE1,DEMINDELCAIR_MID,2036,0.0109921313833172
RE1,DEMINDELCAIR_MID,2037,0.0100422819624994
RE1,DEMINDELCAIR_MID,2038,0.0089421769212547
RE1,DEMINDELCAIR_MID,2039,0.0077213898138878
RE1,DEMINDELCAIR_MID,2040,0.0064282570619144
RE1,DEMINDELCAIR_MID,2041,0.0051268138047775
RE1,DEMINDELCAIR_MID,2042,0.0038891974023495
RE1,DEMINDELCAIR_MID,2043,0.0027842384126667
RE1,DEMINDELCAIR_MID,2044,0.0018647503583792
RE1,DEMINDELCAIR_MID,2045,0.0011573864184324
RE1,DEMINDELCAIR_MID,2046,0.0006588407439012
RE1,DEMINDELCAIR_MID,2047,0.0003401237950814
RE1,DEMINDELCAIR_MID,2048,0.0001573080865222
RE1,DEMINDELCAIR_MID,2049,6.432829972257963e-05
RE1,DEMINDELCAIR_MID,2050,2.293136426441032e-05
RE1,DEMINDELCAIR_MID,2051,7.018079846769732e-06
RE1,DEMINDELCAIR_MID,2052,1.814173454498236e-06
RE1,DEMINDELCAIR_MID,2053,3.892551080793205e-07
RE1,DEMINDELCAIR_MID,2054,6.804604585909643e-08
RE1,DEMINDELCAIR_MID,2055,6.804604585909643e-08
RE1,DEMINDELCBOI_HIG,2022,0.0
RE1,DEMINDELCBOI_HIG,2023,0.0
RE1,DEMINDELCBOI_HIG,2024,0.0
RE1,DEMINDELCBOI_HIG,2025,0.0
RE1,DEMINDELCBOI_HIG,2026,0.0
RE1,DEMINDELCBOI_HIG,2027,0.0
RE1,DEMINDELCBOI_HIG,2028,0.0
RE1,DEMINDELCBOI_HIG,2029,0.0
RE1,DEMINDELCBOI_HIG,2030,0.0
RE1,DEMINDELCBOI_HIG,2031,0.0
RE1,DEMINDELCBOI_HIG,2032,0.0
RE1,DEMINDELCBOI_HIG,2033,0.0
RE1,DEMINDELCBOI_HIG,2034,0.0
RE1,DEMINDELCBOI_HIG,2035,0.0
RE1,DEMINDELCBOI_HIG,2036,0.0
RE1,DEMINDELCBOI_HIG,2037,0.0
RE1,DEMINDELCBOI_HIG,2038,0.0
RE1,DEMINDELCBOI_HIG,2039,0.0
RE1,DEMINDELCBOI_HIG,2040,0.0
RE1,DEMINDELCBOI_HIG,2041,0.0
RE1,DEMINDELCBOI_HIG,2042,0.0
RE1,DEMINDELCBOI_HIG,2043,0.0
RE1,DEMINDELCBOI_HIG,2044,0.0
RE1,DEMINDELCBOI_HIG,2045,0.0
RE1,DEMINDELCBOI_HIG,2046,0.0
RE1,DEMINDELCBOI_HIG,2047,0.0
RE1,DEMINDELCBOI_HIG,2048,0.0
RE1,DEMINDELCBOI_HIG,2049,0.0
RE1,DEMINDELCBOI_HIG,2050,0.0
RE1,DEMINDELCBOI_HIG,2051,0.0
RE1,DEMINDELCBOI_HIG,2052,0.0
RE1,DEMINDELCBOI_HIG,2053,0.0
RE1,DEMINDELCBOI_HIG,2054,0.0
RE1,DEMINDELCBOI_HIG,2055,0.0
RE1,DEMINDELCBOI_LOW,2022,0.0465365392062013
RE1,DEMINDELCBOI_LOW,2023,0.0442368415562593
RE1,DEMINDELCBOI_LOW,2024,0.0427938634407003
RE1,DEMINDELCBOI_LOW,2025,0.0427920601488126
RE1,DEMINDELCBOI_LOW,2026,0.0427883604684915
RE1,DEMINDELCBOI_LOW,2027,0.0427801715952114
RE1,DEMINDELCBOI_LOW,2028,0.0427642754657357
RE1,DEMINDELCBOI_LOW,2029,0.0427361957749454
RE1,DEMINDELCBOI_LOW,2030,0.0426900005970028
RE1,DEMINDELCBOI_LOW,2031,0.0426181188691534
RE1,DEMINDELCBOI_LOW,2032,0.0425111800606106
RE1,DEMINDELCBOI_LOW,2033,0.04235789027128
RE1,DEMINDELCBOI_LOW,2034,0.0421449626587006
RE1,DEMINDELCBOI_LOW,2035,0.0418571252727767
RE1,DEMINDELCBOI_LOW,2036,0.0414772346783689
RE1,DEMINDELCBOI_LOW,2037,0.0409865284792086
RE1,DEMINDELCBOI_LOW,2038,0.040365052986742
RE1,DEMINDELCBOI_LOW,2039,0.0395923023694114
RE1,DEMINDELCBOI_LOW,2040,0.0386481008448631
RE1,DEMINDELCBOI_LOW,2041,0.0375137477311266
RE1,DEMINDELCBOI_LOW,2042,0.0361734243322374
RE1,DEMINDELCBOI_LOW,2043,0.034615830050836
RE1,DEMINDELCBOI_LOW,2044,0.0328359723509152
RE1,DEMINDELCBOI_LOW,2045,0.0308369829488576
RE1,DEMINDELCBOI_LOW,2046,0.0286317757915393
RE1,DEMINDELCBOI_LOW,2047,0.0262443099137761
RE1,DEMINDELCBOI_LOW,2048,0.0237101852867194
RE1,DEMINDELCBOI_LOW,2049,0.0210762985583997
RE1,DEMINDELCBOI_LOW,2050,0.0183993347485856
RE1,DEMINDELCBOI_LOW,2051,0.0157429825681318
RE1,DEMINDELCBOI_LOW,2052,0.0131739362695598
RE1,DEMINDELCBOI_LOW,2053,0.0107569697326343
RE1,DEMINDELCBOI_LOW,2054,0.0085496018512102
RE1,DEMINDELCBOI_LOW,2055,0.0085496018512102
RE1,DEMINDELCBOI_MID,2022,0.000320680907589
RE1,DEMINDELCBOI_MID,2023,0.0004177331680832
RE1,DEMINDELCBOI_MID,2024,0.0009684578476587
RE1,DEMINDELCBOI_MID,2025,0.0009684170377846
RE1,DEMINDELCBOI_MID,2026,0.0009683333111903
RE1,DEMINDELCBOI_MID,2027,0.0009681479907272
RE1,DEMINDELCBOI_MID,2028,0.0009677882491638
RE1,DEMINDELCBOI_MID,2029,0.0009671527842929
RE1,DEMINDELCBOI_MID,2030,0.0009661073520976
RE1,DEMINDELCBOI_MID,2031,0.0009644806136393
RE1,DEMINDELCBOI_MID,2032,0.000962060506642
RE1,DEMINDELCBOI_MID,2033,0.0009585914415119
RE1,DEMINDELCBOI_MID,2034,0.0009537727268457
RE1,DEMINDELCBOI_MID,2035,0.0009472587467366
RE1,DEMINDELCBOI_MID,2036,0.0009386615321402
RE1,DEMINDELCBOI_MID,2037,0.0009275564756844
RE1,DEMINDELCBOI_MID,2038,0.0009134920101416
RE1,DEMINDELCBOI_MID,2039,0.0008960040728658
RE1,DEMINDELCBOI_MID,2040,0.0008746360704772
RE1,DEMINDELCBOI_MID,2041,0.0008489647922451
RE1,DEMINDELCBOI_MID,2042,0.0008186322489856
RE1,DEMINDELCBOI_MID,2043,0.0007833826995407
RE1,DEMINDELCBOI_MID,2044,0.0007431031590035
RE1,DEMINDELCBOI_MID,2045,0.00069786450051
RE1,DEMINDELCBOI_MID,2046,0.0006479589765515
RE1,DEMINDELCBOI_MID,2047,0.0005939287984036
RE1,DEMINDELCBOI_MID,2048,0.0005365796206314
RE1,DEMINDELCBOI_MID,2049,0.0004769727502347
RE1,DEMINDELCBOI_MID,2050,0.0004163910125492
RE1,DEMINDELCBOI_MID,2051,0.0003562757317947
RE1,DEMINDELCBOI_MID,2052,0.0002981362498969
RE1,DEMINDELCBOI_MID,2053,0.0002434384492774
RE1,DEMINDELCBOI_MID,2054,0.0001934840264804
RE1,DEMINDELCBOI_MID,2055,0.0001934840264804
RE1,DEMINDELCFUR_HIG,2022,0.0
RE1,DEMINDELCFUR_HIG,2023,0.0
RE1,DEMINDELCFUR_HIG,2024,0.0
RE1,DEMINDELCFUR_HIG,2025,0.0
RE1,DEMINDELCFUR_HIG,2026,0.0
RE1,DEMINDELCFUR_HIG,2027,0.0
RE1,DEMINDELCFUR_HIG,2028,0.0
RE1,DEMINDELCFUR_HIG,2029,0.0
RE1,DEMINDELCFUR_HIG,2030,0.0
RE1,DEMINDELCFUR_HIG,2031,0.0
RE1,DEMINDELCFUR_HIG,2032,0.0
RE1,DEMINDELCFUR_HIG,2033,0.0
RE1,DEMINDELCFUR_HIG,2034,0.0
RE1,DEMINDELCFUR_HIG,2035,0.0
RE1,DEMINDELCFUR_HIG,2036,0.0
RE1,DEMINDELCFUR_HIG,2037,0.0
RE1,DEMINDELCFUR_HIG,2038,0.0
RE1,DEMINDELCFUR_HIG,2039,0.0
RE1,DEMINDELCFUR_HIG,2040,0.0
RE1,DEMINDELCFUR_HIG,2041,0.0
RE1,DEMINDELCFUR_HIG,2042,0.0
RE1,DEMINDELCFUR_HIG,2043,0.0
RE1,DEMINDELCFUR_HIG,2044,0.0
RE1,DEMINDELCFUR_HIG,2045,0.0
RE1,DEMINDELCFUR_HIG,2046,0.0
RE1,DEMINDELCFUR_HIG,2047,0.0
RE1,DEMINDELCFUR_HIG,2048,0.0
RE1,DEMINDELCFUR_HIG,2049,0.0
RE1,DEMINDELCFUR_HIG,2050,0.0
RE1,DEMINDELCFUR_HIG,2051,0.0
RE1,DEMINDELCFUR_HIG,2052,0.0
RE1,DEMINDELCFUR_HIG,2053,0.0
RE1,DEMINDELCFUR_HIG,2054,0.0
RE1,DEMINDELCFUR_HIG,2055,0.0
RE1,DEMINDELCFUR_LOW,2022,3.485475573074125
RE1,DEMINDELCFUR_LOW,2023,3.312399301839411
RE1,DEMINDELCFUR_LOW,2024,3.203585359557214
RE1,DEMINDELCFUR_LOW,2025,3.203522901021046
RE1,DEMINDELCFUR_LOW,2026,3.203394755043835
RE1,DEMINDELCFUR_LOW,2027,3.203111095533473
RE1,DEMINDELCFUR_LOW,2028,3.202560376248232
RE1,DEMINDELCFUR_LOW,2029,3.201587290271021
RE1,DEMINDELCFUR_LOW,2030,3.199985674415013
RE1,DEMINDELCFUR_LOW,2031,3.19749163664415
RE1,DEMINDELCFUR_LOW,2032,3.193777057707996
RE1,DEMINDELCFUR_LOW,2033,3.188443683866088
RE1,DEMINDELCFUR_LOW,2034,3.181018108263995
RE1,DEMINDELCFUR_LOW,2035,3.170948033772174
RE1,DEMINDELCFUR_LOW,2036,3.157600317827099
RE1,DEMINDELCFUR_LOW,2037,3.140261415613932
RE1,DEMINDELCFUR_LOW,2038,3.1181409542441
RE1,DEMINDELCFUR_LOW,2039,3.090379275806226
RE1,DEMINDELCFUR_LOW,2040,3.056059864796419
RE1,DEMINDELCFUR_LOW,2041,3.014227603421861
RE1,DEMINDELCFUR_LOW,2042,2.963913748931973
RE1,DEMINDELCFUR_LOW,2043,2.904168367926855
RE1,DEMINDELCFUR_LOW,2044,2.834100658324426
RE1,DEMINDELCFUR_LOW,2045,2.75292710657965
RE1,DEMINDELCFUR_LOW,2046,2.660026740008762
RE1,DEMINDELCFUR_LOW,2047,2.555001832844349
RE1,DEMINDELCFUR_LOW,2048,2.437741329487108
RE1,DEMINDELCFUR_LOW,2049,2.308483019878965
RE1,DEMINDELCFUR_LOW,2050,2.167869253160595
RE1,DEMINDELCFUR_LOW,2051,2.016989879626614
RE1,DEMINDELCFUR_LOW,2052,1.857405397697182
RE1,DEMINDELCFUR_LOW,2053,1.691143222857663
RE1,DEMINDELCFUR_LOW,2054,1.520660863993088
RE1,DEMINDELCFUR_LOW,2055,1.520660863993088
RE1,DEMINDELCFUR_MID,2022,0.024018233612095
RE1,DEMINDELCFUR_MID,2023,0.0312793365356881
RE1,DEMINDELCFUR_MID,2024,0.0724995859840279
RE1,DEMINDELCFUR_MID,2025,0.0724981724996018
RE1,DEMINDELCFUR_MID,2026,0.0724952724581637
RE1,DEMINDELCFUR_MID,2027,0.0724888530265727
RE1,DEMINDELCFUR_MID,2028,0.0724763898280959
RE1,DEMINDELCFUR_MID,2029,0.0724543681484599
RE1,DEMINDELCFUR_MID,2030,0.072418122357125
RE1,DEMINDELCFUR_MID,2031,0.0723616803755569
RE1,DEMINDELCFUR_MID,2032,0.072277616614255
RE1,DEMINDELCFUR_MID,2033,0.0721569182865882
RE1,DEMINDELCFUR_MID,2034,0.0719888718334981
RE1,DEMINDELCFUR_MID,2035,0.0717609783486851
RE1,DEMINDELCFUR_MID,2036,0.0714589093318683
RE1,DEMINDELCFUR_MID,2037,0.0710665167183479
RE1,DEMINDELCFUR_MID,2038,0.0705659137653771
RE1,DEMINDELCFUR_MID,2039,0.0699376457571709
RE1,DEMINDELCFUR_MID,2040,0.0691609712471554
RE1,DEMINDELCFUR_MID,2041,0.0682142751894452
RE1,DEMINDELCFUR_MID,2042,0.0670756341949434
RE1,DEMINDELCFUR_MID,2043,0.06572355054454
RE1,DEMINDELCFUR_MID,2044,0.0641378647060558
RE1,DEMINDELCFUR_MID,2045,0.0623008451689323
RE1,DEMINDELCFUR_MID,2046,0.0601984388465721
RE1,DEMINDELCFUR_MID,2047,0.0578216449007778
RE1,DEMINDELCFUR_MID,2048,0.0551679500584297
RE1,DEMINDELCFUR_MID,2049,0.0522427356877157
RE1,DEMINDELCFUR_MID,2050,0.0490605386407965
RE1,DEMINDELCFUR_MID,2051,0.045646023063083
RE1,DEMINDELCFUR_MID,2052,0.0420345042269005
RE1,DEMINDELCFUR_MID,2053,0.0382718640947408
RE1,DEMINDELCFUR_MID,2054,0.0344137179715576
RE1,DEMINDELCFUR_MID,2055,0.0344137179715576
RE1,DEMINDELCILU_HIG,2022,0.0
RE1,DEMINDELCILU_HIG,2023,0.0
RE1,DEMINDELCILU_HIG,2024,0.0
RE1,DEMINDELCILU_HIG,2025,0.0
RE1,DEMINDELCILU_HIG,2026,0.0
RE1,DEMINDELCILU_HIG,2027,0.0
RE1,DEMINDELCILU_HIG,2028,0.0
RE1,DEMINDELCILU_HIG,2029,0.0
RE1,DEMINDELCILU_HIG,2030,0.0
RE1,DEMINDELCILU_HIG,2031,0.0
RE1,DEMINDELCILU_HIG,2032,0.0
RE1,DEMINDELCILU_HIG,2033,0.0
RE1,DEMINDELCILU_HIG,2034,0.0
RE1,DEMINDELCILU_HIG,2035,0.0
RE1,DEMINDELCILU_HIG,2036,0.0
RE1,DEMINDELCILU_HIG,2037,0.0
RE1,DEMINDELCILU_HIG,2038,0.0
RE1,DEMINDELCILU_HIG,2039,0.0
RE1,DEMINDELCILU_HIG,2040,0.0
RE1,DEMINDELCILU_HIG,2041,0.0
RE1,DEMINDELCILU_HIG,2042,0.0
RE1,DEMINDELCILU_HIG,2043,0.0
RE1,DEMINDELCILU_HIG,2044,0.0
RE1,DEMINDELCILU_HIG,2045,0.0
RE1,DEMINDELCILU_HIG,2046,0.0
RE1,DEMINDELCILU_HIG,2047,0.0
RE1,DEMINDELCILU_HIG,2048,0.0
RE1,DEMINDELCILU_HIG,2049,0.0
RE1,DEMINDELCILU_HIG,2050,0.0
RE1,DEMINDELCILU_HIG,2051,0.0
RE1,DEMINDELCILU_HIG,2052,0.0
RE1,DEMINDELCILU_HIG,2053,0.0
RE1,DEMINDELCILU_HIG,2054,0.0
RE1,DEMINDELCILU_HIG,2055,0.0
RE1,DEMINDELCILU_LOW,2022,1.260774905752523
RE1,DEMINDELCILU_LOW,2023,1.198500693348961
RE1,DEMINDELCILU_LOW,2024,1.159433453038381
RE1,DEMINDELCILU_LOW,2025,1.09090157627704
RE1,DEMINDELCILU_LOW,2026,0.962710102024271
RE1,DEMINDELCILU_LOW,2027,0.7299838394823293
RE1,DEMINDELCILU_LOW,2028,0.4265317307792353
RE1,DEMINDELCILU_LOW,2029,0.1650127810307578
RE1,DEMINDELCILU_LOW,2030,0.034547294233756
RE1,DEMINDELCILU_LOW,2031,0.0030215952959886
RE1,DEMINDELCILU_LOW,2032,7.992315818848817e-05
RE1,DEMINDELCILU_LOW,2033,4.309265280407849e-07
RE1,DEMINDELCILU_LOW,2034,2.9512045943910805e-10
RE1,DEMINDELCILU_LOW,2035,1.468325719243596e-14
RE1,DEMINDELCILU_LOW,2036,2.766453976579271e-20
RE1,DEMINDELCILU_LOW,2037,9.309836315854996e-28
RE1,DEMINDELCILU_LOW,2038,2.371404381416217e-37
RE1,DEMINDELCILU_LOW,2039,1.728337722835855e-49
RE1,DEMINDELCILU_LOW,2040,1.206734323697804e-64
RE1,DEMINDELCILU_LOW,2041,2.376516475989605e-83
RE1,DEMINDELCILU_LOW,2042,3.393803743601139e-106
RE1,DEMINDELCILU_LOW,2043,7.832560274061481e-134
RE1,DEMINDELCILU_LOW,2044,5.60440159853793e-167
RE1,DEMINDELCILU_LOW,2045,2.038368671590486e-206
RE1,DEMINDELCILU_LOW,2046,5.2428212236427453e-253
RE1,DEMINDELCILU_LOW,2047,1.11778313588143e-307
RE1,DEMINDELCILU_LOW,2048,0.0
RE1,DEMINDELCILU_LOW,2049,0.0
RE1,DEMINDELCILU_LOW,2050,0.0
RE1,DEMINDELCILU_LOW,2051,0.0
RE1,DEMINDELCILU_LOW,2052,0.0
RE1,DEMINDELCILU_LOW,2053,0.0
RE1,DEMINDELCILU_LOW,2054,0.0
RE1,DEMINDELCILU_LOW,2055,0.0
RE1,DEMINDELCILU_MID,2022,0.0086879352856641
RE1,DEMINDELCILU_MID,2023,0.0113175686592797
RE1,DEMINDELCILU_MID,2024,0.0262388654856797
RE1,DEMINDELCILU_MID,2025,0.0246879367186084
RE1,DEMINDELCILU_MID,2026,0.0217868656476342
RE1,DEMINDELCILU_MID,2027,0.0165200923957321
RE1,DEMINDELCILU_MID,2028,0.0096527391718444
RE1,DEMINDELCILU_MID,2029,0.0037343653950449
RE1,DEMINDELCILU_MID,2030,0.0007818316816012
RE1,DEMINDELCILU_MID,2031,6.838101170519312e-05
RE1,DEMINDELCILU_MID,2032,1.808722174957825e-06
RE1,DEMINDELCILU_MID,2033,9.752196793910204e-09
RE1,DEMINDELCILU_MID,2034,6.678801631091466e-12
RE1,DEMINDELCILU_MID,2035,3.322933363310611e-16
RE1,DEMINDELCILU_MID,2036,6.260696857897569e-22
RE1,DEMINDELCILU_MID,2037,2.1068871365170848e-29
RE1,DEMINDELCILU_MID,2038,5.3666694205753445e-39
RE1,DEMINDELCILU_MID,2039,3.911360406625661e-51
RE1,DEMINDELCILU_MID,2040,2.730932035252495e-66
RE1,DEMINDELCILU_MID,2041,5.378238481439483e-85
RE1,DEMINDELCILU_MID,2042,7.680437344617369e-108
RE1,DEMINDELCILU_MID,2043,1.772568273763397e-135
RE1,DEMINDELCILU_MID,2044,1.268318930132656e-168
RE1,DEMINDELCILU_MID,2045,4.612984147035462e-208
RE1,DEMINDELCILU_MID,2046,1.1864905268355649e-254
RE1,DEMINDELCILU_MID,2047,0.0
RE1,DEMINDELCILU_MID,2048,0.0
RE1,DEMINDELCILU_MID,2049,0.0
RE1,DEMINDELCILU_MID,2050,0.0
RE1,DEMINDELCILU_MID,2051,0.0
RE1,DEMINDELCILU_MID,2052,0.0
RE1,DEMINDELCILU_MID,2053,0.0
RE1,DEMINDELCILU_MID,2054,0.0
RE1,DEMINDELCILU_MID,2055,0.0
RE1,DEMINDELCMPW_HIG,2022,0.0
RE1,DEMINDELCMPW_HIG,2023,0.0
RE1,DEMINDELCMPW_HIG,2024,0.0
RE1,DEMINDELCMPW_HIG,2025,0.0
RE1,DEMINDELCMPW_HIG,2026,0.0
RE1,DEMINDELCMPW_HIG,2027,0.0
RE1,DEMINDELCMPW_HIG,2028,0.0
RE1,DEMINDELCMPW_HIG,2029,0.0
RE1,DEMINDELCMPW_HIG,2030,0.0
RE1,DEMINDELCMPW_HIG,2031,0.0
RE1,DEMINDELCMPW_HIG,2032,0.0
RE1,DEMINDELCMPW_HIG,2033,0.0
RE1,DEMINDELCMPW_HIG,2034,0.0
RE1,DEMINDELCMPW_HIG,2035,0.0
RE1,DEMINDELCMPW_HIG,2036,0.0
RE1,DEMINDELCMPW_HIG,2037,0.0
RE1,DEMINDELCMPW_HIG,2038,0.0
RE1,DEMINDELCMPW_HIG,2039,0.0
RE1,DEMINDELCMPW_HIG,2040,0.0
RE1,DEMINDELCMPW_HIG,2041,0.0
RE1,DEMINDELCMPW_HIG,2042,0.0
RE1,DEMINDELCMPW_HIG,2043,0.0
RE1,DEMINDELCMPW_HIG,2044,0.0
RE1,DEMINDELCMPW_HIG,2045,0.0
RE1,DEMINDELCMPW_HIG,2046,0.0
RE1,DEMINDELCMPW_HIG,2047,0.0
RE1,DEMINDELCMPW_HIG,2048,0.0
RE1,DEMINDELCMPW_HIG,2049,0.0
RE1,DEMINDELCMPW_HIG,2050,0.0
RE1,DEMINDELCMPW_HIG,2051,0.0
RE1,DEMINDELCMPW_HIG,2052,0.0
RE1,DEMINDELCMPW_HIG,2053,0.0
RE1,DEMINDELCMPW_HIG,2054,0.0
RE1,DEMINDELCMPW_HIG,2055,0.0
RE1,DEMINDELCMPW_LOW,2022,33.01465842979943
RE1,DEMINDELCMPW_LOW,2023,31.39877823852533
RE1,DEMINDELCMPW_LOW,2024,30.38888794321742
RE1,DEMINDELCMPW_LOW,2025,30.38760738496213
RE1,DEMINDELCMPW_LOW,2026,30.38498015849405
RE1,DEMINDELCMPW_LOW,2027,30.3791650548207
RE1,DEMINDELCMPW_LOW,2028,30.36787685463202
RE1,DEMINDELCMPW_LOW,2029,30.3479368326686
RE1,DEMINDELCMPW_LOW,2030,30.31513259455718
RE1,DEMINDELCMPW_LOW,2031,30.26408775781778
RE1,DEMINDELCMPW_LOW,2032,30.18814809712103
RE1,DEMINDELCMPW_LOW,2033,30.07929355919734
RE1,DEMINDELCMPW_LOW,2034,29.92808885743773
RE1,DEMINDELCMPW_LOW,2035,29.723689035514
RE1,DEMINDELCMPW_LOW,2036,29.45392015334379
RE1,DEMINDELCMPW_LOW,2037,29.10545861002023
RE1,DEMINDELCMPW_LOW,2038,28.66413484110662
RE1,DEMINDELCMPW_LOW,2039,28.11538719296191
RE1,DEMINDELCMPW_LOW,2040,27.44488838733115
RE1,DEMINDELCMPW_LOW,2041,26.63935864802298
RE1,DEMINDELCMPW_LOW,2042,25.68756476213189
RE1,DEMINDELCMPW_LOW,2043,24.58148192050923
RE1,DEMINDELCMPW_LOW,2044,23.31756481069471
RE1,DEMINDELCMPW_LOW,2045,21.89803733514944
RE1,DEMINDELCMPW_LOW,2046,20.33206997891414
RE1,DEMINDELCMPW_LOW,2047,18.63667659317469
RE1,DEMINDELCMPW_LOW,2048,16.83713752065124
RE1,DEMINDELCMPW_LOW,2049,14.96675512919112
RE1,DEMINDELCMPW_LOW,2050,13.06578273025783
RE1,DEMINDELCMPW_LOW,2051,11.17944711437241
RE1,DEMINDELCMPW_LOW,2052,9.355109375004096
RE1,DEMINDELCMPW_LOW,2053,7.638766905600421
RE1,DEMINDELCMPW_LOW,2054,6.071265170427455
RE1,DEMINDELCMPW_LOW,2055,6.071265170427455
RE1,DEMINDELCMPW_MID,2022,0.2275023198888965
RE1,DEMINDELCMPW_MID,2023,0.2965019799354761
RE1,DEMINDELCMPW_MID,2024,0.6877237679419274
RE1,DEMINDELCMPW_MID,2025,0.687694787929561
RE1,DEMINDELCMPW_MID,2026,0.6876353317859454
RE1,DEMINDELCMPW_MID,2027,0.6875037315438872
RE1,DEMINDELCMPW_MID,2028,0.6872482709432379
RE1,DEMINDELCMPW_MID,2029,0.6867970130010864
RE1,DEMINDELCMPW_MID,2030,0.6860546280121851
RE1,DEMINDELCMPW_MID,2031,0.6848994443305052
RE1,DEMINDELCMPW_MID,2032,0.6831808717493636
RE1,DEMINDELCMPW_MID,2033,0.6807174103315472
RE1,DEMINDELCMPW_MID,2034,0.6772955323273584
RE1,DEMINDELCMPW_MID,2035,0.6726698080835919
RE1,DEMINDELCMPW_MID,2036,0.666564732028613
RE1,DEMINDELCMPW_MID,2037,0.658678780887356
RE1,DEMINDELCMPW_MID,2038,0.6486912865832961
RE1,DEMINDELCMPW_MID,2039,0.6362727077614416
RE1,DEMINDELCMPW_MID,2040,0.6210988071609801
RE1,DEMINDELCMPW_MID,2041,0.6028690532936641
RE1,DEMINDELCMPW_MID,2042,0.5813292299631034
RE1,DEMINDELCMPW_MID,2043,0.5562977296029058
RE1,DEMINDELCMPW_MID,2044,0.5276943190815309
RE1,DEMINDELCMPW_MID,2045,0.4955693270119552
RE1,DEMINDELCMPW_MID,2046,0.4601302884819333
RE1,DEMINDELCMPW_MID,2047,0.4217622399517209
RE1,DEMINDELCMPW_MID,2048,0.3810372949051297
RE1,DEMINDELCMPW_MID,2049,0.3387091113878291
RE1,DEMINDELCMPW_MID,2050,0.2956886526138582
RE1,DEMINDELCMPW_MID,2051,0.252999435430795
RE1,DEMINDELCMPW_MID,2052,0.2117132775937143
RE1,DEMINDELCMPW_MID,2053,0.1728711352835842
RE1,DEMINDELCMPW_MID,2054,0.1373973725850954
RE1,DEMINDELCMPW_MID,2055,0.1373973725850954
RE1,DEMINDELCOTH_HIG,2022,0.0
RE1,DEMINDELCOTH_HIG,2023,0.0
RE1,DEMINDELCOTH_HIG,2024,0.0
RE1,DEMINDELCOTH_HIG,2025,0.0
RE1,DEMINDELCOTH_HIG,2026,0.0
RE1,DEMINDELCOTH_HIG,2027,0.0
RE1,DEMINDELCOTH_HIG,2028,0.0
RE1,DEMINDELCOTH_HIG,2029,0.0
RE1,DEMINDELCOTH_HIG,2030,0.0
RE1,DEMINDELCOTH_HIG,2031,0.0
RE1,DEMINDELCOTH_HIG,2032,0.0
RE1,DEMINDELCOTH_HIG,2033,0.0
RE1,DEMINDELCOTH_HIG,2034,0.0
RE1,DEMINDELCOTH_HIG,2035,0.0
RE1,DEMINDELCOTH_HIG,2036,0.0
RE1,DEMINDELCOTH_HIG,2037,0.0
RE1,DEMINDELCOTH_HIG,2038,0.0
RE1,DEMINDELCOTH_HIG,2039,0.0
RE1,DEMINDELCOTH_HIG,2040,0.0
RE1,DEMINDELCOTH_HIG,2041,0.0
RE1,DEMINDELCOTH_HIG,2042,0.0
RE1,DEMINDELCOTH_HIG,2043,0.0
RE1,DEMINDELCOTH_HIG,2044,0.0
RE1,DEMINDELCOTH_HIG,2045,0.0
RE1,DEMINDELCOTH_HIG,2046,0.0
RE1,DEMINDELCOTH_HIG,2047,0.0
RE1,DEMINDELCOTH_HIG,2048,0.0
RE1,DEMINDELCOTH_HIG,2049,0.0
RE1,DEMINDELCOTH_HIG,2050,0.0
RE1,DEMINDELCOTH_HIG,2051,0.0
RE1,DEMINDELCOTH_HIG,2052,0.0
RE1,DEMINDELCOTH_HIG,2053,0.0
RE1,DEMINDELCOTH_HIG,2054,0.0
RE1,DEMINDELCOTH_HIG,2055,0.0
RE1,DEMINDELCOTH_LOW,2022,0.3951866455454174
RE1,DEMINDELCOTH_LOW,2023,0.3758184960610821
RE1,DEMINDELCOTH_LOW,2024,0.3637070619348636
RE1,DEMINDELCOTH_LOW,2025,0.2620849711970051
RE1,DEMINDELCOTH_LOW,2026,0.1338003506947048
RE1,DEMINDELCOTH_LOW,2027,0.0302056432264511
RE1,DEMINDELCOTH_LOW,2028,0.0016788495526118
RE1,DEMINDELCOTH_LOW,2029,1.015883781895571e-05
RE1,DEMINDELCOTH_LOW,2030,2.261841550182625e-09
RE1,DEMINDELCOTH_LOW,2031,4.606046443717761e-15
RE1,DEMINDELCOTH_LOW,2032,1.5094277848979042e-23
RE1,DEMINDELCOTH_LOW,2033,9.539268806776748e-36
RE1,DEMINDELCOTH_LOW,2034,9.13253597063493e-53
RE1,DEMINDELCOTH_LOW,2035,6.562558599285086e-76
RE1,DEMINDELCOTH_LOW,2036,1.064615123131047e-106
RE1,DEMINDELCOTH_LOW,2037,6.850229530875334e-147
RE1,DEMINDELCOTH_LOW,2038,1.726682439774973e-198
RE1,DEMINDELCOTH_LOW,2039,9.10931977168714e-264
RE1,DEMINDELCOTH_LOW,2040,0.0
RE1,DEMINDELCOTH_LOW,2041,0.0
RE1,DEMINDELCOTH_LOW,2042,0.0
RE1,DEMINDELCOTH_LOW,2043,0.0
RE1,DEMINDELCOTH_LOW,2044,0.0
RE1,DEMINDELCOTH_LOW,2045,0.0
RE1,DEMINDELCOTH_LOW,2046,0.0
RE1,DEMINDELCOTH_LOW,2047,0.0
RE1,DEMINDELCOTH_LOW,2048,0.0
RE1,DEMINDELCOTH_LOW,2049,0.0
RE1,DEMINDELCOTH_LOW,2050,0.0
RE1,DEMINDELCOTH_LOW,2051,0.0
RE1,DEMINDELCOTH_LOW,2052,0.0
RE1,DEMINDELCOTH_LOW,2053,0.0
RE1,DEMINDELCOTH_LOW,2054,0.0
RE1,DEMINDELCOTH_LOW,2055,0.0
RE1,DEMINDELCOTH_MID,2022,0.0027232109289231
RE1,DEMINDELCOTH_MID,2023,0.0035488937605145
RE1,DEMINDELCOTH_MID,2024,0.008230968883373
RE1,DEMINDELCOTH_MID,2025,0.0059311832749307
RE1,DEMINDELCOTH_MID,2026,0.0030280042331148
RE1,DEMINDELCOTH_MID,2027,0.0006835767999019
RE1,DEMINDELCOTH_MID,2028,3.799364893796856e-05
RE1,DEMINDELCOTH_MID,2029,2.299022667699331e-07
RE1,DEMINDELCOTH_MID,2030,5.118720356880929e-11
RE1,DEMINDELCOTH_MID,2031,1.042383525684788e-16
RE1,DEMINDELCOTH_MID,2032,3.415950480339682e-25
RE1,DEMINDELCOTH_MID,2033,2.158809463335965e-37
RE1,DEMINDELCOTH_MID,2034,2.0667627128461728e-54
RE1,DEMINDELCOTH_MID,2035,1.4851571849793059e-77
RE1,DEMINDELCOTH_MID,2036,2.409305418663916e-108
RE1,DEMINDELCOTH_MID,2037,1.5502593161827502e-148
RE1,DEMINDELCOTH_MID,2038,3.9076143745044184e-200
RE1,DEMINDELCOTH_MID,2039,2.0615087095251248e-265
RE1,DEMINDELCOTH_MID,2040,0.0
RE1,DEMINDELCOTH_MID,2041,0.0
RE1,DEMINDELCOTH_MID,2042,0.0
RE1,DEMINDELCOTH_MID,2043,0.0
RE1,DEMINDELCOTH_MID,2044,0.0
RE1,DEMINDELCOTH_MID,2045,0.0
RE1,DEMINDELCOTH_MID,2046,0.0
RE1,DEMINDELCOTH_MID,2047,0.0
RE1,DEMINDELCOTH_MID,2048,0.0
RE1,DEMINDELCOTH_MID,2049,0.0
RE1,DEMINDELCOTH_MID,2050,0.0
RE1,DEMINDELCOTH_MID,2051,0.0
RE1,DEMINDELCOTH_MID,2052,0.0
RE1,DEMINDELCOTH_MID,2053,0.0
RE1,DEMINDELCOTH_MID,2054,0.0
RE1,DEMINDELCOTH_MID,2055,0.0
RE1,DEMINDELCREF_HIG,2022,0.0
RE1,DEMINDELCREF_HIG,2023,0.0
RE1,DEMINDELCREF_HIG,2024,0.0
RE1,DEMINDELCREF_HIG,2025,0.0
RE1,DEMINDELCREF_HIG,2026,0.0
RE1,DEMINDELCREF_HIG,2027,0.0
RE1,DEMINDELCREF_HIG,2028,0.0
RE1,DEMINDELCREF_HIG,2029,0.0
RE1,DEMINDELCREF_HIG,2030,0.0
RE1,DEMINDELCREF_HIG,2031,0.0
RE1,DEMINDELCREF_HIG,2032,0.0
RE1,DEMINDELCREF_HIG,2033,0.0
RE1,DEMINDELCREF_HIG,2034,0.0
RE1,DEMINDELCREF_HIG,2035,0.0
RE1,DEMINDELCREF_HIG,2036,0.0
RE1,DEMINDELCREF_HIG,2037,0.0
RE1,DEMINDELCREF_HIG,2038,0.0
RE1,DEMINDELCREF_HIG,2039,0.0
RE1,DEMINDELCREF_HIG,2040,0.0
RE1,DEMINDELCREF_HIG,2041,0.0
RE1,DEMINDELCREF_HIG,2042,0.0
RE1,DEMINDELCREF_HIG,2043,0.0
RE1,DEMINDELCREF_HIG,2044,0.0
RE1,DEMINDELCREF_HIG,2045,0.0
RE1,DEMINDELCREF_HIG,2046,0.0
RE1,DEMINDELCREF_HIG,2047,0.0
RE1,DEMINDELCREF_HIG,2048,0.0
RE1,DEMINDELCREF_HIG,2049,0.0
RE1,DEMINDELCREF_HIG,2050,0.0
RE1,DEMINDELCREF_HIG,2051,0.0
RE1,DEMINDELCREF_HIG,2052,0.0
RE1,DEMINDELCREF_HIG,2053,0.0
RE1,DEMINDELCREF_HIG,2054,0.0
RE1,DEMINDELCREF_HIG,2055,0.0
RE1,DEMINDELCREF_LOW,2022,1.483823181957627
RE1,DEMINDELCREF_LOW,2023,1.411924186373465
RE1,DEMINDELCREF_LOW,2024,1.367177458883814
RE1,DEMINDELCREF_LOW,2025,1.366740032088991
RE1,DEMINDELCREF_LOW,2026,1.365842976355475
RE1,DEMINDELCREF_LOW,2027,1.363859250914216
RE1,DEMINDELCREF_LOW,2028,1.360015610672383
RE1,DEMINDELCREF_LOW,2029,1.353248997137528
RE1,DEMINDELCREF_LOW,2030,1.342180530692215
RE1,DEMINDELCREF_LOW,2031,1.325113830577108
RE1,DEMINDELCREF_LOW,2032,1.300072364759243
RE1,DEMINDELCREF_LOW,2033,1.264894052386258
RE1,DEMINDELCREF_LOW,2034,1.217402271719182
RE1,DEMINDELCREF_LOW,2035,1.155667807983848
RE1,DEMINDELCREF_LOW,2036,1.078362490602337
RE1,DEMINDELCREF_LOW,2037,0.985179289691466
RE1,DEMINDELCREF_LOW,2038,0.8772555421641018
RE1,DEMINDELCREF_LOW,2039,0.7574925062533933
RE1,DEMINDELCREF_LOW,2040,0.6306321361877829
RE1,DEMINDELCREF_LOW,2041,0.50295647955637
RE1,DEMINDELCREF_LOW,2042,0.3815424371297975
RE1,DEMINDELCREF_LOW,2043,0.2731425020693271
RE1,DEMINDELCREF_LOW,2044,0.1829378462365649
RE1,DEMINDELCREF_LOW,2045,0.1135432299021084
RE1,DEMINDELCREF_LOW,2046,0.0646343389401202
RE1,DEMINDELCREF_LOW,2047,0.0333672087775263
RE1,DEMINDELCREF_LOW,2048,0.0154324156124484
RE1,DEMINDELCREF_LOW,2049,0.0063108075300424
RE1,DEMINDELCREF_LOW,2050,0.0022496386022649
RE1,DEMINDELCREF_LOW,2051,0.000688495597341
RE1,DEMINDELCREF_LOW,2052,0.0001779760936761
RE1,DEMINDELCREF_LOW,2053,3.818714434810736e-05
RE1,DEMINDELCREF_LOW,2054,6.675530061405751e-06
RE1,DEMINDELCREF_LOW,2055,6.675530061405751e-06
RE1,DEMINDELCREF_MID,2022,0.0102249495301634
RE1,DEMINDELCREF_MID,2023,0.0133329492503903
RE1,DEMINDELCREF_MID,2024,0.0309402711683861
RE1,DEMINDELCREF_MID,2025,0.0309303718655851
RE1,DEMINDELCREF_MID,2026,0.0309100708084928
RE1,DEMINDELCREF_MID,2027,0.0308651775851022
RE1,DEMINDELCREF_MID,2028,0.0307781930677791
RE1,DEMINDELCREF_MID,2029,0.0306250594300793
RE1,DEMINDELCREF_MID,2030,0.0303745715720395
RE1,DEMINDELCREF_MID,2031,0.02998833910011
RE1,DEMINDELCREF_MID,2032,0.0294216315832298
RE1,DEMINDELCREF_MID,2033,0.0286255194786937
RE1,DEMINDELCREF_MID,2034,0.0275507441724152
RE1,DEMINDELCREF_MID,2035,0.0261536460590763
RE1,DEMINDELCREF_MID,2036,0.0244041676230473
RE1,DEMINDELCREF_MID,2037,0.0222953605433326
RE1,DEMINDELCREF_MID,2038,0.0198529636238199
RE1,DEMINDELCREF_MID,2039,0.0171426345564786
RE1,DEMINDELCREF_MID,2040,0.0142716873909539
RE1,DEMINDELCREF_MID,2041,0.0113822896671187
RE1,DEMINDELCREF_MID,2042,0.0086345970600485
RE1,DEMINDELCREF_MID,2043,0.006181423652593
RE1,DEMINDELCREF_MID,2044,0.0041400233252389
RE1,DEMINDELCREF_MID,2045,0.0025695701020215
RE1,DEMINDELCREF_MID,2046,0.0014627245063192
RE1,DEMINDELCREF_MID,2047,0.0007551254454938
RE1,DEMINDELCREF_MID,2048,0.000349247364144
RE1,DEMINDELCREF_MID,2049,0.0001428183993249
RE1,DEMINDELCREF_MID,2050,5.091104152768427e-05
RE1,DEMINDELCREF_MID,2051,1.558118175629119e-05
RE1,DEMINDELCREF_MID,2052,4.027735071293944e-06
RE1,DEMINDELCREF_MID,2053,8.642042725319341e-07
RE1,DEMINDELCREF_MID,2054,1.510723490579138e-07
RE1,DEMINDELCREF_MID,2055,1.510723490579138e-07
RE1,DEMINDHDGBOI_HIG,2022,0.0
RE1,DEMINDHDGBOI_HIG,2023,0.0
RE1,DEMINDHDGBOI_HIG,2024,0.0
RE1,DEMINDHDGBOI_HIG,2025,0.0
RE1,DEMINDHDGBOI_HIG,2026,0.0
RE1,DEMINDHDGBOI_HIG,2027,0.0
RE1,DEMINDHDGBOI_HIG,2028,0.0
RE1,DEMINDHDGBOI_HIG,2029,0.0
RE1,DEMINDHDGBOI_HIG,2030,0.0
RE1,DEMINDHDGBOI_HIG,2031,0.0
RE1,DEMINDHDGBOI_HIG,2032,0.0
RE1,DEMINDHDGBOI_HIG,2033,0.0
RE1,DEMINDHDGBOI_HIG,2034,0.0
RE1,DEMINDHDGBOI_HIG,2035,0.0
RE1,DEMINDHDGBOI_HIG,2036,0.0
RE1,DEMINDHDGBOI_HIG,2037,0.0
RE1,DEMINDHDGBOI_HIG,2038,0.0
RE1,DEMINDHDGBOI_HIG,2039,0.0
RE1,DEMINDHDGBOI_HIG,2040,0.0
RE1,DEMINDHDGBOI_HIG,2041,0.0
RE1,DEMINDHDGBOI_HIG,2042,0.0
RE1,DEMINDHDGBOI_HIG,2043,0.0
RE1,DEMINDHDGBOI_HIG,2044,0.0
RE1,DEMINDHDGBOI_HIG,2045,0.0
RE1,DEMINDHDGBOI_HIG,2046,0.0
RE1,DEMINDHDGBOI_HIG,2047,0.0
RE1,DEMINDHDGBOI_HIG,2048,0.0
RE1,DEMINDHDGBOI_HIG,2049,0.0
RE1,DEMINDHDGBOI_HIG,2050,0.0
RE1,DEMINDHDGBOI_HIG,2051,0.0
RE1,DEMINDHDGBOI_HIG,2052,0.0
RE1,DEMINDHDGBOI_HIG,2053,0.0
RE1,DEMINDHDGBOI_HIG,2054,0.0
RE1,DEMINDHDGBOI_HIG,2055,0.0
RE1,DEMINDHDGBOI_LOW,2022,0.0
RE1,DEMINDHDGBOI_LOW,2023,0.0
RE1,DEMINDHDGBOI_LOW,2024,0.0
RE1,DEMINDHDGBOI_LOW,2025,0.0
RE1,DEMINDHDGBOI_LOW,2026,0.0
RE1,DEMINDHDGBOI_LOW,2027,0.0
RE1,DEMINDHDGBOI_LOW,2028,0.0
RE1,DEMINDHDGBOI_LOW,2029,0.0
RE1,DEMINDHDGBOI_LOW,2030,0.0
RE1,DEMINDHDGBOI_LOW,2031,0.0
RE1,DEMINDHDGBOI_LOW,2032,0.0
RE1,DEMINDHDGBOI_LOW,2033,0.0
RE1,DEMINDHDGBOI_LOW,2034,0.0
RE1,DEMINDHDGBOI_LOW,2035,0.0
RE1,DEMINDHDGBOI_LOW,2036,0.0
RE1,DEMINDHDGBOI_LOW,2037,0.0
RE1,DEMINDHDGBOI_LOW,2038,0.0
RE1,DEMINDHDGBOI_LOW,2039,0.0
RE1,DEMINDHDGBOI_LOW,2040,0.0
RE1,DEMINDHDGBOI_LOW,2041,0.0
RE1,DEMINDHDGBOI_LOW,2042,0.0
RE1,DEMINDHDGBOI_LOW,2043,0.0
RE1,DEMINDHDGBOI_LOW,2044,0.0
RE1,DEMINDHDGBOI_LOW,2045,0.0
RE1,DEMINDHDGBOI_LOW,2046,0.0
RE1,DEMINDHDGBOI_LOW,2047,0.0
RE1,DEMINDHDGBOI_LOW,2048,0.0
RE1,DEMINDHDGBOI_LOW,2049,0.0
RE1,DEMINDHDGBOI_LOW,2050,0.0
RE1,DEMINDHDGBOI_LOW,2051,0.0
RE1,DEMINDHDGBOI_LOW,2052,0.0
RE1,DEMINDHDGBOI_LOW,2053,0.0
RE1,DEMINDHDGBOI_LOW,2054,0.0
RE1,DEMINDHDGBOI_LOW,2055,0.0
RE1,DEMINDLPGBOI_HIG,2022,0.0
RE1,DEMINDLPGBOI_HIG,2023,0.0
RE1,DEMINDLPGBOI_HIG,2024,0.0
RE1,DEMINDLPGBOI_HIG,2025,0.0
RE1,DEMINDLPGBOI_HIG,2026,0.0
RE1,DEMINDLPGBOI_HIG,2027,0.0
RE1,DEMINDLPGBOI_HIG,2028,0.0
RE1,DEMINDLPGBOI_HIG,2029,0.0
RE1,DEMINDLPGBOI_HIG,2030,0.0
RE1,DEMINDLPGBOI_HIG,2031,0.0
RE1,DEMINDLPGBOI_HIG,2032,0.0
RE1,DEMINDLPGBOI_HIG,2033,0.0
RE1,DEMINDLPGBOI_HIG,2034,0.0
RE1,DEMINDLPGBOI_HIG,2035,0.0
RE1,DEMINDLPGBOI_HIG,2036,0.0
RE1,DEMINDLPGBOI_HIG,2037,0.0
RE1,DEMINDLPGBOI_HIG,2038,0.0
RE1,DEMINDLPGBOI_HIG,2039,0.0
RE1,DEMINDLPGBOI_HIG,2040,0.0
RE1,DEMINDLPGBOI_HIG,2041,0.0
RE1,DEMINDLPGBOI_HIG,2042,0.0
RE1,DEMINDLPGBOI_HIG,2043,0.0
RE1,DEMINDLPGBOI_HIG,2044,0.0
RE1,DEMINDLPGBOI_HIG,2045,0.0
RE1,DEMINDLPGBOI_HIG,2046,0.0
RE1,DEMINDLPGBOI_HIG,2047,0.0
RE1,DEMINDLPGBOI_HIG,2048,0.0
RE1,DEMINDLPGBOI_HIG,2049,0.0
RE1,DEMINDLPGBOI_HIG,2050,0.0
RE1,DEMINDLPGBOI_HIG,2051,0.0
RE1,DEMINDLPGBOI_HIG,2052,0.0
RE1,DEMINDLPGBOI_HIG,2053,0.0
RE1,DEMINDLPGBOI_HIG,2054,0.0
RE1,DEMINDLPGBOI_HIG,2055,0.0
RE1,DEMINDLPGBOI_LOW,2022,0.5975337357457609
RE1,DEMINDLPGBOI_LOW,2023,0.6003331862804503
RE1,DEMINDLPGBOI_LOW,2024,0.5813886849317187
RE1,DEMINDLPGBOI_LOW,2025,0.5813641857765864
RE1,DEMINDLPGBOI_LOW,2026,0.5813139226756742
RE1,DEMINDLPGBOI_LOW,2027,0.5812026703164663
RE1,DEMINDLPGBOI_LOW,2028,0.5809867087493565
RE1,DEMINDLPGBOI_LOW,2029,0.5806052238076079
RE1,DEMINDLPGBOI_LOW,2030,0.5799776255588196
RE1,DEMINDLPGBOI_LOW,2031,0.5790010550913538
RE1,DEMINDLPGBOI_LOW,2032,0.5775482062885565
RE1,DEMINDLPGBOI_LOW,2033,0.5754656425313516
RE1,DEMINDLPGBOI_LOW,2034,0.5725728514928716
RE1,DEMINDLPGBOI_LOW,2035,0.5686623515795296
RE1,DEMINDLPGBOI_LOW,2036,0.5635012355843179
RE1,DEMINDLPGBOI_LOW,2037,0.556834601425124
RE1,DEMINDLPGBOI_LOW,2038,0.5483913623662542
RE1,DEMINDLPGBOI_LOW,2039,0.5378929303699813
RE1,DEMINDLPGBOI_LOW,2040,0.5250652013796232
RE1,DEMINDLPGBOI_LOW,2041,0.5096541117509125
RE1,DEMINDLPGBOI_LOW,2042,0.4914447519125977
RE1,DEMINDLPGBOI_LOW,2043,0.4702835942579272
RE1,DEMINDLPGBOI_LOW,2044,0.4461028112127954
RE1,DEMINDLPGBOI_LOW,2045,0.4189449496360967
RE1,DEMINDLPGBOI_LOW,2046,0.3889854557714704
RE1,DEMINDLPGBOI_LOW,2047,0.356549832170542
RE1,DEMINDLPGBOI_LOW,2048,0.3221217327674783
RE1,DEMINDLPGBOI_LOW,2049,0.2863382858403541
RE1,DEMINDLPGBOI_LOW,2050,0.2499696024856876
RE1,DEMINDLPGBOI_LOW,2051,0.2138809445160804
RE1,DEMINDLPGBOI_LOW,2052,0.1789784064191121
RE1,DEMINDLPGBOI_LOW,2053,0.1461419928904698
RE1,DEMINDLPGBOI_LOW,2054,0.1161531438696289
RE1,DEMINDLPGBOI_LOW,2055,0.1161531438696289
RE1,DEMINDLPGBOI_MID,2022,0.0041175743611915
RE1,DEMINDLPGBOI_MID,2023,0.0056690096986222
RE1,DEMINDLPGBOI_MID,2024,0.0131572704400091
RE1,DEMINDLPGBOI_MID,2025,0.0131567160053976
RE1,DEMINDLPGBOI_MID,2026,0.0131555785129954
RE1,DEMINDLPGBOI_MID,2027,0.0131530607870486
RE1,DEMINDLPGBOI_MID,2028,0.0131481734116718
RE1,DEMINDLPGBOI_MID,2029,0.0131395401157762
RE1,DEMINDLPGBOI_MID,2030,0.0131253370875766
RE1,DEMINDLPGBOI_MID,2031,0.0131032365512621
RE1,DEMINDLPGBOI_MID,2032,0.0130703574720811
RE1,DEMINDLPGBOI_MID,2033,0.013023227462034
RE1,DEMINDLPGBOI_MID,2034,0.0129577613891533
RE1,DEMINDLPGBOI_MID,2035,0.0128692637863465
RE1,DEMINDLPGBOI_MID,2036,0.01275246378545
RE1,DEMINDLPGBOI_MID,2037,0.0126015927574605
RE1,DEMINDLPGBOI_MID,2038,0.0124105158022902
RE1,DEMINDLPGBOI_MID,2039,0.0121729282596513
RE1,DEMINDLPGBOI_MID,2040,0.011882626945175
RE1,DEMINDLPGBOI_MID,2041,0.0115338622043477
RE1,DEMINDLPGBOI_MID,2042,0.0111217704692629
RE1,DEMINDLPGBOI_MID,2043,0.0106428772928007
RE1,DEMINDLPGBOI_MID,2044,0.0100956476851014
RE1,DEMINDLPGBOI_MID,2045,0.009481044514111
RE1,DEMINDLPGBOI_MID,2046,0.0088030382624603
RE1,DEMINDLPGBOI_MID,2047,0.0080689953017552
RE1,DEMINDLPGBOI_MID,2048,0.0072898610903028
RE1,DEMINDLPGBOI_MID,2049,0.0064800543281516
RE1,DEMINDLPGBOI_MID,2050,0.0056570032182033
RE1,DEMINDLPGBOI_MID,2051,0.004840289296812
RE1,DEMINDLPGBOI_MID,2052,0.0040504181749851
RE1,DEMINDLPGBOI_MID,2053,0.0033073050317923
RE1,DEMINDLPGBOI_MID,2054,0.002628634450513
RE1,DEMINDLPGBOI_MID,2055,0.002628634450513
RE1,DEMINDLPGFUR_HIG,2022,0.0
RE1,DEMINDLPGFUR_HIG,2023,0.0
RE1,DEMINDLPGFUR_HIG,2024,0.0
RE1,DEMINDLPGFUR_HIG,2025,0.0
RE1,DEMINDLPGFUR_HIG,2026,0.0
RE1,DEMINDLPGFUR_HIG,2027,0.0
RE1,DEMINDLPGFUR_HIG,2028,0.0
RE1,DEMINDLPGFUR_HIG,2029,0.0
RE1,DEMINDLPGFUR_HIG,2030,0.0
RE1,DEMINDLPGFUR_HIG,2031,0.0
RE1,DEMINDLPGFUR_HIG,2032,0.0
RE1,DEMINDLPGFUR_HIG,2033,0.0
RE1,DEMINDLPGFUR_HIG,2034,0.0
RE1,DEMINDLPGFUR_HIG,2035,0.0
RE1,DEMINDLPGFUR_HIG,2036,0.0
RE1,DEMINDLPGFUR_HIG,2037,0.0
RE1,DEMINDLPGFUR_HIG,2038,0.0
RE1,DEMINDLPGFUR_HIG,2039,0.0
RE1,DEMINDLPGFUR_HIG,2040,0.0
RE1,DEMINDLPGFUR_HIG,2041,0.0
RE1,DEMINDLPGFUR_HIG,2042,0.0
RE1,DEMINDLPGFUR_HIG,2043,0.0
RE1,DEMINDLPGFUR_HIG,2044,0.0
RE1,DEMINDLPGFUR_HIG,2045,0.0
RE1,DEMINDLPGFUR_HIG,2046,0.0
RE1,DEMINDLPGFUR_HIG,2047,0.0
RE1,DEMINDLPGFUR_HIG,2048,0.0
RE1,DEMINDLPGFUR_HIG,2049,0.0
RE1,DEMINDLPGFUR_HIG,2050,0.0
RE1,DEMINDLPGFUR_HIG,2051,0.0
RE1,DEMINDLPGFUR_HIG,2052,0.0
RE1,DEMINDLPGFUR_HIG,2053,0.0
RE1,DEMINDLPGFUR_HIG,2054,0.0
RE1,DEMINDLPGFUR_HIG,2055,0.0
RE1,DEMINDLPGFUR_LOW,2022,2.401314548782152
RE1,DEMINDLPGFUR_LOW,2023,2.410988529376117
RE1,DEMINDLPGFUR_LOW,2024,2.333461383164325
RE1,DEMINDLPGFUR_LOW,2025,2.333415888955231
RE1,DEMINDLPGFUR_LOW,2026,2.333322548633165
RE1,DEMINDLPGFUR_LOW,2027,2.333115933719215
RE1,DEMINDLPGFUR_LOW,2028,2.332714794982192
RE1,DEMINDLPGFUR_LOW,2029,2.332006008327407
RE1,DEMINDLPGFUR_LOW,2030,2.330839406432593
RE1,DEMINDLPGFUR_LOW,2031,2.329022772825781
RE1,DEMINDLPGFUR_LOW,2032,2.32631710853737
RE1,DEMINDLPGFUR_LOW,2033,2.322432329296217
RE1,DEMINDLPGFUR_LOW,2034,2.317023610011257
RE1,DEMINDLPGFUR_LOW,2035,2.30968866265855
RE1,DEMINDLPGFUR_LOW,2036,2.299966312161986
RE1,DEMINDLPGFUR_LOW,2037,2.287336819203359
RE1,DEMINDLPGFUR_LOW,2038,2.271224483619638
RE1,DEMINDLPGFUR_LOW,2039,2.251003138690169
RE1,DEMINDLPGFUR_LOW,2040,2.226005203159773
RE1,DEMINDLPGFUR_LOW,2041,2.195534978229834
RE1,DEMINDLPGFUR_LOW,2042,2.158886840810911
RE1,DEMINDLPGFUR_LOW,2043,2.115368868367327
RE1,DEMINDLPGFUR_LOW,2044,2.064332209058009
RE1,DEMINDLPGFUR_LOW,2045,2.00520615900111
RE1,DEMINDLPGFUR_LOW,2046,1.937538407546241
RE1,DEMINDLPGFUR_LOW,2047,1.861039254992851
RE1,DEMINDLPGFUR_LOW,2048,1.775627809489069
RE1,DEMINDLPGFUR_LOW,2049,1.681477274987504
RE1,DEMINDLPGFUR_LOW,2050,1.579055532548294
RE1,DEMINDLPGFUR_LOW,2051,1.469156418854557
RE1,DEMINDLPGFUR_LOW,2052,1.352916586248354
RE1,DEMINDLPGFUR_LOW,2053,1.2318127850615
RE1,DEMINDLPGFUR_LOW,2054,1.107635041604639
RE1,DEMINDLPGFUR_LOW,2055,1.107635041604639
RE1,DEMINDLPGFUR_MID,2022,0.0165473355355934
RE1,DEMINDLPGFUR_MID,2023,0.022767219384499
RE1,DEMINDLPGFUR_MID,2024,0.0528080151460404
RE1,DEMINDLPGFUR_MID,2025,0.0528069855773061
RE1,DEMINDLPGFUR_MID,2026,0.0528048732144545
RE1,DEMINDLPGFUR_MID,2027,0.0528001973609846
RE1,DEMINDLPGFUR_MID,2028,0.0527911192846757
RE1,DEMINDLPGFUR_MID,2029,0.0527750789007759
RE1,DEMINDLPGFUR_MID,2030,0.0527486778079722
RE1,DEMINDLPGFUR_MID,2031,0.0527075660005451
RE1,DEMINDLPGFUR_MID,2032,0.052646334749086
RE1,DEMINDLPGFUR_MID,2033,0.0525584192247555
RE1,DEMINDLPGFUR_MID,2034,0.0524360157721072
RE1,DEMINDLPGFUR_MID,2035,0.0522700203055905
RE1,DEMINDLPGFUR_MID,2036,0.0520499960806421
RE1,DEMINDLPGFUR_MID,2037,0.0517641809991251
RE1,DEMINDLPGFUR_MID,2038,0.0513995465261991
RE1,DEMINDLPGFUR_MID,2039,0.0509419220302408
RE1,DEMINDLPGFUR_MID,2040,0.0503761996370471
RE1,DEMINDLPGFUR_MID,2041,0.0496866351509095
RE1,DEMINDLPGFUR_MID,2042,0.0488572597818309
RE1,DEMINDLPGFUR_MID,2043,0.0478724147938203
RE1,DEMINDLPGFUR_MID,2044,0.0467174161736353
RE1,DEMINDLPGFUR_MID,2045,0.0453793484560988
RE1,DEMINDLPGFUR_MID,2046,0.0438479755053789
RE1,DEMINDLPGFUR_MID,2047,0.0421167411957626
RE1,DEMINDLPGFUR_MID,2048,0.0401838148827964
RE1,DEMINDLPGFUR_MID,2049,0.0380531163043506
RE1,DEMINDLPGFUR_MID,2050,0.035735233966534
RE1,DEMINDLPGFUR_MID,2051,0.0332481330004124
RE1,DEMINDLPGFUR_MID,2052,0.030617536717513
RE1,DEMINDLPGFUR_MID,2053,0.0278768651068921
RE1,DEMINDLPGFUR_MID,2054,0.0250666278325223
RE1,DEMINDLPGFUR_MID,2055,0.0250666278325223
RE1,DEMINDNGSBOI_HIG,2022,0.0
RE1,DEMINDNGSBOI_HIG,2023,0.0
RE1,DEMINDNGSBOI_HIG,2024,0.0
RE1,DEMINDNGSBOI_HIG,2025,0.0
RE1,DEMINDNGSBOI_HIG,2026,0.0
RE1,DEMINDNGSBOI_HIG,2027,0.0
RE1,DEMINDNGSBOI_HIG,2028,0.0
RE1,DEMINDNGSBOI_HIG,2029,0.0
RE1,DEMINDNGSBOI_HIG,2030,0.0
RE1,DEMINDNGSBOI_HIG,2031,0.0
RE1,DEMINDNGSBOI_HIG,2032,0.0
RE1,DEMINDNGSBOI_HIG,2033,0.0
RE1,DEMINDNGSBOI_HIG,2034,0.0
RE1,DEMINDNGSBOI_HIG,2035,0.0
RE1,DEMINDNGSBOI_HIG,2036,0.0
RE1,DEMINDNGSBOI_HIG,2037,0.0
RE1,DEMINDNGSBOI_HIG,2038,0.0
RE1,DEMINDNGSBOI_HIG,2039,0.0
RE1,DEMINDNGSBOI_HIG,2040,0.0
RE1,DEMINDNGSBOI_HIG,2041,0.0
RE1,DEMINDNGSBOI_HIG,2042,0.0
RE1,DEMINDNGSBOI_HIG,2043,0.0
RE1,DEMINDNGSBOI_HIG,2044,0.0
RE1,DEMINDNGSBOI_HIG,2045,0.0
RE1,DEMINDNGSBOI_HIG,2046,0.0
RE1,DEMINDNGSBOI_HIG,2047,0.0
RE1,DEMINDNGSBOI_HIG,2048,0.0
RE1,DEMINDNGSBOI_HIG,2049,0.0
RE1,DEMINDNGSBOI_HIG,2050,0.0
RE1,DEMINDNGSBOI_HIG,2051,0.0
RE1,DEMINDNGSBOI_HIG,2052,0.0
RE1,DEMINDNGSBOI_HIG,2053,0.0
RE1,DEMINDNGSBOI_HIG,2054,0.0
RE1,DEMINDNGSBOI_HIG,2055,0.0
RE1,DEMINDNGSBOI_LOW,2022,20.16495437163545
RE1,DEMINDNGSBOI_LOW,2023,19.91242084146556
RE1,DEMINDNGSBOI_LOW,2024,19.98246869600452
RE1,DEMINDNGSBOI_LOW,2025,19.98162665416023
RE1,DEMINDNGSBOI_LOW,2026,19.9798990993134
RE1,DEMINDNGSBOI_LOW,2027,19.97607532901507
RE1,DEMINDNGSBOI_LOW,2028,19.96865267809985
RE1,DEMINDNGSBOI_LOW,2029,19.95554094905513
RE1,DEMINDNGSBOI_LOW,2030,19.93397024655418
RE1,DEMINDNGSBOI_LOW,2031,19.90040528510697
RE1,DEMINDNGSBOI_LOW,2032,19.85047052291714
RE1,DEMINDNGSBOI_LOW,2033,19.77889230654599
RE1,DEMINDNGSBOI_LOW,2034,19.679466383977
RE1,DEMINDNGSBOI_LOW,2035,19.54506156302101
RE1,DEMINDNGSBOI_LOW,2036,19.36767276705076
RE1,DEMINDNGSBOI_LOW,2037,19.13853895030052
RE1,DEMINDNGSBOI_LOW,2038,18.84834279657495
RE1,DEMINDNGSBOI_LOW,2039,18.48750916812673
RE1,DEMINDNGSBOI_LOW,2040,18.04661704271365
RE1,DEMINDNGSBOI_LOW,2041,17.51693419188004
RE1,DEMINDNGSBOI_LOW,2042,16.89107412206093
RE1,DEMINDNGSBOI_LOW,2043,16.16376005254936
RE1,DEMINDNGSBOI_LOW,2044,15.33266073333752
RE1,DEMINDNGSBOI_LOW,2045,14.39923851018135
RE1,DEMINDNGSBOI_LOW,2046,13.36952351260043
RE1,DEMINDNGSBOI_LOW,2047,12.25470334144925
RE1,DEMINDNGSBOI_LOW,2048,11.07140129857333
RE1,DEMINDNGSBOI_LOW,2049,9.84151563586839
RE1,DEMINDNGSBOI_LOW,2050,8.591515256630055
RE1,DEMINDNGSBOI_LOW,2051,7.351139417111983
RE1,DEMINDNGSBOI_LOW,2052,6.151530802410985
RE1,DEMINDNGSBOI_LOW,2053,5.022935385212218
RE1,DEMINDNGSBOI_LOW,2054,3.992211443863863
RE1,DEMINDNGSBOI_LOW,2055,3.992211443863863
RE1,DEMINDNGSBOI_MID,2022,0.1389556675182806
RE1,DEMINDNGSBOI_MID,2023,0.18803509359351
RE1,DEMINDNGSBOI_MID,2024,0.4522185441624575
RE1,DEMINDNGSBOI_MID,2025,0.4521994881117392
RE1,DEMINDNGSBOI_MID,2026,0.4521603922247556
RE1,DEMINDNGSBOI_MID,2027,0.4520738573794454
RE1,DEMINDNGSBOI_MID,2028,0.4519058771142552
RE1,DEMINDNGSBOI_MID,2029,0.451609148661417
RE1,DEMINDNGSBOI_MID,2030,0.4511209871719665
RE1,DEMINDNGSBOI_MID,2031,0.450361386432366
RE1,DEMINDNGSBOI_MID,2032,0.4492313245864492
RE1,DEMINDNGSBOI_MID,2033,0.4476114548249326
RE1,DEMINDNGSBOI_MID,2034,0.4453613701812295
RE1,DEMINDNGSBOI_MID,2035,0.4423196863239549
RE1,DEMINDNGSBOI_MID,2036,0.4383052422487622
RE1,DEMINDNGSBOI_MID,2037,0.4331197687917264
RE1,DEMINDNGSBOI_MID,2038,0.4265524079638043
RE1,DEMINDNGSBOI_MID,2039,0.4183864670771139
RE1,DEMINDNGSBOI_MID,2040,0.4084087411954835
RE1,DEMINDNGSBOI_MID,2041,0.3964216133127466
RE1,DEMINDNGSBOI_MID,2042,0.3822579214321931
RE1,DEMINDNGSBOI_MID,2043,0.3657982479720686
RE1,DEMINDNGSBOI_MID,2044,0.3469898349623418
RE1,DEMINDNGSBOI_MID,2045,0.3258657764055045
RE1,DEMINDNGSBOI_MID,2046,0.3025625387429129
RE1,DEMINDNGSBOI_MID,2047,0.2773333059353705
RE1,DEMINDNGSBOI_MID,2048,0.2505542760129661
RE1,DEMINDNGSBOI_MID,2049,0.222721023158382
RE1,DEMINDNGSBOI_MID,2050,0.1944325588899652
RE1,DEMINDNGSBOI_MID,2051,0.1663619053138481
RE1,DEMINDNGSBOI_MID,2052,0.1392138452038729
RE1,DEMINDNGSBOI_MID,2053,0.1136728680464261
RE1,DEMINDNGSBOI_MID,2054,0.0903467972149906
RE1,DEMINDNGSBOI_MID,2055,0.0903467972149906
RE1,DEMINDNGSFURCSS,2022,0.0
RE1,DEMINDNGSFURCSS,2023,0.0
RE1,DEMINDNGSFURCSS,2024,0.0
RE1,DEMINDNGSFURCSS,2025,0.0
RE1,DEMINDNGSFURCSS,2026,0.0
RE1,DEMINDNGSFURCSS,2027,0.0
RE1,DEMINDNGSFURCSS,2028,0.0
RE1,DEMINDNGSFURCSS,2029,0.0
RE1,DEMINDNGSFURCSS,2030,0.0
RE1,DEMINDNGSFURCSS,2031,0.0
RE1,DEMINDNGSFURCSS,2032,0.0
RE1,DEMINDNGSFURCSS,2033,0.0
RE1,DEMINDNGSFURCSS,2034,0.0
RE1,DEMINDNGSFURCSS,2035,0.0
RE1,DEMINDNGSFURCSS,2036,0.0
RE1,DEMINDNGSFURCSS,2037,0.0
RE1,DEMINDNGSFURCSS,2038,0.0
RE1,DEMINDNGSFURCSS,2039,0.0
RE1,DEMINDNGSFURCSS,2040,0.0
RE1,DEMINDNGSFURCSS,2041,0.0
RE1,DEMINDNGSFURCSS,2042,0.0
RE1,DEMINDNGSFURCSS,2043,0.0
RE1,DEMINDNGSFURCSS,2044,0.0
RE1,DEMINDNGSFURCSS,2045,0.0
RE1,DEMINDNGSFURCSS,2046,0.0
RE1,DEMINDNGSFURCSS,2047,0.0
RE1,DEMINDNGSFURCSS,2048,0.0
RE1,DEMINDNGSFURCSS,2049,0.0
RE1,DEMINDNGSFURCSS,2050,0.0
RE1,DEMINDNGSFURCSS,2051,0.0
RE1,DEMINDNGSFURCSS,2052,0.0
RE1,DEMINDNGSFURCSS,2053,0.0
RE1,DEMINDNGSFURCSS,2054,0.0
RE1,DEMINDNGSFURCSS,2055,0.0
RE1,DEMINDNGSFUR_HIG,2022,0.0
RE1,DEMINDNGSFUR_HIG,2023,0.0
RE1,DEMINDNGSFUR_HIG,2024,0.0
RE1,DEMINDNGSFUR_HIG,2025,0.0
RE1,DEMINDNGSFUR_HIG,2026,0.0
RE1,DEMINDNGSFUR_HIG,2027,0.0
RE1,DEMINDNGSFUR_HIG,2028,0.0
RE1,DEMINDNGSFUR_HIG,2029,0.0
RE1,DEMINDNGSFUR_HIG,2030,0.0
RE1,DEMINDNGSFUR_HIG,2031,0.0
RE1,DEMINDNGSFUR_HIG,2032,0.0
RE1,DEMINDNGSFUR_HIG,2033,0.0
RE1,DEMINDNGSFUR_HIG,2034,0.0
RE1,DEMINDNGSFUR_HIG,2035,0.0
RE1,DEMINDNGSFUR_HIG,2036,0.0
RE1,DEMINDNGSFUR_HIG,2037,0.0
RE1,DEMINDNGSFUR_HIG,2038,0.0
RE1,DEMINDNGSFUR_HIG,2039,0.0
RE1,DEMINDNGSFUR_HIG,2040,0.0
RE1,DEMINDNGSFUR_HIG,2041,0.0
RE1,DEMINDNGSFUR_HIG,2042,0.0
RE1,DEMINDNGSFUR_HIG,2043,0.0
RE1,DEMINDNGSFUR_HIG,2044,0.0
RE1,DEMINDNGSFUR_HIG,2045,0.0
RE1,DEMINDNGSFUR_HIG,2046,0.0
RE1,DEMINDNGSFUR_HIG,2047,0.0
RE1,DEMINDNGSFUR_HIG,2048,0.0
RE1,DEMINDNGSFUR_HIG,2049,0.0
RE1,DEMINDNGSFUR_HIG,2050,0.0
RE1,DEMINDNGSFUR_HIG,2051,0.0
RE1,DEMINDNGSFUR_HIG,2052,0.0
RE1,DEMINDNGSFUR_HIG,2053,0.0
RE1,DEMINDNGSFUR_HIG,2054,0.0
RE1,DEMINDNGSFUR_HIG,2055,0.0
RE1,DEMINDNGSFUR_LOW,2022,14.76122349541943
RE1,DEMINDNGSFUR_LOW,2023,14.92806746084134
RE1,DEMINDNGSFUR_LOW,2024,15.30973900331968
RE1,DEMINDNGSFUR_LOW,2025,15.30944051778552
RE1,DEMINDNGSFUR_LOW,2026,15.30882811597779
RE1,DEMINDNGSFUR_LOW,2027,15.307472524482
RE1,DEMINDNGSFUR_LOW,2028,15.30484067061365
RE1,DEMINDNGSFUR_LOW,2029,15.30019035209023
RE1,DEMINDNGSFUR_LOW,2030,15.29253632761858
RE1,DEMINDNGSFUR_LOW,2031,15.28061747325673
RE1,DEMINDNGSFUR_LOW,2032,15.26286572712327
RE1,DEMINDNGSFUR_LOW,2033,15.2373778588874
RE1,DEMINDNGSFUR_LOW,2034,15.2018914860713
RE1,DEMINDNGSFUR_LOW,2035,15.15376721438494
RE1,DEMINDNGSFUR_LOW,2036,15.08997929414117
RE1,DEMINDNGSFUR_LOW,2037,15.00711773819862
RE1,DEMINDNGSFUR_LOW,2038,14.90140540273835
RE1,DEMINDNGSFUR_LOW,2039,14.76873403504403
RE1,DEMINDNGSFUR_LOW,2040,14.60472366343326
RE1,DEMINDNGSFUR_LOW,2041,14.40480983823971
RE1,DEMINDNGSFUR_LOW,2042,14.16436299695509
RE1,DEMINDNGSFUR_LOW,2043,13.87884346581056
RE1,DEMINDNGSFUR_LOW,2044,13.54399415599793
RE1,DEMINDNGSFUR_LOW,2045,13.15607070408256
RE1,DEMINDNGSFUR_LOW,2046,12.71210551949026
RE1,DEMINDNGSFUR_LOW,2047,12.21019789504123
RE1,DEMINDNGSFUR_LOW,2048,11.64981710280119
RE1,DEMINDNGSFUR_LOW,2049,11.03209952639659
RE1,DEMINDNGSFUR_LOW,2050,10.36011491318514
RE1,DEMINDNGSFUR_LOW,2051,9.639071591240096
RE1,DEMINDNGSFUR_LOW,2052,8.876427087315511
RE1,DEMINDNGSFUR_LOW,2053,8.081870296336431
RE1,DEMINDNGSFUR_LOW,2054,7.267145503347715
RE1,DEMINDNGSFUR_LOW,2055,7.267145503347715
RE1,DEMINDNGSFUR_MID,2022,0.1017188348850292
RE1,DEMINDNGSFUR_MID,2023,0.1409673180633188
RE1,DEMINDNGSFUR_MID,2024,0.3464710986872577
RE1,DEMINDNGSFUR_MID,2025,0.3464643437314129
RE1,DEMINDNGSFUR_MID,2026,0.3464504846102929
RE1,DEMINDNGSFUR_MID,2027,0.3464198065383274
RE1,DEMINDNGSFUR_MID,2028,0.346360245673106
RE1,DEMINDNGSFUR_MID,2029,0.3462550054095258
RE1,DEMINDNGSFUR_MID,2030,0.3460817889838574
RE1,DEMINDNGSFUR_MID,2031,0.3458120561971031
RE1,DEMINDNGSFUR_MID,2032,0.3454103206100272
RE1,DEMINDNGSFUR_MID,2033,0.3448335106651312
RE1,DEMINDNGSFUR_MID,2034,0.3440304269172401
RE1,DEMINDNGSFUR_MID,2035,0.342941337855625
RE1,DEMINDNGSFUR_MID,2036,0.3414977684515325
RE1,DEMINDNGSFUR_MID,2037,0.3396225480888519
RE1,DEMINDNGSFUR_MID,2038,0.3372301971151498
RE1,DEMINDNGSFUR_MID,2039,0.3342277426304964
RE1,DEMINDNGSFUR_MID,2040,0.3305160625270167
RE1,DEMINDNGSFUR_MID,2041,0.3259918598190174
RE1,DEMINDNGSFUR_MID,2042,0.3205503639674095
RE1,DEMINDNGSFUR_MID,2043,0.3140888386840023
RE1,DEMINDNGSFUR_MID,2044,0.3065109427943143
RE1,DEMINDNGSFUR_MID,2045,0.2977319384910712
RE1,DEMINDNGSFUR_MID,2046,0.2876846669307113
RE1,DEMINDNGSFUR_MID,2047,0.2763261136565726
RE1,DEMINDNGSFUR_MID,2048,0.2636442678897348
RE1,DEMINDNGSFUR_MID,2049,0.249664846860485
RE1,DEMINDNGSFUR_MID,2050,0.2344573212984999
RE1,DEMINDNGSFUR_MID,2051,0.2181395596500983
RE1,DEMINDNGSFUR_MID,2052,0.200880331447367
RE1,DEMINDNGSFUR_MID,2053,0.1828989037900927
RE1,DEMINDNGSFUR_MID,2054,0.1644610588279192
RE1,DEMINDNGSFUR_MID,2055,0.1644610588279192
RE1,DEMINDWASBOI_HIG,2022,0.0
RE1,DEMINDWASBOI_HIG,2023,0.0
RE1,DEMINDWASBOI_HIG,2024,0.0
RE1,DEMINDWASBOI_HIG,2025,0.0
RE1,DEMINDWASBOI_HIG,2026,0.0
RE1,DEMINDWASBOI_HIG,2027,0.0
RE1,DEMINDWASBOI_HIG,2028,0.0
RE1,DEMINDWASBOI_HIG,2029,0.0
RE1,DEMINDWASBOI_HIG,2030,0.0
RE1,DEMINDWASBOI_HIG,2031,0.0
RE1,DEMINDWASBOI_HIG,2032,0.0
RE1,DEMINDWASBOI_HIG,2033,0.0
RE1,DEMINDWASBOI_HIG,2034,0.0
RE1,DEMINDWASBOI_HIG,2035,0.0
RE1,DEMINDWASBOI_HIG,2036,0.0
RE1,DEMINDWASBOI_HIG,2037,0.0
RE1,DEMINDWASBOI_HIG,2038,0.0
RE1,DEMINDWASBOI_HIG,2039,0.0
RE1,DEMINDWASBOI_HIG,2040,0.0
RE1,DEMINDWASBOI_HIG,2041,0.0
RE1,DEMINDWASBOI_HIG,2042,0.0
RE1,DEMINDWASBOI_HIG,2043,0.0
RE1,DEMINDWASBOI_HIG,2044,0.0
RE1,DEMINDWASBOI_HIG,2045,0.0
RE1,DEMINDWASBOI_HIG,2046,0.0
RE1,DEMINDWASBOI_HIG,2047,0.0
RE1,DEMINDWASBOI_HIG,2048,0.0
RE1,DEMINDWASBOI_HIG,2049,0.0
RE1,DEMINDWASBOI_HIG,2050,0.0
RE1,DEMINDWASBOI_HIG,2051,0.0
RE1,DEMINDWASBOI_HIG,2052,0.0
RE1,DEMINDWASBOI_HIG,2053,0.0
RE1,DEMINDWASBOI_HIG,2054,0.0
RE1,DEMINDWASBOI_HIG,2055,0.0
RE1,DEMINDWASBOI_LOW,2022,4.816159258085169
RE1,DEMINDWASBOI_LOW,2023,4.835112977036303
RE1,DEMINDWASBOI_LOW,2024,4.681088841463422
RE1,DEMINDWASBOI_LOW,2025,4.679591132680339
RE1,DEMINDWASBOI_LOW,2026,4.676519697032357
RE1,DEMINDWASBOI_LOW,2027,4.669727605071461
RE1,DEMINDWASBOI_LOW,2028,4.656567337302465
RE1,DEMINDWASBOI_LOW,2029,4.633399080024171
RE1,DEMINDWASBOI_LOW,2030,4.595501677289366
RE1,DEMINDWASBOI_LOW,2031,4.537066878682714
RE1,DEMINDWASBOI_LOW,2032,4.45132722180628
RE1,DEMINDWASBOI_LOW,2033,4.330879942310364
RE1,DEMINDWASBOI_LOW,2034,4.168272489197892
RE1,DEMINDWASBOI_LOW,2035,3.956899409977342
RE1,DEMINDWASBOI_LOW,2036,3.692213171750579
RE1,DEMINDWASBOI_LOW,2037,3.373162532668333
RE1,DEMINDWASBOI_LOW,2038,3.003641628855514
RE1,DEMINDWASBOI_LOW,2039,2.593584099470045
RE1,DEMINDWASBOI_LOW,2040,2.159225956070816
RE1,DEMINDWASBOI_LOW,2041,1.722076347071438
RE1,DEMINDWASBOI_LOW,2042,1.306365924472747
RE1,DEMINDWASBOI_LOW,2043,0.9352145987032292
RE1,DEMINDWASBOI_LOW,2044,0.6263622217692734
RE1,DEMINDWASBOI_LOW,2045,0.388761490371854
RE1,DEMINDWASBOI_LOW,2046,0.2213019830176076
RE1,DEMINDWASBOI_LOW,2047,0.1142462287278925
RE1,DEMINDWASBOI_LOW,2048,0.0528391600160206
RE1,DEMINDWASBOI_LOW,2049,0.0216076197845034
RE1,DEMINDWASBOI_LOW,2050,0.0077025539661731
RE1,DEMINDWASBOI_LOW,2051,0.0023573450814068
RE1,DEMINDWASBOI_LOW,2052,0.0006093736411033
RE1,DEMINDWASBOI_LOW,2053,0.000130749241171
RE1,DEMINDWASBOI_LOW,2054,2.285639591133406e-05
RE1,DEMINDWASBOI_LOW,2055,2.285639591133406e-05
RE1,DEMINDWASBOI_MID,2022,0.0331879067141819
RE1,DEMINDWASBOI_MID,2023,0.0456584826330589
RE1,DEMINDWASBOI_MID,2024,0.1059366194030361
RE1,DEMINDWASBOI_MID,2025,0.1059027251082035
RE1,DEMINDWASBOI_MID,2026,0.1058332161712273
RE1,DEMINDWASBOI_MID,2027,0.1056795059372667
RE1,DEMINDWASBOI_MID,2028,0.1053816790159878
RE1,DEMINDWASBOI_MID,2029,0.1048573636405173
RE1,DEMINDWASBOI_MID,2030,0.103999716442216
RE1,DEMINDWASBOI_MID,2031,0.1026772922734941
RE1,DEMINDWASBOI_MID,2032,0.1007369382862311
RE1,DEMINDWASBOI_MID,2033,0.098011124263419
RE1,DEMINDWASBOI_MID,2034,0.0943311932781554
RE1,DEMINDWASBOI_MID,2035,0.0895476588903665
RE1,DEMINDWASBOI_MID,2036,0.0835576069537568
RE1,DEMINDWASBOI_MID,2037,0.0763372470615517
RE1,DEMINDWASBOI_MID,2038,0.0679747064915149
RE1,DEMINDWASBOI_MID,2039,0.0586947910925418
RE1,DEMINDWASBOI_MID,2040,0.0488649342194327
RE1,DEMINDWASBOI_MID,2041,0.0389719043455806
RE1,DEMINDWASBOI_MID,2042,0.0295640596512797
RE1,DEMINDWASBOI_MID,2043,0.0211646213858257
RE1,DEMINDWASBOI_MID,2044,0.0141750559631052
RE1,DEMINDWASBOI_MID,2045,0.0087979697542345
RE1,DEMINDWASBOI_MID,2046,0.0050082330718475
RE1,DEMINDWASBOI_MID,2047,0.0025854795029259
RE1,DEMINDWASBOI_MID,2048,0.0011957905892773
RE1,DEMINDWASBOI_MID,2049,0.0004889969558024
RE1,DEMINDWASBOI_MID,2050,0.0001743146852326
RE1,DEMINDWASBOI_MID,2051,5.334852149752014e-05
RE1,DEMINDWASBOI_MID,2052,1.379059139403733e-05
RE1,DEMINDWASBOI_MID,2053,2.958955291873371e-06
RE1,DEMINDWASBOI_MID,2054,5.172577143028842e-07
RE1,DEMINDWASBOI_MID,2055,5.172577143028842e-07
RE1,DEMINDWASFUR_HIG,2022,0.0
RE1,DEMINDWASFUR_HIG,2023,0.0
RE1,DEMINDWASFUR_HIG,2024,0.0
RE1,DEMINDWASFUR_HIG,2025,0.0
RE1,DEMINDWASFUR_HIG,2026,0.0
RE1,DEMINDWASFUR_HIG,2027,0.0
RE1,DEMINDWASFUR_HIG,2028,0.0
RE1,DEMINDWASFUR_HIG,2029,0.0
RE1,DEMINDWASFUR_HIG,2030,0.0
RE1,DEMINDWASFUR_HIG,2031,0.0
RE1,DEMINDWASFUR_HIG,2032,0.0
RE1,DEMINDWASFUR_HIG,2033,0.0
RE1,DEMINDWASFUR_HIG,2034,0.0
RE1,DEMINDWASFUR_HIG,2035,0.0
RE1,DEMINDWASFUR_HIG,2036,0.0
RE1,DEMINDWASFUR_HIG,2037,0.0
RE1,DEMINDWASFUR_HIG,2038,0.0
RE1,DEMINDWASFUR_HIG,2039,0.0
RE1,DEMINDWASFUR_HIG,2040,0.0
RE1,DEMINDWASFUR_HIG,2041,0.0
RE1,DEMINDWASFUR_HIG,2042,0.0
RE1,DEMINDWASFUR_HIG,2043,0.0
RE1,DEMINDWASFUR_HIG,2044,0.0
RE1,DEMINDWASFUR_HIG,2045,0.0
RE1,DEMINDWASFUR_HIG,2046,0.0
RE1,DEMINDWASFUR_HIG,2047,0.0
RE1,DEMINDWASFUR_HIG,2048,0.0
RE1,DEMINDWASFUR_HIG,2049,0.0
RE1,DEMINDWASFUR_HIG,2050,0.0
RE1,DEMINDWASFUR_HIG,2051,0.0
RE1,DEMINDWASFUR_HIG,2052,0.0
RE1,DEMINDWASFUR_HIG,2053,0.0
RE1,DEMINDWASFUR_HIG,2054,0.0
RE1,DEMINDWASFUR_HIG,2055,0.0
RE1,DEMINDWASFUR_LOW,2022,0.6622099580777003
RE1,DEMINDWASFUR_LOW,2023,0.6650044195234361
RE1,DEMINDWASFUR_LOW,2024,0.6437951099525598
RE1,DEMINDWASFUR_LOW,2025,0.6437679810512226
RE1,DEMINDWASFUR_LOW,2026,0.6437123226949163
RE1,DEMINDWASFUR_LOW,2027,0.6435891284761689
RE1,DEMINDWASFUR_LOW,2028,0.6433499855336824
RE1,DEMINDWASFUR_LOW,2029,0.6429275518909514
RE1,DEMINDWASFUR_LOW,2030,0.6422325870695563
RE1,DEMINDWASFUR_LOW,2031,0.6411511912533435
RE1,DEMINDWASFUR_LOW,2032,0.6395423932512787
RE1,DEMINDWASFUR_LOW,2033,0.6372362865144224
RE1,DEMINDWASFUR_LOW,2034,0.6340329824719527
RE1,DEMINDWASFUR_LOW,2035,0.6297027283976492
RE1,DEMINDWASFUR_LOW,2036,0.6239876167593732
RE1,DEMINDWASFUR_LOW,2037,0.6166053842137986
RE1,DEMINDWASFUR_LOW,2038,0.6072558454987491
RE1,DEMINDWASFUR_LOW,2039,0.595630508858144
RE1,DEMINDWASFUR_LOW,2040,0.5814258478287344
RE1,DEMINDWASFUR_LOW,2041,0.5643605275031938
RE1,DEMINDWASFUR_LOW,2042,0.5441965698564253
RE1,DEMINDWASFUR_LOW,2043,0.520763967585172
RE1,DEMINDWASFUR_LOW,2044,0.4939876124844394
RE1,DEMINDWASFUR_LOW,2045,0.4639146184049269
RE1,DEMINDWASFUR_LOW,2046,0.4307392640394297
RE1,DEMINDWASFUR_LOW,2047,0.3948219914750488
RE1,DEMINDWASFUR_LOW,2048,0.3566983701953257
RE1,DEMINDWASFUR_LOW,2049,0.3170739180069673
RE1,DEMINDWASFUR_LOW,2050,0.2768014099482711
RE1,DEMINDWASFUR_LOW,2051,0.236838985278255
RE1,DEMINDWASFUR_LOW,2052,0.198189998921735
RE1,DEMINDWASFUR_LOW,2053,0.1618289155260325
RE1,DEMINDWASFUR_LOW,2054,0.1286210550135933
RE1,DEMINDWASFUR_LOW,2055,0.1286210550135933
RE1,DEMINDWASFUR_MID,2022,0.0045632548958987
RE1,DEMINDWASFUR_MID,2023,0.0062797069859429
RE1,DEMINDWASFUR_MID,2024,0.0145695755509862
RE1,DEMINDWASFUR_MID,2025,0.0145689616032076
RE1,DEMINDWASFUR_MID,2026,0.0145677020120509
RE1,DEMINDWASFUR_MID,2027,0.0145649140326926
RE1,DEMINDWASFUR_MID,2028,0.0145595020450677
RE1,DEMINDWASFUR_MID,2029,0.0145499420487616
RE1,DEMINDWASFUR_MID,2030,0.0145342144635189
RE1,DEMINDWASFUR_MID,2031,0.0145097416494182
RE1,DEMINDWASFUR_MID,2032,0.0144733333206269
RE1,DEMINDWASFUR_MID,2033,0.0144211443620408
RE1,DEMINDWASFUR_MID,2034,0.0143486511424775
RE1,DEMINDWASFUR_MID,2035,0.0142506541820856
RE1,DEMINDWASFUR_MID,2036,0.0141213168362298
RE1,DEMINDWASFUR_MID,2037,0.0139542512696467
RE1,DEMINDWASFUR_MID,2038,0.0137426640603468
RE1,DEMINDWASFUR_MID,2039,0.013479573804033
RE1,DEMINDWASFUR_MID,2040,0.0131581114647814
RE1,DEMINDWASFUR_MID,2041,0.0127719102185447
RE1,DEMINDWASFUR_MID,2042,0.0123155844406693
RE1,DEMINDWASFUR_MID,2043,0.0117852867359036
RE1,DEMINDWASFUR_MID,2044,0.0111793173481446
RE1,DEMINDWASFUR_MID,2045,0.0104987424998546
RE1,DEMINDWASFUR_MID,2046,0.009747958866387
RE1,DEMINDWASFUR_MID,2047,0.0089351235277485
RE1,DEMINDWASFUR_MID,2048,0.0080723568308206
RE1,DEMINDWASFUR_MID,2049,0.0071756251829718
RE1,DEMINDWASFUR_MID,2050,0.006264227535307
RE1,DEMINDWASFUR_MID,2051,0.0053598473118019
RE1,DEMINDWASFUR_MID,2052,0.0044851912015188
RE1,DEMINDWASFUR_MID,2053,0.0036623120844525
RE1,DEMINDWASFUR_MID,2054,0.0029107928120271
RE1,DEMINDWASFUR_MID,2055,0.0029107928120271
RE1,DEMMINIDSL,2022,35.42684238908634
RE1,DEMMINIDSL,2023,18.27167666071706
RE1,DEMMINIDSL,2024,18.58229516580366
RE1,DEMMINIDSL,2025,18.40635222677055
RE1,DEMMINIDSL,2026,15.84022068850787
RE1,DEMMINIDSL,2027,14.51282623148341
RE1,DEMMINIDSL,2028,14.8625510851516
RE1,DEMMINIDSL,2029,10.79967013344445
RE1,DEMMINIDSL,2030,9.103024879209707
RE1,DEMMINIDSL,2031,8.889819024238253
RE1,DEMMINIDSL,2032,9.206173491796363
RE1,DEMMINIDSL,2033,9.08926028515526
RE1,DEMMINIDSL,2034,8.777726158121745
RE1,DEMMINIDSL,2035,8.836810466903636
RE1,DEMMINIDSL,2036,9.127329155275714
RE1,DEMMINIDSL,2037,9.476814839530608
RE1,DEMMINIDSL,2038,9.107867821328522
RE1,DEMMINIDSL,2039,8.994852491083568
RE1,DEMMINIDSL,2040,9.0292426883963
RE1,DEMMINIDSL,2041,9.0292426883963
RE1,DEMMINIDSL,2042,9.0292426883963
RE1,DEMMINIDSL,2043,9.0292426883963
RE1,DEMMINIDSL,2044,9.0292426883963
RE1,DEMMINIDSL,2045,9.0292426883963
RE1,DEMMINIDSL,2046,9.0292426883963
RE1,DEMMINIDSL,2047,9.0292426883963
RE1,DEMMINIDSL,2048,9.0292426883963
RE1,DEMMINIDSL,2049,9.0292426883963
RE1,DEMMINIDSL,2050,9.0292426883963
RE1,DEMMINIDSL,2051,9.0292426883963
RE1,DEMMINIDSL,2052,9.0292426883963
RE1,DEMMINIDSL,2053,9.0292426883963
RE1,DEMMINIDSL,2054,9.0292426883963
RE1,DEMMINIDSL,2055,9.0292426883963
RE1,DEMMINIELC,2022,24.30064800003765
RE1,DEMMINIELC,2023,27.26247599660291
RE1,DEMMINIELC,2024,27.29037599995891
RE1,DEMMINIELC,2025,20.50773878872528
RE1,DEMMINIELC,2026,17.64864130782078
RE1,DEMMINIELC,2027,16.1697030337467
RE1,DEMMINIELC,2028,16.55935470717938
RE1,DEMMINIELC,2029,12.03262935384648
RE1,DEMMINIELC,2030,10.14228425655061
RE1,DEMMINIELC,2031,9.904737461394634
RE1,DEMMINIELC,2032,10.25720897260978
RE1,DEMMINIELC,2033,10.12694820865129
RE1,DEMMINIELC,2034,9.779847358778127
RE1,DEMMINIELC,2035,9.845677109077544
RE1,DEMMINIELC,2036,10.16936326377975
RE1,DEMMINIELC,2037,10.55874846269353
RE1,DEMMINIELC,2038,10.14768009982895
RE1,DEMMINIELC,2039,10.02176221869582
RE1,DEMMINIELC,2040,10.06007862026704
RE1,DEMMINIELC,2041,10.06007862026704
RE1,DEMMINIELC,2042,10.06007862026704
RE1,DEMMINIELC,2043,10.06007862026704
RE1,DEMMINIELC,2044,10.06007862026704
RE1,DEMMINIELC,2045,10.06007862026704
RE1,DEMMINIELC,2046,10.06007862026704
RE1,DEMMINIELC,2047,10.06007862026704
RE1,DEMMINIELC,2048,10.06007862026704
RE1,DEMMINIELC,2049,10.06007862026704
RE1,DEMMINIELC,2050,10.06007862026704
RE1,DEMMINIELC,2051,10.06007862026704
RE1,DEMMINIELC,2052,10.06007862026704
RE1,DEMMINIELC,2053,10.06007862026704
RE1,DEMMINIELC,2054,10.06007862026704
RE1,DEMMINIELC,2055,10.06007862026704
RE1,DEMMINIGSL,2022,6.565300320761658
RE1,DEMMINIGSL,2023,4.697582632896189
RE1,DEMMINIGSL,2024,4.777441536248964
RE1,DEMMINIGSL,2025,3.595391398180336
RE1,DEMMINIGSL,2026,3.094137964278856
RE1,DEMMINIGSL,2027,2.834852335384022
RE1,DEMMINIGSL,2028,2.903165584805584
RE1,DEMMINIGSL,2029,2.109545695018135
RE1,DEMMINIGSL,2030,1.778132730749909
RE1,DEMMINIGSL,2031,1.736486320447538
RE1,DEMMINIGSL,2032,1.798281189817693
RE1,DEMMINIGSL,2033,1.775444033801535
RE1,DEMMINIGSL,2034,1.714590742134822
RE1,DEMMINIGSL,2035,1.726131932531737
RE1,DEMMINIGSL,2036,1.782880188802984
RE1,DEMMINIGSL,2037,1.851146720241499
RE1,DEMMINIGSL,2038,1.779078723319286
RE1,DEMMINIGSL,2039,1.757002956148307
RE1,DEMMINIGSL,2040,1.763720540277774
RE1,DEMMINIGSL,2041,1.763720540277774
RE1,DEMMINIGSL,2042,1.763720540277774
RE1,DEMMINIGSL,2043,1.763720540277774
RE1,DEMMINIGSL,2044,1.763720540277774
RE1,DEMMINIGSL,2045,1.763720540277774
RE1,DEMMINIGSL,2046,1.763720540277774
RE1,DEMMINIGSL,2047,1.763720540277774
RE1,DEMMINIGSL,2048,1.763720540277774
RE1,DEMMINIGSL,2049,1.763720540277774
RE1,DEMMINIGSL,2050,1.763720540277774
RE1,DEMMINIGSL,2051,1.763720540277774
RE1,DEMMINIGSL,2052,1.763720540277774
RE1,DEMMINIGSL,2053,1.763720540277774
RE1,DEMMINIGSL,2054,1.763720540277774
RE1,DEMMINIGSL,2055,1.763720540277774
RE1,DEMMININGS,2022,16.00855080619847
RE1,DEMMININGS,2023,12.59422786315355
RE1,DEMMININGS,2024,12.7957355175264
RE1,DEMMININGS,2025,9.734967155572624
RE1,DEMMININGS,2026,8.377761451036934
RE1,DEMMININGS,2027,7.67571352310322
RE1,DEMMININGS,2028,7.860680099967682
RE1,DEMMININGS,2029,5.711856034526541
RE1,DEMMININGS,2030,4.814514420004404
RE1,DEMMININGS,2031,4.701751610190072
RE1,DEMMININGS,2032,4.869068866388057
RE1,DEMMININGS,2033,4.807234440278982
RE1,DEMMININGS,2034,4.642466622237321
RE1,DEMMININGS,2035,4.673715823508437
RE1,DEMMININGS,2036,4.827368750201258
RE1,DEMMININGS,2037,5.01220883234507
RE1,DEMMININGS,2038,4.817075811956602
RE1,DEMMININGS,2039,4.757302940370962
RE1,DEMMININGS,2040,4.775491630731141
RE1,DEMMININGS,2041,4.775491630731141
RE1,DEMMININGS,2042,4.775491630731141
RE1,DEMMININGS,2043,4.775491630731141
RE1,DEMMININGS,2044,4.775491630731141
RE1,DEMMININGS,2045,4.775491630731141
RE1,DEMMININGS,2046,4.775491630731141
RE1,DEMMININGS,2047,4.775491630731141
RE1,DEMMININGS,2048,4.775491630731141
RE1,DEMMININGS,2049,4.775491630731141
RE1,DEMMININGS,2050,4.775491630731141
RE1,DEMMININGS,2051,4.775491630731141
RE1,DEMMININGS,2052,4.775491630731141
RE1,DEMMININGS,2053,4.775491630731141
RE1,DEMMININGS,2054,4.775491630731141
RE1,DEMMININGS,2055,4.775491630731141
RE1,DEMNGSAUT,2022,0.0
RE1,DEMNGSAUT,2023,0.0
RE1,DEMNGSAUT,2024,0.0
RE1,DEMNGSAUT,2025,0.0
RE1,DEMNGSAUT,2026,0.0
RE1,DEMNGSAUT,2027,0.0
RE1,DEMNGSAUT,2028,0.0
RE1,DEMNGSAUT,2029,0.0
RE1,DEMNGSAUT,2030,0.0
RE1,DEMNGSAUT,2031,0.0
RE1,DEMNGSAUT,2032,0.0
RE1,DEMNGSAUT,2033,0.0
RE1,DEMNGSAUT,2034,0.0
RE1,DEMNGSAUT,2035,0.0
RE1,DEMNGSAUT,2036,0.0
RE1,DEMNGSAUT,2037,0.0
RE1,DEMNGSAUT,2038,0.0
RE1,DEMNGSAUT,2039,0.0
RE1,DEMNGSAUT,2040,0.0
RE1,DEMNGSAUT,2041,0.0
RE1,DEMNGSAUT,2042,0.0
RE1,DEMNGSAUT,2043,0.0
RE1,DEMNGSAUT,2044,0.0
RE1,DEMNGSAUT,2045,0.0
RE1,DEMNGSAUT,2046,0.0
RE1,DEMNGSAUT,2047,0.0
RE1,DEMNGSAUT,2048,0.0
RE1,DEMNGSAUT,2049,0.0
RE1,DEMNGSAUT,2050,0.0
RE1,DEMNGSAUT,2051,0.0
RE1,DEMNGSAUT,2052,0.0
RE1,DEMNGSAUT,2053,0.0
RE1,DEMNGSAUT,2054,0.0
RE1,DEMNGSAUT,2055,0.0
RE1,DEMNSEELC,2022,0.0
RE1,DEMNSEELC,2023,0.0
RE1,DEMNSEELC,2024,0.0
RE1,DEMNSEELC,2025,0.0
RE1,DEMNSEELC,2026,0.0
RE1,DEMNSEELC,2027,0.0
RE1,DEMNSEELC,2028,0.0
RE1,DEMNSEELC,2029,0.0
RE1,DEMNSEELC,2030,0.0
RE1,DEMNSEELC,2031,0.0
RE1,DEMNSEELC,2032,0.0
RE1,DEMNSEELC,2033,0.0
RE1,DEMNSEELC,2034,0.0
RE1,DEMNSEELC,2035,0.0
RE1,DEMNSEELC,2036,0.0
RE1,DEMNSEELC,2037,0.0
RE1,DEMNSEELC,2038,0.0
RE1,DEMNSEELC,2039,0.0
RE1,DEMNSEELC,2040,0.0
RE1,DEMNSEELC,2041,0.0
RE1,DEMNSEELC,2042,0.0
RE1,DEMNSEELC,2043,0.0
RE1,DEMNSEELC,2044,0.0
RE1,DEMNSEELC,2045,0.0
RE1,DEMNSEELC,2046,0.0
RE1,DEMNSEELC,2047,0.0
RE1,DEMNSEELC,2048,0.0
RE1,DEMNSEELC,2049,0.0
RE1,DEMNSEELC,2050,0.0
RE1,DEMNSEELC,2051,0.0
RE1,DEMNSEELC,2052,0.0
RE1,DEMNSEELC,2053,0.0
RE1,DEMNSEELC,2054,0.0
RE1,DEMNSEELC,2055,0.0
RE1,DEMRESBGSCKN_MID_RUR,2022,0.0
RE1,DEMRESBGSCKN_MID_RUR,2023,0.0
RE1,DEMRESBGSCKN_MID_RUR,2024,0.0
RE1,DEMRESBGSCKN_MID_RUR,2025,0.0493570317946699
RE1,DEMRESBGSCKN_MID_RUR,2026,0.0493570317946699
RE1,DEMRESBGSCKN_MID_RUR,2027,0.0493570317946699
RE1,DEMRESBGSCKN_MID_RUR,2028,0.0493570317946699
RE1,DEMRESBGSCKN_MID_RUR,2029,0.0493570317946699
RE1,DEMRESBGSCKN_MID_RUR,2030,0.0493570317946699
RE1,DEMRESBGSCKN_MID_RUR,2031,0.0
RE1,DEMRESBGSCKN_MID_RUR,2032,0.0
RE1,DEMRESBGSCKN_MID_RUR,2033,0.0
RE1,DEMRESBGSCKN_MID_RUR,2034,0.0
RE1,DEMRESBGSCKN_MID_RUR,2035,0.0
RE1,DEMRESBGSCKN_MID_RUR,2036,0.0
RE1,DEMRESBGSCKN_MID_RUR,2037,0.0
RE1,DEMRESBGSCKN_MID_RUR,2038,0.0
RE1,DEMRESBGSCKN_MID_RUR,2039,0.0
RE1,DEMRESBGSCKN_MID_RUR,2040,0.0
RE1,DEMRESBGSCKN_MID_RUR,2041,0.0
RE1,DEMRESBGSCKN_MID_RUR,2042,0.0
RE1,DEMRESBGSCKN_MID_RUR,2043,0.0
RE1,DEMRESBGSCKN_MID_RUR,2044,0.0
RE1,DEMRESBGSCKN_MID_RUR,2045,0.0
RE1,DEMRESBGSCKN_MID_RUR,2046,0.0
RE1,DEMRESBGSCKN_MID_RUR,2047,0.0
RE1,DEMRESBGSCKN_MID_RUR,2048,0.0
RE1,DEMRESBGSCKN_MID_RUR,2049,0.0
RE1,DEMRESBGSCKN_MID_RUR,2050,0.0
RE1,DEMRESBGSCKN_MID_RUR,2051,0.0
RE1,DEMRESBGSCKN_MID_RUR,2052,0.0
RE1,DEMRESBGSCKN_MID_RUR,2053,1.0
RE1,DEMRESBGSCKN_MID_RUR,2054,1.0
RE1,DEMRESBGSCKN_MID_RUR,2055,1.0
RE1,DEMRESELCAIR_PAR_HIG_RUR,2022,0.0
RE1,DEMRESELCAIR_PAR_HIG_RUR,2023,0.0
RE1,DEMRESELCAIR_PAR_HIG_RUR,2024,0.0
RE1,DEMRESELCAIR_PAR_HIG_RUR,2025,0.0
RE1,DEMRESELCAIR_PAR_HIG_RUR,2026,0.0
RE1,DEMRESELCAIR_PAR_HIG_RUR,2027,0.0
RE1,DEMRESELCAIR_PAR_HIG_RUR,2028,0.0
RE1,DEMRESELCAIR_PAR_HIG_RUR,2029,0.0
RE1,DEMRESELCAIR_PAR_HIG_RUR,2030,0.0
RE1,DEMRESELCAIR_PAR_HIG_RUR,2031,0.0
RE1,DEMRESELCAIR_PAR_HIG_RUR,2032,0.0
RE1,DEMRESELCAIR_PAR_HIG_RUR,2033,0.0
RE1,DEMRESELCAIR_PAR_HIG_RUR,2034,0.0
RE1,DEMRESELCAIR_PAR_HIG_RUR,2035,0.0
RE1,DEMRESELCAIR_PAR_HIG_RUR,2036,0.0
RE1,DEMRESELCAIR_PAR_HIG_RUR,2037,0.0
RE1,DEMRESELCAIR_PAR_HIG_RUR,2038,0.0
RE1,DEMRESELCAIR_PAR_HIG_RUR,2039,0.0
RE1,DEMRESELCAIR_PAR_HIG_RUR,2040,0.0
RE1,DEMRESELCAIR_PAR_HIG_RUR,2041,0.0
RE1,DEMRESELCAIR_PAR_HIG_RUR,2042,0.0
RE1,DEMRESELCAIR_PAR_HIG_RUR,2043,0.0
RE1,DEMRESELCAIR_PAR_HIG_RUR,2044,0.0
RE1,DEMRESELCAIR_PAR_HIG_RUR,2045,0.0
RE1,DEMRESELCAIR_PAR_HIG_RUR,2046,0.0
RE1,DEMRESELCAIR_PAR_HIG_RUR,2047,0.0
RE1,DEMRESELCAIR_PAR_HIG_RUR,2048,0.0
RE1,DEMRESELCAIR_PAR_HIG_RUR,2049,0.0
RE1,DEMRESELCAIR_PAR_HIG_RUR,2050,0.0
RE1,DEMRESELCAIR_PAR_HIG_RUR,2051,0.0
RE1,DEMRESELCAIR_PAR_HIG_RUR,2052,0.0
RE1,DEMRESELCAIR_PAR_HIG_RUR,2053,0.0
RE1,DEMRESELCAIR_PAR_HIG_RUR,2054,0.0
RE1,DEMRESELCAIR_PAR_HIG_RUR,2055,0.0
RE1,DEMRESELCAIR_PAR_LOW_RUR,2022,0.0194361258221266
RE1,DEMRESELCAIR_PAR_LOW_RUR,2023,0.0224561220161792
RE1,DEMRESELCAIR_PAR_LOW_RUR,2024,0.0243882711309829
RE1,DEMRESELCAIR_PAR_LOW_RUR,2025,0.0243804681327672
RE1,DEMRESELCAIR_PAR_LOW_RUR,2026,0.0243644660854058
RE1,DEMRESELCAIR_PAR_LOW_RUR,2027,0.0243290795789969
RE1,DEMRESELCAIR_PAR_LOW_RUR,2028,0.0242605151510665
RE1,DEMRESELCAIR_PAR_LOW_RUR,2029,0.0241398095290901
RE1,DEMRESELCAIR_PAR_LOW_RUR,2030,0.0239423656940426
RE1,DEMRESELCAIR_PAR_LOW_RUR,2031,0.0236379229115686
RE1,DEMRESELCAIR_PAR_LOW_RUR,2032,0.0231912229942207
RE1,DEMRESELCAIR_PAR_LOW_RUR,2033,0.0225636978587615
RE1,DEMRESELCAIR_PAR_LOW_RUR,2034,0.0217165200356664
RE1,DEMRESELCAIR_PAR_LOW_RUR,2035,0.0206152754021188
RE1,DEMRESELCAIR_PAR_LOW_RUR,2036,0.0192362715076966
RE1,DEMRESELCAIR_PAR_LOW_RUR,2037,0.0175740314276688
RE1,DEMRESELCAIR_PAR_LOW_RUR,2038,0.0156488434434272
RE1,DEMRESELCAIR_PAR_LOW_RUR,2039,0.0135124613868911
RE1,DEMRESELCAIR_PAR_LOW_RUR,2040,0.0112494741785862
RE1,DEMRESELCAIR_PAR_LOW_RUR,2041,0.0089719435548036
RE1,DEMRESELCAIR_PAR_LOW_RUR,2042,0.0068061101682398
RE1,DEMRESELCAIR_PAR_LOW_RUR,2043,0.0048724277558674
RE1,DEMRESELCAIR_PAR_LOW_RUR,2044,0.0032633201821348
RE1,DEMRESELCAIR_PAR_LOW_RUR,2045,0.0020254306110348
RE1,DEMRESELCAIR_PAR_LOW_RUR,2046,0.001152973794441
RE1,DEMRESELCAIR_PAR_LOW_RUR,2047,0.000595217928194
RE1,DEMRESELCAIR_PAR_LOW_RUR,2048,0.0002752897465627
RE1,DEMRESELCAIR_PAR_LOW_RUR,2049,0.0001125747678898
RE1,DEMRESELCAIR_PAR_LOW_RUR,2050,4.012997421970105e-05
RE1,DEMRESELCAIR_PAR_LOW_RUR,2051,1.228166628357884e-05
RE1,DEMRESELCAIR_PAR_LOW_RUR,2052,3.17481040899388e-06
RE1,DEMRESELCAIR_PAR_LOW_RUR,2053,6.811979118204359e-07
RE1,DEMRESELCAIR_PAR_LOW_RUR,2054,1.190808376942572e-07
RE1,DEMRESELCAIR_PAR_LOW_RUR,2055,1.190808376942572e-07
RE1,DEMRESELCAIR_PAR_LOW_URB,2022,0.4857156031308625
RE1,DEMRESELCAIR_PAR_LOW_URB,2023,0.5423257368071764
RE1,DEMRESELCAIR_PAR_LOW_URB,2024,0.5945082778917649
RE1,DEMRESELCAIR_PAR_LOW_URB,2025,0.5943180656784167
RE1,DEMRESELCAIR_PAR_LOW_URB,2026,0.5939279867930166
RE1,DEMRESELCAIR_PAR_LOW_URB,2027,0.5930653766115589
RE1,DEMRESELCAIR_PAR_LOW_URB,2028,0.5913939945051909
RE1,DEMRESELCAIR_PAR_LOW_URB,2029,0.5884515763621578
RE1,DEMRESELCAIR_PAR_LOW_URB,2030,0.5836385252965866
RE1,DEMRESELCAIR_PAR_LOW_URB,2031,0.5762171811039964
RE1,DEMRESELCAIR_PAR_LOW_URB,2032,0.5653280616100148
RE1,DEMRESELCAIR_PAR_LOW_URB,2033,0.5500309999359024
RE1,DEMRESELCAIR_PAR_LOW_URB,2034,0.5293795061923997
RE1,DEMRESELCAIR_PAR_LOW_URB,2035,0.5025346738091708
RE1,DEMRESELCAIR_PAR_LOW_URB,2036,0.4689189563982942
RE1,DEMRESELCAIR_PAR_LOW_URB,2037,0.4283988440003088
RE1,DEMRESELCAIR_PAR_LOW_URB,2038,0.3814689002178085
RE1,DEMRESELCAIR_PAR_LOW_URB,2039,0.3293907184340817
RE1,DEMRESELCAIR_PAR_LOW_URB,2040,0.2742263067841181
RE1,DEMRESELCAIR_PAR_LOW_URB,2041,0.218707373042619
RE1,DEMRESELCAIR_PAR_LOW_URB,2042,0.1659112617507977
RE1,DEMRESELCAIR_PAR_LOW_URB,2043,0.1187742508985319
RE1,DEMRESELCAIR_PAR_LOW_URB,2044,0.0795493395686325
RE1,DEMRESELCAIR_PAR_LOW_URB,2045,0.0493735393578543
RE1,DEMRESELCAIR_PAR_LOW_URB,2046,0.0281058243655764
RE1,DEMRESELCAIR_PAR_LOW_URB,2047,0.0145095149861361
RE1,DEMRESELCAIR_PAR_LOW_URB,2048,0.0067106861438141
RE1,DEMRESELCAIR_PAR_LOW_URB,2049,0.0027442138490602
RE1,DEMRESELCAIR_PAR_LOW_URB,2050,0.0009782408001396
RE1,DEMRESELCAIR_PAR_LOW_URB,2051,0.0002993878587242
RE1,DEMRESELCAIR_PAR_LOW_URB,2052,7.73917535501719e-05
RE1,DEMRESELCAIR_PAR_LOW_URB,2053,1.660543280353108e-05
RE1,DEMRESELCAIR_PAR_LOW_URB,2054,2.902811083545159e-06
RE1,DEMRESELCAIR_PAR_LOW_URB,2055,2.902811083545159e-06
RE1,DEMRESELCAIR_PAR_MID_RUR,2022,0.0001339333473217
RE1,DEMRESELCAIR_PAR_MID_RUR,2023,0.0002120555325079
RE1,DEMRESELCAIR_PAR_MID_RUR,2024,0.0005519252217168
RE1,DEMRESELCAIR_PAR_MID_RUR,2025,0.0005517486339014
RE1,DEMRESELCAIR_PAR_MID_RUR,2026,0.0005513864953353
RE1,DEMRESELCAIR_PAR_MID_RUR,2027,0.0005505856716405
RE1,DEMRESELCAIR_PAR_MID_RUR,2028,0.0005490340062156
RE1,DEMRESELCAIR_PAR_MID_RUR,2029,0.000546302345705
RE1,DEMRESELCAIR_PAR_MID_RUR,2030,0.0005418340407624
RE1,DEMRESELCAIR_PAR_MID_RUR,2031,0.0005349442678336
RE1,DEMRESELCAIR_PAR_MID_RUR,2032,0.0005248351071802
RE1,DEMRESELCAIR_PAR_MID_RUR,2033,0.0005106337335912
RE1,DEMRESELCAIR_PAR_MID_RUR,2034,0.0004914614517458
RE1,DEMRESELCAIR_PAR_MID_RUR,2035,0.0004665394437334
RE1,DEMRESELCAIR_PAR_MID_RUR,2036,0.0004353315312869
RE1,DEMRESELCAIR_PAR_MID_RUR,2037,0.0003977137674122
RE1,DEMRESELCAIR_PAR_MID_RUR,2038,0.0003541452914287
RE1,DEMRESELCAIR_PAR_MID_RUR,2039,0.000305797332121
RE1,DEMRESELCAIR_PAR_MID_RUR,2040,0.000254584201433
RE1,DEMRESELCAIR_PAR_MID_RUR,2041,0.0002030419421336
RE1,DEMRESELCAIR_PAR_MID_RUR,2042,0.0001540274767104
RE1,DEMRESELCAIR_PAR_MID_RUR,2043,0.0001102667653239
RE1,DEMRESELCAIR_PAR_MID_RUR,2044,7.385143068914529e-05
RE1,DEMRESELCAIR_PAR_MID_RUR,2045,4.583704326820276e-05
RE1,DEMRESELCAIR_PAR_MID_RUR,2046,2.609267847289732e-05
RE1,DEMRESELCAIR_PAR_MID_RUR,2047,1.347023678816654e-05
RE1,DEMRESELCAIR_PAR_MID_RUR,2048,6.230017437151938e-06
RE1,DEMRESELCAIR_PAR_MID_RUR,2049,2.547653066248417e-06
RE1,DEMRESELCAIR_PAR_MID_RUR,2050,9.081719979142892e-07
RE1,DEMRESELCAIR_PAR_MID_RUR,2051,2.779434979302472e-07
RE1,DEMRESELCAIR_PAR_MID_RUR,2052,7.184838685292662e-08
RE1,DEMRESELCAIR_PAR_MID_RUR,2053,1.5416029553522482e-08
RE1,DEMRESELCAIR_PAR_MID_RUR,2054,2.694890400129102e-09
RE1,DEMRESELCAIR_PAR_MID_RUR,2055,2.694890400129102e-09
RE1,DEMRESELCAIR_PAR_MID_URB,2022,0.0033470413378187
RE1,DEMRESELCAIR_PAR_MID_URB,2023,0.0051212392250344
RE1,DEMRESELCAIR_PAR_MID_URB,2024,0.0134541768592636
RE1,DEMRESELCAIR_PAR_MID_URB,2025,0.013449872211449
RE1,DEMRESELCAIR_PAR_MID_URB,2026,0.0134410444280381
RE1,DEMRESELCAIR_PAR_MID_URB,2027,0.0134215229001241
RE1,DEMRESELCAIR_PAR_MID_URB,2028,0.0133836982452039
RE1,DEMRESELCAIR_PAR_MID_URB,2029,0.0133171090730049
RE1,DEMRESELCAIR_PAR_MID_URB,2030,0.0132081860475787
RE1,DEMRESELCAIR_PAR_MID_URB,2031,0.0130402353545208
RE1,DEMRESELCAIR_PAR_MID_URB,2032,0.0127938062551091
RE1,DEMRESELCAIR_PAR_MID_URB,2033,0.0124476220540742
RE1,DEMRESELCAIR_PAR_MID_URB,2034,0.0119802629615846
RE1,DEMRESELCAIR_PAR_MID_URB,2035,0.0113727438805685
RE1,DEMRESELCAIR_PAR_MID_URB,2036,0.010611994494705
RE1,DEMRESELCAIR_PAR_MID_URB,2037,0.0096949933715364
RE1,DEMRESELCAIR_PAR_MID_URB,2038,0.0086329328635076
RE1,DEMRESELCAIR_PAR_MID_URB,2039,0.007454363793432
RE1,DEMRESELCAIR_PAR_MID_URB,2040,0.0062059509819103
RE1,DEMRESELCAIR_PAR_MID_URB,2041,0.0049495150644076
RE1,DEMRESELCAIR_PAR_MID_URB,2042,0.0037546987006717
RE1,DEMRESELCAIR_PAR_MID_URB,2043,0.0026879521065412
RE1,DEMRESELCAIR_PAR_MID_URB,2044,0.0018002623737879
RE1,DEMRESELCAIR_PAR_MID_URB,2045,0.001117360944147
RE1,DEMRESELCAIR_PAR_MID_URB,2046,0.0006360562936664
RE1,DEMRESELCAIR_PAR_MID_URB,2047,0.0003283614173681
RE1,DEMRESELCAIR_PAR_MID_URB,2048,0.0001518679580813
RE1,DEMRESELCAIR_PAR_MID_URB,2049,6.210365748955729e-05
RE1,DEMRESELCAIR_PAR_MID_URB,2050,2.213833721996133e-05
RE1,DEMRESELCAIR_PAR_MID_URB,2051,6.77537613954946e-06
RE1,DEMRESELCAIR_PAR_MID_URB,2052,1.751434552610422e-06
RE1,DEMRESELCAIR_PAR_MID_URB,2053,3.757936400071436e-07
RE1,DEMRESELCAIR_PAR_MID_URB,2054,6.569283416127216e-08
RE1,DEMRESELCAIR_PAR_MID_URB,2055,6.569283416127216e-08
RE1,DEMRESELCAIR_POR_HIG_RUR,2022,0.0
RE1,DEMRESELCAIR_POR_HIG_RUR,2023,0.0
RE1,DEMRESELCAIR_POR_HIG_RUR,2024,0.0
RE1,DEMRESELCAIR_POR_HIG_RUR,2025,0.0
RE1,DEMRESELCAIR_POR_HIG_RUR,2026,0.0
RE1,DEMRESELCAIR_POR_HIG_RUR,2027,0.0
RE1,DEMRESELCAIR_POR_HIG_RUR,2028,0.0
RE1,DEMRESELCAIR_POR_HIG_RUR,2029,0.0
RE1,DEMRESELCAIR_POR_HIG_RUR,2030,0.0
RE1,DEMRESELCAIR_POR_HIG_RUR,2031,0.0
RE1,DEMRESELCAIR_POR_HIG_RUR,2032,0.0
RE1,DEMRESELCAIR_POR_HIG_RUR,2033,0.0
RE1,DEMRESELCAIR_POR_HIG_RUR,2034,0.0
RE1,DEMRESELCAIR_POR_HIG_RUR,2035,0.0
RE1,DEMRESELCAIR_POR_HIG_RUR,2036,0.0
RE1,DEMRESELCAIR_POR_HIG_RUR,2037,0.0
RE1,DEMRESELCAIR_POR_HIG_RUR,2038,0.0
RE1,DEMRESELCAIR_POR_HIG_RUR,2039,0.0
RE1,DEMRESELCAIR_POR_HIG_RUR,2040,0.0
RE1,DEMRESELCAIR_POR_HIG_RUR,2041,0.0
RE1,DEMRESELCAIR_POR_HIG_RUR,2042,0.0
RE1,DEMRESELCAIR_POR_HIG_RUR,2043,0.0
RE1,DEMRESELCAIR_POR_HIG_RUR,2044,0.0
RE1,DEMRESELCAIR_POR_HIG_RUR,2045,0.0
RE1,DEMRESELCAIR_POR_HIG_RUR,2046,0.0
RE1,DEMRESELCAIR_POR_HIG_RUR,2047,0.0
RE1,DEMRESELCAIR_POR_HIG_RUR,2048,0.0
RE1,DEMRESELCAIR_POR_HIG_RUR,2049,0.0
RE1,DEMRESELCAIR_POR_HIG_RUR,2050,0.0
RE1,DEMRESELCAIR_POR_HIG_RUR,2051,0.0
RE1,DEMRESELCAIR_POR_HIG_RUR,2052,0.0
RE1,DEMRESELCAIR_POR_HIG_RUR,2053,0.0
RE1,DEMRESELCAIR_POR_HIG_RUR,2054,0.0
RE1,DEMRESELCAIR_POR_HIG_RUR,2055,0.0
RE1,DEMRESELCAIR_POR_HIG_URB,2022,0.0
RE1,DEMRESELCAIR_POR_HIG_URB,2023,0.0
RE1,DEMRESELCAIR_POR_HIG_URB,2024,0.0
RE1,DEMRESELCAIR_POR_HIG_URB,2025,0.0
RE1,DEMRESELCAIR_POR_HIG_URB,2026,0.0
RE1,DEMRESELCAIR_POR_HIG_URB,2027,0.0
RE1,DEMRESELCAIR_POR_HIG_URB,2028,0.0
RE1,DEMRESELCAIR_POR_HIG_URB,2029,0.0
RE1,DEMRESELCAIR_POR_HIG_URB,2030,0.0
RE1,DEMRESELCAIR_POR_HIG_URB,2031,0.0
RE1,DEMRESELCAIR_POR_HIG_URB,2032,0.0
RE1,DEMRESELCAIR_POR_HIG_URB,2033,0.0
RE1,DEMRESELCAIR_POR_HIG_URB,2034,0.0
RE1,DEMRESELCAIR_POR_HIG_URB,2035,0.0
RE1,DEMRESELCAIR_POR_HIG_URB,2036,0.0
RE1,DEMRESELCAIR_POR_HIG_URB,2037,0.0
RE1,DEMRESELCAIR_POR_HIG_URB,2038,0.0
RE1,DEMRESELCAIR_POR_HIG_URB,2039,0.0
RE1,DEMRESELCAIR_POR_HIG_URB,2040,0.0
RE1,DEMRESELCAIR_POR_HIG_URB,2041,0.0
RE1,DEMRESELCAIR_POR_HIG_URB,2042,0.0
RE1,DEMRESELCAIR_POR_HIG_URB,2043,0.0
RE1,DEMRESELCAIR_POR_HIG_URB,2044,0.0
RE1,DEMRESELCAIR_POR_HIG_URB,2045,0.0
RE1,DEMRESELCAIR_POR_HIG_URB,2046,0.0
RE1,DEMRESELCAIR_POR_HIG_URB,2047,0.0
RE1,DEMRESELCAIR_POR_HIG_URB,2048,0.0
RE1,DEMRESELCAIR_POR_HIG_URB,2049,0.0
RE1,DEMRESELCAIR_POR_HIG_URB,2050,0.0
RE1,DEMRESELCAIR_POR_HIG_URB,2051,0.0
RE1,DEMRESELCAIR_POR_HIG_URB,2052,0.0
RE1,DEMRESELCAIR_POR_HIG_URB,2053,0.0
RE1,DEMRESELCAIR_POR_HIG_URB,2054,0.0
RE1,DEMRESELCAIR_POR_HIG_URB,2055,0.0
RE1,DEMRESELCAIR_POR_LOW_RUR,2022,0.0
RE1,DEMRESELCAIR_POR_LOW_RUR,2023,0.0
RE1,DEMRESELCAIR_POR_LOW_RUR,2024,0.0
RE1,DEMRESELCAIR_POR_LOW_RUR,2025,0.0
RE1,DEMRESELCAIR_POR_LOW_RUR,2026,0.0
RE1,DEMRESELCAIR_POR_LOW_RUR,2027,0.0
RE1,DEMRESELCAIR_POR_LOW_RUR,2028,0.0
RE1,DEMRESELCAIR_POR_LOW_RUR,2029,0.0
RE1,DEMRESELCAIR_POR_LOW_RUR,2030,0.0
RE1,DEMRESELCAIR_POR_LOW_RUR,2031,0.0
RE1,DEMRESELCAIR_POR_LOW_RUR,2032,0.0
RE1,DEMRESELCAIR_POR_LOW_RUR,2033,0.0
RE1,DEMRESELCAIR_POR_LOW_RUR,2034,0.0
RE1,DEMRESELCAIR_POR_LOW_RUR,2035,0.0
RE1,DEMRESELCAIR_POR_LOW_RUR,2036,0.0
RE1,DEMRESELCAIR_POR_LOW_RUR,2037,0.0
RE1,DEMRESELCAIR_POR_LOW_RUR,2038,0.0
RE1,DEMRESELCAIR_POR_LOW_RUR,2039,0.0
RE1,DEMRESELCAIR_POR_LOW_RUR,2040,0.0
RE1,DEMRESELCAIR_POR_LOW_RUR,2041,0.0
RE1,DEMRESELCAIR_POR_LOW_RUR,2042,0.0
RE1,DEMRESELCAIR_POR_LOW_RUR,2043,0.0
RE1,DEMRESELCAIR_POR_LOW_RUR,2044,0.0
RE1,DEMRESELCAIR_POR_LOW_RUR,2045,0.0
RE1,DEMRESELCAIR_POR_LOW_RUR,2046,0.0
RE1,DEMRESELCAIR_POR_LOW_RUR,2047,0.0
RE1,DEMRESELCAIR_POR_LOW_RUR,2048,0.0
RE1,DEMRESELCAIR_POR_LOW_RUR,2049,0.0
RE1,DEMRESELCAIR_POR_LOW_RUR,2050,0.0
RE1,DEMRESELCAIR_POR_LOW_RUR,2051,0.0
RE1,DEMRESELCAIR_POR_LOW_RUR,2052,0.0
RE1,DEMRESELCAIR_POR_LOW_RUR,2053,0.0
RE1,DEMRESELCAIR_POR_LOW_RUR,2054,0.0
RE1,DEMRESELCAIR_POR_LOW_RUR,2055,0.0
RE1,DEMRESELCAIR_POR_LOW_URB,2022,0.0
RE1,DEMRESELCAIR_POR_LOW_URB,2023,0.0
RE1,DEMRESELCAIR_POR_LOW_URB,2024,0.0
RE1,DEMRESELCAIR_POR_LOW_URB,2025,0.0
RE1,DEMRESELCAIR_POR_LOW_URB,2026,0.0
RE1,DEMRESELCAIR_POR_LOW_URB,2027,0.0
RE1,DEMRESELCAIR_POR_LOW_URB,2028,0.0
RE1,DEMRESELCAIR_POR_LOW_URB,2029,0.0
RE1,DEMRESELCAIR_POR_LOW_URB,2030,0.0
RE1,DEMRESELCAIR_POR_LOW_URB,2031,0.0
RE1,DEMRESELCAIR_POR_LOW_URB,2032,0.0
RE1,DEMRESELCAIR_POR_LOW_URB,2033,0.0
RE1,DEMRESELCAIR_POR_LOW_URB,2034,0.0
RE1,DEMRESELCAIR_POR_LOW_URB,2035,0.0
RE1,DEMRESELCAIR_POR_LOW_URB,2036,0.0
RE1,DEMRESELCAIR_POR_LOW_URB,2037,0.0
RE1,DEMRESELCAIR_POR_LOW_URB,2038,0.0
RE1,DEMRESELCAIR_POR_LOW_URB,2039,0.0
RE1,DEMRESELCAIR_POR_LOW_URB,2040,0.0
RE1,DEMRESELCAIR_POR_LOW_URB,2041,0.0
RE1,DEMRESELCAIR_POR_LOW_URB,2042,0.0
RE1,DEMRESELCAIR_POR_LOW_URB,2043,0.0
RE1,DEMRESELCAIR_POR_LOW_URB,2044,0.0
RE1,DEMRESELCAIR_POR_LOW_URB,2045,0.0
RE1,DEMRESELCAIR_POR_LOW_URB,2046,0.0
RE1,DEMRESELCAIR_POR_LOW_URB,2047,0.0
RE1,DEMRESELCAIR_POR_LOW_URB,2048,0.0
RE1,DEMRESELCAIR_POR_LOW_URB,2049,0.0
RE1,DEMRESELCAIR_POR_LOW_URB,2050,0.0
RE1,DEMRESELCAIR_POR_LOW_URB,2051,0.0
RE1,DEMRESELCAIR_POR_LOW_URB,2052,0.0
RE1,DEMRESELCAIR_POR_LOW_URB,2053,0.0
RE1,DEMRESELCAIR_POR_LOW_URB,2054,0.0
RE1,DEMRESELCAIR_POR_LOW_URB,2055,0.0
RE1,DEMRESELCAIR_POR_MID_RUR,2022,0.0
RE1,DEMRESELCAIR_POR_MID_RUR,2023,0.0
RE1,DEMRESELCAIR_POR_MID_RUR,2024,0.0
RE1,DEMRESELCAIR_POR_MID_RUR,2025,0.0
RE1,DEMRESELCAIR_POR_MID_RUR,2026,0.0
RE1,DEMRESELCAIR_POR_MID_RUR,2027,0.0
RE1,DEMRESELCAIR_POR_MID_RUR,2028,0.0
RE1,DEMRESELCAIR_POR_MID_RUR,2029,0.0
RE1,DEMRESELCAIR_POR_MID_RUR,2030,0.0
RE1,DEMRESELCAIR_POR_MID_RUR,2031,0.0
RE1,DEMRESELCAIR_POR_MID_RUR,2032,0.0
RE1,DEMRESELCAIR_POR_MID_RUR,2033,0.0
RE1,DEMRESELCAIR_POR_MID_RUR,2034,0.0
RE1,DEMRESELCAIR_POR_MID_RUR,2035,0.0
RE1,DEMRESELCAIR_POR_MID_RUR,2036,0.0
RE1,DEMRESELCAIR_POR_MID_RUR,2037,0.0
RE1,DEMRESELCAIR_POR_MID_RUR,2038,0.0
RE1,DEMRESELCAIR_POR_MID_RUR,2039,0.0
RE1,DEMRESELCAIR_POR_MID_RUR,2040,0.0
RE1,DEMRESELCAIR_POR_MID_RUR,2041,0.0
RE1,DEMRESELCAIR_POR_MID_RUR,2042,0.0
RE1,DEMRESELCAIR_POR_MID_RUR,2043,0.0
RE1,DEMRESELCAIR_POR_MID_RUR,2044,0.0
RE1,DEMRESELCAIR_POR_MID_RUR,2045,0.0
RE1,DEMRESELCAIR_POR_MID_RUR,2046,0.0
RE1,DEMRESELCAIR_POR_MID_RUR,2047,0.0
RE1,DEMRESELCAIR_POR_MID_RUR,2048,0.0
RE1,DEMRESELCAIR_POR_MID_RUR,2049,0.0
RE1,DEMRESELCAIR_POR_MID_RUR,2050,0.0
RE1,DEMRESELCAIR_POR_MID_RUR,2051,0.0
RE1,DEMRESELCAIR_POR_MID_RUR,2052,0.0
RE1,DEMRESELCAIR_POR_MID_RUR,2053,0.0
RE1,DEMRESELCAIR_POR_MID_RUR,2054,0.0
RE1,DEMRESELCAIR_POR_MID_RUR,2055,0.0
RE1,DEMRESELCAIR_POR_MID_URB,2022,0.0
RE1,DEMRESELCAIR_POR_MID_URB,2023,0.0
RE1,DEMRESELCAIR_POR_MID_URB,2024,0.0
RE1,DEMRESELCAIR_POR_MID_URB,2025,0.0
RE1,DEMRESELCAIR_POR_MID_URB,2026,0.0
RE1,DEMRESELCAIR_POR_MID_URB,2027,0.0
RE1,DEMRESELCAIR_POR_MID_URB,2028,0.0
RE1,DEMRESELCAIR_POR_MID_URB,2029,0.0
RE1,DEMRESELCAIR_POR_MID_URB,2030,0.0
RE1,DEMRESELCAIR_POR_MID_URB,2031,0.0
RE1,DEMRESELCAIR_POR_MID_URB,2032,0.0
RE1,DEMRESELCAIR_POR_MID_URB,2033,0.0
RE1,DEMRESELCAIR_POR_MID_URB,2034,0.0
RE1,DEMRESELCAIR_POR_MID_URB,2035,0.0
RE1,DEMRESELCAIR_POR_MID_URB,2036,0.0
RE1,DEMRESELCAIR_POR_MID_URB,2037,0.0
RE1,DEMRESELCAIR_POR_MID_URB,2038,0.0
RE1,DEMRESELCAIR_POR_MID_URB,2039,0.0
RE1,DEMRESELCAIR_POR_MID_URB,2040,0.0
RE1,DEMRESELCAIR_POR_MID_URB,2041,0.0
RE1,DEMRESELCAIR_POR_MID_URB,2042,0.0
RE1,DEMRESELCAIR_POR_MID_URB,2043,0.0
RE1,DEMRESELCAIR_POR_MID_URB,2044,0.0
RE1,DEMRESELCAIR_POR_MID_URB,2045,0.0
RE1,DEMRESELCAIR_POR_MID_URB,2046,0.0
RE1,DEMRESELCAIR_POR_MID_URB,2047,0.0
RE1,DEMRESELCAIR_POR_MID_URB,2048,0.0
RE1,DEMRESELCAIR_POR_MID_URB,2049,0.0
RE1,DEMRESELCAIR_POR_MID_URB,2050,0.0
RE1,DEMRESELCAIR_POR_MID_URB,2051,0.0
RE1,DEMRESELCAIR_POR_MID_URB,2052,0.0
RE1,DEMRESELCAIR_POR_MID_URB,2053,0.0
RE1,DEMRESELCAIR_POR_MID_URB,2054,0.0
RE1,DEMRESELCAIR_POR_MID_URB,2055,0.0
RE1,DEMRESELCAIR_SPL_HIG_RUR,2022,0.0
RE1,DEMRESELCAIR_SPL_HIG_RUR,2023,0.0
RE1,DEMRESELCAIR_SPL_HIG_RUR,2024,0.0
RE1,DEMRESELCAIR_SPL_HIG_RUR,2025,0.0
RE1,DEMRESELCAIR_SPL_HIG_RUR,2026,0.0
RE1,DEMRESELCAIR_SPL_HIG_RUR,2027,0.0
RE1,DEMRESELCAIR_SPL_HIG_RUR,2028,0.0
RE1,DEMRESELCAIR_SPL_HIG_RUR,2029,0.0
RE1,DEMRESELCAIR_SPL_HIG_RUR,2030,0.0
RE1,DEMRESELCAIR_SPL_HIG_RUR,2031,0.0
RE1,DEMRESELCAIR_SPL_HIG_RUR,2032,0.0
RE1,DEMRESELCAIR_SPL_HIG_RUR,2033,0.0
RE1,DEMRESELCAIR_SPL_HIG_RUR,2034,0.0
RE1,DEMRESELCAIR_SPL_HIG_RUR,2035,0.0
RE1,DEMRESELCAIR_SPL_HIG_RUR,2036,0.0
RE1,DEMRESELCAIR_SPL_HIG_RUR,2037,0.0
RE1,DEMRESELCAIR_SPL_HIG_RUR,2038,0.0
RE1,DEMRESELCAIR_SPL_HIG_RUR,2039,0.0
RE1,DEMRESELCAIR_SPL_HIG_RUR,2040,0.0
RE1,DEMRESELCAIR_SPL_HIG_RUR,2041,0.0
RE1,DEMRESELCAIR_SPL_HIG_RUR,2042,0.0
RE1,DEMRESELCAIR_SPL_HIG_RUR,2043,0.0
RE1,DEMRESELCAIR_SPL_HIG_RUR,2044,0.0
RE1,DEMRESELCAIR_SPL_HIG_RUR,2045,0.0
RE1,DEMRESELCAIR_SPL_HIG_RUR,2046,0.0
RE1,DEMRESELCAIR_SPL_HIG_RUR,2047,0.0
RE1,DEMRESELCAIR_SPL_HIG_RUR,2048,0.0
RE1,DEMRESELCAIR_SPL_HIG_RUR,2049,0.0
RE1,DEMRESELCAIR_SPL_HIG_RUR,2050,0.0
RE1,DEMRESELCAIR_SPL_HIG_RUR,2051,0.0
RE1,DEMRESELCAIR_SPL_HIG_RUR,2052,0.0
RE1,DEMRESELCAIR_SPL_HIG_RUR,2053,0.0
RE1,DEMRESELCAIR_SPL_HIG_RUR,2054,0.0
RE1,DEMRESELCAIR_SPL_HIG_RUR,2055,0.0
RE1,DEMRESELCAIR_SPL_HIG_URB,2022,0.0
RE1,DEMRESELCAIR_SPL_HIG_URB,2023,0.0
RE1,DEMRESELCAIR_SPL_HIG_URB,2024,0.0
RE1,DEMRESELCAIR_SPL_HIG_URB,2025,0.0
RE1,DEMRESELCAIR_SPL_HIG_URB,2026,0.0
RE1,DEMRESELCAIR_SPL_HIG_URB,2027,0.0
RE1,DEMRESELCAIR_SPL_HIG_URB,2028,0.0
RE1,DEMRESELCAIR_SPL_HIG_URB,2029,0.0
RE1,DEMRESELCAIR_SPL_HIG_URB,2030,0.0
RE1,DEMRESELCAIR_SPL_HIG_URB,2031,0.0
RE1,DEMRESELCAIR_SPL_HIG_URB,2032,0.0
RE1,DEMRESELCAIR_SPL_HIG_URB,2033,0.0
RE1,DEMRESELCAIR_SPL_HIG_URB,2034,0.0
RE1,DEMRESELCAIR_SPL_HIG_URB,2035,0.0
RE1,DEMRESELCAIR_SPL_HIG_URB,2036,0.0
RE1,DEMRESELCAIR_SPL_HIG_URB,2037,0.0
RE1,DEMRESELCAIR_SPL_HIG_URB,2038,0.0
RE1,DEMRESELCAIR_SPL_HIG_URB,2039,0.0
RE1,DEMRESELCAIR_SPL_HIG_URB,2040,0.0
RE1,DEMRESELCAIR_SPL_HIG_URB,2041,0.0
RE1,DEMRESELCAIR_SPL_HIG_URB,2042,0.0
RE1,DEMRESELCAIR_SPL_HIG_URB,2043,0.0
RE1,DEMRESELCAIR_SPL_HIG_URB,2044,0.0
RE1,DEMRESELCAIR_SPL_HIG_URB,2045,0.0
RE1,DEMRESELCAIR_SPL_HIG_URB,2046,0.0
RE1,DEMRESELCAIR_SPL_HIG_URB,2047,0.0
RE1,DEMRESELCAIR_SPL_HIG_URB,2048,0.0
RE1,DEMRESELCAIR_SPL_HIG_URB,2049,0.0
RE1,DEMRESELCAIR_SPL_HIG_URB,2050,0.0
RE1,DEMRESELCAIR_SPL_HIG_URB,2051,0.0
RE1,DEMRESELCAIR_SPL_HIG_URB,2052,0.0
RE1,DEMRESELCAIR_SPL_HIG_URB,2053,0.0
RE1,DEMRESELCAIR_SPL_HIG_URB,2054,0.0
RE1,DEMRESELCAIR_SPL_HIG_URB,2055,0.0
RE1,DEMRESELCAIR_SPL_LOW_RUR,2022,0.0360956622410923
RE1,DEMRESELCAIR_SPL_LOW_RUR,2023,0.0417042266014756
RE1,DEMRESELCAIR_SPL_LOW_RUR,2024,0.0452925035289682
RE1,DEMRESELCAIR_SPL_LOW_RUR,2025,0.0451064976162744
RE1,DEMRESELCAIR_SPL_LOW_RUR,2026,0.0447272466049269
RE1,DEMRESELCAIR_SPL_LOW_RUR,2027,0.0438989996929131
RE1,DEMRESELCAIR_SPL_LOW_RUR,2028,0.0423343143123336
RE1,DEMRESELCAIR_SPL_LOW_RUR,2029,0.0397040934116948
RE1,DEMRESELCAIR_SPL_LOW_RUR,2030,0.0357245042285794
RE1,DEMRESELCAIR_SPL_LOW_RUR,2031,0.030303522557058
RE1,DEMRESELCAIR_SPL_LOW_RUR,2032,0.023710397980374
RE1,DEMRESELCAIR_SPL_LOW_RUR,2033,0.0166621808874924
RE1,DEMRESELCAIR_SPL_LOW_RUR,2034,0.0101858371460426
RE1,DEMRESELCAIR_SPL_LOW_RUR,2035,0.0052160869839771
RE1,DEMRESELCAIR_SPL_LOW_RUR,2036,0.002141237046819
RE1,DEMRESELCAIR_SPL_LOW_RUR,2037,0.0006697503581778
RE1,DEMRESELCAIR_SPL_LOW_RUR,2038,0.0001506275110623
RE1,DEMRESELCAIR_SPL_LOW_RUR,2039,2.280880881236069e-05
RE1,DEMRESELCAIR_SPL_LOW_RUR,2040,2.159788436515412e-06
RE1,DEMRESELCAIR_SPL_LOW_RUR,2041,1.177507128988196e-07
RE1,DEMRESELCAIR_SPL_LOW_RUR,2042,3.372202710864196e-09
RE1,DEMRESELCAIR_SPL_LOW_RUR,2043,4.5838127293628527e-11
RE1,DEMRESELCAIR_SPL_LOW_RUR,2044,2.645270923666285e-13
RE1,DEMRESELCAIR_SPL_LOW_RUR,2045,5.735917628237862e-16
RE1,DEMRESELCAIR_SPL_LOW_RUR,2046,4.090414785479633e-19
RE1,DEMRESELCAIR_SPL_LOW_RUR,2047,8.300020649719923e-23
RE1,DEMRESELCAIR_SPL_LOW_RUR,2048,4.096548144564899e-27
RE1,DEMRESELCAIR_SPL_LOW_RUR,2049,4.151626466548641e-32
RE1,DEMRESELCAIR_SPL_LOW_RUR,2050,7.198784517062269e-38
RE1,DEMRESELCAIR_SPL_LOW_RUR,2051,1.755722312887034e-44
RE1,DEMRESELCAIR_SPL_LOW_RUR,2052,4.882581924136612e-52
RE1,DEMRESELCAIR_SPL_LOW_RUR,2053,1.23708178760064e-60
RE1,DEMRESELCAIR_SPL_LOW_RUR,2054,2.247853086429726e-70
RE1,DEMRESELCAIR_SPL_LOW_RUR,2055,2.247853086429726e-70
RE1,DEMRESELCAIR_SPL_LOW_URB,2022,0.9020432629573164
RE1,DEMRESELCAIR_SPL_LOW_URB,2023,1.007176368356185
RE1,DEMRESELCAIR_SPL_LOW_URB,2024,1.104086801798992
RE1,DEMRESELCAIR_SPL_LOW_URB,2025,1.099552570805766
RE1,DEMRESELCAIR_SPL_LOW_URB,2026,1.090307640550809
RE1,DEMRESELCAIR_SPL_LOW_URB,2027,1.070117622050279
RE1,DEMRESELCAIR_SPL_LOW_URB,2028,1.031975582130565
RE1,DEMRESELCAIR_SPL_LOW_URB,2029,0.9678591841409118
RE1,DEMRESELCAIR_SPL_LOW_URB,2030,0.870849490453975
RE1,DEMRESELCAIR_SPL_LOW_URB,2031,0.7387032443871616
RE1,DEMRESELCAIR_SPL_LOW_URB,2032,0.5779838921641683
RE1,DEMRESELCAIR_SPL_LOW_URB,2033,0.4061708356505781
RE1,DEMRESELCAIR_SPL_LOW_URB,2034,0.2482982277856835
RE1,DEMRESELCAIR_SPL_LOW_URB,2035,0.1271515669775525
RE1,DEMRESELCAIR_SPL_LOW_URB,2036,0.0521965309646419
RE1,DEMRESELCAIR_SPL_LOW_URB,2037,0.0163263779510741
RE1,DEMRESELCAIR_SPL_LOW_URB,2038,0.0036718183803955
RE1,DEMRESELCAIR_SPL_LOW_URB,2039,0.000556006023345
RE1,DEMRESELCAIR_SPL_LOW_URB,2040,5.264875468651457e-05
RE1,DEMRESELCAIR_SPL_LOW_URB,2041,2.870386882695916e-06
RE1,DEMRESELCAIR_SPL_LOW_URB,2042,8.220354840121936e-08
RE1,DEMRESELCAIR_SPL_LOW_URB,2043,1.117387369230068e-09
RE1,DEMRESELCAIR_SPL_LOW_URB,2044,6.448326955772286e-12
RE1,DEMRESELCAIR_SPL_LOW_URB,2045,1.3982338038552361e-14
RE1,DEMRESELCAIR_SPL_LOW_URB,2046,9.971126845843387e-18
RE1,DEMRESELCAIR_SPL_LOW_URB,2047,2.023280353260616e-21
RE1,DEMRESELCAIR_SPL_LOW_URB,2048,9.986078019413212e-26
RE1,DEMRESELCAIR_SPL_LOW_URB,2049,1.0120341404365191e-30
RE1,DEMRESELCAIR_SPL_LOW_URB,2050,1.754834101674228e-36
RE1,DEMRESELCAIR_SPL_LOW_URB,2051,4.279891112759454e-43
RE1,DEMRESELCAIR_SPL_LOW_URB,2052,1.190217771400891e-50
RE1,DEMRESELCAIR_SPL_LOW_URB,2053,3.0156109025022224e-59
RE1,DEMRESELCAIR_SPL_LOW_URB,2054,5.479549002017207e-69
RE1,DEMRESELCAIR_SPL_LOW_URB,2055,5.479549002017207e-69
RE1,DEMRESELCAIR_SPL_MID_RUR,2022,0.0002487333593117
RE1,DEMRESELCAIR_SPL_MID_RUR,2023,0.0003938174175147
RE1,DEMRESELCAIR_SPL_MID_RUR,2024,0.0010250039831884
RE1,DEMRESELCAIR_SPL_MID_RUR,2025,0.0010207945271735
RE1,DEMRESELCAIR_SPL_MID_RUR,2026,0.0010122117868309
RE1,DEMRESELCAIR_SPL_MID_RUR,2027,0.0009934679259768
RE1,DEMRESELCAIR_SPL_MID_RUR,2028,0.000958057899536
RE1,DEMRESELCAIR_SPL_MID_RUR,2029,0.0008985339896224
RE1,DEMRESELCAIR_SPL_MID_RUR,2030,0.0008084728438185
RE1,DEMRESELCAIR_SPL_MID_RUR,2031,0.0006857918839871
RE1,DEMRESELCAIR_SPL_MID_RUR,2032,0.0005365844340514
RE1,DEMRESELCAIR_SPL_MID_RUR,2033,0.0003770778925338
RE1,DEMRESELCAIR_SPL_MID_RUR,2034,0.0002305132821842
RE1,DEMRESELCAIR_SPL_MID_RUR,2035,0.0001180440364002
RE1,DEMRESELCAIR_SPL_MID_RUR,2036,4.845783144966645e-05
RE1,DEMRESELCAIR_SPL_MID_RUR,2037,1.515696266237735e-05
RE1,DEMRESELCAIR_SPL_MID_RUR,2038,3.408815737419886e-06
RE1,DEMRESELCAIR_SPL_MID_RUR,2039,5.161807818704591e-07
RE1,DEMRESELCAIR_SPL_MID_RUR,2040,4.8877663581937685e-08
RE1,DEMRESELCAIR_SPL_MID_RUR,2041,2.664788659063072e-09
RE1,DEMRESELCAIR_SPL_MID_RUR,2042,7.631552556029359e-11
RE1,DEMRESELCAIR_SPL_MID_RUR,2043,1.037351866138683e-12
RE1,DEMRESELCAIR_SPL_MID_RUR,2044,5.986450344120065e-15
RE1,DEMRESELCAIR_SPL_MID_RUR,2045,1.2980820131579379e-17
RE1,DEMRESELCAIR_SPL_MID_RUR,2046,9.25692139169996e-21
RE1,DEMRESELCAIR_SPL_MID_RUR,2047,1.878358130737456e-24
RE1,DEMRESELCAIR_SPL_MID_RUR,2048,9.270801652235134e-29
RE1,DEMRESELCAIR_SPL_MID_RUR,2049,9.395448105890677e-34
RE1,DEMRESELCAIR_SPL_MID_RUR,2050,1.6291399744297147e-39
RE1,DEMRESELCAIR_SPL_MID_RUR,2051,3.973333827596944e-46
RE1,DEMRESELCAIR_SPL_MID_RUR,2052,1.104965619152191e-53
RE1,DEMRESELCAIR_SPL_MID_RUR,2053,2.799610666276235e-62
RE1,DEMRESELCAIR_SPL_MID_RUR,2054,5.087063393921843e-72
RE1,DEMRESELCAIR_SPL_MID_RUR,2055,5.087063393921843e-72
RE1,DEMRESELCAIR_SPL_MID_URB,2022,0.006215933913092
RE1,DEMRESELCAIR_SPL_MID_URB,2023,0.0095108728464925
RE1,DEMRESELCAIR_SPL_MID_URB,2024,0.0249863284529181
RE1,DEMRESELCAIR_SPL_MID_URB,2025,0.0248837153389007
RE1,DEMRESELCAIR_SPL_MID_URB,2026,0.0246744954990309
RE1,DEMRESELCAIR_SPL_MID_URB,2027,0.0242175799441101
RE1,DEMRESELCAIR_SPL_MID_URB,2028,0.0233543964192773
RE1,DEMRESELCAIR_SPL_MID_URB,2029,0.0219033933126581
RE1,DEMRESELCAIR_SPL_MID_URB,2030,0.0197079897758807
RE1,DEMRESELCAIR_SPL_MID_URB,2031,0.0167174191951388
RE1,DEMRESELCAIR_SPL_MID_URB,2032,0.0130802173765493
RE1,DEMRESELCAIR_SPL_MID_URB,2033,0.0091919565481856
RE1,DEMRESELCAIR_SPL_MID_URB,2034,0.0056191787308948
RE1,DEMRESELCAIR_SPL_MID_URB,2035,0.0028775371742762
RE1,DEMRESELCAIR_SPL_MID_URB,2036,0.0011812474025234
RE1,DEMRESELCAIR_SPL_MID_URB,2037,0.0003694784153449
RE1,DEMRESELCAIR_SPL_MID_URB,2038,8.309605723258032e-05
RE1,DEMRESELCAIR_SPL_MID_URB,2039,1.258284140202042e-05
RE1,DEMRESELCAIR_SPL_MID_URB,2040,1.191481571096494e-06
RE1,DEMRESELCAIR_SPL_MID_URB,2041,6.495904970617089e-08
RE1,DEMRESELCAIR_SPL_MID_URB,2042,1.860329148941463e-09
RE1,DEMRESELCAIR_SPL_MID_URB,2043,2.5287330462815857e-11
RE1,DEMRESELCAIR_SPL_MID_URB,2044,1.459305690695733e-13
RE1,DEMRESELCAIR_SPL_MID_URB,2045,3.164309999917974e-16
RE1,DEMRESELCAIR_SPL_MID_URB,2046,2.2565422393420733e-19
RE1,DEMRESELCAIR_SPL_MID_URB,2047,4.578838129079441e-23
RE1,DEMRESELCAIR_SPL_MID_URB,2048,2.2599258042299388e-27
RE1,DEMRESELCAIR_SPL_MID_URB,2049,2.29031063475363e-32
RE1,DEMRESELCAIR_SPL_MID_URB,2050,3.971323737714282e-38
RE1,DEMRESELCAIR_SPL_MID_URB,2051,9.685720806723501e-45
RE1,DEMRESELCAIR_SPL_MID_URB,2052,2.6935538146336042e-52
RE1,DEMRESELCAIR_SPL_MID_URB,2053,6.824558030523341e-61
RE1,DEMRESELCAIR_SPL_MID_URB,2054,1.240063832981023e-70
RE1,DEMRESELCAIR_SPL_MID_URB,2055,1.240063832981023e-70
RE1,DEMRESELCCKN_HIG_RUR,2022,0.0
RE1,DEMRESELCCKN_HIG_RUR,2023,0.0
RE1,DEMRESELCCKN_HIG_RUR,2024,0.0
RE1,DEMRESELCCKN_HIG_RUR,2025,0.0
RE1,DEMRESELCCKN_HIG_RUR,2026,0.0
RE1,DEMRESELCCKN_HIG_RUR,2027,0.0
RE1,DEMRESELCCKN_HIG_RUR,2028,0.0
RE1,DEMRESELCCKN_HIG_RUR,2029,0.0
RE1,DEMRESELCCKN_HIG_RUR,2030,0.0
RE1,DEMRESELCCKN_HIG_RUR,2031,0.0
RE1,DEMRESELCCKN_HIG_RUR,2032,0.0
RE1,DEMRESELCCKN_HIG_RUR,2033,0.0
RE1,DEMRESELCCKN_HIG_RUR,2034,0.0
RE1,DEMRESELCCKN_HIG_RUR,2035,0.0
RE1,DEMRESELCCKN_HIG_RUR,2036,0.0
RE1,DEMRESELCCKN_HIG_RUR,2037,0.0
RE1,DEMRESELCCKN_HIG_RUR,2038,0.0
RE1,DEMRESELCCKN_HIG_RUR,2039,0.0
RE1,DEMRESELCCKN_HIG_RUR,2040,0.0
RE1,DEMRESELCCKN_HIG_RUR,2041,0.0
RE1,DEMRESELCCKN_HIG_RUR,2042,0.0
RE1,DEMRESELCCKN_HIG_RUR,2043,0.0
RE1,DEMRESELCCKN_HIG_RUR,2044,0.0
RE1,DEMRESELCCKN_HIG_RUR,2045,0.0
RE1,DEMRESELCCKN_HIG_RUR,2046,0.0
RE1,DEMRESELCCKN_HIG_RUR,2047,0.0
RE1,DEMRESELCCKN_HIG_RUR,2048,0.0
RE1,DEMRESELCCKN_HIG_RUR,2049,0.0
RE1,DEMRESELCCKN_HIG_RUR,2050,0.0
RE1,DEMRESELCCKN_HIG_RUR,2051,0.0
RE1,DEMRESELCCKN_HIG_RUR,2052,0.0
RE1,DEMRESELCCKN_HIG_RUR,2053,0.0
RE1,DEMRESELCCKN_HIG_RUR,2054,0.0
RE1,DEMRESELCCKN_HIG_RUR,2055,0.0
RE1,DEMRESELCCKN_HIG_URB,2022,0.0
RE1,DEMRESELCCKN_HIG_URB,2023,0.0
RE1,DEMRESELCCKN_HIG_URB,2024,0.0
RE1,DEMRESELCCKN_HIG_URB,2025,0.0
RE1,DEMRESELCCKN_HIG_URB,2026,0.0
RE1,DEMRESELCCKN_HIG_URB,2027,0.0
RE1,DEMRESELCCKN_HIG_URB,2028,0.0
RE1,DEMRESELCCKN_HIG_URB,2029,0.0
RE1,DEMRESELCCKN_HIG_URB,2030,0.0
RE1,DEMRESELCCKN_HIG_URB,2031,0.0
RE1,DEMRESELCCKN_HIG_URB,2032,0.0
RE1,DEMRESELCCKN_HIG_URB,2033,0.0
RE1,DEMRESELCCKN_HIG_URB,2034,0.0
RE1,DEMRESELCCKN_HIG_URB,2035,0.0
RE1,DEMRESELCCKN_HIG_URB,2036,0.0
RE1,DEMRESELCCKN_HIG_URB,2037,0.0
RE1,DEMRESELCCKN_HIG_URB,2038,0.0
RE1,DEMRESELCCKN_HIG_URB,2039,0.0
RE1,DEMRESELCCKN_HIG_URB,2040,0.0
RE1,DEMRESELCCKN_HIG_URB,2041,0.0
RE1,DEMRESELCCKN_HIG_URB,2042,0.0
RE1,DEMRESELCCKN_HIG_URB,2043,0.0
RE1,DEMRESELCCKN_HIG_URB,2044,0.0
RE1,DEMRESELCCKN_HIG_URB,2045,0.0
RE1,DEMRESELCCKN_HIG_URB,2046,0.0
RE1,DEMRESELCCKN_HIG_URB,2047,0.0
RE1,DEMRESELCCKN_HIG_URB,2048,0.0
RE1,DEMRESELCCKN_HIG_URB,2049,0.0
RE1,DEMRESELCCKN_HIG_URB,2050,0.0
RE1,DEMRESELCCKN_HIG_URB,2051,0.0
RE1,DEMRESELCCKN_HIG_URB,2052,0.0
RE1,DEMRESELCCKN_HIG_URB,2053,0.0
RE1,DEMRESELCCKN_HIG_URB,2054,0.0
RE1,DEMRESELCCKN_HIG_URB,2055,0.0
RE1,DEMRESELCCKN_LOW_RUR,2022,0.712009577386773
RE1,DEMRESELCCKN_LOW_RUR,2023,0.8220715935751104
RE1,DEMRESELCCKN_LOW_RUR,2024,0.8826576685226799
RE1,DEMRESELCCKN_LOW_RUR,2025,0.8421453940390937
RE1,DEMRESELCCKN_LOW_RUR,2026,0.8215097343400206
RE1,DEMRESELCCKN_LOW_RUR,2027,0.7974525986750284
RE1,DEMRESELCCKN_LOW_RUR,2028,0.7703753044545438
RE1,DEMRESELCCKN_LOW_RUR,2029,0.7406914322423341
RE1,DEMRESELCCKN_LOW_RUR,2030,0.7088220703509288
RE1,DEMRESELCCKN_LOW_RUR,2031,0.6751899565753819
RE1,DEMRESELCCKN_LOW_RUR,2032,0.6402132653523557
RE1,DEMRESELCCKN_LOW_RUR,2033,0.6042994864683824
RE1,DEMRESELCCKN_LOW_RUR,2034,0.5678396886244372
RE1,DEMRESELCCKN_LOW_RUR,2035,0.5312033694370725
RE1,DEMRESELCCKN_LOW_RUR,2036,0.494734029499979
RE1,DEMRESELCCKN_LOW_RUR,2037,0.4587455583377002
RE1,DEMRESELCCKN_LOW_RUR,2038,0.4235194787017296
RE1,DEMRESELCCKN_LOW_RUR,2039,0.3893030602891532
RE1,DEMRESELCCKN_LOW_RUR,2040,0.3563082836838964
RE1,DEMRESELCCKN_LOW_RUR,2041,0.3247116098418117
RE1,DEMRESELCCKN_LOW_RUR,2042,0.2946544897045012
RE1,DEMRESELCCKN_LOW_RUR,2043,0.2662445325063501
RE1,DEMRESELCCKN_LOW_RUR,2044,0.2395572399453198
RE1,DEMRESELCCKN_LOW_RUR,2045,0.214638206428093
RE1,DEMRESELCCKN_LOW_RUR,2046,0.1915056827694337
RE1,DEMRESELCCKN_LOW_RUR,2047,0.1701534016161963
RE1,DEMRESELCCKN_LOW_RUR,2048,0.1505535669866565
RE1,DEMRESELCCKN_LOW_RUR,2049,0.1326599171153661
RE1,DEMRESELCCKN_LOW_RUR,2050,0.1164107786903948
RE1,DEMRESELCCKN_LOW_RUR,2051,0.1017320409762374
RE1,DEMRESELCCKN_LOW_RUR,2052,0.0885399896634236
RE1,DEMRESELCCKN_LOW_RUR,2053,0.0767439520463647
RE1,DEMRESELCCKN_LOW_RUR,2054,0.0662487168318975
RE1,DEMRESELCCKN_LOW_RUR,2055,0.0662487168318975
RE1,DEMRESELCCKN_LOW_URB,2022,3.350865412097228
RE1,DEMRESELCCKN_LOW_URB,2023,3.529988961337092
RE1,DEMRESELCCKN_LOW_URB,2024,3.672724889405278
RE1,DEMRESELCCKN_LOW_URB,2025,3.504153942674233
RE1,DEMRESELCCKN_LOW_URB,2026,3.41828928224146
RE1,DEMRESELCCKN_LOW_URB,2027,3.318187913301338
RE1,DEMRESELCCKN_LOW_URB,2028,3.205519711383634
RE1,DEMRESELCCKN_LOW_URB,2029,3.082005578809249
RE1,DEMRESELCCKN_LOW_URB,2030,2.949397657525414
RE1,DEMRESELCCKN_LOW_URB,2031,2.809454952950603
RE1,DEMRESELCCKN_LOW_URB,2032,2.663917482439689
RE1,DEMRESELCCKN_LOW_URB,2033,2.514480804683824
RE1,DEMRESELCCKN_LOW_URB,2034,2.362772150491464
RE1,DEMRESELCCKN_LOW_URB,2035,2.21032899372284
RE1,DEMRESELCCKN_LOW_URB,2036,2.058580635028664
RE1,DEMRESELCCKN_LOW_URB,2037,1.908833163859495
RE1,DEMRESELCCKN_LOW_URB,2038,1.762257992024485
RE1,DEMRESELCCKN_LOW_URB,2039,1.619884004903853
RE1,DEMRESELCCKN_LOW_URB,2040,1.482593250424468
RE1,DEMRESELCCKN_LOW_URB,2041,1.351119979890861
RE1,DEMRESELCCKN_LOW_URB,2042,1.226052768480452
RE1,DEMRESELCCKN_LOW_URB,2043,1.107839376551022
RE1,DEMRESELCCKN_LOW_URB,2044,0.9967939654985292
RE1,DEMRESELCCKN_LOW_URB,2045,0.8931062529430792
RE1,DEMRESELCCKN_LOW_URB,2046,0.7968521802422638
RE1,DEMRESELCCKN_LOW_URB,2047,0.7080056690367029
RE1,DEMRESELCCKN_LOW_URB,2048,0.6264510606769064
RE1,DEMRESELCCKN_LOW_URB,2049,0.5519958606732788
RE1,DEMRESELCCKN_LOW_URB,2050,0.4843834473299845
RE1,DEMRESELCCKN_LOW_URB,2051,0.4233054470243062
RE1,DEMRESELCCKN_LOW_URB,2052,0.3684135258109825
RE1,DEMRESELCCKN_LOW_URB,2053,0.3193303959662666
RE1,DEMRESELCCKN_LOW_URB,2054,0.2756598847737997
RE1,DEMRESELCCKN_LOW_URB,2055,0.2756598847737997
RE1,DEMRESELCCKN_MID_RUR,2022,0.004906421521308
RE1,DEMRESELCCKN_MID_RUR,2023,0.0077629089034
RE1,DEMRESELCCKN_MID_RUR,2024,0.0199752178735035
RE1,DEMRESELCCKN_MID_RUR,2025,0.0987140635893398
RE1,DEMRESELCCKN_MID_RUR,2026,0.0987140635893398
RE1,DEMRESELCCKN_MID_RUR,2027,0.0987140635893398
RE1,DEMRESELCCKN_MID_RUR,2028,0.0987140635893398
RE1,DEMRESELCCKN_MID_RUR,2029,0.0987140635893398
RE1,DEMRESELCCKN_MID_RUR,2030,0.0987140635893398
RE1,DEMRESELCCKN_MID_RUR,2031,0.0152800649329521
RE1,DEMRESELCCKN_MID_RUR,2032,0.0144885156691887
RE1,DEMRESELCCKN_MID_RUR,2033,0.0136757593952089
RE1,DEMRESELCCKN_MID_RUR,2034,0.0128506462947068
RE1,DEMRESELCCKN_MID_RUR,2035,0.012021538381244
RE1,DEMRESELCCKN_MID_RUR,2036,0.0111962093358785
RE1,DEMRESELCCKN_MID_RUR,2037,0.0103817627185348
RE1,DEMRESELCCKN_MID_RUR,2038,0.0095845696043169
RE1,DEMRESELCCKN_MID_RUR,2039,0.0088102258955196
RE1,DEMRESELCCKN_MID_RUR,2040,0.0080635288748268
RE1,DEMRESELCCKN_MID_RUR,2041,0.0073484719885823
RE1,DEMRESELCCKN_MID_RUR,2042,0.0066682563797407
RE1,DEMRESELCCKN_MID_RUR,2043,0.0060253173275487
RE1,DEMRESELCCKN_MID_RUR,2044,0.0054213634931558
RE1,DEMRESELCCKN_MID_RUR,2045,0.0048574267128445
RE1,DEMRESELCCKN_MID_RUR,2046,0.0043339200165066
RE1,DEMRESELCCKN_MID_RUR,2047,0.0038507015691485
RE1,DEMRESELCCKN_MID_RUR,2048,0.0034071423264525
RE1,DEMRESELCCKN_MID_RUR,2049,0.0030021953492972
RE1,DEMRESELCCKN_MID_RUR,2050,0.0026344649234813
RE1,DEMRESELCCKN_MID_RUR,2051,0.0023022738663991
RE1,DEMRESELCCKN_MID_RUR,2052,0.0020037276592235
RE1,DEMRESELCCKN_MID_RUR,2053,0.0017367743093034
RE1,DEMRESELCCKN_MID_RUR,2054,0.0014992591122808
RE1,DEMRESELCCKN_MID_RUR,2055,0.0014992591122808
RE1,DEMRESELCCKN_MID_URB,2022,0.0230906418889221
RE1,DEMRESELCCKN_MID_URB,2023,0.033334058676927
RE1,DEMRESELCCKN_MID_URB,2024,0.0831165722245404
RE1,DEMRESELCCKN_MID_URB,2025,0.0793016828193067
RE1,DEMRESELCCKN_MID_URB,2026,0.0773584999059925
RE1,DEMRESELCCKN_MID_URB,2027,0.075093129394499
RE1,DEMRESELCCKN_MID_URB,2028,0.0725433618447661
RE1,DEMRESELCCKN_MID_URB,2029,0.0697481425920295
RE1,DEMRESELCCKN_MID_URB,2030,0.0667471239481532
RE1,DEMRESELCCKN_MID_URB,2031,0.0635801135506025
RE1,DEMRESELCCKN_MID_URB,2032,0.0602864893224463
RE1,DEMRESELCCKN_MID_URB,2033,0.0569046230532028
RE1,DEMRESELCCKN_MID_URB,2034,0.0534713402201647
RE1,DEMRESELCCKN_MID_URB,2035,0.0500214350322626
RE1,DEMRESELCCKN_MID_URB,2036,0.0465872536559923
RE1,DEMRESELCCKN_MID_URB,2037,0.0431983538941891
RE1,DEMRESELCCKN_MID_URB,2038,0.0398812456916953
RE1,DEMRESELCCKN_MID_URB,2039,0.0366592135112986
RE1,DEMRESELCCKN_MID_URB,2040,0.0335522187719526
RE1,DEMRESELCCKN_MID_URB,2041,0.0305768781420497
RE1,DEMRESELCCKN_MID_URB,2042,0.0277465115278494
RE1,DEMRESELCCKN_MID_URB,2043,0.025071252088583
RE1,DEMRESELCCKN_MID_URB,2044,0.0225582095368325
RE1,DEMRESELCCKN_MID_URB,2045,0.0202116773273895
RE1,DEMRESELCCKN_MID_URB,2046,0.0180333740712371
RE1,DEMRESELCCKN_MID_URB,2047,0.0160227095951644
RE1,DEMRESELCCKN_MID_URB,2048,0.0141770664555066
RE1,DEMRESELCCKN_MID_URB,2049,0.0124920883547929
RE1,DEMRESELCCKN_MID_URB,2050,0.0109619677478467
RE1,DEMRESELCCKN_MID_URB,2051,0.0095797259038191
RE1,DEMRESELCCKN_MID_URB,2052,0.0083374797592107
RE1,DEMRESELCCKN_MID_URB,2053,0.0072266910043782
RE1,DEMRESELCCKN_MID_URB,2054,0.006238393947857
RE1,DEMRESELCCKN_MID_URB,2055,0.006238393947857
RE1,DEMRESELCFAN_HIG_RUR,2022,0.0
RE1,DEMRESELCFAN_HIG_RUR,2023,0.0
RE1,DEMRESELCFAN_HIG_RUR,2024,0.0
RE1,DEMRESELCFAN_HIG_RUR,2025,0.0
RE1,DEMRESELCFAN_HIG_RUR,2026,0.0
RE1,DEMRESELCFAN_HIG_RUR,2027,0.0
RE1,DEMRESELCFAN_HIG_RUR,2028,0.0194097273512897
RE1,DEMRESELCFAN_HIG_RUR,2029,0.0815155700801535
RE1,DEMRESELCFAN_HIG_RUR,2030,0.085978855895076
RE1,DEMRESELCFAN_HIG_RUR,2031,0.0905811792984298
RE1,DEMRESELCFAN_HIG_RUR,2032,0.0953016722183676
RE1,DEMRESELCFAN_HIG_RUR,2033,0.1001391115199204
RE1,DEMRESELCFAN_HIG_RUR,2034,0.1050937403288269
RE1,DEMRESELCFAN_HIG_RUR,2035,0.1101682456172601
RE1,DEMRESELCFAN_HIG_RUR,2036,0.1153717489809861
RE1,DEMRESELCFAN_HIG_RUR,2037,0.1206903701951139
RE1,DEMRESELCFAN_HIG_RUR,2038,0.1261336809110558
RE1,DEMRESELCFAN_HIG_RUR,2039,0.1317025730216048
RE1,DEMRESELCFAN_HIG_RUR,2040,0.1373969454863186
RE1,DEMRESELCFAN_HIG_RUR,2041,0.1432221761545494
RE1,DEMRESELCFAN_HIG_RUR,2042,0.1491739785386229
RE1,DEMRESELCFAN_HIG_RUR,2043,0.1552527273034298
RE1,DEMRESELCFAN_HIG_RUR,2044,0.1614540121414121
RE1,DEMRESELCFAN_HIG_RUR,2045,0.1677819959742337
RE1,DEMRESELCFAN_HIG_RUR,2046,0.174231756684108
RE1,DEMRESELCFAN_HIG_RUR,2047,0.1807988167041269
RE1,DEMRESELCFAN_HIG_RUR,2048,0.1874727673178002
RE1,DEMRESELCFAN_HIG_RUR,2049,0.1942246964358279
RE1,DEMRESELCFAN_HIG_RUR,2050,0.2010594337427086
RE1,DEMRESELCFAN_HIG_RUR,2051,0.2041559051012103
RE1,DEMRESELCFAN_HIG_RUR,2052,0.2072198472630824
RE1,DEMRESELCFAN_HIG_RUR,2053,0.2102483378870582
RE1,DEMRESELCFAN_HIG_RUR,2054,0.2132384565964383
RE1,DEMRESELCFAN_HIG_RUR,2055,0.2132384565964383
RE1,DEMRESELCFAN_HIG_URB,2022,0.0
RE1,DEMRESELCFAN_HIG_URB,2023,0.0
RE1,DEMRESELCFAN_HIG_URB,2024,0.0
RE1,DEMRESELCFAN_HIG_URB,2025,0.4675439660982289
RE1,DEMRESELCFAN_HIG_URB,2026,0.5685533099140998
RE1,DEMRESELCFAN_HIG_URB,2027,0.696492613867139
RE1,DEMRESELCFAN_HIG_URB,2028,0.8550501309296584
RE1,DEMRESELCFAN_HIG_URB,2029,1.180938384737806
RE1,DEMRESELCFAN_HIG_URB,2030,1.266817754867149
RE1,DEMRESELCFAN_HIG_URB,2031,1.353765658076112
RE1,DEMRESELCFAN_HIG_URB,2032,1.442590070843773
RE1,DEMRESELCFAN_HIG_URB,2033,1.533216513174029
RE1,DEMRESELCFAN_HIG_URB,2034,1.625585769780919
RE1,DEMRESELCFAN_HIG_URB,2035,1.71967572718985
RE1,DEMRESELCFAN_HIG_URB,2036,1.815414288916675
RE1,DEMRESELCFAN_HIG_URB,2037,1.912863761685749
RE1,DEMRESELCFAN_HIG_URB,2038,2.011997178917886
RE1,DEMRESELCFAN_HIG_URB,2039,2.112750508126257
RE1,DEMRESELCFAN_HIG_URB,2040,2.215166776831131
RE1,DEMRESELCFAN_HIG_URB,2041,2.319161743383667
RE1,DEMRESELCFAN_HIG_URB,2042,2.424671370064779
RE1,DEMRESELCFAN_HIG_URB,2043,2.531665526669272
RE1,DEMRESELCFAN_HIG_URB,2044,2.640045582187629
RE1,DEMRESELCFAN_HIG_URB,2045,2.749828147408211
RE1,DEMRESELCFAN_HIG_URB,2046,2.861028969049777
RE1,DEMRESELCFAN_HIG_URB,2047,2.973680424796806
RE1,DEMRESELCFAN_HIG_URB,2048,3.087761909095767
RE1,DEMRESELCFAN_HIG_URB,2049,3.202723674018647
RE1,DEMRESELCFAN_HIG_URB,2050,3.318313724022059
RE1,DEMRESELCFAN_HIG_URB,2051,3.355441130026925
RE1,DEMRESELCFAN_HIG_URB,2052,3.391636798608778
RE1,DEMRESELCFAN_HIG_URB,2053,3.42685945512084
RE1,DEMRESELCFAN_HIG_URB,2054,3.461070150014186
RE1,DEMRESELCFAN_HIG_URB,2055,3.461070150014186
RE1,DEMRESELCFAN_LOW_RUR,2022,0.0864291265282456
RE1,DEMRESELCFAN_LOW_RUR,2023,0.092879966044171
RE1,DEMRESELCFAN_LOW_RUR,2024,0.0944015722261733
RE1,DEMRESELCFAN_LOW_RUR,2025,0.0914971411884262
RE1,DEMRESELCFAN_LOW_RUR,2026,0.085814697925022
RE1,DEMRESELCFAN_LOW_RUR,2027,0.0744593277786361
RE1,DEMRESELCFAN_LOW_RUR,2028,0.0565230654220298
RE1,DEMRESELCFAN_LOW_RUR,2029,0.0347283976362702
RE1,DEMRESELCFAN_LOW_RUR,2030,0.0155727915059403
RE1,DEMRESELCFAN_LOW_RUR,2031,0.0044629050721244
RE1,DEMRESELCFAN_LOW_RUR,2032,0.0006925819236221
RE1,DEMRESELCFAN_LOW_RUR,2033,4.753959805105293e-05
RE1,DEMRESELCFAN_LOW_RUR,2034,1.132412001139079e-06
RE1,DEMRESELCFAN_LOW_RUR,2035,7.028563514210221e-09
RE1,DEMRESELCFAN_LOW_RUR,2036,8.137944878632461e-12
RE1,DEMRESELCFAN_LOW_RUR,2037,1.1955171387670302e-15
RE1,DEMRESELCFAN_LOW_RUR,2038,1.4346305864449252e-20
RE1,DEMRESELCFAN_LOW_RUR,2039,8.538291227372767e-27
RE1,DEMRESELCFAN_LOW_RUR,2040,1.4378528623565311e-34
RE1,DEMRESELCFAN_LOW_RUR,2041,3.6593902702486593e-44
RE1,DEMRESELCFAN_LOW_RUR,2042,7.012514360885557e-56
RE1,DEMRESELCFAN_LOW_RUR,2043,4.685121133935611e-70
RE1,DEMRESELCFAN_LOW_RUR,2044,4.679097257628255e-87
RE1,DEMRESELCFAN_LOW_RUR,2045,2.763249657696523e-107
RE1,DEMRESELCFAN_LOW_RUR,2046,3.508630373109136e-131
RE1,DEMRESELCFAN_LOW_RUR,2047,3.1899713083930996e-159
RE1,DEMRESELCFAN_LOW_RUR,2048,6.3107209360485445e-192
RE1,DEMRESELCFAN_LOW_RUR,2049,7.505408076811438e-230
RE1,DEMRESELCFAN_LOW_RUR,2050,1.343046841684332e-273
RE1,DEMRESELCFAN_LOW_RUR,2051,0.0
RE1,DEMRESELCFAN_LOW_RUR,2052,0.0
RE1,DEMRESELCFAN_LOW_RUR,2053,0.0
RE1,DEMRESELCFAN_LOW_RUR,2054,0.0
RE1,DEMRESELCFAN_LOW_RUR,2055,0.0
RE1,DEMRESELCFAN_LOW_URB,2022,0.3708228939874824
RE1,DEMRESELCFAN_LOW_URB,2023,0.3851071353349508
RE1,DEMRESELCFAN_LOW_URB,2024,0.3950846719830868
RE1,DEMRESELCFAN_LOW_URB,2025,0.3829291945181927
RE1,DEMRESELCFAN_LOW_URB,2026,0.3591473211887348
RE1,DEMRESELCFAN_LOW_URB,2027,0.3116234020024866
RE1,DEMRESELCFAN_LOW_URB,2028,0.2365574665243733
RE1,DEMRESELCFAN_LOW_URB,2029,0.1453435283445406
RE1,DEMRESELCFAN_LOW_URB,2030,0.0651744571504035
RE1,DEMRESELCFAN_LOW_URB,2031,0.0186779239469389
RE1,DEMRESELCFAN_LOW_URB,2032,0.0028985587386201
RE1,DEMRESELCFAN_LOW_URB,2033,0.0001989603145295
RE1,DEMRESELCFAN_LOW_URB,2034,4.739313270628987e-06
RE1,DEMRESELCFAN_LOW_URB,2035,2.941558752719727e-08
RE1,DEMRESELCFAN_LOW_URB,2036,3.405851414516507e-11
RE1,DEMRESELCFAN_LOW_URB,2037,5.003417691903381e-15
RE1,DEMRESELCFAN_LOW_URB,2038,6.004143165163815e-20
RE1,DEMRESELCFAN_LOW_URB,2039,3.573402337813351e-26
RE1,DEMRESELCFAN_LOW_URB,2040,6.0176288708735194e-34
RE1,DEMRESELCFAN_LOW_URB,2041,1.5315094552826142e-43
RE1,DEMRESELCFAN_LOW_URB,2042,2.934841942472447e-55
RE1,DEMRESELCFAN_LOW_URB,2043,1.960793133791445e-69
RE1,DEMRESELCFAN_LOW_URB,2044,1.9582720516327112e-86
RE1,DEMRESELCFAN_LOW_URB,2045,1.156461231390088e-106
RE1,DEMRESELCFAN_LOW_URB,2046,1.468414187793988e-130
RE1,DEMRESELCFAN_LOW_URB,2047,1.335050612284738e-158
RE1,DEMRESELCFAN_LOW_URB,2048,2.641130917843194e-191
RE1,DEMRESELCFAN_LOW_URB,2049,3.1411253204786347e-229
RE1,DEMRESELCFAN_LOW_URB,2050,5.620851521767968e-273
RE1,DEMRESELCFAN_LOW_URB,2051,0.0
RE1,DEMRESELCFAN_LOW_URB,2052,0.0
RE1,DEMRESELCFAN_LOW_URB,2053,0.0
RE1,DEMRESELCFAN_LOW_URB,2054,0.0
RE1,DEMRESELCFAN_LOW_URB,2055,0.0
RE1,DEMRESELCFAN_MID_RUR,2022,0.000595578683116
RE1,DEMRESELCFAN_MID_RUR,2023,0.0008770753313785
RE1,DEMRESELCFAN_MID_RUR,2024,0.0021363797540842
RE1,DEMRESELCFAN_MID_RUR,2025,0.0020706502591208
RE1,DEMRESELCFAN_MID_RUR,2026,0.001942052223565
RE1,DEMRESELCFAN_MID_RUR,2027,0.001685071515418
RE1,DEMRESELCFAN_MID_RUR,2028,0.0012791601851407
RE1,DEMRESELCFAN_MID_RUR,2029,0.0007859301900625
RE1,DEMRESELCFAN_MID_RUR,2030,0.000352424177938
RE1,DEMRESELCFAN_MID_RUR,2031,0.0001009989538907
RE1,DEMRESELCFAN_MID_RUR,2032,1.567365844422638e-05
RE1,DEMRESELCFAN_MID_RUR,2033,1.075857450236573e-06
RE1,DEMRESELCFAN_MID_RUR,2034,2.5627349369980663e-08
RE1,DEMRESELCFAN_MID_RUR,2035,1.590617660061712e-10
RE1,DEMRESELCFAN_MID_RUR,2036,1.8416791445920481e-13
RE1,DEMRESELCFAN_MID_RUR,2037,2.705546688145658e-17
RE1,DEMRESELCFAN_MID_RUR,2038,3.246678701629981e-22
RE1,DEMRESELCFAN_MID_RUR,2039,1.9322805841550669e-28
RE1,DEMRESELCFAN_MID_RUR,2040,3.253970958376652e-36
RE1,DEMRESELCFAN_MID_RUR,2041,8.281479959805947e-46
RE1,DEMRESELCFAN_MID_RUR,2042,1.586985613960736e-57
RE1,DEMRESELCFAN_MID_RUR,2043,1.06027873264566e-71
RE1,DEMRESELCFAN_MID_RUR,2044,1.058915483381833e-88
RE1,DEMRESELCFAN_MID_RUR,2045,6.2534452392801e-109
RE1,DEMRESELCFAN_MID_RUR,2046,7.940298786249802e-133
RE1,DEMRESELCFAN_MID_RUR,2047,7.219148959757794e-161
RE1,DEMRESELCFAN_MID_RUR,2048,1.428164396367119e-193
RE1,DEMRESELCFAN_MID_RUR,2049,1.698531230287609e-231
RE1,DEMRESELCFAN_MID_RUR,2050,3.039417685212812e-275
RE1,DEMRESELCFAN_MID_RUR,2051,0.0
RE1,DEMRESELCFAN_MID_RUR,2052,0.0
RE1,DEMRESELCFAN_MID_RUR,2053,0.0
RE1,DEMRESELCFAN_MID_RUR,2054,0.0
RE1,DEMRESELCFAN_MID_RUR,2055,0.0
RE1,DEMRESELCFAN_MID_URB,2022,0.0025553215650996
RE1,DEMRESELCFAN_MID_URB,2023,0.0036366073624479
RE1,DEMRESELCFAN_MID_URB,2024,0.0089410681884775
RE1,DEMRESELCFAN_MID_URB,2025,0.0086659804399916
RE1,DEMRESELCFAN_MID_URB,2026,0.0081277784641439
RE1,DEMRESELCFAN_MID_URB,2027,0.0070522758386051
RE1,DEMRESELCFAN_MID_URB,2028,0.0053534763271667
RE1,DEMRESELCFAN_MID_URB,2029,0.0032892351686528
RE1,DEMRESELCFAN_MID_URB,2030,0.0014749477943647
RE1,DEMRESELCFAN_MID_URB,2031,0.000422695699103
RE1,DEMRESELCFAN_MID_URB,2032,6.559660034449338e-05
RE1,DEMRESELCFAN_MID_URB,2033,4.502624032668683e-06
RE1,DEMRESELCFAN_MID_URB,2034,1.072542827504686e-07
RE1,DEMRESELCFAN_MID_URB,2035,6.65697235391755e-10
RE1,DEMRESELCFAN_MID_URB,2036,7.707702145002041e-13
RE1,DEMRESELCFAN_MID_URB,2037,1.132311677246187e-16
RE1,DEMRESELCFAN_MID_URB,2038,1.358783502879326e-21
RE1,DEMRESELCFAN_MID_URB,2039,8.08688269450804e-28
RE1,DEMRESELCFAN_MID_URB,2040,1.361835421186229e-35
RE1,DEMRESELCFAN_MID_URB,2041,3.465922988671677e-45
RE1,DEMRESELCFAN_MID_URB,2042,6.641771698795054e-57
RE1,DEMRESELCFAN_MID_URB,2043,4.437424773968025e-71
RE1,DEMRESELCFAN_MID_URB,2044,4.431719372293784e-88
RE1,DEMRESELCFAN_MID_URB,2045,2.617160183737042e-108
RE1,DEMRESELCFAN_MID_URB,2046,3.323133574403997e-132
RE1,DEMRESELCFAN_MID_URB,2047,3.021321606730793e-160
RE1,DEMRESELCFAN_MID_URB,2048,5.977081194418774e-193
RE1,DEMRESELCFAN_MID_URB,2049,7.10860675459336e-231
RE1,DEMRESELCFAN_MID_URB,2050,1.272041673527298e-274
RE1,DEMRESELCFAN_MID_URB,2051,0.0
RE1,DEMRESELCFAN_MID_URB,2052,0.0
RE1,DEMRESELCFAN_MID_URB,2053,0.0
RE1,DEMRESELCFAN_MID_URB,2054,0.0
RE1,DEMRESELCFAN_MID_URB,2055,0.0
RE1,DEMRESELCILU_HIG_RUR,2022,0.0
RE1,DEMRESELCILU_HIG_RUR,2023,0.0
RE1,DEMRESELCILU_HIG_RUR,2024,0.0
RE1,DEMRESELCILU_HIG_RUR,2025,0.0
RE1,DEMRESELCILU_HIG_RUR,2026,0.0
RE1,DEMRESELCILU_HIG_RUR,2027,0.0
RE1,DEMRESELCILU_HIG_RUR,2028,0.0
RE1,DEMRESELCILU_HIG_RUR,2029,0.0
RE1,DEMRESELCILU_HIG_RUR,2030,0.0
RE1,DEMRESELCILU_HIG_RUR,2031,0.0
RE1,DEMRESELCILU_HIG_RUR,2032,0.0
RE1,DEMRESELCILU_HIG_RUR,2033,0.0
RE1,DEMRESELCILU_HIG_RUR,2034,0.0
RE1,DEMRESELCILU_HIG_RUR,2035,0.0
RE1,DEMRESELCILU_HIG_RUR,2036,0.0
RE1,DEMRESELCILU_HIG_RUR,2037,0.0
RE1,DEMRESELCILU_HIG_RUR,2038,0.0
RE1,DEMRESELCILU_HIG_RUR,2039,0.0
RE1,DEMRESELCILU_HIG_RUR,2040,0.0
RE1,DEMRESELCILU_HIG_RUR,2041,0.0
RE1,DEMRESELCILU_HIG_RUR,2042,0.0
RE1,DEMRESELCILU_HIG_RUR,2043,0.0
RE1,DEMRESELCILU_HIG_RUR,2044,0.0
RE1,DEMRESELCILU_HIG_RUR,2045,0.0
RE1,DEMRESELCILU_HIG_RUR,2046,0.0
RE1,DEMRESELCILU_HIG_RUR,2047,0.0
RE1,DEMRESELCILU_HIG_RUR,2048,0.0
RE1,DEMRESELCILU_HIG_RUR,2049,0.0
RE1,DEMRESELCILU_HIG_RUR,2050,0.0
RE1,DEMRESELCILU_HIG_RUR,2051,0.0
RE1,DEMRESELCILU_HIG_RUR,2052,0.0
RE1,DEMRESELCILU_HIG_RUR,2053,0.0
RE1,DEMRESELCILU_HIG_RUR,2054,0.0
RE1,DEMRESELCILU_HIG_RUR,2055,0.0
RE1,DEMRESELCILU_HIG_URB,2022,0.0
RE1,DEMRESELCILU_HIG_URB,2023,0.0
RE1,DEMRESELCILU_HIG_URB,2024,0.0
RE1,DEMRESELCILU_HIG_URB,2025,0.0
RE1,DEMRESELCILU_HIG_URB,2026,0.0
RE1,DEMRESELCILU_HIG_URB,2027,0.0
RE1,DEMRESELCILU_HIG_URB,2028,0.0
RE1,DEMRESELCILU_HIG_URB,2029,0.0
RE1,DEMRESELCILU_HIG_URB,2030,0.0
RE1,DEMRESELCILU_HIG_URB,2031,0.0
RE1,DEMRESELCILU_HIG_URB,2032,0.0
RE1,DEMRESELCILU_HIG_URB,2033,0.0
RE1,DEMRESELCILU_HIG_URB,2034,0.0
RE1,DEMRESELCILU_HIG_URB,2035,0.0
RE1,DEMRESELCILU_HIG_URB,2036,0.0
RE1,DEMRESELCILU_HIG_URB,2037,0.0
RE1,DEMRESELCILU_HIG_URB,2038,0.0
RE1,DEMRESELCILU_HIG_URB,2039,0.0
RE1,DEMRESELCILU_HIG_URB,2040,0.0
RE1,DEMRESELCILU_HIG_URB,2041,0.0
RE1,DEMRESELCILU_HIG_URB,2042,0.0
RE1,DEMRESELCILU_HIG_URB,2043,0.0
RE1,DEMRESELCILU_HIG_URB,2044,0.0
RE1,DEMRESELCILU_HIG_URB,2045,0.0
RE1,DEMRESELCILU_HIG_URB,2046,0.0
RE1,DEMRESELCILU_HIG_URB,2047,0.0
RE1,DEMRESELCILU_HIG_URB,2048,0.0
RE1,DEMRESELCILU_HIG_URB,2049,0.0
RE1,DEMRESELCILU_HIG_URB,2050,0.0
RE1,DEMRESELCILU_HIG_URB,2051,0.0
RE1,DEMRESELCILU_HIG_URB,2052,0.0
RE1,DEMRESELCILU_HIG_URB,2053,0.0
RE1,DEMRESELCILU_HIG_URB,2054,0.0
RE1,DEMRESELCILU_HIG_URB,2055,0.0
RE1,DEMRESELCILU_INC_RUR,2022,0.023503488464003
RE1,DEMRESELCILU_INC_RUR,2023,0.0169475219956977
RE1,DEMRESELCILU_INC_RUR,2024,0.0087632840541479
RE1,DEMRESELCILU_INC_RUR,2025,0.0
RE1,DEMRESELCILU_INC_RUR,2026,0.0
RE1,DEMRESELCILU_INC_RUR,2027,0.0
RE1,DEMRESELCILU_INC_RUR,2028,0.0
RE1,DEMRESELCILU_INC_RUR,2029,0.0
RE1,DEMRESELCILU_INC_RUR,2030,0.0
RE1,DEMRESELCILU_INC_RUR,2031,0.0
RE1,DEMRESELCILU_INC_RUR,2032,0.0
RE1,DEMRESELCILU_INC_RUR,2033,0.0
RE1,DEMRESELCILU_INC_RUR,2034,0.0
RE1,DEMRESELCILU_INC_RUR,2035,0.0
RE1,DEMRESELCILU_INC_RUR,2036,0.0
RE1,DEMRESELCILU_INC_RUR,2037,0.0
RE1,DEMRESELCILU_INC_RUR,2038,0.0
RE1,DEMRESELCILU_INC_RUR,2039,0.0
RE1,DEMRESELCILU_INC_RUR,2040,0.0
RE1,DEMRESELCILU_INC_RUR,2041,0.0
RE1,DEMRESELCILU_INC_RUR,2042,0.0
RE1,DEMRESELCILU_INC_RUR,2043,0.0
RE1,DEMRESELCILU_INC_RUR,2044,0.0
RE1,DEMRESELCILU_INC_RUR,2045,0.0
RE1,DEMRESELCILU_INC_RUR,2046,0.0
RE1,DEMRESELCILU_INC_RUR,2047,0.0
RE1,DEMRESELCILU_INC_RUR,2048,0.0
RE1,DEMRESELCILU_INC_RUR,2049,0.0
RE1,DEMRESELCILU_INC_RUR,2050,0.0
RE1,DEMRESELCILU_INC_RUR,2051,0.0
RE1,DEMRESELCILU_INC_RUR,2052,0.0
RE1,DEMRESELCILU_INC_RUR,2053,0.0
RE1,DEMRESELCILU_INC_RUR,2054,0.0
RE1,DEMRESELCILU_INC_RUR,2055,0.0
RE1,DEMRESELCILU_INC_URB,2022,0.1476752032931769
RE1,DEMRESELCILU_INC_URB,2023,0.101565413378233
RE1,DEMRESELCILU_INC_URB,2024,0.0523019190033075
RE1,DEMRESELCILU_INC_URB,2025,0.0
RE1,DEMRESELCILU_INC_URB,2026,0.0
RE1,DEMRESELCILU_INC_URB,2027,0.0
RE1,DEMRESELCILU_INC_URB,2028,0.0
RE1,DEMRESELCILU_INC_URB,2029,0.0
RE1,DEMRESELCILU_INC_URB,2030,0.0
RE1,DEMRESELCILU_INC_URB,2031,0.0
RE1,DEMRESELCILU_INC_URB,2032,0.0
RE1,DEMRESELCILU_INC_URB,2033,0.0
RE1,DEMRESELCILU_INC_URB,2034,0.0
RE1,DEMRESELCILU_INC_URB,2035,0.0
RE1,DEMRESELCILU_INC_URB,2036,0.0
RE1,DEMRESELCILU_INC_URB,2037,0.0
RE1,DEMRESELCILU_INC_URB,2038,0.0
RE1,DEMRESELCILU_INC_URB,2039,0.0
RE1,DEMRESELCILU_INC_URB,2040,0.0
RE1,DEMRESELCILU_INC_URB,2041,0.0
RE1,DEMRESELCILU_INC_URB,2042,0.0
RE1,DEMRESELCILU_INC_URB,2043,0.0
RE1,DEMRESELCILU_INC_URB,2044,0.0
RE1,DEMRESELCILU_INC_URB,2045,0.0
RE1,DEMRESELCILU_INC_URB,2046,0.0
RE1,DEMRESELCILU_INC_URB,2047,0.0
RE1,DEMRESELCILU_INC_URB,2048,0.0
RE1,DEMRESELCILU_INC_URB,2049,0.0
RE1,DEMRESELCILU_INC_URB,2050,0.0
RE1,DEMRESELCILU_INC_URB,2051,0.0
RE1,DEMRESELCILU_INC_URB,2052,0.0
RE1,DEMRESELCILU_INC_URB,2053,0.0
RE1,DEMRESELCILU_INC_URB,2054,0.0
RE1,DEMRESELCILU_INC_URB,2055,0.0
RE1,DEMRESELCILU_LFC_RUR,2022,0.0962096744888335
RE1,DEMRESELCILU_LFC_RUR,2023,0.1019871670196541
RE1,DEMRESELCILU_LFC_RUR,2024,0.1019633874064984
RE1,DEMRESELCILU_LFC_RUR,2025,0.0959365280972391
RE1,DEMRESELCILU_LFC_RUR,2026,0.0846630592170785
RE1,DEMRESELCILU_LFC_RUR,2027,0.0641965477454237
RE1,DEMRESELCILU_LFC_RUR,2028,0.0375102339790499
RE1,DEMRESELCILU_LFC_RUR,2029,0.0145116238238348
RE1,DEMRESELCILU_LFC_RUR,2030,0.0030381727701332
RE1,DEMRESELCILU_LFC_RUR,2031,0.0002657264122776
RE1,DEMRESELCILU_LFC_RUR,2032,7.028636201386119e-06
RE1,DEMRESELCILU_LFC_RUR,2033,3.789672309973045e-08
RE1,DEMRESELCILU_LFC_RUR,2034,2.595360834079492e-11
RE1,DEMRESELCILU_LFC_RUR,2035,1.2912812180623201e-15
RE1,DEMRESELCILU_LFC_RUR,2036,2.4328866638874068e-21
RE1,DEMRESELCILU_LFC_RUR,2037,8.187295652691394e-29
RE1,DEMRESELCILU_LFC_RUR,2038,2.085470477034832e-38
RE1,DEMRESELCILU_LFC_RUR,2039,1.51994207464828e-50
RE1,DEMRESELCILU_LFC_RUR,2040,1.061231405920499e-65
RE1,DEMRESELCILU_LFC_RUR,2041,2.08996617687926e-84
RE1,DEMRESELCILU_LFC_RUR,2042,2.984593250984733e-107
RE1,DEMRESELCILU_LFC_RUR,2043,6.888143304093908e-135
RE1,DEMRESELCILU_LFC_RUR,2044,4.928646571959877e-168
RE1,DEMRESELCILU_LFC_RUR,2045,1.792590803672198e-207
RE1,DEMRESELCILU_LFC_RUR,2046,4.6106640284390775e-254
RE1,DEMRESELCILU_LFC_RUR,2047,0.0
RE1,DEMRESELCILU_LFC_RUR,2048,0.0
RE1,DEMRESELCILU_LFC_RUR,2049,0.0
RE1,DEMRESELCILU_LFC_RUR,2050,0.0
RE1,DEMRESELCILU_LFC_RUR,2051,0.0
RE1,DEMRESELCILU_LFC_RUR,2052,0.0
RE1,DEMRESELCILU_LFC_RUR,2053,0.0
RE1,DEMRESELCILU_LFC_RUR,2054,0.0
RE1,DEMRESELCILU_LFC_RUR,2055,0.0
RE1,DEMRESELCILU_LFC_URB,2022,0.6052932245653139
RE1,DEMRESELCILU_LFC_URB,2023,0.6099946467518779
RE1,DEMRESELCILU_LFC_URB,2024,0.6133588683115151
RE1,DEMRESELCILU_LFC_URB,2025,0.5771050613022696
RE1,DEMRESELCILU_LFC_URB,2026,0.5092896412718516
RE1,DEMRESELCILU_LFC_URB,2027,0.3861735811876124
RE1,DEMRESELCILU_LFC_URB,2028,0.2256423732366135
RE1,DEMRESELCILU_LFC_URB,2029,0.0872945031736111
RE1,DEMRESELCILU_LFC_URB,2030,0.0182760927201521
RE1,DEMRESELCILU_LFC_URB,2031,0.0015984741212614
RE1,DEMRESELCILU_LFC_URB,2032,4.228067876045037e-05
RE1,DEMRESELCILU_LFC_URB,2033,2.279672940160784e-07
RE1,DEMRESELCILU_LFC_URB,2034,1.5612362704379118e-10
RE1,DEMRESELCILU_LFC_URB,2035,7.767687045678803e-15
RE1,DEMRESELCILU_LFC_URB,2036,1.463500123624572e-20
RE1,DEMRESELCILU_LFC_URB,2037,4.925058112127208e-28
RE1,DEMRESELCILU_LFC_URB,2038,1.25451232326584e-37
RE1,DEMRESELCILU_LFC_URB,2039,9.14319375073401e-50
RE1,DEMRESELCILU_LFC_URB,2040,6.383825094742704e-65
RE1,DEMRESELCILU_LFC_URB,2041,1.257216706242558e-83
RE1,DEMRESELCILU_LFC_URB,2042,1.795378575015842e-106
RE1,DEMRESELCILU_LFC_URB,2043,4.143554538203401e-134
RE1,DEMRESELCILU_LFC_URB,2044,2.964821573660827e-167
RE1,DEMRESELCILU_LFC_URB,2045,1.078330898731888e-206
RE1,DEMRESELCILU_LFC_URB,2046,2.773539546979997e-253
RE1,DEMRESELCILU_LFC_URB,2047,5.913258530223951e-308
RE1,DEMRESELCILU_LFC_URB,2048,0.0
RE1,DEMRESELCILU_LFC_URB,2049,0.0
RE1,DEMRESELCILU_LFC_URB,2050,0.0
RE1,DEMRESELCILU_LFC_URB,2051,0.0
RE1,DEMRESELCILU_LFC_URB,2052,0.0
RE1,DEMRESELCILU_LFC_URB,2053,0.0
RE1,DEMRESELCILU_LFC_URB,2054,0.0
RE1,DEMRESELCILU_LFC_URB,2055,0.0
RE1,DEMRESELCILU_LOW_RUR,2022,0.0349150506261308
RE1,DEMRESELCILU_LOW_RUR,2023,0.0488625584668036
RE1,DEMRESELCILU_LOW_RUR,2024,0.0611024276402946
RE1,DEMRESELCILU_LOW_RUR,2025,0.0574907809089623
RE1,DEMRESELCILU_LOW_RUR,2026,0.0507350587421522
RE1,DEMRESELCILU_LOW_RUR,2027,0.038470327567025
RE1,DEMRESELCILU_LOW_RUR,2028,0.02247832693453
RE1,DEMRESELCILU_LOW_RUR,2029,0.0086962140744113
RE1,DEMRESELCILU_LOW_RUR,2030,0.0018206508882025
RE1,DEMRESELCILU_LOW_RUR,2031,0.0001592388139634
RE1,DEMRESELCILU_LOW_RUR,2032,4.211970059340924e-06
RE1,DEMRESELCILU_LOW_RUR,2033,2.2709933829228432e-08
RE1,DEMRESELCILU_LOW_RUR,2034,1.55529206706887e-11
RE1,DEMRESELCILU_LOW_RUR,2035,7.738112590882392e-16
RE1,DEMRESELCILU_LOW_RUR,2036,1.457928037880624e-21
RE1,DEMRESELCILU_LOW_RUR,2037,4.90630659605167e-29
RE1,DEMRESELCILU_LOW_RUR,2038,1.24973593130028e-38
RE1,DEMRESELCILU_LOW_RUR,2039,9.108382233652316e-51
RE1,DEMRESELCILU_LOW_RUR,2040,6.359519513739967e-66
RE1,DEMRESELCILU_LOW_RUR,2041,1.252430017691717e-84
RE1,DEMRESELCILU_LOW_RUR,2042,1.788542905376089e-107
RE1,DEMRESELCILU_LOW_RUR,2043,4.127778495004708e-135
RE1,DEMRESELCILU_LOW_RUR,2044,2.9535334024080433e-168
RE1,DEMRESELCILU_LOW_RUR,2045,1.0742252945497699e-207
RE1,DEMRESELCILU_LOW_RUR,2046,2.762979657082805e-254
RE1,DEMRESELCILU_LOW_RUR,2047,0.0
RE1,DEMRESELCILU_LOW_RUR,2048,0.0
RE1,DEMRESELCILU_LOW_RUR,2049,0.0
RE1,DEMRESELCILU_LOW_RUR,2050,0.0
RE1,DEMRESELCILU_LOW_RUR,2051,0.0
RE1,DEMRESELCILU_LOW_RUR,2052,0.0
RE1,DEMRESELCILU_LOW_RUR,2053,0.0
RE1,DEMRESELCILU_LOW_RUR,2054,0.0
RE1,DEMRESELCILU_LOW_RUR,2055,0.0
RE1,DEMRESELCILU_LOW_URB,2022,0.2198589983152699
RE1,DEMRESELCILU_LOW_URB,2023,0.2920507440026265
RE1,DEMRESELCILU_LOW_URB,2024,0.3679739755963927
RE1,DEMRESELCILU_LOW_URB,2025,0.3462237431178772
RE1,DEMRESELCILU_LOW_URB,2026,0.3055391084846962
RE1,DEMRESELCILU_LOW_URB,2027,0.2316778551037199
RE1,DEMRESELCILU_LOW_URB,2028,0.1353700605080349
RE1,DEMRESELCILU_LOW_URB,2029,0.0523707582362598
RE1,DEMRESELCILU_LOW_URB,2030,0.0109644112579117
RE1,DEMRESELCILU_LOW_URB,2031,0.0009589756365874
RE1,DEMRESELCILU_LOW_URB,2032,2.536552846889767e-05
RE1,DEMRESELCILU_LOW_URB,2033,1.367648546775792e-07
RE1,DEMRESELCILU_LOW_URB,2034,9.366354615269813e-11
RE1,DEMRESELCILU_LOW_URB,2035,4.6600833447110576e-15
RE1,DEMRESELCILU_LOW_URB,2036,8.780004280527051e-21
RE1,DEMRESELCILU_LOW_URB,2037,2.954699532189048e-28
RE1,DEMRESELCILU_LOW_URB,2038,7.526219773025156e-38
RE1,DEMRESELCILU_LOW_URB,2039,5.4852937128774795e-50
RE1,DEMRESELCILU_LOW_URB,2040,3.829860397904232e-65
RE1,DEMRESELCILU_LOW_URB,2041,7.542444229537642e-84
RE1,DEMRESELCILU_LOW_URB,2042,1.077104902100398e-106
RE1,DEMRESELCILU_LOW_URB,2043,2.485850598489989e-134
RE1,DEMRESELCILU_LOW_URB,2044,1.778691076791376e-167
RE1,DEMRESELCILU_LOW_URB,2045,6.469251183417935e-207
RE1,DEMRESELCILU_LOW_URB,2046,1.6639348847053682e-253
RE1,DEMRESELCILU_LOW_URB,2047,3.547552498912388e-308
RE1,DEMRESELCILU_LOW_URB,2048,0.0
RE1,DEMRESELCILU_LOW_URB,2049,0.0
RE1,DEMRESELCILU_LOW_URB,2050,0.0
RE1,DEMRESELCILU_LOW_URB,2051,0.0
RE1,DEMRESELCILU_LOW_URB,2052,0.0
RE1,DEMRESELCILU_LOW_URB,2053,0.0
RE1,DEMRESELCILU_LOW_URB,2054,0.0
RE1,DEMRESELCILU_LOW_URB,2055,0.0
RE1,DEMRESELCILU_MID_RUR,2022,0.0
RE1,DEMRESELCILU_MID_RUR,2023,0.0
RE1,DEMRESELCILU_MID_RUR,2024,0.0
RE1,DEMRESELCILU_MID_RUR,2025,0.0
RE1,DEMRESELCILU_MID_RUR,2026,0.0
RE1,DEMRESELCILU_MID_RUR,2027,0.0
RE1,DEMRESELCILU_MID_RUR,2028,0.0
RE1,DEMRESELCILU_MID_RUR,2029,0.0
RE1,DEMRESELCILU_MID_RUR,2030,0.0
RE1,DEMRESELCILU_MID_RUR,2031,0.0
RE1,DEMRESELCILU_MID_RUR,2032,0.0
RE1,DEMRESELCILU_MID_RUR,2033,0.0
RE1,DEMRESELCILU_MID_RUR,2034,0.0
RE1,DEMRESELCILU_MID_RUR,2035,0.0
RE1,DEMRESELCILU_MID_RUR,2036,0.0
RE1,DEMRESELCILU_MID_RUR,2037,0.0
RE1,DEMRESELCILU_MID_RUR,2038,0.0
RE1,DEMRESELCILU_MID_RUR,2039,0.0
RE1,DEMRESELCILU_MID_RUR,2040,0.0
RE1,DEMRESELCILU_MID_RUR,2041,0.0
RE1,DEMRESELCILU_MID_RUR,2042,0.0
RE1,DEMRESELCILU_MID_RUR,2043,0.0
RE1,DEMRESELCILU_MID_RUR,2044,0.0
RE1,DEMRESELCILU_MID_RUR,2045,0.0
RE1,DEMRESELCILU_MID_RUR,2046,0.0
RE1,DEMRESELCILU_MID_RUR,2047,0.0
RE1,DEMRESELCILU_MID_RUR,2048,0.0
RE1,DEMRESELCILU_MID_RUR,2049,0.0
RE1,DEMRESELCILU_MID_RUR,2050,0.0
RE1,DEMRESELCILU_MID_RUR,2051,0.0
RE1,DEMRESELCILU_MID_RUR,2052,0.0
RE1,DEMRESELCILU_MID_RUR,2053,0.0
RE1,DEMRESELCILU_MID_RUR,2054,0.0
RE1,DEMRESELCILU_MID_RUR,2055,0.0
RE1,DEMRESELCILU_MID_URB,2022,0.0
RE1,DEMRESELCILU_MID_URB,2023,0.0
RE1,DEMRESELCILU_MID_URB,2024,0.0
RE1,DEMRESELCILU_MID_URB,2025,0.0
RE1,DEMRESELCILU_MID_URB,2026,0.0
RE1,DEMRESELCILU_MID_URB,2027,0.0
RE1,DEMRESELCILU_MID_URB,2028,0.0
RE1,DEMRESELCILU_MID_URB,2029,0.0
RE1,DEMRESELCILU_MID_URB,2030,0.0
RE1,DEMRESELCILU_MID_URB,2031,0.0
RE1,DEMRESELCILU_MID_URB,2032,0.0
RE1,DEMRESELCILU_MID_URB,2033,0.0
RE1,DEMRESELCILU_MID_URB,2034,0.0
RE1,DEMRESELCILU_MID_URB,2035,0.0
RE1,DEMRESELCILU_MID_URB,2036,0.0
RE1,DEMRESELCILU_MID_URB,2037,0.0
RE1,DEMRESELCILU_MID_URB,2038,0.0
RE1,DEMRESELCILU_MID_URB,2039,0.0
RE1,DEMRESELCILU_MID_URB,2040,0.0
RE1,DEMRESELCILU_MID_URB,2041,0.0
RE1,DEMRESELCILU_MID_URB,2042,0.0
RE1,DEMRESELCILU_MID_URB,2043,0.0
RE1,DEMRESELCILU_MID_URB,2044,0.0
RE1,DEMRESELCILU_MID_URB,2045,0.0
RE1,DEMRESELCILU_MID_URB,2046,0.0
RE1,DEMRESELCILU_MID_URB,2047,0.0
RE1,DEMRESELCILU_MID_URB,2048,0.0
RE1,DEMRESELCILU_MID_URB,2049,0.0
RE1,DEMRESELCILU_MID_URB,2050,0.0
RE1,DEMRESELCILU_MID_URB,2051,0.0
RE1,DEMRESELCILU_MID_URB,2052,0.0
RE1,DEMRESELCILU_MID_URB,2053,0.0
RE1,DEMRESELCILU_MID_URB,2054,0.0
RE1,DEMRESELCILU_MID_URB,2055,0.0
RE1,DEMRESELCOTH_HIG_RUR,2022,0.0
RE1,DEMRESELCOTH_HIG_RUR,2023,0.0
RE1,DEMRESELCOTH_HIG_RUR,2024,0.0
RE1,DEMRESELCOTH_HIG_RUR,2025,0.0
RE1,DEMRESELCOTH_HIG_RUR,2026,0.0
RE1,DEMRESELCOTH_HIG_RUR,2027,0.0
RE1,DEMRESELCOTH_HIG_RUR,2028,0.0
RE1,DEMRESELCOTH_HIG_RUR,2029,0.0
RE1,DEMRESELCOTH_HIG_RUR,2030,0.0
RE1,DEMRESELCOTH_HIG_RUR,2031,0.0
RE1,DEMRESELCOTH_HIG_RUR,2032,0.0
RE1,DEMRESELCOTH_HIG_RUR,2033,0.0
RE1,DEMRESELCOTH_HIG_RUR,2034,0.0
RE1,DEMRESELCOTH_HIG_RUR,2035,0.0
RE1,DEMRESELCOTH_HIG_RUR,2036,0.0
RE1,DEMRESELCOTH_HIG_RUR,2037,0.0
RE1,DEMRESELCOTH_HIG_RUR,2038,0.0
RE1,DEMRESELCOTH_HIG_RUR,2039,0.0
RE1,DEMRESELCOTH_HIG_RUR,2040,0.0
RE1,DEMRESELCOTH_HIG_RUR,2041,0.0
RE1,DEMRESELCOTH_HIG_RUR,2042,0.0
RE1,DEMRESELCOTH_HIG_RUR,2043,0.0
RE1,DEMRESELCOTH_HIG_RUR,2044,0.0
RE1,DEMRESELCOTH_HIG_RUR,2045,0.0
RE1,DEMRESELCOTH_HIG_RUR,2046,0.0
RE1,DEMRESELCOTH_HIG_RUR,2047,0.0
RE1,DEMRESELCOTH_HIG_RUR,2048,0.0
RE1,DEMRESELCOTH_HIG_RUR,2049,0.0
RE1,DEMRESELCOTH_HIG_RUR,2050,0.0
RE1,DEMRESELCOTH_HIG_RUR,2051,0.0
RE1,DEMRESELCOTH_HIG_RUR,2052,0.0
RE1,DEMRESELCOTH_HIG_RUR,2053,0.0
RE1,DEMRESELCOTH_HIG_RUR,2054,0.0
RE1,DEMRESELCOTH_HIG_RUR,2055,0.0
RE1,DEMRESELCOTH_HIG_URB,2022,0.0
RE1,DEMRESELCOTH_HIG_URB,2023,0.0
RE1,DEMRESELCOTH_HIG_URB,2024,0.0
RE1,DEMRESELCOTH_HIG_URB,2025,0.0
RE1,DEMRESELCOTH_HIG_URB,2026,0.0
RE1,DEMRESELCOTH_HIG_URB,2027,0.0
RE1,DEMRESELCOTH_HIG_URB,2028,0.0
RE1,DEMRESELCOTH_HIG_URB,2029,0.0
RE1,DEMRESELCOTH_HIG_URB,2030,0.0
RE1,DEMRESELCOTH_HIG_URB,2031,0.0
RE1,DEMRESELCOTH_HIG_URB,2032,0.0
RE1,DEMRESELCOTH_HIG_URB,2033,0.0
RE1,DEMRESELCOTH_HIG_URB,2034,0.0
RE1,DEMRESELCOTH_HIG_URB,2035,0.0
RE1,DEMRESELCOTH_HIG_URB,2036,0.0
RE1,DEMRESELCOTH_HIG_URB,2037,0.0
RE1,DEMRESELCOTH_HIG_URB,2038,0.0
RE1,DEMRESELCOTH_HIG_URB,2039,0.0
RE1,DEMRESELCOTH_HIG_URB,2040,0.0
RE1,DEMRESELCOTH_HIG_URB,2041,0.0
RE1,DEMRESELCOTH_HIG_URB,2042,0.0
RE1,DEMRESELCOTH_HIG_URB,2043,0.0
RE1,DEMRESELCOTH_HIG_URB,2044,0.0
RE1,DEMRESELCOTH_HIG_URB,2045,0.0
RE1,DEMRESELCOTH_HIG_URB,2046,0.0
RE1,DEMRESELCOTH_HIG_URB,2047,0.0
RE1,DEMRESELCOTH_HIG_URB,2048,0.0
RE1,DEMRESELCOTH_HIG_URB,2049,0.0
RE1,DEMRESELCOTH_HIG_URB,2050,0.0
RE1,DEMRESELCOTH_HIG_URB,2051,0.0
RE1,DEMRESELCOTH_HIG_URB,2052,0.0
RE1,DEMRESELCOTH_HIG_URB,2053,0.0
RE1,DEMRESELCOTH_HIG_URB,2054,0.0
RE1,DEMRESELCOTH_HIG_URB,2055,0.0
RE1,DEMRESELCOTH_LOW_RUR,2022,0.8191488339047135
RE1,DEMRESELCOTH_LOW_RUR,2023,0.8889434624112847
RE1,DEMRESELCOTH_LOW_RUR,2024,0.91030309847035
RE1,DEMRESELCOTH_LOW_RUR,2025,0.6559585620195435
RE1,DEMRESELCOTH_LOW_RUR,2026,0.3348817951619048
RE1,DEMRESELCOTH_LOW_RUR,2027,0.0756001010100066
RE1,DEMRESELCOTH_LOW_RUR,2028,0.00420190342601
RE1,DEMRESELCOTH_LOW_RUR,2029,2.542601591032433e-05
RE1,DEMRESELCOTH_LOW_RUR,2030,5.661043149470007e-09
RE1,DEMRESELCOTH_LOW_RUR,2031,1.1528229138881892e-14
RE1,DEMRESELCOTH_LOW_RUR,2032,3.777866677100362e-23
RE1,DEMRESELCOTH_LOW_RUR,2033,2.387532951863769e-35
RE1,DEMRESELCOTH_LOW_RUR,2034,2.285733949386374e-52
RE1,DEMRESELCOTH_LOW_RUR,2035,1.642507955452436e-75
RE1,DEMRESELCOTH_LOW_RUR,2036,2.6645686781802057e-106
RE1,DEMRESELCOTH_LOW_RUR,2037,1.7145075858619639e-146
RE1,DEMRESELCOTH_LOW_RUR,2038,4.321621820153154e-198
RE1,DEMRESELCOTH_LOW_RUR,2039,2.2799232901914582e-263
RE1,DEMRESELCOTH_LOW_RUR,2040,0.0
RE1,DEMRESELCOTH_LOW_RUR,2041,0.0
RE1,DEMRESELCOTH_LOW_RUR,2042,0.0
RE1,DEMRESELCOTH_LOW_RUR,2043,0.0
RE1,DEMRESELCOTH_LOW_RUR,2044,0.0
RE1,DEMRESELCOTH_LOW_RUR,2045,0.0
RE1,DEMRESELCOTH_LOW_RUR,2046,0.0
RE1,DEMRESELCOTH_LOW_RUR,2047,0.0
RE1,DEMRESELCOTH_LOW_RUR,2048,0.0
RE1,DEMRESELCOTH_LOW_RUR,2049,0.0
RE1,DEMRESELCOTH_LOW_RUR,2050,0.0
RE1,DEMRESELCOTH_LOW_RUR,2051,0.0
RE1,DEMRESELCOTH_LOW_RUR,2052,0.0
RE1,DEMRESELCOTH_LOW_RUR,2053,0.0
RE1,DEMRESELCOTH_LOW_RUR,2054,0.0
RE1,DEMRESELCOTH_LOW_RUR,2055,0.0
RE1,DEMRESELCOTH_LOW_URB,2022,5.162078645931637
RE1,DEMRESELCOTH_LOW_URB,2023,5.325423360252318
RE1,DEMRESELCOTH_LOW_URB,2024,5.484738396307881
RE1,DEMRESELCOTH_LOW_URB,2025,3.952267236639181
RE1,DEMRESELCOTH_LOW_URB,2026,2.017722496205296
RE1,DEMRESELCOTH_LOW_URB,2027,0.4555040815208689
RE1,DEMRESELCOTH_LOW_URB,2028,0.0253172169763473
RE1,DEMRESELCOTH_LOW_URB,2029,0.0001531962771112
RE1,DEMRESELCOTH_LOW_URB,2030,3.410879384814614e-08
RE1,DEMRESELCOTH_LOW_URB,2031,6.94596350443163e-14
RE1,DEMRESELCOTH_LOW_URB,2032,2.276231999522225e-22
RE1,DEMRESELCOTH_LOW_URB,2033,1.438531152485584e-34
RE1,DEMRESELCOTH_LOW_URB,2034,1.3771954393004012e-51
RE1,DEMRESELCOTH_LOW_URB,2035,9.89640314819225e-75
RE1,DEMRESELCOTH_LOW_URB,2036,1.605450114733442e-105
RE1,DEMRESELCOTH_LOW_URB,2037,1.033021375269386e-145
RE1,DEMRESELCOTH_LOW_URB,2038,2.603854163645692e-197
RE1,DEMRESELCOTH_LOW_URB,2039,1.37369441358185e-262
RE1,DEMRESELCOTH_LOW_URB,2040,0.0
RE1,DEMRESELCOTH_LOW_URB,2041,0.0
RE1,DEMRESELCOTH_LOW_URB,2042,0.0
RE1,DEMRESELCOTH_LOW_URB,2043,0.0
RE1,DEMRESELCOTH_LOW_URB,2044,0.0
RE1,DEMRESELCOTH_LOW_URB,2045,0.0
RE1,DEMRESELCOTH_LOW_URB,2046,0.0
RE1,DEMRESELCOTH_LOW_URB,2047,0.0
RE1,DEMRESELCOTH_LOW_URB,2048,0.0
RE1,DEMRESELCOTH_LOW_URB,2049,0.0
RE1,DEMRESELCOTH_LOW_URB,2050,0.0
RE1,DEMRESELCOTH_LOW_URB,2051,0.0
RE1,DEMRESELCOTH_LOW_URB,2052,0.0
RE1,DEMRESELCOTH_LOW_URB,2053,0.0
RE1,DEMRESELCOTH_LOW_URB,2054,0.0
RE1,DEMRESELCOTH_LOW_URB,2055,0.0
RE1,DEMRESELCOTH_MID_RUR,2022,0.0
RE1,DEMRESELCOTH_MID_RUR,2023,0.0
RE1,DEMRESELCOTH_MID_RUR,2024,0.0
RE1,DEMRESELCOTH_MID_RUR,2025,0.0
RE1,DEMRESELCOTH_MID_RUR,2026,0.0
RE1,DEMRESELCOTH_MID_RUR,2027,0.0
RE1,DEMRESELCOTH_MID_RUR,2028,0.0
RE1,DEMRESELCOTH_MID_RUR,2029,0.0
RE1,DEMRESELCOTH_MID_RUR,2030,0.0
RE1,DEMRESELCOTH_MID_RUR,2031,0.0
RE1,DEMRESELCOTH_MID_RUR,2032,0.0
RE1,DEMRESELCOTH_MID_RUR,2033,0.0
RE1,DEMRESELCOTH_MID_RUR,2034,0.0
RE1,DEMRESELCOTH_MID_RUR,2035,0.0
RE1,DEMRESELCOTH_MID_RUR,2036,0.0
RE1,DEMRESELCOTH_MID_RUR,2037,0.0
RE1,DEMRESELCOTH_MID_RUR,2038,0.0
RE1,DEMRESELCOTH_MID_RUR,2039,0.0
RE1,DEMRESELCOTH_MID_RUR,2040,0.0
RE1,DEMRESELCOTH_MID_RUR,2041,0.0
RE1,DEMRESELCOTH_MID_RUR,2042,0.0
RE1,DEMRESELCOTH_MID_RUR,2043,0.0
RE1,DEMRESELCOTH_MID_RUR,2044,0.0
RE1,DEMRESELCOTH_MID_RUR,2045,0.0
RE1,DEMRESELCOTH_MID_RUR,2046,0.0
RE1,DEMRESELCOTH_MID_RUR,2047,0.0
RE1,DEMRESELCOTH_MID_RUR,2048,0.0
RE1,DEMRESELCOTH_MID_RUR,2049,0.0
RE1,DEMRESELCOTH_MID_RUR,2050,0.0
RE1,DEMRESELCOTH_MID_RUR,2051,0.0
RE1,DEMRESELCOTH_MID_RUR,2052,0.0
RE1,DEMRESELCOTH_MID_RUR,2053,0.0
RE1,DEMRESELCOTH_MID_RUR,2054,0.0
RE1,DEMRESELCOTH_MID_RUR,2055,0.0
RE1,DEMRESELCOTH_MID_URB,2022,0.0
RE1,DEMRESELCOTH_MID_URB,2023,0.0
RE1,DEMRESELCOTH_MID_URB,2024,0.0
RE1,DEMRESELCOTH_MID_URB,2025,0.0
RE1,DEMRESELCOTH_MID_URB,2026,0.0
RE1,DEMRESELCOTH_MID_URB,2027,0.0
RE1,DEMRESELCOTH_MID_URB,2028,0.0
RE1,DEMRESELCOTH_MID_URB,2029,0.0
RE1,DEMRESELCOTH_MID_URB,2030,0.0
RE1,DEMRESELCOTH_MID_URB,2031,0.0
RE1,DEMRESELCOTH_MID_URB,2032,0.0
RE1,DEMRESELCOTH_MID_URB,2033,0.0
RE1,DEMRESELCOTH_MID_URB,2034,0.0
RE1,DEMRESELCOTH_MID_URB,2035,0.0
RE1,DEMRESELCOTH_MID_URB,2036,0.0
RE1,DEMRESELCOTH_MID_URB,2037,0.0
RE1,DEMRESELCOTH_MID_URB,2038,0.0
RE1,DEMRESELCOTH_MID_URB,2039,0.0
RE1,DEMRESELCOTH_MID_URB,2040,0.0
RE1,DEMRESELCOTH_MID_URB,2041,0.0
RE1,DEMRESELCOTH_MID_URB,2042,0.0
RE1,DEMRESELCOTH_MID_URB,2043,0.0
RE1,DEMRESELCOTH_MID_URB,2044,0.0
RE1,DEMRESELCOTH_MID_URB,2045,0.0
RE1,DEMRESELCOTH_MID_URB,2046,0.0
RE1,DEMRESELCOTH_MID_URB,2047,0.0
RE1,DEMRESELCOTH_MID_URB,2048,0.0
RE1,DEMRESELCOTH_MID_URB,2049,0.0
RE1,DEMRESELCOTH_MID_URB,2050,0.0
RE1,DEMRESELCOTH_MID_URB,2051,0.0
RE1,DEMRESELCOTH_MID_URB,2052,0.0
RE1,DEMRESELCOTH_MID_URB,2053,0.0
RE1,DEMRESELCOTH_MID_URB,2054,0.0
RE1,DEMRESELCOTH_MID_URB,2055,0.0
RE1,DEMRESELCREF_HIG_RUR,2022,0.0
RE1,DEMRESELCREF_HIG_RUR,2023,0.0
RE1,DEMRESELCREF_HIG_RUR,2024,0.0
RE1,DEMRESELCREF_HIG_RUR,2025,0.0
RE1,DEMRESELCREF_HIG_RUR,2026,0.0
RE1,DEMRESELCREF_HIG_RUR,2027,0.0
RE1,DEMRESELCREF_HIG_RUR,2028,0.0
RE1,DEMRESELCREF_HIG_RUR,2029,0.0
RE1,DEMRESELCREF_HIG_RUR,2030,0.0
RE1,DEMRESELCREF_HIG_RUR,2031,0.0
RE1,DEMRESELCREF_HIG_RUR,2032,0.0
RE1,DEMRESELCREF_HIG_RUR,2033,0.0
RE1,DEMRESELCREF_HIG_RUR,2034,0.0
RE1,DEMRESELCREF_HIG_RUR,2035,0.0
RE1,DEMRESELCREF_HIG_RUR,2036,0.0
RE1,DEMRESELCREF_HIG_RUR,2037,0.0
RE1,DEMRESELCREF_HIG_RUR,2038,0.0
RE1,DEMRESELCREF_HIG_RUR,2039,0.0
RE1,DEMRESELCREF_HIG_RUR,2040,0.0
RE1,DEMRESELCREF_HIG_RUR,2041,0.0
RE1,DEMRESELCREF_HIG_RUR,2042,0.0
RE1,DEMRESELCREF_HIG_RUR,2043,0.0
RE1,DEMRESELCREF_HIG_RUR,2044,0.0
RE1,DEMRESELCREF_HIG_RUR,2045,0.0
RE1,DEMRESELCREF_HIG_RUR,2046,0.0
RE1,DEMRESELCREF_HIG_RUR,2047,0.0
RE1,DEMRESELCREF_HIG_RUR,2048,0.0
RE1,DEMRESELCREF_HIG_RUR,2049,0.0
RE1,DEMRESELCREF_HIG_RUR,2050,0.0
RE1,DEMRESELCREF_HIG_RUR,2051,0.0
RE1,DEMRESELCREF_HIG_RUR,2052,0.0
RE1,DEMRESELCREF_HIG_RUR,2053,0.0
RE1,DEMRESELCREF_HIG_RUR,2054,0.0
RE1,DEMRESELCREF_HIG_RUR,2055,0.0
RE1,DEMRESELCREF_HIG_URB,2022,0.0
RE1,DEMRESELCREF_HIG_URB,2023,0.0
RE1,DEMRESELCREF_HIG_URB,2024,0.0
RE1,DEMRESELCREF_HIG_URB,2025,0.0
RE1,DEMRESELCREF_HIG_URB,2026,0.0
RE1,DEMRESELCREF_HIG_URB,2027,0.0
RE1,DEMRESELCREF_HIG_URB,2028,0.0
RE1,DEMRESELCREF_HIG_URB,2029,0.0
RE1,DEMRESELCREF_HIG_URB,2030,0.0
RE1,DEMRESELCREF_HIG_URB,2031,0.0
RE1,DEMRESELCREF_HIG_URB,2032,0.0
RE1,DEMRESELCREF_HIG_URB,2033,0.0
RE1,DEMRESELCREF_HIG_URB,2034,0.0
RE1,DEMRESELCREF_HIG_URB,2035,0.0
RE1,DEMRESELCREF_HIG_URB,2036,0.0
RE1,DEMRESELCREF_HIG_URB,2037,0.0
RE1,DEMRESELCREF_HIG_URB,2038,0.0
RE1,DEMRESELCREF_HIG_URB,2039,0.0
RE1,DEMRESELCREF_HIG_URB,2040,0.0
RE1,DEMRESELCREF_HIG_URB,2041,0.0
RE1,DEMRESELCREF_HIG_URB,2042,0.0
RE1,DEMRESELCREF_HIG_URB,2043,0.0
RE1,DEMRESELCREF_HIG_URB,2044,0.0
RE1,DEMRESELCREF_HIG_URB,2045,0.0
RE1,DEMRESELCREF_HIG_URB,2046,0.0
RE1,DEMRESELCREF_HIG_URB,2047,0.0
RE1,DEMRESELCREF_HIG_URB,2048,0.0
RE1,DEMRESELCREF_HIG_URB,2049,0.0
RE1,DEMRESELCREF_HIG_URB,2050,0.0
RE1,DEMRESELCREF_HIG_URB,2051,0.0
RE1,DEMRESELCREF_HIG_URB,2052,0.0
RE1,DEMRESELCREF_HIG_URB,2053,0.0
RE1,DEMRESELCREF_HIG_URB,2054,0.0
RE1,DEMRESELCREF_HIG_URB,2055,0.0
RE1,DEMRESELCREF_LOW_RUR,2022,0.2596364490195308
RE1,DEMRESELCREF_LOW_RUR,2023,0.2794721818926806
RE1,DEMRESELCREF_LOW_RUR,2024,0.2845063179629557
RE1,DEMRESELCREF_LOW_RUR,2025,0.2841229261882877
RE1,DEMRESELCREF_LOW_RUR,2026,0.2833379158386169
RE1,DEMRESELCREF_LOW_RUR,2027,0.2816078388075438
RE1,DEMRESELCREF_LOW_RUR,2028,0.2782786043231112
RE1,DEMRESELCREF_LOW_RUR,2029,0.272490618190201
RE1,DEMRESELCREF_LOW_RUR,2030,0.2632213887957606
RE1,DEMRESELCREF_LOW_RUR,2031,0.2494025400338886
RE1,DEMRESELCREF_LOW_RUR,2032,0.2301363223407444
RE1,DEMRESELCREF_LOW_RUR,2033,0.2050134241331862
RE1,DEMRESELCREF_LOW_RUR,2034,0.1744799693393834
RE1,DEMRESELCREF_LOW_RUR,2035,0.1401214944625748
RE1,DEMRESELCREF_LOW_RUR,2036,0.1046640252619568
RE1,DEMRESELCREF_LOW_RUR,2037,0.0715155306160097
RE1,DEMRESELCREF_LOW_RUR,2038,0.043859218535877
RE1,DEMRESELCREF_LOW_RUR,2039,0.0236280711469918
RE1,DEMRESELCREF_LOW_RUR,2040,0.0109140282645606
RE1,DEMRESELCREF_LOW_RUR,2041,0.0042070584205546
RE1,DEMRESELCREF_LOW_RUR,2042,0.0013132637625631
RE1,DEMRESELCREF_LOW_RUR,2043,0.0003211264127441
RE1,DEMRESELCREF_LOW_RUR,2044,5.930348693092533e-05
RE1,DEMRESELCREF_LOW_RUR,2045,7.946652251617622e-06
RE1,DEMRESELCREF_LOW_RUR,2046,7.396548910777199e-07
RE1,DEMRESELCREF_LOW_RUR,2047,4.560464419107634e-08
RE1,DEMRESELCREF_LOW_RUR,2048,1.769303592387569e-09
RE1,DEMRESELCREF_LOW_RUR,2049,4.086043366900002e-11
RE1,DEMRESELCREF_LOW_RUR,2050,5.291172183726223e-13
RE1,DEMRESELCREF_LOW_RUR,2051,3.603035110446096e-15
RE1,DEMRESELCREF_LOW_RUR,2052,1.2044309009462379e-17
RE1,DEMRESELCREF_LOW_RUR,2053,1.836379011221672e-20
RE1,DEMRESELCREF_LOW_RUR,2054,1.1807352296865541e-23
RE1,DEMRESELCREF_LOW_RUR,2055,1.1807352296865541e-23
RE1,DEMRESELCREF_LOW_URB,2022,6.488405950053577
RE1,DEMRESELCREF_LOW_URB,2023,6.749382500364807
RE1,DEMRESELCREF_LOW_URB,2024,6.93535676362912
RE1,DEMRESELCREF_LOW_URB,2025,6.926010894768979
RE1,DEMRESELCREF_LOW_URB,2026,6.906874845780371
RE1,DEMRESELCREF_LOW_URB,2027,6.864701084842609
RE1,DEMRESELCREF_LOW_URB,2028,6.783544964779493
RE1,DEMRESELCREF_LOW_URB,2029,6.642452320292429
RE1,DEMRESELCREF_LOW_URB,2030,6.416498066500664
RE1,DEMRESELCREF_LOW_URB,2031,6.079638600909833
RE1,DEMRESELCREF_LOW_URB,2032,5.609989652006361
RE1,DEMRESELCREF_LOW_URB,2033,4.997573508655756
RE1,DEMRESELCREF_LOW_URB,2034,4.253265249572607
RE1,DEMRESELCREF_LOW_URB,2035,3.415715198554471
RE1,DEMRESELCREF_LOW_URB,2036,2.551375170528464
RE1,DEMRESELCREF_LOW_URB,2037,1.743320579006787
RE1,DEMRESELCREF_LOW_URB,2038,1.069147884300722
RE1,DEMRESELCREF_LOW_URB,2039,0.5759770265001161
RE1,DEMRESELCREF_LOW_URB,2040,0.2660492051108535
RE1,DEMRESELCREF_LOW_URB,2041,0.102554668314169
RE1,DEMRESELCREF_LOW_URB,2042,0.0320131826362717
RE1,DEMRESELCREF_LOW_URB,2043,0.0078280378957887
RE1,DEMRESELCREF_LOW_URB,2044,0.0014456298972128
RE1,DEMRESELCREF_LOW_URB,2045,0.0001937140406444
RE1,DEMRESELCREF_LOW_URB,2046,1.803042754310697e-05
RE1,DEMRESELCREF_LOW_URB,2047,1.111695795749122e-06
RE1,DEMRESELCREF_LOW_URB,2048,4.3129979412183576e-08
RE1,DEMRESELCREF_LOW_URB,2049,9.960470721357275e-10
RE1,DEMRESELCREF_LOW_URB,2050,1.2898190470662929e-11
RE1,DEMRESELCREF_LOW_URB,2051,8.783050619662918e-14
RE1,DEMRESELCREF_LOW_URB,2052,2.93601845295015e-16
RE1,DEMRESELCREF_LOW_URB,2053,4.476506422511531e-19
RE1,DEMRESELCREF_LOW_URB,2054,2.87825596278254e-22
RE1,DEMRESELCREF_LOW_URB,2055,2.87825596278254e-22
RE1,DEMRESELCREF_MID_RUR,2022,0.0017891414689404
RE1,DEMRESELCREF_MID_RUR,2023,0.002639085337607
RE1,DEMRESELCREF_MID_RUR,2024,0.0064385954944573
RE1,DEMRESELCREF_MID_RUR,2025,0.0064299190454748
RE1,DEMRESELCREF_MID_RUR,2026,0.0064121536610831
RE1,DEMRESELCREF_MID_RUR,2027,0.0063730006951416
RE1,DEMRESELCREF_MID_RUR,2028,0.0062976575733968
RE1,DEMRESELCREF_MID_RUR,2029,0.0061666710220113
RE1,DEMRESELCREF_MID_RUR,2030,0.0059569012740372
RE1,DEMRESELCREF_MID_RUR,2031,0.0056441701613722
RE1,DEMRESELCREF_MID_RUR,2032,0.0052081609250133
RE1,DEMRESELCREF_MID_RUR,2033,0.0046396105308953
RE1,DEMRESELCREF_MID_RUR,2034,0.0039486151045962
RE1,DEMRESELCREF_MID_RUR,2035,0.0031710565494043
RE1,DEMRESELCREF_MID_RUR,2036,0.0023686269124299
RE1,DEMRESELCREF_MID_RUR,2037,0.0016184511349513
RE1,DEMRESELCREF_MID_RUR,2038,0.0009925676479785
RE1,DEMRESELCREF_MID_RUR,2039,0.0005347213148691
RE1,DEMRESELCREF_MID_RUR,2040,0.0002469928039338
RE1,DEMRESELCREF_MID_RUR,2041,9.520894855849464e-05
RE1,DEMRESELCREF_MID_RUR,2042,2.972016300099903e-05
RE1,DEMRESELCREF_MID_RUR,2043,7.267336237204951e-06
RE1,DEMRESELCREF_MID_RUR,2044,1.342083249654866e-06
RE1,DEMRESELCREF_MID_RUR,2045,1.798388160573162e-07
RE1,DEMRESELCREF_MID_RUR,2046,1.673895568732645e-08
RE1,DEMRESELCREF_MID_RUR,2047,1.032067965018708e-09
RE1,DEMRESELCREF_MID_RUR,2048,4.004069301461708e-11
RE1,DEMRESELCREF_MID_RUR,2049,9.247028537237984e-13
RE1,DEMRESELCREF_MID_RUR,2050,1.197432718769125e-14
RE1,DEMRESELCREF_MID_RUR,2051,8.153943924545931e-17
RE1,DEMRESELCREF_MID_RUR,2052,2.725719213457796e-19
RE1,DEMRESELCREF_MID_RUR,2053,4.155866102526184e-22
RE1,DEMRESELCREF_MID_RUR,2054,2.672094097747498e-25
RE1,DEMRESELCREF_MID_RUR,2055,2.672094097747498e-25
RE1,DEMRESELCREF_MID_URB,2022,0.0447112729988367
RE1,DEMRESELCREF_MID_URB,2023,0.0637351319690714
RE1,DEMRESELCREF_MID_URB,2024,0.1569524259794144
RE1,DEMRESELCREF_MID_URB,2025,0.1567409218217368
RE1,DEMRESELCREF_MID_URB,2026,0.1563078584026819
RE1,DEMRESELCREF_MID_URB,2027,0.1553534339487632
RE1,DEMRESELCREF_MID_URB,2028,0.1535168089039231
RE1,DEMRESELCREF_MID_URB,2029,0.150323774486973
RE1,DEMRESELCREF_MID_URB,2030,0.1452102569706184
RE1,DEMRESELCREF_MID_URB,2031,0.1375868697188076
RE1,DEMRESELCREF_MID_URB,2032,0.1269583549355955
RE1,DEMRESELCREF_MID_URB,2033,0.1130989093895618
RE1,DEMRESELCREF_MID_URB,2034,0.0962546444265457
RE1,DEMRESELCREF_MID_URB,2035,0.0773002464241434
RE1,DEMRESELCREF_MID_URB,2036,0.0577395707598091
RE1,DEMRESELCREF_MID_URB,2037,0.039452677556529
RE1,DEMRESELCREF_MID_URB,2038,0.0241956340374258
RE1,DEMRESELCREF_MID_URB,2039,0.0130348004722251
RE1,DEMRESELCREF_MID_URB,2040,0.0060208969192513
RE1,DEMRESELCREF_MID_URB,2041,0.0023208905519952
RE1,DEMRESELCREF_MID_URB,2042,0.0007244827986982
RE1,DEMRESELCREF_MID_URB,2043,0.0001771544824984
RE1,DEMRESELCREF_MID_URB,2044,3.271570982848668e-05
RE1,DEMRESELCREF_MID_URB,2045,4.383896843614418e-06
RE1,DEMRESELCREF_MID_URB,2046,4.080423604417224e-07
RE1,DEMRESELCREF_MID_URB,2047,2.515852580345657e-08
RE1,DEMRESELCREF_MID_URB,2048,9.7606440907045e-10
RE1,DEMRESELCREF_MID_URB,2049,2.254130676899598e-11
RE1,DEMRESELCREF_MID_URB,2050,2.918959116467695e-13
RE1,DEMRESELCREF_MID_URB,2051,1.987671505935253e-15
RE1,DEMRESELCREF_MID_URB,2052,6.644434231956058e-18
RE1,DEMRESELCREF_MID_URB,2053,1.013067628489179e-20
RE1,DEMRESELCREF_MID_URB,2054,6.513713300482674e-24
RE1,DEMRESELCREF_MID_URB,2055,6.513713300482674e-24
RE1,DEMRESELCTV_CRT_RUR,2022,0.2268630589509815
RE1,DEMRESELCTV_CRT_RUR,2023,0.2379002334531649
RE1,DEMRESELCTV_CRT_RUR,2024,0.2382637357004261
RE1,DEMRESELCTV_CRT_RUR,2025,0.1716913165670683
RE1,DEMRESELCTV_CRT_RUR,2026,0.0876523299408929
RE1,DEMRESELCTV_CRT_RUR,2027,0.0197876537125293
RE1,DEMRESELCTV_CRT_RUR,2028,0.0010998108311571
RE1,DEMRESELCTV_CRT_RUR,2029,6.655033411346415e-06
RE1,DEMRESELCTV_CRT_RUR,2030,1.481727669630647e-09
RE1,DEMRESELCTV_CRT_RUR,2031,3.017411393255816e-15
RE1,DEMRESELCTV_CRT_RUR,2032,9.888229854173197e-24
RE1,DEMRESELCTV_CRT_RUR,2033,6.249155047091776e-36
RE1,DEMRESELCTV_CRT_RUR,2034,5.982705216682559e-53
RE1,DEMRESELCTV_CRT_RUR,2035,4.299118414969488e-76
RE1,DEMRESELCTV_CRT_RUR,2036,6.97427140872509e-107
RE1,DEMRESELCTV_CRT_RUR,2037,4.4875710406855915e-147
RE1,DEMRESELCTV_CRT_RUR,2038,1.131146055510986e-198
RE1,DEMRESELCTV_CRT_RUR,2039,5.96749633330087e-264
RE1,DEMRESELCTV_CRT_RUR,2040,0.0
RE1,DEMRESELCTV_CRT_RUR,2041,0.0
RE1,DEMRESELCTV_CRT_RUR,2042,0.0
RE1,DEMRESELCTV_CRT_RUR,2043,0.0
RE1,DEMRESELCTV_CRT_RUR,2044,0.0
RE1,DEMRESELCTV_CRT_RUR,2045,0.0
RE1,DEMRESELCTV_CRT_RUR,2046,0.0
RE1,DEMRESELCTV_CRT_RUR,2047,0.0
RE1,DEMRESELCTV_CRT_RUR,2048,0.0
RE1,DEMRESELCTV_CRT_RUR,2049,0.0
RE1,DEMRESELCTV_CRT_RUR,2050,0.0
RE1,DEMRESELCTV_CRT_RUR,2051,0.0
RE1,DEMRESELCTV_CRT_RUR,2052,0.0
RE1,DEMRESELCTV_CRT_RUR,2053,0.0
RE1,DEMRESELCTV_CRT_RUR,2054,0.0
RE1,DEMRESELCTV_CRT_RUR,2055,0.0
RE1,DEMRESELCTV_CRT_URB,2022,0.8846864164490601
RE1,DEMRESELCTV_CRT_URB,2023,0.8846218997194778
RE1,DEMRESELCTV_CRT_URB,2024,0.8821879569230232
RE1,DEMRESELCTV_CRT_URB,2025,0.6356989717233548
RE1,DEMRESELCTV_CRT_URB,2026,0.3245388126010182
RE1,DEMRESELCTV_CRT_URB,2027,0.0732651561499263
RE1,DEMRESELCTV_CRT_URB,2028,0.0040721256522235
RE1,DEMRESELCTV_CRT_URB,2029,2.464072138863746e-05
RE1,DEMRESELCTV_CRT_URB,2030,5.486199155507639e-09
RE1,DEMRESELCTV_CRT_URB,2031,1.1172174331890331e-14
RE1,DEMRESELCTV_CRT_URB,2032,3.661185478769732e-23
RE1,DEMRESELCTV_CRT_URB,2033,2.313792867925404e-35
RE1,DEMRESELCTV_CRT_URB,2034,2.215137975765592e-52
RE1,DEMRESELCTV_CRT_URB,2035,1.591778320743124e-75
RE1,DEMRESELCTV_CRT_URB,2036,2.582272214864312e-106
RE1,DEMRESELCTV_CRT_URB,2037,1.661554208529211e-146
RE1,DEMRESELCTV_CRT_URB,2038,4.18814648716594e-198
RE1,DEMRESELCTV_CRT_URB,2039,2.2095067815269352e-263
RE1,DEMRESELCTV_CRT_URB,2040,0.0
RE1,DEMRESELCTV_CRT_URB,2041,0.0
RE1,DEMRESELCTV_CRT_URB,2042,0.0
RE1,DEMRESELCTV_CRT_URB,2043,0.0
RE1,DEMRESELCTV_CRT_URB,2044,0.0
RE1,DEMRESELCTV_CRT_URB,2045,0.0
RE1,DEMRESELCTV_CRT_URB,2046,0.0
RE1,DEMRESELCTV_CRT_URB,2047,0.0
RE1,DEMRESELCTV_CRT_URB,2048,0.0
RE1,DEMRESELCTV_CRT_URB,2049,0.0
RE1,DEMRESELCTV_CRT_URB,2050,0.0
RE1,DEMRESELCTV_CRT_URB,2051,0.0
RE1,DEMRESELCTV_CRT_URB,2052,0.0
RE1,DEMRESELCTV_CRT_URB,2053,0.0
RE1,DEMRESELCTV_CRT_URB,2054,0.0
RE1,DEMRESELCTV_CRT_URB,2055,0.0
RE1,DEMRESELCTV_HIG_RUR,2022,0.0
RE1,DEMRESELCTV_HIG_RUR,2023,0.0
RE1,DEMRESELCTV_HIG_RUR,2024,0.0
RE1,DEMRESELCTV_HIG_RUR,2025,0.0
RE1,DEMRESELCTV_HIG_RUR,2026,0.0
RE1,DEMRESELCTV_HIG_RUR,2027,0.0
RE1,DEMRESELCTV_HIG_RUR,2028,0.0
RE1,DEMRESELCTV_HIG_RUR,2029,0.0
RE1,DEMRESELCTV_HIG_RUR,2030,0.0
RE1,DEMRESELCTV_HIG_RUR,2031,0.0
RE1,DEMRESELCTV_HIG_RUR,2032,0.0
RE1,DEMRESELCTV_HIG_RUR,2033,0.0
RE1,DEMRESELCTV_HIG_RUR,2034,0.0
RE1,DEMRESELCTV_HIG_RUR,2035,0.0
RE1,DEMRESELCTV_HIG_RUR,2036,0.0
RE1,DEMRESELCTV_HIG_RUR,2037,0.0
RE1,DEMRESELCTV_HIG_RUR,2038,0.0
RE1,DEMRESELCTV_HIG_RUR,2039,0.0
RE1,DEMRESELCTV_HIG_RUR,2040,0.0
RE1,DEMRESELCTV_HIG_RUR,2041,0.0
RE1,DEMRESELCTV_HIG_RUR,2042,0.0
RE1,DEMRESELCTV_HIG_RUR,2043,0.0
RE1,DEMRESELCTV_HIG_RUR,2044,0.0
RE1,DEMRESELCTV_HIG_RUR,2045,0.0
RE1,DEMRESELCTV_HIG_RUR,2046,0.0
RE1,DEMRESELCTV_HIG_RUR,2047,0.0
RE1,DEMRESELCTV_HIG_RUR,2048,0.0
RE1,DEMRESELCTV_HIG_RUR,2049,0.0
RE1,DEMRESELCTV_HIG_RUR,2050,0.0
RE1,DEMRESELCTV_HIG_RUR,2051,0.0
RE1,DEMRESELCTV_HIG_RUR,2052,0.0
RE1,DEMRESELCTV_HIG_RUR,2053,0.0
RE1,DEMRESELCTV_HIG_RUR,2054,0.0
RE1,DEMRESELCTV_HIG_RUR,2055,0.0
RE1,DEMRESELCTV_HIG_URB,2022,0.0
RE1,DEMRESELCTV_HIG_URB,2023,0.0
RE1,DEMRESELCTV_HIG_URB,2024,0.0
RE1,DEMRESELCTV_HIG_URB,2025,0.0
RE1,DEMRESELCTV_HIG_URB,2026,0.0
RE1,DEMRESELCTV_HIG_URB,2027,0.0
RE1,DEMRESELCTV_HIG_URB,2028,0.0
RE1,DEMRESELCTV_HIG_URB,2029,0.0
RE1,DEMRESELCTV_HIG_URB,2030,0.0
RE1,DEMRESELCTV_HIG_URB,2031,0.0
RE1,DEMRESELCTV_HIG_URB,2032,0.0
RE1,DEMRESELCTV_HIG_URB,2033,0.0
RE1,DEMRESELCTV_HIG_URB,2034,0.0
RE1,DEMRESELCTV_HIG_URB,2035,0.0
RE1,DEMRESELCTV_HIG_URB,2036,0.0
RE1,DEMRESELCTV_HIG_URB,2037,0.0
RE1,DEMRESELCTV_HIG_URB,2038,0.0
RE1,DEMRESELCTV_HIG_URB,2039,0.0
RE1,DEMRESELCTV_HIG_URB,2040,0.0
RE1,DEMRESELCTV_HIG_URB,2041,0.0
RE1,DEMRESELCTV_HIG_URB,2042,0.0
RE1,DEMRESELCTV_HIG_URB,2043,0.0
RE1,DEMRESELCTV_HIG_URB,2044,0.0
RE1,DEMRESELCTV_HIG_URB,2045,0.0
RE1,DEMRESELCTV_HIG_URB,2046,0.0
RE1,DEMRESELCTV_HIG_URB,2047,0.0
RE1,DEMRESELCTV_HIG_URB,2048,0.0
RE1,DEMRESELCTV_HIG_URB,2049,0.0
RE1,DEMRESELCTV_HIG_URB,2050,0.0
RE1,DEMRESELCTV_HIG_URB,2051,0.0
RE1,DEMRESELCTV_HIG_URB,2052,0.0
RE1,DEMRESELCTV_HIG_URB,2053,0.0
RE1,DEMRESELCTV_HIG_URB,2054,0.0
RE1,DEMRESELCTV_HIG_URB,2055,0.0
RE1,DEMRESELCTV_LOW_RUR,2022,0.1173158816036088
RE1,DEMRESELCTV_LOW_RUR,2023,0.1345433093705471
RE1,DEMRESELCTV_LOW_RUR,2024,0.1452328925986526
RE1,DEMRESELCTV_LOW_RUR,2025,0.1046538889596606
RE1,DEMRESELCTV_LOW_RUR,2026,0.0534281953689044
RE1,DEMRESELCTV_LOW_RUR,2027,0.012061500580283
RE1,DEMRESELCTV_LOW_RUR,2028,0.0006703861494101
RE1,DEMRESELCTV_LOW_RUR,2029,4.056554178625641e-06
RE1,DEMRESELCTV_LOW_RUR,2030,9.031823280672871e-10
RE1,DEMRESELCTV_LOW_RUR,2031,1.839253395043151e-15
RE1,DEMRESELCTV_LOW_RUR,2032,6.0273386555458005e-24
RE1,DEMRESELCTV_LOW_RUR,2033,3.809152329113695e-36
RE1,DEMRESELCTV_LOW_RUR,2034,3.646738693278631e-53
RE1,DEMRESELCTV_LOW_RUR,2035,2.6205137814811688e-76
RE1,DEMRESELCTV_LOW_RUR,2036,4.251144671595164e-107
RE1,DEMRESELCTV_LOW_RUR,2037,2.7353844724409264e-147
RE1,DEMRESELCTV_LOW_RUR,2038,6.894864344776696e-199
RE1,DEMRESELCTV_LOW_RUR,2039,3.637468167404331e-264
RE1,DEMRESELCTV_LOW_RUR,2040,0.0
RE1,DEMRESELCTV_LOW_RUR,2041,0.0
RE1,DEMRESELCTV_LOW_RUR,2042,0.0
RE1,DEMRESELCTV_LOW_RUR,2043,0.0
RE1,DEMRESELCTV_LOW_RUR,2044,0.0
RE1,DEMRESELCTV_LOW_RUR,2045,0.0
RE1,DEMRESELCTV_LOW_RUR,2046,0.0
RE1,DEMRESELCTV_LOW_RUR,2047,0.0
RE1,DEMRESELCTV_LOW_RUR,2048,0.0
RE1,DEMRESELCTV_LOW_RUR,2049,0.0
RE1,DEMRESELCTV_LOW_RUR,2050,0.0
RE1,DEMRESELCTV_LOW_RUR,2051,0.0
RE1,DEMRESELCTV_LOW_RUR,2052,0.0
RE1,DEMRESELCTV_LOW_RUR,2053,0.0
RE1,DEMRESELCTV_LOW_RUR,2054,0.0
RE1,DEMRESELCTV_LOW_RUR,2055,0.0
RE1,DEMRESELCTV_LOW_URB,2022,0.9715088718743424
RE1,DEMRESELCTV_LOW_URB,2023,1.027512901329338
RE1,DEMRESELCTV_LOW_URB,2024,1.072863611469276
RE1,DEMRESELCTV_LOW_URB,2025,0.7730986228708335
RE1,DEMRESELCTV_LOW_URB,2026,0.3946844658404926
RE1,DEMRESELCTV_LOW_URB,2027,0.0891006495894945
RE1,DEMRESELCTV_LOW_URB,2028,0.004952272811385
RE1,DEMRESELCTV_LOW_URB,2029,2.996655432752472e-05
RE1,DEMRESELCTV_LOW_URB,2030,6.671983439614337e-09
RE1,DEMRESELCTV_LOW_URB,2031,1.3586922387245961e-14
RE1,DEMRESELCTV_LOW_URB,2032,4.452512238675351e-23
RE1,DEMRESELCTV_LOW_URB,2033,2.813894876929165e-35
RE1,DEMRESELCTV_LOW_URB,2034,2.693916766753124e-52
RE1,DEMRESELCTV_LOW_URB,2035,1.935824474194201e-75
RE1,DEMRESELCTV_LOW_URB,2036,3.14040321282444e-106
RE1,DEMRESELCTV_LOW_URB,2037,2.020681686737387e-146
RE1,DEMRESELCTV_LOW_URB,2038,5.093370330349322e-198
RE1,DEMRESELCTV_LOW_URB,2039,2.6870684490671252e-263
RE1,DEMRESELCTV_LOW_URB,2040,0.0
RE1,DEMRESELCTV_LOW_URB,2041,0.0
RE1,DEMRESELCTV_LOW_URB,2042,0.0
RE1,DEMRESELCTV_LOW_URB,2043,0.0
RE1,DEMRESELCTV_LOW_URB,2044,0.0
RE1,DEMRESELCTV_LOW_URB,2045,0.0
RE1,DEMRESELCTV_LOW_URB,2046,0.0
RE1,DEMRESELCTV_LOW_URB,2047,0.0
RE1,DEMRESELCTV_LOW_URB,2048,0.0
RE1,DEMRESELCTV_LOW_URB,2049,0.0
RE1,DEMRESELCTV_LOW_URB,2050,0.0
RE1,DEMRESELCTV_LOW_URB,2051,0.0
RE1,DEMRESELCTV_LOW_URB,2052,0.0
RE1,DEMRESELCTV_LOW_URB,2053,0.0
RE1,DEMRESELCTV_LOW_URB,2054,0.0
RE1,DEMRESELCTV_LOW_URB,2055,0.0
RE1,DEMRESELCTV_MID_RUR,2022,0.0008084177300026
RE1,DEMRESELCTV_MID_RUR,2023,0.0012705066838075
RE1,DEMRESELCTV_MID_RUR,2024,0.0032867313971369
RE1,DEMRESELCTV_MID_RUR,2025,0.0023683975201592
RE1,DEMRESELCTV_MID_RUR,2026,0.0012091209096593
RE1,DEMRESELCTV_MID_RUR,2027,0.0002729609797372
RE1,DEMRESELCTV_MID_RUR,2028,1.517135110405722e-05
RE1,DEMRESELCTV_MID_RUR,2029,9.180292249580845e-08
RE1,DEMRESELCTV_MID_RUR,2030,2.043970661110127e-11
RE1,DEMRESELCTV_MID_RUR,2031,4.1623710528748526e-17
RE1,DEMRESELCTV_MID_RUR,2032,1.364032819693606e-25
RE1,DEMRESELCTV_MID_RUR,2033,8.620402949057322e-38
RE1,DEMRESELCTV_MID_RUR,2034,8.252848473848011e-55
RE1,DEMRESELCTV_MID_RUR,2035,5.930423038550886e-78
RE1,DEMRESELCTV_MID_RUR,2036,9.620665412563092e-109
RE1,DEMRESELCTV_MID_RUR,2037,6.19038419461737e-149
RE1,DEMRESELCTV_MID_RUR,2038,1.5603605158235502e-200
RE1,DEMRESELCTV_MID_RUR,2039,8.231868565017552e-266
RE1,DEMRESELCTV_MID_RUR,2040,0.0
RE1,DEMRESELCTV_MID_RUR,2041,0.0
RE1,DEMRESELCTV_MID_RUR,2042,0.0
RE1,DEMRESELCTV_MID_RUR,2043,0.0
RE1,DEMRESELCTV_MID_RUR,2044,0.0
RE1,DEMRESELCTV_MID_RUR,2045,0.0
RE1,DEMRESELCTV_MID_RUR,2046,0.0
RE1,DEMRESELCTV_MID_RUR,2047,0.0
RE1,DEMRESELCTV_MID_RUR,2048,0.0
RE1,DEMRESELCTV_MID_RUR,2049,0.0
RE1,DEMRESELCTV_MID_RUR,2050,0.0
RE1,DEMRESELCTV_MID_RUR,2051,0.0
RE1,DEMRESELCTV_MID_RUR,2052,0.0
RE1,DEMRESELCTV_MID_RUR,2053,0.0
RE1,DEMRESELCTV_MID_RUR,2054,0.0
RE1,DEMRESELCTV_MID_RUR,2055,0.0
RE1,DEMRESELCTV_MID_URB,2022,0.0066946178653952
RE1,DEMRESELCTV_MID_URB,2023,0.0097029128757496
RE1,DEMRESELCTV_MID_URB,2024,0.0242797237841048
RE1,DEMRESELCTV_MID_URB,2025,0.0174958129071686
RE1,DEMRESELCTV_MID_URB,2026,0.0089320112174934
RE1,DEMRESELCTV_MID_URB,2027,0.0020164158220023
RE1,DEMRESELCTV_MID_URB,2028,0.0001120737199757
RE1,DEMRESELCTV_MID_URB,2029,6.781660353241549e-07
RE1,DEMRESELCTV_MID_URB,2030,1.5099208629520868e-10
RE1,DEMRESELCTV_MID_URB,2031,3.074824414881837e-16
RE1,DEMRESELCTV_MID_URB,2032,1.007637561239814e-24
RE1,DEMRESELCTV_MID_URB,2033,6.368059242477579e-37
RE1,DEMRESELCTV_MID_URB,2034,6.096539606237534e-54
RE1,DEMRESELCTV_MID_URB,2035,4.380918788323663e-77
RE1,DEMRESELCTV_MID_URB,2036,7.106972569763267e-108
RE1,DEMRESELCTV_MID_URB,2037,4.5729571480566454e-148
RE1,DEMRESELCTV_MID_URB,2038,1.152668647058295e-199
RE1,DEMRESELCTV_MID_URB,2039,6.081041339726831e-265
RE1,DEMRESELCTV_MID_URB,2040,0.0
RE1,DEMRESELCTV_MID_URB,2041,0.0
RE1,DEMRESELCTV_MID_URB,2042,0.0
RE1,DEMRESELCTV_MID_URB,2043,0.0
RE1,DEMRESELCTV_MID_URB,2044,0.0
RE1,DEMRESELCTV_MID_URB,2045,0.0
RE1,DEMRESELCTV_MID_URB,2046,0.0
RE1,DEMRESELCTV_MID_URB,2047,0.0
RE1,DEMRESELCTV_MID_URB,2048,0.0
RE1,DEMRESELCTV_MID_URB,2049,0.0
RE1,DEMRESELCTV_MID_URB,2050,0.0
RE1,DEMRESELCTV_MID_URB,2051,0.0
RE1,DEMRESELCTV_MID_URB,2052,0.0
RE1,DEMRESELCTV_MID_URB,2053,0.0
RE1,DEMRESELCTV_MID_URB,2054,0.0
RE1,DEMRESELCTV_MID_URB,2055,0.0
RE1,DEMRESELCWHT_DUC_HIG_RUR,2022,0.0
RE1,DEMRESELCWHT_DUC_HIG_RUR,2023,0.0
RE1,DEMRESELCWHT_DUC_HIG_RUR,2024,0.0
RE1,DEMRESELCWHT_DUC_HIG_RUR,2025,0.0
RE1,DEMRESELCWHT_DUC_HIG_RUR,2026,0.0
RE1,DEMRESELCWHT_DUC_HIG_RUR,2027,0.0
RE1,DEMRESELCWHT_DUC_HIG_RUR,2028,0.0
RE1,DEMRESELCWHT_DUC_HIG_RUR,2029,0.0
RE1,DEMRESELCWHT_DUC_HIG_RUR,2030,0.0
RE1,DEMRESELCWHT_DUC_HIG_RUR,2031,0.0
RE1,DEMRESELCWHT_DUC_HIG_RUR,2032,0.0
RE1,DEMRESELCWHT_DUC_HIG_RUR,2033,0.0
RE1,DEMRESELCWHT_DUC_HIG_RUR,2034,0.0
RE1,DEMRESELCWHT_DUC_HIG_RUR,2035,0.0
RE1,DEMRESELCWHT_DUC_HIG_RUR,2036,0.0
RE1,DEMRESELCWHT_DUC_HIG_RUR,2037,0.0
RE1,DEMRESELCWHT_DUC_HIG_RUR,2038,0.0
RE1,DEMRESELCWHT_DUC_HIG_RUR,2039,0.0
RE1,DEMRESELCWHT_DUC_HIG_RUR,2040,0.0
RE1,DEMRESELCWHT_DUC_HIG_RUR,2041,0.0
RE1,DEMRESELCWHT_DUC_HIG_RUR,2042,0.0
RE1,DEMRESELCWHT_DUC_HIG_RUR,2043,0.0
RE1,DEMRESELCWHT_DUC_HIG_RUR,2044,0.0
RE1,DEMRESELCWHT_DUC_HIG_RUR,2045,0.0
RE1,DEMRESELCWHT_DUC_HIG_RUR,2046,0.0
RE1,DEMRESELCWHT_DUC_HIG_RUR,2047,0.0
RE1,DEMRESELCWHT_DUC_HIG_RUR,2048,0.0
RE1,DEMRESELCWHT_DUC_HIG_RUR,2049,0.0
RE1,DEMRESELCWHT_DUC_HIG_RUR,2050,0.0
RE1,DEMRESELCWHT_DUC_HIG_RUR,2051,0.0
RE1,DEMRESELCWHT_DUC_HIG_RUR,2052,0.0
RE1,DEMRESELCWHT_DUC_HIG_RUR,2053,0.0
RE1,DEMRESELCWHT_DUC_HIG_RUR,2054,0.0
RE1,DEMRESELCWHT_DUC_HIG_RUR,2055,0.0
RE1,DEMRESELCWHT_DUC_HIG_URB,2022,0.0
RE1,DEMRESELCWHT_DUC_HIG_URB,2023,0.0
RE1,DEMRESELCWHT_DUC_HIG_URB,2024,0.0
RE1,DEMRESELCWHT_DUC_HIG_URB,2025,0.0
RE1,DEMRESELCWHT_DUC_HIG_URB,2026,0.0
RE1,DEMRESELCWHT_DUC_HIG_URB,2027,0.0
RE1,DEMRESELCWHT_DUC_HIG_URB,2028,0.0
RE1,DEMRESELCWHT_DUC_HIG_URB,2029,0.0
RE1,DEMRESELCWHT_DUC_HIG_URB,2030,0.0
RE1,DEMRESELCWHT_DUC_HIG_URB,2031,0.0
RE1,DEMRESELCWHT_DUC_HIG_URB,2032,0.0
RE1,DEMRESELCWHT_DUC_HIG_URB,2033,0.0
RE1,DEMRESELCWHT_DUC_HIG_URB,2034,0.0
RE1,DEMRESELCWHT_DUC_HIG_URB,2035,0.0
RE1,DEMRESELCWHT_DUC_HIG_URB,2036,0.0
RE1,DEMRESELCWHT_DUC_HIG_URB,2037,0.0
RE1,DEMRESELCWHT_DUC_HIG_URB,2038,0.0
RE1,DEMRESELCWHT_DUC_HIG_URB,2039,0.0
RE1,DEMRESELCWHT_DUC_HIG_URB,2040,0.0
RE1,DEMRESELCWHT_DUC_HIG_URB,2041,0.0
RE1,DEMRESELCWHT_DUC_HIG_URB,2042,0.0
RE1,DEMRESELCWHT_DUC_HIG_URB,2043,0.0
RE1,DEMRESELCWHT_DUC_HIG_URB,2044,0.0
RE1,DEMRESELCWHT_DUC_HIG_URB,2045,0.0
RE1,DEMRESELCWHT_DUC_HIG_URB,2046,0.0
RE1,DEMRESELCWHT_DUC_HIG_URB,2047,0.0
RE1,DEMRESELCWHT_DUC_HIG_URB,2048,0.0
RE1,DEMRESELCWHT_DUC_HIG_URB,2049,0.0
RE1,DEMRESELCWHT_DUC_HIG_URB,2050,0.0
RE1,DEMRESELCWHT_DUC_HIG_URB,2051,0.0
RE1,DEMRESELCWHT_DUC_HIG_URB,2052,0.0
RE1,DEMRESELCWHT_DUC_HIG_URB,2053,0.0
RE1,DEMRESELCWHT_DUC_HIG_URB,2054,0.0
RE1,DEMRESELCWHT_DUC_HIG_URB,2055,0.0
RE1,DEMRESELCWHT_DUC_LOW_RUR,2022,0.0943017532625273
RE1,DEMRESELCWHT_DUC_LOW_RUR,2023,0.101618663800053
RE1,DEMRESELCWHT_DUC_LOW_RUR,2024,0.1022867724343545
RE1,DEMRESELCWHT_DUC_LOW_RUR,2025,0.0015125373326062
RE1,DEMRESELCWHT_DUC_LOW_RUR,2026,2.659234848115919e-07
RE1,DEMRESELCWHT_DUC_LOW_RUR,2027,1.295376619591188e-15
RE1,DEMRESELCWHT_DUC_LOW_RUR,2028,9.37586661211389e-32
RE1,DEMRESELCWHT_DUC_LOW_RUR,2029,2.793775866464531e-60
RE1,DEMRESELCWHT_DUC_LOW_RUR,2030,2.9940591268854697e-107
RE1,DEMRESELCWHT_DUC_LOW_RUR,2031,1.940039003888766e-180
RE1,DEMRESELCWHT_DUC_LOW_RUR,2032,1.500502552129776e-289
RE1,DEMRESELCWHT_DUC_LOW_RUR,2033,0.0
RE1,DEMRESELCWHT_DUC_LOW_RUR,2034,0.0
RE1,DEMRESELCWHT_DUC_LOW_RUR,2035,0.0
RE1,DEMRESELCWHT_DUC_LOW_RUR,2036,0.0
RE1,DEMRESELCWHT_DUC_LOW_RUR,2037,0.0
RE1,DEMRESELCWHT_DUC_LOW_RUR,2038,0.0
RE1,DEMRESELCWHT_DUC_LOW_RUR,2039,0.0
RE1,DEMRESELCWHT_DUC_LOW_RUR,2040,0.0
RE1,DEMRESELCWHT_DUC_LOW_RUR,2041,0.0
RE1,DEMRESELCWHT_DUC_LOW_RUR,2042,0.0
RE1,DEMRESELCWHT_DUC_LOW_RUR,2043,0.0
RE1,DEMRESELCWHT_DUC_LOW_RUR,2044,0.0
RE1,DEMRESELCWHT_DUC_LOW_RUR,2045,0.0
RE1,DEMRESELCWHT_DUC_LOW_RUR,2046,0.0
RE1,DEMRESELCWHT_DUC_LOW_RUR,2047,0.0
RE1,DEMRESELCWHT_DUC_LOW_RUR,2048,0.0
RE1,DEMRESELCWHT_DUC_LOW_RUR,2049,0.0
RE1,DEMRESELCWHT_DUC_LOW_RUR,2050,0.0
RE1,DEMRESELCWHT_DUC_LOW_RUR,2051,0.0
RE1,DEMRESELCWHT_DUC_LOW_RUR,2052,0.0
RE1,DEMRESELCWHT_DUC_LOW_RUR,2053,0.0
RE1,DEMRESELCWHT_DUC_LOW_RUR,2054,0.0
RE1,DEMRESELCWHT_DUC_LOW_RUR,2055,0.0
RE1,DEMRESELCWHT_DUC_LOW_URB,2022,5.686908564153499
RE1,DEMRESELCWHT_DUC_LOW_URB,2023,5.848424035887642
RE1,DEMRESELCWHT_DUC_LOW_URB,2024,5.942049759578543
RE1,DEMRESELCWHT_DUC_LOW_URB,2025,2.0
RE1,DEMRESELCWHT_DUC_LOW_URB,2026,1.544804417409009e-05
RE1,DEMRESELCWHT_DUC_LOW_URB,2027,7.525110185625793e-14
RE1,DEMRESELCWHT_DUC_LOW_URB,2028,5.446634459417179e-30
RE1,DEMRESELCWHT_DUC_LOW_URB,2029,1.622962072275369e-58
RE1,DEMRESELCWHT_DUC_LOW_URB,2030,1.739310752667609e-105
RE1,DEMRESELCWHT_DUC_LOW_URB,2031,1.1270087052584e-178
RE1,DEMRESELCWHT_DUC_LOW_URB,2032,8.716729071544288e-288
RE1,DEMRESELCWHT_DUC_LOW_URB,2033,0.0
RE1,DEMRESELCWHT_DUC_LOW_URB,2034,0.0
RE1,DEMRESELCWHT_DUC_LOW_URB,2035,0.0
RE1,DEMRESELCWHT_DUC_LOW_URB,2036,0.0
RE1,DEMRESELCWHT_DUC_LOW_URB,2037,0.0
RE1,DEMRESELCWHT_DUC_LOW_URB,2038,0.0
RE1,DEMRESELCWHT_DUC_LOW_URB,2039,0.0
RE1,DEMRESELCWHT_DUC_LOW_URB,2040,0.0
RE1,DEMRESELCWHT_DUC_LOW_URB,2041,0.0
RE1,DEMRESELCWHT_DUC_LOW_URB,2042,0.0
RE1,DEMRESELCWHT_DUC_LOW_URB,2043,0.0
RE1,DEMRESELCWHT_DUC_LOW_URB,2044,0.0
RE1,DEMRESELCWHT_DUC_LOW_URB,2045,0.0
RE1,DEMRESELCWHT_DUC_LOW_URB,2046,0.0
RE1,DEMRESELCWHT_DUC_LOW_URB,2047,0.0
RE1,DEMRESELCWHT_DUC_LOW_URB,2048,0.0
RE1,DEMRESELCWHT_DUC_LOW_URB,2049,0.0
RE1,DEMRESELCWHT_DUC_LOW_URB,2050,0.0
RE1,DEMRESELCWHT_DUC_LOW_URB,2051,0.0
RE1,DEMRESELCWHT_DUC_LOW_URB,2052,0.0
RE1,DEMRESELCWHT_DUC_LOW_URB,2053,0.0
RE1,DEMRESELCWHT_DUC_LOW_URB,2054,0.0
RE1,DEMRESELCWHT_DUC_LOW_URB,2055,0.0
RE1,DEMRESELCWHT_DUC_MID_RUR,2022,0.0006498285506249
RE1,DEMRESELCWHT_DUC_MID_RUR,2023,0.0009595957774606
RE1,DEMRESELCWHT_DUC_MID_RUR,2024,0.0023148278634155
RE1,DEMRESELCWHT_DUC_MID_RUR,2025,3.422987624543693e-05
RE1,DEMRESELCWHT_DUC_MID_RUR,2026,6.018051772759714e-09
RE1,DEMRESELCWHT_DUC_MID_RUR,2027,2.931536327995056e-17
RE1,DEMRESELCWHT_DUC_MID_RUR,2028,2.12183029739429e-33
RE1,DEMRESELCWHT_DUC_MID_RUR,2029,6.322528383599641e-62
RE1,DEMRESELCWHT_DUC_MID_RUR,2030,6.775784714564277e-109
RE1,DEMRESELCWHT_DUC_MID_RUR,2031,4.3904565912438145e-182
RE1,DEMRESELCWHT_DUC_MID_RUR,2032,3.395751996207835e-291
RE1,DEMRESELCWHT_DUC_MID_RUR,2033,0.0
RE1,DEMRESELCWHT_DUC_MID_RUR,2034,0.0
RE1,DEMRESELCWHT_DUC_MID_RUR,2035,0.0
RE1,DEMRESELCWHT_DUC_MID_RUR,2036,0.0
RE1,DEMRESELCWHT_DUC_MID_RUR,2037,0.0
RE1,DEMRESELCWHT_DUC_MID_RUR,2038,0.0
RE1,DEMRESELCWHT_DUC_MID_RUR,2039,0.0
RE1,DEMRESELCWHT_DUC_MID_RUR,2040,0.0
RE1,DEMRESELCWHT_DUC_MID_RUR,2041,0.0
RE1,DEMRESELCWHT_DUC_MID_RUR,2042,0.0
RE1,DEMRESELCWHT_DUC_MID_RUR,2043,0.0
RE1,DEMRESELCWHT_DUC_MID_RUR,2044,0.0
RE1,DEMRESELCWHT_DUC_MID_RUR,2045,0.0
RE1,DEMRESELCWHT_DUC_MID_RUR,2046,0.0
RE1,DEMRESELCWHT_DUC_MID_RUR,2047,0.0
RE1,DEMRESELCWHT_DUC_MID_RUR,2048,0.0
RE1,DEMRESELCWHT_DUC_MID_RUR,2049,0.0
RE1,DEMRESELCWHT_DUC_MID_RUR,2050,0.0
RE1,DEMRESELCWHT_DUC_MID_RUR,2051,0.0
RE1,DEMRESELCWHT_DUC_MID_RUR,2052,0.0
RE1,DEMRESELCWHT_DUC_MID_RUR,2053,0.0
RE1,DEMRESELCWHT_DUC_MID_RUR,2054,0.0
RE1,DEMRESELCWHT_DUC_MID_RUR,2055,0.0
RE1,DEMRESELCWHT_DUC_MID_URB,2022,0.0391881955735507
RE1,DEMRESELCWHT_DUC_MID_URB,2023,0.055227286009978
RE1,DEMRESELCWHT_DUC_MID_URB,2024,0.134473129046101
RE1,DEMRESELCWHT_DUC_MID_URB,2025,0.0019884841712562
RE1,DEMRESELCWHT_DUC_MID_URB,2026,3.496010504428403e-07
RE1,DEMRESELCWHT_DUC_MID_URB,2027,1.702989968144528e-15
RE1,DEMRESELCWHT_DUC_MID_URB,2028,1.232615020342907e-31
RE1,DEMRESELCWHT_DUC_MID_URB,2029,3.672887252924871e-60
RE1,DEMRESELCWHT_DUC_MID_URB,2030,3.936193212076564e-107
RE1,DEMRESELCWHT_DUC_MID_URB,2031,2.550506865311766e-180
RE1,DEMRESELCWHT_DUC_MID_URB,2032,1.9726624325354261e-289
RE1,DEMRESELCWHT_DUC_MID_URB,2033,0.0
RE1,DEMRESELCWHT_DUC_MID_URB,2034,0.0
RE1,DEMRESELCWHT_DUC_MID_URB,2035,0.0
RE1,DEMRESELCWHT_DUC_MID_URB,2036,0.0
RE1,DEMRESELCWHT_DUC_MID_URB,2037,0.0
RE1,DEMRESELCWHT_DUC_MID_URB,2038,0.0
RE1,DEMRESELCWHT_DUC_MID_URB,2039,0.0
RE1,DEMRESELCWHT_DUC_MID_URB,2040,0.0
RE1,DEMRESELCWHT_DUC_MID_URB,2041,0.0
RE1,DEMRESELCWHT_DUC_MID_URB,2042,0.0
RE1,DEMRESELCWHT_DUC_MID_URB,2043,0.0
RE1,DEMRESELCWHT_DUC_MID_URB,2044,0.0
RE1,DEMRESELCWHT_DUC_MID_URB,2045,0.0
RE1,DEMRESELCWHT_DUC_MID_URB,2046,0.0
RE1,DEMRESELCWHT_DUC_MID_URB,2047,0.0
RE1,DEMRESELCWHT_DUC_MID_URB,2048,0.0
RE1,DEMRESELCWHT_DUC_MID_URB,2049,0.0
RE1,DEMRESELCWHT_DUC_MID_URB,2050,0.0
RE1,DEMRESELCWHT_DUC_MID_URB,2051,0.0
RE1,DEMRESELCWHT_DUC_MID_URB,2052,0.0
RE1,DEMRESELCWHT_DUC_MID_URB,2053,0.0
RE1,DEMRESELCWHT_DUC_MID_URB,2054,0.0
RE1,DEMRESELCWHT_DUC_MID_URB,2055,0.0
RE1,DEMRESELCWHT_PAS_HIG_RUR,2022,0.0
RE1,DEMRESELCWHT_PAS_HIG_RUR,2023,0.0
RE1,DEMRESELCWHT_PAS_HIG_RUR,2024,0.0
RE1,DEMRESELCWHT_PAS_HIG_RUR,2025,0.0
RE1,DEMRESELCWHT_PAS_HIG_RUR,2026,0.0
RE1,DEMRESELCWHT_PAS_HIG_RUR,2027,0.0
RE1,DEMRESELCWHT_PAS_HIG_RUR,2028,0.0
RE1,DEMRESELCWHT_PAS_HIG_RUR,2029,0.0
RE1,DEMRESELCWHT_PAS_HIG_RUR,2030,0.0
RE1,DEMRESELCWHT_PAS_HIG_RUR,2031,0.0
RE1,DEMRESELCWHT_PAS_HIG_RUR,2032,0.0
RE1,DEMRESELCWHT_PAS_HIG_RUR,2033,0.0
RE1,DEMRESELCWHT_PAS_HIG_RUR,2034,0.0
RE1,DEMRESELCWHT_PAS_HIG_RUR,2035,0.0
RE1,DEMRESELCWHT_PAS_HIG_RUR,2036,0.0
RE1,DEMRESELCWHT_PAS_HIG_RUR,2037,0.0
RE1,DEMRESELCWHT_PAS_HIG_RUR,2038,0.0
RE1,DEMRESELCWHT_PAS_HIG_RUR,2039,0.0
RE1,DEMRESELCWHT_PAS_HIG_RUR,2040,0.0
RE1,DEMRESELCWHT_PAS_HIG_RUR,2041,0.0
RE1,DEMRESELCWHT_PAS_HIG_RUR,2042,0.0
RE1,DEMRESELCWHT_PAS_HIG_RUR,2043,0.0
RE1,DEMRESELCWHT_PAS_HIG_RUR,2044,0.0
RE1,DEMRESELCWHT_PAS_HIG_RUR,2045,0.0
RE1,DEMRESELCWHT_PAS_HIG_RUR,2046,0.0
RE1,DEMRESELCWHT_PAS_HIG_RUR,2047,0.0
RE1,DEMRESELCWHT_PAS_HIG_RUR,2048,0.0
RE1,DEMRESELCWHT_PAS_HIG_RUR,2049,0.0
RE1,DEMRESELCWHT_PAS_HIG_RUR,2050,0.0
RE1,DEMRESELCWHT_PAS_HIG_RUR,2051,0.0
RE1,DEMRESELCWHT_PAS_HIG_RUR,2052,0.0
RE1,DEMRESELCWHT_PAS_HIG_RUR,2053,0.0
RE1,DEMRESELCWHT_PAS_HIG_RUR,2054,0.0
RE1,DEMRESELCWHT_PAS_HIG_RUR,2055,0.0
RE1,DEMRESELCWHT_PAS_HIG_URB,2022,0.0
RE1,DEMRESELCWHT_PAS_HIG_URB,2023,0.0
RE1,DEMRESELCWHT_PAS_HIG_URB,2024,0.0
RE1,DEMRESELCWHT_PAS_HIG_URB,2025,0.0
RE1,DEMRESELCWHT_PAS_HIG_URB,2026,0.0
RE1,DEMRESELCWHT_PAS_HIG_URB,2027,0.0
RE1,DEMRESELCWHT_PAS_HIG_URB,2028,0.0
RE1,DEMRESELCWHT_PAS_HIG_URB,2029,0.0
RE1,DEMRESELCWHT_PAS_HIG_URB,2030,0.0
RE1,DEMRESELCWHT_PAS_HIG_URB,2031,0.0
RE1,DEMRESELCWHT_PAS_HIG_URB,2032,0.0
RE1,DEMRESELCWHT_PAS_HIG_URB,2033,0.0
RE1,DEMRESELCWHT_PAS_HIG_URB,2034,0.0
RE1,DEMRESELCWHT_PAS_HIG_URB,2035,0.0
RE1,DEMRESELCWHT_PAS_HIG_URB,2036,0.0
RE1,DEMRESELCWHT_PAS_HIG_URB,2037,0.0
RE1,DEMRESELCWHT_PAS_HIG_URB,2038,0.0
RE1,DEMRESELCWHT_PAS_HIG_URB,2039,0.0
RE1,DEMRESELCWHT_PAS_HIG_URB,2040,0.0
RE1,DEMRESELCWHT_PAS_HIG_URB,2041,0.0
RE1,DEMRESELCWHT_PAS_HIG_URB,2042,0.0
RE1,DEMRESELCWHT_PAS_HIG_URB,2043,0.0
RE1,DEMRESELCWHT_PAS_HIG_URB,2044,0.0
RE1,DEMRESELCWHT_PAS_HIG_URB,2045,0.0
RE1,DEMRESELCWHT_PAS_HIG_URB,2046,0.0
RE1,DEMRESELCWHT_PAS_HIG_URB,2047,0.0
RE1,DEMRESELCWHT_PAS_HIG_URB,2048,0.0
RE1,DEMRESELCWHT_PAS_HIG_URB,2049,0.0
RE1,DEMRESELCWHT_PAS_HIG_URB,2050,0.0
RE1,DEMRESELCWHT_PAS_HIG_URB,2051,0.0
RE1,DEMRESELCWHT_PAS_HIG_URB,2052,0.0
RE1,DEMRESELCWHT_PAS_HIG_URB,2053,0.0
RE1,DEMRESELCWHT_PAS_HIG_URB,2054,0.0
RE1,DEMRESELCWHT_PAS_HIG_URB,2055,0.0
RE1,DEMRESELCWHT_PAS_LOW_RUR,2022,0.1200204132432166
RE1,DEMRESELCWHT_PAS_LOW_RUR,2023,0.1293328448364311
RE1,DEMRESELCWHT_PAS_LOW_RUR,2024,0.1301831649164512
RE1,DEMRESELCWHT_PAS_LOW_RUR,2025,0.1288568914171575
RE1,DEMRESELCWHT_PAS_LOW_RUR,2026,0.1261778500063393
RE1,DEMRESELCWHT_PAS_LOW_RUR,2027,0.1204436995019477
RE1,DEMRESELCWHT_PAS_LOW_RUR,2028,0.1100431343844884
RE1,DEMRESELCWHT_PAS_LOW_RUR,2029,0.0938091519201061
RE1,DEMRESELCWHT_PAS_LOW_RUR,2030,0.072128728588804
RE1,DEMRESELCWHT_PAS_LOW_RUR,2031,0.0478917099593937
RE1,DEMRESELCWHT_PAS_LOW_RUR,2032,0.0260087343903503
RE1,DEMRESELCWHT_PAS_LOW_RUR,2033,0.0108116301416792
RE1,DEMRESELCWHT_PAS_LOW_RUR,2034,0.0031772384885812
RE1,DEMRESELCWHT_PAS_LOW_RUR,2035,0.0006009175269099
RE1,DEMRESELCWHT_PAS_LOW_RUR,2036,6.555881631202462e-05
RE1,DEMRESELCWHT_PAS_LOW_RUR,2037,3.636194612524299e-06
RE1,DEMRESELCWHT_PAS_LOW_RUR,2038,8.875528515827577e-08
RE1,DEMRESELCWHT_PAS_LOW_RUR,2039,8.095902509449761e-10
RE1,DEMRESELCWHT_PAS_LOW_RUR,2040,2.296114293560632e-12
RE1,DEMRESELCWHT_PAS_LOW_RUR,2041,1.648661152206966e-15
RE1,DEMRESELCWHT_PAS_LOW_RUR,2042,2.3852260687928463e-19
RE1,DEMRESELCWHT_PAS_LOW_RUR,2043,5.4027569661550594e-24
RE1,DEMRESELCWHT_PAS_LOW_RUR,2044,1.4516848357041538e-29
RE1,DEMRESELCWHT_PAS_LOW_RUR,2045,3.414429727178021e-36
RE1,DEMRESELCWHT_PAS_LOW_RUR,2046,5.046430857147906e-44
RE1,DEMRESELCWHT_PAS_LOW_RUR,2047,3.268846169897879e-53
RE1,DEMRESELCWHT_PAS_LOW_RUR,2048,6.281212859547757e-64
RE1,DEMRESELCWHT_PAS_LOW_RUR,2049,2.34896359685644e-76
RE1,DEMRESELCWHT_PAS_LOW_RUR,2050,1.0858417690212872e-90
RE1,DEMRESELCWHT_PAS_LOW_RUR,2051,3.810620706945144e-107
RE1,DEMRESELCWHT_PAS_LOW_RUR,2052,6.021876116120116e-126
RE1,DEMRESELCWHT_PAS_LOW_RUR,2053,2.45193083683703e-147
RE1,DEMRESELCWHT_PAS_LOW_RUR,2054,1.418085954089628e-171
RE1,DEMRESELCWHT_PAS_LOW_RUR,2055,1.418085954089628e-171
RE1,DEMRESELCWHT_PAS_LOW_URB,2022,0.793951520320131
RE1,DEMRESELCWHT_PAS_LOW_URB,2023,0.8165007582570409
RE1,DEMRESELCWHT_PAS_LOW_URB,2024,0.8295718820190824
RE1,DEMRESELCWHT_PAS_LOW_URB,2025,0.8211204113270987
RE1,DEMRESELCWHT_PAS_LOW_URB,2026,0.8040486384399834
RE1,DEMRESELCWHT_PAS_LOW_URB,2027,0.767508660104369
RE1,DEMRESELCWHT_PAS_LOW_URB,2028,0.7012326836054881
RE1,DEMRESELCWHT_PAS_LOW_URB,2029,0.5977841663238148
RE1,DEMRESELCWHT_PAS_LOW_URB,2030,0.4596290554270918
RE1,DEMRESELCWHT_PAS_LOW_URB,2031,0.3051824403687217
RE1,DEMRESELCWHT_PAS_LOW_URB,2032,0.1657365969784534
RE1,DEMRESELCWHT_PAS_LOW_URB,2033,0.0688954241516807
RE1,DEMRESELCWHT_PAS_LOW_URB,2034,0.0202464559398858
RE1,DEMRESELCWHT_PAS_LOW_URB,2035,0.0038292530686043
RE1,DEMRESELCWHT_PAS_LOW_URB,2036,0.0004177633157544
RE1,DEMRESELCWHT_PAS_LOW_URB,2037,2.31710821444182e-05
RE1,DEMRESELCWHT_PAS_LOW_URB,2038,5.655791898679422e-07
RE1,DEMRESELCWHT_PAS_LOW_URB,2039,5.158987404951726e-09
RE1,DEMRESELCWHT_PAS_LOW_URB,2040,1.4631629650903508e-11
RE1,DEMRESELCWHT_PAS_LOW_URB,2041,1.050583564876328e-14
RE1,DEMRESELCWHT_PAS_LOW_URB,2042,1.519948051807895e-18
RE1,DEMRESELCWHT_PAS_LOW_URB,2043,3.4428224781456173e-23
RE1,DEMRESELCWHT_PAS_LOW_URB,2044,9.250634842274247e-29
RE1,DEMRESELCWHT_PAS_LOW_URB,2045,2.1757920055291487e-35
RE1,DEMRESELCWHT_PAS_LOW_URB,2046,3.2157592314874892e-43
RE1,DEMRESELCWHT_PAS_LOW_URB,2047,2.083021157868909e-52
RE1,DEMRESELCWHT_PAS_LOW_URB,2048,4.002604773514014e-63
RE1,DEMRESELCWHT_PAS_LOW_URB,2049,1.496840358036389e-75
RE1,DEMRESELCWHT_PAS_LOW_URB,2050,6.919357049584888e-90
RE1,DEMRESELCWHT_PAS_LOW_URB,2051,2.428258518334649e-106
RE1,DEMRESELCWHT_PAS_LOW_URB,2052,3.837346484963386e-125
RE1,DEMRESELCWHT_PAS_LOW_URB,2053,1.562454623223311e-146
RE1,DEMRESELCWHT_PAS_LOW_URB,2054,9.036531217795712e-171
RE1,DEMRESELCWHT_PAS_LOW_URB,2055,9.036531217795712e-171
RE1,DEMRESELCWHT_PAS_MID_RUR,2022,0.0008270545189772
RE1,DEMRESELCWHT_PAS_MID_RUR,2023,0.0012213037167681
RE1,DEMRESELCWHT_PAS_MID_RUR,2024,0.0029461445534379
RE1,DEMRESELCWHT_PAS_MID_RUR,2025,0.0029161299701481
RE1,DEMRESELCWHT_PAS_MID_RUR,2026,0.0028555012147635
RE1,DEMRESELCWHT_PAS_MID_RUR,2027,0.0027257330048114
RE1,DEMRESELCWHT_PAS_MID_RUR,2028,0.002490360264464
RE1,DEMRESELCWHT_PAS_MID_RUR,2029,0.0021229728296237
RE1,DEMRESELCWHT_PAS_MID_RUR,2030,0.0016323282738954
RE1,DEMRESELCWHT_PAS_MID_RUR,2031,0.001083826011929
RE1,DEMRESELCWHT_PAS_MID_RUR,2032,0.0005885975441995
RE1,DEMRESELCWHT_PAS_MID_RUR,2033,0.0002446754561247
RE1,DEMRESELCWHT_PAS_MID_RUR,2034,7.190333615037422e-05
RE1,DEMRESELCWHT_PAS_MID_RUR,2035,1.359922306472871e-05
RE1,DEMRESELCWHT_PAS_MID_RUR,2036,1.483646136053531e-06
RE1,DEMRESELCWHT_PAS_MID_RUR,2037,8.22898641295456e-08
RE1,DEMRESELCWHT_PAS_MID_RUR,2038,2.008599960875933e-09
RE1,DEMRESELCWHT_PAS_MID_RUR,2039,1.832164635011586e-11
RE1,DEMRESELCWHT_PAS_MID_RUR,2040,5.1962821954637415e-14
RE1,DEMRESELCWHT_PAS_MID_RUR,2041,3.731046235630071e-17
RE1,DEMRESELCWHT_PAS_MID_RUR,2042,5.3979489558440606e-21
RE1,DEMRESELCWHT_PAS_MID_RUR,2043,1.222685208152853e-25
RE1,DEMRESELCWHT_PAS_MID_RUR,2044,3.2852737715841462e-31
RE1,DEMRESELCWHT_PAS_MID_RUR,2045,7.727115522408885e-38
RE1,DEMRESELCWHT_PAS_MID_RUR,2046,1.142045885397649e-45
RE1,DEMRESELCWHT_PAS_MID_RUR,2047,7.39764880171095e-55
RE1,DEMRESELCWHT_PAS_MID_RUR,2048,1.421486493051354e-65
RE1,DEMRESELCWHT_PAS_MID_RUR,2049,5.31588420940914e-78
RE1,DEMRESELCWHT_PAS_MID_RUR,2050,2.45734294119413e-92
RE1,DEMRESELCWHT_PAS_MID_RUR,2051,8.623726000354534e-109
RE1,DEMRESELCWHT_PAS_MID_RUR,2052,1.362796605257795e-127
RE1,DEMRESELCWHT_PAS_MID_RUR,2053,5.548906945832891e-149
RE1,DEMRESELCWHT_PAS_MID_RUR,2054,3.209236933692109e-173
RE1,DEMRESELCWHT_PAS_MID_RUR,2055,3.209236933692109e-173
RE1,DEMRESELCWHT_PAS_MID_URB,2022,0.0054710792521515
RE1,DEMRESELCWHT_PAS_MID_URB,2023,0.0077103029169774
RE1,DEMRESELCWHT_PAS_MID_URB,2024,0.0187738459382543
RE1,DEMRESELCWHT_PAS_MID_URB,2025,0.0185825826949332
RE1,DEMRESELCWHT_PAS_MID_URB,2026,0.0181962354222948
RE1,DEMRESELCWHT_PAS_MID_URB,2027,0.0173693077759643
RE1,DEMRESELCWHT_PAS_MID_URB,2028,0.0158694317565783
RE1,DEMRESELCWHT_PAS_MID_URB,2029,0.0135283127190573
RE1,DEMRESELCWHT_PAS_MID_URB,2030,0.0104017569331443
RE1,DEMRESELCWHT_PAS_MID_URB,2031,0.0069065119524037
RE1,DEMRESELCWHT_PAS_MID_URB,2032,0.0037507459033338
RE1,DEMRESELCWHT_PAS_MID_URB,2033,0.0015591561224643
RE1,DEMRESELCWHT_PAS_MID_URB,2034,0.0004581927773226
RE1,DEMRESELCWHT_PAS_MID_URB,2035,8.665892459324188e-05
RE1,DEMRESELCWHT_PAS_MID_URB,2036,9.454303235953462e-06
RE1,DEMRESELCWHT_PAS_MID_URB,2037,5.24379304350551e-07
RE1,DEMRESELCWHT_PAS_MID_URB,2038,1.2799489479585831e-08
RE1,DEMRESELCWHT_PAS_MID_URB,2039,1.1675182927153558e-10
RE1,DEMRESELCWHT_PAS_MID_URB,2040,3.311249655944081e-13
RE1,DEMRESELCWHT_PAS_MID_URB,2041,2.377550929552425e-16
RE1,DEMRESELCWHT_PAS_MID_URB,2042,3.439758648682706e-20
RE1,DEMRESELCWHT_PAS_MID_URB,2043,7.791370488612842e-25
RE1,DEMRESELCWHT_PAS_MID_URB,2044,2.093489390421623e-30
RE1,DEMRESELCWHT_PAS_MID_URB,2045,4.923983658422758e-37
RE1,DEMRESELCWHT_PAS_MID_URB,2046,7.277509001332889e-45
RE1,DEMRESELCWHT_PAS_MID_URB,2047,4.714036137383881e-54
RE1,DEMRESELCWHT_PAS_MID_URB,2048,9.058200621118094e-65
RE1,DEMRESELCWHT_PAS_MID_URB,2049,3.387464170981901e-77
RE1,DEMRESELCWHT_PAS_MID_URB,2050,1.565903402180317e-91
RE1,DEMRESELCWHT_PAS_MID_URB,2051,5.495334679197801e-108
RE1,DEMRESELCWHT_PAS_MID_URB,2052,8.68420847932589e-127
RE1,DEMRESELCWHT_PAS_MID_URB,2053,3.535954269630485e-148
RE1,DEMRESELCWHT_PAS_MID_URB,2054,2.0450361032755013e-172
RE1,DEMRESELCWHT_PAS_MID_URB,2055,2.0450361032755013e-172
RE1,DEMRESELCWHT_TAN_HIG_RUR,2022,0.0
RE1,DEMRESELCWHT_TAN_HIG_RUR,2023,0.0
RE1,DEMRESELCWHT_TAN_HIG_RUR,2024,0.0
RE1,DEMRESELCWHT_TAN_HIG_RUR,2025,0.0
RE1,DEMRESELCWHT_TAN_HIG_RUR,2026,0.0
RE1,DEMRESELCWHT_TAN_HIG_RUR,2027,0.0
RE1,DEMRESELCWHT_TAN_HIG_RUR,2028,0.0
RE1,DEMRESELCWHT_TAN_HIG_RUR,2029,0.0
RE1,DEMRESELCWHT_TAN_HIG_RUR,2030,0.0
RE1,DEMRESELCWHT_TAN_HIG_RUR,2031,0.0
RE1,DEMRESELCWHT_TAN_HIG_RUR,2032,0.0
RE1,DEMRESELCWHT_TAN_HIG_RUR,2033,0.0
RE1,DEMRESELCWHT_TAN_HIG_RUR,2034,0.0
RE1,DEMRESELCWHT_TAN_HIG_RUR,2035,0.0
RE1,DEMRESELCWHT_TAN_HIG_RUR,2036,0.0
RE1,DEMRESELCWHT_TAN_HIG_RUR,2037,0.0
RE1,DEMRESELCWHT_TAN_HIG_RUR,2038,0.0
RE1,DEMRESELCWHT_TAN_HIG_RUR,2039,0.0
RE1,DEMRESELCWHT_TAN_HIG_RUR,2040,0.0
RE1,DEMRESELCWHT_TAN_HIG_RUR,2041,0.0
RE1,DEMRESELCWHT_TAN_HIG_RUR,2042,0.0
RE1,DEMRESELCWHT_TAN_HIG_RUR,2043,0.0
RE1,DEMRESELCWHT_TAN_HIG_RUR,2044,0.0
RE1,DEMRESELCWHT_TAN_HIG_RUR,2045,0.0
RE1,DEMRESELCWHT_TAN_HIG_RUR,2046,0.0
RE1,DEMRESELCWHT_TAN_HIG_RUR,2047,0.0
RE1,DEMRESELCWHT_TAN_HIG_RUR,2048,0.0
RE1,DEMRESELCWHT_TAN_HIG_RUR,2049,0.0
RE1,DEMRESELCWHT_TAN_HIG_RUR,2050,0.0
RE1,DEMRESELCWHT_TAN_HIG_RUR,2051,0.0
RE1,DEMRESELCWHT_TAN_HIG_RUR,2052,0.0
RE1,DEMRESELCWHT_TAN_HIG_RUR,2053,0.0
RE1,DEMRESELCWHT_TAN_HIG_RUR,2054,0.0
RE1,DEMRESELCWHT_TAN_HIG_RUR,2055,0.0
RE1,DEMRESELCWHT_TAN_HIG_URB,2022,0.0
RE1,DEMRESELCWHT_TAN_HIG_URB,2023,0.0
RE1,DEMRESELCWHT_TAN_HIG_URB,2024,0.0
RE1,DEMRESELCWHT_TAN_HIG_URB,2025,0.0
RE1,DEMRESELCWHT_TAN_HIG_URB,2026,0.0
RE1,DEMRESELCWHT_TAN_HIG_URB,2027,0.0
RE1,DEMRESELCWHT_TAN_HIG_URB,2028,0.0
RE1,DEMRESELCWHT_TAN_HIG_URB,2029,0.0
RE1,DEMRESELCWHT_TAN_HIG_URB,2030,0.0
RE1,DEMRESELCWHT_TAN_HIG_URB,2031,0.0
RE1,DEMRESELCWHT_TAN_HIG_URB,2032,0.0
RE1,DEMRESELCWHT_TAN_HIG_URB,2033,0.0
RE1,DEMRESELCWHT_TAN_HIG_URB,2034,0.0
RE1,DEMRESELCWHT_TAN_HIG_URB,2035,0.0
RE1,DEMRESELCWHT_TAN_HIG_URB,2036,0.0
RE1,DEMRESELCWHT_TAN_HIG_URB,2037,0.0
RE1,DEMRESELCWHT_TAN_HIG_URB,2038,0.0
RE1,DEMRESELCWHT_TAN_HIG_URB,2039,0.0
RE1,DEMRESELCWHT_TAN_HIG_URB,2040,0.0
RE1,DEMRESELCWHT_TAN_HIG_URB,2041,0.0
RE1,DEMRESELCWHT_TAN_HIG_URB,2042,0.0
RE1,DEMRESELCWHT_TAN_HIG_URB,2043,0.0
RE1,DEMRESELCWHT_TAN_HIG_URB,2044,0.0
RE1,DEMRESELCWHT_TAN_HIG_URB,2045,0.0
RE1,DEMRESELCWHT_TAN_HIG_URB,2046,0.0
RE1,DEMRESELCWHT_TAN_HIG_URB,2047,0.0
RE1,DEMRESELCWHT_TAN_HIG_URB,2048,0.0
RE1,DEMRESELCWHT_TAN_HIG_URB,2049,0.0
RE1,DEMRESELCWHT_TAN_HIG_URB,2050,0.0
RE1,DEMRESELCWHT_TAN_HIG_URB,2051,0.0
RE1,DEMRESELCWHT_TAN_HIG_URB,2052,0.0
RE1,DEMRESELCWHT_TAN_HIG_URB,2053,0.0
RE1,DEMRESELCWHT_TAN_HIG_URB,2054,0.0
RE1,DEMRESELCWHT_TAN_HIG_URB,2055,0.0
RE1,DEMRESELCWHT_TAN_LOW_RUR,2022,0.0
RE1,DEMRESELCWHT_TAN_LOW_RUR,2023,0.0
RE1,DEMRESELCWHT_TAN_LOW_RUR,2024,0.0
RE1,DEMRESELCWHT_TAN_LOW_RUR,2025,0.0
RE1,DEMRESELCWHT_TAN_LOW_RUR,2026,0.0
RE1,DEMRESELCWHT_TAN_LOW_RUR,2027,0.0
RE1,DEMRESELCWHT_TAN_LOW_RUR,2028,0.0
RE1,DEMRESELCWHT_TAN_LOW_RUR,2029,0.0
RE1,DEMRESELCWHT_TAN_LOW_RUR,2030,0.0
RE1,DEMRESELCWHT_TAN_LOW_RUR,2031,0.0
RE1,DEMRESELCWHT_TAN_LOW_RUR,2032,0.0
RE1,DEMRESELCWHT_TAN_LOW_RUR,2033,0.0
RE1,DEMRESELCWHT_TAN_LOW_RUR,2034,0.0
RE1,DEMRESELCWHT_TAN_LOW_RUR,2035,0.0
RE1,DEMRESELCWHT_TAN_LOW_RUR,2036,0.0
RE1,DEMRESELCWHT_TAN_LOW_RUR,2037,0.0
RE1,DEMRESELCWHT_TAN_LOW_RUR,2038,0.0
RE1,DEMRESELCWHT_TAN_LOW_RUR,2039,0.0
RE1,DEMRESELCWHT_TAN_LOW_RUR,2040,0.0
RE1,DEMRESELCWHT_TAN_LOW_RUR,2041,0.0
RE1,DEMRESELCWHT_TAN_LOW_RUR,2042,0.0
RE1,DEMRESELCWHT_TAN_LOW_RUR,2043,0.0
RE1,DEMRESELCWHT_TAN_LOW_RUR,2044,0.0
RE1,DEMRESELCWHT_TAN_LOW_RUR,2045,0.0
RE1,DEMRESELCWHT_TAN_LOW_RUR,2046,0.0
RE1,DEMRESELCWHT_TAN_LOW_RUR,2047,0.0
RE1,DEMRESELCWHT_TAN_LOW_RUR,2048,0.0
RE1,DEMRESELCWHT_TAN_LOW_RUR,2049,0.0
RE1,DEMRESELCWHT_TAN_LOW_RUR,2050,0.0
RE1,DEMRESELCWHT_TAN_LOW_RUR,2051,0.0
RE1,DEMRESELCWHT_TAN_LOW_RUR,2052,0.0
RE1,DEMRESELCWHT_TAN_LOW_RUR,2053,0.0
RE1,DEMRESELCWHT_TAN_LOW_RUR,2054,0.0
RE1,DEMRESELCWHT_TAN_LOW_RUR,2055,0.0
RE1,DEMRESELCWHT_TAN_LOW_URB,2022,0.3576543024353392
RE1,DEMRESELCWHT_TAN_LOW_URB,2023,0.3678121417471426
RE1,DEMRESELCWHT_TAN_LOW_URB,2024,0.3737003396175541
RE1,DEMRESELCWHT_TAN_LOW_URB,2025,0.3698931740948086
RE1,DEMRESELCWHT_TAN_LOW_URB,2026,0.3622027888924302
RE1,DEMRESELCWHT_TAN_LOW_URB,2027,0.3457424885741475
RE1,DEMRESELCWHT_TAN_LOW_URB,2028,0.3158869022615594
RE1,DEMRESELCWHT_TAN_LOW_URB,2029,0.2692860628659391
RE1,DEMRESELCWHT_TAN_LOW_URB,2030,0.2070508148047968
RE1,DEMRESELCWHT_TAN_LOW_URB,2031,0.137476672104084
RE1,DEMRESELCWHT_TAN_LOW_URB,2032,0.0746599829627314
RE1,DEMRESELCWHT_TAN_LOW_URB,2033,0.0310355786660887
RE1,DEMRESELCWHT_TAN_LOW_URB,2034,0.0091204965172784
RE1,DEMRESELCWHT_TAN_LOW_URB,2035,0.00172497791118
RE1,DEMRESELCWHT_TAN_LOW_URB,2036,0.0001881913989143
RE1,DEMRESELCWHT_TAN_LOW_URB,2037,1.04379637911548e-05
RE1,DEMRESELCWHT_TAN_LOW_URB,2038,2.547785670120017e-07
RE1,DEMRESELCWHT_TAN_LOW_URB,2039,2.323988296976532e-09
RE1,DEMRESELCWHT_TAN_LOW_URB,2040,6.5911647781417235e-12
RE1,DEMRESELCWHT_TAN_LOW_URB,2041,4.732602966669421e-15
RE1,DEMRESELCWHT_TAN_LOW_URB,2042,6.846966676102751e-19
RE1,DEMRESELCWHT_TAN_LOW_URB,2043,1.5509010818864412e-23
RE1,DEMRESELCWHT_TAN_LOW_URB,2044,4.1671679780443016e-29
RE1,DEMRESELCWHT_TAN_LOW_URB,2045,9.801371394416412e-36
RE1,DEMRESELCWHT_TAN_LOW_URB,2046,1.448615054322099e-43
RE1,DEMRESELCWHT_TAN_LOW_URB,2047,9.383463097032212e-53
RE1,DEMRESELCWHT_TAN_LOW_URB,2048,1.803068300213462e-63
RE1,DEMRESELCWHT_TAN_LOW_URB,2049,6.742872586158756e-76
RE1,DEMRESELCWHT_TAN_LOW_URB,2050,3.1169885761695942e-90
RE1,DEMRESELCWHT_TAN_LOW_URB,2051,1.093866671049976e-106
RE1,DEMRESELCWHT_TAN_LOW_URB,2052,1.728623782632086e-125
RE1,DEMRESELCWHT_TAN_LOW_URB,2053,7.038447613658845e-147
RE1,DEMRESELCWHT_TAN_LOW_URB,2054,4.070719919816675e-171
RE1,DEMRESELCWHT_TAN_LOW_URB,2055,4.070719919816675e-171
RE1,DEMRESELCWHT_TAN_MID_RUR,2022,0.0
RE1,DEMRESELCWHT_TAN_MID_RUR,2023,0.0
RE1,DEMRESELCWHT_TAN_MID_RUR,2024,0.0
RE1,DEMRESELCWHT_TAN_MID_RUR,2025,0.0
RE1,DEMRESELCWHT_TAN_MID_RUR,2026,0.0
RE1,DEMRESELCWHT_TAN_MID_RUR,2027,0.0
RE1,DEMRESELCWHT_TAN_MID_RUR,2028,0.0
RE1,DEMRESELCWHT_TAN_MID_RUR,2029,0.0
RE1,DEMRESELCWHT_TAN_MID_RUR,2030,0.0
RE1,DEMRESELCWHT_TAN_MID_RUR,2031,0.0
RE1,DEMRESELCWHT_TAN_MID_RUR,2032,0.0
RE1,DEMRESELCWHT_TAN_MID_RUR,2033,0.0
RE1,DEMRESELCWHT_TAN_MID_RUR,2034,0.0
RE1,DEMRESELCWHT_TAN_MID_RUR,2035,0.0
RE1,DEMRESELCWHT_TAN_MID_RUR,2036,0.0
RE1,DEMRESELCWHT_TAN_MID_RUR,2037,0.0
RE1,DEMRESELCWHT_TAN_MID_RUR,2038,0.0
RE1,DEMRESELCWHT_TAN_MID_RUR,2039,0.0
RE1,DEMRESELCWHT_TAN_MID_RUR,2040,0.0
RE1,DEMRESELCWHT_TAN_MID_RUR,2041,0.0
RE1,DEMRESELCWHT_TAN_MID_RUR,2042,0.0
RE1,DEMRESELCWHT_TAN_MID_RUR,2043,0.0
RE1,DEMRESELCWHT_TAN_MID_RUR,2044,0.0
RE1,DEMRESELCWHT_TAN_MID_RUR,2045,0.0
RE1,DEMRESELCWHT_TAN_MID_RUR,2046,0.0
RE1,DEMRESELCWHT_TAN_MID_RUR,2047,0.0
RE1,DEMRESELCWHT_TAN_MID_RUR,2048,0.0
RE1,DEMRESELCWHT_TAN_MID_RUR,2049,0.0
RE1,DEMRESELCWHT_TAN_MID_RUR,2050,0.0
RE1,DEMRESELCWHT_TAN_MID_RUR,2051,0.0
RE1,DEMRESELCWHT_TAN_MID_RUR,2052,0.0
RE1,DEMRESELCWHT_TAN_MID_RUR,2053,0.0
RE1,DEMRESELCWHT_TAN_MID_RUR,2054,0.0
RE1,DEMRESELCWHT_TAN_MID_RUR,2055,0.0
RE1,DEMRESELCWHT_TAN_MID_URB,2022,0.0024645774753447
RE1,DEMRESELCWHT_TAN_MID_URB,2023,0.0034732889109209
RE1,DEMRESELCWHT_TAN_MID_URB,2024,0.0084571243976804
RE1,DEMRESELCWHT_TAN_MID_URB,2025,0.008370965331137
RE1,DEMRESELCWHT_TAN_MID_URB,2026,0.0081969260343326
RE1,DEMRESELCWHT_TAN_MID_URB,2027,0.0078244168534275
RE1,DEMRESELCWHT_TAN_MID_URB,2028,0.0071487621091218
RE1,DEMRESELCWHT_TAN_MID_URB,2029,0.0060941494849845
RE1,DEMRESELCWHT_TAN_MID_URB,2030,0.0046857182394784
RE1,DEMRESELCWHT_TAN_MID_URB,2031,0.003111202197336
RE1,DEMRESELCWHT_TAN_MID_URB,2032,0.0016896124956448
RE1,DEMRESELCWHT_TAN_MID_URB,2033,0.0007023588734271
RE1,DEMRESELCWHT_TAN_MID_URB,2034,0.0002064038092504
RE1,DEMRESELCWHT_TAN_MID_URB,2035,3.903756895974635e-05
RE1,DEMRESELCWHT_TAN_MID_URB,2036,4.25891523893511e-06
RE1,DEMRESELCWHT_TAN_MID_URB,2037,2.362191009262173e-07
RE1,DEMRESELCWHT_TAN_MID_URB,2038,5.765833762121784e-09
RE1,DEMRESELCWHT_TAN_MID_URB,2039,5.259363196297428e-11
RE1,DEMRESELCWHT_TAN_MID_URB,2040,1.491630981962752e-13
RE1,DEMRESELCWHT_TAN_MID_URB,2041,1.07102423441509e-16
RE1,DEMRESELCWHT_TAN_MID_URB,2042,1.549520907201599e-20
RE1,DEMRESELCWHT_TAN_MID_URB,2043,3.509807722260566e-25
RE1,DEMRESELCWHT_TAN_MID_URB,2044,9.430619734629708e-31
RE1,DEMRESELCWHT_TAN_MID_URB,2045,2.218125282820933e-37
RE1,DEMRESELCWHT_TAN_MID_URB,2046,3.278326621616797e-45
RE1,DEMRESELCWHT_TAN_MID_URB,2047,2.123549440010139e-54
RE1,DEMRESELCWHT_TAN_MID_URB,2048,4.08048141674829e-65
RE1,DEMRESELCWHT_TAN_MID_URB,2049,1.5259636187971879e-77
RE1,DEMRESELCWHT_TAN_MID_URB,2050,7.053983456850181e-92
RE1,DEMRESELCWHT_TAN_MID_URB,2051,2.4755039080279512e-108
RE1,DEMRESELCWHT_TAN_MID_URB,2052,3.912007781815196e-127
RE1,DEMRESELCWHT_TAN_MID_URB,2053,1.592854507335697e-148
RE1,DEMRESELCWHT_TAN_MID_URB,2054,9.212350404936156e-173
RE1,DEMRESELCWHT_TAN_MID_URB,2055,9.212350404936156e-173
RE1,DEMRESELCWSH_HIG_RUR,2022,0.0
RE1,DEMRESELCWSH_HIG_RUR,2023,0.0
RE1,DEMRESELCWSH_HIG_RUR,2024,0.0
RE1,DEMRESELCWSH_HIG_RUR,2025,0.0
RE1,DEMRESELCWSH_HIG_RUR,2026,0.0
RE1,DEMRESELCWSH_HIG_RUR,2027,0.0
RE1,DEMRESELCWSH_HIG_RUR,2028,0.0
RE1,DEMRESELCWSH_HIG_RUR,2029,0.0
RE1,DEMRESELCWSH_HIG_RUR,2030,0.0
RE1,DEMRESELCWSH_HIG_RUR,2031,0.0
RE1,DEMRESELCWSH_HIG_RUR,2032,0.0
RE1,DEMRESELCWSH_HIG_RUR,2033,0.0
RE1,DEMRESELCWSH_HIG_RUR,2034,0.0
RE1,DEMRESELCWSH_HIG_RUR,2035,0.0
RE1,DEMRESELCWSH_HIG_RUR,2036,0.0
RE1,DEMRESELCWSH_HIG_RUR,2037,0.0
RE1,DEMRESELCWSH_HIG_RUR,2038,0.0
RE1,DEMRESELCWSH_HIG_RUR,2039,0.0
RE1,DEMRESELCWSH_HIG_RUR,2040,0.0
RE1,DEMRESELCWSH_HIG_RUR,2041,0.0
RE1,DEMRESELCWSH_HIG_RUR,2042,0.0
RE1,DEMRESELCWSH_HIG_RUR,2043,0.0
RE1,DEMRESELCWSH_HIG_RUR,2044,0.0
RE1,DEMRESELCWSH_HIG_RUR,2045,0.0
RE1,DEMRESELCWSH_HIG_RUR,2046,0.0
RE1,DEMRESELCWSH_HIG_RUR,2047,0.0
RE1,DEMRESELCWSH_HIG_RUR,2048,0.0
RE1,DEMRESELCWSH_HIG_RUR,2049,0.0
RE1,DEMRESELCWSH_HIG_RUR,2050,0.0
RE1,DEMRESELCWSH_HIG_RUR,2051,0.0
RE1,DEMRESELCWSH_HIG_RUR,2052,0.0
RE1,DEMRESELCWSH_HIG_RUR,2053,0.0
RE1,DEMRESELCWSH_HIG_RUR,2054,0.0
RE1,DEMRESELCWSH_HIG_RUR,2055,0.0
RE1,DEMRESELCWSH_HIG_URB,2022,0.0
RE1,DEMRESELCWSH_HIG_URB,2023,0.0
RE1,DEMRESELCWSH_HIG_URB,2024,0.0
RE1,DEMRESELCWSH_HIG_URB,2025,0.0
RE1,DEMRESELCWSH_HIG_URB,2026,0.0
RE1,DEMRESELCWSH_HIG_URB,2027,0.0
RE1,DEMRESELCWSH_HIG_URB,2028,0.0
RE1,DEMRESELCWSH_HIG_URB,2029,0.0
RE1,DEMRESELCWSH_HIG_URB,2030,0.0
RE1,DEMRESELCWSH_HIG_URB,2031,0.0
RE1,DEMRESELCWSH_HIG_URB,2032,0.0
RE1,DEMRESELCWSH_HIG_URB,2033,0.0
RE1,DEMRESELCWSH_HIG_URB,2034,0.0
RE1,DEMRESELCWSH_HIG_URB,2035,0.0
RE1,DEMRESELCWSH_HIG_URB,2036,0.0
RE1,DEMRESELCWSH_HIG_URB,2037,0.0
RE1,DEMRESELCWSH_HIG_URB,2038,0.0
RE1,DEMRESELCWSH_HIG_URB,2039,0.0
RE1,DEMRESELCWSH_HIG_URB,2040,0.0
RE1,DEMRESELCWSH_HIG_URB,2041,0.0
RE1,DEMRESELCWSH_HIG_URB,2042,0.0
RE1,DEMRESELCWSH_HIG_URB,2043,0.0
RE1,DEMRESELCWSH_HIG_URB,2044,0.0
RE1,DEMRESELCWSH_HIG_URB,2045,0.0
RE1,DEMRESELCWSH_HIG_URB,2046,0.0
RE1,DEMRESELCWSH_HIG_URB,2047,0.0
RE1,DEMRESELCWSH_HIG_URB,2048,0.0
RE1,DEMRESELCWSH_HIG_URB,2049,0.0
RE1,DEMRESELCWSH_HIG_URB,2050,0.0
RE1,DEMRESELCWSH_HIG_URB,2051,0.0
RE1,DEMRESELCWSH_HIG_URB,2052,0.0
RE1,DEMRESELCWSH_HIG_URB,2053,0.0
RE1,DEMRESELCWSH_HIG_URB,2054,0.0
RE1,DEMRESELCWSH_HIG_URB,2055,0.0
RE1,DEMRESELCWSH_LOW_RUR,2022,0.1544441411669773
RE1,DEMRESELCWSH_LOW_RUR,2023,0.1668073001898465
RE1,DEMRESELCWSH_LOW_RUR,2024,0.1703731787495004
RE1,DEMRESELCWSH_LOW_RUR,2025,0.1686374594488451
RE1,DEMRESELCWSH_LOW_RUR,2026,0.1651313471073947
RE1,DEMRESELCWSH_LOW_RUR,2027,0.1576269555104609
RE1,DEMRESELCWSH_LOW_RUR,2028,0.1440155385427607
RE1,DEMRESELCWSH_LOW_RUR,2029,0.1227698175772617
RE1,DEMRESELCWSH_LOW_RUR,2030,0.0943962360779998
RE1,DEMRESELCWSH_LOW_RUR,2031,0.0626767897889684
RE1,DEMRESELCWSH_LOW_RUR,2032,0.0340381243318158
RE1,DEMRESELCWSH_LOW_RUR,2033,0.0141493855667433
RE1,DEMRESELCWSH_LOW_RUR,2034,0.0041581123126961
RE1,DEMRESELCWSH_LOW_RUR,2035,0.0007864321726364
RE1,DEMRESELCWSH_LOW_RUR,2036,8.579806718712489e-05
RE1,DEMRESELCWSH_LOW_RUR,2037,4.758756902900322e-06
RE1,DEMRESELCWSH_LOW_RUR,2038,1.161557262257257e-07
RE1,DEMRESELCWSH_LOW_RUR,2039,1.05952612710425e-09
RE1,DEMRESELCWSH_LOW_RUR,2040,3.004968355295019e-12
RE1,DEMRESELCWSH_LOW_RUR,2041,2.157634140809088e-15
RE1,DEMRESELCWSH_LOW_RUR,2042,3.121590626846544e-19
RE1,DEMRESELCWSH_LOW_RUR,2043,7.070690583729414e-24
RE1,DEMRESELCWSH_LOW_RUR,2044,1.899847496871759e-29
RE1,DEMRESELCWSH_LOW_RUR,2045,4.468528988440628e-36
RE1,DEMRESELCWSH_LOW_RUR,2046,6.604359841947625e-44
RE1,DEMRESELCWSH_LOW_RUR,2047,4.278001023911603e-53
RE1,DEMRESELCWSH_LOW_RUR,2048,8.220342484146786e-64
RE1,DEMRESELCWSH_LOW_RUR,2049,3.0741332415764507e-76
RE1,DEMRESELCWSH_LOW_RUR,2050,1.4210617319517892e-90
RE1,DEMRESELCWSH_LOW_RUR,2051,4.987031643204968e-107
RE1,DEMRESELCWSH_LOW_RUR,2052,7.88094356591748e-126
RE1,DEMRESELCWSH_LOW_RUR,2053,3.2088884228152424e-147
RE1,DEMRESELCWSH_LOW_RUR,2054,1.855876002809767e-171
RE1,DEMRESELCWSH_LOW_RUR,2055,1.855876002809767e-171
RE1,DEMRESELCWSH_LOW_URB,2022,1.539239344940752
RE1,DEMRESELCWSH_LOW_URB,2023,1.606581914280776
RE1,DEMRESELCWSH_LOW_URB,2024,1.656305647734671
RE1,DEMRESELCWSH_LOW_URB,2025,1.639431620369222
RE1,DEMRESELCWSH_LOW_URB,2026,1.605346480235311
RE1,DEMRESELCWSH_LOW_URB,2027,1.532391533476414
RE1,DEMRESELCWSH_LOW_URB,2028,1.400066322649534
RE1,DEMRESELCWSH_LOW_URB,2029,1.193523204280592
RE1,DEMRESELCWSH_LOW_URB,2030,0.9176856362512688
RE1,DEMRESELCWSH_LOW_URB,2031,0.6093207960977346
RE1,DEMRESELCWSH_LOW_URB,2032,0.3309061789119595
RE1,DEMRESELCWSH_LOW_URB,2033,0.1375551445255947
RE1,DEMRESELCWSH_LOW_URB,2034,0.040423645071269
RE1,DEMRESELCWSH_LOW_URB,2035,0.0076454055659383
RE1,DEMRESELCWSH_LOW_URB,2036,0.0008340973872166
RE1,DEMRESELCWSH_LOW_URB,2037,4.626289180211275e-05
RE1,DEMRESELCWSH_LOW_URB,2038,1.129223430451231e-06
RE1,DEMRESELCWSH_LOW_URB,2039,1.03003249755963e-08
RE1,DEMRESELCWSH_LOW_URB,2040,2.921320183534874e-11
RE1,DEMRESELCWSH_LOW_URB,2041,2.0975728922811533e-14
RE1,DEMRESELCWSH_LOW_URB,2042,3.034696084859368e-18
RE1,DEMRESELCWSH_LOW_URB,2043,6.87386643436077e-23
RE1,DEMRESELCWSH_LOW_URB,2044,1.846962158010741e-28
RE1,DEMRESELCWSH_LOW_URB,2045,4.3441402308413575e-35
RE1,DEMRESELCWSH_LOW_URB,2046,6.420516765713033e-43
RE1,DEMRESELCWSH_LOW_URB,2047,4.158915921465291e-52
RE1,DEMRESELCWSH_LOW_URB,2048,7.991515908043418e-63
RE1,DEMRESELCWSH_LOW_URB,2049,2.988559752939925e-75
RE1,DEMRESELCWSH_LOW_URB,2050,1.381504172010562e-89
RE1,DEMRESELCWSH_LOW_URB,2051,4.848209522589613e-106
RE1,DEMRESELCWSH_LOW_URB,2052,7.661564709606977e-125
RE1,DEMRESELCWSH_LOW_URB,2053,3.119563804977648e-146
RE1,DEMRESELCWSH_LOW_URB,2054,1.80421468185941e-170
RE1,DEMRESELCWSH_LOW_URB,2055,1.80421468185941e-170
RE1,DEMRESELCWSH_MID_RUR,2022,0.0010642666645619
RE1,DEMRESELCWSH_MID_RUR,2023,0.001575178957546
RE1,DEMRESELCWSH_MID_RUR,2024,0.0038556752937055
RE1,DEMRESELCWSH_MID_RUR,2025,0.0038163946388896
RE1,DEMRESELCWSH_MID_RUR,2026,0.0037370486360087
RE1,DEMRESELCWSH_MID_RUR,2027,0.0035672185166967
RE1,DEMRESELCWSH_MID_RUR,2028,0.0032591817441256
RE1,DEMRESELCWSH_MID_RUR,2029,0.0027783748352865
RE1,DEMRESELCWSH_MID_RUR,2030,0.0021362589929713
RE1,DEMRESELCWSH_MID_RUR,2031,0.0014184236723869
RE1,DEMRESELCWSH_MID_RUR,2032,0.0007703087774351
RE1,DEMRESELCWSH_MID_RUR,2033,0.0003202114132707
RE1,DEMRESELCWSH_MID_RUR,2034,9.410126071597028e-05
RE1,DEMRESELCWSH_MID_RUR,2035,1.779756133251423e-05
RE1,DEMRESELCWSH_MID_RUR,2036,1.941675857251424e-06
RE1,DEMRESELCWSH_MID_RUR,2037,1.07694307014374e-07
RE1,DEMRESELCWSH_MID_RUR,2038,2.628692891205858e-09
RE1,DEMRESELCWSH_MID_RUR,2039,2.397788631576707e-11
RE1,DEMRESELCWSH_MID_RUR,2040,6.800473132518803e-14
RE1,DEMRESELCWSH_MID_RUR,2041,4.8828910223039416e-17
RE1,DEMRESELCWSH_MID_RUR,2042,7.064398249381338e-21
RE1,DEMRESELCWSH_MID_RUR,2043,1.600151337975898e-25
RE1,DEMRESELCWSH_MID_RUR,2044,4.299500138027597e-31
RE1,DEMRESELCWSH_MID_RUR,2045,1.011262274167559e-37
RE1,DEMRESELCWSH_MID_RUR,2046,1.494617125784726e-45
RE1,DEMRESELCWSH_MID_RUR,2047,9.681443391154308e-55
RE1,DEMRESELCWSH_MID_RUR,2048,1.86032635268982e-65
RE1,DEMRESELCWSH_MID_RUR,2049,6.956998558166561e-78
RE1,DEMRESELCWSH_MID_RUR,2050,3.2159713465069094e-92
RE1,DEMRESELCWSH_MID_RUR,2051,1.128603389146402e-108
RE1,DEMRESELCWSH_MID_RUR,2052,1.783517782624271e-127
RE1,DEMRESELCWSH_MID_RUR,2053,7.261959836000759e-149
RE1,DEMRESELCWSH_MID_RUR,2054,4.199989285130137e-173
RE1,DEMRESELCWSH_MID_RUR,2055,4.199989285130137e-173
RE1,DEMRESELCWSH_MID_URB,2022,0.0106068194702935
RE1,DEMRESELCWSH_MID_URB,2023,0.0151711227390467
RE1,DEMRESELCWSH_MID_URB,2024,0.0374834631346823
RE1,DEMRESELCWSH_MID_URB,2025,0.0371015909943853
RE1,DEMRESELCWSH_MID_URB,2026,0.0363302182134029
RE1,DEMRESELCWSH_MID_URB,2027,0.0346791919906342
RE1,DEMRESELCWSH_MID_URB,2028,0.0316845713005446
RE1,DEMRESELCWSH_MID_URB,2029,0.0270103426195683
RE1,DEMRESELCWSH_MID_URB,2030,0.0207679275637912
RE1,DEMRESELCWSH_MID_URB,2031,0.0137893954711572
RE1,DEMRESELCWSH_MID_URB,2032,0.0074886598226899
RE1,DEMRESELCWSH_MID_URB,2033,0.0031129780882308
RE1,DEMRESELCWSH_MID_URB,2034,0.0009148179938109
RE1,DEMRESELCWSH_MID_URB,2035,0.0001730213732426
RE1,DEMRESELCWSH_MID_URB,2036,1.887626158084477e-05
RE1,DEMRESELCWSH_MID_URB,2037,1.046964611718864e-06
RE1,DEMRESELCWSH_MID_URB,2038,2.5555189577496863e-08
RE1,DEMRESELCWSH_MID_URB,2039,2.331042292985411e-10
RE1,DEMRESELCWSH_MID_URB,2040,6.611170924514908e-13
RE1,DEMRESELCWSH_MID_URB,2041,4.746967824909855e-16
RE1,DEMRESELCWSH_MID_URB,2042,6.867749257352833e-20
RE1,DEMRESELCWSH_MID_URB,2043,1.555608528157159e-24
RE1,DEMRESELCWSH_MID_URB,2044,4.179816572843034e-30
RE1,DEMRESELCWSH_MID_URB,2045,9.831121473101278e-37
RE1,DEMRESELCWSH_MID_URB,2046,1.453012032062858e-44
RE1,DEMRESELCWSH_MID_URB,2047,9.411944699681436e-54
RE1,DEMRESELCWSH_MID_URB,2048,1.808541149026853e-64
RE1,DEMRESELCWSH_MID_URB,2049,6.763339210871549e-77
RE1,DEMRESELCWSH_MID_URB,2050,3.1264495639915315e-91
RE1,DEMRESELCWSH_MID_URB,2051,1.097186881888331e-107
RE1,DEMRESELCWSH_MID_URB,2052,1.733870670182856e-126
RE1,DEMRESELCWSH_MID_URB,2053,7.059811396531612e-148
RE1,DEMRESELCWSH_MID_URB,2054,4.083075766059537e-172
RE1,DEMRESELCWSH_MID_URB,2055,4.083075766059537e-172
RE1,DEMRESLPGCKN_HIG_RUR,2022,0.0
RE1,DEMRESLPGCKN_HIG_RUR,2023,0.0
RE1,DEMRESLPGCKN_HIG_RUR,2024,0.0
RE1,DEMRESLPGCKN_HIG_RUR,2025,0.0
RE1,DEMRESLPGCKN_HIG_RUR,2026,0.0
RE1,DEMRESLPGCKN_HIG_RUR,2027,0.0
RE1,DEMRESLPGCKN_HIG_RUR,2028,0.0
RE1,DEMRESLPGCKN_HIG_RUR,2029,0.0
RE1,DEMRESLPGCKN_HIG_RUR,2030,0.0
RE1,DEMRESLPGCKN_HIG_RUR,2031,0.0
RE1,DEMRESLPGCKN_HIG_RUR,2032,0.0
RE1,DEMRESLPGCKN_HIG_RUR,2033,0.0
RE1,DEMRESLPGCKN_HIG_RUR,2034,0.0
RE1,DEMRESLPGCKN_HIG_RUR,2035,0.0
RE1,DEMRESLPGCKN_HIG_RUR,2036,0.0
RE1,DEMRESLPGCKN_HIG_RUR,2037,0.0
RE1,DEMRESLPGCKN_HIG_RUR,2038,0.0
RE1,DEMRESLPGCKN_HIG_RUR,2039,0.0
RE1,DEMRESLPGCKN_HIG_RUR,2040,0.0
RE1,DEMRESLPGCKN_HIG_RUR,2041,0.0
RE1,DEMRESLPGCKN_HIG_RUR,2042,0.0
RE1,DEMRESLPGCKN_HIG_RUR,2043,0.0
RE1,DEMRESLPGCKN_HIG_RUR,2044,0.0
RE1,DEMRESLPGCKN_HIG_RUR,2045,0.0
RE1,DEMRESLPGCKN_HIG_RUR,2046,0.0
RE1,DEMRESLPGCKN_HIG_RUR,2047,0.0
RE1,DEMRESLPGCKN_HIG_RUR,2048,0.0
RE1,DEMRESLPGCKN_HIG_RUR,2049,0.0
RE1,DEMRESLPGCKN_HIG_RUR,2050,0.0
RE1,DEMRESLPGCKN_HIG_RUR,2051,0.0
RE1,DEMRESLPGCKN_HIG_RUR,2052,0.0
RE1,DEMRESLPGCKN_HIG_RUR,2053,0.0
RE1,DEMRESLPGCKN_HIG_RUR,2054,0.0
RE1,DEMRESLPGCKN_HIG_RUR,2055,0.0
RE1,DEMRESLPGCKN_HIG_URB,2022,0.0
RE1,DEMRESLPGCKN_HIG_URB,2023,0.0
RE1,DEMRESLPGCKN_HIG_URB,2024,0.0
RE1,DEMRESLPGCKN_HIG_URB,2025,0.0
RE1,DEMRESLPGCKN_HIG_URB,2026,0.0
RE1,DEMRESLPGCKN_HIG_URB,2027,0.0
RE1,DEMRESLPGCKN_HIG_URB,2028,0.0
RE1,DEMRESLPGCKN_HIG_URB,2029,0.0
RE1,DEMRESLPGCKN_HIG_URB,2030,0.0
RE1,DEMRESLPGCKN_HIG_URB,2031,0.0
RE1,DEMRESLPGCKN_HIG_URB,2032,0.0
RE1,DEMRESLPGCKN_HIG_URB,2033,0.0
RE1,DEMRESLPGCKN_HIG_URB,2034,0.0
RE1,DEMRESLPGCKN_HIG_URB,2035,0.0
RE1,DEMRESLPGCKN_HIG_URB,2036,0.0
RE1,DEMRESLPGCKN_HIG_URB,2037,0.0
RE1,DEMRESLPGCKN_HIG_URB,2038,0.0
RE1,DEMRESLPGCKN_HIG_URB,2039,0.0
RE1,DEMRESLPGCKN_HIG_URB,2040,0.0
RE1,DEMRESLPGCKN_HIG_URB,2041,0.0
RE1,DEMRESLPGCKN_HIG_URB,2042,0.0
RE1,DEMRESLPGCKN_HIG_URB,2043,0.0
RE1,DEMRESLPGCKN_HIG_URB,2044,0.0
RE1,DEMRESLPGCKN_HIG_URB,2045,0.0
RE1,DEMRESLPGCKN_HIG_URB,2046,0.0
RE1,DEMRESLPGCKN_HIG_URB,2047,0.0
RE1,DEMRESLPGCKN_HIG_URB,2048,0.0
RE1,DEMRESLPGCKN_HIG_URB,2049,0.0
RE1,DEMRESLPGCKN_HIG_URB,2050,0.0
RE1,DEMRESLPGCKN_HIG_URB,2051,0.0
RE1,DEMRESLPGCKN_HIG_URB,2052,0.0
RE1,DEMRESLPGCKN_HIG_URB,2053,0.0
RE1,DEMRESLPGCKN_HIG_URB,2054,0.0
RE1,DEMRESLPGCKN_HIG_URB,2055,0.0
RE1,DEMRESLPGCKN_LOW_RUR,2022,5.379451341085683
RE1,DEMRESLPGCKN_LOW_RUR,2023,5.263427902553635
RE1,DEMRESLPGCKN_LOW_RUR,2024,5.402954089719501
RE1,DEMRESLPGCKN_LOW_RUR,2025,5.154968979624345
RE1,DEMRESLPGCKN_LOW_RUR,2026,5.028653278825217
RE1,DEMRESLPGCKN_LOW_RUR,2027,4.881393923173035
RE1,DEMRESLPGCKN_LOW_RUR,2028,4.715647470426564
RE1,DEMRESLPGCKN_LOW_RUR,2029,4.533945543975166
RE1,DEMRESLPGCKN_LOW_RUR,2030,4.338865723894846
RE1,DEMRESLPGCKN_LOW_RUR,2031,4.13299568713004
RE1,DEMRESLPGCKN_LOW_RUR,2032,3.918895177240854
RE1,DEMRESLPGCKN_LOW_RUR,2033,3.699058534544241
RE1,DEMRESLPGCKN_LOW_RUR,2034,3.475879582050692
RE1,DEMRESLPGCKN_LOW_RUR,2035,3.251620101116318
RE1,DEMRESLPGCKN_LOW_RUR,2036,3.028382739238204
RE1,DEMRESLPGCKN_LOW_RUR,2037,2.808088887631577
RE1,DEMRESLPGCKN_LOW_RUR,2038,2.592461812921512
RE1,DEMRESLPGCKN_LOW_RUR,2039,2.383015110773437
RE1,DEMRESLPGCKN_LOW_RUR,2040,2.181046363935123
RE1,DEMRESLPGCKN_LOW_RUR,2041,1.987635731200969
RE1,DEMRESLPGCKN_LOW_RUR,2042,1.803649066877439
RE1,DEMRESLPGCKN_LOW_RUR,2043,1.629745072263742
RE1,DEMRESLPGCKN_LOW_RUR,2044,1.466385910916973
RE1,DEMRESLPGCKN_LOW_RUR,2045,1.313850676867399
RE1,DEMRESLPGCKN_LOW_RUR,2046,1.172251087622031
RE1,DEMRESLPGCKN_LOW_RUR,2047,1.041548779245994
RE1,DEMRESLPGCKN_LOW_RUR,2048,0.9215736060321932
RE1,DEMRESLPGCKN_LOW_RUR,2049,0.8120423888912265
RE1,DEMRESLPGCKN_LOW_RUR,2050,0.7125776110520915
RE1,DEMRESLPGCKN_LOW_RUR,2051,0.6227256233643096
RE1,DEMRESLPGCKN_LOW_RUR,2052,0.5419739909543708
RE1,DEMRESLPGCKN_LOW_RUR,2053,0.4697676849781877
RE1,DEMRESLPGCKN_LOW_RUR,2054,0.4055238948353089
RE1,DEMRESLPGCKN_LOW_RUR,2055,0.4055238948353089
RE1,DEMRESLPGCKN_LOW_URB,2022,7.045468119915508
RE1,DEMRESLPGCKN_LOW_URB,2023,6.897285550067287
RE1,DEMRESLPGCKN_LOW_URB,2024,6.976979150011765
RE1,DEMRESLPGCKN_LOW_URB,2025,6.656749343517684
RE1,DEMRESLPGCKN_LOW_URB,2026,6.493634500015395
RE1,DEMRESLPGCKN_LOW_URB,2027,6.303474554739463
RE1,DEMRESLPGCKN_LOW_URB,2028,6.089441726438941
RE1,DEMRESLPGCKN_LOW_URB,2029,5.854805168119752
RE1,DEMRESLPGCKN_LOW_URB,2030,5.602893377886661
RE1,DEMRESLPGCKN_LOW_URB,2031,5.337047892200741
RE1,DEMRESLPGCKN_LOW_URB,2032,5.060574176396635
RE1,DEMRESLPGCKN_LOW_URB,2033,4.776693238851507
RE1,DEMRESLPGCKN_LOW_URB,2034,4.488496287255757
RE1,DEMRESLPGCKN_LOW_URB,2035,4.198904020379245
RE1,DEMRESLPGCKN_LOW_URB,2036,3.9106316431827
RE1,DEMRESLPGCKN_LOW_URB,2037,3.626160299541315
RE1,DEMRESLPGCKN_LOW_URB,2038,3.347715289747005
RE1,DEMRESLPGCKN_LOW_URB,2039,3.077251160372605
RE1,DEMRESLPGCKN_LOW_URB,2040,2.816443514731834
RE1,DEMRESLPGCKN_LOW_URB,2041,2.566687190771133
RE1,DEMRESLPGCKN_LOW_URB,2042,2.329100289318834
RE1,DEMRESLPGCKN_LOW_URB,2043,2.104533408983466
RE1,DEMRESLPGCKN_LOW_URB,2044,1.893583353929605
RE1,DEMRESLPGCKN_LOW_URB,2045,1.696610525744554
RE1,DEMRESLPGCKN_LOW_URB,2046,1.513759188233659
RE1,DEMRESLPGCKN_LOW_URB,2047,1.34497980102155
RE1,DEMRESLPGCKN_LOW_URB,2048,1.1900526504051
RE1,DEMRESLPGCKN_LOW_URB,2049,1.048612059650865
RE1,DEMRESLPGCKN_LOW_URB,2050,0.9201705312535318
RE1,DEMRESLPGCKN_LOW_URB,2051,0.8041422559295571
RE1,DEMRESLPGCKN_LOW_URB,2052,0.6998655128186776
RE1,DEMRESLPGCKN_LOW_URB,2053,0.606623578326994
RE1,DEMRESLPGCKN_LOW_URB,2054,0.5236638535354279
RE1,DEMRESLPGCKN_LOW_URB,2055,0.5236638535354279
RE1,DEMRESLPGCKN_MID_RUR,2022,0.0370695236005161
RE1,DEMRESLPGCKN_MID_RUR,2023,0.0497031057227556
RE1,DEMRESLPGCKN_MID_RUR,2024,0.1222729818722593
RE1,DEMRESLPGCKN_MID_RUR,2025,0.1974281271786797
RE1,DEMRESLPGCKN_MID_RUR,2026,0.1974281271786797
RE1,DEMRESLPGCKN_MID_RUR,2027,0.1974281271786797
RE1,DEMRESLPGCKN_MID_RUR,2028,0.1974281271786797
RE1,DEMRESLPGCKN_MID_RUR,2029,0.1974281271786797
RE1,DEMRESLPGCKN_MID_RUR,2030,0.1974281271786797
RE1,DEMRESLPGCKN_MID_RUR,2031,0.0935328522765243
RE1,DEMRESLPGCKN_MID_RUR,2032,0.0886875940474504
RE1,DEMRESLPGCKN_MID_RUR,2033,0.0837125227473911
RE1,DEMRESLPGCKN_MID_RUR,2034,0.0786618124212684
RE1,DEMRESLPGCKN_MID_RUR,2035,0.073586648910413
RE1,DEMRESLPGCKN_MID_RUR,2036,0.0685346167352607
RE1,DEMRESLPGCKN_MID_RUR,2037,0.0635491984480094
RE1,DEMRESLPGCKN_MID_RUR,2038,0.0586693928899057
RE1,DEMRESLPGCKN_MID_RUR,2039,0.0539294538880761
RE1,DEMRESLPGCKN_MID_RUR,2040,0.049358746732168
RE1,DEMRESLPGCKN_MID_RUR,2041,0.0449817162415326
RE1,DEMRESLPGCKN_MID_RUR,2042,0.0408179573611131
RE1,DEMRESLPGCKN_MID_RUR,2043,0.0368823770049198
RE1,DEMRESLPGCKN_MID_RUR,2044,0.0331854342875965
RE1,DEMRESLPGCKN_MID_RUR,2045,0.029733445320429
RE1,DEMRESLPGCKN_MID_RUR,2046,0.0265289383560144
RE1,DEMRESLPGCKN_MID_RUR,2047,0.0235710451891755
RE1,DEMRESLPGCKN_MID_RUR,2048,0.020855915292476
RE1,DEMRESLPGCKN_MID_RUR,2049,0.0183771401066185
RE1,DEMRESLPGCKN_MID_RUR,2050,0.0161261761384453
RE1,DEMRESLPGCKN_MID_RUR,2051,0.014092756960844
RE1,DEMRESLPGCKN_MID_RUR,2052,0.0122652857808459
RE1,DEMRESLPGCKN_MID_RUR,2053,0.0106312018713624
RE1,DEMRESLPGCKN_MID_RUR,2054,0.0091773157829182
RE1,DEMRESLPGCKN_MID_RUR,2055,0.0091773157829182
RE1,DEMRESLPGCKN_MID_URB,2022,0.0485499598728932
RE1,DEMRESLPGCKN_MID_URB,2023,0.0651317960921828
RE1,DEMRESLPGCKN_MID_URB,2024,0.1578943724055979
RE1,DEMRESLPGCKN_MID_URB,2025,0.150647327053332
RE1,DEMRESLPGCKN_MID_URB,2026,0.1469559134356222
RE1,DEMRESLPGCKN_MID_URB,2027,0.1426524484874754
RE1,DEMRESLPGCKN_MID_URB,2028,0.1378087219444989
RE1,DEMRESLPGCKN_MID_URB,2029,0.1324987172386434
RE1,DEMRESLPGCKN_MID_URB,2030,0.1267977608268191
RE1,DEMRESLPGCKN_MID_URB,2031,0.1207814742339074
RE1,DEMRESLPGCKN_MID_URB,2032,0.114524662667621
RE1,DEMRESLPGCKN_MID_URB,2033,0.108100220010153
RE1,DEMRESLPGCKN_MID_URB,2034,0.1015781026549161
RE1,DEMRESLPGCKN_MID_URB,2035,0.095024408248089
RE1,DEMRESLPGCKN_MID_URB,2036,0.0885005839538396
RE1,DEMRESLPGCKN_MID_URB,2037,0.082062779955019
RE1,DEMRESLPGCKN_MID_URB,2038,0.0757613564985838
RE1,DEMRESLPGCKN_MID_URB,2039,0.0696405464678235
RE1,DEMRESLPGCKN_MID_URB,2040,0.063738270046808
RE1,DEMRESLPGCKN_MID_URB,2041,0.0580860934846869
RE1,DEMRESLPGCKN_MID_URB,2042,0.052709320258048
RE1,DEMRESLPGCKN_MID_URB,2043,0.0476272000637263
RE1,DEMRESLPGCKN_MID_URB,2044,0.0428532390362522
RE1,DEMRESLPGCKN_MID_URB,2045,0.0383955933390909
RE1,DEMRESLPGCKN_MID_URB,2046,0.034257527772454
RE1,DEMRESLPGCKN_MID_URB,2047,0.030437921199771
RE1,DEMRESLPGCKN_MID_URB,2048,0.0269318013319582
RE1,DEMRESLPGCKN_MID_URB,2049,0.0237308926249601
RE1,DEMRESLPGCKN_MID_URB,2050,0.0208241626375158
RE1,DEMRESLPGCKN_MID_URB,2051,0.018198354057659
RE1,DEMRESLPGCKN_MID_URB,2052,0.015838491636404
RE1,DEMRESLPGCKN_MID_URB,2053,0.0137283553708509
RE1,DEMRESLPGCKN_MID_URB,2054,0.0118509133720621
RE1,DEMRESLPGCKN_MID_URB,2055,0.0118509133720621
RE1,DEMRESNGSCKN_HIG_RUR,2022,0.0
RE1,DEMRESNGSCKN_HIG_RUR,2023,0.0
RE1,DEMRESNGSCKN_HIG_RUR,2024,0.0
RE1,DEMRESNGSCKN_HIG_RUR,2025,0.0
RE1,DEMRESNGSCKN_HIG_RUR,2026,0.0
RE1,DEMRESNGSCKN_HIG_RUR,2027,0.0
RE1,DEMRESNGSCKN_HIG_RUR,2028,0.0
RE1,DEMRESNGSCKN_HIG_RUR,2029,0.0
RE1,DEMRESNGSCKN_HIG_RUR,2030,0.0
RE1,DEMRESNGSCKN_HIG_RUR,2031,0.0
RE1,DEMRESNGSCKN_HIG_RUR,2032,0.0
RE1,DEMRESNGSCKN_HIG_RUR,2033,0.0
RE1,DEMRESNGSCKN_HIG_RUR,2034,0.0
RE1,DEMRESNGSCKN_HIG_RUR,2035,0.0
RE1,DEMRESNGSCKN_HIG_RUR,2036,0.0
RE1,DEMRESNGSCKN_HIG_RUR,2037,0.0
RE1,DEMRESNGSCKN_HIG_RUR,2038,0.0
RE1,DEMRESNGSCKN_HIG_RUR,2039,0.0
RE1,DEMRESNGSCKN_HIG_RUR,2040,0.0
RE1,DEMRESNGSCKN_HIG_RUR,2041,0.0
RE1,DEMRESNGSCKN_HIG_RUR,2042,0.0
RE1,DEMRESNGSCKN_HIG_RUR,2043,0.0
RE1,DEMRESNGSCKN_HIG_RUR,2044,0.0
RE1,DEMRESNGSCKN_HIG_RUR,2045,0.0
RE1,DEMRESNGSCKN_HIG_RUR,2046,0.0
RE1,DEMRESNGSCKN_HIG_RUR,2047,0.0
RE1,DEMRESNGSCKN_HIG_RUR,2048,0.0
RE1,DEMRESNGSCKN_HIG_RUR,2049,0.0
RE1,DEMRESNGSCKN_HIG_RUR,2050,0.0
RE1,DEMRESNGSCKN_HIG_RUR,2051,0.0
RE1,DEMRESNGSCKN_HIG_RUR,2052,0.0
RE1,DEMRESNGSCKN_HIG_RUR,2053,0.0
RE1,DEMRESNGSCKN_HIG_RUR,2054,0.0
RE1,DEMRESNGSCKN_HIG_RUR,2055,0.0
RE1,DEMRESNGSCKN_HIG_URB,2022,0.0
RE1,DEMRESNGSCKN_HIG_URB,2023,0.0
RE1,DEMRESNGSCKN_HIG_URB,2024,0.0
RE1,DEMRESNGSCKN_HIG_URB,2025,0.0
RE1,DEMRESNGSCKN_HIG_URB,2026,0.0
RE1,DEMRESNGSCKN_HIG_URB,2027,0.0
RE1,DEMRESNGSCKN_HIG_URB,2028,0.0
RE1,DEMRESNGSCKN_HIG_URB,2029,0.0
RE1,DEMRESNGSCKN_HIG_URB,2030,0.0
RE1,DEMRESNGSCKN_HIG_URB,2031,0.0
RE1,DEMRESNGSCKN_HIG_URB,2032,0.0
RE1,DEMRESNGSCKN_HIG_URB,2033,0.0
RE1,DEMRESNGSCKN_HIG_URB,2034,0.0
RE1,DEMRESNGSCKN_HIG_URB,2035,0.0
RE1,DEMRESNGSCKN_HIG_URB,2036,0.0
RE1,DEMRESNGSCKN_HIG_URB,2037,0.0
RE1,DEMRESNGSCKN_HIG_URB,2038,0.0
RE1,DEMRESNGSCKN_HIG_URB,2039,0.0
RE1,DEMRESNGSCKN_HIG_URB,2040,0.0
RE1,DEMRESNGSCKN_HIG_URB,2041,0.0
RE1,DEMRESNGSCKN_HIG_URB,2042,0.0
RE1,DEMRESNGSCKN_HIG_URB,2043,0.0
RE1,DEMRESNGSCKN_HIG_URB,2044,0.0
RE1,DEMRESNGSCKN_HIG_URB,2045,0.0
RE1,DEMRESNGSCKN_HIG_URB,2046,0.0
RE1,DEMRESNGSCKN_HIG_URB,2047,0.0
RE1,DEMRESNGSCKN_HIG_URB,2048,0.0
RE1,DEMRESNGSCKN_HIG_URB,2049,0.0
RE1,DEMRESNGSCKN_HIG_URB,2050,0.0
RE1,DEMRESNGSCKN_HIG_URB,2051,0.0
RE1,DEMRESNGSCKN_HIG_URB,2052,0.0
RE1,DEMRESNGSCKN_HIG_URB,2053,0.0
RE1,DEMRESNGSCKN_HIG_URB,2054,0.0
RE1,DEMRESNGSCKN_HIG_URB,2055,0.0
RE1,DEMRESNGSCKN_LOW_RUR,2022,0.5655196395112164
RE1,DEMRESNGSCKN_LOW_RUR,2023,0.5516015622565257
RE1,DEMRESNGSCKN_LOW_RUR,2024,0.5513467364608685
RE1,DEMRESNGSCKN_LOW_RUR,2025,0.1857516788204379
RE1,DEMRESNGSCKN_LOW_RUR,2026,0.1857865695407786
RE1,DEMRESNGSCKN_LOW_RUR,2027,0.1858246465625094
RE1,DEMRESNGSCKN_LOW_RUR,2028,0.1858527521707761
RE1,DEMRESNGSCKN_LOW_RUR,2029,0.1858375315828482
RE1,DEMRESNGSCKN_LOW_RUR,2030,0.1857739224790308
RE1,DEMRESNGSCKN_LOW_RUR,2031,0.1893815654330197
RE1,DEMRESNGSCKN_LOW_RUR,2032,0.1929828603556426
RE1,DEMRESNGSCKN_LOW_RUR,2033,0.1965739961908836
RE1,DEMRESNGSCKN_LOW_RUR,2034,0.200154525010687
RE1,DEMRESNGSCKN_LOW_RUR,2035,0.2037286299260446
RE1,DEMRESNGSCKN_LOW_RUR,2036,0.207277244208116
RE1,DEMRESNGSCKN_LOW_RUR,2037,0.2108054832883776
RE1,DEMRESNGSCKN_LOW_RUR,2038,0.2143304243776872
RE1,DEMRESNGSCKN_LOW_RUR,2039,0.2178523623848063
RE1,DEMRESNGSCKN_LOW_RUR,2040,0.2213692471494359
RE1,DEMRESNGSCKN_LOW_RUR,2041,0.2245858278331413
RE1,DEMRESNGSCKN_LOW_RUR,2042,0.2277856653613431
RE1,DEMRESNGSCKN_LOW_RUR,2043,0.2309681488354019
RE1,DEMRESNGSCKN_LOW_RUR,2044,0.2341257365031405
RE1,DEMRESNGSCKN_LOW_RUR,2045,0.2372638762420056
RE1,DEMRESNGSCKN_LOW_RUR,2046,0.2402054827124199
RE1,DEMRESNGSCKN_LOW_RUR,2047,0.2431066085353939
RE1,DEMRESNGSCKN_LOW_RUR,2048,0.2459529728617287
RE1,DEMRESNGSCKN_LOW_RUR,2049,0.2487089735906234
RE1,DEMRESNGSCKN_LOW_RUR,2050,0.2513856931308818
RE1,DEMRESNGSCKN_LOW_RUR,2051,0.2553179725661306
RE1,DEMRESNGSCKN_LOW_RUR,2052,0.2592118111349084
RE1,DEMRESNGSCKN_LOW_RUR,2053,0.2630635512908959
RE1,DEMRESNGSCKN_LOW_RUR,2054,0.2668695276864519
RE1,DEMRESNGSCKN_LOW_RUR,2055,0.2668695276864519
RE1,DEMRESNGSCKN_LOW_URB,2022,32.85239063792739
RE1,DEMRESNGSCKN_LOW_URB,2023,32.07138329204339
RE1,DEMRESNGSCKN_LOW_URB,2024,32.92815926503479
RE1,DEMRESNGSCKN_LOW_URB,2025,31.41682064083515
RE1,DEMRESNGSCKN_LOW_URB,2026,30.64699297905613
RE1,DEMRESNGSCKN_LOW_URB,2027,29.74952477265255
RE1,DEMRESNGSCKN_LOW_URB,2028,28.73938744721514
RE1,DEMRESNGSCKN_LOW_URB,2029,27.63200991381362
RE1,DEMRESNGSCKN_LOW_URB,2030,26.44310116531589
RE1,DEMRESNGSCKN_LOW_URB,2031,25.1884317296846
RE1,DEMRESNGSCKN_LOW_URB,2032,23.88360189561835
RE1,DEMRESNGSCKN_LOW_URB,2033,22.54381335349871
RE1,DEMRESNGSCKN_LOW_URB,2034,21.18365519367013
RE1,DEMRESNGSCKN_LOW_URB,2035,19.81691178214421
RE1,DEMRESNGSCKN_LOW_URB,2036,18.45639764788283
RE1,DEMRESNGSCKN_LOW_URB,2037,17.11382265828347
RE1,DEMRESNGSCKN_LOW_URB,2038,15.79968921572535
RE1,DEMRESNGSCKN_LOW_URB,2039,14.52322188852913
RE1,DEMRESNGSCKN_LOW_URB,2040,13.29232876006342
RE1,DEMRESNGSCKN_LOW_URB,2041,12.11359282922525
RE1,DEMRESNGSCKN_LOW_URB,2042,10.99229102193889
RE1,DEMRESNGSCKN_LOW_URB,2043,9.9324377756636
RE1,DEMRESNGSCKN_LOW_URB,2044,8.936849733843284
RE1,DEMRESNGSCKN_LOW_URB,2045,8.007227827584503
RE1,DEMRESNGSCKN_LOW_URB,2046,7.144252916247237
RE1,DEMRESNGSCKN_LOW_URB,2047,6.347691191855967
RE1,DEMRESNGSCKN_LOW_URB,2048,5.616505705947228
RE1,DEMRESNGSCKN_LOW_URB,2049,4.948970631130757
RE1,DEMRESNGSCKN_LOW_URB,2050,4.34278520153767
RE1,DEMRESNGSCKN_LOW_URB,2051,3.795184664547576
RE1,DEMRESNGSCKN_LOW_URB,2052,3.303045999522559
RE1,DEMRESNGSCKN_LOW_URB,2053,2.862986598009667
RE1,DEMRESNGSCKN_LOW_URB,2054,2.471454536384468
RE1,DEMRESNGSCKN_LOW_URB,2055,2.471454536384468
RE1,DEMRESNGSCKN_MID_RUR,2022,0.003896966864131
RE1,DEMRESNGSCKN_MID_RUR,2023,0.0052088318246692
RE1,DEMRESNGSCKN_MID_RUR,2024,0.0124773981775789
RE1,DEMRESNGSCKN_MID_RUR,2025,0.1480710953840098
RE1,DEMRESNGSCKN_MID_RUR,2026,0.1480710953840098
RE1,DEMRESNGSCKN_MID_RUR,2027,0.1480710953840098
RE1,DEMRESNGSCKN_MID_RUR,2028,0.1480710953840098
RE1,DEMRESNGSCKN_MID_RUR,2029,0.1480710953840098
RE1,DEMRESNGSCKN_MID_RUR,2030,0.1480710953840098
RE1,DEMRESNGSCKN_MID_RUR,2031,0.0095445994909824
RE1,DEMRESNGSCKN_MID_RUR,2032,0.009050163064622
RE1,DEMRESNGSCKN_MID_RUR,2033,0.0085424798084998
RE1,DEMRESNGSCKN_MID_RUR,2034,0.0080270779359546
RE1,DEMRESNGSCKN_MID_RUR,2035,0.0075091807278255
RE1,DEMRESNGSCKN_MID_RUR,2036,0.0069936439666368
RE1,DEMRESNGSCKN_MID_RUR,2037,0.0064849048478279
RE1,DEMRESNGSCKN_MID_RUR,2038,0.0059869430246573
RE1,DEMRESNGSCKN_MID_RUR,2039,0.0055032539434091
RE1,DEMRESNGSCKN_MID_RUR,2040,0.0050368341974921
RE1,DEMRESNGSCKN_MID_RUR,2041,0.0045901782688413
RE1,DEMRESNGSCKN_MID_RUR,2042,0.0041652857319054
RE1,DEMRESNGSCKN_MID_RUR,2043,0.0037636777690327
RE1,DEMRESNGSCKN_MID_RUR,2044,0.0033864216850032
RE1,DEMRESNGSCKN_MID_RUR,2045,0.0030341620100657
RE1,DEMRESNGSCKN_MID_RUR,2046,0.0027071567408264
RE1,DEMRESNGSCKN_MID_RUR,2047,0.0024053172809207
RE1,DEMRESNGSCKN_MID_RUR,2048,0.0021282507016468
RE1,DEMRESNGSCKN_MID_RUR,2049,0.0018753030388593
RE1,DEMRESNGSCKN_MID_RUR,2050,0.0016456024681835
RE1,DEMRESNGSCKN_MID_RUR,2051,0.0014381013477204
RE1,DEMRESNGSCKN_MID_RUR,2052,0.0012516162778241
RE1,DEMRESNGSCKN_MID_RUR,2053,0.0010848654937833
RE1,DEMRESNGSCKN_MID_RUR,2054,0.0009365030726451
RE1,DEMRESNGSCKN_MID_RUR,2055,0.0009365030726451
RE1,DEMRESNGSCKN_MID_URB,2022,0.2263841408481339
RE1,DEMRESNGSCKN_MID_URB,2023,0.3028534605111763
RE1,DEMRESNGSCKN_MID_URB,2024,0.7451894193514218
RE1,DEMRESNGSCKN_MID_URB,2025,0.7109866707936968
RE1,DEMRESNGSCKN_MID_URB,2026,0.6935648822368451
RE1,DEMRESNGSCKN_MID_URB,2027,0.6732544905677182
RE1,DEMRESNGSCKN_MID_URB,2028,0.6503943105938194
RE1,DEMRESNGSCKN_MID_URB,2029,0.6253335103688111
RE1,DEMRESNGSCKN_MID_URB,2030,0.5984275964115855
RE1,DEMRESNGSCKN_MID_URB,2031,0.5700334678272749
RE1,DEMRESNGSCKN_MID_URB,2032,0.5405041710763101
RE1,DEMRESNGSCKN_MID_URB,2033,0.5101837320344601
RE1,DEMRESNGSCKN_MID_URB,2034,0.4794023129702903
RE1,DEMRESNGSCKN_MID_URB,2035,0.4484718646254638
RE1,DEMRESNGSCKN_MID_URB,2036,0.4176823895877199
RE1,DEMRESNGSCKN_MID_URB,2037,0.3872988911090288
RE1,DEMRESNGSCKN_MID_URB,2038,0.3575590465848305
RE1,DEMRESNGSCKN_MID_URB,2039,0.3286716150488544
RE1,DEMRESNGSCKN_MID_URB,2040,0.3008155624738471
RE1,DEMRESNGSCKN_MID_URB,2041,0.2741398671578726
RE1,DEMRESNGSCKN_MID_URB,2042,0.2487639499690641
RE1,DEMRESNGSCKN_MID_URB,2043,0.2247786606963578
RE1,DEMRESNGSCKN_MID_URB,2044,0.2022477421343506
RE1,DEMRESNGSCKN_MID_URB,2045,0.1812096876544289
RE1,DEMRESNGSCKN_MID_URB,2046,0.161679905624459
RE1,DEMRESNGSCKN_MID_URB,2047,0.1436531047911975
RE1,DEMRESNGSCKN_MID_URB,2048,0.1271058182181183
RE1,DEMRESNGSCKN_MID_URB,2049,0.1119989891119008
RE1,DEMRESNGSCKN_MID_URB,2050,0.0982805493818843
RE1,DEMRESNGSCKN_MID_URB,2051,0.0858879305624811
RE1,DEMRESNGSCKN_MID_URB,2052,0.0747504563089537
RE1,DEMRESNGSCKN_MID_URB,2053,0.0647915756058425
RE1,DEMRESNGSCKN_MID_URB,2054,0.0559309057059079
RE1,DEMRESNGSCKN_MID_URB,2055,0.0559309057059079
RE1,DEMRESNGSWHT_FOR_HIG_RUR,2022,0.0
RE1,DEMRESNGSWHT_FOR_HIG_RUR,2023,0.0
RE1,DEMRESNGSWHT_FOR_HIG_RUR,2024,0.0
RE1,DEMRESNGSWHT_FOR_HIG_RUR,2025,0.0
RE1,DEMRESNGSWHT_FOR_HIG_RUR,2026,0.0
RE1,DEMRESNGSWHT_FOR_HIG_RUR,2027,0.0
RE1,DEMRESNGSWHT_FOR_HIG_RUR,2028,0.0
RE1,DEMRESNGSWHT_FOR_HIG_RUR,2029,0.0
RE1,DEMRESNGSWHT_FOR_HIG_RUR,2030,0.0
RE1,DEMRESNGSWHT_FOR_HIG_RUR,2031,0.0
RE1,DEMRESNGSWHT_FOR_HIG_RUR,2032,0.0
RE1,DEMRESNGSWHT_FOR_HIG_RUR,2033,0.0
RE1,DEMRESNGSWHT_FOR_HIG_RUR,2034,0.0
RE1,DEMRESNGSWHT_FOR_HIG_RUR,2035,0.0
RE1,DEMRESNGSWHT_FOR_HIG_RUR,2036,0.0
RE1,DEMRESNGSWHT_FOR_HIG_RUR,2037,0.0
RE1,DEMRESNGSWHT_FOR_HIG_RUR,2038,0.0
RE1,DEMRESNGSWHT_FOR_HIG_RUR,2039,0.0
RE1,DEMRESNGSWHT_FOR_HIG_RUR,2040,0.0
RE1,DEMRESNGSWHT_FOR_HIG_RUR,2041,0.0
RE1,DEMRESNGSWHT_FOR_HIG_RUR,2042,0.0
RE1,DEMRESNGSWHT_FOR_HIG_RUR,2043,0.0
RE1,DEMRESNGSWHT_FOR_HIG_RUR,2044,0.0
RE1,DEMRESNGSWHT_FOR_HIG_RUR,2045,0.0
RE1,DEMRESNGSWHT_FOR_HIG_RUR,2046,0.0
RE1,DEMRESNGSWHT_FOR_HIG_RUR,2047,0.0
RE1,DEMRESNGSWHT_FOR_HIG_RUR,2048,0.0
RE1,DEMRESNGSWHT_FOR_HIG_RUR,2049,0.0
RE1,DEMRESNGSWHT_FOR_HIG_RUR,2050,0.0
RE1,DEMRESNGSWHT_FOR_HIG_RUR,2051,0.0
RE1,DEMRESNGSWHT_FOR_HIG_RUR,2052,0.0
RE1,DEMRESNGSWHT_FOR_HIG_RUR,2053,0.0
RE1,DEMRESNGSWHT_FOR_HIG_RUR,2054,0.0
RE1,DEMRESNGSWHT_FOR_HIG_RUR,2055,0.0
RE1,DEMRESNGSWHT_FOR_HIG_URB,2022,0.0
RE1,DEMRESNGSWHT_FOR_HIG_URB,2023,0.0
RE1,DEMRESNGSWHT_FOR_HIG_URB,2024,0.0
RE1,DEMRESNGSWHT_FOR_HIG_URB,2025,0.0
RE1,DEMRESNGSWHT_FOR_HIG_URB,2026,0.0
RE1,DEMRESNGSWHT_FOR_HIG_URB,2027,0.0
RE1,DEMRESNGSWHT_FOR_HIG_URB,2028,0.0
RE1,DEMRESNGSWHT_FOR_HIG_URB,2029,0.0
RE1,DEMRESNGSWHT_FOR_HIG_URB,2030,0.0
RE1,DEMRESNGSWHT_FOR_HIG_URB,2031,0.0
RE1,DEMRESNGSWHT_FOR_HIG_URB,2032,0.0
RE1,DEMRESNGSWHT_FOR_HIG_URB,2033,0.0
RE1,DEMRESNGSWHT_FOR_HIG_URB,2034,0.0
RE1,DEMRESNGSWHT_FOR_HIG_URB,2035,0.0
RE1,DEMRESNGSWHT_FOR_HIG_URB,2036,0.0
RE1,DEMRESNGSWHT_FOR_HIG_URB,2037,0.0
RE1,DEMRESNGSWHT_FOR_HIG_URB,2038,0.0
RE1,DEMRESNGSWHT_FOR_HIG_URB,2039,0.0
RE1,DEMRESNGSWHT_FOR_HIG_URB,2040,0.0
RE1,DEMRESNGSWHT_FOR_HIG_URB,2041,0.0
RE1,DEMRESNGSWHT_FOR_HIG_URB,2042,0.0
RE1,DEMRESNGSWHT_FOR_HIG_URB,2043,0.0
RE1,DEMRESNGSWHT_FOR_HIG_URB,2044,0.0
RE1,DEMRESNGSWHT_FOR_HIG_URB,2045,0.0
RE1,DEMRESNGSWHT_FOR_HIG_URB,2046,0.0
RE1,DEMRESNGSWHT_FOR_HIG_URB,2047,0.0
RE1,DEMRESNGSWHT_FOR_HIG_URB,2048,0.0
RE1,DEMRESNGSWHT_FOR_HIG_URB,2049,0.0
RE1,DEMRESNGSWHT_FOR_HIG_URB,2050,0.0
RE1,DEMRESNGSWHT_FOR_HIG_URB,2051,0.0
RE1,DEMRESNGSWHT_FOR_HIG_URB,2052,0.0
RE1,DEMRESNGSWHT_FOR_HIG_URB,2053,0.0
RE1,DEMRESNGSWHT_FOR_HIG_URB,2054,0.0
RE1,DEMRESNGSWHT_FOR_HIG_URB,2055,0.0
RE1,DEMRESNGSWHT_FOR_LOW_RUR,2022,0.0
RE1,DEMRESNGSWHT_FOR_LOW_RUR,2023,0.0
RE1,DEMRESNGSWHT_FOR_LOW_RUR,2024,0.0
RE1,DEMRESNGSWHT_FOR_LOW_RUR,2025,0.047261092425
RE1,DEMRESNGSWHT_FOR_LOW_RUR,2026,0.04733972985
RE1,DEMRESNGSWHT_FOR_LOW_RUR,2027,0.047418367275
RE1,DEMRESNGSWHT_FOR_LOW_RUR,2028,0.0474970047
RE1,DEMRESNGSWHT_FOR_LOW_RUR,2029,0.047575642125
RE1,DEMRESNGSWHT_FOR_LOW_RUR,2030,0.04765427955
RE1,DEMRESNGSWHT_FOR_LOW_RUR,2031,0.047732916975
RE1,DEMRESNGSWHT_FOR_LOW_RUR,2032,0.0478115544
RE1,DEMRESNGSWHT_FOR_LOW_RUR,2033,0.047890191825
RE1,DEMRESNGSWHT_FOR_LOW_RUR,2034,0.04796882925
RE1,DEMRESNGSWHT_FOR_LOW_RUR,2035,0.048047466675
RE1,DEMRESNGSWHT_FOR_LOW_RUR,2036,0.0481261041
RE1,DEMRESNGSWHT_FOR_LOW_RUR,2037,0.048204741525
RE1,DEMRESNGSWHT_FOR_LOW_RUR,2038,0.04828337895
RE1,DEMRESNGSWHT_FOR_LOW_RUR,2039,0.048362016375
RE1,DEMRESNGSWHT_FOR_LOW_RUR,2040,0.0484406538
RE1,DEMRESNGSWHT_FOR_LOW_RUR,2041,0.048519291225
RE1,DEMRESNGSWHT_FOR_LOW_RUR,2042,0.04859792865
RE1,DEMRESNGSWHT_FOR_LOW_RUR,2043,0.048676566075
RE1,DEMRESNGSWHT_FOR_LOW_RUR,2044,0.0487552035
RE1,DEMRESNGSWHT_FOR_LOW_RUR,2045,0.048833840925
RE1,DEMRESNGSWHT_FOR_LOW_RUR,2046,0.04891247835
RE1,DEMRESNGSWHT_FOR_LOW_RUR,2047,0.048991115775
RE1,DEMRESNGSWHT_FOR_LOW_RUR,2048,0.0490697532
RE1,DEMRESNGSWHT_FOR_LOW_RUR,2049,0.049148390625
RE1,DEMRESNGSWHT_FOR_LOW_RUR,2050,0.04922702805
RE1,DEMRESNGSWHT_FOR_LOW_RUR,2051,0.049305665475
RE1,DEMRESNGSWHT_FOR_LOW_RUR,2052,0.0493843029
RE1,DEMRESNGSWHT_FOR_LOW_RUR,2053,0.049462940325
RE1,DEMRESNGSWHT_FOR_LOW_RUR,2054,0.04954157775
RE1,DEMRESNGSWHT_FOR_LOW_RUR,2055,0.04954157775
RE1,DEMRESNGSWHT_FOR_LOW_URB,2022,0.3345983409882398
RE1,DEMRESNGSWHT_FOR_LOW_URB,2023,0.3232148287237928
RE1,DEMRESNGSWHT_FOR_LOW_URB,2024,0.3283890811482416
RE1,DEMRESNGSWHT_FOR_LOW_URB,2025,0.95151141765
RE1,DEMRESNGSWHT_FOR_LOW_URB,2026,0.9530893802
RE1,DEMRESNGSWHT_FOR_LOW_URB,2027,0.95466734275
RE1,DEMRESNGSWHT_FOR_LOW_URB,2028,0.9562453052999998
RE1,DEMRESNGSWHT_FOR_LOW_URB,2029,0.9578232678499998
RE1,DEMRESNGSWHT_FOR_LOW_URB,2030,0.9594012303999998
RE1,DEMRESNGSWHT_FOR_LOW_URB,2031,0.9609791929499998
RE1,DEMRESNGSWHT_FOR_LOW_URB,2032,0.9625571554999998
RE1,DEMRESNGSWHT_FOR_LOW_URB,2033,0.9641351180499996
RE1,DEMRESNGSWHT_FOR_LOW_URB,2034,0.9657130805999996
RE1,DEMRESNGSWHT_FOR_LOW_URB,2035,0.9672910431499996
RE1,DEMRESNGSWHT_FOR_LOW_URB,2036,0.9688690056999996
RE1,DEMRESNGSWHT_FOR_LOW_URB,2037,0.9704469682499997
RE1,DEMRESNGSWHT_FOR_LOW_URB,2038,0.9720249307999996
RE1,DEMRESNGSWHT_FOR_LOW_URB,2039,0.9736028933499996
RE1,DEMRESNGSWHT_FOR_LOW_URB,2040,0.9751808558999996
RE1,DEMRESNGSWHT_FOR_LOW_URB,2041,0.9767588184499996
RE1,DEMRESNGSWHT_FOR_LOW_URB,2042,0.9783367809999995
RE1,DEMRESNGSWHT_FOR_LOW_URB,2043,0.9799147435499996
RE1,DEMRESNGSWHT_FOR_LOW_URB,2044,0.9814927060999996
RE1,DEMRESNGSWHT_FOR_LOW_URB,2045,0.9830706686499996
RE1,DEMRESNGSWHT_FOR_LOW_URB,2046,0.9846486311999996
RE1,DEMRESNGSWHT_FOR_LOW_URB,2047,0.9862265937499994
RE1,DEMRESNGSWHT_FOR_LOW_URB,2048,0.9878045562999994
RE1,DEMRESNGSWHT_FOR_LOW_URB,2049,0.9893825188499994
RE1,DEMRESNGSWHT_FOR_LOW_URB,2050,0.9909604813999994
RE1,DEMRESNGSWHT_FOR_LOW_URB,2051,0.9925384439499992
RE1,DEMRESNGSWHT_FOR_LOW_URB,2052,0.9941164065
RE1,DEMRESNGSWHT_FOR_LOW_URB,2053,1.0
RE1,DEMRESNGSWHT_FOR_LOW_URB,2054,1.0
RE1,DEMRESNGSWHT_FOR_LOW_URB,2055,1.0
RE1,DEMRESNGSWHT_FOR_MID_RUR,2022,0.0
RE1,DEMRESNGSWHT_FOR_MID_RUR,2023,0.0
RE1,DEMRESNGSWHT_FOR_MID_RUR,2024,0.0
RE1,DEMRESNGSWHT_FOR_MID_RUR,2025,0.0
RE1,DEMRESNGSWHT_FOR_MID_RUR,2026,0.0
RE1,DEMRESNGSWHT_FOR_MID_RUR,2027,0.0
RE1,DEMRESNGSWHT_FOR_MID_RUR,2028,0.0
RE1,DEMRESNGSWHT_FOR_MID_RUR,2029,0.0
RE1,DEMRESNGSWHT_FOR_MID_RUR,2030,0.0
RE1,DEMRESNGSWHT_FOR_MID_RUR,2031,0.0
RE1,DEMRESNGSWHT_FOR_MID_RUR,2032,0.0
RE1,DEMRESNGSWHT_FOR_MID_RUR,2033,0.0
RE1,DEMRESNGSWHT_FOR_MID_RUR,2034,0.0
RE1,DEMRESNGSWHT_FOR_MID_RUR,2035,0.0
RE1,DEMRESNGSWHT_FOR_MID_RUR,2036,0.0
RE1,DEMRESNGSWHT_FOR_MID_RUR,2037,0.0
RE1,DEMRESNGSWHT_FOR_MID_RUR,2038,0.0
RE1,DEMRESNGSWHT_FOR_MID_RUR,2039,0.0
RE1,DEMRESNGSWHT_FOR_MID_RUR,2040,0.0
RE1,DEMRESNGSWHT_FOR_MID_RUR,2041,0.0
RE1,DEMRESNGSWHT_FOR_MID_RUR,2042,0.0
RE1,DEMRESNGSWHT_FOR_MID_RUR,2043,0.0
RE1,DEMRESNGSWHT_FOR_MID_RUR,2044,0.0
RE1,DEMRESNGSWHT_FOR_MID_RUR,2045,0.0
RE1,DEMRESNGSWHT_FOR_MID_RUR,2046,0.0
RE1,DEMRESNGSWHT_FOR_MID_RUR,2047,0.0
RE1,DEMRESNGSWHT_FOR_MID_RUR,2048,0.0
RE1,DEMRESNGSWHT_FOR_MID_RUR,2049,0.0
RE1,DEMRESNGSWHT_FOR_MID_RUR,2050,0.0
RE1,DEMRESNGSWHT_FOR_MID_RUR,2051,0.0
RE1,DEMRESNGSWHT_FOR_MID_RUR,2052,0.0
RE1,DEMRESNGSWHT_FOR_MID_RUR,2053,0.0
RE1,DEMRESNGSWHT_FOR_MID_RUR,2054,0.0
RE1,DEMRESNGSWHT_FOR_MID_RUR,2055,0.0
RE1,DEMRESNGSWHT_FOR_MID_URB,2022,0.0023057000261766
RE1,DEMRESNGSWHT_FOR_MID_URB,2023,0.003052151772693
RE1,DEMRESNGSWHT_FOR_MID_URB,2024,0.0074316959758529
RE1,DEMRESNGSWHT_FOR_MID_URB,2025,0.0073559837174061
RE1,DEMRESNGSWHT_FOR_MID_URB,2026,0.0072030467283208
RE1,DEMRESNGSWHT_FOR_MID_URB,2027,0.0068757043775969
RE1,DEMRESNGSWHT_FOR_MID_URB,2028,0.006281972937901
RE1,DEMRESNGSWHT_FOR_MID_URB,2029,0.0053552323548921
RE1,DEMRESNGSWHT_FOR_MID_URB,2030,0.004117573745736
RE1,DEMRESNGSWHT_FOR_MID_URB,2031,0.0027339681625528
RE1,DEMRESNGSWHT_FOR_MID_URB,2032,0.0014847465632737
RE1,DEMRESNGSWHT_FOR_MID_URB,2033,0.0006171976865664
RE1,DEMRESNGSWHT_FOR_MID_URB,2034,0.0001813772964044
RE1,DEMRESNGSWHT_FOR_MID_URB,2035,3.430425408248689e-05
RE1,DEMRESNGSWHT_FOR_MID_URB,2036,3.742520714413735e-06
RE1,DEMRESNGSWHT_FOR_MID_URB,2037,2.075774766012024e-07
RE1,DEMRESNGSWHT_FOR_MID_URB,2038,5.0667249945087805e-09
RE1,DEMRESNGSWHT_FOR_MID_URB,2039,4.6216641098708325e-11
RE1,DEMRESNGSWHT_FOR_MID_URB,2040,1.310770357020002e-13
RE1,DEMRESNGSWHT_FOR_MID_URB,2041,9.411622814873911e-17
RE1,DEMRESNGSWHT_FOR_MID_URB,2042,1.361641114526887e-20
RE1,DEMRESNGSWHT_FOR_MID_URB,2043,3.0842426691388767e-25
RE1,DEMRESNGSWHT_FOR_MID_URB,2044,8.28715476277841e-31
RE1,DEMRESNGSWHT_FOR_MID_URB,2045,1.949177044480892e-37
RE1,DEMRESNGSWHT_FOR_MID_URB,2046,2.8808287091157594e-45
RE1,DEMRESNGSWHT_FOR_MID_URB,2047,1.866068545967773e-54
RE1,DEMRESNGSWHT_FOR_MID_URB,2048,3.585722037233872e-65
RE1,DEMRESNGSWHT_FOR_MID_URB,2049,1.340940153159323e-77
RE1,DEMRESNGSWHT_FOR_MID_URB,2050,6.198686220624229e-92
RE1,DEMRESNGSWHT_FOR_MID_URB,2051,2.175348447818198e-108
RE1,DEMRESNGSWHT_FOR_MID_URB,2052,3.437675872143407e-127
RE1,DEMRESNGSWHT_FOR_MID_URB,2053,1.3997205049428691e-148
RE1,DEMRESNGSWHT_FOR_MID_URB,2054,8.095350643214957e-173
RE1,DEMRESNGSWHT_FOR_MID_URB,2055,8.095350643214957e-173
RE1,DEMRESNGSWHT_NAT_HIG_RUR,2022,0.0005459039120626
RE1,DEMRESNGSWHT_NAT_HIG_RUR,2023,0.0007347802630066
RE1,DEMRESNGSWHT_NAT_HIG_RUR,2024,0.0017725065764634
RE1,DEMRESNGSWHT_NAT_HIG_RUR,2025,0.0017544487231212
RE1,DEMRESNGSWHT_NAT_HIG_RUR,2026,0.0017179722822362
RE1,DEMRESNGSWHT_NAT_HIG_RUR,2027,0.0016398990575916
RE1,DEMRESNGSWHT_NAT_HIG_RUR,2028,0.0014982903474219
RE1,DEMRESNGSWHT_NAT_HIG_RUR,2029,0.001277256846671
RE1,DEMRESNGSWHT_NAT_HIG_RUR,2030,0.0009820674267494
RE1,DEMRESNGSWHT_NAT_HIG_RUR,2031,0.000652068728822
RE1,DEMRESNGSWHT_NAT_HIG_RUR,2032,0.0003541214624945
RE1,DEMRESNGSWHT_NAT_HIG_RUR,2033,0.0001472055587273
RE1,DEMRESNGSWHT_NAT_HIG_RUR,2034,4.32596343745165e-05
RE1,DEMRESNGSWHT_NAT_HIG_RUR,2035,8.18178194579632e-06
RE1,DEMRESNGSWHT_NAT_HIG_RUR,2036,8.926149024937262e-07
RE1,DEMRESNGSWHT_NAT_HIG_RUR,2037,4.9508543352258e-08
RE1,DEMRESNGSWHT_NAT_HIG_RUR,2038,1.208446013275961e-09
RE1,DEMRESNGSWHT_NAT_HIG_RUR,2039,1.102296172444124e-11
RE1,DEMRESNGSWHT_NAT_HIG_RUR,2040,3.12627035013314e-14
RE1,DEMRESNGSWHT_NAT_HIG_RUR,2041,2.244731672119124e-17
RE1,DEMRESNGSWHT_NAT_HIG_RUR,2042,3.2476003298895867e-21
RE1,DEMRESNGSWHT_NAT_HIG_RUR,2043,7.356114179348374e-26
RE1,DEMRESNGSWHT_NAT_HIG_RUR,2044,1.976538917216559e-31
RE1,DEMRESNGSWHT_NAT_HIG_RUR,2045,4.648910748313305e-38
RE1,DEMRESNGSWHT_NAT_HIG_RUR,2046,6.870958996659314e-46
RE1,DEMRESNGSWHT_NAT_HIG_RUR,2047,4.4506917137172386e-55
RE1,DEMRESNGSWHT_NAT_HIG_RUR,2048,8.55217424531076e-66
RE1,DEMRESNGSWHT_NAT_HIG_RUR,2049,3.1982272254429776e-78
RE1,DEMRESNGSWHT_NAT_HIG_RUR,2050,1.478425937658023e-92
RE1,DEMRESNGSWHT_NAT_HIG_RUR,2051,5.188343875187592e-109
RE1,DEMRESNGSWHT_NAT_HIG_RUR,2052,8.199074761564828e-128
RE1,DEMRESNGSWHT_NAT_HIG_RUR,2053,3.338422088690477e-149
RE1,DEMRESNGSWHT_NAT_HIG_RUR,2054,1.930792419455666e-173
RE1,DEMRESNGSWHT_NAT_HIG_RUR,2055,1.930792419455666e-173
RE1,DEMRESNGSWHT_NAT_HIG_URB,2022,0.0085599928398771
RE1,DEMRESNGSWHT_NAT_HIG_URB,2023,0.0113312213314211
RE1,DEMRESNGSWHT_NAT_HIG_URB,2024,0.0275904339763288
RE1,DEMRESNGSWHT_NAT_HIG_URB,2025,0.0273093495408697
RE1,DEMRESNGSWHT_NAT_HIG_URB,2026,0.0267415655634832
RE1,DEMRESNGSWHT_NAT_HIG_URB,2027,0.0255262955168279
RE1,DEMRESNGSWHT_NAT_HIG_URB,2028,0.0233220465621037
RE1,DEMRESNGSWHT_NAT_HIG_URB,2029,0.01988148939295
RE1,DEMRESNGSWHT_NAT_HIG_URB,2030,0.0152866380626336
RE1,DEMRESNGSWHT_NAT_HIG_URB,2031,0.0101499534328894
RE1,DEMRESNGSWHT_NAT_HIG_URB,2032,0.0055121740930585
RE1,DEMRESNGSWHT_NAT_HIG_URB,2033,0.0022913682256221
RE1,DEMRESNGSWHT_NAT_HIG_URB,2034,0.0006733696235032
RE1,DEMRESNGSWHT_NAT_HIG_URB,2035,0.0001273557557313
RE1,DEMRESNGSWHT_NAT_HIG_URB,2036,1.389424042796956e-05
RE1,DEMRESNGSWHT_NAT_HIG_URB,2037,7.706387185034271e-07
RE1,DEMRESNGSWHT_NAT_HIG_URB,2038,1.881039562051845e-08
RE1,DEMRESNGSWHT_NAT_HIG_URB,2039,1.7158091356061457e-10
RE1,DEMRESNGSWHT_NAT_HIG_URB,2040,4.866281278324023e-13
RE1,DEMRESNGSWHT_NAT_HIG_URB,2041,3.4940982344758083e-16
RE1,DEMRESNGSWHT_NAT_HIG_URB,2042,5.0551407635451534e-20
RE1,DEMRESNGSWHT_NAT_HIG_URB,2043,1.1450359918697491e-24
RE1,DEMRESNGSWHT_NAT_HIG_URB,2044,3.076635495813775e-30
RE1,DEMRESNGSWHT_NAT_HIG_URB,2045,7.236388669378163e-37
RE1,DEMRESNGSWHT_NAT_HIG_URB,2046,1.069517840264559e-44
RE1,DEMRESNGSWHT_NAT_HIG_URB,2047,6.927845431260185e-54
RE1,DEMRESNGSWHT_NAT_HIG_URB,2048,1.33121197970445e-64
RE1,DEMRESNGSWHT_NAT_HIG_URB,2049,4.97828771281298e-77
RE1,DEMRESNGSWHT_NAT_HIG_URB,2050,2.3012841680526709e-91
RE1,DEMRESNGSWHT_NAT_HIG_URB,2051,8.076057998073404e-108
RE1,DEMRESNGSWHT_NAT_HIG_URB,2052,1.2762493176600259e-126
RE1,DEMRESNGSWHT_NAT_HIG_URB,2053,5.1965118463430344e-148
RE1,DEMRESNGSWHT_NAT_HIG_URB,2054,3.005427538513074e-172
RE1,DEMRESNGSWHT_NAT_HIG_URB,2055,3.005427538513074e-172
RE1,DEMRESNGSWHT_NAT_LOW_RUR,2022,0.0792204281742752
RE1,DEMRESNGSWHT_NAT_LOW_RUR,2023,0.0778112933249615
RE1,DEMRESNGSWHT_NAT_LOW_RUR,2024,0.0783228764827451
RE1,DEMRESNGSWHT_NAT_LOW_RUR,2025,0.047261092425
RE1,DEMRESNGSWHT_NAT_LOW_RUR,2026,0.04733972985
RE1,DEMRESNGSWHT_NAT_LOW_RUR,2027,0.047418367275
RE1,DEMRESNGSWHT_NAT_LOW_RUR,2028,0.0474970047
RE1,DEMRESNGSWHT_NAT_LOW_RUR,2029,0.047575642125
RE1,DEMRESNGSWHT_NAT_LOW_RUR,2030,0.04765427955
RE1,DEMRESNGSWHT_NAT_LOW_RUR,2031,0.047732916975
RE1,DEMRESNGSWHT_NAT_LOW_RUR,2032,0.0478115544
RE1,DEMRESNGSWHT_NAT_LOW_RUR,2033,0.047890191825
RE1,DEMRESNGSWHT_NAT_LOW_RUR,2034,0.04796882925
RE1,DEMRESNGSWHT_NAT_LOW_RUR,2035,0.048047466675
RE1,DEMRESNGSWHT_NAT_LOW_RUR,2036,0.0481261041
RE1,DEMRESNGSWHT_NAT_LOW_RUR,2037,0.048204741525
RE1,DEMRESNGSWHT_NAT_LOW_RUR,2038,0.04828337895
RE1,DEMRESNGSWHT_NAT_LOW_RUR,2039,0.048362016375
RE1,DEMRESNGSWHT_NAT_LOW_RUR,2040,0.0484406538
RE1,DEMRESNGSWHT_NAT_LOW_RUR,2041,0.048519291225
RE1,DEMRESNGSWHT_NAT_LOW_RUR,2042,0.04859792865
RE1,DEMRESNGSWHT_NAT_LOW_RUR,2043,0.048676566075
RE1,DEMRESNGSWHT_NAT_LOW_RUR,2044,0.0487552035
RE1,DEMRESNGSWHT_NAT_LOW_RUR,2045,0.048833840925
RE1,DEMRESNGSWHT_NAT_LOW_RUR,2046,0.04891247835
RE1,DEMRESNGSWHT_NAT_LOW_RUR,2047,0.048991115775
RE1,DEMRESNGSWHT_NAT_LOW_RUR,2048,0.0490697532
RE1,DEMRESNGSWHT_NAT_LOW_RUR,2049,0.049148390625
RE1,DEMRESNGSWHT_NAT_LOW_RUR,2050,0.04922702805
RE1,DEMRESNGSWHT_NAT_LOW_RUR,2051,0.049305665475
RE1,DEMRESNGSWHT_NAT_LOW_RUR,2052,0.0493843029
RE1,DEMRESNGSWHT_NAT_LOW_RUR,2053,0.049462940325
RE1,DEMRESNGSWHT_NAT_LOW_RUR,2054,0.04954157775
RE1,DEMRESNGSWHT_NAT_LOW_RUR,2055,0.04954157775
RE1,DEMRESNGSWHT_NAT_LOW_URB,2022,1.24220816696765
RE1,DEMRESNGSWHT_NAT_LOW_URB,2023,1.199946475346861
RE1,DEMRESNGSWHT_NAT_LOW_URB,2024,1.219156070351483
RE1,DEMRESNGSWHT_NAT_LOW_URB,2025,1.206735613461778
RE1,DEMRESNGSWHT_NAT_LOW_URB,2026,0.9499334551
RE1,DEMRESNGSWHT_NAT_LOW_URB,2027,0.95151141765
RE1,DEMRESNGSWHT_NAT_LOW_URB,2028,0.9530893802
RE1,DEMRESNGSWHT_NAT_LOW_URB,2029,0.95466734275
RE1,DEMRESNGSWHT_NAT_LOW_URB,2030,0.9562453052999998
RE1,DEMRESNGSWHT_NAT_LOW_URB,2031,0.9578232678499998
RE1,DEMRESNGSWHT_NAT_LOW_URB,2032,0.9594012303999998
RE1,DEMRESNGSWHT_NAT_LOW_URB,2033,0.9609791929499998
RE1,DEMRESNGSWHT_NAT_LOW_URB,2034,0.9625571554999998
RE1,DEMRESNGSWHT_NAT_LOW_URB,2035,0.9641351180499996
RE1,DEMRESNGSWHT_NAT_LOW_URB,2036,0.9657130805999996
RE1,DEMRESNGSWHT_NAT_LOW_URB,2037,0.9672910431499996
RE1,DEMRESNGSWHT_NAT_LOW_URB,2038,0.9688690056999996
RE1,DEMRESNGSWHT_NAT_LOW_URB,2039,0.9704469682499997
RE1,DEMRESNGSWHT_NAT_LOW_URB,2040,0.9720249307999996
RE1,DEMRESNGSWHT_NAT_LOW_URB,2041,0.9736028933499996
RE1,DEMRESNGSWHT_NAT_LOW_URB,2042,0.9751808558999996
RE1,DEMRESNGSWHT_NAT_LOW_URB,2043,0.9767588184499996
RE1,DEMRESNGSWHT_NAT_LOW_URB,2044,0.9783367809999995
RE1,DEMRESNGSWHT_NAT_LOW_URB,2045,0.9799147435499996
RE1,DEMRESNGSWHT_NAT_LOW_URB,2046,0.9814927060999996
RE1,DEMRESNGSWHT_NAT_LOW_URB,2047,0.9830706686499996
RE1,DEMRESNGSWHT_NAT_LOW_URB,2048,0.9846486311999996
RE1,DEMRESNGSWHT_NAT_LOW_URB,2049,0.9862265937499994
RE1,DEMRESNGSWHT_NAT_LOW_URB,2050,0.9878045562999994
RE1,DEMRESNGSWHT_NAT_LOW_URB,2051,0.9893825188499994
RE1,DEMRESNGSWHT_NAT_LOW_URB,2052,0.9909604813999994
RE1,DEMRESNGSWHT_NAT_LOW_URB,2053,0.9925384439499992
RE1,DEMRESNGSWHT_NAT_LOW_URB,2054,0.9941164065
RE1,DEMRESNGSWHT_NAT_LOW_URB,2055,0.9941164065
RE1,DEMRESWOOCKN_HIG_RUR,2022,0.0
RE1,DEMRESWOOCKN_HIG_RUR,2023,0.0
RE1,DEMRESWOOCKN_HIG_RUR,2024,0.0
RE1,DEMRESWOOCKN_HIG_RUR,2025,1.394354218357257
RE1,DEMRESWOOCKN_HIG_RUR,2026,1.604096809353757
RE1,DEMRESWOOCKN_HIG_RUR,2027,1.803162527155581
RE1,DEMRESWOOCKN_HIG_RUR,2028,1.993025915980683
RE1,DEMRESWOOCKN_HIG_RUR,2029,2.000372526899012
RE1,DEMRESWOOCKN_HIG_RUR,2030,1.954597394879318
RE1,DEMRESWOOCKN_HIG_RUR,2031,2.126171447145029
RE1,DEMRESWOOCKN_HIG_RUR,2032,2.293682826808308
RE1,DEMRESWOOCKN_HIG_RUR,2033,2.457154968011908
RE1,DEMRESWOOCKN_HIG_RUR,2034,2.61661130489859
RE1,DEMRESWOOCKN_HIG_RUR,2035,2.772075271611107
RE1,DEMRESWOOCKN_HIG_RUR,2036,2.923070797781899
RE1,DEMRESWOOCKN_HIG_RUR,2037,3.070067814212206
RE1,DEMRESWOOCKN_HIG_RUR,2038,3.213091382016783
RE1,DEMRESWOOCKN_HIG_RUR,2039,3.352166562310381
RE1,DEMRESWOOCKN_HIG_RUR,2040,3.487318416207753
RE1,DEMRESWOOCKN_HIG_RUR,2041,3.613692491561868
RE1,DEMRESWOOCKN_HIG_RUR,2042,3.735822808310897
RE1,DEMRESWOOCKN_HIG_RUR,2043,3.85374709724728
RE1,DEMRESWOOCKN_HIG_RUR,2044,3.967503089163449
RE1,DEMRESWOOCKN_HIG_RUR,2045,4.077128514851839
RE1,DEMRESWOOCKN_HIG_RUR,2046,4.179724651767532
RE1,DEMRESWOOCKN_HIG_RUR,2047,4.278098411582873
RE1,DEMRESWOOCKN_HIG_RUR,2048,4.37229397999421
RE1,DEMRESWOOCKN_HIG_RUR,2049,4.462355542697895
RE1,DEMRESWOOCKN_HIG_RUR,2050,4.548327285390275
RE1,DEMRESWOOCKN_HIG_RUR,2051,4.653069557689524
RE1,DEMRESWOOCKN_HIG_RUR,2052,4.754808124380894
RE1,DEMRESWOOCKN_HIG_RUR,2053,4.853542985464382
RE1,DEMRESWOOCKN_HIG_RUR,2054,4.949274140939988
RE1,DEMRESWOOCKN_HIG_RUR,2055,4.949274140939988
RE1,DEMRESWOOCKN_HIG_URB,2022,0.0
RE1,DEMRESWOOCKN_HIG_URB,2023,0.0
RE1,DEMRESWOOCKN_HIG_URB,2024,0.0
RE1,DEMRESWOOCKN_HIG_URB,2025,1.311497797839448
RE1,DEMRESWOOCKN_HIG_URB,2026,1.147186340077618
RE1,DEMRESWOOCKN_HIG_URB,2027,0.9522990473583638
RE1,DEMRESWOOCKN_HIG_URB,2028,0.724949270486619
RE1,DEMRESWOOCKN_HIG_URB,2029,0.463374412351155
RE1,DEMRESWOOCKN_HIG_URB,2030,0.1660333413501737
RE1,DEMRESWOOCKN_HIG_URB,2031,0.1760029075580391
RE1,DEMRESWOOCKN_HIG_URB,2032,0.1862538718610538
RE1,DEMRESWOOCKN_HIG_URB,2033,0.1967838144033303
RE1,DEMRESWOOCKN_HIG_URB,2034,0.207592030535459
RE1,DEMRESWOOCKN_HIG_URB,2035,0.2186822241578571
RE1,DEMRESWOOCKN_HIG_URB,2036,0.230123102167433
RE1,DEMRESWOOCKN_HIG_URB,2037,0.2418624058080051
RE1,DEMRESWOOCKN_HIG_URB,2038,0.2539033680241355
RE1,DEMRESWOOCKN_HIG_URB,2039,0.2662435492536735
RE1,DEMRESWOOCKN_HIG_URB,2040,0.2788928720657826
RE1,DEMRESWOOCKN_HIG_URB,2041,0.2918946207964148
RE1,DEMRESWOOCKN_HIG_URB,2042,0.3052014199879055
RE1,DEMRESWOOCKN_HIG_URB,2043,0.3188140957659557
RE1,DEMRESWOOCKN_HIG_URB,2044,0.3327245703413806
RE1,DEMRESWOOCKN_HIG_URB,2045,0.3469392525360255
RE1,DEMRESWOOCKN_HIG_URB,2046,0.3614932376920151
RE1,DEMRESWOOCKN_HIG_URB,2047,0.3763658683263195
RE1,DEMRESWOOCKN_HIG_URB,2048,0.3915569947033558
RE1,DEMRESWOOCKN_HIG_URB,2049,0.407000684064577
RE1,DEMRESWOOCKN_HIG_URB,2050,0.4220385186359395
RE1,DEMRESWOOCKN_HIG_URB,2051,0.4347213638887764
RE1,DEMRESWOOCKN_HIG_URB,2052,0.4474703388975497
RE1,DEMRESWOOCKN_HIG_URB,2053,0.4600233706219176
RE1,DEMRESWOOCKN_HIG_URB,2054,0.4726053048274767
RE1,DEMRESWOOCKN_HIG_URB,2055,0.4726053048274767
RE1,DEMRESWOOCKN_LOW_RUR,2022,11.28447127676893
RE1,DEMRESWOOCKN_LOW_RUR,2023,11.82304434362199
RE1,DEMRESWOOCKN_LOW_RUR,2024,11.35575239933412
RE1,DEMRESWOOCKN_LOW_RUR,2025,9.750746510869028
RE1,DEMRESWOOCKN_LOW_RUR,2026,8.636671872140585
RE1,DEMRESWOOCKN_LOW_RUR,2027,7.53327410660682
RE1,DEMRESWOOCKN_LOW_RUR,2028,6.439078670049774
RE1,DEMRESWOOCKN_LOW_RUR,2029,5.527400011399502
RE1,DEMRESWOOCKN_LOW_RUR,2030,4.668843095687253
RE1,DEMRESWOOCKN_LOW_RUR,2031,4.426504991612863
RE1,DEMRESWOOCKN_LOW_RUR,2032,4.188495518361075
RE1,DEMRESWOOCKN_LOW_RUR,2033,3.954791241789127
RE1,DEMRESWOOCKN_LOW_RUR,2034,3.725368727754266
RE1,DEMRESWOOCKN_LOW_RUR,2035,3.500204542113732
RE1,DEMRESWOOCKN_LOW_RUR,2036,3.278714972500223
RE1,DEMRESWOOCKN_LOW_RUR,2037,3.061508335639576
RE1,DEMRESWOOCKN_LOW_RUR,2038,2.848559570417037
RE1,DEMRESWOOCKN_LOW_RUR,2039,2.63984361571785
RE1,DEMRESWOOCKN_LOW_RUR,2040,2.435335410427264
RE1,DEMRESWOOCKN_LOW_RUR,2041,2.231996063554903
RE1,DEMRESWOOCKN_LOW_RUR,2042,2.033328688707071
RE1,DEMRESWOOCKN_LOW_RUR,2043,1.839295555091337
RE1,DEMRESWOOCKN_LOW_RUR,2044,1.649858931915261
RE1,DEMRESWOOCKN_LOW_RUR,2045,1.46498108838641
RE1,DEMRESWOOCKN_LOW_RUR,2046,1.283722418279524
RE1,DEMRESWOOCKN_LOW_RUR,2047,1.107187596535663
RE1,DEMRESWOOCKN_LOW_RUR,2048,0.9353324374584766
RE1,DEMRESWOOCKN_LOW_RUR,2049,0.768112755351617
RE1,DEMRESWOOCKN_LOW_RUR,2050,0.6054843645187348
RE1,DEMRESWOOCKN_LOW_RUR,2051,0.449607714977229
RE1,DEMRESWOOCKN_LOW_RUR,2052,0.2967347710436045
RE1,DEMRESWOOCKN_LOW_RUR,2053,0.1468655327178609
RE1,DEMRESWOOCKN_LOW_RUR,2054,-1.682781920101374e-15
RE1,DEMRESWOOCKN_LOW_RUR,2055,-1.682781920101374e-15
RE1,DEMRESWOOCKN_LOW_URB,2022,0.7314569659397802
RE1,DEMRESWOOCKN_LOW_URB,2023,0.842612315260126
RE1,DEMRESWOOCKN_LOW_URB,2024,0.7960313226906401
RE1,DEMRESWOOCKN_LOW_URB,2025,0.0
RE1,DEMRESWOOCKN_LOW_URB,2026,0.0
RE1,DEMRESWOOCKN_LOW_URB,2027,0.0
RE1,DEMRESWOOCKN_LOW_URB,2028,0.0
RE1,DEMRESWOOCKN_LOW_URB,2029,0.0
RE1,DEMRESWOOCKN_LOW_URB,2030,0.0
RE1,DEMRESWOOCKN_LOW_URB,2031,0.0
RE1,DEMRESWOOCKN_LOW_URB,2032,0.0
RE1,DEMRESWOOCKN_LOW_URB,2033,0.0
RE1,DEMRESWOOCKN_LOW_URB,2034,0.0
RE1,DEMRESWOOCKN_LOW_URB,2035,0.0
RE1,DEMRESWOOCKN_LOW_URB,2036,0.0
RE1,DEMRESWOOCKN_LOW_URB,2037,0.0
RE1,DEMRESWOOCKN_LOW_URB,2038,0.0
RE1,DEMRESWOOCKN_LOW_URB,2039,0.0
RE1,DEMRESWOOCKN_LOW_URB,2040,0.0
RE1,DEMRESWOOCKN_LOW_URB,2041,0.0
RE1,DEMRESWOOCKN_LOW_URB,2042,0.0
RE1,DEMRESWOOCKN_LOW_URB,2043,0.0
RE1,DEMRESWOOCKN_LOW_URB,2044,0.0
RE1,DEMRESWOOCKN_LOW_URB,2045,0.0
RE1,DEMRESWOOCKN_LOW_URB,2046,0.0
RE1,DEMRESWOOCKN_LOW_URB,2047,0.0
RE1,DEMRESWOOCKN_LOW_URB,2048,0.0
RE1,DEMRESWOOCKN_LOW_URB,2049,0.0
RE1,DEMRESWOOCKN_LOW_URB,2050,0.0
RE1,DEMRESWOOCKN_LOW_URB,2051,0.0
RE1,DEMRESWOOCKN_LOW_URB,2052,0.0
RE1,DEMRESWOOCKN_LOW_URB,2053,0.0
RE1,DEMRESWOOCKN_LOW_URB,2054,0.0
RE1,DEMRESWOOCKN_LOW_URB,2055,0.0
RE1,DEMRESWOOCKN_MID_RUR,2022,0.0777607134613673
RE1,DEMRESWOOCKN_MID_RUR,2023,0.1116462567466285
RE1,DEMRESWOOCKN_MID_RUR,2024,0.2569893588234674
RE1,DEMRESWOOCKN_MID_RUR,2025,0.0
RE1,DEMRESWOOCKN_MID_RUR,2026,0.0
RE1,DEMRESWOOCKN_MID_RUR,2027,0.0
RE1,DEMRESWOOCKN_MID_RUR,2028,0.0
RE1,DEMRESWOOCKN_MID_RUR,2029,0.0
RE1,DEMRESWOOCKN_MID_RUR,2030,0.0
RE1,DEMRESWOOCKN_MID_RUR,2031,0.0
RE1,DEMRESWOOCKN_MID_RUR,2032,0.0
RE1,DEMRESWOOCKN_MID_RUR,2033,0.0
RE1,DEMRESWOOCKN_MID_RUR,2034,0.0
RE1,DEMRESWOOCKN_MID_RUR,2035,0.0
RE1,DEMRESWOOCKN_MID_RUR,2036,0.0
RE1,DEMRESWOOCKN_MID_RUR,2037,0.0
RE1,DEMRESWOOCKN_MID_RUR,2038,0.0
RE1,DEMRESWOOCKN_MID_RUR,2039,0.0
RE1,DEMRESWOOCKN_MID_RUR,2040,0.0
RE1,DEMRESWOOCKN_MID_RUR,2041,0.0
RE1,DEMRESWOOCKN_MID_RUR,2042,0.0
RE1,DEMRESWOOCKN_MID_RUR,2043,0.0
RE1,DEMRESWOOCKN_MID_RUR,2044,0.0
RE1,DEMRESWOOCKN_MID_RUR,2045,0.0
RE1,DEMRESWOOCKN_MID_RUR,2046,0.0
RE1,DEMRESWOOCKN_MID_RUR,2047,0.0
RE1,DEMRESWOOCKN_MID_RUR,2048,0.0
RE1,DEMRESWOOCKN_MID_RUR,2049,0.0
RE1,DEMRESWOOCKN_MID_RUR,2050,0.0
RE1,DEMRESWOOCKN_MID_RUR,2051,0.0
RE1,DEMRESWOOCKN_MID_RUR,2052,0.0
RE1,DEMRESWOOCKN_MID_RUR,2053,0.0
RE1,DEMRESWOOCKN_MID_RUR,2054,0.0
RE1,DEMRESWOOCKN_MID_RUR,2055,0.0
RE1,DEMRESWOOCKN_MID_URB,2022,0.0050404324795313
RE1,DEMRESWOOCKN_MID_URB,2023,0.0079568771082341
RE1,DEMRESWOOCKN_MID_URB,2024,0.0180147974372583
RE1,DEMRESWOOCKN_MID_URB,2025,1.226885036688516
RE1,DEMRESWOOCKN_MID_URB,2026,1.003788047567916
RE1,DEMRESWOOCKN_MID_URB,2027,0.7791537660204795
RE1,DEMRESWOOCKN_MID_URB,2028,0.554372971548591
RE1,DEMRESWOOCKN_MID_URB,2029,0.3309817231079679
RE1,DEMRESWOOCKN_MID_URB,2030,0.1106888942334491
RE1,DEMRESWOOCKN_MID_URB,2031,0.1094072128063486
RE1,DEMRESWOOCKN_MID_URB,2032,0.1078311889721891
RE1,DEMRESWOOCKN_MID_URB,2033,0.1059605154479471
RE1,DEMRESWOOCKN_MID_URB,2034,0.1037960152677295
RE1,DEMRESWOOCKN_MID_URB,2035,0.1013405429024216
RE1,DEMRESWOOCKN_MID_URB,2036,0.0986241866431855
RE1,DEMRESWOOCKN_MID_URB,2037,0.0956200209008392
RE1,DEMRESWOOCKN_MID_URB,2038,0.092328497463322
RE1,DEMRESWOOCKN_MID_URB,2039,0.0887478497512245
RE1,DEMRESWOOCKN_MID_URB,2040,0.0848804393243686
RE1,DEMRESWOOCKN_MID_URB,2041,0.080736810007519
RE1,DEMRESWOOCKN_MID_URB,2042,0.0763003549969764
RE1,DEMRESWOOCKN_MID_URB,2043,0.0715705112943982
RE1,DEMRESWOOCKN_MID_URB,2044,0.0665449140682761
RE1,DEMRESWOOCKN_MID_URB,2045,0.0612245739769457
RE1,DEMRESWOOCKN_MID_URB,2046,0.05561434426031
RE1,DEMRESWOOCKN_MID_URB,2047,0.0497086995902686
RE1,DEMRESWOOCKN_MID_URB,2048,0.0435063327448173
RE1,DEMRESWOOCKN_MID_URB,2049,0.0370000621876888
RE1,DEMRESWOOCKN_MID_URB,2050,0.0301456084739957
RE1,DEMRESWOOCKN_MID_URB,2051,0.0228800717836198
RE1,DEMRESWOOCKN_MID_URB,2052,0.0154300116861224
RE1,DEMRESWOOCKN_MID_URB,2053,0.0077970062817274
RE1,DEMRESWOOCKN_MID_URB,2054,4.919037102932394e-17
RE1,DEMRESWOOCKN_MID_URB,2055,4.919037102932394e-17
RE1,DEMRESZNIBGSCKN_MID,2022,0.0
RE1,DEMRESZNIBGSCKN_MID,2023,0.0
RE1,DEMRESZNIBGSCKN_MID,2024,0.0
RE1,DEMRESZNIBGSCKN_MID,2025,0.0
RE1,DEMRESZNIBGSCKN_MID,2026,0.0
RE1,DEMRESZNIBGSCKN_MID,2027,0.0
RE1,DEMRESZNIBGSCKN_MID,2028,0.0
RE1,DEMRESZNIBGSCKN_MID,2029,0.0
RE1,DEMRESZNIBGSCKN_MID,2030,0.0
RE1,DEMRESZNIBGSCKN_MID,2031,0.0
RE1,DEMRESZNIBGSCKN_MID,2032,0.0
RE1,DEMRESZNIBGSCKN_MID,2033,0.0
RE1,DEMRESZNIBGSCKN_MID,2034,0.0
RE1,DEMRESZNIBGSCKN_MID,2035,0.0
RE1,DEMRESZNIBGSCKN_MID,2036,0.0
RE1,DEMRESZNIBGSCKN_MID,2037,0.0
RE1,DEMRESZNIBGSCKN_MID,2038,0.0
RE1,DEMRESZNIBGSCKN_MID,2039,0.0
RE1,DEMRESZNIBGSCKN_MID,2040,0.0
RE1,DEMRESZNIBGSCKN_MID,2041,0.0
RE1,DEMRESZNIBGSCKN_MID,2042,0.0
RE1,DEMRESZNIBGSCKN_MID,2043,0.0
RE1,DEMRESZNIBGSCKN_MID,2044,0.0
RE1,DEMRESZNIBGSCKN_MID,2045,0.0
RE1,DEMRESZNIBGSCKN_MID,2046,0.0
RE1,DEMRESZNIBGSCKN_MID,2047,0.0
RE1,DEMRESZNIBGSCKN_MID,2048,0.0
RE1,DEMRESZNIBGSCKN_MID,2049,0.0
RE1,DEMRESZNIBGSCKN_MID,2050,0.0
RE1,DEMRESZNIBGSCKN_MID,2051,0.0
RE1,DEMRESZNIBGSCKN_MID,2052,0.0
RE1,DEMRESZNIBGSCKN_MID,2053,0.0
RE1,DEMRESZNIBGSCKN_MID,2054,0.0
RE1,DEMRESZNIBGSCKN_MID,2055,0.0
RE1,DEMRESZNIELCCKN_LOW,2022,0.0032676189872904
RE1,DEMRESZNIELCCKN_LOW,2023,0.0065951355563451
RE1,DEMRESZNIELCCKN_LOW,2024,0.009858561426391
RE1,DEMRESZNIELCCKN_LOW,2025,0.0094060725841565
RE1,DEMRESZNIELCCKN_LOW,2026,0.009175589208809
RE1,DEMRESZNIELCCKN_LOW,2027,0.0089068907562217
RE1,DEMRESZNIELCCKN_LOW,2028,0.0086044596123561
RE1,DEMRESZNIELCCKN_LOW,2029,0.0082729151325273
RE1,DEMRESZNIELCCKN_LOW,2030,0.00791696052744
RE1,DEMRESZNIELCCKN_LOW,2031,0.007541317431164
RE1,DEMRESZNIELCCKN_LOW,2032,0.007150656508803
RE1,DEMRESZNIELCCKN_LOW,2033,0.0067495290866914
RE1,DEMRESZNIELCCKN_LOW,2034,0.0063423030811213
RE1,DEMRESZNIELCCKN_LOW,2035,0.005933105477083
RE1,DEMRESZNIELCCKN_LOW,2036,0.0055257728941672
RE1,DEMRESZNIELCCKN_LOW,2037,0.0051238112206352
RE1,DEMRESZNIELCCKN_LOW,2038,0.004730364834469
RE1,DEMRESZNIELCCKN_LOW,2039,0.0043481955351572
RE1,DEMRESZNIELCCKN_LOW,2040,0.0039796709717697
RE1,DEMRESZNIELCCKN_LOW,2041,0.003626762068295
RE1,DEMRESZNIELCCKN_LOW,2042,0.0032910487156086
RE1,DEMRESZNIELCCKN_LOW,2043,0.002973732820503
RE1,DEMRESZNIELCCKN_LOW,2044,0.0026756576749516
RE1,DEMRESZNIELCCKN_LOW,2045,0.0023973325310404
RE1,DEMRESZNIELCCKN_LOW,2046,0.0021389612353851
RE1,DEMRESZNIELCCKN_LOW,2047,0.0019004737867969
RE1,DEMRESZNIELCCKN_LOW,2048,0.0016815597269827
RE1,DEMRESZNIELCCKN_LOW,2049,0.001481702350007
RE1,DEMRESZNIELCCKN_LOW,2050,0.0013002128156141
RE1,DEMRESZNIELCCKN_LOW,2051,0.0011362633677391
RE1,DEMRESZNIELCCKN_LOW,2052,0.0009889189862813
RE1,DEMRESZNIELCCKN_LOW,2053,0.0008571669315686
RE1,DEMRESZNIELCCKN_LOW,2054,0.0007399437716323
RE1,DEMRESZNIELCCKN_LOW,2055,0.0007399437716323
RE1,DEMRESZNIELC_LOW,2022,0.1484420641740809
RE1,DEMRESZNIELC_LOW,2023,0.1491843719200197
RE1,DEMRESZNIELC_LOW,2024,0.1492166459398212
RE1,DEMRESZNIELC_LOW,2025,0.1075245560127604
RE1,DEMRESZNIELC_LOW,2026,0.0548937363218184
RE1,DEMRESZNIELC_LOW,2027,0.0123923487950121
RE1,DEMRESZNIELC_LOW,2028,0.0006887749111761
RE1,DEMRESZNIELC_LOW,2029,4.167825881430527e-06
RE1,DEMRESZNIELC_LOW,2030,9.279567132133959e-10
RE1,DEMRESZNIELC_LOW,2031,1.889704306862467e-15
RE1,DEMRESZNIELC_LOW,2032,6.192669181418752e-24
RE1,DEMRESZNIELC_LOW,2033,3.913637773468658e-36
RE1,DEMRESZNIELC_LOW,2034,3.746769114719485e-53
RE1,DEMRESZNIELC_LOW,2035,2.692394746913725e-76
RE1,DEMRESZNIELC_LOW,2036,4.367754011850192e-107
RE1,DEMRESZNIELC_LOW,2037,2.810416352867497e-147
RE1,DEMRESZNIELC_LOW,2038,7.083991190485911e-199
RE1,DEMRESZNIELC_LOW,2039,3.737244297356767e-264
RE1,DEMRESZNIELC_LOW,2040,0.0
RE1,DEMRESZNIELC_LOW,2041,0.0
RE1,DEMRESZNIELC_LOW,2042,0.0
RE1,DEMRESZNIELC_LOW,2043,0.0
RE1,DEMRESZNIELC_LOW,2044,0.0
RE1,DEMRESZNIELC_LOW,2045,0.0
RE1,DEMRESZNIELC_LOW,2046,0.0
RE1,DEMRESZNIELC_LOW,2047,0.0
RE1,DEMRESZNIELC_LOW,2048,0.0
RE1,DEMRESZNIELC_LOW,2049,0.0
RE1,DEMRESZNIELC_LOW,2050,0.0
RE1,DEMRESZNIELC_LOW,2051,0.0
RE1,DEMRESZNIELC_LOW,2052,0.0
RE1,DEMRESZNIELC_LOW,2053,0.0
RE1,DEMRESZNIELC_LOW,2054,0.0
RE1,DEMRESZNIELC_LOW,2055,0.0
RE1,DEMRESZNILPGCKN_MID,2022,0.3805685630038519
RE1,DEMRESZNILPGCKN_MID,2023,0.3764169622791386
RE1,DEMRESZNILPGCKN_MID,2024,0.3937047852458874
RE1,DEMRESZNILPGCKN_MID,2025,0.3756344994553857
RE1,DEMRESZNILPGCKN_MID,2026,0.366430072575111
RE1,DEMRESZNILPGCKN_MID,2027,0.3556995144341848
RE1,DEMRESZNILPGCKN_MID,2028,0.343621830541223
RE1,DEMRESZNILPGCKN_MID,2029,0.3303814963195371
RE1,DEMRESZNILPGCKN_MID,2030,0.3161663359840703
RE1,DEMRESZNILPGCKN_MID,2031,0.301164909492723
RE1,DEMRESZNILPGCKN_MID,2032,0.2855637413415176
RE1,DEMRESZNILPGCKN_MID,2033,0.26954459019479
RE1,DEMRESZNILPGCKN_MID,2034,0.2532818901785038
RE1,DEMRESZNILPGCKN_MID,2035,0.2369404537504912
RE1,DEMRESZNILPGCKN_MID,2036,0.2206734975340181
RE1,DEMRESZNILPGCKN_MID,2037,0.2046210302915509
RE1,DEMRESZNILPGCKN_MID,2038,0.1889086237576038
RE1,DEMRESZNILPGCKN_MID,2039,0.1736465712729142
RE1,DEMRESZNILPGCKN_MID,2040,0.1589294256559157
RE1,DEMRESZNILPGCKN_MID,2041,0.1448358963827798
RE1,DEMRESZNILPGCKN_MID,2042,0.1314290768979666
RE1,DEMRESZNILPGCKN_MID,2043,0.1187569657313988
RE1,DEMRESZNILPGCKN_MID,2044,0.1068532400161731
RE1,DEMRESZNILPGCKN_MID,2045,0.0957382368962712
RE1,DEMRESZNILPGCKN_MID,2046,0.0854200970511022
RE1,DEMRESZNILPGCKN_MID,2047,0.0758960249609392
RE1,DEMRESZNILPGCKN_MID,2048,0.067153622375129
RE1,DEMRESZNILPGCKN_MID,2049,0.0591722544778416
RE1,DEMRESZNILPGCKN_MID,2050,0.0519244122144402
RE1,DEMRESZNILPGCKN_MID,2051,0.045377038883276
RE1,DEMRESZNILPGCKN_MID,2052,0.0394927941593197
RE1,DEMRESZNILPGCKN_MID,2053,0.0342312339617523
RE1,DEMRESZNILPGCKN_MID,2054,0.0295498897967685
RE1,DEMRESZNILPGCKN_MID,2055,0.0295498897967685
RE1,DEMRESZNIWOOCKN_LOW,2022,1.831456438304431
RE1,DEMRESZNIWOOCKN_LOW,2023,1.881521206005062
RE1,DEMRESZNIWOOCKN_LOW,2024,1.789799130006096
RE1,DEMRESZNIWOOCKN_LOW,2025,0.0
RE1,DEMRESZNIWOOCKN_LOW,2026,0.0
RE1,DEMRESZNIWOOCKN_LOW,2027,0.0
RE1,DEMRESZNIWOOCKN_LOW,2028,0.0
RE1,DEMRESZNIWOOCKN_LOW,2029,0.0
RE1,DEMRESZNIWOOCKN_LOW,2030,0.0
RE1,DEMRESZNIWOOCKN_LOW,2031,0.0
RE1,DEMRESZNIWOOCKN_LOW,2032,0.0
RE1,DEMRESZNIWOOCKN_LOW,2033,0.0
RE1,DEMRESZNIWOOCKN_LOW,2034,0.0
RE1,DEMRESZNIWOOCKN_LOW,2035,0.0
RE1,DEMRESZNIWOOCKN_LOW,2036,0.0
RE1,DEMRESZNIWOOCKN_LOW,2037,0.0
RE1,DEMRESZNIWOOCKN_LOW,2038,0.0
RE1,DEMRESZNIWOOCKN_LOW,2039,0.0
RE1,DEMRESZNIWOOCKN_LOW,2040,0.0
RE1,DEMRESZNIWOOCKN_LOW,2041,0.0
RE1,DEMRESZNIWOOCKN_LOW,2042,0.0
RE1,DEMRESZNIWOOCKN_LOW,2043,0.0
RE1,DEMRESZNIWOOCKN_LOW,2044,0.0
RE1,DEMRESZNIWOOCKN_LOW,2045,0.0
RE1,DEMRESZNIWOOCKN_LOW,2046,0.0
RE1,DEMRESZNIWOOCKN_LOW,2047,0.0
RE1,DEMRESZNIWOOCKN_LOW,2048,0.0
RE1,DEMRESZNIWOOCKN_LOW,2049,0.0
RE1,DEMRESZNIWOOCKN_LOW,2050,0.0
RE1,DEMRESZNIWOOCKN_LOW,2051,0.0
RE1,DEMRESZNIWOOCKN_LOW,2052,0.0
RE1,DEMRESZNIWOOCKN_LOW,2053,0.0
RE1,DEMRESZNIWOOCKN_LOW,2054,0.0
RE1,DEMRESZNIWOOCKN_LOW,2055,0.0
RE1,DEMRES_MEDPVA_URB,2022,0.0
RE1,DEMRES_MEDPVA_URB,2023,0.0
RE1,DEMRES_MEDPVA_URB,2024,0.0
RE1,DEMRES_MEDPVA_URB,2025,0.0
RE1,DEMRES_MEDPVA_URB,2026,0.0
RE1,DEMRES_MEDPVA_URB,2027,0.0
RE1,DEMRES_MEDPVA_URB,2028,0.0
RE1,DEMRES_MEDPVA_URB,2029,0.0
RE1,DEMRES_MEDPVA_URB,2030,0.0
RE1,DEMRES_MEDPVA_URB,2031,0.0
RE1,DEMRES_MEDPVA_URB,2032,0.0
RE1,DEMRES_MEDPVA_URB,2033,0.0
RE1,DEMRES_MEDPVA_URB,2034,0.0
RE1,DEMRES_MEDPVA_URB,2035,0.0
RE1,DEMRES_MEDPVA_URB,2036,0.0
RE1,DEMRES_MEDPVA_URB,2037,0.0
RE1,DEMRES_MEDPVA_URB,2038,0.0
RE1,DEMRES_MEDPVA_URB,2039,0.0
RE1,DEMRES_MEDPVA_URB,2040,0.0
RE1,DEMRES_MEDPVA_URB,2041,0.0
RE1,DEMRES_MEDPVA_URB,2042,0.0
RE1,DEMRES_MEDPVA_URB,2043,0.0
RE1,DEMRES_MEDPVA_URB,2044,0.0
RE1,DEMRES_MEDPVA_URB,2045,0.0
RE1,DEMRES_MEDPVA_URB,2046,0.0
RE1,DEMRES_MEDPVA_URB,2047,0.0
RE1,DEMRES_MEDPVA_URB,2048,0.0
RE1,DEMRES_MEDPVA_URB,2049,0.0
RE1,DEMRES_MEDPVA_URB,2050,0.0
RE1,DEMRES_MEDPVA_URB,2051,0.0
RE1,DEMRES_MEDPVA_URB,2052,0.0
RE1,DEMRES_MEDPVA_URB,2053,0.0
RE1,DEMRES_MEDPVA_URB,2054,0.0
RE1,DEMRES_MEDPVA_URB,2055,0.0
RE1,DEMTERBGSCKN_HIG,2022,0.0
RE1,DEMTERBGSCKN_HIG,2023,0.0
RE1,DEMTERBGSCKN_HIG,2024,0.0
RE1,DEMTERBGSCKN_HIG,2025,0.0
RE1,DEMTERBGSCKN_HIG,2026,0.0
RE1,DEMTERBGSCKN_HIG,2027,0.0
RE1,DEMTERBGSCKN_HIG,2028,0.0
RE1,DEMTERBGSCKN_HIG,2029,0.0
RE1,DEMTERBGSCKN_HIG,2030,0.0
RE1,DEMTERBGSCKN_HIG,2031,0.0
RE1,DEMTERBGSCKN_HIG,2032,0.0
RE1,DEMTERBGSCKN_HIG,2033,0.0
RE1,DEMTERBGSCKN_HIG,2034,0.0
RE1,DEMTERBGSCKN_HIG,2035,0.0
RE1,DEMTERBGSCKN_HIG,2036,0.0
RE1,DEMTERBGSCKN_HIG,2037,0.0
RE1,DEMTERBGSCKN_HIG,2038,0.0
RE1,DEMTERBGSCKN_HIG,2039,0.0
RE1,DEMTERBGSCKN_HIG,2040,0.0
RE1,DEMTERBGSCKN_HIG,2041,0.0
RE1,DEMTERBGSCKN_HIG,2042,0.0
RE1,DEMTERBGSCKN_HIG,2043,0.0
RE1,DEMTERBGSCKN_HIG,2044,0.0
RE1,DEMTERBGSCKN_HIG,2045,0.0
RE1,DEMTERBGSCKN_HIG,2046,0.0
RE1,DEMTERBGSCKN_HIG,2047,0.0
RE1,DEMTERBGSCKN_HIG,2048,0.0
RE1,DEMTERBGSCKN_HIG,2049,0.0
RE1,DEMTERBGSCKN_HIG,2050,0.0
RE1,DEMTERBGSCKN_HIG,2051,0.0
RE1,DEMTERBGSCKN_HIG,2052,0.0
RE1,DEMTERBGSCKN_HIG,2053,0.0
RE1,DEMTERBGSCKN_HIG,2054,0.0
RE1,DEMTERBGSCKN_HIG,2055,0.0
RE1,DEMTERBGSCKN_LOW,2022,0.0
RE1,DEMTERBGSCKN_LOW,2023,0.0
RE1,DEMTERBGSCKN_LOW,2024,0.0
RE1,DEMTERBGSCKN_LOW,2025,0.0
RE1,DEMTERBGSCKN_LOW,2026,0.0
RE1,DEMTERBGSCKN_LOW,2027,0.0
RE1,DEMTERBGSCKN_LOW,2028,0.0
RE1,DEMTERBGSCKN_LOW,2029,0.0
RE1,DEMTERBGSCKN_LOW,2030,0.0
RE1,DEMTERBGSCKN_LOW,2031,0.0
RE1,DEMTERBGSCKN_LOW,2032,0.0
RE1,DEMTERBGSCKN_LOW,2033,0.0
RE1,DEMTERBGSCKN_LOW,2034,0.0
RE1,DEMTERBGSCKN_LOW,2035,0.0
RE1,DEMTERBGSCKN_LOW,2036,0.0
RE1,DEMTERBGSCKN_LOW,2037,0.0
RE1,DEMTERBGSCKN_LOW,2038,0.0
RE1,DEMTERBGSCKN_LOW,2039,0.0
RE1,DEMTERBGSCKN_LOW,2040,0.0
RE1,DEMTERBGSCKN_LOW,2041,0.0
RE1,DEMTERBGSCKN_LOW,2042,0.0
RE1,DEMTERBGSCKN_LOW,2043,0.0
RE1,DEMTERBGSCKN_LOW,2044,0.0
RE1,DEMTERBGSCKN_LOW,2045,0.0
RE1,DEMTERBGSCKN_LOW,2046,0.0
RE1,DEMTERBGSCKN_LOW,2047,0.0
RE1,DEMTERBGSCKN_LOW,2048,0.0
RE1,DEMTERBGSCKN_LOW,2049,0.0
RE1,DEMTERBGSCKN_LOW,2050,0.0
RE1,DEMTERBGSCKN_LOW,2051,0.0
RE1,DEMTERBGSCKN_LOW,2052,0.0
RE1,DEMTERBGSCKN_LOW,2053,0.0
RE1,DEMTERBGSCKN_LOW,2054,0.0
RE1,DEMTERBGSCKN_LOW,2055,0.0
RE1,DEMTERBGSCKN_MID,2022,0.0
RE1,DEMTERBGSCKN_MID,2023,0.0
RE1,DEMTERBGSCKN_MID,2024,0.0
RE1,DEMTERBGSCKN_MID,2025,0.0
RE1,DEMTERBGSCKN_MID,2026,0.0
RE1,DEMTERBGSCKN_MID,2027,0.0
RE1,DEMTERBGSCKN_MID,2028,0.0
RE1,DEMTERBGSCKN_MID,2029,0.0
RE1,DEMTERBGSCKN_MID,2030,0.0
RE1,DEMTERBGSCKN_MID,2031,0.0
RE1,DEMTERBGSCKN_MID,2032,0.0
RE1,DEMTERBGSCKN_MID,2033,0.0
RE1,DEMTERBGSCKN_MID,2034,0.0
RE1,DEMTERBGSCKN_MID,2035,0.0
RE1,DEMTERBGSCKN_MID,2036,0.0
RE1,DEMTERBGSCKN_MID,2037,0.0
RE1,DEMTERBGSCKN_MID,2038,0.0
RE1,DEMTERBGSCKN_MID,2039,0.0
RE1,DEMTERBGSCKN_MID,2040,0.0
RE1,DEMTERBGSCKN_MID,2041,0.0
RE1,DEMTERBGSCKN_MID,2042,0.0
RE1,DEMTERBGSCKN_MID,2043,0.0
RE1,DEMTERBGSCKN_MID,2044,0.0
RE1,DEMTERBGSCKN_MID,2045,0.0
RE1,DEMTERBGSCKN_MID,2046,0.0
RE1,DEMTERBGSCKN_MID,2047,0.0
RE1,DEMTERBGSCKN_MID,2048,0.0
RE1,DEMTERBGSCKN_MID,2049,0.0
RE1,DEMTERBGSCKN_MID,2050,0.0
RE1,DEMTERBGSCKN_MID,2051,0.0
RE1,DEMTERBGSCKN_MID,2052,0.0
RE1,DEMTERBGSCKN_MID,2053,0.0
RE1,DEMTERBGSCKN_MID,2054,0.0
RE1,DEMTERBGSCKN_MID,2055,0.0
RE1,DEMTERELCACL_HIG,2022,0.0
RE1,DEMTERELCACL_HIG,2023,0.0
RE1,DEMTERELCACL_HIG,2024,0.0
RE1,DEMTERELCACL_HIG,2025,0.0
RE1,DEMTERELCACL_HIG,2026,0.0
RE1,DEMTERELCACL_HIG,2027,0.0
RE1,DEMTERELCACL_HIG,2028,0.0
RE1,DEMTERELCACL_HIG,2029,0.0
RE1,DEMTERELCACL_HIG,2030,0.0
RE1,DEMTERELCACL_HIG,2031,0.0
RE1,DEMTERELCACL_HIG,2032,0.0
RE1,DEMTERELCACL_HIG,2033,0.0
RE1,DEMTERELCACL_HIG,2034,0.0
RE1,DEMTERELCACL_HIG,2035,0.0
RE1,DEMTERELCACL_HIG,2036,0.0
RE1,DEMTERELCACL_HIG,2037,0.0
RE1,DEMTERELCACL_HIG,2038,0.0
RE1,DEMTERELCACL_HIG,2039,0.0
RE1,DEMTERELCACL_HIG,2040,0.0
RE1,DEMTERELCACL_HIG,2041,0.0
RE1,DEMTERELCACL_HIG,2042,0.0
RE1,DEMTERELCACL_HIG,2043,0.0
RE1,DEMTERELCACL_HIG,2044,0.0
RE1,DEMTERELCACL_HIG,2045,0.0
RE1,DEMTERELCACL_HIG,2046,0.0
RE1,DEMTERELCACL_HIG,2047,0.0
RE1,DEMTERELCACL_HIG,2048,0.0
RE1,DEMTERELCACL_HIG,2049,0.0
RE1,DEMTERELCACL_HIG,2050,0.0
RE1,DEMTERELCACL_HIG,2051,0.0
RE1,DEMTERELCACL_HIG,2052,0.0
RE1,DEMTERELCACL_HIG,2053,0.0
RE1,DEMTERELCACL_HIG,2054,0.0
RE1,DEMTERELCACL_HIG,2055,0.0
RE1,DEMTERELCACL_LOW,2022,1.547301796443653
RE1,DEMTERELCACL_LOW,2023,1.551636325782316
RE1,DEMTERELCACL_LOW,2024,1.541963398182513
RE1,DEMTERELCACL_LOW,2025,1.526254261035612
RE1,DEMTERELCACL_LOW,2026,1.494522171864572
RE1,DEMTERELCACL_LOW,2027,1.426603634140311
RE1,DEMTERELCACL_LOW,2028,1.303413429463475
RE1,DEMTERELCACL_LOW,2029,1.111128914158601
RE1,DEMTERELCACL_LOW,2030,0.8543336576027711
RE1,DEMTERELCACL_LOW,2031,0.5672566332302013
RE1,DEMTERELCACL_LOW,2032,0.3080622328448485
RE1,DEMTERELCACL_LOW,2033,0.1280590924629574
RE1,DEMTERELCACL_LOW,2034,0.0376330185230419
RE1,DEMTERELCACL_LOW,2035,0.0071176087354779
RE1,DEMTERELCACL_LOW,2036,0.0007765158824198
RE1,DEMTERELCACL_LOW,2037,4.306915571440666e-05
RE1,DEMTERELCACL_LOW,2038,1.051268043737799e-06
RE1,DEMTERELCACL_LOW,2039,9.589247083397608e-09
RE1,DEMTERELCACL_LOW,2040,2.719648274787625e-11
RE1,DEMTERELCACL_LOW,2041,1.952767974522717e-14
RE1,DEMTERELCACL_LOW,2042,2.8251973262669972e-18
RE1,DEMTERELCACL_LOW,2043,6.399332430144304e-23
RE1,DEMTERELCACL_LOW,2044,1.719458029606969e-28
RE1,DEMTERELCACL_LOW,2045,4.044244636665373e-35
RE1,DEMTERELCACL_LOW,2046,5.977279533935766e-43
RE1,DEMTERELCACL_LOW,2047,3.871807196811106e-52
RE1,DEMTERELCACL_LOW,2048,7.439825519553045e-63
RE1,DEMTERELCACL_LOW,2049,2.782245993435718e-75
RE1,DEMTERELCACL_LOW,2050,1.286132707806823e-89
RE1,DEMTERELCACL_LOW,2051,4.513515751623319e-106
RE1,DEMTERELCACL_LOW,2052,7.132652340574097e-125
RE1,DEMTERELCACL_LOW,2053,2.904206244873637e-146
RE1,DEMTERELCACL_LOW,2054,1.679661604544852e-170
RE1,DEMTERELCACL_LOW,2055,1.679661604544852e-170
RE1,DEMTERELCACL_MID,2022,0.0105628490456899
RE1,DEMTERELCACL_MID,2023,0.014515493614017
RE1,DEMTERELCACL_MID,2024,0.0345700743442723
RE1,DEMTERELCACL_MID,2025,0.0342178830797501
RE1,DEMTERELCACL_MID,2026,0.0335064649727867
RE1,DEMTERELCACL_MID,2027,0.0319837641737603
RE1,DEMTERELCACL_MID,2028,0.0292218993077174
RE1,DEMTERELCACL_MID,2029,0.0249109733822532
RE1,DEMTERELCACL_MID,2030,0.0191537478081214
RE1,DEMTERELCACL_MID,2031,0.0127176196310261
RE1,DEMTERELCACL_MID,2032,0.0069066064114502
RE1,DEMTERELCACL_MID,2033,0.0028710229776676
RE1,DEMTERELCACL_MID,2034,0.0008437140918353
RE1,DEMTERELCACL_MID,2035,0.0001595733487765
RE1,DEMTERELCACL_MID,2036,1.740911088836789e-05
RE1,DEMTERELCACL_MID,2037,9.65589661043203e-07
RE1,DEMTERELCACL_MID,2038,2.356892159088188e-08
RE1,DEMTERELCACL_MID,2039,2.149862862953727e-10
RE1,DEMTERELCACL_MID,2040,6.097320024619138e-13
RE1,DEMTERELCACL_MID,2041,4.378011445403577e-16
RE1,DEMTERELCACL_MID,2042,6.333955898136638e-20
RE1,DEMTERELCACL_MID,2043,1.434699410664067e-24
RE1,DEMTERELCACL_MID,2044,3.8549418219285835e-30
RE1,DEMTERELCACL_MID,2045,9.067001066350731e-37
RE1,DEMTERELCACL_MID,2046,1.340077190601372e-44
RE1,DEMTERELCACL_MID,2047,8.680404657997309e-54
RE1,DEMTERELCACL_MID,2048,1.667972933874532e-64
RE1,DEMTERELCACL_MID,2049,6.237661085243344e-77
RE1,DEMTERELCACL_MID,2050,2.883447387784196e-91
RE1,DEMTERELCACL_MID,2051,1.011908423193282e-107
RE1,DEMTERELCACL_MID,2052,1.599106191341051e-126
RE1,DEMTERELCACL_MID,2053,6.511090076114628e-148
RE1,DEMTERELCACL_MID,2054,3.765720159815511e-172
RE1,DEMTERELCACL_MID,2055,3.765720159815511e-172
RE1,DEMTERELCAIR_CEN_HIG,2022,0.0
RE1,DEMTERELCAIR_CEN_HIG,2023,0.0
RE1,DEMTERELCAIR_CEN_HIG,2024,0.0
RE1,DEMTERELCAIR_CEN_HIG,2025,0.0
RE1,DEMTERELCAIR_CEN_HIG,2026,0.0
RE1,DEMTERELCAIR_CEN_HIG,2027,0.0
RE1,DEMTERELCAIR_CEN_HIG,2028,0.0
RE1,DEMTERELCAIR_CEN_HIG,2029,0.0
RE1,DEMTERELCAIR_CEN_HIG,2030,0.0
RE1,DEMTERELCAIR_CEN_HIG,2031,0.0
RE1,DEMTERELCAIR_CEN_HIG,2032,0.0
RE1,DEMTERELCAIR_CEN_HIG,2033,0.0
RE1,DEMTERELCAIR_CEN_HIG,2034,0.0
RE1,DEMTERELCAIR_CEN_HIG,2035,0.0
RE1,DEMTERELCAIR_CEN_HIG,2036,0.0
RE1,DEMTERELCAIR_CEN_HIG,2037,0.0
RE1,DEMTERELCAIR_CEN_HIG,2038,0.0
RE1,DEMTERELCAIR_CEN_HIG,2039,0.0
RE1,DEMTERELCAIR_CEN_HIG,2040,0.0
RE1,DEMTERELCAIR_CEN_HIG,2041,0.0
RE1,DEMTERELCAIR_CEN_HIG,2042,0.0
RE1,DEMTERELCAIR_CEN_HIG,2043,0.0
RE1,DEMTERELCAIR_CEN_HIG,2044,0.0
RE1,DEMTERELCAIR_CEN_HIG,2045,0.0
RE1,DEMTERELCAIR_CEN_HIG,2046,0.0
RE1,DEMTERELCAIR_CEN_HIG,2047,0.0
RE1,DEMTERELCAIR_CEN_HIG,2048,0.0
RE1,DEMTERELCAIR_CEN_HIG,2049,0.0
RE1,DEMTERELCAIR_CEN_HIG,2050,0.0
RE1,DEMTERELCAIR_CEN_HIG,2051,0.0
RE1,DEMTERELCAIR_CEN_HIG,2052,0.0
RE1,DEMTERELCAIR_CEN_HIG,2053,0.0
RE1,DEMTERELCAIR_CEN_HIG,2054,0.0
RE1,DEMTERELCAIR_CEN_HIG,2055,0.0
RE1,DEMTERELCAIR_CEN_LOW,2022,18.09438686751537
RE1,DEMTERELCAIR_CEN_LOW,2023,18.67538495665549
RE1,DEMTERELCAIR_CEN_LOW,2024,19.12660890826198
RE1,DEMTERELCAIR_CEN_LOW,2025,19.12048937258926
RE1,DEMTERELCAIR_CEN_LOW,2026,19.10793969655972
RE1,DEMTERELCAIR_CEN_LOW,2027,19.08018767325816
RE1,DEMTERELCAIR_CEN_LOW,2028,19.02641571906749
RE1,DEMTERELCAIR_CEN_LOW,2029,18.93175180409907
RE1,DEMTERELCAIR_CEN_LOW,2030,18.77690560799037
RE1,DEMTERELCAIR_CEN_LOW,2031,18.53814501671881
RE1,DEMTERELCAIR_CEN_LOW,2032,18.1878186416929
RE1,DEMTERELCAIR_CEN_LOW,2033,17.69567929398885
RE1,DEMTERELCAIR_CEN_LOW,2034,17.03127635984618
RE1,DEMTERELCAIR_CEN_LOW,2035,16.16762041207258
RE1,DEMTERELCAIR_CEN_LOW,2036,15.08613054221151
RE1,DEMTERELCAIR_CEN_LOW,2037,13.78251144795193
RE1,DEMTERELCAIR_CEN_LOW,2038,12.27267430321495
RE1,DEMTERELCAIR_CEN_LOW,2039,10.59720727832676
RE1,DEMTERELCAIR_CEN_LOW,2040,8.822449606280829
RE1,DEMTERELCAIR_CEN_LOW,2041,7.036286196676146
RE1,DEMTERELCAIR_CEN_LOW,2042,5.337721836669733
RE1,DEMTERELCAIR_CEN_LOW,2043,3.821222899307711
RE1,DEMTERELCAIR_CEN_LOW,2044,2.559273206817765
RE1,DEMTERELCAIR_CEN_LOW,2045,1.588452865724917
RE1,DEMTERELCAIR_CEN_LOW,2046,0.9042247697391176
RE1,DEMTERELCAIR_CEN_LOW,2047,0.4668022783005152
RE1,DEMTERELCAIR_CEN_LOW,2048,0.2158971946261014
RE1,DEMTERELCAIR_CEN_LOW,2049,0.0882872568868869
RE1,DEMTERELCAIR_CEN_LOW,2050,0.0314721087967469
RE1,DEMTERELCAIR_CEN_LOW,2051,0.0096319508048019
RE1,DEMTERELCAIR_CEN_LOW,2052,0.0024898590279145
RE1,DEMTERELCAIR_CEN_LOW,2053,0.0005342324586494
RE1,DEMTERELCAIR_CEN_LOW,2054,9.33896707484441e-05
RE1,DEMTERELCAIR_CEN_LOW,2055,9.33896707484441e-05
RE1,DEMTERELCAIR_CEN_MID,2022,0.0934070068936738
RE1,DEMTERELCAIR_CEN_MID,2023,0.1321116066404905
RE1,DEMTERELCAIR_CEN_MID,2024,0.3242602902653258
RE1,DEMTERELCAIR_CEN_MID,2025,0.3241565435727969
RE1,DEMTERELCAIR_CEN_MID,2026,0.3239437843946493
RE1,DEMTERELCAIR_CEN_MID,2027,0.3234732943472824
RE1,DEMTERELCAIR_CEN_MID,2028,0.3225616790391205
RE1,DEMTERELCAIR_CEN_MID,2029,0.3209568075905255
RE1,DEMTERELCAIR_CEN_MID,2030,0.3183316442519788
RE1,DEMTERELCAIR_CEN_MID,2031,0.3142838499460999
RE1,DEMTERELCAIR_CEN_MID,2032,0.3083446407220104
RE1,DEMTERELCAIR_CEN_MID,2033,0.3000012250907863
RE1,DEMTERELCAIR_CEN_MID,2034,0.2887373628289729
RE1,DEMTERELCAIR_CEN_MID,2035,0.2740954924557321
RE1,DEMTERELCAIR_CEN_MID,2036,0.2557606051371194
RE1,DEMTERELCAIR_CEN_MID,2037,0.2336598810658787
RE1,DEMTERELCAIR_CEN_MID,2038,0.208063068104732
RE1,DEMTERELCAIR_CEN_MID,2039,0.179658272125161
RE1,DEMTERELCAIR_CEN_MID,2040,0.1495701660396311
RE1,DEMTERELCAIR_CEN_MID,2041,0.1192886943768977
RE1,DEMTERELCAIR_CEN_MID,2042,0.0904923209553602
RE1,DEMTERELCAIR_CEN_MID,2043,0.0647825682242499
RE1,DEMTERELCAIR_CEN_MID,2044,0.0433882805306133
RE1,DEMTERELCAIR_CEN_MID,2045,0.0269296135965983
RE1,DEMTERELCAIR_CEN_MID,2046,0.0153296482249945
RE1,DEMTERELCAIR_CEN_MID,2047,0.0079138671671618
RE1,DEMTERELCAIR_CEN_MID,2048,0.0036601829071063
RE1,DEMTERELCAIR_CEN_MID,2049,0.0014967656672534
RE1,DEMTERELCAIR_CEN_MID,2050,0.000533557996749
RE1,DEMTERELCAIR_CEN_MID,2051,0.0001632939314421
RE1,DEMTERELCAIR_CEN_MID,2052,4.221147695253802e-05
RE1,DEMTERELCAIR_CEN_MID,2053,9.057035303105804e-06
RE1,DEMTERELCAIR_CEN_MID,2054,1.583268727348357e-06
RE1,DEMTERELCAIR_CEN_MID,2055,1.583268727348357e-06
RE1,DEMTERELCAIR_SPL_HIG,2022,0.0
RE1,DEMTERELCAIR_SPL_HIG,2023,0.0
RE1,DEMTERELCAIR_SPL_HIG,2024,0.0
RE1,DEMTERELCAIR_SPL_HIG,2025,0.0
RE1,DEMTERELCAIR_SPL_HIG,2026,0.0
RE1,DEMTERELCAIR_SPL_HIG,2027,0.0
RE1,DEMTERELCAIR_SPL_HIG,2028,0.0
RE1,DEMTERELCAIR_SPL_HIG,2029,0.0
RE1,DEMTERELCAIR_SPL_HIG,2030,0.0
RE1,DEMTERELCAIR_SPL_HIG,2031,0.0
RE1,DEMTERELCAIR_SPL_HIG,2032,0.0
RE1,DEMTERELCAIR_SPL_HIG,2033,0.0
RE1,DEMTERELCAIR_SPL_HIG,2034,0.0
RE1,DEMTERELCAIR_SPL_HIG,2035,0.0
RE1,DEMTERELCAIR_SPL_HIG,2036,0.0
RE1,DEMTERELCAIR_SPL_HIG,2037,0.0
RE1,DEMTERELCAIR_SPL_HIG,2038,0.0
RE1,DEMTERELCAIR_SPL_HIG,2039,0.0
RE1,DEMTERELCAIR_SPL_HIG,2040,0.0
RE1,DEMTERELCAIR_SPL_HIG,2041,0.0
RE1,DEMTERELCAIR_SPL_HIG,2042,0.0
RE1,DEMTERELCAIR_SPL_HIG,2043,0.0
RE1,DEMTERELCAIR_SPL_HIG,2044,0.0
RE1,DEMTERELCAIR_SPL_HIG,2045,0.0
RE1,DEMTERELCAIR_SPL_HIG,2046,0.0
RE1,DEMTERELCAIR_SPL_HIG,2047,0.0
RE1,DEMTERELCAIR_SPL_HIG,2048,0.0
RE1,DEMTERELCAIR_SPL_HIG,2049,0.0
RE1,DEMTERELCAIR_SPL_HIG,2050,0.0
RE1,DEMTERELCAIR_SPL_HIG,2051,0.0
RE1,DEMTERELCAIR_SPL_HIG,2052,0.0
RE1,DEMTERELCAIR_SPL_HIG,2053,0.0
RE1,DEMTERELCAIR_SPL_HIG,2054,0.0
RE1,DEMTERELCAIR_SPL_HIG,2055,0.0
RE1,DEMTERELCAIR_SPL_LOW,2022,1.990347763960202
RE1,DEMTERELCAIR_SPL_LOW,2023,2.054256436635994
RE1,DEMTERELCAIR_SPL_LOW,2024,2.103890203709781
RE1,DEMTERELCAIR_SPL_LOW,2025,2.103217066552284
RE1,DEMTERELCAIR_SPL_LOW,2026,2.10183662631926
RE1,DEMTERELCAIR_SPL_LOW,2027,2.098783957117033
RE1,DEMTERELCAIR_SPL_LOW,2028,2.092869145547523
RE1,DEMTERELCAIR_SPL_LOW,2029,2.082456296918572
RE1,DEMTERELCAIR_SPL_LOW,2030,2.065423513081282
RE1,DEMTERELCAIR_SPL_LOW,2031,2.039160307124726
RE1,DEMTERELCAIR_SPL_LOW,2032,2.000625079471286
RE1,DEMTERELCAIR_SPL_LOW,2033,1.94649069749794
RE1,DEMTERELCAIR_SPL_LOW,2034,1.873407652240765
RE1,DEMTERELCAIR_SPL_LOW,2035,1.77840715860325
RE1,DEMTERELCAIR_SPL_LOW,2036,1.659445352382117
RE1,DEMTERELCAIR_SPL_LOW,2037,1.516049758582057
RE1,DEMTERELCAIR_SPL_LOW,2038,1.349970575740757
RE1,DEMTERELCAIR_SPL_LOW,2039,1.165672424552107
RE1,DEMTERELCAIR_SPL_LOW,2040,0.9704524930898544
RE1,DEMTERELCAIR_SPL_LOW,2041,0.7739779524268263
RE1,DEMTERELCAIR_SPL_LOW,2042,0.5871391387861914
RE1,DEMTERELCAIR_SPL_LOW,2043,0.4203271715652767
RE1,DEMTERELCAIR_SPL_LOW,2044,0.281515131838919
RE1,DEMTERELCAIR_SPL_LOW,2045,0.1747267609894922
RE1,DEMTERELCAIR_SPL_LOW,2046,0.0994629860489331
RE1,DEMTERELCAIR_SPL_LOW,2047,0.0513473530564861
RE1,DEMTERELCAIR_SPL_LOW,2048,0.0237482762867635
RE1,DEMTERELCAIR_SPL_LOW,2049,0.0097114285008721
RE1,DEMTERELCAIR_SPL_LOW,2050,0.0034618714538029
RE1,DEMTERELCAIR_SPL_LOW,2051,0.001059496068437
RE1,DEMTERELCAIR_SPL_LOW,2052,0.0002738797056275
RE1,DEMTERELCAIR_SPL_LOW,2053,5.876454324168464e-05
RE1,DEMTERELCAIR_SPL_LOW,2054,1.027268421484066e-05
RE1,DEMTERELCAIR_SPL_LOW,2055,1.027268421484066e-05
RE1,DEMTERELCAIR_SPL_MID,2022,0.0102745911574823
RE1,DEMTERELCAIR_SPL_MID,2023,0.0145320227093274
RE1,DEMTERELCAIR_SPL_MID,2024,0.0356680084490367
RE1,DEMTERELCAIR_SPL_MID,2025,0.0356565965123402
RE1,DEMTERELCAIR_SPL_MID,2026,0.0356331934118324
RE1,DEMTERELCAIR_SPL_MID,2027,0.0355814404112694
RE1,DEMTERELCAIR_SPL_MID,2028,0.0354811644802043
RE1,DEMTERELCAIR_SPL_MID,2029,0.0353046317066683
RE1,DEMTERELCAIR_SPL_MID,2030,0.0350158687870313
RE1,DEMTERELCAIR_SPL_MID,2031,0.0345706191963894
RE1,DEMTERELCAIR_SPL_MID,2032,0.033917317601513
RE1,DEMTERELCAIR_SPL_MID,2033,0.032999557924604
RE1,DEMTERELCAIR_SPL_MID,2034,0.031760554733697
RE1,DEMTERELCAIR_SPL_MID,2035,0.0301499771456886
RE1,DEMTERELCAIR_SPL_MID,2036,0.0281331747945363
RE1,DEMTERELCAIR_SPL_MID,2037,0.0257021376414584
RE1,DEMTERELCAIR_SPL_MID,2038,0.0228865374326893
RE1,DEMTERELCAIR_SPL_MID,2039,0.0197620644910179
RE1,DEMTERELCAIR_SPL_MID,2040,0.0164524306743207
RE1,DEMTERELCAIR_SPL_MID,2041,0.0131215270159299
RE1,DEMTERELCAIR_SPL_MID,2042,0.0099539813085582
RE1,DEMTERELCAIR_SPL_MID,2043,0.007125957942251
RE1,DEMTERELCAIR_SPL_MID,2044,0.0047726274323901
RE1,DEMTERELCAIR_SPL_MID,2045,0.0029622057159907
RE1,DEMTERELCAIR_SPL_MID,2046,0.0016862318292581
RE1,DEMTERELCAIR_SPL_MID,2047,0.0008705101717879
RE1,DEMTERELCAIR_SPL_MID,2048,0.000402613082067
RE1,DEMTERELCAIR_SPL_MID,2049,0.0001646413454516
RE1,DEMTERELCAIR_SPL_MID,2050,5.869035372948289e-05
RE1,DEMTERELCAIR_SPL_MID,2051,1.796201848085999e-05
RE1,DEMTERELCAIR_SPL_MID,2052,4.643181301532447e-06
RE1,DEMTERELCAIR_SPL_MID,2053,9.962564686846764e-07
RE1,DEMTERELCAIR_SPL_MID,2054,1.741565157360113e-07
RE1,DEMTERELCAIR_SPL_MID,2055,1.741565157360113e-07
RE1,DEMTERELCCKN_HIG,2022,0.0
RE1,DEMTERELCCKN_HIG,2023,0.0
RE1,DEMTERELCCKN_HIG,2024,0.0
RE1,DEMTERELCCKN_HIG,2025,0.0
RE1,DEMTERELCCKN_HIG,2026,0.0
RE1,DEMTERELCCKN_HIG,2027,0.0
RE1,DEMTERELCCKN_HIG,2028,0.0
RE1,DEMTERELCCKN_HIG,2029,0.0
RE1,DEMTERELCCKN_HIG,2030,0.0
RE1,DEMTERELCCKN_HIG,2031,0.0
RE1,DEMTERELCCKN_HIG,2032,0.0
RE1,DEMTERELCCKN_HIG,2033,0.0
RE1,DEMTERELCCKN_HIG,2034,0.0
RE1,DEMTERELCCKN_HIG,2035,0.0
RE1,DEMTERELCCKN_HIG,2036,0.0
RE1,DEMTERELCCKN_HIG,2037,0.0
RE1,DEMTERELCCKN_HIG,2038,0.0
RE1,DEMTERELCCKN_HIG,2039,0.0
RE1,DEMTERELCCKN_HIG,2040,0.0
RE1,DEMTERELCCKN_HIG,2041,0.0
RE1,DEMTERELCCKN_HIG,2042,0.0
RE1,DEMTERELCCKN_HIG,2043,0.0
RE1,DEMTERELCCKN_HIG,2044,0.0
RE1,DEMTERELCCKN_HIG,2045,0.0
RE1,DEMTERELCCKN_HIG,2046,0.0
RE1,DEMTERELCCKN_HIG,2047,0.0
RE1,DEMTERELCCKN_HIG,2048,0.0
RE1,DEMTERELCCKN_HIG,2049,0.0
RE1,DEMTERELCCKN_HIG,2050,0.0
RE1,DEMTERELCCKN_HIG,2051,0.0
RE1,DEMTERELCCKN_HIG,2052,0.0
RE1,DEMTERELCCKN_HIG,2053,0.0
RE1,DEMTERELCCKN_HIG,2054,0.0
RE1,DEMTERELCCKN_HIG,2055,0.0
RE1,DEMTERELCCKN_LOW,2022,0.0
RE1,DEMTERELCCKN_LOW,2023,0.0
RE1,DEMTERELCCKN_LOW,2024,0.0
RE1,DEMTERELCCKN_LOW,2025,0.0
RE1,DEMTERELCCKN_LOW,2026,0.0
RE1,DEMTERELCCKN_LOW,2027,0.0
RE1,DEMTERELCCKN_LOW,2028,0.0
RE1,DEMTERELCCKN_LOW,2029,0.0
RE1,DEMTERELCCKN_LOW,2030,0.0
RE1,DEMTERELCCKN_LOW,2031,0.0
RE1,DEMTERELCCKN_LOW,2032,0.0
RE1,DEMTERELCCKN_LOW,2033,0.0
RE1,DEMTERELCCKN_LOW,2034,0.0
RE1,DEMTERELCCKN_LOW,2035,0.0
RE1,DEMTERELCCKN_LOW,2036,0.0
RE1,DEMTERELCCKN_LOW,2037,0.0
RE1,DEMTERELCCKN_LOW,2038,0.0
RE1,DEMTERELCCKN_LOW,2039,0.0
RE1,DEMTERELCCKN_LOW,2040,0.0
RE1,DEMTERELCCKN_LOW,2041,0.0
RE1,DEMTERELCCKN_LOW,2042,0.0
RE1,DEMTERELCCKN_LOW,2043,0.0
RE1,DEMTERELCCKN_LOW,2044,0.0
RE1,DEMTERELCCKN_LOW,2045,0.0
RE1,DEMTERELCCKN_LOW,2046,0.0
RE1,DEMTERELCCKN_LOW,2047,0.0
RE1,DEMTERELCCKN_LOW,2048,0.0
RE1,DEMTERELCCKN_LOW,2049,0.0
RE1,DEMTERELCCKN_LOW,2050,0.0
RE1,DEMTERELCCKN_LOW,2051,0.0
RE1,DEMTERELCCKN_LOW,2052,0.0
RE1,DEMTERELCCKN_LOW,2053,0.0
RE1,DEMTERELCCKN_LOW,2054,0.0
RE1,DEMTERELCCKN_LOW,2055,0.0
RE1,DEMTERELCCKN_MID,2022,0.0
RE1,DEMTERELCCKN_MID,2023,0.0
RE1,DEMTERELCCKN_MID,2024,0.0
RE1,DEMTERELCCKN_MID,2025,0.0
RE1,DEMTERELCCKN_MID,2026,0.0
RE1,DEMTERELCCKN_MID,2027,0.0
RE1,DEMTERELCCKN_MID,2028,0.0
RE1,DEMTERELCCKN_MID,2029,0.0
RE1,DEMTERELCCKN_MID,2030,0.0
RE1,DEMTERELCCKN_MID,2031,0.0
RE1,DEMTERELCCKN_MID,2032,0.0
RE1,DEMTERELCCKN_MID,2033,0.0
RE1,DEMTERELCCKN_MID,2034,0.0
RE1,DEMTERELCCKN_MID,2035,0.0
RE1,DEMTERELCCKN_MID,2036,0.0
RE1,DEMTERELCCKN_MID,2037,0.0
RE1,DEMTERELCCKN_MID,2038,0.0
RE1,DEMTERELCCKN_MID,2039,0.0
RE1,DEMTERELCCKN_MID,2040,0.0
RE1,DEMTERELCCKN_MID,2041,0.0
RE1,DEMTERELCCKN_MID,2042,0.0
RE1,DEMTERELCCKN_MID,2043,0.0
RE1,DEMTERELCCKN_MID,2044,0.0
RE1,DEMTERELCCKN_MID,2045,0.0
RE1,DEMTERELCCKN_MID,2046,0.0
RE1,DEMTERELCCKN_MID,2047,0.0
RE1,DEMTERELCCKN_MID,2048,0.0
RE1,DEMTERELCCKN_MID,2049,0.0
RE1,DEMTERELCCKN_MID,2050,0.0
RE1,DEMTERELCCKN_MID,2051,0.0
RE1,DEMTERELCCKN_MID,2052,0.0
RE1,DEMTERELCCKN_MID,2053,0.0
RE1,DEMTERELCCKN_MID,2054,0.0
RE1,DEMTERELCCKN_MID,2055,0.0
RE1,DEMTERELCDATA,2022,0.0
RE1,DEMTERELCDATA,2023,0.0
RE1,DEMTERELCDATA,2024,0.0
RE1,DEMTERELCDATA,2025,0.0
RE1,DEMTERELCDATA,2026,0.0
RE1,DEMTERELCDATA,2027,0.0
RE1,DEMTERELCDATA,2028,0.0
RE1,DEMTERELCDATA,2029,0.0
RE1,DEMTERELCDATA,2030,0.0
RE1,DEMTERELCDATA,2031,0.0
RE1,DEMTERELCDATA,2032,0.0
RE1,DEMTERELCDATA,2033,0.0
RE1,DEMTERELCDATA,2034,0.0
RE1,DEMTERELCDATA,2035,0.0
RE1,DEMTERELCDATA,2036,0.0
RE1,DEMTERELCDATA,2037,0.0
RE1,DEMTERELCDATA,2038,0.0
RE1,DEMTERELCDATA,2039,0.0
RE1,DEMTERELCDATA,2040,0.0
RE1,DEMTERELCDATA,2041,0.0
RE1,DEMTERELCDATA,2042,0.0
RE1,DEMTERELCDATA,2043,0.0
RE1,DEMTERELCDATA,2044,0.0
RE1,DEMTERELCDATA,2045,0.0
RE1,DEMTERELCDATA,2046,0.0
RE1,DEMTERELCDATA,2047,0.0
RE1,DEMTERELCDATA,2048,0.0
RE1,DEMTERELCDATA,2049,0.0
RE1,DEMTERELCDATA,2050,0.0
RE1,DEMTERELCDATA,2051,0.0
RE1,DEMTERELCDATA,2052,0.0
RE1,DEMTERELCDATA,2053,0.0
RE1,DEMTERELCDATA,2054,0.0
RE1,DEMTERELCDATA,2055,0.0
RE1,DEMTERELCFAN_HIG,2022,0.0
RE1,DEMTERELCFAN_HIG,2023,0.0
RE1,DEMTERELCFAN_HIG,2024,0.0
RE1,DEMTERELCFAN_HIG,2025,0.0
RE1,DEMTERELCFAN_HIG,2026,0.0
RE1,DEMTERELCFAN_HIG,2027,0.0
RE1,DEMTERELCFAN_HIG,2028,0.0
RE1,DEMTERELCFAN_HIG,2029,0.0
RE1,DEMTERELCFAN_HIG,2030,0.0
RE1,DEMTERELCFAN_HIG,2031,0.0
RE1,DEMTERELCFAN_HIG,2032,0.0
RE1,DEMTERELCFAN_HIG,2033,0.0
RE1,DEMTERELCFAN_HIG,2034,0.0
RE1,DEMTERELCFAN_HIG,2035,0.0
RE1,DEMTERELCFAN_HIG,2036,0.0
RE1,DEMTERELCFAN_HIG,2037,0.0
RE1,DEMTERELCFAN_HIG,2038,0.0
RE1,DEMTERELCFAN_HIG,2039,0.0
RE1,DEMTERELCFAN_HIG,2040,0.0
RE1,DEMTERELCFAN_HIG,2041,0.0
RE1,DEMTERELCFAN_HIG,2042,0.0
RE1,DEMTERELCFAN_HIG,2043,0.0
RE1,DEMTERELCFAN_HIG,2044,0.0
RE1,DEMTERELCFAN_HIG,2045,0.0
RE1,DEMTERELCFAN_HIG,2046,0.0
RE1,DEMTERELCFAN_HIG,2047,0.0
RE1,DEMTERELCFAN_HIG,2048,0.0
RE1,DEMTERELCFAN_HIG,2049,0.0
RE1,DEMTERELCFAN_HIG,2050,0.0
RE1,DEMTERELCFAN_HIG,2051,0.0
RE1,DEMTERELCFAN_HIG,2052,0.0
RE1,DEMTERELCFAN_HIG,2053,0.0
RE1,DEMTERELCFAN_HIG,2054,0.0
RE1,DEMTERELCFAN_HIG,2055,0.0
RE1,DEMTERELCFAN_LOW,2022,0.5082377796920682
RE1,DEMTERELCFAN_LOW,2023,0.5244238417793098
RE1,DEMTERELCFAN_LOW,2024,0.5363923943523321
RE1,DEMTERELCFAN_LOW,2025,0.5362207762465008
RE1,DEMTERELCFAN_LOW,2026,0.5358688293433087
RE1,DEMTERELCFAN_LOW,2027,0.5350905432237855
RE1,DEMTERELCFAN_LOW,2028,0.5335825463072554
RE1,DEMTERELCFAN_LOW,2029,0.5309277628978062
RE1,DEMTERELCFAN_LOW,2030,0.5265852094276394
RE1,DEMTERELCFAN_LOW,2031,0.5198893353266215
RE1,DEMTERELCFAN_LOW,2032,0.5100646767054192
RE1,DEMTERELCFAN_LOW,2033,0.4962629722665345
RE1,DEMTERELCFAN_LOW,2034,0.4776302558049375
RE1,DEMTERELCFAN_LOW,2035,0.4534096276766127
RE1,DEMTERELCFAN_LOW,2036,0.423079999275418
RE1,DEMTERELCFAN_LOW,2037,0.3865209118466337
RE1,DEMTERELCFAN_LOW,2038,0.3441785831551254
RE1,DEMTERELCFAN_LOW,2039,0.2971912801026776
RE1,DEMTERELCFAN_LOW,2040,0.2474194401664997
RE1,DEMTERELCFAN_LOW,2041,0.1973277342829479
RE1,DEMTERELCFAN_LOW,2042,0.1496926825915935
RE1,DEMTERELCFAN_LOW,2043,0.1071635285765811
RE1,DEMTERELCFAN_LOW,2044,0.0717730304305937
RE1,DEMTERELCFAN_LOW,2045,0.0445470517041818
RE1,DEMTERELCFAN_LOW,2046,0.025358352418841
RE1,DEMTERELCFAN_LOW,2047,0.0130911440155279
RE1,DEMTERELCFAN_LOW,2048,0.0060546861032654
RE1,DEMTERELCFAN_LOW,2049,0.0024759544851623
RE1,DEMTERELCFAN_LOW,2050,0.000882613320206
RE1,DEMTERELCFAN_LOW,2051,0.000270121336158
RE1,DEMTERELCFAN_LOW,2052,6.98263582419957e-05
RE1,DEMTERELCFAN_LOW,2053,1.498217634972005e-05
RE1,DEMTERELCFAN_LOW,2054,2.619048119862762e-06
RE1,DEMTERELCFAN_LOW,2055,2.619048119862762e-06
RE1,DEMTERELCFAN_MID,2022,0.0030605925035505
RE1,DEMTERELCFAN_MID,2023,0.0043276967358514
RE1,DEMTERELCFAN_MID,2024,0.0106081922415941
RE1,DEMTERELCFAN_MID,2025,0.0106047981631583
RE1,DEMTERELCFAN_MID,2026,0.0105978377355923
RE1,DEMTERELCFAN_MID,2027,0.0105824456292503
RE1,DEMTERELCFAN_MID,2028,0.0105526220870847
RE1,DEMTERELCFAN_MID,2029,0.0105001186342697
RE1,DEMTERELCFAN_MID,2030,0.0104142362792699
RE1,DEMTERELCFAN_MID,2031,0.0102818124782672
RE1,DEMTERELCFAN_MID,2032,0.0100875109399547
RE1,DEMTERELCFAN_MID,2033,0.0098145556641325
RE1,DEMTERELCFAN_MID,2034,0.0094460578250713
RE1,DEMTERELCFAN_MID,2035,0.0089670482751546
RE1,DEMTERELCFAN_MID,2036,0.0083672214840151
RE1,DEMTERELCFAN_MID,2037,0.0076441951478754
RE1,DEMTERELCFAN_MID,2038,0.0068067940820779
RE1,DEMTERELCFAN_MID,2039,0.0058775297059559
RE1,DEMTERELCFAN_MID,2040,0.0048931957522682
RE1,DEMTERELCFAN_MID,2041,0.0039025358336769
RE1,DEMTERELCFAN_MID,2042,0.0029604609811982
RE1,DEMTERELCFAN_MID,2043,0.0021193650849591
RE1,DEMTERELCFAN_MID,2044,0.0014194498516125
RE1,DEMTERELCFAN_MID,2045,0.0008810037078262
RE1,DEMTERELCFAN_MID,2046,0.0005015102380673
RE1,DEMTERELCFAN_MID,2047,0.000258902575505
RE1,DEMTERELCFAN_MID,2048,0.0001197430739552
RE1,DEMTERELCFAN_MID,2049,4.896676656229142e-05
RE1,DEMTERELCFAN_MID,2050,1.745537758238177e-05
RE1,DEMTERELCFAN_MID,2051,5.342169450371332e-06
RE1,DEMTERELCFAN_MID,2052,1.380950661420009e-06
RE1,DEMTERELCFAN_MID,2053,2.963013804608492e-07
RE1,DEMTERELCFAN_MID,2054,5.179671866719341e-08
RE1,DEMTERELCFAN_MID,2055,5.179671866719341e-08
RE1,DEMTERELCILU_CIA,2022,0.0007177011770959
RE1,DEMTERELCILU_CIA,2023,0.000742086825685
RE1,DEMTERELCILU_CIA,2024,0.000767115790245
RE1,DEMTERELCILU_CIA,2025,0.0007940813038179
RE1,DEMTERELCILU_CIA,2026,0.0008253951042688
RE1,DEMTERELCILU_CIA,2027,0.000854690336805
RE1,DEMTERELCILU_CIA,2028,0.0008828189334996
RE1,DEMTERELCILU_CIA,2029,0.0009121904389482
RE1,DEMTERELCILU_CIA,2030,0.0009417553487775
RE1,DEMTERELCILU_CIA,2031,0.0009660788284644
RE1,DEMTERELCILU_CIA,2032,0.0009906958178405
RE1,DEMTERELCILU_CIA,2033,0.0010165738313663
RE1,DEMTERELCILU_CIA,2034,0.0010427779563757
RE1,DEMTERELCILU_CIA,2035,0.0010693094320648
RE1,DEMTERELCILU_CIA,2036,0.0010970976310368
RE1,DEMTERELCILU_CIA,2037,0.0011253243335772
RE1,DEMTERELCILU_CIA,2038,0.0011539848514743
RE1,DEMTERELCILU_CIA,2039,0.0011830750528202
RE1,DEMTERELCILU_CIA,2040,0.0012125916642799
RE1,DEMTERELCILU_CIA,2041,0.0012436050705219
RE1,DEMTERELCILU_CIA,2042,0.0012751743277177
RE1,DEMTERELCILU_CIA,2043,0.0013073007754333
RE1,DEMTERELCILU_CIA,2044,0.0013399852295804
RE1,DEMTERELCILU_CIA,2045,0.0013732279388094
RE1,DEMTERELCILU_CIA,2046,0.0014081804405209
RE1,DEMTERELCILU_CIA,2047,0.0014438215369571
RE1,DEMTERELCILU_CIA,2048,0.0014801576296235
RE1,DEMTERELCILU_CIA,2049,0.0015171947840308
RE1,DEMTERELCILU_CIA,2050,0.0015549387005612
RE1,DEMTERELCILU_CIA,2051,0.0016064798470395
RE1,DEMTERELCILU_CIA,2052,0.0016597326024401
RE1,DEMTERELCILU_CIA,2053,0.0017128440457182
RE1,DEMTERELCILU_CIA,2054,0.0017676550551811
RE1,DEMTERELCILU_CIA,2055,0.0017676550551811
RE1,DEMTERELCILU_HAL,2022,0.0
RE1,DEMTERELCILU_HAL,2023,0.0
RE1,DEMTERELCILU_HAL,2024,0.0
RE1,DEMTERELCILU_HAL,2025,0.0
RE1,DEMTERELCILU_HAL,2026,0.0
RE1,DEMTERELCILU_HAL,2027,0.0
RE1,DEMTERELCILU_HAL,2028,0.0
RE1,DEMTERELCILU_HAL,2029,0.0
RE1,DEMTERELCILU_HAL,2030,0.0
RE1,DEMTERELCILU_HAL,2031,0.0
RE1,DEMTERELCILU_HAL,2032,0.0
RE1,DEMTERELCILU_HAL,2033,0.0
RE1,DEMTERELCILU_HAL,2034,0.0
RE1,DEMTERELCILU_HAL,2035,0.0
RE1,DEMTERELCILU_HAL,2036,0.0
RE1,DEMTERELCILU_HAL,2037,0.0
RE1,DEMTERELCILU_HAL,2038,0.0
RE1,DEMTERELCILU_HAL,2039,0.0
RE1,DEMTERELCILU_HAL,2040,0.0
RE1,DEMTERELCILU_HAL,2041,0.0
RE1,DEMTERELCILU_HAL,2042,0.0
RE1,DEMTERELCILU_HAL,2043,0.0
RE1,DEMTERELCILU_HAL,2044,0.0
RE1,DEMTERELCILU_HAL,2045,0.0
RE1,DEMTERELCILU_HAL,2046,0.0
RE1,DEMTERELCILU_HAL,2047,0.0
RE1,DEMTERELCILU_HAL,2048,0.0
RE1,DEMTERELCILU_HAL,2049,0.0
RE1,DEMTERELCILU_HAL,2050,0.0
RE1,DEMTERELCILU_HAL,2051,0.0
RE1,DEMTERELCILU_HAL,2052,0.0
RE1,DEMTERELCILU_HAL,2053,0.0
RE1,DEMTERELCILU_HAL,2054,0.0
RE1,DEMTERELCILU_HAL,2055,0.0
RE1,DEMTERELCILU_HIG,2022,0.0
RE1,DEMTERELCILU_HIG,2023,0.0
RE1,DEMTERELCILU_HIG,2024,0.0
RE1,DEMTERELCILU_HIG,2025,0.0
RE1,DEMTERELCILU_HIG,2026,0.0
RE1,DEMTERELCILU_HIG,2027,0.0
RE1,DEMTERELCILU_HIG,2028,0.0
RE1,DEMTERELCILU_HIG,2029,0.0
RE1,DEMTERELCILU_HIG,2030,0.0
RE1,DEMTERELCILU_HIG,2031,0.0
RE1,DEMTERELCILU_HIG,2032,0.0
RE1,DEMTERELCILU_HIG,2033,0.0
RE1,DEMTERELCILU_HIG,2034,0.0
RE1,DEMTERELCILU_HIG,2035,0.0
RE1,DEMTERELCILU_HIG,2036,0.0
RE1,DEMTERELCILU_HIG,2037,0.0
RE1,DEMTERELCILU_HIG,2038,0.0
RE1,DEMTERELCILU_HIG,2039,0.0
RE1,DEMTERELCILU_HIG,2040,0.0
RE1,DEMTERELCILU_HIG,2041,0.0
RE1,DEMTERELCILU_HIG,2042,0.0
RE1,DEMTERELCILU_HIG,2043,0.0
RE1,DEMTERELCILU_HIG,2044,0.0
RE1,DEMTERELCILU_HIG,2045,0.0
RE1,DEMTERELCILU_HIG,2046,0.0
RE1,DEMTERELCILU_HIG,2047,0.0
RE1,DEMTERELCILU_HIG,2048,0.0
RE1,DEMTERELCILU_HIG,2049,0.0
RE1,DEMTERELCILU_HIG,2050,0.0
RE1,DEMTERELCILU_HIG,2051,0.0
RE1,DEMTERELCILU_HIG,2052,0.0
RE1,DEMTERELCILU_HIG,2053,0.0
RE1,DEMTERELCILU_HIG,2054,0.0
RE1,DEMTERELCILU_HIG,2055,0.0
RE1,DEMTERELCILU_LFC,2022,0.0
RE1,DEMTERELCILU_LFC,2023,0.0
RE1,DEMTERELCILU_LFC,2024,0.0
RE1,DEMTERELCILU_LFC,2025,0.0
RE1,DEMTERELCILU_LFC,2026,0.0
RE1,DEMTERELCILU_LFC,2027,0.0
RE1,DEMTERELCILU_LFC,2028,0.0
RE1,DEMTERELCILU_LFC,2029,0.0
RE1,DEMTERELCILU_LFC,2030,0.0
RE1,DEMTERELCILU_LFC,2031,0.0
RE1,DEMTERELCILU_LFC,2032,0.0
RE1,DEMTERELCILU_LFC,2033,0.0
RE1,DEMTERELCILU_LFC,2034,0.0
RE1,DEMTERELCILU_LFC,2035,0.0
RE1,DEMTERELCILU_LFC,2036,0.0
RE1,DEMTERELCILU_LFC,2037,0.0
RE1,DEMTERELCILU_LFC,2038,0.0
RE1,DEMTERELCILU_LFC,2039,0.0
RE1,DEMTERELCILU_LFC,2040,0.0
RE1,DEMTERELCILU_LFC,2041,0.0
RE1,DEMTERELCILU_LFC,2042,0.0
RE1,DEMTERELCILU_LFC,2043,0.0
RE1,DEMTERELCILU_LFC,2044,0.0
RE1,DEMTERELCILU_LFC,2045,0.0
RE1,DEMTERELCILU_LFC,2046,0.0
RE1,DEMTERELCILU_LFC,2047,0.0
RE1,DEMTERELCILU_LFC,2048,0.0
RE1,DEMTERELCILU_LFC,2049,0.0
RE1,DEMTERELCILU_LFC,2050,0.0
RE1,DEMTERELCILU_LFC,2051,0.0
RE1,DEMTERELCILU_LFC,2052,0.0
RE1,DEMTERELCILU_LFC,2053,0.0
RE1,DEMTERELCILU_LFC,2054,0.0
RE1,DEMTERELCILU_LFC,2055,0.0
RE1,DEMTERELCILU_LOW,2022,1.706021286564965
RE1,DEMTERELCILU_LOW,2023,1.777525149843727
RE1,DEMTERELCILU_LOW,2024,2.01415985790213
RE1,DEMTERELCILU_LOW,2025,1.895106750716322
RE1,DEMTERELCILU_LOW,2026,1.672413399158634
RE1,DEMTERELCILU_LOW,2027,1.268122928961157
RE1,DEMTERELCILU_LOW,2028,0.7409680029549873
RE1,DEMTERELCILU_LOW,2029,0.2866590736380488
RE1,DEMTERELCILU_LOW,2030,0.0600153230549072
RE1,DEMTERELCILU_LOW,2031,0.0052490946643445
RE1,DEMTERELCILU_LOW,2032,0.0001388419633038
RE1,DEMTERELCILU_LOW,2033,7.486026146738698e-07
RE1,DEMTERELCILU_LOW,2034,5.12681241937745e-10
RE1,DEMTERELCILU_LOW,2035,2.5507653882812582e-14
RE1,DEMTERELCILU_LOW,2036,4.8058649107955614e-20
RE1,DEMTERELCILU_LOW,2037,1.617298391890876e-27
RE1,DEMTERELCILU_LOW,2038,4.119587458327081e-37
RE1,DEMTERELCILU_LOW,2039,3.002456461051171e-49
RE1,DEMTERELCILU_LOW,2040,2.096330606621139e-64
RE1,DEMTERELCILU_LOW,2041,4.128468154025946e-83
RE1,DEMTERELCILU_LOW,2042,5.895692631643521e-106
RE1,DEMTERELCILU_LOW,2043,1.360667009156178e-133
RE1,DEMTERELCILU_LOW,2044,9.735928092945886e-167
RE1,DEMTERELCILU_LOW,2045,3.541040102960474e-206
RE1,DEMTERELCILU_LOW,2046,9.10779314081856e-253
RE1,DEMTERELCILU_LOW,2047,1.941805212047656e-307
RE1,DEMTERELCILU_LOW,2048,0.0
RE1,DEMTERELCILU_LOW,2049,0.0
RE1,DEMTERELCILU_LOW,2050,0.0
RE1,DEMTERELCILU_LOW,2051,0.0
RE1,DEMTERELCILU_LOW,2052,0.0
RE1,DEMTERELCILU_LOW,2053,0.0
RE1,DEMTERELCILU_LOW,2054,0.0
RE1,DEMTERELCILU_LOW,2055,0.0
RE1,DEMTERELCILU_MID,2022,0.0
RE1,DEMTERELCILU_MID,2023,0.0
RE1,DEMTERELCILU_MID,2024,0.0
RE1,DEMTERELCILU_MID,2025,0.0
RE1,DEMTERELCILU_MID,2026,0.0
RE1,DEMTERELCILU_MID,2027,0.0
RE1,DEMTERELCILU_MID,2028,0.0
RE1,DEMTERELCILU_MID,2029,0.0
RE1,DEMTERELCILU_MID,2030,0.0
RE1,DEMTERELCILU_MID,2031,0.0
RE1,DEMTERELCILU_MID,2032,0.0
RE1,DEMTERELCILU_MID,2033,0.0
RE1,DEMTERELCILU_MID,2034,0.0
RE1,DEMTERELCILU_MID,2035,0.0
RE1,DEMTERELCILU_MID,2036,0.0
RE1,DEMTERELCILU_MID,2037,0.0
RE1,DEMTERELCILU_MID,2038,0.0
RE1,DEMTERELCILU_MID,2039,0.0
RE1,DEMTERELCILU_MID,2040,0.0
RE1,DEMTERELCILU_MID,2041,0.0
RE1,DEMTERELCILU_MID,2042,0.0
RE1,DEMTERELCILU_MID,2043,0.0
RE1,DEMTERELCILU_MID,2044,0.0
RE1,DEMTERELCILU_MID,2045,0.0
RE1,DEMTERELCILU_MID,2046,0.0
RE1,DEMTERELCILU_MID,2047,0.0
RE1,DEMTERELCILU_MID,2048,0.0
RE1,DEMTERELCILU_MID,2049,0.0
RE1,DEMTERELCILU_MID,2050,0.0
RE1,DEMTERELCILU_MID,2051,0.0
RE1,DEMTERELCILU_MID,2052,0.0
RE1,DEMTERELCILU_MID,2053,0.0
RE1,DEMTERELCILU_MID,2054,0.0
RE1,DEMTERELCILU_MID,2055,0.0
RE1,DEMTERELCILU_VAP,2022,0.0
RE1,DEMTERELCILU_VAP,2023,0.0
RE1,DEMTERELCILU_VAP,2024,0.0
RE1,DEMTERELCILU_VAP,2025,0.0
RE1,DEMTERELCILU_VAP,2026,0.0
RE1,DEMTERELCILU_VAP,2027,0.0
RE1,DEMTERELCILU_VAP,2028,0.0
RE1,DEMTERELCILU_VAP,2029,0.0
RE1,DEMTERELCILU_VAP,2030,0.0
RE1,DEMTERELCILU_VAP,2031,0.0
RE1,DEMTERELCILU_VAP,2032,0.0
RE1,DEMTERELCILU_VAP,2033,0.0
RE1,DEMTERELCILU_VAP,2034,0.0
RE1,DEMTERELCILU_VAP,2035,0.0
RE1,DEMTERELCILU_VAP,2036,0.0
RE1,DEMTERELCILU_VAP,2037,0.0
RE1,DEMTERELCILU_VAP,2038,0.0
RE1,DEMTERELCILU_VAP,2039,0.0
RE1,DEMTERELCILU_VAP,2040,0.0
RE1,DEMTERELCILU_VAP,2041,0.0
RE1,DEMTERELCILU_VAP,2042,0.0
RE1,DEMTERELCILU_VAP,2043,0.0
RE1,DEMTERELCILU_VAP,2044,0.0
RE1,DEMTERELCILU_VAP,2045,0.0
RE1,DEMTERELCILU_VAP,2046,0.0
RE1,DEMTERELCILU_VAP,2047,0.0
RE1,DEMTERELCILU_VAP,2048,0.0
RE1,DEMTERELCILU_VAP,2049,0.0
RE1,DEMTERELCILU_VAP,2050,0.0
RE1,DEMTERELCILU_VAP,2051,0.0
RE1,DEMTERELCILU_VAP,2052,0.0
RE1,DEMTERELCILU_VAP,2053,0.0
RE1,DEMTERELCILU_VAP,2054,0.0
RE1,DEMTERELCILU_VAP,2055,0.0
RE1,DEMTERELCMPW_HIG,2022,0.0
RE1,DEMTERELCMPW_HIG,2023,0.0
RE1,DEMTERELCMPW_HIG,2024,0.0
RE1,DEMTERELCMPW_HIG,2025,0.0
RE1,DEMTERELCMPW_HIG,2026,0.0
RE1,DEMTERELCMPW_HIG,2027,0.0
RE1,DEMTERELCMPW_HIG,2028,0.0
RE1,DEMTERELCMPW_HIG,2029,0.0
RE1,DEMTERELCMPW_HIG,2030,0.0
RE1,DEMTERELCMPW_HIG,2031,0.0
RE1,DEMTERELCMPW_HIG,2032,0.0
RE1,DEMTERELCMPW_HIG,2033,0.0
RE1,DEMTERELCMPW_HIG,2034,0.0
RE1,DEMTERELCMPW_HIG,2035,0.0
RE1,DEMTERELCMPW_HIG,2036,0.0
RE1,DEMTERELCMPW_HIG,2037,0.0
RE1,DEMTERELCMPW_HIG,2038,0.0
RE1,DEMTERELCMPW_HIG,2039,0.0
RE1,DEMTERELCMPW_HIG,2040,0.0
RE1,DEMTERELCMPW_HIG,2041,0.0
RE1,DEMTERELCMPW_HIG,2042,0.0
RE1,DEMTERELCMPW_HIG,2043,0.0
RE1,DEMTERELCMPW_HIG,2044,0.0
RE1,DEMTERELCMPW_HIG,2045,0.0
RE1,DEMTERELCMPW_HIG,2046,0.0
RE1,DEMTERELCMPW_HIG,2047,0.0
RE1,DEMTERELCMPW_HIG,2048,0.0
RE1,DEMTERELCMPW_HIG,2049,0.0
RE1,DEMTERELCMPW_HIG,2050,0.0
RE1,DEMTERELCMPW_HIG,2051,0.0
RE1,DEMTERELCMPW_HIG,2052,0.0
RE1,DEMTERELCMPW_HIG,2053,0.0
RE1,DEMTERELCMPW_HIG,2054,0.0
RE1,DEMTERELCMPW_HIG,2055,0.0
RE1,DEMTERELCMPW_LOW,2022,1.803131281864065
RE1,DEMTERELCMPW_LOW,2023,1.860535627364937
RE1,DEMTERELCMPW_LOW,2024,1.902913795010743
RE1,DEMTERELCMPW_LOW,2025,1.902304960015134
RE1,DEMTERELCMPW_LOW,2026,1.90105638784251
RE1,DEMTERELCMPW_LOW,2027,1.898295328198676
RE1,DEMTERELCMPW_LOW,2028,1.892945535462029
RE1,DEMTERELCMPW_LOW,2029,1.88352738556692
RE1,DEMTERELCMPW_LOW,2030,1.868121677001775
RE1,DEMTERELCMPW_LOW,2031,1.844367292467918
RE1,DEMTERELCMPW_LOW,2032,1.809513184508145
RE1,DEMTERELCMPW_LOW,2033,1.760550048475751
RE1,DEMTERELCMPW_LOW,2034,1.694448340907528
RE1,DEMTERELCMPW_LOW,2035,1.608522873144576
RE1,DEMTERELCMPW_LOW,2036,1.500925023343087
RE1,DEMTERELCMPW_LOW,2037,1.371227450197519
RE1,DEMTERELCMPW_LOW,2038,1.221013162619413
RE1,DEMTERELCMPW_LOW,2039,1.054320293536482
RE1,DEMTERELCMPW_LOW,2040,0.8777489591647869
RE1,DEMTERELCMPW_LOW,2041,0.7000428635059808
RE1,DEMTERELCMPW_LOW,2042,0.5310520315256395
RE1,DEMTERELCMPW_LOW,2043,0.3801749595958223
RE1,DEMTERELCMPW_LOW,2044,0.2546230915168249
RE1,DEMTERELCMPW_LOW,2045,0.1580357963824212
RE1,DEMTERELCMPW_LOW,2046,0.0899616757147012
RE1,DEMTERELCMPW_LOW,2047,0.0464423410956444
RE1,DEMTERELCMPW_LOW,2048,0.0214796962665275
RE1,DEMTERELCMPW_LOW,2049,0.0087837336905625
RE1,DEMTERELCMPW_LOW,2050,0.003131172403569
RE1,DEMTERELCMPW_LOW,2051,0.0009582865497607
RE1,DEMTERELCMPW_LOW,2052,0.0002477170477305
RE1,DEMTERELCMPW_LOW,2053,5.31509960904464e-05
RE1,DEMTERELCMPW_LOW,2054,9.291374839685276e-06
RE1,DEMTERELCMPW_LOW,2055,9.291374839685276e-06
RE1,DEMTERELCMPW_MID,2022,0.0108584019226871
RE1,DEMTERELCMPW_MID,2023,0.0153536763968692
RE1,DEMTERELCMPW_MID,2024,0.0376337837172909
RE1,DEMTERELCMPW_MID,2025,0.0376217428331456
RE1,DEMTERELCMPW_MID,2026,0.0375970499147259
RE1,DEMTERELCMPW_MID,2027,0.0375424446447767
RE1,DEMTERELCMPW_MID,2028,0.0374366421941816
RE1,DEMTERELCMPW_MID,2029,0.0372503801485236
RE1,DEMTERELCMPW_MID,2030,0.0369457026031338
RE1,DEMTERELCMPW_MID,2031,0.0364759139178931
RE1,DEMTERELCMPW_MID,2032,0.035786606833118
RE1,DEMTERELCMPW_MID,2033,0.0348182665560152
RE1,DEMTERELCMPW_MID,2034,0.0335109780322321
RE1,DEMTERELCMPW_MID,2035,0.0318116364866106
RE1,DEMTERELCMPW_MID,2036,0.0296836818632894
RE1,DEMTERELCMPW_MID,2037,0.0271186626652493
RE1,DEMTERELCMPW_MID,2038,0.0241478859412677
RE1,DEMTERELCMPW_MID,2039,0.0208512135440579
RE1,DEMTERELCMPW_MID,2040,0.0173591754780979
RE1,DEMTERELCMPW_MID,2041,0.0138446953230839
RE1,DEMTERELCMPW_MID,2042,0.0105025762856225
RE1,DEMTERELCMPW_MID,2043,0.0075186917251173
RE1,DEMTERELCMPW_MID,2044,0.0050356618259305
RE1,DEMTERELCMPW_MID,2045,0.0031254621182733
RE1,DEMTERELCMPW_MID,2046,0.0017791653282291
RE1,DEMTERELCMPW_MID,2047,0.0009184867042851
RE1,DEMTERELCMPW_MID,2048,0.0004248023456065
RE1,DEMTERELCMPW_MID,2049,0.0001737152438579
RE1,DEMTERELCMPW_MID,2050,6.192496230067237e-05
RE1,DEMTERELCMPW_MID,2051,1.895196138019657e-05
RE1,DEMTERELCMPW_MID,2052,4.89908151478979e-06
RE1,DEMTERELCMPW_MID,2053,1.051163272067795e-06
RE1,DEMTERELCMPW_MID,2054,1.837548248742507e-07
RE1,DEMTERELCMPW_MID,2055,1.837548248742507e-07
RE1,DEMTERELCOTH_HIG,2022,0.0
RE1,DEMTERELCOTH_HIG,2023,0.0
RE1,DEMTERELCOTH_HIG,2024,0.0
RE1,DEMTERELCOTH_HIG,2025,0.0
RE1,DEMTERELCOTH_HIG,2026,0.0
RE1,DEMTERELCOTH_HIG,2027,0.0
RE1,DEMTERELCOTH_HIG,2028,0.0
RE1,DEMTERELCOTH_HIG,2029,0.0
RE1,DEMTERELCOTH_HIG,2030,0.0
RE1,DEMTERELCOTH_HIG,2031,0.0
RE1,DEMTERELCOTH_HIG,2032,0.0
RE1,DEMTERELCOTH_HIG,2033,0.0
RE1,DEMTERELCOTH_HIG,2034,0.0
RE1,DEMTERELCOTH_HIG,2035,0.0
RE1,DEMTERELCOTH_HIG,2036,0.0
RE1,DEMTERELCOTH_HIG,2037,0.0
RE1,DEMTERELCOTH_HIG,2038,0.0
RE1,DEMTERELCOTH_HIG,2039,0.0
RE1,DEMTERELCOTH_HIG,2040,0.0
RE1,DEMTERELCOTH_HIG,2041,0.0
RE1,DEMTERELCOTH_HIG,2042,0.0
RE1,DEMTERELCOTH_HIG,2043,0.0
RE1,DEMTERELCOTH_HIG,2044,0.0
RE1,DEMTERELCOTH_HIG,2045,0.0
RE1,DEMTERELCOTH_HIG,2046,0.0
RE1,DEMTERELCOTH_HIG,2047,0.0
RE1,DEMTERELCOTH_HIG,2048,0.0
RE1,DEMTERELCOTH_HIG,2049,0.0
RE1,DEMTERELCOTH_HIG,2050,0.0
RE1,DEMTERELCOTH_HIG,2051,0.0
RE1,DEMTERELCOTH_HIG,2052,0.0
RE1,DEMTERELCOTH_HIG,2053,0.0
RE1,DEMTERELCOTH_HIG,2054,0.0
RE1,DEMTERELCOTH_HIG,2055,0.0
RE1,DEMTERELCOTH_LOW,2022,8.899238318398869
RE1,DEMTERELCOTH_LOW,2023,9.20164870747693
RE1,DEMTERELCOTH_LOW,2024,9.51215103391556
RE1,DEMTERELCOTH_LOW,2025,6.854394898144135
RE1,DEMTERELCOTH_LOW,2026,3.499324806695214
RE1,DEMTERELCOTH_LOW,2027,0.7899781734181132
RE1,DEMTERELCOTH_LOW,2028,0.0439075073844066
RE1,DEMTERELCOTH_LOW,2029,0.000265687444035
RE1,DEMTERELCOTH_LOW,2030,5.91546898365585e-08
RE1,DEMTERELCOTH_LOW,2031,1.20463455421494e-13
RE1,DEMTERELCOTH_LOW,2032,3.947656388181111e-22
RE1,DEMTERELCOTH_LOW,2033,2.4948365082729792e-34
RE1,DEMTERELCOTH_LOW,2034,2.388462324960401e-51
RE1,DEMTERELCOTH_LOW,2035,1.716327646574556e-74
RE1,DEMTERELCOTH_LOW,2036,2.784323128162616e-105
RE1,DEMTERELCOTH_LOW,2037,1.791563176365938e-145
RE1,DEMTERELCOTH_LOW,2038,4.515849669614282e-197
RE1,DEMTERELCOTH_LOW,2039,2.382390515695825e-262
RE1,DEMTERELCOTH_LOW,2040,0.0
RE1,DEMTERELCOTH_LOW,2041,0.0
RE1,DEMTERELCOTH_LOW,2042,0.0
RE1,DEMTERELCOTH_LOW,2043,0.0
RE1,DEMTERELCOTH_LOW,2044,0.0
RE1,DEMTERELCOTH_LOW,2045,0.0
RE1,DEMTERELCOTH_LOW,2046,0.0
RE1,DEMTERELCOTH_LOW,2047,0.0
RE1,DEMTERELCOTH_LOW,2048,0.0
RE1,DEMTERELCOTH_LOW,2049,0.0
RE1,DEMTERELCOTH_LOW,2050,0.0
RE1,DEMTERELCOTH_LOW,2051,0.0
RE1,DEMTERELCOTH_LOW,2052,0.0
RE1,DEMTERELCOTH_LOW,2053,0.0
RE1,DEMTERELCOTH_LOW,2054,0.0
RE1,DEMTERELCOTH_LOW,2055,0.0
RE1,DEMTERELCOTH_MID,2022,0.0
RE1,DEMTERELCOTH_MID,2023,0.0
RE1,DEMTERELCOTH_MID,2024,0.0
RE1,DEMTERELCOTH_MID,2025,0.0
RE1,DEMTERELCOTH_MID,2026,0.0
RE1,DEMTERELCOTH_MID,2027,0.0
RE1,DEMTERELCOTH_MID,2028,0.0
RE1,DEMTERELCOTH_MID,2029,0.0
RE1,DEMTERELCOTH_MID,2030,0.0
RE1,DEMTERELCOTH_MID,2031,0.0
RE1,DEMTERELCOTH_MID,2032,0.0
RE1,DEMTERELCOTH_MID,2033,0.0
RE1,DEMTERELCOTH_MID,2034,0.0
RE1,DEMTERELCOTH_MID,2035,0.0
RE1,DEMTERELCOTH_MID,2036,0.0
RE1,DEMTERELCOTH_MID,2037,0.0
RE1,DEMTERELCOTH_MID,2038,0.0
RE1,DEMTERELCOTH_MID,2039,0.0
RE1,DEMTERELCOTH_MID,2040,0.0
RE1,DEMTERELCOTH_MID,2041,0.0
RE1,DEMTERELCOTH_MID,2042,0.0
RE1,DEMTERELCOTH_MID,2043,0.0
RE1,DEMTERELCOTH_MID,2044,0.0
RE1,DEMTERELCOTH_MID,2045,0.0
RE1,DEMTERELCOTH_MID,2046,0.0
RE1,DEMTERELCOTH_MID,2047,0.0
RE1,DEMTERELCOTH_MID,2048,0.0
RE1,DEMTERELCOTH_MID,2049,0.0
RE1,DEMTERELCOTH_MID,2050,0.0
RE1,DEMTERELCOTH_MID,2051,0.0
RE1,DEMTERELCOTH_MID,2052,0.0
RE1,DEMTERELCOTH_MID,2053,0.0
RE1,DEMTERELCOTH_MID,2054,0.0
RE1,DEMTERELCOTH_MID,2055,0.0
RE1,DEMTERELCREF_AUC_HIG,2022,0.0
RE1,DEMTERELCREF_AUC_HIG,2023,0.0
RE1,DEMTERELCREF_AUC_HIG,2024,0.0
RE1,DEMTERELCREF_AUC_HIG,2025,0.0
RE1,DEMTERELCREF_AUC_HIG,2026,0.0
RE1,DEMTERELCREF_AUC_HIG,2027,0.0
RE1,DEMTERELCREF_AUC_HIG,2028,0.0
RE1,DEMTERELCREF_AUC_HIG,2029,0.0
RE1,DEMTERELCREF_AUC_HIG,2030,0.0
RE1,DEMTERELCREF_AUC_HIG,2031,0.0
RE1,DEMTERELCREF_AUC_HIG,2032,0.0
RE1,DEMTERELCREF_AUC_HIG,2033,0.0
RE1,DEMTERELCREF_AUC_HIG,2034,0.0
RE1,DEMTERELCREF_AUC_HIG,2035,0.0
RE1,DEMTERELCREF_AUC_HIG,2036,0.0
RE1,DEMTERELCREF_AUC_HIG,2037,0.0
RE1,DEMTERELCREF_AUC_HIG,2038,0.0
RE1,DEMTERELCREF_AUC_HIG,2039,0.0
RE1,DEMTERELCREF_AUC_HIG,2040,0.0
RE1,DEMTERELCREF_AUC_HIG,2041,0.0
RE1,DEMTERELCREF_AUC_HIG,2042,0.0
RE1,DEMTERELCREF_AUC_HIG,2043,0.0
RE1,DEMTERELCREF_AUC_HIG,2044,0.0
RE1,DEMTERELCREF_AUC_HIG,2045,0.0
RE1,DEMTERELCREF_AUC_HIG,2046,0.0
RE1,DEMTERELCREF_AUC_HIG,2047,0.0
RE1,DEMTERELCREF_AUC_HIG,2048,0.0
RE1,DEMTERELCREF_AUC_HIG,2049,0.0
RE1,DEMTERELCREF_AUC_HIG,2050,0.0
RE1,DEMTERELCREF_AUC_HIG,2051,0.0
RE1,DEMTERELCREF_AUC_HIG,2052,0.0
RE1,DEMTERELCREF_AUC_HIG,2053,0.0
RE1,DEMTERELCREF_AUC_HIG,2054,0.0
RE1,DEMTERELCREF_AUC_HIG,2055,0.0
RE1,DEMTERELCREF_AUC_LOW,2022,1.402576964203385
RE1,DEMTERELCREF_AUC_LOW,2023,1.447612843623397
RE1,DEMTERELCREF_AUC_LOW,2024,1.482589701440367
RE1,DEMTERELCREF_AUC_LOW,2025,1.480591810142875
RE1,DEMTERELCREF_AUC_LOW,2026,1.476501045943757
RE1,DEMTERELCREF_AUC_LOW,2027,1.467485448654625
RE1,DEMTERELCREF_AUC_LOW,2028,1.45013648854843
RE1,DEMTERELCREF_AUC_LOW,2029,1.419974737856307
RE1,DEMTERELCREF_AUC_LOW,2030,1.371671894745895
RE1,DEMTERELCREF_AUC_LOW,2031,1.299660548893179
RE1,DEMTERELCREF_AUC_LOW,2032,1.199262441244536
RE1,DEMTERELCREF_AUC_LOW,2033,1.06834460989532
RE1,DEMTERELCREF_AUC_LOW,2034,0.9092318494096948
RE1,DEMTERELCREF_AUC_LOW,2035,0.7301865425276642
RE1,DEMTERELCREF_AUC_LOW,2036,0.5454142708524179
RE1,DEMTERELCREF_AUC_LOW,2037,0.3726742869666074
RE1,DEMTERELCREF_AUC_LOW,2038,0.2285545930230639
RE1,DEMTERELCREF_AUC_LOW,2039,0.1231281442122194
RE1,DEMTERELCREF_AUC_LOW,2040,0.056874047726327
RE1,DEMTERELCREF_AUC_LOW,2041,0.0219233848033013
RE1,DEMTERELCREF_AUC_LOW,2042,0.0068435433827675
RE1,DEMTERELCREF_AUC_LOW,2043,0.0016734205264889
RE1,DEMTERELCREF_AUC_LOW,2044,0.0003090361564298
RE1,DEMTERELCREF_AUC_LOW,2045,4.141076681014242e-05
RE1,DEMTERELCREF_AUC_LOW,2046,3.854412555698002e-06
RE1,DEMTERELCREF_AUC_LOW,2047,2.376501734641466e-07
RE1,DEMTERELCREF_AUC_LOW,2048,9.220010661193137e-09
RE1,DEMTERELCREF_AUC_LOW,2049,2.1292763755754068e-10
RE1,DEMTERELCREF_AUC_LOW,2050,2.7572805568281438e-12
RE1,DEMTERELCREF_AUC_LOW,2051,1.877576142042292e-14
RE1,DEMTERELCREF_AUC_LOW,2052,6.276404905960438e-17
RE1,DEMTERELCREF_AUC_LOW,2053,9.569547099945224e-20
RE1,DEMTERELCREF_AUC_LOW,2054,6.152924491079465e-23
RE1,DEMTERELCREF_AUC_LOW,2055,6.152924491079465e-23
RE1,DEMTERELCREF_AUC_MID,2022,0.0072403954399502
RE1,DEMTERELCREF_AUC_MID,2023,0.0102405631267236
RE1,DEMTERELCREF_AUC_MID,2024,0.0251348772403545
RE1,DEMTERELCREF_AUC_MID,2025,0.0251010062695436
RE1,DEMTERELCREF_AUC_MID,2026,0.0250316540705743
RE1,DEMTERELCREF_AUC_MID,2027,0.0248788094022951
RE1,DEMTERELCREF_AUC_MID,2028,0.024584686232484
RE1,DEMTERELCREF_AUC_MID,2029,0.0240733432086763
RE1,DEMTERELCREF_AUC_MID,2030,0.0232544477106428
RE1,DEMTERELCREF_AUC_MID,2031,0.0220336134257679
RE1,DEMTERELCREF_AUC_MID,2032,0.0203315281431972
RE1,DEMTERELCREF_AUC_MID,2033,0.018112030991464
RE1,DEMTERELCREF_AUC_MID,2034,0.0154145350502101
RE1,DEMTERELCREF_AUC_MID,2035,0.0123791154701542
RE1,DEMTERELCREF_AUC_MID,2036,0.0092466045930944
RE1,DEMTERELCREF_AUC_MID,2037,0.0063180814249835
RE1,DEMTERELCREF_AUC_MID,2038,0.0038747683413508
RE1,DEMTERELCREF_AUC_MID,2039,0.0020874357798385
RE1,DEMTERELCREF_AUC_MID,2040,0.0009642062172524
RE1,DEMTERELCREF_AUC_MID,2041,0.0003716750394183
RE1,DEMTERELCREF_AUC_MID,2042,0.0001160210560263
RE1,DEMTERELCREF_AUC_MID,2043,2.837010095505658e-05
RE1,DEMTERELCREF_AUC_MID,2044,5.239201275410201e-06
RE1,DEMTERELCREF_AUC_MID,2045,7.020516459750565e-07
RE1,DEMTERELCREF_AUC_MID,2046,6.534524442401648e-08
RE1,DEMTERELCREF_AUC_MID,2047,4.0289689928151325e-09
RE1,DEMTERELCREF_AUC_MID,2048,1.5631016180586268e-10
RE1,DEMTERELCREF_AUC_MID,2049,3.609838936482558e-12
RE1,DEMTERELCREF_AUC_MID,2050,4.6745170457990896e-14
RE1,DEMTERELCREF_AUC_MID,2051,3.183122464280091e-16
RE1,DEMTERELCREF_AUC_MID,2052,1.064061531446027e-18
RE1,DEMTERELCREF_AUC_MID,2053,1.622359789557654e-21
RE1,DEMTERELCREF_AUC_MID,2054,1.043127451932281e-24
RE1,DEMTERELCREF_AUC_MID,2055,1.043127451932281e-24
RE1,DEMTERELCREF_CEN_HIG,2022,0.0
RE1,DEMTERELCREF_CEN_HIG,2023,0.0
RE1,DEMTERELCREF_CEN_HIG,2024,0.0
RE1,DEMTERELCREF_CEN_HIG,2025,0.0
RE1,DEMTERELCREF_CEN_HIG,2026,0.0
RE1,DEMTERELCREF_CEN_HIG,2027,0.0
RE1,DEMTERELCREF_CEN_HIG,2028,0.0
RE1,DEMTERELCREF_CEN_HIG,2029,0.0
RE1,DEMTERELCREF_CEN_HIG,2030,0.0
RE1,DEMTERELCREF_CEN_HIG,2031,0.0
RE1,DEMTERELCREF_CEN_HIG,2032,0.0
RE1,DEMTERELCREF_CEN_HIG,2033,0.0
RE1,DEMTERELCREF_CEN_HIG,2034,0.0
RE1,DEMTERELCREF_CEN_HIG,2035,0.0
RE1,DEMTERELCREF_CEN_HIG,2036,0.0
RE1,DEMTERELCREF_CEN_HIG,2037,0.0
RE1,DEMTERELCREF_CEN_HIG,2038,0.0
RE1,DEMTERELCREF_CEN_HIG,2039,0.0
RE1,DEMTERELCREF_CEN_HIG,2040,0.0
RE1,DEMTERELCREF_CEN_HIG,2041,0.0
RE1,DEMTERELCREF_CEN_HIG,2042,0.0
RE1,DEMTERELCREF_CEN_HIG,2043,0.0
RE1,DEMTERELCREF_CEN_HIG,2044,0.0
RE1,DEMTERELCREF_CEN_HIG,2045,0.0
RE1,DEMTERELCREF_CEN_HIG,2046,0.0
RE1,DEMTERELCREF_CEN_HIG,2047,0.0
RE1,DEMTERELCREF_CEN_HIG,2048,0.0
RE1,DEMTERELCREF_CEN_HIG,2049,0.0
RE1,DEMTERELCREF_CEN_HIG,2050,0.0
RE1,DEMTERELCREF_CEN_HIG,2051,0.0
RE1,DEMTERELCREF_CEN_HIG,2052,0.0
RE1,DEMTERELCREF_CEN_HIG,2053,0.0
RE1,DEMTERELCREF_CEN_HIG,2054,0.0
RE1,DEMTERELCREF_CEN_HIG,2055,0.0
RE1,DEMTERELCREF_CEN_LOW,2022,2.226989721893283
RE1,DEMTERELCREF_CEN_LOW,2023,2.298496985412156
RE1,DEMTERELCREF_CEN_LOW,2024,2.354032692079602
RE1,DEMTERELCREF_CEN_LOW,2025,2.350860471589369
RE1,DEMTERELCREF_CEN_LOW,2026,2.344365220306456
RE1,DEMTERELCREF_CEN_LOW,2027,2.330050396227602
RE1,DEMTERELCREF_CEN_LOW,2028,2.302503989272332
RE1,DEMTERELCREF_CEN_LOW,2029,2.254613634233017
RE1,DEMTERELCREF_CEN_LOW,2030,2.177919136967972
RE1,DEMTERELCREF_CEN_LOW,2031,2.063580650619891
RE1,DEMTERELCREF_CEN_LOW,2032,1.904170108783385
RE1,DEMTERELCREF_CEN_LOW,2033,1.696300827975075
RE1,DEMTERELCREF_CEN_LOW,2034,1.443664080568624
RE1,DEMTERELCREF_CEN_LOW,2035,1.159378748386531
RE1,DEMTERELCREF_CEN_LOW,2036,0.86600023126155
RE1,DEMTERELCREF_CEN_LOW,2037,0.5917263921127645
RE1,DEMTERELCREF_CEN_LOW,2038,0.362895400783196
RE1,DEMTERELCREF_CEN_LOW,2039,0.1955009376559564
RE1,DEMTERELCREF_CEN_LOW,2040,0.090303721622104
RE1,DEMTERELCREF_CEN_LOW,2041,0.0348096067967245
RE1,DEMTERELCREF_CEN_LOW,2042,0.0108660709278154
RE1,DEMTERELCREF_CEN_LOW,2043,0.0026570308852982
RE1,DEMTERELCREF_CEN_LOW,2044,0.0004906827658143
RE1,DEMTERELCREF_CEN_LOW,2045,6.575136653145108e-05
RE1,DEMTERELCREF_CEN_LOW,2046,6.119975847707678e-06
RE1,DEMTERELCREF_CEN_LOW,2047,3.773372208571834e-07
RE1,DEMTERELCREF_CEN_LOW,2048,1.4639388427347782e-08
RE1,DEMTERELCREF_CEN_LOW,2049,3.3808316580829036e-10
RE1,DEMTERELCREF_CEN_LOW,2050,4.377966854688807e-12
RE1,DEMTERELCREF_CEN_LOW,2051,2.9811859720475924e-14
RE1,DEMTERELCREF_CEN_LOW,2052,9.96557734281142e-17
RE1,DEMTERELCREF_CEN_LOW,2053,1.519437690669315e-19
RE1,DEMTERELCREF_CEN_LOW,2054,9.769517075308576e-23
RE1,DEMTERELCREF_CEN_LOW,2055,9.769517075308576e-23
RE1,DEMTERELCREF_CEN_MID,2022,0.0114961864045515
RE1,DEMTERELCREF_CEN_MID,2023,0.0162598056375221
RE1,DEMTERELCREF_CEN_MID,2024,0.039908764156205
RE1,DEMTERELCREF_CEN_MID,2025,0.0398549843595938
RE1,DEMTERELCREF_CEN_MID,2026,0.0397448680249918
RE1,DEMTERELCREF_CEN_MID,2027,0.0395021836561542
RE1,DEMTERELCREF_CEN_MID,2028,0.0390351794967695
RE1,DEMTERELCREF_CEN_MID,2029,0.0382232770575843
RE1,DEMTERELCREF_CEN_MID,2030,0.0369230476199356
RE1,DEMTERELCREF_CEN_MID,2031,0.0349846260759205
RE1,DEMTERELCREF_CEN_MID,2032,0.0322820817401637
RE1,DEMTERELCREF_CEN_MID,2033,0.0287579989476813
RE1,DEMTERELCREF_CEN_MID,2034,0.0244749571686278
RE1,DEMTERELCREF_CEN_MID,2035,0.0196553655319879
RE1,DEMTERELCREF_CEN_MID,2036,0.0146816138556276
RE1,DEMTERELCREF_CEN_MID,2037,0.0100317506665416
RE1,DEMTERELCREF_CEN_MID,2038,0.0061522964451414
RE1,DEMTERELCREF_CEN_MID,2039,0.0033143978159181
RE1,DEMTERELCREF_CEN_MID,2040,0.0015309515202443
RE1,DEMTERELCREF_CEN_MID,2041,0.0005901398025162
RE1,DEMTERELCREF_CEN_MID,2042,0.0001842164144201
RE1,DEMTERELCREF_CEN_MID,2043,4.504560166640826e-05
RE1,DEMTERELCREF_CEN_MID,2044,8.318721673783884e-06
RE1,DEMTERELCREF_CEN_MID,2045,1.114706600584094e-06
RE1,DEMTERELCREF_CEN_MID,2046,1.037541549739777e-07
RE1,DEMTERELCREF_CEN_MID,2047,6.397133822828815e-09
RE1,DEMTERELCREF_CEN_MID,2048,2.4818682514641306e-10
RE1,DEMTERELCREF_CEN_MID,2049,5.731645688194198e-12
RE1,DEMTERELCREF_CEN_MID,2050,7.422124904013452e-14
RE1,DEMTERELCREF_CEN_MID,2051,5.054111961339366e-16
RE1,DEMTERELCREF_CEN_MID,2052,1.6895002231397771e-18
RE1,DEMTERELCREF_CEN_MID,2053,2.5759574474473787e-21
RE1,DEMTERELCREF_CEN_MID,2054,1.656261419776935e-24
RE1,DEMTERELCREF_CEN_MID,2055,1.656261419776935e-24
RE1,DEMTERLPGCKN_HIG,2022,0.0
RE1,DEMTERLPGCKN_HIG,2023,0.0
RE1,DEMTERLPGCKN_HIG,2024,0.0
RE1,DEMTERLPGCKN_HIG,2025,4.046020152348214
RE1,DEMTERLPGCKN_HIG,2026,4.205570902456452
RE1,DEMTERLPGCKN_HIG,2027,4.354836601874447
RE1,DEMTERLPGCKN_HIG,2028,4.498158033239765
RE1,DEMTERLPGCKN_HIG,2029,4.647812360042749
RE1,DEMTERLPGCKN_HIG,2030,4.798452125010003
RE1,DEMTERLPGCKN_HIG,2031,4.798452125010003
RE1,DEMTERLPGCKN_HIG,2032,4.798452125010003
RE1,DEMTERLPGCKN_HIG,2033,4.798452125010003
RE1,DEMTERLPGCKN_HIG,2034,4.798452125010003
RE1,DEMTERLPGCKN_HIG,2035,4.798452125010003
RE1,DEMTERLPGCKN_HIG,2036,4.798452125010003
RE1,DEMTERLPGCKN_HIG,2037,4.798452125010003
RE1,DEMTERLPGCKN_HIG,2038,4.798452125010003
RE1,DEMTERLPGCKN_HIG,2039,4.798452125010003
RE1,DEMTERLPGCKN_HIG,2040,4.798452125010003
RE1,DEMTERLPGCKN_HIG,2041,4.798452125010003
RE1,DEMTERLPGCKN_HIG,2042,4.798452125010003
RE1,DEMTERLPGCKN_HIG,2043,4.798452125010003
RE1,DEMTERLPGCKN_HIG,2044,4.798452125010003
RE1,DEMTERLPGCKN_HIG,2045,4.798452125010003
RE1,DEMTERLPGCKN_HIG,2046,4.798452125010003
RE1,DEMTERLPGCKN_HIG,2047,4.798452125010003
RE1,DEMTERLPGCKN_HIG,2048,4.798452125010003
RE1,DEMTERLPGCKN_HIG,2049,4.798452125010003
RE1,DEMTERLPGCKN_HIG,2050,4.798452125010003
RE1,DEMTERLPGCKN_HIG,2051,4.798452125010003
RE1,DEMTERLPGCKN_HIG,2052,4.798452125010003
RE1,DEMTERLPGCKN_HIG,2053,4.798452125010003
RE1,DEMTERLPGCKN_HIG,2054,4.798452125010003
RE1,DEMTERLPGCKN_HIG,2055,4.798452125010003
RE1,DEMTERLPGCKN_LOW,2022,0.0
RE1,DEMTERLPGCKN_LOW,2023,0.0
RE1,DEMTERLPGCKN_LOW,2024,0.0
RE1,DEMTERLPGCKN_LOW,2025,0.0
RE1,DEMTERLPGCKN_LOW,2026,0.0
RE1,DEMTERLPGCKN_LOW,2027,0.0
RE1,DEMTERLPGCKN_LOW,2028,0.0
RE1,DEMTERLPGCKN_LOW,2029,0.0
RE1,DEMTERLPGCKN_LOW,2030,0.0
RE1,DEMTERLPGCKN_LOW,2031,0.0
RE1,DEMTERLPGCKN_LOW,2032,0.0
RE1,DEMTERLPGCKN_LOW,2033,0.0
RE1,DEMTERLPGCKN_LOW,2034,0.0
RE1,DEMTERLPGCKN_LOW,2035,0.0
RE1,DEMTERLPGCKN_LOW,2036,0.0
RE1,DEMTERLPGCKN_LOW,2037,0.0
RE1,DEMTERLPGCKN_LOW,2038,0.0
RE1,DEMTERLPGCKN_LOW,2039,0.0
RE1,DEMTERLPGCKN_LOW,2040,0.0
RE1,DEMTERLPGCKN_LOW,2041,0.0
RE1,DEMTERLPGCKN_LOW,2042,0.0
RE1,DEMTERLPGCKN_LOW,2043,0.0
RE1,DEMTERLPGCKN_LOW,2044,0.0
RE1,DEMTERLPGCKN_LOW,2045,0.0
RE1,DEMTERLPGCKN_LOW,2046,0.0
RE1,DEMTERLPGCKN_LOW,2047,0.0
RE1,DEMTERLPGCKN_LOW,2048,0.0
RE1,DEMTERLPGCKN_LOW,2049,0.0
RE1,DEMTERLPGCKN_LOW,2050,0.0
RE1,DEMTERLPGCKN_LOW,2051,0.0
RE1,DEMTERLPGCKN_LOW,2052,0.0
RE1,DEMTERLPGCKN_LOW,2053,0.0
RE1,DEMTERLPGCKN_LOW,2054,0.0
RE1,DEMTERLPGCKN_LOW,2055,0.0
RE1,DEMTERLPGCKN_MID,2022,0.0
RE1,DEMTERLPGCKN_MID,2023,0.0
RE1,DEMTERLPGCKN_MID,2024,0.0
RE1,DEMTERLPGCKN_MID,2025,0.0
RE1,DEMTERLPGCKN_MID,2026,0.0
RE1,DEMTERLPGCKN_MID,2027,0.0
RE1,DEMTERLPGCKN_MID,2028,0.0
RE1,DEMTERLPGCKN_MID,2029,0.0
RE1,DEMTERLPGCKN_MID,2030,0.0
RE1,DEMTERLPGCKN_MID,2031,0.0
RE1,DEMTERLPGCKN_MID,2032,0.0
RE1,DEMTERLPGCKN_MID,2033,0.0
RE1,DEMTERLPGCKN_MID,2034,0.0
RE1,DEMTERLPGCKN_MID,2035,0.0
RE1,DEMTERLPGCKN_MID,2036,0.0
RE1,DEMTERLPGCKN_MID,2037,0.0
RE1,DEMTERLPGCKN_MID,2038,0.0
RE1,DEMTERLPGCKN_MID,2039,0.0
RE1,DEMTERLPGCKN_MID,2040,0.0
RE1,DEMTERLPGCKN_MID,2041,0.0
RE1,DEMTERLPGCKN_MID,2042,0.0
RE1,DEMTERLPGCKN_MID,2043,0.0
RE1,DEMTERLPGCKN_MID,2044,0.0
RE1,DEMTERLPGCKN_MID,2045,0.0
RE1,DEMTERLPGCKN_MID,2046,0.0
RE1,DEMTERLPGCKN_MID,2047,0.0
RE1,DEMTERLPGCKN_MID,2048,0.0
RE1,DEMTERLPGCKN_MID,2049,0.0
RE1,DEMTERLPGCKN_MID,2050,0.0
RE1,DEMTERLPGCKN_MID,2051,0.0
RE1,DEMTERLPGCKN_MID,2052,0.0
RE1,DEMTERLPGCKN_MID,2053,0.0
RE1,DEMTERLPGCKN_MID,2054,0.0
RE1,DEMTERLPGCKN_MID,2055,0.0
RE1,DEMTERNGSCKN_HIG,2022,0.0
RE1,DEMTERNGSCKN_HIG,2023,0.0
RE1,DEMTERNGSCKN_HIG,2024,0.0
RE1,DEMTERNGSCKN_HIG,2025,14.2400325320743
RE1,DEMTERNGSCKN_HIG,2026,14.58868953520151
RE1,DEMTERNGSCKN_HIG,2027,15.33245803771264
RE1,DEMTERNGSCKN_HIG,2028,16.50662427052489
RE1,DEMTERNGSCKN_HIG,2029,17.69199233124614
RE1,DEMTERNGSCKN_HIG,2030,18.47044411308331
RE1,DEMTERNGSCKN_HIG,2031,18.47044411308331
RE1,DEMTERNGSCKN_HIG,2032,18.47044411308331
RE1,DEMTERNGSCKN_HIG,2033,18.47044411308331
RE1,DEMTERNGSCKN_HIG,2034,18.47044411308331
RE1,DEMTERNGSCKN_HIG,2035,18.47044411308331
RE1,DEMTERNGSCKN_HIG,2036,18.47044411308331
RE1,DEMTERNGSCKN_HIG,2037,18.47044411308331
RE1,DEMTERNGSCKN_HIG,2038,18.47044411308331
RE1,DEMTERNGSCKN_HIG,2039,18.47044411308331
RE1,DEMTERNGSCKN_HIG,2040,18.47044411308331
RE1,DEMTERNGSCKN_HIG,2041,18.47044411308331
RE1,DEMTERNGSCKN_HIG,2042,18.47044411308331
RE1,DEMTERNGSCKN_HIG,2043,18.47044411308331
RE1,DEMTERNGSCKN_HIG,2044,18.47044411308331
RE1,DEMTERNGSCKN_HIG,2045,18.47044411308331
RE1,DEMTERNGSCKN_HIG,2046,18.47044411308331
RE1,DEMTERNGSCKN_HIG,2047,18.47044411308331
RE1,DEMTERNGSCKN_HIG,2048,18.47044411308331
RE1,DEMTERNGSCKN_HIG,2049,18.47044411308331
RE1,DEMTERNGSCKN_HIG,2050,18.47044411308331
RE1,DEMTERNGSCKN_HIG,2051,18.47044411308331
RE1,DEMTERNGSCKN_HIG,2052,18.47044411308331
RE1,DEMTERNGSCKN_HIG,2053,18.47044411308331
RE1,DEMTERNGSCKN_HIG,2054,18.47044411308331
RE1,DEMTERNGSCKN_HIG,2055,18.47044411308331
RE1,DEMTERNGSCKN_LOW,2022,0.0
RE1,DEMTERNGSCKN_LOW,2023,0.0
RE1,DEMTERNGSCKN_LOW,2024,0.0
RE1,DEMTERNGSCKN_LOW,2025,0.0
RE1,DEMTERNGSCKN_LOW,2026,0.0
RE1,DEMTERNGSCKN_LOW,2027,0.0
RE1,DEMTERNGSCKN_LOW,2028,0.0
RE1,DEMTERNGSCKN_LOW,2029,0.0
RE1,DEMTERNGSCKN_LOW,2030,0.0
RE1,DEMTERNGSCKN_LOW,2031,0.0
RE1,DEMTERNGSCKN_LOW,2032,0.0
RE1,DEMTERNGSCKN_LOW,2033,0.0
RE1,DEMTERNGSCKN_LOW,2034,0.0
RE1,DEMTERNGSCKN_LOW,2035,0.0
RE1,DEMTERNGSCKN_LOW,2036,0.0
RE1,DEMTERNGSCKN_LOW,2037,0.0
RE1,DEMTERNGSCKN_LOW,2038,0.0
RE1,DEMTERNGSCKN_LOW,2039,0.0
RE1,DEMTERNGSCKN_LOW,2040,0.0
RE1,DEMTERNGSCKN_LOW,2041,0.0
RE1,DEMTERNGSCKN_LOW,2042,0.0
RE1,DEMTERNGSCKN_LOW,2043,0.0
RE1,DEMTERNGSCKN_LOW,2044,0.0
RE1,DEMTERNGSCKN_LOW,2045,0.0
RE1,DEMTERNGSCKN_LOW,2046,0.0
RE1,DEMTERNGSCKN_LOW,2047,0.0
RE1,DEMTERNGSCKN_LOW,2048,0.0
RE1,DEMTERNGSCKN_LOW,2049,0.0
RE1,DEMTERNGSCKN_LOW,2050,0.0
RE1,DEMTERNGSCKN_LOW,2051,0.0
RE1,DEMTERNGSCKN_LOW,2052,0.0
RE1,DEMTERNGSCKN_LOW,2053,0.0
RE1,DEMTERNGSCKN_LOW,2054,0.0
RE1,DEMTERNGSCKN_LOW,2055,0.0
RE1,DEMTRADSLBOT,2022,0.6623916234130154
RE1,DEMTRADSLBOT,2023,0.6734998159182543
RE1,DEMTRADSLBOT,2024,0.6816710436616512
RE1,DEMTRADSLBOT,2025,0.6816710436616512
RE1,DEMTRADSLBOT,2026,0.6816710436616512
RE1,DEMTRADSLBOT,2027,0.6816710436616512
RE1,DEMTRADSLBOT,2028,0.6816710436616512
RE1,DEMTRADSLBOT,2029,0.6816710436616512
RE1,DEMTRADSLBOT,2030,0.6816710436616512
RE1,DEMTRADSLBOT,2031,0.6816710436616512
RE1,DEMTRADSLBOT,2032,0.6816710436616512
RE1,DEMTRADSLBOT,2033,0.6816710436616512
RE1,DEMTRADSLBOT,2034,0.6816710436616512
RE1,DEMTRADSLBOT,2035,0.6816710436616512
RE1,DEMTRADSLBOT,2036,0.6816710436616512
RE1,DEMTRADSLBOT,2037,0.6816710436616512
RE1,DEMTRADSLBOT,2038,0.6816710436616512
RE1,DEMTRADSLBOT,2039,0.6816710436616512
RE1,DEMTRADSLBOT,2040,0.6816710436616512
RE1,DEMTRADSLBOT,2041,0.6816710436616512
RE1,DEMTRADSLBOT,2042,0.6816710436616512
RE1,DEMTRADSLBOT,2043,0.6816710436616512
RE1,DEMTRADSLBOT,2044,0.6816710436616512
RE1,DEMTRADSLBOT,2045,0.6816710436616512
RE1,DEMTRADSLBOT,2046,0.6816710436616512
RE1,DEMTRADSLBOT,2047,0.6816710436616512
RE1,DEMTRADSLBOT,2048,0.6816710436616512
RE1,DEMTRADSLBOT,2049,0.6816710436616512
RE1,DEMTRADSLBOT,2050,0.6816710436616512
RE1,DEMTRADSLBOT,2051,0.6816710436616512
RE1,DEMTRADSLBOT,2052,0.6816710436616512
RE1,DEMTRADSLBOT,2053,0.6816710436616512
RE1,DEMTRADSLBOT,2054,0.6816710436616512
RE1,DEMTRADSLBOT,2055,0.6816710436616512
RE1,DEMTRADSLBUS_ART,2022,0.0
RE1,DEMTRADSLBUS_ART,2023,0.0
RE1,DEMTRADSLBUS_ART,2024,0.0
RE1,DEMTRADSLBUS_ART,2025,0.0
RE1,DEMTRADSLBUS_ART,2026,0.0
RE1,DEMTRADSLBUS_ART,2027,0.0
RE1,DEMTRADSLBUS_ART,2028,0.0
RE1,DEMTRADSLBUS_ART,2029,0.0
RE1,DEMTRADSLBUS_ART,2030,0.0
RE1,DEMTRADSLBUS_ART,2031,0.0
RE1,DEMTRADSLBUS_ART,2032,0.0
RE1,DEMTRADSLBUS_ART,2033,0.0
RE1,DEMTRADSLBUS_ART,2034,0.0
RE1,DEMTRADSLBUS_ART,2035,0.0
RE1,DEMTRADSLBUS_ART,2036,0.0
RE1,DEMTRADSLBUS_ART,2037,0.0
RE1,DEMTRADSLBUS_ART,2038,0.0
RE1,DEMTRADSLBUS_ART,2039,0.0
RE1,DEMTRADSLBUS_ART,2040,0.0
RE1,DEMTRADSLBUS_ART,2041,0.0
RE1,DEMTRADSLBUS_ART,2042,0.0
RE1,DEMTRADSLBUS_ART,2043,0.0
RE1,DEMTRADSLBUS_ART,2044,0.0
RE1,DEMTRADSLBUS_ART,2045,0.0
RE1,DEMTRADSLBUS_ART,2046,0.0
RE1,DEMTRADSLBUS_ART,2047,0.0
RE1,DEMTRADSLBUS_ART,2048,0.0
RE1,DEMTRADSLBUS_ART,2049,0.0
RE1,DEMTRADSLBUS_ART,2050,0.0
RE1,DEMTRADSLBUS_ART,2051,0.0
RE1,DEMTRADSLBUS_ART,2052,0.0
RE1,DEMTRADSLBUS_ART,2053,0.0
RE1,DEMTRADSLBUS_ART,2054,0.0
RE1,DEMTRADSLBUS_ART,2055,0.0
RE1,DEMTRADSLBUS_BIA,2022,0.0
RE1,DEMTRADSLBUS_BIA,2023,0.0
RE1,DEMTRADSLBUS_BIA,2024,0.0
RE1,DEMTRADSLBUS_BIA,2025,0.0
RE1,DEMTRADSLBUS_BIA,2026,0.0
RE1,DEMTRADSLBUS_BIA,2027,0.0
RE1,DEMTRADSLBUS_BIA,2028,0.0
RE1,DEMTRADSLBUS_BIA,2029,0.0
RE1,DEMTRADSLBUS_BIA,2030,0.0
RE1,DEMTRADSLBUS_BIA,2031,0.0
RE1,DEMTRADSLBUS_BIA,2032,0.0
RE1,DEMTRADSLBUS_BIA,2033,0.0
RE1,DEMTRADSLBUS_BIA,2034,0.0
RE1,DEMTRADSLBUS_BIA,2035,0.0
RE1,DEMTRADSLBUS_BIA,2036,0.0
RE1,DEMTRADSLBUS_BIA,2037,0.0
RE1,DEMTRADSLBUS_BIA,2038,0.0
RE1,DEMTRADSLBUS_BIA,2039,0.0
RE1,DEMTRADSLBUS_BIA,2040,0.0
RE1,DEMTRADSLBUS_BIA,2041,0.0
RE1,DEMTRADSLBUS_BIA,2042,0.0
RE1,DEMTRADSLBUS_BIA,2043,0.0
RE1,DEMTRADSLBUS_BIA,2044,0.0
RE1,DEMTRADSLBUS_BIA,2045,0.0
RE1,DEMTRADSLBUS_BIA,2046,0.0
RE1,DEMTRADSLBUS_BIA,2047,0.0
RE1,DEMTRADSLBUS_BIA,2048,0.0
RE1,DEMTRADSLBUS_BIA,2049,0.0
RE1,DEMTRADSLBUS_BIA,2050,0.0
RE1,DEMTRADSLBUS_BIA,2051,0.0
RE1,DEMTRADSLBUS_BIA,2052,0.0
RE1,DEMTRADSLBUS_BIA,2053,0.0
RE1,DEMTRADSLBUS_BIA,2054,0.0
RE1,DEMTRADSLBUS_BIA,2055,0.0
RE1,DEMTRADSLBUS_IMU,2022,12.53462778798282
RE1,DEMTRADSLBUS_IMU,2023,14.95864384451405
RE1,DEMTRADSLBUS_IMU,2024,18.75581056144027
RE1,DEMTRADSLBUS_IMU,2025,18.74411260280505
RE1,DEMTRADSLBUS_IMU,2026,18.72013406159912
RE1,DEMTRADSLBUS_IMU,2027,18.66716163563647
RE1,DEMTRADSLBUS_IMU,2028,18.56473105802387
RE1,DEMTRADSLBUS_IMU,2029,18.38507222819741
RE1,DEMTRADSLBUS_IMU,2030,18.09303069983872
RE1,DEMTRADSLBUS_IMU,2031,17.6471907483865
RE1,DEMTRADSLBUS_IMU,2032,17.0028345225338
RE1,DEMTRADSLBUS_IMU,2033,16.11737272628763
RE1,DEMTRADSLBUS_IMU,2034,14.95859325801912
RE1,DEMTRADSLBUS_IMU,2035,13.51531654244287
RE1,DEMTRADSLBUS_IMU,2036,11.80873173045332
RE1,DEMTRADSLBUS_IMU,2037,9.901019751371924
RE1,DEMTRADSLBUS_IMU,2038,7.896561423068163
RE1,DEMTRADSLBUS_IMU,2039,5.931318935421642
RE1,DEMTRADSLBUS_IMU,2040,4.149097722786231
RE1,DEMTRADSLBUS_IMU,2041,2.669362741879473
RE1,DEMTRADSLBUS_IMU,2042,1.557658295739195
RE1,DEMTRADSLBUS_IMU,2043,0.8118420359802311
RE1,DEMTRADSLBUS_IMU,2044,0.37158904326869
RE1,DEMTRADSLBUS_IMU,2045,0.1466239839217164
RE1,DEMTRADSLBUS_IMU,2046,0.0488794495418332
RE1,DEMTRADSLBUS_IMU,2047,0.0134676909445921
RE1,DEMTRADSLBUS_IMU,2048,0.0029948707397188
RE1,DEMTRADSLBUS_IMU,2049,0.0005238755515031
RE1,DEMTRADSLBUS_IMU,2050,7.01185579163728e-05
RE1,DEMTRADSLBUS_IMU,2051,6.970970437890742e-06
RE1,DEMTRADSLBUS_IMU,2052,4.986418607913369e-07
RE1,DEMTRADSLBUS_IMU,2053,2.480542626314021e-08
RE1,DEMTRADSLBUS_IMU,2054,8.275800967458783e-10
RE1,DEMTRADSLBUS_IMU,2055,8.275800967458783e-10
RE1,DEMTRADSLBUS_URB,2022,0.0
RE1,DEMTRADSLBUS_URB,2023,0.0
RE1,DEMTRADSLBUS_URB,2024,0.0
RE1,DEMTRADSLBUS_URB,2025,0.0
RE1,DEMTRADSLBUS_URB,2026,0.0
RE1,DEMTRADSLBUS_URB,2027,0.0
RE1,DEMTRADSLBUS_URB,2028,0.0
RE1,DEMTRADSLBUS_URB,2029,0.0
RE1,DEMTRADSLBUS_URB,2030,0.0
RE1,DEMTRADSLBUS_URB,2031,0.0
RE1,DEMTRADSLBUS_URB,2032,0.0
RE1,DEMTRADSLBUS_URB,2033,0.0
RE1,DEMTRADSLBUS_URB,2034,0.0
RE1,DEMTRADSLBUS_URB,2035,0.0
RE1,DEMTRADSLBUS_URB,2036,0.0
RE1,DEMTRADSLBUS_URB,2037,0.0
RE1,DEMTRADSLBUS_URB,2038,0.0
RE1,DEMTRADSLBUS_URB,2039,0.0
RE1,DEMTRADSLBUS_URB,2040,0.0
RE1,DEMTRADSLBUS_URB,2041,0.0
RE1,DEMTRADSLBUS_URB,2042,0.0
RE1,DEMTRADSLBUS_URB,2043,0.0
RE1,DEMTRADSLBUS_URB,2044,0.0
RE1,DEMTRADSLBUS_URB,2045,0.0
RE1,DEMTRADSLBUS_URB,2046,0.0
RE1,DEMTRADSLBUS_URB,2047,0.0
RE1,DEMTRADSLBUS_URB,2048,0.0
RE1,DEMTRADSLBUS_URB,2049,0.0
RE1,DEMTRADSLBUS_URB,2050,0.0
RE1,DEMTRADSLBUS_URB,2051,0.0
RE1,DEMTRADSLBUS_URB,2052,0.0
RE1,DEMTRADSLBUS_URB,2053,0.0
RE1,DEMTRADSLBUS_URB,2054,0.0
RE1,DEMTRADSLBUS_URB,2055,0.0
RE1,DEMTRADSLFWD,2022,4.118409049246146
RE1,DEMTRADSLFWD,2023,4.093338776139235
RE1,DEMTRADSLFWD,2024,3.878929382514356
RE1,DEMTRADSLFWD,2025,3.876510102616165
RE1,DEMTRADSLFWD,2026,3.871551049114913
RE1,DEMTRADSLFWD,2027,3.860595708163025
RE1,DEMTRADSLFWD,2028,3.839411820862187
RE1,DEMTRADSLFWD,2029,3.802256193193675
RE1,DEMTRADSLFWD,2030,3.74185845876604
RE1,DEMTRADSLFWD,2031,3.649653342814283
RE1,DEMTRADSLFWD,2032,3.51639265066352
RE1,DEMTRADSLFWD,2033,3.333268398725594
RE1,DEMTRADSLFWD,2034,3.093618733220766
RE1,DEMTRADSLFWD,2035,2.795131582222499
RE1,DEMTRADSLFWD,2036,2.442189119443077
RE1,DEMTRADSLFWD,2037,2.047651116151088
RE1,DEMTRADSLFWD,2038,1.633104793014947
RE1,DEMTRADSLFWD,2039,1.226668781938478
RE1,DEMTRADSLFWD,2040,0.8580837930260606
RE1,DEMTRADSLFWD,2041,0.5520566300318966
RE1,DEMTRADSLFWD,2042,0.3221426507517481
RE1,DEMTRADSLFWD,2043,0.1678987915242718
RE1,DEMTRADSLFWD,2044,0.0768491264844933
RE1,DEMTRADSLFWD,2045,0.0303236203816501
RE1,DEMTRADSLFWD,2046,0.0101088637256093
RE1,DEMTRADSLFWD,2047,0.0027852820302525
RE1,DEMTRADSLFWD,2048,0.0006193756367432
RE1,DEMTRADSLFWD,2049,0.000108343825656
RE1,DEMTRADSLFWD,2050,1.450136925143198e-05
RE1,DEMTRADSLFWD,2051,1.441681337503174e-06
RE1,DEMTRADSLFWD,2052,1.031251919952545e-07
RE1,DEMTRADSLFWD,2053,5.130063372238452e-09
RE1,DEMTRADSLFWD,2054,1.711536136034184e-10
RE1,DEMTRADSLFWD,2055,1.711536136034184e-10
RE1,DEMTRADSLLDV,2022,1.306239091707015
RE1,DEMTRADSLLDV,2023,1.252823325893168
RE1,DEMTRADSLLDV,2024,1.146996021884936
RE1,DEMTRADSLLDV,2025,1.146740386382712
RE1,DEMTRADSLLDV,2026,1.146216062601896
RE1,DEMTRADSLLDV,2027,1.145056215590318
RE1,DEMTRADSLLDV,2028,1.142807453305015
RE1,DEMTRADSLLDV,2029,1.138843882278279
RE1,DEMTRADSLLDV,2030,1.132347491568321
RE1,DEMTRADSLLDV,2031,1.122298610101929
RE1,DEMTRADSLLDV,2032,1.107482766694907
RE1,DEMTRADSLLDV,2033,1.086522219040446
RE1,DEMTRADSLLDV,2034,1.057941802437439
RE1,DEMTRADSLLDV,2035,1.0202786339427
RE1,DEMTRADSLLDV,2036,0.9722422679540556
RE1,DEMTRADSLLDV,2037,0.9129246218161984
RE1,DEMTRADSLLDV,2038,0.8420462009329656
RE1,DEMTRADSLLDV,2039,0.7602069828291123
RE1,DEMTRADSLLDV,2040,0.6690895162839791
RE1,DEMTRADSLLDV,2041,0.5715448835206071
RE1,DEMTRADSLLDV,2042,0.4714894418672795
RE1,DEMTRADSLLDV,2043,0.3735631273145164
RE1,DEMTRADSLLDV,2044,0.2825550608200595
RE1,DEMTRADSLLDV,2045,0.2026825319324853
RE1,DEMTRADSLLDV,2046,0.1368894137149349
RE1,DEMTRADSLLDV,2047,0.0863689473928779
RE1,DEMTRADSLLDV,2048,0.050476579186012
RE1,DEMTRADSLLDV,2049,0.027075849006995
RE1,DEMTRADSLLDV,2050,0.0131990658287962
RE1,DEMTRADSLLDV,2051,0.0057858167480304
RE1,DEMTRADSLLDV,2052,0.0022548048783205
RE1,DEMTRADSLLDV,2053,0.0007717882949485
RE1,DEMTRADSLLDV,2054,0.0002290354929634
RE1,DEMTRADSLLDV,2055,0.0002290354929634
RE1,DEMTRADSLMIC,2022,1.94494266502817
RE1,DEMTRADSLMIC,2023,2.310034208815513
RE1,DEMTRADSLMIC,2024,2.360323788877695
RE1,DEMTRADSLMIC,2025,2.350630481014455
RE1,DEMTRADSLMIC,2026,2.330866610300907
RE1,DEMTRADSLMIC,2027,2.287704260305388
RE1,DEMTRADSLMIC,2028,2.206163964712566
RE1,DEMTRADSLMIC,2029,2.069095521193864
RE1,DEMTRADSLMIC,2030,1.861707580872572
RE1,DEMTRADSLMIC,2031,1.579204495341467
RE1,DEMTRADSLMIC,2032,1.235617641692973
RE1,DEMTRADSLMIC,2033,0.8683145964359879
RE1,DEMTRADSLMIC,2034,0.5308135309866872
RE1,DEMTRADSLMIC,2035,0.2718254287988779
RE1,DEMTRADSLMIC,2036,0.1115860759606881
RE1,DEMTRADSLMIC,2037,0.0349026346491407
RE1,DEMTRADSLMIC,2038,0.007849636693025
RE1,DEMTRADSLMIC,2039,0.0011886332139124
RE1,DEMTRADSLMIC,2040,0.0001125528427102
RE1,DEMTRADSLMIC,2041,6.136331338686823e-06
RE1,DEMTRADSLMIC,2042,1.757352687355838e-07
RE1,DEMTRADSLMIC,2043,2.388757826547548e-09
RE1,DEMTRADSLMIC,2044,1.378527438908881e-11
RE1,DEMTRADSLMIC,2045,2.989153121181234e-14
RE1,DEMTRADSLMIC,2046,2.1316338405470688e-17
RE1,DEMTRADSLMIC,2047,4.3253816109282105e-21
RE1,DEMTRADSLMIC,2048,2.134830111944482e-25
RE1,DEMTRADSLMIC,2049,2.1635330237953462e-30
RE1,DEMTRADSLMIC,2050,3.751495506482452e-36
RE1,DEMTRADSLMIC,2051,9.14957844871649e-43
RE1,DEMTRADSLMIC,2052,2.544455123641605e-50
RE1,DEMTRADSLMIC,2053,6.4467921721165445e-59
RE1,DEMTRADSLMIC,2054,1.171421471636874e-68
RE1,DEMTRADSLMIC,2055,1.171421471636874e-68
RE1,DEMTRADSLSHP,2022,7.038883413953106
RE1,DEMTRADSLSHP,2023,7.269591325241031
RE1,DEMTRADSLSHP,2024,7.51642635523678
RE1,DEMTRADSLSHP,2025,7.78482023701796
RE1,DEMTRADSLSHP,2026,8.100263283070575
RE1,DEMTRADSLSHP,2027,8.382653825907306
RE1,DEMTRADSLSHP,2028,8.653701297050661
RE1,DEMTRADSLSHP,2029,8.930439930986278
RE1,DEMTRADSLSHP,2030,9.209114211756564
RE1,DEMTRADSLSHP,2031,9.489954234153377
RE1,DEMTRADSLSHP,2032,9.778591058791516
RE1,DEMTRADSLSHP,2033,10.07462069603404
RE1,DEMTRADSLSHP,2034,10.37916331941281
RE1,DEMTRADSLSHP,2035,10.69354321868129
RE1,DEMTRADSLSHP,2036,11.01344770073401
RE1,DEMTRADSLSHP,2037,11.34279780296456
RE1,DEMTRADSLSHP,2038,11.68162261776813
RE1,DEMTRADSLSHP,2039,12.0301700472422
RE1,DEMTRADSLSHP,2040,12.38895306286784
RE1,DEMTRADSLSHP,2041,12.75846436784114
RE1,DEMTRADSLSHP,2042,13.13910557542917
RE1,DEMTRADSLSHP,2043,13.53121685137072
RE1,DEMTRADSLSHP,2044,13.93514879002573
RE1,DEMTRADSLSHP,2045,14.35126289584757
RE1,DEMTRADSLSHP,2046,14.77993200177347
RE1,DEMTRADSLSHP,2047,15.22154064040299
RE1,DEMTRADSLSHP,2048,15.67648540924394
RE1,DEMTRADSLSHP,2049,16.14517535187194
RE1,DEMTRADSLSHP,2050,16.62803235811525
RE1,DEMTRADSLSHP,2051,16.62803235811525
RE1,DEMTRADSLSHP,2052,16.62803235811525
RE1,DEMTRADSLSHP,2053,16.62803235811525
RE1,DEMTRADSLSHP,2054,16.62803235811525
RE1,DEMTRADSLSHP,2055,16.62803235811525
RE1,DEMTRADSLSTT,2022,31.32114369441926
RE1,DEMTRADSLSTT,2023,30.30644178612626
RE1,DEMTRADSLSTT,2024,27.96860402840944
RE1,DEMTRADSLSTT,2025,27.67592057047346
RE1,DEMTRADSLSTT,2026,27.60815219801623
RE1,DEMTRADSLSTT,2027,27.55010733785088
RE1,DEMTRADSLSTT,2028,27.49686774824024
RE1,DEMTRADSLSTT,2029,27.44730332631322
RE1,DEMTRADSLSTT,2030,27.4006943867263
RE1,DEMTRADSLSTT,2031,27.35934496343802
RE1,DEMTRADSLSTT,2032,27.32048710295903
RE1,DEMTRADSLSTT,2033,27.2879108827332
RE1,DEMTRADSLSTT,2034,27.2559531960693
RE1,DEMTRADSLSTT,2035,27.22521136360958
RE1,DEMTRADSLSTT,2036,27.19031470302816
RE1,DEMTRADSLSTT,2037,27.1539570355266
RE1,DEMTRADSLSTT,2038,27.11881759054055
RE1,DEMTRADSLSTT,2039,27.08278471021714
RE1,DEMTRADSLSTT,2040,27.04068344219689
RE1,DEMTRADSLSTT,2041,26.98785164173592
RE1,DEMTRADSLSTT,2042,26.94385614717918
RE1,DEMTRADSLSTT,2043,26.8895843192074
RE1,DEMTRADSLSTT,2044,26.84464364962945
RE1,DEMTRADSLSTT,2045,26.80250095336368
RE1,DEMTRADSLSTT,2046,26.7550669828242
RE1,DEMTRADSLSTT,2047,26.70539196806117
RE1,DEMTRADSLSTT,2048,26.65894267172808
RE1,DEMTRADSLSTT,2049,26.60363423865772
RE1,DEMTRADSLSTT,2050,26.52944417171397
RE1,DEMTRADSLSTT,2051,26.4447208704158
RE1,DEMTRADSLSTT,2052,26.35299639607079
RE1,DEMTRADSLSTT,2053,26.24131677355609
RE1,DEMTRADSLSTT,2054,26.09014956001963
RE1,DEMTRADSLSTT,2055,26.09014956001963
RE1,DEMTRADSLTAX,2022,0.1100573834026963
RE1,DEMTRADSLTAX,2023,0.1054049213123888
RE1,DEMTRADSLTAX,2024,0.0962778959298368
RE1,DEMTRADSLTAX,2025,0.0962564380975432
RE1,DEMTRADSLTAX,2026,0.0962124267937202
RE1,DEMTRADSLTAX,2027,0.096115070196361
RE1,DEMTRADSLTAX,2028,0.0959263109529597
RE1,DEMTRADSLTAX,2029,0.0955936120843137
RE1,DEMTRADSLTAX,2030,0.0950483104295921
RE1,DEMTRADSLTAX,2031,0.0942048156435835
RE1,DEMTRADSLTAX,2032,0.0929611860211287
RE1,DEMTRADSLTAX,2033,0.0912017750142864
RE1,DEMTRADSLTAX,2034,0.0888027585200411
RE1,DEMTRADSLTAX,2035,0.0856413433559629
RE1,DEMTRADSLTAX,2036,0.0816092105871832
RE1,DEMTRADSLTAX,2037,0.0766301365078518
RE1,DEMTRADSLTAX,2038,0.0706806605730943
RE1,DEMTRADSLTAX,2039,0.0638111443993298
RE1,DEMTRADSLTAX,2040,0.0561628197373087
RE1,DEMTRADSLTAX,2041,0.0479750040670567
RE1,DEMTRADSLTAX,2042,0.0395764331784828
RE1,DEMTRADSLTAX,2043,0.0313565794550065
RE1,DEMTRADSLTAX,2044,0.0237174377426144
RE1,DEMTRADSLTAX,2045,0.0170130038325008
RE1,DEMTRADSLTAX,2046,0.0114903839909438
RE1,DEMTRADSLTAX,2047,0.0072497378979534
RE1,DEMTRADSLTAX,2048,0.0042369622431459
RE1,DEMTRADSLTAX,2049,0.0022727243365879
RE1,DEMTRADSLTAX,2050,0.0011079186518428
RE1,DEMTRADSLTAX,2051,0.0004856566649817
RE1,DEMTRADSLTAX,2052,0.0001892664536536
RE1,DEMTRADSLTAX,2053,6.478327014492141e-05
RE1,DEMTRADSLTAX,2054,1.922504955120294e-05
RE1,DEMTRADSLTAX,2055,1.922504955120294e-05
RE1,DEMTRADSLTCK_C2P,2022,0.0
RE1,DEMTRADSLTCK_C2P,2023,0.0
RE1,DEMTRADSLTCK_C2P,2024,0.0
RE1,DEMTRADSLTCK_C2P,2025,0.0
RE1,DEMTRADSLTCK_C2P,2026,0.0
RE1,DEMTRADSLTCK_C2P,2027,0.0
RE1,DEMTRADSLTCK_C2P,2028,0.0
RE1,DEMTRADSLTCK_C2P,2029,0.0
RE1,DEMTRADSLTCK_C2P,2030,0.0
RE1,DEMTRADSLTCK_C2P,2031,0.0
RE1,DEMTRADSLTCK_C2P,2032,0.0
RE1,DEMTRADSLTCK_C2P,2033,0.0
RE1,DEMTRADSLTCK_C2P,2034,0.0
RE1,DEMTRADSLTCK_C2P,2035,0.0
RE1,DEMTRADSLTCK_C2P,2036,0.0
RE1,DEMTRADSLTCK_C2P,2037,0.0
RE1,DEMTRADSLTCK_C2P,2038,0.0
RE1,DEMTRADSLTCK_C2P,2039,0.0
RE1,DEMTRADSLTCK_C2P,2040,0.0
RE1,DEMTRADSLTCK_C2P,2041,0.0
RE1,DEMTRADSLTCK_C2P,2042,0.0
RE1,DEMTRADSLTCK_C2P,2043,0.0
RE1,DEMTRADSLTCK_C2P,2044,0.0
RE1,DEMTRADSLTCK_C2P,2045,0.0
RE1,DEMTRADSLTCK_C2P,2046,0.0
RE1,DEMTRADSLTCK_C2P,2047,0.0
RE1,DEMTRADSLTCK_C2P,2048,0.0
RE1,DEMTRADSLTCK_C2P,2049,0.0
RE1,DEMTRADSLTCK_C2P,2050,0.0
RE1,DEMTRADSLTCK_C2P,2051,0.0
RE1,DEMTRADSLTCK_C2P,2052,0.0
RE1,DEMTRADSLTCK_C2P,2053,0.0
RE1,DEMTRADSLTCK_C2P,2054,0.0
RE1,DEMTRADSLTCK_C2P,2055,0.0
RE1,DEMTRADSLTCK_CSG,2022,15.95990673126988
RE1,DEMTRADSLTCK_CSG,2023,15.57031856607391
RE1,DEMTRADSLTCK_CSG,2024,14.488162
RE1,DEMTRADSLTCK_CSG,2025,14.1079491525
RE1,DEMTRADSLTCK_CSG,2026,13.727736305
RE1,DEMTRADSLTCK_CSG,2027,13.3475234575
RE1,DEMTRADSLTCK_CSG,2028,12.96731061
RE1,DEMTRADSLTCK_CSG,2029,12.5870977625
RE1,DEMTRADSLTCK_CSG,2030,12.20688491500001
RE1,DEMTRADSLTCK_CSG,2031,12.18846393284327
RE1,DEMTRADSLTCK_CSG,2032,12.17115292717801
RE1,DEMTRADSLTCK_CSG,2033,12.15664037454646
RE1,DEMTRADSLTCK_CSG,2034,12.14240337229555
RE1,DEMTRADSLTCK_CSG,2035,12.12870802621227
RE1,DEMTRADSLTCK_CSG,2036,12.11316171421239
RE1,DEMTRADSLTCK_CSG,2037,12.09696454760329
RE1,DEMTRADSLTCK_CSG,2038,12.08131008379224
RE1,DEMTRADSLTCK_CSG,2039,12.06525760138029
RE1,DEMTRADSLTCK_CSG,2040,12.04650167256598
RE1,DEMTRADSLTCK_CSG,2041,12.0229653464789
RE1,DEMTRADSLTCK_CSG,2042,12.00336554696011
RE1,DEMTRADSLTCK_CSG,2043,11.97918769871847
RE1,DEMTRADSLTCK_CSG,2044,11.95916682980953
RE1,DEMTRADSLTCK_CSG,2045,11.94039246036382
RE1,DEMTRADSLTCK_CSG,2046,11.91926084245046
RE1,DEMTRADSLTCK_CSG,2047,11.89713083878536
RE1,DEMTRADSLTCK_CSG,2048,11.87643789608119
RE1,DEMTRADSLTCK_CSG,2049,11.85179823462192
RE1,DEMTRADSLTCK_CSG,2050,11.81874690407065
RE1,DEMTRADSLTCK_CSG,2051,11.78100305582312
RE1,DEMTRADSLTCK_CSG,2052,11.74014021151261
RE1,DEMTRADSLTCK_CSG,2053,11.69038745030272
RE1,DEMTRADSLTCK_CSG,2054,11.6230431490925
RE1,DEMTRADSLTCK_CSG,2055,11.6230431490925
RE1,DEMTRAELCBOT,2022,0.0
RE1,DEMTRAELCBOT,2023,0.0088763592943925
RE1,DEMTRAELCBOT,2024,0.0160796814943677
RE1,DEMTRAELCBOT,2025,0.0160796814943677
RE1,DEMTRAELCBOT,2026,0.0160796814943677
RE1,DEMTRAELCBOT,2027,0.0160796814943677
RE1,DEMTRAELCBOT,2028,0.0160796814943677
RE1,DEMTRAELCBOT,2029,0.0160796814943677
RE1,DEMTRAELCBOT,2030,0.0160796814943677
RE1,DEMTRAELCBOT,2031,0.0160796814943677
RE1,DEMTRAELCBOT,2032,0.0160796814943677
RE1,DEMTRAELCBOT,2033,0.0160796814943677
RE1,DEMTRAELCBOT,2034,0.0160796814943677
RE1,DEMTRAELCBOT,2035,0.0160796814943677
RE1,DEMTRAELCBOT,2036,0.0160796814943677
RE1,DEMTRAELCBOT,2037,0.0160796814943677
RE1,DEMTRAELCBOT,2038,0.0160796814943677
RE1,DEMTRAELCBOT,2039,0.0160796814943677
RE1,DEMTRAELCBOT,2040,0.0160796814943677
RE1,DEMTRAELCBOT,2041,0.0160796814943677
RE1,DEMTRAELCBOT,2042,0.0160796814943677
RE1,DEMTRAELCBOT,2043,0.0160796814943677
RE1,DEMTRAELCBOT,2044,0.0160796814943677
RE1,DEMTRAELCBOT,2045,0.0160796814943677
RE1,DEMTRAELCBOT,2046,0.0160796814943677
RE1,DEMTRAELCBOT,2047,0.0160796814943677
RE1,DEMTRAELCBOT,2048,0.0160796814943677
RE1,DEMTRAELCBOT,2049,0.0160796814943677
RE1,DEMTRAELCBOT,2050,0.0160796814943677
RE1,DEMTRAELCBOT,2051,0.0160796814943677
RE1,DEMTRAELCBOT,2052,0.0160796814943677
RE1,DEMTRAELCBOT,2053,0.0160796814943677
RE1,DEMTRAELCBOT,2054,0.0160796814943677
RE1,DEMTRAELCBOT,2055,0.0160796814943677
RE1,DEMTRAELCBUS_ART,2022,0.0
RE1,DEMTRAELCBUS_ART,2023,0.0
RE1,DEMTRAELCBUS_ART,2024,0.0
RE1,DEMTRAELCBUS_ART,2025,0.0
RE1,DEMTRAELCBUS_ART,2026,0.0
RE1,DEMTRAELCBUS_ART,2027,0.0
RE1,DEMTRAELCBUS_ART,2028,0.0
RE1,DEMTRAELCBUS_ART,2029,0.0
RE1,DEMTRAELCBUS_ART,2030,0.0
RE1,DEMTRAELCBUS_ART,2031,0.0
RE1,DEMTRAELCBUS_ART,2032,0.0
RE1,DEMTRAELCBUS_ART,2033,0.0
RE1,DEMTRAELCBUS_ART,2034,0.0
RE1,DEMTRAELCBUS_ART,2035,0.0
RE1,DEMTRAELCBUS_ART,2036,0.0
RE1,DEMTRAELCBUS_ART,2037,0.0
RE1,DEMTRAELCBUS_ART,2038,0.0
RE1,DEMTRAELCBUS_ART,2039,0.0
RE1,DEMTRAELCBUS_ART,2040,0.0
RE1,DEMTRAELCBUS_ART,2041,0.0
RE1,DEMTRAELCBUS_ART,2042,0.0
RE1,DEMTRAELCBUS_ART,2043,0.0
RE1,DEMTRAELCBUS_ART,2044,0.0
RE1,DEMTRAELCBUS_ART,2045,0.0
RE1,DEMTRAELCBUS_ART,2046,0.0
RE1,DEMTRAELCBUS_ART,2047,0.0
RE1,DEMTRAELCBUS_ART,2048,0.0
RE1,DEMTRAELCBUS_ART,2049,0.0
RE1,DEMTRAELCBUS_ART,2050,0.0
RE1,DEMTRAELCBUS_ART,2051,0.0
RE1,DEMTRAELCBUS_ART,2052,0.0
RE1,DEMTRAELCBUS_ART,2053,0.0
RE1,DEMTRAELCBUS_ART,2054,0.0
RE1,DEMTRAELCBUS_ART,2055,0.0
RE1,DEMTRAELCBUS_BIA,2022,0.0
RE1,DEMTRAELCBUS_BIA,2023,0.0
RE1,DEMTRAELCBUS_BIA,2024,0.0
RE1,DEMTRAELCBUS_BIA,2025,0.0
RE1,DEMTRAELCBUS_BIA,2026,0.0
RE1,DEMTRAELCBUS_BIA,2027,0.0
RE1,DEMTRAELCBUS_BIA,2028,0.0
RE1,DEMTRAELCBUS_BIA,2029,0.0
RE1,DEMTRAELCBUS_BIA,2030,0.0
RE1,DEMTRAELCBUS_BIA,2031,0.0
RE1,DEMTRAELCBUS_BIA,2032,0.0
RE1,DEMTRAELCBUS_BIA,2033,0.0
RE1,DEMTRAELCBUS_BIA,2034,0.0
RE1,DEMTRAELCBUS_BIA,2035,0.0
RE1,DEMTRAELCBUS_BIA,2036,0.0
RE1,DEMTRAELCBUS_BIA,2037,0.0
RE1,DEMTRAELCBUS_BIA,2038,0.0
RE1,DEMTRAELCBUS_BIA,2039,0.0
RE1,DEMTRAELCBUS_BIA,2040,0.0
RE1,DEMTRAELCBUS_BIA,2041,0.0
RE1,DEMTRAELCBUS_BIA,2042,0.0
RE1,DEMTRAELCBUS_BIA,2043,0.0
RE1,DEMTRAELCBUS_BIA,2044,0.0
RE1,DEMTRAELCBUS_BIA,2045,0.0
RE1,DEMTRAELCBUS_BIA,2046,0.0
RE1,DEMTRAELCBUS_BIA,2047,0.0
RE1,DEMTRAELCBUS_BIA,2048,0.0
RE1,DEMTRAELCBUS_BIA,2049,0.0
RE1,DEMTRAELCBUS_BIA,2050,0.0
RE1,DEMTRAELCBUS_BIA,2051,0.0
RE1,DEMTRAELCBUS_BIA,2052,0.0
RE1,DEMTRAELCBUS_BIA,2053,0.0
RE1,DEMTRAELCBUS_BIA,2054,0.0
RE1,DEMTRAELCBUS_BIA,2055,0.0
RE1,DEMTRAELCBUS_IMU,2022,0.1352065724963359
RE1,DEMTRAELCBUS_IMU,2023,0.2206617277463084
RE1,DEMTRAELCBUS_IMU,2024,0.2958249191028397
RE1,DEMTRAELCBUS_IMU,2025,0.2956404137381905
RE1,DEMTRAELCBUS_IMU,2026,0.2952622136071317
RE1,DEMTRAELCBUS_IMU,2027,0.294426709133798
RE1,DEMTRAELCBUS_IMU,2028,0.2928111288720631
RE1,DEMTRAELCBUS_IMU,2029,0.2899774705438653
RE1,DEMTRAELCBUS_IMU,2030,0.2853712627119845
RE1,DEMTRAELCBUS_IMU,2031,0.278339278296322
RE1,DEMTRAELCBUS_IMU,2032,0.2681762076168723
RE1,DEMTRAELCBUS_IMU,2033,0.2542103135071451
RE1,DEMTRAELCBUS_IMU,2034,0.2359335324885037
RE1,DEMTRAELCBUS_IMU,2035,0.2131695353671994
RE1,DEMTRAELCBUS_IMU,2036,0.186252526779639
RE1,DEMTRAELCBUS_IMU,2037,0.1561632517768563
RE1,DEMTRAELCBUS_IMU,2038,0.1245480506703498
RE1,DEMTRAELCBUS_IMU,2039,0.0935513791044341
RE1,DEMTRAELCBUS_IMU,2040,0.0654413998356549
RE1,DEMTRAELCBUS_IMU,2041,0.0421023668684351
RE1,DEMTRAELCBUS_IMU,2042,0.0245680738679592
RE1,DEMTRAELCBUS_IMU,2043,0.0128047307703077
RE1,DEMTRAELCBUS_IMU,2044,0.0058608663328288
RE1,DEMTRAELCBUS_IMU,2045,0.0023126181638532
RE1,DEMTRAELCBUS_IMU,2046,0.0007709482434329
RE1,DEMTRAELCBUS_IMU,2047,0.0002124183634258
RE1,DEMTRAELCBUS_IMU,2048,4.723642262212876e-05
RE1,DEMTRAELCBUS_IMU,2049,8.262796328407974e-06
RE1,DEMTRAELCBUS_IMU,2050,1.105940831257037e-06
RE1,DEMTRAELCBUS_IMU,2051,1.099492212880913e-07
RE1,DEMTRAELCBUS_IMU,2052,7.864799425579148e-09
RE1,DEMTRAELCBUS_IMU,2053,3.912421269966919e-10
RE1,DEMTRAELCBUS_IMU,2054,1.3052958408221949e-11
RE1,DEMTRAELCBUS_IMU,2055,1.3052958408221949e-11
RE1,DEMTRAELCBUS_URB,2022,0.0
RE1,DEMTRAELCBUS_URB,2023,0.0
RE1,DEMTRAELCBUS_URB,2024,0.0
RE1,DEMTRAELCBUS_URB,2025,0.0
RE1,DEMTRAELCBUS_URB,2026,0.0
RE1,DEMTRAELCBUS_URB,2027,0.0
RE1,DEMTRAELCBUS_URB,2028,0.0
RE1,DEMTRAELCBUS_URB,2029,0.0
RE1,DEMTRAELCBUS_URB,2030,0.0
RE1,DEMTRAELCBUS_URB,2031,0.0
RE1,DEMTRAELCBUS_URB,2032,0.0
RE1,DEMTRAELCBUS_URB,2033,0.0
RE1,DEMTRAELCBUS_URB,2034,0.0
RE1,DEMTRAELCBUS_URB,2035,0.0
RE1,DEMTRAELCBUS_URB,2036,0.0
RE1,DEMTRAELCBUS_URB,2037,0.0
RE1,DEMTRAELCBUS_URB,2038,0.0
RE1,DEMTRAELCBUS_URB,2039,0.0
RE1,DEMTRAELCBUS_URB,2040,0.0
RE1,DEMTRAELCBUS_URB,2041,0.0
RE1,DEMTRAELCBUS_URB,2042,0.0
RE1,DEMTRAELCBUS_URB,2043,0.0
RE1,DEMTRAELCBUS_URB,2044,0.0
RE1,DEMTRAELCBUS_URB,2045,0.0
RE1,DEMTRAELCBUS_URB,2046,0.0
RE1,DEMTRAELCBUS_URB,2047,0.0
RE1,DEMTRAELCBUS_URB,2048,0.0
RE1,DEMTRAELCBUS_URB,2049,0.0
RE1,DEMTRAELCBUS_URB,2050,0.0
RE1,DEMTRAELCBUS_URB,2051,0.0
RE1,DEMTRAELCBUS_URB,2052,0.0
RE1,DEMTRAELCBUS_URB,2053,0.0
RE1,DEMTRAELCBUS_URB,2054,0.0
RE1,DEMTRAELCBUS_URB,2055,0.0
RE1,DEMTRAELCFWD,2022,0.0072219594644027
RE1,DEMTRAELCFWD,2023,0.006487327692914
RE1,DEMTRAELCFWD,2024,0.0051264728306425
RE1,DEMTRAELCFWD,2025,0.0051232754605837
RE1,DEMTRAELCFWD,2026,0.0051167214735082
RE1,DEMTRAELCFWD,2027,0.005102242669642
RE1,DEMTRAELCFWD,2028,0.0050742456086012
RE1,DEMTRAELCFWD,2029,0.0050251399670789
RE1,DEMTRAELCFWD,2030,0.0049453170793585
RE1,DEMTRAELCFWD,2031,0.0048234569021911
RE1,DEMTRAELCFWD,2032,0.0046473368313327
RE1,DEMTRAELCFWD,2033,0.0044053160545628
RE1,DEMTRAELCFWD,2034,0.004088590128945
RE1,DEMTRAELCFWD,2035,0.0036941033726801
RE1,DEMTRAELCFWD,2036,0.0032276473566529
RE1,DEMTRAELCFWD,2037,0.0027062178189949
RE1,DEMTRAELCFWD,2038,0.002158344874419
RE1,DEMTRAELCFWD,2039,0.0016211906850257
RE1,DEMTRAELCFWD,2040,0.0011340611848188
RE1,DEMTRAELCFWD,2041,0.0007296093936621
RE1,DEMTRAELCFWD,2042,0.0004257503511444
RE1,DEMTRAELCFWD,2043,0.0002218984952205
RE1,DEMTRAELCFWD,2044,0.0001015653857369
RE1,DEMTRAELCFWD,2045,4.007632021196558e-05
RE1,DEMTRAELCFWD,2046,1.336008215865284e-05
RE1,DEMTRAELCFWD,2047,3.681086002269805e-06
RE1,DEMTRAELCFWD,2048,8.185795771481598e-07
RE1,DEMTRAELCFWD,2049,1.431894277574052e-07
RE1,DEMTRAELCFWD,2050,1.9165307780466112e-08
RE1,DEMTRAELCFWD,2051,1.905355699557402e-09
RE1,DEMTRAELCFWD,2052,1.362923742055286e-10
RE1,DEMTRAELCFWD,2053,6.779997237332399e-12
RE1,DEMTRAELCFWD,2054,2.262001350061872e-13
RE1,DEMTRAELCFWD,2055,2.262001350061872e-13
RE1,DEMTRAELCLDV,2022,0.0015091533435333
RE1,DEMTRAELCLDV,2023,0.0014005263729793
RE1,DEMTRAELCLDV,2024,0.0011813399890342
RE1,DEMTRAELCLDV,2025,0.0011810766991573
RE1,DEMTRAELCLDV,2026,0.0011805366757939
RE1,DEMTRAELCLDV,2027,0.001179342100024
RE1,DEMTRAELCLDV,2028,0.001177026004098
RE1,DEMTRAELCLDV,2029,0.0011729437537118
RE1,DEMTRAELCLDV,2030,0.0011662528446035
RE1,DEMTRAELCLDV,2031,0.0011559030741642
RE1,DEMTRAELCLDV,2032,0.0011406436068652
RE1,DEMTRAELCLDV,2033,0.0011190554473042
RE1,DEMTRAELCLDV,2034,0.0010896192606112
RE1,DEMTRAELCLDV,2035,0.0010508283614209
RE1,DEMTRAELCLDV,2036,0.0010013536649202
RE1,DEMTRAELCLDV,2037,0.0009402598981582
RE1,DEMTRAELCLDV,2038,0.0008672591977622
RE1,DEMTRAELCLDV,2039,0.0007829695061044
RE1,DEMTRAELCLDV,2040,0.0006891237517379
RE1,DEMTRAELCLDV,2041,0.0005886583855114
RE1,DEMTRAELCLDV,2042,0.0004856070304148
RE1,DEMTRAELCLDV,2043,0.0003847485538791
RE1,DEMTRAELCLDV,2044,0.0002910154752779
RE1,DEMTRAELCLDV,2045,0.0002087513604947
RE1,DEMTRAELCLDV,2046,0.0001409882296114
RE1,DEMTRAELCLDV,2047,8.895505251912143e-05
RE1,DEMTRAELCLDV,2048,5.198797586419992e-05
RE1,DEMTRAELCLDV,2049,2.788656853094467e-05
RE1,DEMTRAELCLDV,2050,1.359427930345169e-05
RE1,DEMTRAELCLDV,2051,5.95905876154626e-06
RE1,DEMTRAELCLDV,2052,2.322319449593241e-06
RE1,DEMTRAELCLDV,2053,7.94897592053461e-07
RE1,DEMTRAELCLDV,2054,2.358933959519747e-07
RE1,DEMTRAELCLDV,2055,2.358933959519747e-07
RE1,DEMTRAELCMET,2022,0.3733094139480001
RE1,DEMTRAELCMET,2023,0.3608040557159999
RE1,DEMTRAELCMET,2024,0.3633657041160001
RE1,DEMTRAELCMET,2025,0.75577
RE1,DEMTRAELCMET,2026,1.39657
RE1,DEMTRAELCMET,2027,1.90777
RE1,DEMTRAELCMET,2028,2.77897
RE1,DEMTRAELCMET,2029,2.78977
RE1,DEMTRAELCMET,2030,2.81857
RE1,DEMTRAELCMET,2031,2.82217
RE1,DEMTRAELCMET,2032,2.91577
RE1,DEMTRAELCMET,2033,2.90497
RE1,DEMTRAELCMET,2034,2.94457
RE1,DEMTRAELCMET,2035,3.03817
RE1,DEMTRAELCMET,2036,3.12457
RE1,DEMTRAELCMET,2037,3.09937
RE1,DEMTRAELCMET,2038,3.12817
RE1,DEMTRAELCMET,2039,3.12817
RE1,DEMTRAELCMET,2040,3.12817
RE1,DEMTRAELCMET,2041,3.12817
RE1,DEMTRAELCMET,2042,3.12817
RE1,DEMTRAELCMET,2043,3.12817
RE1,DEMTRAELCMET,2044,3.12817
RE1,DEMTRAELCMET,2045,3.12817
RE1,DEMTRAELCMET,2046,3.12817
RE1,DEMTRAELCMET,2047,3.12817
RE1,DEMTRAELCMET,2048,3.12817
RE1,DEMTRAELCMET,2049,3.12817
RE1,DEMTRAELCMET,2050,3.12817
RE1,DEMTRAELCMET,2051,3.12817
RE1,DEMTRAELCMET,2052,3.12817
RE1,DEMTRAELCMET,2053,3.12817
RE1,DEMTRAELCMET,2054,3.12817
RE1,DEMTRAELCMET,2055,3.12817
RE1,DEMTRAELCMIC,2022,0.0004689279462616
RE1,DEMTRAELCMIC,2023,0.0004540322641113
RE1,DEMTRAELCMIC,2024,0.0004052521434046
RE1,DEMTRAELCMIC,2025,0.0004035878658988
RE1,DEMTRAELCMIC,2026,0.0004001945386755
RE1,DEMTRAELCMIC,2027,0.0003927838457305
RE1,DEMTRAELCMIC,2028,0.0003787839107561
RE1,DEMTRAELCMIC,2029,0.000355250156281
RE1,DEMTRAELCMIC,2030,0.0003196430045303
RE1,DEMTRAELCMIC,2031,0.0002711390740656
RE1,DEMTRAELCMIC,2032,0.0002121474604815
RE1,DEMTRAELCMIC,2033,0.0001490839320492
RE1,DEMTRAELCMIC,2034,9.113720846021504e-05
RE1,DEMTRAELCMIC,2035,4.66706467018302e-05
RE1,DEMTRAELCMIC,2036,1.915859877796084e-05
RE1,DEMTRAELCMIC,2037,5.992553889718471e-06
RE1,DEMTRAELCMIC,2038,1.347731234920457e-06
RE1,DEMTRAELCMIC,2039,2.040805418010161e-07
RE1,DEMTRAELCMIC,2040,1.93245863002179e-08
RE1,DEMTRAELCMIC,2041,1.053567921215779e-09
RE1,DEMTRAELCMIC,2042,3.017259524412631e-11
RE1,DEMTRAELCMIC,2043,4.101340815377485e-13
RE1,DEMTRAELCMIC,2044,2.366841371478075e-15
RE1,DEMTRAELCMIC,2045,5.132180233201872e-18
RE1,DEMTRAELCMIC,2046,3.6598757632585555e-21
RE1,DEMTRAELCMIC,2047,7.426397077941701e-25
RE1,DEMTRAELCMIC,2048,3.665363552013674e-29
RE1,DEMTRAELCMIC,2049,3.714644572712315e-34
RE1,DEMTRAELCMIC,2050,6.441072204326044e-40
RE1,DEMTRAELCMIC,2051,1.570922724697233e-46
RE1,DEMTRAELCMIC,2052,4.36866288223544e-54
RE1,DEMTRAELCMIC,2053,1.106872013977736e-62
RE1,DEMTRAELCMIC,2054,2.011253983237651e-72
RE1,DEMTRAELCMIC,2055,2.011253983237651e-72
RE1,DEMTRAELCMOT,2022,0.0061235337579082
RE1,DEMTRAELCMOT,2023,0.005668547650677
RE1,DEMTRAELCMOT,2024,0.0047299666551879
RE1,DEMTRAELCMOT,2025,0.0047105417681501
RE1,DEMTRAELCMOT,2026,0.0046709359946147
RE1,DEMTRAELCMOT,2027,0.004584440880173
RE1,DEMTRAELCMOT,2028,0.0044210383499669
RE1,DEMTRAELCMOT,2029,0.0041463602865686
RE1,DEMTRAELCMOT,2030,0.0037307655927261
RE1,DEMTRAELCMOT,2031,0.0031646440373503
RE1,DEMTRAELCMOT,2032,0.0024761137735889
RE1,DEMTRAELCMOT,2033,0.0017400574898701
RE1,DEMTRAELCMOT,2034,0.0010637228305373
RE1,DEMTRAELCMOT,2035,0.0005447240841741
RE1,DEMTRAELCMOT,2036,0.0002236127182907
RE1,DEMTRAELCMOT,2037,6.994307257613203e-05
RE1,DEMTRAELCMOT,2038,1.573026547811155e-05
RE1,DEMTRAELCMOT,2039,2.381959413173572e-06
RE1,DEMTRAELCMOT,2040,2.255500687976902e-07
RE1,DEMTRAELCMOT,2041,1.229689026308309e-08
RE1,DEMTRAELCMOT,2042,3.521643789621935e-10
RE1,DEMTRAELCMOT,2043,4.786946994361974e-12
RE1,DEMTRAELCMOT,2044,2.7624976073308223e-14
RE1,DEMTRAELCMOT,2045,5.990108076299546e-17
RE1,DEMTRAELCMOT,2046,4.27168384031413e-20
RE1,DEMTRAELCMOT,2047,8.667840779752316e-24
RE1,DEMTRAELCMOT,2048,4.278089002691398e-28
RE1,DEMTRAELCMOT,2049,4.335608151801842e-33
RE1,DEMTRAELCMOT,2050,7.517802742303715e-39
RE1,DEMTRAELCMOT,2051,1.8335281445446552e-45
RE1,DEMTRAELCMOT,2052,5.098956315722052e-53
RE1,DEMTRAELCMOT,2053,1.2919037697593629e-61
RE1,DEMTRAELCMOT,2054,2.347467972878495e-71
RE1,DEMTRAELCMOT,2055,2.347467972878495e-71
RE1,DEMTRAELCSTT,2022,1.563220482868251e-05
RE1,DEMTRAELCSTT,2023,3.834457153435214e-05
RE1,DEMTRAELCSTT,2024,6.34910722189262e-05
RE1,DEMTRAELCSTT,2025,6.282665627073575e-05
RE1,DEMTRAELCSTT,2026,6.267281639279725e-05
RE1,DEMTRAELCSTT,2027,6.254104970165484e-05
RE1,DEMTRAELCSTT,2028,6.242019137689034e-05
RE1,DEMTRAELCSTT,2029,6.230767599039263e-05
RE1,DEMTRAELCSTT,2030,6.220186979619162e-05
RE1,DEMTRAELCSTT,2031,6.210800314422931e-05
RE1,DEMTRAELCSTT,2032,6.201979254839696e-05
RE1,DEMTRAELCSTT,2033,6.194584180173557e-05
RE1,DEMTRAELCSTT,2034,6.187329517803327e-05
RE1,DEMTRAELCSTT,2035,6.180350864514593e-05
RE1,DEMTRAELCSTT,2036,6.172429030464798e-05
RE1,DEMTRAELCSTT,2037,6.164175535614971e-05
RE1,DEMTRAELCSTT,2038,6.156198587473134e-05
RE1,DEMTRAELCSTT,2039,6.148018822031335e-05
RE1,DEMTRAELCSTT,2040,6.138461481787728e-05
RE1,DEMTRAELCSTT,2041,6.126468220861596e-05
RE1,DEMTRAELCSTT,2042,6.116480875338838e-05
RE1,DEMTRAELCSTT,2043,6.104160716114199e-05
RE1,DEMTRAELCSTT,2044,6.093958807950164e-05
RE1,DEMTRAELCSTT,2045,6.084392063148056e-05
RE1,DEMTRAELCSTT,2046,6.073624154795914e-05
RE1,DEMTRAELCSTT,2047,6.062347510646667e-05
RE1,DEMTRAELCSTT,2048,6.051803131581458e-05
RE1,DEMTRAELCSTT,2049,6.039247654322677e-05
RE1,DEMTRAELCSTT,2050,6.022405888128454e-05
RE1,DEMTRAELCSTT,2051,6.003172989568755e-05
RE1,DEMTRAELCSTT,2052,5.982350766125043e-05
RE1,DEMTRAELCSTT,2053,5.956998557014926e-05
RE1,DEMTRAELCSTT,2054,5.922682334217291e-05
RE1,DEMTRAELCSTT,2055,5.922682334217291e-05
RE1,DEMTRAELCTAX,2022,0.0048148229792919
RE1,DEMTRAELCTAX,2023,0.0053182463616955
RE1,DEMTRAELCTAX,2024,0.0045637342669692
RE1,DEMTRAELCTAX,2025,0.0045627171296129
RE1,DEMTRAELCTAX,2026,0.0045606309197571
RE1,DEMTRAELCTAX,2027,0.0045560160532273
RE1,DEMTRAELCTAX,2028,0.0045470685474784
RE1,DEMTRAELCTAX,2029,0.0045312980612962
RE1,DEMTRAELCTAX,2030,0.0045054498453225
RE1,DEMTRAELCTAX,2031,0.0044654667731776
RE1,DEMTRAELCTAX,2032,0.0044065166365071
RE1,DEMTRAELCTAX,2033,0.0043231175943483
RE1,DEMTRAELCTAX,2034,0.0042094001758685
RE1,DEMTRAELCTAX,2035,0.0040595437776051
RE1,DEMTRAELCTAX,2036,0.003868413899785
RE1,DEMTRAELCTAX,2037,0.0036323974104946
RE1,DEMTRAELCTAX,2038,0.0033503822404316
RE1,DEMTRAELCTAX,2039,0.0030247556149541
RE1,DEMTRAELCTAX,2040,0.0026622121566881
RE1,DEMTRAELCTAX,2041,0.0022740959168693
RE1,DEMTRAELCTAX,2042,0.0018759895250794
RE1,DEMTRAELCTAX,2043,0.0014863546276296
RE1,DEMTRAELCTAX,2044,0.0011242464566275
RE1,DEMTRAELCTAX,2045,0.0008064450082191
RE1,DEMTRAELCTAX,2046,0.0005446635352139
RE1,DEMTRAELCTAX,2047,0.0003436497749758
RE1,DEMTRAELCTAX,2048,0.0002008391395569
RE1,DEMTRAELCTAX,2049,0.0001077309577041
RE1,DEMTRAELCTAX,2050,5.251720831243029e-05
RE1,DEMTRAELCTAX,2051,2.302094309969612e-05
RE1,DEMTRAELCTAX,2052,8.971548368241174e-06
RE1,DEMTRAELCTAX,2053,3.070836011021289e-06
RE1,DEMTRAELCTAX,2054,9.112996973359916e-07
RE1,DEMTRAELCTAX,2055,9.112996973359916e-07
RE1,DEMTRAELCTCK_C2P,2022,0.0020203095142431
RE1,DEMTRAELCTCK_C2P,2023,0.0018758929400137
RE1,DEMTRAELCTCK_C2P,2024,0.0016044593722885
RE1,DEMTRAELCTCK_C2P,2025,0.0015876691629265
RE1,DEMTRAELCTCK_C2P,2026,0.0015837815323454
RE1,DEMTRAELCTCK_C2P,2027,0.001580451705093
RE1,DEMTRAELCTCK_C2P,2028,0.0015773975391274
RE1,DEMTRAELCTCK_C2P,2029,0.001574554204465
RE1,DEMTRAELCTCK_C2P,2030,0.0015718804153164
RE1,DEMTRAELCTCK_C2P,2031,0.0015695083459179
RE1,DEMTRAELCTCK_C2P,2032,0.0015672792086192
RE1,DEMTRAELCTCK_C2P,2033,0.0015654104266878
RE1,DEMTRAELCTCK_C2P,2034,0.0015635771278277
RE1,DEMTRAELCTCK_C2P,2035,0.0015618135782004
RE1,DEMTRAELCTCK_C2P,2036,0.001559811680856
RE1,DEMTRAELCTCK_C2P,2037,0.0015577259707391
RE1,DEMTRAELCTCK_C2P,2038,0.0015557101457166
RE1,DEMTRAELCTCK_C2P,2039,0.0015536430674853
RE1,DEMTRAELCTCK_C2P,2040,0.0015512278674277
RE1,DEMTRAELCTCK_C2P,2041,0.0015481970948758
RE1,DEMTRAELCTCK_C2P,2042,0.0015456732297766
RE1,DEMTRAELCTCK_C2P,2043,0.0015425598479664
RE1,DEMTRAELCTCK_C2P,2044,0.0015399817615367
RE1,DEMTRAELCTCK_C2P,2045,0.001537564184888
RE1,DEMTRAELCTCK_C2P,2046,0.001534843066647
RE1,DEMTRAELCTCK_C2P,2047,0.0015319933876668
RE1,DEMTRAELCTCK_C2P,2048,0.0015293287566841
RE1,DEMTRAELCTCK_C2P,2049,0.0015261559085249
RE1,DEMTRAELCTCK_C2P,2050,0.001521899888163
RE1,DEMTRAELCTCK_C2P,2051,0.0015170396135965
RE1,DEMTRAELCTCK_C2P,2052,0.0015117777066246
RE1,DEMTRAELCTCK_C2P,2053,0.0015053710437517
RE1,DEMTRAELCTCK_C2P,2054,0.0014966991181777
RE1,DEMTRAELCTCK_C2P,2055,0.0014966991181777
RE1,DEMTRAELCTCK_CSG,2022,0.0097627077925369
RE1,DEMTRAELCTCK_CSG,2023,0.0089422876539484
RE1,DEMTRAELCTCK_CSG,2024,0.0072648793747076
RE1,DEMTRAELCTCK_CSG,2025,0.0071888544857028
RE1,DEMTRAELCTCK_CSG,2026,0.0071712515674155
RE1,DEMTRAELCTCK_CSG,2027,0.0071561743434327
RE1,DEMTRAELCTCK_CSG,2028,0.0071423452944002
RE1,DEMTRAELCTCK_CSG,2029,0.007129470874704
RE1,DEMTRAELCTCK_CSG,2030,0.0071173641451891
RE1,DEMTRAELCTCK_CSG,2031,0.0071066235815164
RE1,DEMTRAELCTCK_CSG,2032,0.0070965302043549
RE1,DEMTRAELCTCK_CSG,2033,0.0070880684909929
RE1,DEMTRAELCTCK_CSG,2034,0.0070797674424861
RE1,DEMTRAELCTCK_CSG,2035,0.0070717822136076
RE1,DEMTRAELCTCK_CSG,2036,0.0070627177630027
RE1,DEMTRAELCTCK_CSG,2037,0.0070532738140492
RE1,DEMTRAELCTCK_CSG,2038,0.0070441462998959
RE1,DEMTRAELCTCK_CSG,2039,0.0070347867148123
RE1,DEMTRAELCTCK_CSG,2040,0.0070238508585437
RE1,DEMTRAELCTCK_CSG,2041,0.0070101277332455
RE1,DEMTRAELCTCK_CSG,2042,0.0069986998492989
RE1,DEMTRAELCTCK_CSG,2043,0.0069846026750796
RE1,DEMTRAELCTCK_CSG,2044,0.006972929280756
RE1,DEMTRAELCTCK_CSG,2045,0.0069619826634495
RE1,DEMTRAELCTCK_CSG,2046,0.0069496616311276
RE1,DEMTRAELCTCK_CSG,2047,0.006936758484806
RE1,DEMTRAELCTCK_CSG,2048,0.0069246932228231
RE1,DEMTRAELCTCK_CSG,2049,0.0069103267891515
RE1,DEMTRAELCTCK_CSG,2050,0.006891055827805
RE1,DEMTRAELCTCK_CSG,2051,0.00686904884585
RE1,DEMTRAELCTCK_CSG,2052,0.0068452233005655
RE1,DEMTRAELCTCK_CSG,2053,0.0068162143809441
RE1,DEMTRAELCTCK_CSG,2054,0.0067769485108764
RE1,DEMTRAELCTCK_CSG,2055,0.0067769485108764
RE1,DEMTRAFOLSHP,2022,0.2599932869633449
RE1,DEMTRAFOLSHP,2023,0.2685148811788838
RE1,DEMTRAFOLSHP,2024,0.2776321583110887
RE1,DEMTRAFOLSHP,2025,0.2776321583110887
RE1,DEMTRAFOLSHP,2026,0.2776321583110887
RE1,DEMTRAFOLSHP,2027,0.2776321583110887
RE1,DEMTRAFOLSHP,2028,0.2776321583110887
RE1,DEMTRAFOLSHP,2029,0.2776321583110887
RE1,DEMTRAFOLSHP,2030,0.2776321583110887
RE1,DEMTRAFOLSHP,2031,0.2776321583110887
RE1,DEMTRAFOLSHP,2032,0.2776321583110887
RE1,DEMTRAFOLSHP,2033,0.2776321583110887
RE1,DEMTRAFOLSHP,2034,0.2776321583110887
RE1,DEMTRAFOLSHP,2035,0.2776321583110887
RE1,DEMTRAFOLSHP,2036,0.2776321583110887
RE1,DEMTRAFOLSHP,2037,0.2776321583110887
RE1,DEMTRAFOLSHP,2038,0.2776321583110887
RE1,DEMTRAFOLSHP,2039,0.2776321583110887
RE1,DEMTRAFOLSHP,2040,0.2776321583110887
RE1,DEMTRAFOLSHP,2041,0.2776321583110887
RE1,DEMTRAFOLSHP,2042,0.2776321583110887
RE1,DEMTRAFOLSHP,2043,0.2776321583110887
RE1,DEMTRAFOLSHP,2044,0.2776321583110887
RE1,DEMTRAFOLSHP,2045,0.2776321583110887
RE1,DEMTRAFOLSHP,2046,0.2776321583110887
RE1,DEMTRAFOLSHP,2047,0.2776321583110887
RE1,DEMTRAFOLSHP,2048,0.2776321583110887
RE1,DEMTRAFOLSHP,2049,0.2776321583110887
RE1,DEMTRAFOLSHP,2050,0.2776321583110887
RE1,DEMTRAFOLSHP,2051,0.2776321583110887
RE1,DEMTRAFOLSHP,2052,0.2776321583110887
RE1,DEMTRAFOLSHP,2053,0.2776321583110887
RE1,DEMTRAFOLSHP,2054,0.2776321583110887
RE1,DEMTRAFOLSHP,2055,0.2776321583110887
RE1,DEMTRAGSLBOT,2022,1.42522253942867
RE1,DEMTRAGSLBOT,2023,1.423521640776091
RE1,DEMTRAGSLBOT,2024,1.417440210698723
RE1,DEMTRAGSLBOT,2025,1.395471433525275
RE1,DEMTRAGSLBOT,2026,1.39577965110621
RE1,DEMTRAGSLBOT,2027,1.40211658302918
RE1,DEMTRAGSLBOT,2028,1.404473481741512
RE1,DEMTRAGSLBOT,2029,1.406261741951479
RE1,DEMTRAGSLBOT,2030,1.395744328262387
RE1,DEMTRAGSLBOT,2031,1.393493421003443
RE1,DEMTRAGSLBOT,2032,1.391014225015607
RE1,DEMTRAGSLBOT,2033,1.386228228093011
RE1,DEMTRAGSLBOT,2034,1.381627029591333
RE1,DEMTRAGSLBOT,2035,1.376152175915008
RE1,DEMTRAGSLBOT,2036,1.379553123098296
RE1,DEMTRAGSLBOT,2037,1.372735504800524
RE1,DEMTRAGSLBOT,2038,1.373185924259939
RE1,DEMTRAGSLBOT,2039,1.365152822642902
RE1,DEMTRAGSLBOT,2040,1.351368673109612
RE1,DEMTRAGSLBOT,2041,1.351434746874561
RE1,DEMTRAGSLBOT,2042,1.34478527594441
RE1,DEMTRAGSLBOT,2043,0.0447510750305906
RE1,DEMTRAGSLBOT,2044,0.0443555490428118
RE1,DEMTRAGSLBOT,2045,0.0439437485124357
RE1,DEMTRAGSLBOT,2046,0.0442927889583248
RE1,DEMTRAGSLBOT,2047,0.0436567280560619
RE1,DEMTRAGSLBOT,2048,0.0431415442685216
RE1,DEMTRAGSLBOT,2049,0.0434347666308652
RE1,DEMTRAGSLBOT,2050,0.0429005104381671
RE1,DEMTRAGSLBOT,2051,0.0429005104381671
RE1,DEMTRAGSLBOT,2052,0.0429005104381671
RE1,DEMTRAGSLBOT,2053,0.0429005104381671
RE1,DEMTRAGSLBOT,2054,0.0429005104381671
RE1,DEMTRAGSLBOT,2055,0.0429005104381671
RE1,DEMTRAGSLBUS_IMU,2022,2.593244521256043
RE1,DEMTRAGSLBUS_IMU,2023,3.34925532783791
RE1,DEMTRAGSLBUS_IMU,2024,3.060775058322959
RE1,DEMTRAGSLBUS_IMU,2025,3.058866059513941
RE1,DEMTRAGSLBUS_IMU,2026,3.054952983050641
RE1,DEMTRAGSLBUS_IMU,2027,3.046308372377366
RE1,DEMTRAGSLBUS_IMU,2028,3.029592648141443
RE1,DEMTRAGSLBUS_IMU,2029,3.00027398641051
RE1,DEMTRAGSLBUS_IMU,2030,2.952615506225575
RE1,DEMTRAGSLBUS_IMU,2031,2.879858543846442
RE1,DEMTRAGSLBUS_IMU,2032,2.774705558945872
RE1,DEMTRAGSLBUS_IMU,2033,2.630206371764915
RE1,DEMTRAGSLBUS_IMU,2034,2.441104264822935
RE1,DEMTRAGSLBUS_IMU,2035,2.205574834685908
RE1,DEMTRAGSLBUS_IMU,2036,1.927075955080607
RE1,DEMTRAGSLBUS_IMU,2037,1.615754979380376
RE1,DEMTRAGSLBUS_IMU,2038,1.288645893018995
RE1,DEMTRAGSLBUS_IMU,2039,0.9679364696624
RE1,DEMTRAGSLBUS_IMU,2040,0.6770944280359316
RE1,DEMTRAGSLBUS_IMU,2041,0.4356153457189681
RE1,DEMTRAGSLBUS_IMU,2042,0.2541954476118502
RE1,DEMTRAGSLBUS_IMU,2043,0.1324851222444639
RE1,DEMTRAGSLBUS_IMU,2044,0.0606398999316593
RE1,DEMTRAGSLBUS_IMU,2045,0.0239276799831931
RE1,DEMTRAGSLBUS_IMU,2046,0.0079766747233935
RE1,DEMTRAGSLBUS_IMU,2047,0.0021978027769781
RE1,DEMTRAGSLBUS_IMU,2048,0.0004887352446328
RE1,DEMTRAGSLBUS_IMU,2049,8.549165158463785e-05
RE1,DEMTRAGSLBUS_IMU,2050,1.14427010495209e-05
RE1,DEMTRAGSLBUS_IMU,2051,1.137597992830453e-06
RE1,DEMTRAGSLBUS_IMU,2052,8.137374631430877e-08
RE1,DEMTRAGSLBUS_IMU,2053,4.04801646767425e-09
RE1,DEMTRAGSLBUS_IMU,2054,1.3505342840750958e-10
RE1,DEMTRAGSLBUS_IMU,2055,1.3505342840750958e-10
RE1,DEMTRAGSLFWD,2022,13.59454790028225
RE1,DEMTRAGSLFWD,2023,12.68856283062335
RE1,DEMTRAGSLFWD,2024,11.55501107873322
RE1,DEMTRAGSLFWD,2025,11.54780424322026
RE1,DEMTRAGSLFWD,2026,11.53303163137399
RE1,DEMTRAGSLFWD,2027,11.50039657319505
RE1,DEMTRAGSLFWD,2028,11.43729151808493
RE1,DEMTRAGSLFWD,2029,11.32660796419444
RE1,DEMTRAGSLFWD,2030,11.14668808898667
RE1,DEMTRAGSLFWD,2031,10.87201664455635
RE1,DEMTRAGSLFWD,2032,10.47504402084656
RE1,DEMTRAGSLFWD,2033,9.929531960362528
RE1,DEMTRAGSLFWD,2034,9.215635349507494
RE1,DEMTRAGSLFWD,2035,8.326466716484122
RE1,DEMTRAGSLFWD,2036,7.275080195771531
RE1,DEMTRAGSLFWD,2037,6.099783986572408
RE1,DEMTRAGSLFWD,2038,4.864884640871701
RE1,DEMTRAGSLFWD,2039,3.654145246657591
RE1,DEMTRAGSLFWD,2040,2.55616092924859
RE1,DEMTRAGSLFWD,2041,1.644531221646462
RE1,DEMTRAGSLFWD,2042,0.9596364180149288
RE1,DEMTRAGSLFWD,2043,0.5001566682070681
RE1,DEMTRAGSLFWD,2044,0.228927216855824
RE1,DEMTRAGSLFWD,2045,0.0903315670135097
RE1,DEMTRAGSLFWD,2046,0.0301134722558689
RE1,DEMTRAGSLFWD,2047,0.0082971257125859
RE1,DEMTRAGSLFWD,2048,0.001845068996803
RE1,DEMTRAGSLFWD,2049,0.0003227473311093
RE1,DEMTRAGSLFWD,2050,4.319838435637662e-05
RE1,DEMTRAGSLFWD,2051,4.294649936641493e-06
RE1,DEMTRAGSLFWD,2052,3.072014513523426e-07
RE1,DEMTRAGSLFWD,2053,1.5282036163905192e-08
RE1,DEMTRAGSLFWD,2054,5.09852515043925e-10
RE1,DEMTRAGSLFWD,2055,5.09852515043925e-10
RE1,DEMTRAGSLLDV,2022,15.0460883620033
RE1,DEMTRAGSLLDV,2023,14.6180063190902
RE1,DEMTRAGSLLDV,2024,13.36950891070531
RE1,DEMTRAGSLLDV,2025,13.36652919581558
RE1,DEMTRAGSLLDV,2026,13.36041762147185
RE1,DEMTRAGSLLDV,2027,13.34689832004405
RE1,DEMTRAGSLLDV,2028,13.32068650514864
RE1,DEMTRAGSLLDV,2029,13.27448669525472
RE1,DEMTRAGSLLDV,2030,13.19876406690465
RE1,DEMTRAGSLLDV,2031,13.08163322447439
RE1,DEMTRAGSLLDV,2032,12.90893816130906
RE1,DEMTRAGSLLDV,2033,12.66461976500018
RE1,DEMTRAGSLLDV,2034,12.33148335724034
RE1,DEMTRAGSLLDV,2035,11.8924774172125
RE1,DEMTRAGSLLDV,2036,11.33256037228005
RE1,DEMTRAGSLLDV,2037,10.64114751341165
RE1,DEMTRAGSLLDV,2038,9.81498102155422
RE1,DEMTRAGSLLDV,2039,8.86105429922215
RE1,DEMTRAGSLLDV,2040,7.798979315828478
RE1,DEMTRAGSLLDV,2041,6.661988592200488
RE1,DEMTRAGSLLDV,2042,5.495731610288382
RE1,DEMTRAGSLLDV,2043,4.354291962699929
RE1,DEMTRAGSLLDV,2044,3.293492158055304
RE1,DEMTRAGSLLDV,2045,2.362489376608765
RE1,DEMTRAGSLLDV,2046,1.595597719193
RE1,DEMTRAGSLLDV,2047,1.006725733782151
RE1,DEMTRAGSLLDV,2048,0.5883604322361017
RE1,DEMTRAGSLLDV,2049,0.3155990061491651
RE1,DEMTRAGSLLDV,2050,0.1538497299415913
RE1,DEMTRAGSLLDV,2051,0.0674401018770582
RE1,DEMTRAGSLLDV,2052,0.0262822480090803
RE1,DEMTRAGSLLDV,2053,0.0089960473180505
RE1,DEMTRAGSLLDV,2054,0.0026696623228126
RE1,DEMTRAGSLLDV,2055,0.0026696623228126
RE1,DEMTRAGSLMIC,2022,0.8541259736104762
RE1,DEMTRAGSLMIC,2023,0.8538855193142386
RE1,DEMTRAGSLMIC,2024,0.7644570423048325
RE1,DEMTRAGSLMIC,2025,0.7613175927538002
RE1,DEMTRAGSLMIC,2026,0.7549165090459766
RE1,DEMTRAGSLMIC,2027,0.7409371717313322
RE1,DEMTRAGSLMIC,2028,0.7145280606206954
RE1,DEMTRAGSLMIC,2029,0.6701346017997525
RE1,DEMTRAGSLMIC,2030,0.602966202186626
RE1,DEMTRAGSLMIC,2031,0.5114696565750662
RE1,DEMTRAGSLMIC,2032,0.4001894198750659
RE1,DEMTRAGSLMIC,2033,0.2812280295226754
RE1,DEMTRAGSLMIC,2034,0.1719188459759637
RE1,DEMTRAGSLMIC,2035,0.0880382870782482
RE1,DEMTRAGSLMIC,2036,0.0361402795638773
RE1,DEMTRAGSLMIC,2037,0.0113041968980091
RE1,DEMTRAGSLMIC,2038,0.0025423249461764
RE1,DEMTRAGSLMIC,2039,0.000384972195499
RE1,DEMTRAGSLMIC,2040,3.645339408378604e-05
RE1,DEMTRAGSLMIC,2041,1.98742296623866e-06
RE1,DEMTRAGSLMIC,2042,5.691679438189592e-08
RE1,DEMTRAGSLMIC,2043,7.736662026921942e-10
RE1,DEMTRAGSLMIC,2044,4.464747648819061e-12
RE1,DEMTRAGSLMIC,2045,9.681210538919288e-15
RE1,DEMTRAGSLMIC,2046,6.9038939009140395e-18
RE1,DEMTRAGSLMIC,2047,1.400896118028842e-21
RE1,DEMTRAGSLMIC,2048,6.914245922066321e-26
RE1,DEMTRAGSLMIC,2049,7.007208350367231e-31
RE1,DEMTRAGSLMIC,2050,1.215027011386889e-36
RE1,DEMTRAGSLMIC,2051,2.963347534012537e-43
RE1,DEMTRAGSLMIC,2052,8.24093138094974e-51
RE1,DEMTRAGSLMIC,2053,2.087974412440043e-59
RE1,DEMTRAGSLMIC,2054,3.793976901472907e-69
RE1,DEMTRAGSLMIC,2055,3.793976901472907e-69
RE1,DEMTRAGSLMOT,2022,17.174014496274
RE1,DEMTRAGSLMOT,2023,16.35863761921883
RE1,DEMTRAGSLMOT,2024,15.16743701875664
RE1,DEMTRAGSLMOT,2025,15.1051478374113
RE1,DEMTRAGSLMOT,2026,14.97814523475689
RE1,DEMTRAGSLMOT,2027,14.70078404040573
RE1,DEMTRAGSLMOT,2028,14.17680622697066
RE1,DEMTRAGSLMOT,2029,13.29600462079889
RE1,DEMTRAGSLMOT,2030,11.96333003687304
RE1,DEMTRAGSLMOT,2031,10.14796564594139
RE1,DEMTRAGSLMOT,2032,7.940077055510235
RE1,DEMTRAGSLMOT,2033,5.579788254463239
RE1,DEMTRAGSLMOT,2034,3.411006929592737
RE1,DEMTRAGSLMOT,2035,1.746749785275809
RE1,DEMTRAGSLMOT,2036,0.7170519516344332
RE1,DEMTRAGSLMOT,2037,0.2242842763031387
RE1,DEMTRAGSLMOT,2038,0.0504417532554673
RE1,DEMTRAGSLMOT,2039,0.0076381551952207
RE1,DEMTRAGSLMOT,2040,0.0007232643932728
RE1,DEMTRAGSLMOT,2041,3.943205569690495e-05
RE1,DEMTRAGSLMOT,2042,1.129274565244555e-06
RE1,DEMTRAGSLMOT,2043,1.5350154100869992e-08
RE1,DEMTRAGSLMOT,2044,8.858415191510729e-11
RE1,DEMTRAGSLMOT,2045,1.920829333609935e-13
RE1,DEMTRAGSLMOT,2046,1.369787576429131e-16
RE1,DEMTRAGSLMOT,2047,2.779489554568109e-20
RE1,DEMTRAGSLMOT,2048,1.37184149993503e-24
RE1,DEMTRAGSLMOT,2049,1.39028598665352e-29
RE1,DEMTRAGSLMOT,2050,2.4107104325621626e-35
RE1,DEMTRAGSLMOT,2051,5.87951769681e-42
RE1,DEMTRAGSLMOT,2052,1.635066469132064e-49
RE1,DEMTRAGSLMOT,2053,4.142707653261623e-58
RE1,DEMTRAGSLMOT,2054,7.527552565963721e-68
RE1,DEMTRAGSLMOT,2055,7.527552565963721e-68
RE1,DEMTRAGSLSTT,2022,0.4681444595235179
RE1,DEMTRAGSLSTT,2023,0.4837667909408978
RE1,DEMTRAGSLSTT,2024,0.4983585629043221
RE1,DEMTRAGSLSTT,2025,0.4931433827925552
RE1,DEMTRAGSLSTT,2026,0.4919358520672518
RE1,DEMTRAGSLSTT,2027,0.4909015797429483
RE1,DEMTRAGSLSTT,2028,0.4899529301306537
RE1,DEMTRAGSLSTT,2029,0.4890697664926814
RE1,DEMTRAGSLSTT,2030,0.4882392651159435
RE1,DEMTRAGSLSTT,2031,0.4875024804288731
RE1,DEMTRAGSLSTT,2032,0.4868100916530094
RE1,DEMTRAGSLSTT,2033,0.4862296322822052
RE1,DEMTRAGSLSTT,2034,0.485660194251498
RE1,DEMTRAGSLSTT,2035,0.4851124209185814
RE1,DEMTRAGSLSTT,2036,0.4844906147819628
RE1,DEMTRAGSLSTT,2037,0.4838427756939545
RE1,DEMTRAGSLSTT,2038,0.4832166435034914
RE1,DEMTRAGSLSTT,2039,0.4825745916357243
RE1,DEMTRAGSLSTT,2040,0.4818244102035116
RE1,DEMTRAGSLSTT,2041,0.480883026782064
RE1,DEMTRAGSLSTT,2042,0.480099093074851
RE1,DEMTRAGSLSTT,2043,0.4791320505236129
RE1,DEMTRAGSLSTT,2044,0.4783312752155539
RE1,DEMTRAGSLSTT,2045,0.4775803555941603
RE1,DEMTRAGSLSTT,2046,0.4767351534036294
RE1,DEMTRAGSLSTT,2047,0.4758500191672404
RE1,DEMTRAGSLSTT,2048,0.4750223623937753
RE1,DEMTRAGSLSTT,2049,0.4740368490948836
RE1,DEMTRAGSLSTT,2050,0.4727148934082034
RE1,DEMTRAGSLSTT,2051,0.4712052512881827
RE1,DEMTRAGSLSTT,2052,0.4695708587682235
RE1,DEMTRAGSLSTT,2053,0.4675808954462933
RE1,DEMTRAGSLSTT,2054,0.4648873224950027
RE1,DEMTRAGSLSTT,2055,0.4648873224950027
RE1,DEMTRAGSLTAX,2022,10.21925762300648
RE1,DEMTRAGSLTAX,2023,10.01566536024276
RE1,DEMTRAGSLTAX,2024,9.068919456642154
RE1,DEMTRAGSLTAX,2025,9.066898230992116
RE1,DEMTRAGSLTAX,2026,9.062752575691928
RE1,DEMTRAGSLTAX,2027,9.0535820476959
RE1,DEMTRAGSLTAX,2028,9.03580182557357
RE1,DEMTRAGSLTAX,2029,9.004463175991262
RE1,DEMTRAGSLTAX,2030,8.953098356076136
RE1,DEMTRAGSLTAX,2031,8.873645162770122
RE1,DEMTRAGSLTAX,2032,8.756501172750266
RE1,DEMTRAGSLTAX,2033,8.590773031746746
RE1,DEMTRAGSLTAX,2034,8.364797098731739
RE1,DEMTRAGSLTAX,2035,8.06700684048881
RE1,DEMTRAGSLTAX,2036,7.687199129015769
RE1,DEMTRAGSLTAX,2037,7.218194054091636
RE1,DEMTRAGSLTAX,2038,6.657781744075354
RE1,DEMTRAGSLTAX,2039,6.010706023482426
RE1,DEMTRAGSLTAX,2040,5.290270250886525
RE1,DEMTRAGSLTAX,2041,4.519016993612803
RE1,DEMTRAGSLTAX,2042,3.727911598093119
RE1,DEMTRAGSLTAX,2043,2.953640508725815
RE1,DEMTRAGSLTAX,2044,2.234069726268682
RE1,DEMTRAGSLTAX,2045,1.60254396902207
RE1,DEMTRAGSLTAX,2046,1.08233947089683
RE1,DEMTRAGSLTAX,2047,0.6828907969303751
RE1,DEMTRAGSLTAX,2048,0.3991016728484218
RE1,DEMTRAGSLTAX,2049,0.2140798129893388
RE1,DEMTRAGSLTAX,2050,0.1043606626530033
RE1,DEMTRAGSLTAX,2051,0.0457465458272032
RE1,DEMTRAGSLTAX,2052,0.017827998913482
RE1,DEMTRAGSLTAX,2053,0.0061022756408214
RE1,DEMTRAGSLTAX,2054,0.0018109081450728
RE1,DEMTRAGSLTAX,2055,0.0018109081450728
RE1,DEMTRAGSLTCK_C2P,2022,3.410332115045206
RE1,DEMTRAGSLTCK_C2P,2023,3.244476276721759
RE1,DEMTRAGSLTCK_C2P,2024,2.991648098676389
RE1,DEMTRAGSLTCK_C2P,2025,2.960341355245118
RE1,DEMTRAGSLTCK_C2P,2026,2.9530925443139
RE1,DEMTRAGSLTCK_C2P,2027,2.946883804135977
RE1,DEMTRAGSLTCK_C2P,2028,2.941189057380965
RE1,DEMTRAGSLTCK_C2P,2029,2.935887423146044
RE1,DEMTRAGSLTCK_C2P,2030,2.9309019206392
RE1,DEMTRAGSLTCK_C2P,2031,2.926478999729881
RE1,DEMTRAGSLTCK_C2P,2032,2.922322587622129
RE1,DEMTRAGSLTCK_C2P,2033,2.918838088102536
RE1,DEMTRAGSLTCK_C2P,2034,2.915419749723937
RE1,DEMTRAGSLTCK_C2P,2035,2.912131464597711
RE1,DEMTRAGSLTCK_C2P,2036,2.908398760306408
RE1,DEMTRAGSLTCK_C2P,2037,2.904509780121953
RE1,DEMTRAGSLTCK_C2P,2038,2.900751106515138
RE1,DEMTRAGSLTCK_C2P,2039,2.896896867032901
RE1,DEMTRAGSLTCK_C2P,2040,2.892393525418256
RE1,DEMTRAGSLTCK_C2P,2041,2.886742397630892
RE1,DEMTRAGSLTCK_C2P,2042,2.882036440997973
RE1,DEMTRAGSLTCK_C2P,2043,2.876231281369751
RE1,DEMTRAGSLTCK_C2P,2044,2.871424224551342
RE1,DEMTRAGSLTCK_C2P,2045,2.866916451584607
RE1,DEMTRAGSLTCK_C2P,2046,2.861842700044024
RE1,DEMTRAGSLTCK_C2P,2047,2.856529236300299
RE1,DEMTRAGSLTCK_C2P,2048,2.851560809956296
RE1,DEMTRAGSLTCK_C2P,2049,2.84564477036892
RE1,DEMTRAGSLTCK_C2P,2050,2.83770906601673
RE1,DEMTRAGSLTCK_C2P,2051,2.828646679385463
RE1,DEMTRAGSLTCK_C2P,2052,2.818835415691443
RE1,DEMTRAGSLTCK_C2P,2053,2.80688965929911
RE1,DEMTRAGSLTCK_C2P,2054,2.790720131978433
RE1,DEMTRAGSLTCK_C2P,2055,2.790720131978433
RE1,DEMTRAHDGBUS_IMU,2022,0.0
RE1,DEMTRAHDGBUS_IMU,2023,0.0
RE1,DEMTRAHDGBUS_IMU,2024,0.0
RE1,DEMTRAHDGBUS_IMU,2025,0.0
RE1,DEMTRAHDGBUS_IMU,2026,0.0
RE1,DEMTRAHDGBUS_IMU,2027,0.0
RE1,DEMTRAHDGBUS_IMU,2028,0.0
RE1,DEMTRAHDGBUS_IMU,2029,0.0
RE1,DEMTRAHDGBUS_IMU,2030,0.0
RE1,DEMTRAHDGBUS_IMU,2031,0.0
RE1,DEMTRAHDGBUS_IMU,2032,0.0
RE1,DEMTRAHDGBUS_IMU,2033,0.0
RE1,DEMTRAHDGBUS_IMU,2034,0.0
RE1,DEMTRAHDGBUS_IMU,2035,0.0
RE1,DEMTRAHDGBUS_IMU,2036,0.0
RE1,DEMTRAHDGBUS_IMU,2037,0.0
RE1,DEMTRAHDGBUS_IMU,2038,0.0
RE1,DEMTRAHDGBUS_IMU,2039,0.0
RE1,DEMTRAHDGBUS_IMU,2040,0.0
RE1,DEMTRAHDGBUS_IMU,2041,0.0
RE1,DEMTRAHDGBUS_IMU,2042,0.0
RE1,DEMTRAHDGBUS_IMU,2043,0.0
RE1,DEMTRAHDGBUS_IMU,2044,0.0
RE1,DEMTRAHDGBUS_IMU,2045,0.0
RE1,DEMTRAHDGBUS_IMU,2046,0.0
RE1,DEMTRAHDGBUS_IMU,2047,0.0
RE1,DEMTRAHDGBUS_IMU,2048,0.0
RE1,DEMTRAHDGBUS_IMU,2049,0.0
RE1,DEMTRAHDGBUS_IMU,2050,0.0
RE1,DEMTRAHDGBUS_IMU,2051,0.0
RE1,DEMTRAHDGBUS_IMU,2052,0.0
RE1,DEMTRAHDGBUS_IMU,2053,0.0
RE1,DEMTRAHDGBUS_IMU,2054,0.0
RE1,DEMTRAHDGBUS_IMU,2055,0.0
RE1,DEMTRAHDGBUS_URB,2022,0.0
RE1,DEMTRAHDGBUS_URB,2023,0.0
RE1,DEMTRAHDGBUS_URB,2024,0.0
RE1,DEMTRAHDGBUS_URB,2025,0.0
RE1,DEMTRAHDGBUS_URB,2026,0.0
RE1,DEMTRAHDGBUS_URB,2027,0.0
RE1,DEMTRAHDGBUS_URB,2028,0.0
RE1,DEMTRAHDGBUS_URB,2029,0.0
RE1,DEMTRAHDGBUS_URB,2030,0.0
RE1,DEMTRAHDGBUS_URB,2031,0.0
RE1,DEMTRAHDGBUS_URB,2032,0.0
RE1,DEMTRAHDGBUS_URB,2033,0.0
RE1,DEMTRAHDGBUS_URB,2034,0.0
RE1,DEMTRAHDGBUS_URB,2035,0.0
RE1,DEMTRAHDGBUS_URB,2036,0.0
RE1,DEMTRAHDGBUS_URB,2037,0.0
RE1,DEMTRAHDGBUS_URB,2038,0.0
RE1,DEMTRAHDGBUS_URB,2039,0.0
RE1,DEMTRAHDGBUS_URB,2040,0.0
RE1,DEMTRAHDGBUS_URB,2041,0.0
RE1,DEMTRAHDGBUS_URB,2042,0.0
RE1,DEMTRAHDGBUS_URB,2043,0.0
RE1,DEMTRAHDGBUS_URB,2044,0.0
RE1,DEMTRAHDGBUS_URB,2045,0.0
RE1,DEMTRAHDGBUS_URB,2046,0.0
RE1,DEMTRAHDGBUS_URB,2047,0.0
RE1,DEMTRAHDGBUS_URB,2048,0.0
RE1,DEMTRAHDGBUS_URB,2049,0.0
RE1,DEMTRAHDGBUS_URB,2050,0.0
RE1,DEMTRAHDGBUS_URB,2051,0.0
RE1,DEMTRAHDGBUS_URB,2052,0.0
RE1,DEMTRAHDGBUS_URB,2053,0.0
RE1,DEMTRAHDGBUS_URB,2054,0.0
RE1,DEMTRAHDGBUS_URB,2055,0.0
RE1,DEMTRAHDGFWD,2022,0.0
RE1,DEMTRAHDGFWD,2023,0.0
RE1,DEMTRAHDGFWD,2024,0.0
RE1,DEMTRAHDGFWD,2025,0.0
RE1,DEMTRAHDGFWD,2026,0.0
RE1,DEMTRAHDGFWD,2027,0.0
RE1,DEMTRAHDGFWD,2028,0.0
RE1,DEMTRAHDGFWD,2029,0.0
RE1,DEMTRAHDGFWD,2030,0.0
RE1,DEMTRAHDGFWD,2031,0.0
RE1,DEMTRAHDGFWD,2032,0.0
RE1,DEMTRAHDGFWD,2033,0.0
RE1,DEMTRAHDGFWD,2034,0.0
RE1,DEMTRAHDGFWD,2035,0.0
RE1,DEMTRAHDGFWD,2036,0.0
RE1,DEMTRAHDGFWD,2037,0.0
RE1,DEMTRAHDGFWD,2038,0.0
RE1,DEMTRAHDGFWD,2039,0.0
RE1,DEMTRAHDGFWD,2040,0.0
RE1,DEMTRAHDGFWD,2041,0.0
RE1,DEMTRAHDGFWD,2042,0.0
RE1,DEMTRAHDGFWD,2043,0.0
RE1,DEMTRAHDGFWD,2044,0.0
RE1,DEMTRAHDGFWD,2045,0.0
RE1,DEMTRAHDGFWD,2046,0.0
RE1,DEMTRAHDGFWD,2047,0.0
RE1,DEMTRAHDGFWD,2048,0.0
RE1,DEMTRAHDGFWD,2049,0.0
RE1,DEMTRAHDGFWD,2050,0.0
RE1,DEMTRAHDGFWD,2051,0.0
RE1,DEMTRAHDGFWD,2052,0.0
RE1,DEMTRAHDGFWD,2053,0.0
RE1,DEMTRAHDGFWD,2054,0.0
RE1,DEMTRAHDGFWD,2055,0.0
RE1,DEMTRAHDGLDV,2022,0.0
RE1,DEMTRAHDGLDV,2023,0.0
RE1,DEMTRAHDGLDV,2024,0.0
RE1,DEMTRAHDGLDV,2025,0.0
RE1,DEMTRAHDGLDV,2026,0.0
RE1,DEMTRAHDGLDV,2027,0.0
RE1,DEMTRAHDGLDV,2028,0.0
RE1,DEMTRAHDGLDV,2029,0.0
RE1,DEMTRAHDGLDV,2030,0.0
RE1,DEMTRAHDGLDV,2031,0.0
RE1,DEMTRAHDGLDV,2032,0.0
RE1,DEMTRAHDGLDV,2033,0.0
RE1,DEMTRAHDGLDV,2034,0.0
RE1,DEMTRAHDGLDV,2035,0.0
RE1,DEMTRAHDGLDV,2036,0.0
RE1,DEMTRAHDGLDV,2037,0.0
RE1,DEMTRAHDGLDV,2038,0.0
RE1,DEMTRAHDGLDV,2039,0.0
RE1,DEMTRAHDGLDV,2040,0.0
RE1,DEMTRAHDGLDV,2041,0.0
RE1,DEMTRAHDGLDV,2042,0.0
RE1,DEMTRAHDGLDV,2043,0.0
RE1,DEMTRAHDGLDV,2044,0.0
RE1,DEMTRAHDGLDV,2045,0.0
RE1,DEMTRAHDGLDV,2046,0.0
RE1,DEMTRAHDGLDV,2047,0.0
RE1,DEMTRAHDGLDV,2048,0.0
RE1,DEMTRAHDGLDV,2049,0.0
RE1,DEMTRAHDGLDV,2050,0.0
RE1,DEMTRAHDGLDV,2051,0.0
RE1,DEMTRAHDGLDV,2052,0.0
RE1,DEMTRAHDGLDV,2053,0.0
RE1,DEMTRAHDGLDV,2054,0.0
RE1,DEMTRAHDGLDV,2055,0.0
RE1,DEMTRAHDGMIC,2022,0.0
RE1,DEMTRAHDGMIC,2023,0.0
RE1,DEMTRAHDGMIC,2024,0.0
RE1,DEMTRAHDGMIC,2025,0.0
RE1,DEMTRAHDGMIC,2026,0.0
RE1,DEMTRAHDGMIC,2027,0.0
RE1,DEMTRAHDGMIC,2028,0.0
RE1,DEMTRAHDGMIC,2029,0.0
RE1,DEMTRAHDGMIC,2030,0.0
RE1,DEMTRAHDGMIC,2031,0.0
RE1,DEMTRAHDGMIC,2032,0.0
RE1,DEMTRAHDGMIC,2033,0.0
RE1,DEMTRAHDGMIC,2034,0.0
RE1,DEMTRAHDGMIC,2035,0.0
RE1,DEMTRAHDGMIC,2036,0.0
RE1,DEMTRAHDGMIC,2037,0.0
RE1,DEMTRAHDGMIC,2038,0.0
RE1,DEMTRAHDGMIC,2039,0.0
RE1,DEMTRAHDGMIC,2040,0.0
RE1,DEMTRAHDGMIC,2041,0.0
RE1,DEMTRAHDGMIC,2042,0.0
RE1,DEMTRAHDGMIC,2043,0.0
RE1,DEMTRAHDGMIC,2044,0.0
RE1,DEMTRAHDGMIC,2045,0.0
RE1,DEMTRAHDGMIC,2046,0.0
RE1,DEMTRAHDGMIC,2047,0.0
RE1,DEMTRAHDGMIC,2048,0.0
RE1,DEMTRAHDGMIC,2049,0.0
RE1,DEMTRAHDGMIC,2050,0.0
RE1,DEMTRAHDGMIC,2051,0.0
RE1,DEMTRAHDGMIC,2052,0.0
RE1,DEMTRAHDGMIC,2053,0.0
RE1,DEMTRAHDGMIC,2054,0.0
RE1,DEMTRAHDGMIC,2055,0.0
RE1,DEMTRAHDGSTT,2022,0.0
RE1,DEMTRAHDGSTT,2023,0.0
RE1,DEMTRAHDGSTT,2024,0.0
RE1,DEMTRAHDGSTT,2025,0.0
RE1,DEMTRAHDGSTT,2026,0.0
RE1,DEMTRAHDGSTT,2027,0.0
RE1,DEMTRAHDGSTT,2028,0.0
RE1,DEMTRAHDGSTT,2029,0.0
RE1,DEMTRAHDGSTT,2030,0.0
RE1,DEMTRAHDGSTT,2031,0.0
RE1,DEMTRAHDGSTT,2032,0.0
RE1,DEMTRAHDGSTT,2033,0.0
RE1,DEMTRAHDGSTT,2034,0.0
RE1,DEMTRAHDGSTT,2035,0.0
RE1,DEMTRAHDGSTT,2036,0.0
RE1,DEMTRAHDGSTT,2037,0.0
RE1,DEMTRAHDGSTT,2038,0.0
RE1,DEMTRAHDGSTT,2039,0.0
RE1,DEMTRAHDGSTT,2040,0.0
RE1,DEMTRAHDGSTT,2041,0.0
RE1,DEMTRAHDGSTT,2042,0.0
RE1,DEMTRAHDGSTT,2043,0.0
RE1,DEMTRAHDGSTT,2044,0.0
RE1,DEMTRAHDGSTT,2045,0.0
RE1,DEMTRAHDGSTT,2046,0.0
RE1,DEMTRAHDGSTT,2047,0.0
RE1,DEMTRAHDGSTT,2048,0.0
RE1,DEMTRAHDGSTT,2049,0.0
RE1,DEMTRAHDGSTT,2050,0.0
RE1,DEMTRAHDGSTT,2051,0.0
RE1,DEMTRAHDGSTT,2052,0.0
RE1,DEMTRAHDGSTT,2053,0.0
RE1,DEMTRAHDGSTT,2054,0.0
RE1,DEMTRAHDGSTT,2055,0.0
RE1,DEMTRAHDGTAX,2022,0.0
RE1,DEMTRAHDGTAX,2023,0.0
RE1,DEMTRAHDGTAX,2024,0.0
RE1,DEMTRAHDGTAX,2025,0.0
RE1,DEMTRAHDGTAX,2026,0.0
RE1,DEMTRAHDGTAX,2027,0.0
RE1,DEMTRAHDGTAX,2028,0.0
RE1,DEMTRAHDGTAX,2029,0.0
RE1,DEMTRAHDGTAX,2030,0.0
RE1,DEMTRAHDGTAX,2031,0.0
RE1,DEMTRAHDGTAX,2032,0.0
RE1,DEMTRAHDGTAX,2033,0.0
RE1,DEMTRAHDGTAX,2034,0.0
RE1,DEMTRAHDGTAX,2035,0.0
RE1,DEMTRAHDGTAX,2036,0.0
RE1,DEMTRAHDGTAX,2037,0.0
RE1,DEMTRAHDGTAX,2038,0.0
RE1,DEMTRAHDGTAX,2039,0.0
RE1,DEMTRAHDGTAX,2040,0.0
RE1,DEMTRAHDGTAX,2041,0.0
RE1,DEMTRAHDGTAX,2042,0.0
RE1,DEMTRAHDGTAX,2043,0.0
RE1,DEMTRAHDGTAX,2044,0.0
RE1,DEMTRAHDGTAX,2045,0.0
RE1,DEMTRAHDGTAX,2046,0.0
RE1,DEMTRAHDGTAX,2047,0.0
RE1,DEMTRAHDGTAX,2048,0.0
RE1,DEMTRAHDGTAX,2049,0.0
RE1,DEMTRAHDGTAX,2050,0.0
RE1,DEMTRAHDGTAX,2051,0.0
RE1,DEMTRAHDGTAX,2052,0.0
RE1,DEMTRAHDGTAX,2053,0.0
RE1,DEMTRAHDGTAX,2054,0.0
RE1,DEMTRAHDGTAX,2055,0.0
RE1,DEMTRAHDGTCK_CSG,2022,0.0
RE1,DEMTRAHDGTCK_CSG,2023,0.0
RE1,DEMTRAHDGTCK_CSG,2024,0.0
RE1,DEMTRAHDGTCK_CSG,2025,0.0
RE1,DEMTRAHDGTCK_CSG,2026,0.0
RE1,DEMTRAHDGTCK_CSG,2027,0.0
RE1,DEMTRAHDGTCK_CSG,2028,0.0
RE1,DEMTRAHDGTCK_CSG,2029,0.0
RE1,DEMTRAHDGTCK_CSG,2030,0.0
RE1,DEMTRAHDGTCK_CSG,2031,0.0
RE1,DEMTRAHDGTCK_CSG,2032,0.0
RE1,DEMTRAHDGTCK_CSG,2033,0.0
RE1,DEMTRAHDGTCK_CSG,2034,0.0
RE1,DEMTRAHDGTCK_CSG,2035,0.0
RE1,DEMTRAHDGTCK_CSG,2036,0.0
RE1,DEMTRAHDGTCK_CSG,2037,0.0
RE1,DEMTRAHDGTCK_CSG,2038,0.0
RE1,DEMTRAHDGTCK_CSG,2039,0.0
RE1,DEMTRAHDGTCK_CSG,2040,0.0
RE1,DEMTRAHDGTCK_CSG,2041,0.0
RE1,DEMTRAHDGTCK_CSG,2042,0.0
RE1,DEMTRAHDGTCK_CSG,2043,0.0
RE1,DEMTRAHDGTCK_CSG,2044,0.0
RE1,DEMTRAHDGTCK_CSG,2045,0.0
RE1,DEMTRAHDGTCK_CSG,2046,0.0
RE1,DEMTRAHDGTCK_CSG,2047,0.0
RE1,DEMTRAHDGTCK_CSG,2048,0.0
RE1,DEMTRAHDGTCK_CSG,2049,0.0
RE1,DEMTRAHDGTCK_CSG,2050,0.0
RE1,DEMTRAHDGTCK_CSG,2051,0.0
RE1,DEMTRAHDGTCK_CSG,2052,0.0
RE1,DEMTRAHDGTCK_CSG,2053,0.0
RE1,DEMTRAHDGTCK_CSG,2054,0.0
RE1,DEMTRAHDGTCK_CSG,2055,0.0
RE1,DEMTRAHEVFWD,2022,0.0823212573605771
RE1,DEMTRAHEVFWD,2023,0.0785059981535911
RE1,DEMTRAHEVFWD,2024,0.0796637865306971
RE1,DEMTRAHEVFWD,2025,0.0796141003986844
RE1,DEMTRAHEVFWD,2026,0.0795122534866733
RE1,DEMTRAHEVFWD,2027,0.0792872573970574
RE1,DEMTRAHEVFWD,2028,0.0788521918133858
RE1,DEMTRAHEVFWD,2029,0.0780891054823117
RE1,DEMTRAHEVFWD,2030,0.0768486827398739
RE1,DEMTRAHEVFWD,2031,0.0749550136498073
RE1,DEMTRAHEVFWD,2032,0.0722181627598975
RE1,DEMTRAHEVFWD,2033,0.0684572354842584
RE1,DEMTRAHEVFWD,2034,0.0635354135297286
RE1,DEMTRAHEVFWD,2035,0.0574052125555958
RE1,DEMTRAHEVFWD,2036,0.0501566317644052
RE1,DEMTRAHEVFWD,2037,0.0420537796180929
RE1,DEMTRAHEVFWD,2038,0.0335400051878927
RE1,DEMTRAHEVFWD,2039,0.0251927968652199
RE1,DEMTRAHEVFWD,2040,0.0176229565872551
RE1,DEMTRAHEVFWD,2041,0.0113379020834892
RE1,DEMTRAHEVFWD,2042,0.0066160274733553
RE1,DEMTRAHEVFWD,2043,0.0034482333055729
RE1,DEMTRAHEVFWD,2044,0.0015782943703303
RE1,DEMTRAHEVFWD,2045,0.0006227734982264
RE1,DEMTRAHEVFWD,2046,0.0002076115037141
RE1,DEMTRAHEVFWD,2047,5.720292668540379e-05
RE1,DEMTRAHEVFWD,2048,1.272047094496082e-05
RE1,DEMTRAHEVFWD,2049,2.225118982028995e-06
RE1,DEMTRAHEVFWD,2050,2.97822896610729e-07
RE1,DEMTRAHEVFWD,2051,2.9608632431894423e-08
RE1,DEMTRAHEVFWD,2052,2.117940924132486e-09
RE1,DEMTRAHEVFWD,2053,1.0535903933111619e-10
RE1,DEMTRAHEVFWD,2054,3.515079444220759e-12
RE1,DEMTRAHEVFWD,2055,3.515079444220759e-12
RE1,DEMTRAHEVLDV,2022,0.0331429836956232
RE1,DEMTRAHEVLDV,2023,0.0335070103788578
RE1,DEMTRAHEVLDV,2024,0.030567284879748
RE1,DEMTRAHEVLDV,2025,0.0305604722290738
RE1,DEMTRAHEVLDV,2026,0.0305464990730456
RE1,DEMTRAHEVLDV,2027,0.0305155893110732
RE1,DEMTRAHEVLDV,2028,0.0304556601081029
RE1,DEMTRAHEVLDV,2029,0.03035003149004
RE1,DEMTRAHEVLDV,2030,0.0301769035787547
RE1,DEMTRAHEVLDV,2031,0.0299091022815878
RE1,DEMTRAHEVLDV,2032,0.0295142621099437
RE1,DEMTRAHEVLDV,2033,0.0289556664224569
RE1,DEMTRAHEVLDV,2034,0.0281940022844677
RE1,DEMTRAHEVLDV,2035,0.0271902840684615
RE1,DEMTRAHEVLDV,2036,0.025910121578142
RE1,DEMTRAHEVLDV,2037,0.0243293145367085
RE1,DEMTRAHEVLDV,2038,0.0224404144519427
RE1,DEMTRAHEVLDV,2039,0.0202594106416546
RE1,DEMTRAHEVLDV,2040,0.0178311427974219
RE1,DEMTRAHEVLDV,2041,0.0152315918650059
RE1,DEMTRAHEVLDV,2042,0.012565128223955
RE1,DEMTRAHEVLDV,2043,0.009955405524796
RE1,DEMTRAHEVLDV,2044,0.0075300531767386
RE1,DEMTRAHEVLDV,2045,0.0054014613612586
RE1,DEMTRAHEVLDV,2046,0.0036480838871347
RE1,DEMTRAHEVLDV,2047,0.0023017204675073
RE1,DEMTRAHEVLDV,2048,0.0013451938335395
RE1,DEMTRAHEVLDV,2049,0.0007215676202588
RE1,DEMTRAHEVLDV,2050,0.0003517532734527
RE1,DEMTRAHEVLDV,2051,0.0001541912137658
RE1,DEMTRAHEVLDV,2052,6.009023723604878e-05
RE1,DEMTRAHEVLDV,2053,2.056805100315662e-05
RE1,DEMTRAHEVLDV,2054,6.103764117229482e-06
RE1,DEMTRAHEVLDV,2055,6.103764117229482e-06
RE1,DEMTRAJETAVI,2022,0.0
RE1,DEMTRAJETAVI,2023,0.0
RE1,DEMTRAJETAVI,2024,0.0
RE1,DEMTRAJETAVI,2025,0.0
RE1,DEMTRAJETAVI,2026,0.0
RE1,DEMTRAJETAVI,2027,0.0
RE1,DEMTRAJETAVI,2028,0.0
RE1,DEMTRAJETAVI,2029,0.0
RE1,DEMTRAJETAVI,2030,0.0
RE1,DEMTRAJETAVI,2031,0.0
RE1,DEMTRAJETAVI,2032,0.0
RE1,DEMTRAJETAVI,2033,0.0
RE1,DEMTRAJETAVI,2034,0.0
RE1,DEMTRAJETAVI,2035,0.0
RE1,DEMTRAJETAVI,2036,0.0
RE1,DEMTRAJETAVI,2037,0.0
RE1,DEMTRAJETAVI,2038,0.0
RE1,DEMTRAJETAVI,2039,0.0
RE1,DEMTRAJETAVI,2040,0.0
RE1,DEMTRAJETAVI,2041,0.0
RE1,DEMTRAJETAVI,2042,0.0
RE1,DEMTRAJETAVI,2043,0.0
RE1,DEMTRAJETAVI,2044,0.0
RE1,DEMTRAJETAVI,2045,0.0
RE1,DEMTRAJETAVI,2046,0.0
RE1,DEMTRAJETAVI,2047,0.0
RE1,DEMTRAJETAVI,2048,0.0
RE1,DEMTRAJETAVI,2049,0.0
RE1,DEMTRAJETAVI,2050,0.0
RE1,DEMTRAJETAVI,2051,0.0
RE1,DEMTRAJETAVI,2052,0.0
RE1,DEMTRAJETAVI,2053,0.0
RE1,DEMTRAJETAVI,2054,0.0
RE1,DEMTRAJETAVI,2055,0.0
RE1,DEMTRAJETSAFAVI,2022,0.0
RE1,DEMTRAJETSAFAVI,2023,0.0
RE1,DEMTRAJETSAFAVI,2024,0.0
RE1,DEMTRAJETSAFAVI,2025,0.0
RE1,DEMTRAJETSAFAVI,2026,0.0
RE1,DEMTRAJETSAFAVI,2027,0.0
RE1,DEMTRAJETSAFAVI,2028,0.0
RE1,DEMTRAJETSAFAVI,2029,0.0
RE1,DEMTRAJETSAFAVI,2030,0.0
RE1,DEMTRAJETSAFAVI,2031,0.0
RE1,DEMTRAJETSAFAVI,2032,0.0
RE1,DEMTRAJETSAFAVI,2033,0.0
RE1,DEMTRAJETSAFAVI,2034,0.0
RE1,DEMTRAJETSAFAVI,2035,0.0
RE1,DEMTRAJETSAFAVI,2036,0.0
RE1,DEMTRAJETSAFAVI,2037,0.0
RE1,DEMTRAJETSAFAVI,2038,0.0
RE1,DEMTRAJETSAFAVI,2039,0.0
RE1,DEMTRAJETSAFAVI,2040,0.0
RE1,DEMTRAJETSAFAVI,2041,0.0
RE1,DEMTRAJETSAFAVI,2042,0.0
RE1,DEMTRAJETSAFAVI,2043,0.0
RE1,DEMTRAJETSAFAVI,2044,0.0
RE1,DEMTRAJETSAFAVI,2045,0.0
RE1,DEMTRAJETSAFAVI,2046,0.0
RE1,DEMTRAJETSAFAVI,2047,0.0
RE1,DEMTRAJETSAFAVI,2048,0.0
RE1,DEMTRAJETSAFAVI,2049,0.0
RE1,DEMTRAJETSAFAVI,2050,0.0
RE1,DEMTRAJETSAFAVI,2051,0.0
RE1,DEMTRAJETSAFAVI,2052,0.0
RE1,DEMTRAJETSAFAVI,2053,0.0
RE1,DEMTRAJETSAFAVI,2054,0.0
RE1,DEMTRAJETSAFAVI,2055,0.0
RE1,DEMTRANGSBUS_ART,2022,0.0
RE1,DEMTRANGSBUS_ART,2023,0.0
RE1,DEMTRANGSBUS_ART,2024,0.0
RE1,DEMTRANGSBUS_ART,2025,0.0
RE1,DEMTRANGSBUS_ART,2026,0.0
RE1,DEMTRANGSBUS_ART,2027,0.0
RE1,DEMTRANGSBUS_ART,2028,0.0
RE1,DEMTRANGSBUS_ART,2029,0.0
RE1,DEMTRANGSBUS_ART,2030,0.0
RE1,DEMTRANGSBUS_ART,2031,0.0
RE1,DEMTRANGSBUS_ART,2032,0.0
RE1,DEMTRANGSBUS_ART,2033,0.0
RE1,DEMTRANGSBUS_ART,2034,0.0
RE1,DEMTRANGSBUS_ART,2035,0.0
RE1,DEMTRANGSBUS_ART,2036,0.0
RE1,DEMTRANGSBUS_ART,2037,0.0
RE1,DEMTRANGSBUS_ART,2038,0.0
RE1,DEMTRANGSBUS_ART,2039,0.0
RE1,DEMTRANGSBUS_ART,2040,0.0
RE1,DEMTRANGSBUS_ART,2041,0.0
RE1,DEMTRANGSBUS_ART,2042,0.0
RE1,DEMTRANGSBUS_ART,2043,0.0
RE1,DEMTRANGSBUS_ART,2044,0.0
RE1,DEMTRANGSBUS_ART,2045,0.0
RE1,DEMTRANGSBUS_ART,2046,0.0
RE1,DEMTRANGSBUS_ART,2047,0.0
RE1,DEMTRANGSBUS_ART,2048,0.0
RE1,DEMTRANGSBUS_ART,2049,0.0
RE1,DEMTRANGSBUS_ART,2050,0.0
RE1,DEMTRANGSBUS_ART,2051,0.0
RE1,DEMTRANGSBUS_ART,2052,0.0
RE1,DEMTRANGSBUS_ART,2053,0.0
RE1,DEMTRANGSBUS_ART,2054,0.0
RE1,DEMTRANGSBUS_ART,2055,0.0
RE1,DEMTRANGSBUS_BIA,2022,0.0
RE1,DEMTRANGSBUS_BIA,2023,0.0
RE1,DEMTRANGSBUS_BIA,2024,0.0
RE1,DEMTRANGSBUS_BIA,2025,0.0
RE1,DEMTRANGSBUS_BIA,2026,0.0
RE1,DEMTRANGSBUS_BIA,2027,0.0
RE1,DEMTRANGSBUS_BIA,2028,0.0
RE1,DEMTRANGSBUS_BIA,2029,0.0
RE1,DEMTRANGSBUS_BIA,2030,0.0
RE1,DEMTRANGSBUS_BIA,2031,0.0
RE1,DEMTRANGSBUS_BIA,2032,0.0
RE1,DEMTRANGSBUS_BIA,2033,0.0
RE1,DEMTRANGSBUS_BIA,2034,0.0
RE1,DEMTRANGSBUS_BIA,2035,0.0
RE1,DEMTRANGSBUS_BIA,2036,0.0
RE1,DEMTRANGSBUS_BIA,2037,0.0
RE1,DEMTRANGSBUS_BIA,2038,0.0
RE1,DEMTRANGSBUS_BIA,2039,0.0
RE1,DEMTRANGSBUS_BIA,2040,0.0
RE1,DEMTRANGSBUS_BIA,2041,0.0
RE1,DEMTRANGSBUS_BIA,2042,0.0
RE1,DEMTRANGSBUS_BIA,2043,0.0
RE1,DEMTRANGSBUS_BIA,2044,0.0
RE1,DEMTRANGSBUS_BIA,2045,0.0
RE1,DEMTRANGSBUS_BIA,2046,0.0
RE1,DEMTRANGSBUS_BIA,2047,0.0
RE1,DEMTRANGSBUS_BIA,2048,0.0
RE1,DEMTRANGSBUS_BIA,2049,0.0
RE1,DEMTRANGSBUS_BIA,2050,0.0
RE1,DEMTRANGSBUS_BIA,2051,0.0
RE1,DEMTRANGSBUS_BIA,2052,0.0
RE1,DEMTRANGSBUS_BIA,2053,0.0
RE1,DEMTRANGSBUS_BIA,2054,0.0
RE1,DEMTRANGSBUS_BIA,2055,0.0
RE1,DEMTRANGSBUS_IMU,2022,2.57699523355847
RE1,DEMTRANGSBUS_IMU,2023,2.544772881344316
RE1,DEMTRANGSBUS_IMU,2024,3.048870116187658
RE1,DEMTRANGSBUS_IMU,2025,3.046968542465399
RE1,DEMTRANGSBUS_IMU,2026,3.043070685986573
RE1,DEMTRANGSBUS_IMU,2027,3.03445969868904
RE1,DEMTRANGSBUS_IMU,2028,3.017808990576807
RE1,DEMTRANGSBUS_IMU,2029,2.988604364331899
RE1,DEMTRANGSBUS_IMU,2030,2.941131252701676
RE1,DEMTRANGSBUS_IMU,2031,2.868657279895628
RE1,DEMTRANGSBUS_IMU,2032,2.763913289506821
RE1,DEMTRANGSBUS_IMU,2033,2.619976134631149
RE1,DEMTRANGSBUS_IMU,2034,2.431609543889448
RE1,DEMTRANGSBUS_IMU,2035,2.196996209899153
RE1,DEMTRANGSBUS_IMU,2036,1.919580556922163
RE1,DEMTRANGSBUS_IMU,2037,1.609470470010097
RE1,DEMTRANGSBUS_IMU,2038,1.28363368059013
RE1,DEMTRANGSBUS_IMU,2039,0.9641716625653726
RE1,DEMTRANGSBUS_IMU,2040,0.6744608565279623
RE1,DEMTRANGSBUS_IMU,2041,0.4339210116417443
RE1,DEMTRANGSBUS_IMU,2042,0.2532067496392086
RE1,DEMTRANGSBUS_IMU,2043,0.1319698188706274
RE1,DEMTRANGSBUS_IMU,2044,0.060404039900778
RE1,DEMTRANGSBUS_IMU,2045,0.0238346128220316
RE1,DEMTRANGSBUS_IMU,2046,0.0079456492970866
RE1,DEMTRANGSBUS_IMU,2047,0.0021892543817559
RE1,DEMTRANGSBUS_IMU,2048,0.00048683429971
RE1,DEMTRANGSBUS_IMU,2049,8.515913019846186e-05
RE1,DEMTRANGSBUS_IMU,2050,1.139819444865336e-05
RE1,DEMTRANGSBUS_IMU,2051,1.133173284049239e-06
RE1,DEMTRANGSBUS_IMU,2052,8.105724159810289e-08
RE1,DEMTRANGSBUS_IMU,2053,4.032271631516049e-09
RE1,DEMTRANGSBUS_IMU,2054,1.345281355585649e-10
RE1,DEMTRANGSBUS_IMU,2055,1.345281355585649e-10
RE1,DEMTRANGSBUS_URB,2022,0.0
RE1,DEMTRANGSBUS_URB,2023,0.0
RE1,DEMTRANGSBUS_URB,2024,0.0
RE1,DEMTRANGSBUS_URB,2025,0.0
RE1,DEMTRANGSBUS_URB,2026,0.0
RE1,DEMTRANGSBUS_URB,2027,0.0
RE1,DEMTRANGSBUS_URB,2028,0.0
RE1,DEMTRANGSBUS_URB,2029,0.0
RE1,DEMTRANGSBUS_URB,2030,0.0
RE1,DEMTRANGSBUS_URB,2031,0.0
RE1,DEMTRANGSBUS_URB,2032,0.0
RE1,DEMTRANGSBUS_URB,2033,0.0
RE1,DEMTRANGSBUS_URB,2034,0.0
RE1,DEMTRANGSBUS_URB,2035,0.0
RE1,DEMTRANGSBUS_URB,2036,0.0
RE1,DEMTRANGSBUS_URB,2037,0.0
RE1,DEMTRANGSBUS_URB,2038,0.0
RE1,DEMTRANGSBUS_URB,2039,0.0
RE1,DEMTRANGSBUS_URB,2040,0.0
RE1,DEMTRANGSBUS_URB,2041,0.0
RE1,DEMTRANGSBUS_URB,2042,0.0
RE1,DEMTRANGSBUS_URB,2043,0.0
RE1,DEMTRANGSBUS_URB,2044,0.0
RE1,DEMTRANGSBUS_URB,2045,0.0
RE1,DEMTRANGSBUS_URB,2046,0.0
RE1,DEMTRANGSBUS_URB,2047,0.0
RE1,DEMTRANGSBUS_URB,2048,0.0
RE1,DEMTRANGSBUS_URB,2049,0.0
RE1,DEMTRANGSBUS_URB,2050,0.0
RE1,DEMTRANGSBUS_URB,2051,0.0
RE1,DEMTRANGSBUS_URB,2052,0.0
RE1,DEMTRANGSBUS_URB,2053,0.0
RE1,DEMTRANGSBUS_URB,2054,0.0
RE1,DEMTRANGSBUS_URB,2055,0.0
RE1,DEMTRANGSFWD,2022,0.4382497338572213
RE1,DEMTRANGSFWD,2023,0.3990190621740849
RE1,DEMTRANGSFWD,2024,0.3921845469052009
RE1,DEMTRANGSFWD,2025,0.3919399422483113
RE1,DEMTRANGSFWD,2026,0.3914385502510158
RE1,DEMTRANGSFWD,2027,0.390330895276224
RE1,DEMTRANGSFWD,2028,0.3881890689052101
RE1,DEMTRANGSFWD,2029,0.3844323975237094
RE1,DEMTRANGSFWD,2030,0.3783258006319535
RE1,DEMTRANGSFWD,2031,0.3690032742191522
RE1,DEMTRANGSFWD,2032,0.355529766707772
RE1,DEMTRANGSFWD,2033,0.3370147346740937
RE1,DEMTRANGSFWD,2034,0.3127846221317841
RE1,DEMTRANGSFWD,2035,0.2826056638349463
RE1,DEMTRANGSFWD,2036,0.246920925547953
RE1,DEMTRANGSFWD,2037,0.2070306123199115
RE1,DEMTRANGSFWD,2038,0.1651173301025953
RE1,DEMTRANGSFWD,2039,0.124024052259352
RE1,DEMTRANGSFWD,2040,0.0867577546246747
RE1,DEMTRANGSFWD,2041,0.0558164529344251
RE1,DEMTRANGSFWD,2042,0.0325706804804011
RE1,DEMTRANGSFWD,2043,0.0169756406952669
RE1,DEMTRANGSFWD,2044,0.0077699377529902
RE1,DEMTRANGSFWD,2045,0.0030659117883177
RE1,DEMTRANGSFWD,2046,0.0010220707182311
RE1,DEMTRANGSFWD,2047,0.0002816098111922
RE1,DEMTRANGSFWD,2048,6.262283468094868e-05
RE1,DEMTRANGSFWD,2049,1.095425309015332e-05
RE1,DEMTRANGSFWD,2050,1.466181094973005e-06
RE1,DEMTRANGSFWD,2051,1.457631955557453e-07
RE1,DEMTRANGSFWD,2052,1.0426615880012371e-08
RE1,DEMTRANGSFWD,2053,5.186821880041943e-10
RE1,DEMTRANGSFWD,2054,1.7304724005760118e-11
RE1,DEMTRANGSFWD,2055,1.7304724005760118e-11
RE1,DEMTRANGSLDV,2022,0.9472967194819184
RE1,DEMTRANGSLDV,2023,0.8595341280642039
RE1,DEMTRANGSLDV,2024,0.8481230866951903
RE1,DEMTRANGSLDV,2025,0.8479340621762921
RE1,DEMTRANGSLDV,2026,0.8475463615261343
RE1,DEMTRANGSLDV,2027,0.8466887360341667
RE1,DEMTRANGSLDV,2028,0.8450259340939122
RE1,DEMTRANGSLDV,2029,0.842095151397729
RE1,DEMTRANGSLDV,2030,0.8372915262445634
RE1,DEMTRANGSLDV,2031,0.8298610834143394
RE1,DEMTRANGSLDV,2032,0.8189058066717871
RE1,DEMTRANGSLDV,2033,0.8034069522413163
RE1,DEMTRANGSLDV,2034,0.7822737393217614
RE1,DEMTRANGSLDV,2035,0.7544244686102688
RE1,DEMTRANGSLDV,2036,0.7189049461197227
RE1,DEMTRANGSLDV,2037,0.6750437084362154
RE1,DEMTRANGSLDV,2038,0.6226340889147984
RE1,DEMTRANGSLDV,2039,0.5621197288415217
RE1,DEMTRANGSLDV,2040,0.4947447549936556
RE1,DEMTRANGSLDV,2041,0.4226173426475653
RE1,DEMTRANGSLDV,2042,0.3486333632818692
RE1,DEMTRANGSLDV,2043,0.2762237240307355
RE1,DEMTRANGSLDV,2044,0.2089296438450041
RE1,DEMTRANGSLDV,2045,0.1498695124672547
RE1,DEMTRANGSLDV,2046,0.1012201174900433
RE1,DEMTRANGSLDV,2047,0.0638637770836232
RE1,DEMTRANGSLDV,2048,0.0373238889483693
RE1,DEMTRANGSLDV,2049,0.0200206907404681
RE1,DEMTRANGSLDV,2050,0.0097597831540994
RE1,DEMTRANGSLDV,2051,0.0042782055611039
RE1,DEMTRANGSLDV,2052,0.0016672700138522
RE1,DEMTRANGSLDV,2053,0.0005706832966266
RE1,DEMTRANGSLDV,2054,0.0001693556782661
RE1,DEMTRANGSLDV,2055,0.0001693556782661
RE1,DEMTRANGSMIC,2022,0.168988971513037
RE1,DEMTRANGSMIC,2023,0.2262465157648328
RE1,DEMTRANGSMIC,2024,0.2875540761026876
RE1,DEMTRANGSMIC,2025,0.2863731575354437
RE1,DEMTRANGSMIC,2026,0.2839653600925559
RE1,DEMTRANGSMIC,2027,0.2787069672678647
RE1,DEMTRANGSMIC,2028,0.2687730571514553
RE1,DEMTRANGSMIC,2029,0.2520742509009811
RE1,DEMTRANGSMIC,2030,0.2268085446216387
RE1,DEMTRANGSMIC,2031,0.192391692942708
RE1,DEMTRANGSMIC,2032,0.1505331137395131
RE1,DEMTRANGSMIC,2033,0.1057852328232271
RE1,DEMTRANGSMIC,2034,0.0646680744417101
RE1,DEMTRANGSMIC,2035,0.0331160116284912
RE1,DEMTRANGSMIC,2036,0.013594334442588
RE1,DEMTRANGSMIC,2037,0.0042521263003731
RE1,DEMTRANGSMIC,2038,0.0009563073666591
RE1,DEMTRANGSMIC,2039,0.0001448090839325
RE1,DEMTRANGSMIC,2040,1.371211392724717e-05
RE1,DEMTRANGSMIC,2041,7.475784030440452e-07
RE1,DEMTRANGSMIC,2042,2.1409517235746e-08
RE1,DEMTRANGSMIC,2043,2.910181446641926e-10
RE1,DEMTRANGSMIC,2044,1.679435617882457e-12
RE1,DEMTRANGSMIC,2045,3.6416324240812606e-15
RE1,DEMTRANGSMIC,2046,2.596931838318637e-18
RE1,DEMTRANGSMIC,2047,5.269535979694627e-22
RE1,DEMTRANGSMIC,2048,2.600825799278516e-26
RE1,DEMTRANGSMIC,2049,2.635794049556824e-31
RE1,DEMTRANGSMIC,2050,4.570380680198463e-37
RE1,DEMTRANGSMIC,2051,1.1146769735353721e-43
RE1,DEMTRANGSMIC,2052,3.099864712253783e-51
RE1,DEMTRANGSMIC,2053,7.85401297743337e-60
RE1,DEMTRANGSMIC,2054,1.42712207787203e-69
RE1,DEMTRANGSMIC,2055,1.42712207787203e-69
RE1,DEMTRANGSSTT,2022,0.2842507253306291
RE1,DEMTRANGSSTT,2023,0.3066528421596353
RE1,DEMTRANGSSTT,2024,0.3632927447046268
RE1,DEMTRANGSSTT,2025,0.3594909898277942
RE1,DEMTRANGSSTT,2026,0.3586107257284797
RE1,DEMTRANGSSTT,2027,0.3578567633017513
RE1,DEMTRANGSSTT,2028,0.3571652180027099
RE1,DEMTRANGSSTT,2029,0.3565214105798125
RE1,DEMTRANGSSTT,2030,0.3559159928202023
RE1,DEMTRANGSSTT,2031,0.3553788925250609
RE1,DEMTRANGSSTT,2032,0.3548741559006508
RE1,DEMTRANGSSTT,2033,0.3544510134211075
RE1,DEMTRANGSSTT,2034,0.3540359052630191
RE1,DEMTRANGSSTT,2035,0.353636590206744
RE1,DEMTRANGSSTT,2036,0.3531833068183141
RE1,DEMTRANGSSTT,2037,0.3527110459645266
RE1,DEMTRANGSSTT,2038,0.3522546089752722
RE1,DEMTRANGSSTT,2039,0.351786566881394
RE1,DEMTRANGSSTT,2040,0.3512397006452714
RE1,DEMTRANGSSTT,2041,0.350553452244112
RE1,DEMTRANGSSTT,2042,0.3499819813206466
RE1,DEMTRANGSSTT,2043,0.3492770279620886
RE1,DEMTRANGSSTT,2044,0.3486932798714347
RE1,DEMTRANGSSTT,2045,0.3481458755111709
RE1,DEMTRANGSSTT,2046,0.3475297411723951
RE1,DEMTRANGSSTT,2047,0.3468844972253546
RE1,DEMTRANGSSTT,2048,0.3462811531207541
RE1,DEMTRANGSSTT,2049,0.3455627349817926
RE1,DEMTRANGSSTT,2050,0.3445990575303746
RE1,DEMTRANGSSTT,2051,0.3434985606790557
RE1,DEMTRANGSSTT,2052,0.3423071234515294
RE1,DEMTRANGSSTT,2053,0.3408564827062949
RE1,DEMTRANGSSTT,2054,0.3388929255741896
RE1,DEMTRANGSSTT,2055,0.3388929255741896
RE1,DEMTRANGSTAX,2022,0.2971764734183361
RE1,DEMTRANGSTAX,2023,0.2816525233640895
RE1,DEMTRANGSTAX,2024,0.267478683218157
RE1,DEMTRANGSTAX,2025,0.267419069194905
RE1,DEMTRANGSTAX,2026,0.2672967972499316
RE1,DEMTRANGSTAX,2027,0.267026321724758
RE1,DEMTRANGSTAX,2028,0.2665019119068801
RE1,DEMTRANGSTAX,2029,0.2655776098702166
RE1,DEMTRANGSTAX,2030,0.2640626560259002
RE1,DEMTRANGSTAX,2031,0.2617192637811488
RE1,DEMTRANGSTAX,2032,0.2582642192913135
RE1,DEMTRANGSTAX,2033,0.2533762339982753
RE1,DEMTRANGSTAX,2034,0.2467113005085883
RE1,DEMTRANGSTAX,2035,0.2379282755263039
RE1,DEMTRANGSTAX,2036,0.2267262280247677
RE1,DEMTRANGSTAX,2037,0.2128933937534852
RE1,DEMTRANGSTAX,2038,0.1963645947649118
RE1,DEMTRANGSTAX,2039,0.1772797454050609
RE1,DEMTRANGSTAX,2040,0.1560312148917514
RE1,DEMTRANGSTAX,2041,0.1332838736379708
RE1,DEMTRANGSTAX,2042,0.1099510134783843
RE1,DEMTRANGSTAX,2043,0.0871146642938988
RE1,DEMTRANGSTAX,2044,0.0658916457971443
RE1,DEMTRANGSTAX,2045,0.0472654270095295
RE1,DEMTRANGSTAX,2046,0.0319225171041172
RE1,DEMTRANGSTAX,2047,0.0201411791137866
RE1,DEMTRANGSTAX,2048,0.0117711035403974
RE1,DEMTRANGSTAX,2049,0.0063140693613767
RE1,DEMTRANGSTAX,2050,0.0030780130708686
RE1,DEMTRANGSTAX,2051,0.0013492484852401
RE1,DEMTRANGSTAX,2052,0.0005258189464126
RE1,DEMTRANGSTAX,2053,0.0001799804994238
RE1,DEMTRANGSTAX,2054,5.341091939220462e-05
RE1,DEMTRANGSTAX,2055,5.341091939220462e-05
RE1,DEMTRANGSTCK_C2P,2022,0.0
RE1,DEMTRANGSTCK_C2P,2023,0.0
RE1,DEMTRANGSTCK_C2P,2024,0.0
RE1,DEMTRANGSTCK_C2P,2025,0.0
RE1,DEMTRANGSTCK_C2P,2026,0.0
RE1,DEMTRANGSTCK_C2P,2027,0.0
RE1,DEMTRANGSTCK_C2P,2028,0.0
RE1,DEMTRANGSTCK_C2P,2029,0.0
RE1,DEMTRANGSTCK_C2P,2030,0.0
RE1,DEMTRANGSTCK_C2P,2031,0.0
RE1,DEMTRANGSTCK_C2P,2032,0.0
RE1,DEMTRANGSTCK_C2P,2033,0.0
RE1,DEMTRANGSTCK_C2P,2034,0.0
RE1,DEMTRANGSTCK_C2P,2035,0.0
RE1,DEMTRANGSTCK_C2P,2036,0.0
RE1,DEMTRANGSTCK_C2P,2037,0.0
RE1,DEMTRANGSTCK_C2P,2038,0.0
RE1,DEMTRANGSTCK_C2P,2039,0.0
RE1,DEMTRANGSTCK_C2P,2040,0.0
RE1,DEMTRANGSTCK_C2P,2041,0.0
RE1,DEMTRANGSTCK_C2P,2042,0.0
RE1,DEMTRANGSTCK_C2P,2043,0.0
RE1,DEMTRANGSTCK_C2P,2044,0.0
RE1,DEMTRANGSTCK_C2P,2045,0.0
RE1,DEMTRANGSTCK_C2P,2046,0.0
RE1,DEMTRANGSTCK_C2P,2047,0.0
RE1,DEMTRANGSTCK_C2P,2048,0.0
RE1,DEMTRANGSTCK_C2P,2049,0.0
RE1,DEMTRANGSTCK_C2P,2050,0.0
RE1,DEMTRANGSTCK_C2P,2051,0.0
RE1,DEMTRANGSTCK_C2P,2052,0.0
RE1,DEMTRANGSTCK_C2P,2053,0.0
RE1,DEMTRANGSTCK_C2P,2054,0.0
RE1,DEMTRANGSTCK_C2P,2055,0.0
RE1,DEMTRANGSTCK_CSG,2022,1.149489133420476
RE1,DEMTRANGSTCK_CSG,2023,1.038546793401579
RE1,DEMTRANGSTCK_CSG,2024,1.04135003311315
RE1,DEMTRANGSTCK_CSG,2025,1.030452602254472
RE1,DEMTRANGSTCK_CSG,2026,1.027929394559492
RE1,DEMTRANGSTCK_CSG,2027,1.025768220659148
RE1,DEMTRANGSTCK_CSG,2028,1.023785960538205
RE1,DEMTRANGSTCK_CSG,2029,1.02194053727852
RE1,DEMTRANGSTCK_CSG,2030,1.020205154964376
RE1,DEMTRANGSTCK_CSG,2031,1.018665599280198
RE1,DEMTRANGSTCK_CSG,2032,1.017218811508616
RE1,DEMTRANGSTCK_CSG,2033,1.016005906925448
RE1,DEMTRANGSTCK_CSG,2034,1.0148160320918
RE1,DEMTRANGSTCK_CSG,2035,1.013671426940347
RE1,DEMTRANGSTCK_CSG,2036,1.012372125816305
RE1,DEMTRANGSTCK_CSG,2037,1.011018427282827
RE1,DEMTRANGSTCK_CSG,2038,1.009710086610456
RE1,DEMTRANGSTCK_CSG,2039,1.008368480819912
RE1,DEMTRANGSTCK_CSG,2040,1.006800931835256
RE1,DEMTRANGSTCK_CSG,2041,1.004833854854811
RE1,DEMTRANGSTCK_CSG,2042,1.003195778472202
RE1,DEMTRANGSTCK_CSG,2043,1.001175085204919
RE1,DEMTRANGSTCK_CSG,2044,0.999501817289738
RE1,DEMTRANGSTCK_CSG,2045,0.9979327258146232
RE1,DEMTRANGSTCK_CSG,2046,0.9961666252705346
RE1,DEMTRANGSTCK_CSG,2047,0.9943170843275604
RE1,DEMTRANGSTCK_CSG,2048,0.9925876459821422
RE1,DEMTRANGSTCK_CSG,2049,0.9905283569825644
RE1,DEMTRANGSTCK_CSG,2050,0.9877660514849405
RE1,DEMTRANGSTCK_CSG,2051,0.9846115639558992
RE1,DEMTRANGSTCK_CSG,2052,0.9811964030025874
RE1,DEMTRANGSTCK_CSG,2053,0.9770382555853758
RE1,DEMTRANGSTCK_CSG,2054,0.9714098737518772
RE1,DEMTRANGSTCK_CSG,2055,0.9714098737518772
RE1,DEMTRAPHEVFWD,2022,0.0
RE1,DEMTRAPHEVFWD,2023,0.0
RE1,DEMTRAPHEVFWD,2024,0.0
RE1,DEMTRAPHEVFWD,2025,0.0
RE1,DEMTRAPHEVFWD,2026,0.0
RE1,DEMTRAPHEVFWD,2027,0.0
RE1,DEMTRAPHEVFWD,2028,0.0
RE1,DEMTRAPHEVFWD,2029,0.0
RE1,DEMTRAPHEVFWD,2030,0.0
RE1,DEMTRAPHEVFWD,2031,0.0
RE1,DEMTRAPHEVFWD,2032,0.0
RE1,DEMTRAPHEVFWD,2033,0.0
RE1,DEMTRAPHEVFWD,2034,0.0
RE1,DEMTRAPHEVFWD,2035,0.0
RE1,DEMTRAPHEVFWD,2036,0.0
RE1,DEMTRAPHEVFWD,2037,0.0
RE1,DEMTRAPHEVFWD,2038,0.0
RE1,DEMTRAPHEVFWD,2039,0.0
RE1,DEMTRAPHEVFWD,2040,0.0
RE1,DEMTRAPHEVFWD,2041,0.0
RE1,DEMTRAPHEVFWD,2042,0.0
RE1,DEMTRAPHEVFWD,2043,0.0
RE1,DEMTRAPHEVFWD,2044,0.0
RE1,DEMTRAPHEVFWD,2045,0.0
RE1,DEMTRAPHEVFWD,2046,0.0
RE1,DEMTRAPHEVFWD,2047,0.0
RE1,DEMTRAPHEVFWD,2048,0.0
RE1,DEMTRAPHEVFWD,2049,0.0
RE1,DEMTRAPHEVFWD,2050,0.0
RE1,DEMTRAPHEVFWD,2051,0.0
RE1,DEMTRAPHEVFWD,2052,0.0
RE1,DEMTRAPHEVFWD,2053,0.0
RE1,DEMTRAPHEVFWD,2054,0.0
RE1,DEMTRAPHEVFWD,2055,0.0
RE1,DEMTRAPHEVLDV,2022,0.0
RE1,DEMTRAPHEVLDV,2023,0.0
RE1,DEMTRAPHEVLDV,2024,0.0
RE1,DEMTRAPHEVLDV,2025,0.0
RE1,DEMTRAPHEVLDV,2026,0.0
RE1,DEMTRAPHEVLDV,2027,0.0
RE1,DEMTRAPHEVLDV,2028,0.0
RE1,DEMTRAPHEVLDV,2029,0.0
RE1,DEMTRAPHEVLDV,2030,0.0
RE1,DEMTRAPHEVLDV,2031,0.0
RE1,DEMTRAPHEVLDV,2032,0.0
RE1,DEMTRAPHEVLDV,2033,0.0
RE1,DEMTRAPHEVLDV,2034,0.0
RE1,DEMTRAPHEVLDV,2035,0.0
RE1,DEMTRAPHEVLDV,2036,0.0
RE1,DEMTRAPHEVLDV,2037,0.0
RE1,DEMTRAPHEVLDV,2038,0.0
RE1,DEMTRAPHEVLDV,2039,0.0
RE1,DEMTRAPHEVLDV,2040,0.0
RE1,DEMTRAPHEVLDV,2041,0.0
RE1,DEMTRAPHEVLDV,2042,0.0
RE1,DEMTRAPHEVLDV,2043,0.0
RE1,DEMTRAPHEVLDV,2044,0.0
RE1,DEMTRAPHEVLDV,2045,0.0
RE1,DEMTRAPHEVLDV,2046,0.0
RE1,DEMTRAPHEVLDV,2047,0.0
RE1,DEMTRAPHEVLDV,2048,0.0
RE1,DEMTRAPHEVLDV,2049,0.0
RE1,DEMTRAPHEVLDV,2050,0.0
RE1,DEMTRAPHEVLDV,2051,0.0
RE1,DEMTRAPHEVLDV,2052,0.0
RE1,DEMTRAPHEVLDV,2053,0.0
RE1,DEMTRAPHEVLDV,2054,0.0
RE1,DEMTRAPHEVLDV,2055,0.0
RE1,DEMTRAPHEVTAX,2022,0.03196299440091
RE1,DEMTRAPHEVTAX,2023,0.0338755118523333
RE1,DEMTRAPHEVTAX,2024,0.0309707616836379
RE1,DEMTRAPHEVTAX,2025,0.0309638591085058
RE1,DEMTRAPHEVTAX,2026,0.0309497015120095
RE1,DEMTRAPHEVTAX,2027,0.0309183837526628
RE1,DEMTRAPHEVTAX,2028,0.0308576635064785
RE1,DEMTRAPHEVTAX,2029,0.0307506406299008
RE1,DEMTRAPHEVTAX,2030,0.030575227494508
RE1,DEMTRAPHEVTAX,2031,0.0303038913197136
RE1,DEMTRAPHEVTAX,2032,0.0299038394044969
RE1,DEMTRAPHEVTAX,2033,0.0293378704614677
RE1,DEMTRAPHEVTAX,2034,0.0285661526398347
RE1,DEMTRAPHEVTAX,2035,0.0275491857162839
RE1,DEMTRAPHEVTAX,2036,0.0262521255567051
RE1,DEMTRAPHEVTAX,2037,0.0246504524496346
RE1,DEMTRAPHEVTAX,2038,0.0227366195855243
RE1,DEMTRAPHEVTAX,2039,0.0205268273352388
RE1,DEMTRAPHEVTAX,2040,0.0180665072576254
RE1,DEMTRAPHEVTAX,2041,0.0154326432187007
RE1,DEMTRAPHEVTAX,2042,0.0127309832482469
RE1,DEMTRAPHEVTAX,2043,0.0100868131790373
RE1,DEMTRAPHEVTAX,2044,0.0076294470810656
RE1,DEMTRAPHEVTAX,2045,0.0054727586444472
RE1,DEMTRAPHEVTAX,2046,0.0036962372390891
RE1,DEMTRAPHEVTAX,2047,0.0023321023225308
RE1,DEMTRAPHEVTAX,2048,0.0013629498923685
RE1,DEMTRAPHEVTAX,2049,0.0007310920447655
RE1,DEMTRAPHEVTAX,2050,0.000356396285977
RE1,DEMTRAPHEVTAX,2051,0.0001562264805016
RE1,DEMTRAPHEVTAX,2052,6.088340604251507e-05
RE1,DEMTRAPHEVTAX,2053,2.083954163484487e-05
RE1,DEMTRAPHEVTAX,2054,6.184331535873493e-06
RE1,DEMTRAPHEVTAX,2055,6.184331535873493e-06
RE1,EXPCOA,2022,0.0
RE1,EXPCOA,2023,0.0
RE1,EXPCOA,2024,0.0
RE1,EXPCOA,2025,0.0
RE1,EXPCOA,2026,0.0
RE1,EXPCOA,2027,0.0
RE1,EXPCOA,2028,0.0
RE1,EXPCOA,2029,0.0
RE1,EXPCOA,2030,0.0
RE1,EXPCOA,2031,0.0
RE1,EXPCOA,2032,0.0
RE1,EXPCOA,2033,0.0
RE1,EXPCOA,2034,0.0
RE1,EXPCOA,2035,0.0
RE1,EXPCOA,2036,0.0
RE1,EXPCOA,2037,0.0
RE1,EXPCOA,2038,0.0
RE1,EXPCOA,2039,0.0
RE1,EXPCOA,2040,0.0
RE1,EXPCOA,2041,0.0
RE1,EXPCOA,2042,0.0
RE1,EXPCOA,2043,0.0
RE1,EXPCOA,2044,0.0
RE1,EXPCOA,2045,0.0
RE1,EXPCOA,2046,0.0
RE1,EXPCOA,2047,0.0
RE1,EXPCOA,2048,0.0
RE1,EXPCOA,2049,0.0
RE1,EXPCOA,2050,0.0
RE1,EXPCOA,2051,0.0
RE1,EXPCOA,2052,0.0
RE1,EXPCOA,2053,0.0
RE1,EXPCOA,2054,0.0
RE1,EXPCOA,2055,0.0
RE1,EXPDSL,2022,0.0
RE1,EXPDSL,2023,0.0
RE1,EXPDSL,2024,0.0
RE1,EXPDSL,2025,0.0
RE1,EXPDSL,2026,0.0
RE1,EXPDSL,2027,0.0
RE1,EXPDSL,2028,0.0
RE1,EXPDSL,2029,0.0
RE1,EXPDSL,2030,0.0
RE1,EXPDSL,2031,0.0
RE1,EXPDSL,2032,0.0
RE1,EXPDSL,2033,0.0
RE1,EXPDSL,2034,0.0
RE1,EXPDSL,2035,0.0
RE1,EXPDSL,2036,0.0
RE1,EXPDSL,2037,0.0
RE1,EXPDSL,2038,0.0
RE1,EXPDSL,2039,0.0
RE1,EXPDSL,2040,0.0
RE1,EXPDSL,2041,0.0
RE1,EXPDSL,2042,0.0
RE1,EXPDSL,2043,0.0
RE1,EXPDSL,2044,0.0
RE1,EXPDSL,2045,0.0
RE1,EXPDSL,2046,0.0
RE1,EXPDSL,2047,0.0
RE1,EXPDSL,2048,0.0
RE1,EXPDSL,2049,0.0
RE1,EXPDSL,2050,0.0
RE1,EXPDSL,2051,0.0
RE1,EXPDSL,2052,0.0
RE1,EXPDSL,2053,0.0
RE1,EXPDSL,2054,0.0
RE1,EXPDSL,2055,0.0
RE1,EXPECU,2022,1.675076953248
RE1,EXPECU,2023,4.667880941388
RE1,EXPECU,2024,4.560443958204
RE1,EXPECU,2025,0.0
RE1,EXPECU,2026,0.0
RE1,EXPECU,2027,0.0
RE1,EXPECU,2028,0.0
RE1,EXPECU,2029,0.0
RE1,EXPECU,2030,0.0
RE1,EXPECU,2031,0.0
RE1,EXPECU,2032,0.0
RE1,EXPECU,2033,0.0
RE1,EXPECU,2034,0.0
RE1,EXPECU,2035,0.0
RE1,EXPECU,2036,0.0
RE1,EXPECU,2037,0.0
RE1,EXPECU,2038,0.0
RE1,EXPECU,2039,0.0
RE1,EXPECU,2040,0.0
RE1,EXPECU,2041,0.0
RE1,EXPECU,2042,0.0
RE1,EXPECU,2043,0.0
RE1,EXPECU,2044,0.0
RE1,EXPECU,2045,0.0
RE1,EXPECU,2046,0.0
RE1,EXPECU,2047,0.0
RE1,EXPECU,2048,0.0
RE1,EXPECU,2049,0.0
RE1,EXPECU,2050,0.0
RE1,EXPECU,2051,0.0
RE1,EXPECU,2052,0.0
RE1,EXPECU,2053,0.0
RE1,EXPECU,2054,0.0
RE1,EXPECU,2055,0.0
RE1,EXPGSL,2022,0.0
RE1,EXPGSL,2023,0.0
RE1,EXPGSL,2024,0.0
RE1,EXPGSL,2025,0.0
RE1,EXPGSL,2026,0.0
RE1,EXPGSL,2027,0.0
RE1,EXPGSL,2028,0.0
RE1,EXPGSL,2029,0.0
RE1,EXPGSL,2030,0.0
RE1,EXPGSL,2031,0.0
RE1,EXPGSL,2032,0.0
RE1,EXPGSL,2033,0.0
RE1,EXPGSL,2034,0.0
RE1,EXPGSL,2035,0.0
RE1,EXPGSL,2036,0.0
RE1,EXPGSL,2037,0.0
RE1,EXPGSL,2038,0.0
RE1,EXPGSL,2039,0.0
RE1,EXPGSL,2040,0.0
RE1,EXPGSL,2041,0.0
RE1,EXPGSL,2042,0.0
RE1,EXPGSL,2043,0.0
RE1,EXPGSL,2044,0.0
RE1,EXPGSL,2045,0.0
RE1,EXPGSL,2046,0.0
RE1,EXPGSL,2047,0.0
RE1,EXPGSL,2048,0.0
RE1,EXPGSL,2049,0.0
RE1,EXPGSL,2050,0.0
RE1,EXPGSL,2051,0.0
RE1,EXPGSL,2052,0.0
RE1,EXPGSL,2053,0.0
RE1,EXPGSL,2054,0.0
RE1,EXPGSL,2055,0.0
RE1,EXPJET,2022,0.0
RE1,EXPJET,2023,0.0
RE1,EXPJET,2024,0.0
RE1,EXPJET,2025,0.0
RE1,EXPJET,2026,0.0
RE1,EXPJET,2027,0.0
RE1,EXPJET,2028,0.0
RE1,EXPJET,2029,0.0
RE1,EXPJET,2030,0.0
RE1,EXPJET,2031,0.0
RE1,EXPJET,2032,0.0
RE1,EXPJET,2033,0.0
RE1,EXPJET,2034,0.0
RE1,EXPJET,2035,0.0
RE1,EXPJET,2036,0.0
RE1,EXPJET,2037,0.0
RE1,EXPJET,2038,0.0
RE1,EXPJET,2039,0.0
RE1,EXPJET,2040,0.0
RE1,EXPJET,2041,0.0
RE1,EXPJET,2042,0.0
RE1,EXPJET,2043,0.0
RE1,EXPJET,2044,0.0
RE1,EXPJET,2045,0.0
RE1,EXPJET,2046,0.0
RE1,EXPJET,2047,0.0
RE1,EXPJET,2048,0.0
RE1,EXPJET,2049,0.0
RE1,EXPJET,2050,0.0
RE1,EXPJET,2051,0.0
RE1,EXPJET,2052,0.0
RE1,EXPJET,2053,0.0
RE1,EXPJET,2054,0.0
RE1,EXPJET,2055,0.0
RE1,EXPLPG,2022,0.0
RE1,EXPLPG,2023,0.0
RE1,EXPLPG,2024,0.0
RE1,EXPLPG,2025,0.0
RE1,EXPLPG,2026,0.0
RE1,EXPLPG,2027,0.0
RE1,EXPLPG,2028,0.0
RE1,EXPLPG,2029,0.0
RE1,EXPLPG,2030,0.0
RE1,EXPLPG,2031,0.0
RE1,EXPLPG,2032,0.0
RE1,EXPLPG,2033,0.0
RE1,EXPLPG,2034,0.0
RE1,EXPLPG,2035,0.0
RE1,EXPLPG,2036,0.0
RE1,EXPLPG,2037,0.0
RE1,EXPLPG,2038,0.0
RE1,EXPLPG,2039,0.0
RE1,EXPLPG,2040,0.0
RE1,EXPLPG,2041,0.0
RE1,EXPLPG,2042,0.0
RE1,EXPLPG,2043,0.0
RE1,EXPLPG,2044,0.0
RE1,EXPLPG,2045,0.0
RE1,EXPLPG,2046,0.0
RE1,EXPLPG,2047,0.0
RE1,EXPLPG,2048,0.0
RE1,EXPLPG,2049,0.0
RE1,EXPLPG,2050,0.0
RE1,EXPLPG,2051,0.0
RE1,EXPLPG,2052,0.0
RE1,EXPLPG,2053,0.0
RE1,EXPLPG,2054,0.0
RE1,EXPLPG,2055,0.0
RE1,EXPOIL_1LIV,2022,0.0
RE1,EXPOIL_1LIV,2023,0.0
RE1,EXPOIL_1LIV,2024,0.0
RE1,EXPOIL_1LIV,2025,0.0
RE1,EXPOIL_1LIV,2026,0.0
RE1,EXPOIL_1LIV,2027,0.0
RE1,EXPOIL_1LIV,2028,0.0
RE1,EXPOIL_1LIV,2029,0.0
RE1,EXPOIL_1LIV,2030,0.0
RE1,EXPOIL_1LIV,2031,0.0
RE1,EXPOIL_1LIV,2032,0.0
RE1,EXPOIL_1LIV,2033,0.0
RE1,EXPOIL_1LIV,2034,0.0
RE1,EXPOIL_1LIV,2035,0.0
RE1,EXPOIL_1LIV,2036,0.0
RE1,EXPOIL_1LIV,2037,0.0
RE1,EXPOIL_1LIV,2038,0.0
RE1,EXPOIL_1LIV,2039,0.0
RE1,EXPOIL_1LIV,2040,0.0
RE1,EXPOIL_1LIV,2041,0.0
RE1,EXPOIL_1LIV,2042,0.0
RE1,EXPOIL_1LIV,2043,0.0
RE1,EXPOIL_1LIV,2044,0.0
RE1,EXPOIL_1LIV,2045,0.0
RE1,EXPOIL_1LIV,2046,0.0
RE1,EXPOIL_1LIV,2047,0.0
RE1,EXPOIL_1LIV,2048,0.0
RE1,EXPOIL_1LIV,2049,0.0
RE1,EXPOIL_1LIV,2050,0.0
RE1,EXPOIL_1LIV,2051,0.0
RE1,EXPOIL_1LIV,2052,0.0
RE1,EXPOIL_1LIV,2053,0.0
RE1,EXPOIL_1LIV,2054,0.0
RE1,EXPOIL_1LIV,2055,0.0
RE1,EXPOIL_2MID,2022,0.0
RE1,EXPOIL_2MID,2023,0.0
RE1,EXPOIL_2MID,2024,0.0
RE1,EXPOIL_2MID,2025,0.0
RE1,EXPOIL_2MID,2026,0.0
RE1,EXPOIL_2MID,2027,0.0
RE1,EXPOIL_2MID,2028,0.0
RE1,EXPOIL_2MID,2029,0.0
RE1,EXPOIL_2MID,2030,0.0
RE1,EXPOIL_2MID,2031,0.0
RE1,EXPOIL_2MID,2032,0.0
RE1,EXPOIL_2MID,2033,0.0
RE1,EXPOIL_2MID,2034,0.0
RE1,EXPOIL_2MID,2035,0.0
RE1,EXPOIL_2MID,2036,0.0
RE1,EXPOIL_2MID,2037,0.0
RE1,EXPOIL_2MID,2038,0.0
RE1,EXPOIL_2MID,2039,0.0
RE1,EXPOIL_2MID,2040,0.0
RE1,EXPOIL_2MID,2041,0.0
RE1,EXPOIL_2MID,2042,0.0
RE1,EXPOIL_2MID,2043,0.0
RE1,EXPOIL_2MID,2044,0.0
RE1,EXPOIL_2MID,2045,0.0
RE1,EXPOIL_2MID,2046,0.0
RE1,EXPOIL_2MID,2047,0.0
RE1,EXPOIL_2MID,2048,0.0
RE1,EXPOIL_2MID,2049,0.0
RE1,EXPOIL_2MID,2050,0.0
RE1,EXPOIL_2MID,2051,0.0
RE1,EXPOIL_2MID,2052,0.0
RE1,EXPOIL_2MID,2053,0.0
RE1,EXPOIL_2MID,2054,0.0
RE1,EXPOIL_2MID,2055,0.0
RE1,EXPOIL_3PES,2022,0.0
RE1,EXPOIL_3PES,2023,0.0
RE1,EXPOIL_3PES,2024,0.0
RE1,EXPOIL_3PES,2025,0.0
RE1,EXPOIL_3PES,2026,0.0
RE1,EXPOIL_3PES,2027,0.0
RE1,EXPOIL_3PES,2028,0.0
RE1,EXPOIL_3PES,2029,0.0
RE1,EXPOIL_3PES,2030,0.0
RE1,EXPOIL_3PES,2031,0.0
RE1,EXPOIL_3PES,2032,0.0
RE1,EXPOIL_3PES,2033,0.0
RE1,EXPOIL_3PES,2034,0.0
RE1,EXPOIL_3PES,2035,0.0
RE1,EXPOIL_3PES,2036,0.0
RE1,EXPOIL_3PES,2037,0.0
RE1,EXPOIL_3PES,2038,0.0
RE1,EXPOIL_3PES,2039,0.0
RE1,EXPOIL_3PES,2040,0.0
RE1,EXPOIL_3PES,2041,0.0
RE1,EXPOIL_3PES,2042,0.0
RE1,EXPOIL_3PES,2043,0.0
RE1,EXPOIL_3PES,2044,0.0
RE1,EXPOIL_3PES,2045,0.0
RE1,EXPOIL_3PES,2046,0.0
RE1,EXPOIL_3PES,2047,0.0
RE1,EXPOIL_3PES,2048,0.0
RE1,EXPOIL_3PES,2049,0.0
RE1,EXPOIL_3PES,2050,0.0
RE1,EXPOIL_3PES,2051,0.0
RE1,EXPOIL_3PES,2052,0.0
RE1,EXPOIL_3PES,2053,0.0
RE1,EXPOIL_3PES,2054,0.0
RE1,EXPOIL_3PES,2055,0.0
RE1,GRDCOADST,2022,0.0
RE1,GRDCOADST,2023,0.0
RE1,GRDCOADST,2024,0.0
RE1,GRDCOADST,2025,0.0
RE1,GRDCOADST,2026,0.0
RE1,GRDCOADST,2027,0.0
RE1,GRDCOADST,2028,0.0
RE1,GRDCOADST,2029,0.0
RE1,GRDCOADST,2030,0.0
RE1,GRDCOADST,2031,0.0
RE1,GRDCOADST,2032,0.0
RE1,GRDCOADST,2033,0.0
RE1,GRDCOADST,2034,0.0
RE1,GRDCOADST,2035,0.0
RE1,GRDCOADST,2036,0.0
RE1,GRDCOADST,2037,0.0
RE1,GRDCOADST,2038,0.0
RE1,GRDCOADST,2039,0.0
RE1,GRDCOADST,2040,0.0
RE1,GRDCOADST,2041,0.0
RE1,GRDCOADST,2042,0.0
RE1,GRDCOADST,2043,0.0
RE1,GRDCOADST,2044,0.0
RE1,GRDCOADST,2045,0.0
RE1,GRDCOADST,2046,0.0
RE1,GRDCOADST,2047,0.0
RE1,GRDCOADST,2048,0.0
RE1,GRDCOADST,2049,0.0
RE1,GRDCOADST,2050,0.0
RE1,GRDCOADST,2051,0.0
RE1,GRDCOADST,2052,0.0
RE1,GRDCOADST,2053,0.0
RE1,GRDCOADST,2054,0.0
RE1,GRDCOADST,2055,0.0
RE1,GRDLPGDST,2022,0.0
RE1,GRDLPGDST,2023,0.0
RE1,GRDLPGDST,2024,0.0
RE1,GRDLPGDST,2025,0.0
RE1,GRDLPGDST,2026,0.0
RE1,GRDLPGDST,2027,0.0
RE1,GRDLPGDST,2028,0.0
RE1,GRDLPGDST,2029,0.0
RE1,GRDLPGDST,2030,0.0
RE1,GRDLPGDST,2031,0.0
RE1,GRDLPGDST,2032,0.0
RE1,GRDLPGDST,2033,0.0
RE1,GRDLPGDST,2034,0.0
RE1,GRDLPGDST,2035,0.0
RE1,GRDLPGDST,2036,0.0
RE1,GRDLPGDST,2037,0.0
RE1,GRDLPGDST,2038,0.0
RE1,GRDLPGDST,2039,0.0
RE1,GRDLPGDST,2040,0.0
RE1,GRDLPGDST,2041,0.0
RE1,GRDLPGDST,2042,0.0
RE1,GRDLPGDST,2043,0.0
RE1,GRDLPGDST,2044,0.0
RE1,GRDLPGDST,2045,0.0
RE1,GRDLPGDST,2046,0.0
RE1,GRDLPGDST,2047,0.0
RE1,GRDLPGDST,2048,0.0
RE1,GRDLPGDST,2049,0.0
RE1,GRDLPGDST,2050,0.0
RE1,GRDLPGDST,2051,0.0
RE1,GRDLPGDST,2052,0.0
RE1,GRDLPGDST,2053,0.0
RE1,GRDLPGDST,2054,0.0
RE1,GRDLPGDST,2055,0.0
RE1,GRDNGSDST,2022,0.0
RE1,GRDNGSDST,2023,0.0
RE1,GRDNGSDST,2024,0.0
RE1,GRDNGSDST,2025,0.0
RE1,GRDNGSDST,2026,0.0
RE1,GRDNGSDST,2027,0.0
RE1,GRDNGSDST,2028,0.0
RE1,GRDNGSDST,2029,0.0
RE1,GRDNGSDST,2030,0.0
RE1,GRDNGSDST,2031,0.0
RE1,GRDNGSDST,2032,0.0
RE1,GRDNGSDST,2033,0.0
RE1,GRDNGSDST,2034,0.0
RE1,GRDNGSDST,2035,0.0
RE1,GRDNGSDST,2036,0.0
RE1,GRDNGSDST,2037,0.0
RE1,GRDNGSDST,2038,0.0
RE1,GRDNGSDST,2039,0.0
RE1,GRDNGSDST,2040,0.0
RE1,GRDNGSDST,2041,0.0
RE1,GRDNGSDST,2042,0.0
RE1,GRDNGSDST,2043,0.0
RE1,GRDNGSDST,2044,0.0
RE1,GRDNGSDST,2045,0.0
RE1,GRDNGSDST,2046,0.0
RE1,GRDNGSDST,2047,0.0
RE1,GRDNGSDST,2048,0.0
RE1,GRDNGSDST,2049,0.0
RE1,GRDNGSDST,2050,0.0
RE1,GRDNGSDST,2051,0.0
RE1,GRDNGSDST,2052,0.0
RE1,GRDNGSDST,2053,0.0
RE1,GRDNGSDST,2054,0.0
RE1,GRDNGSDST,2055,0.0
RE1,GRDTYDELC,2022,0.0
RE1,GRDTYDELC,2023,0.0
RE1,GRDTYDELC,2024,0.0
RE1,GRDTYDELC,2025,0.0
RE1,GRDTYDELC,2026,0.0
RE1,GRDTYDELC,2027,0.0
RE1,GRDTYDELC,2028,0.0
RE1,GRDTYDELC,2029,0.0
RE1,GRDTYDELC,2030,0.0
RE1,GRDTYDELC,2031,0.0
RE1,GRDTYDELC,2032,0.0
RE1,GRDTYDELC,2033,0.0
RE1,GRDTYDELC,2034,0.0
RE1,GRDTYDELC,2035,0.0
RE1,GRDTYDELC,2036,0.0
RE1,GRDTYDELC,2037,0.0
RE1,GRDTYDELC,2038,0.0
RE1,GRDTYDELC,2039,0.0
RE1,GRDTYDELC,2040,0.0
RE1,GRDTYDELC,2041,0.0
RE1,GRDTYDELC,2042,0.0
RE1,GRDTYDELC,2043,0.0
RE1,GRDTYDELC,2044,0.0
RE1,GRDTYDELC,2045,0.0
RE1,GRDTYDELC,2046,0.0
RE1,GRDTYDELC,2047,0.0
RE1,GRDTYDELC,2048,0.0
RE1,GRDTYDELC,2049,0.0
RE1,GRDTYDELC,2050,0.0
RE1,GRDTYDELC,2051,0.0
RE1,GRDTYDELC,2052,0.0
RE1,GRDTYDELC,2053,0.0
RE1,GRDTYDELC,2054,0.0
RE1,GRDTYDELC,2055,0.0
RE1,IMPDSL,2022,0.0
RE1,IMPDSL,2023,0.0
RE1,IMPDSL,2024,0.0
RE1,IMPDSL,2025,0.0
RE1,IMPDSL,2026,0.0
RE1,IMPDSL,2027,0.0
RE1,IMPDSL,2028,0.0
RE1,IMPDSL,2029,0.0
RE1,IMPDSL,2030,0.0
RE1,IMPDSL,2031,0.0
RE1,IMPDSL,2032,0.0
RE1,IMPDSL,2033,0.0
RE1,IMPDSL,2034,0.0
RE1,IMPDSL,2035,0.0
RE1,IMPDSL,2036,0.0
RE1,IMPDSL,2037,0.0
RE1,IMPDSL,2038,0.0
RE1,IMPDSL,2039,0.0
RE1,IMPDSL,2040,0.0
RE1,IMPDSL,2041,0.0
RE1,IMPDSL,2042,0.0
RE1,IMPDSL,2043,0.0
RE1,IMPDSL,2044,0.0
RE1,IMPDSL,2045,0.0
RE1,IMPDSL,2046,0.0
RE1,IMPDSL,2047,0.0
RE1,IMPDSL,2048,0.0
RE1,IMPDSL,2049,0.0
RE1,IMPDSL,2050,0.0
RE1,IMPDSL,2051,0.0
RE1,IMPDSL,2052,0.0
RE1,IMPDSL,2053,0.0
RE1,IMPDSL,2054,0.0
RE1,IMPDSL,2055,0.0
RE1,IMPFOL,2022,0.0
RE1,IMPFOL,2023,0.0
RE1,IMPFOL,2024,0.0
RE1,IMPFOL,2025,0.0
RE1,IMPFOL,2026,0.0
RE1,IMPFOL,2027,0.0
RE1,IMPFOL,2028,0.0
RE1,IMPFOL,2029,0.0
RE1,IMPFOL,2030,0.0
RE1,IMPFOL,2031,0.0
RE1,IMPFOL,2032,0.0
RE1,IMPFOL,2033,0.0
RE1,IMPFOL,2034,0.0
RE1,IMPFOL,2035,0.0
RE1,IMPFOL,2036,0.0
RE1,IMPFOL,2037,0.0
RE1,IMPFOL,2038,0.0
RE1,IMPFOL,2039,0.0
RE1,IMPFOL,2040,0.0
RE1,IMPFOL,2041,0.0
RE1,IMPFOL,2042,0.0
RE1,IMPFOL,2043,0.0
RE1,IMPFOL,2044,0.0
RE1,IMPFOL,2045,0.0
RE1,IMPFOL,2046,0.0
RE1,IMPFOL,2047,0.0
RE1,IMPFOL,2048,0.0
RE1,IMPFOL,2049,0.0
RE1,IMPFOL,2050,0.0
RE1,IMPFOL,2051,0.0
RE1,IMPFOL,2052,0.0
RE1,IMPFOL,2053,0.0
RE1,IMPFOL,2054,0.0
RE1,IMPFOL,2055,0.0
RE1,IMPGSL,2022,0.0
RE1,IMPGSL,2023,0.0
RE1,IMPGSL,2024,0.0
RE1,IMPGSL,2025,0.0
RE1,IMPGSL,2026,0.0
RE1,IMPGSL,2027,0.0
RE1,IMPGSL,2028,0.0
RE1,IMPGSL,2029,0.0
RE1,IMPGSL,2030,0.0
RE1,IMPGSL,2031,0.0
RE1,IMPGSL,2032,0.0
RE1,IMPGSL,2033,0.0
RE1,IMPGSL,2034,0.0
RE1,IMPGSL,2035,0.0
RE1,IMPGSL,2036,0.0
RE1,IMPGSL,2037,0.0
RE1,IMPGSL,2038,0.0
RE1,IMPGSL,2039,0.0
RE1,IMPGSL,2040,0.0
RE1,IMPGSL,2041,0.0
RE1,IMPGSL,2042,0.0
RE1,IMPGSL,2043,0.0
RE1,IMPGSL,2044,0.0
RE1,IMPGSL,2045,0.0
RE1,IMPGSL,2046,0.0
RE1,IMPGSL,2047,0.0
RE1,IMPGSL,2048,0.0
RE1,IMPGSL,2049,0.0
RE1,IMPGSL,2050,0.0
RE1,IMPGSL,2051,0.0
RE1,IMPGSL,2052,0.0
RE1,IMPGSL,2053,0.0
RE1,IMPGSL,2054,0.0
RE1,IMPGSL,2055,0.0
RE1,IMPJET,2022,0.0
RE1,IMPJET,2023,0.0
RE1,IMPJET,2024,0.0
RE1,IMPJET,2025,0.0
RE1,IMPJET,2026,0.0
RE1,IMPJET,2027,0.0
RE1,IMPJET,2028,0.0
RE1,IMPJET,2029,0.0
RE1,IMPJET,2030,0.0
RE1,IMPJET,2031,0.0
RE1,IMPJET,2032,0.0
RE1,IMPJET,2033,0.0
RE1,IMPJET,2034,0.0
RE1,IMPJET,2035,0.0
RE1,IMPJET,2036,0.0
RE1,IMPJET,2037,0.0
RE1,IMPJET,2038,0.0
RE1,IMPJET,2039,0.0
RE1,IMPJET,2040,0.0
RE1,IMPJET,2041,0.0
RE1,IMPJET,2042,0.0
RE1,IMPJET,2043,0.0
RE1,IMPJET,2044,0.0
RE1,IMPJET,2045,0.0
RE1,IMPJET,2046,0.0
RE1,IMPJET,2047,0.0
RE1,IMPJET,2048,0.0
RE1,IMPJET,2049,0.0
RE1,IMPJET,2050,0.0
RE1,IMPJET,2051,0.0
RE1,IMPJET,2052,0.0
RE1,IMPJET,2053,0.0
RE1,IMPJET,2054,0.0
RE1,IMPJET,2055,0.0
RE1,IMPLNG,2022,0.0
RE1,IMPLNG,2023,0.0
RE1,IMPLNG,2024,0.0
RE1,IMPLNG,2025,0.0
RE1,IMPLNG,2026,0.0
RE1,IMPLNG,2027,0.0
RE1,IMPLNG,2028,0.0
RE1,IMPLNG,2029,0.0
RE1,IMPLNG,2030,0.0
RE1,IMPLNG,2031,0.0
RE1,IMPLNG,2032,0.0
RE1,IMPLNG,2033,0.0
RE1,IMPLNG,2034,0.0
RE1,IMPLNG,2035,0.0
RE1,IMPLNG,2036,0.0
RE1,IMPLNG,2037,0.0
RE1,IMPLNG,2038,0.0
RE1,IMPLNG,2039,0.0
RE1,IMPLNG,2040,0.0
RE1,IMPLNG,2041,0.0
RE1,IMPLNG,2042,0.0
RE1,IMPLNG,2043,0.0
RE1,IMPLNG,2044,0.0
RE1,IMPLNG,2045,0.0
RE1,IMPLNG,2046,0.0
RE1,IMPLNG,2047,0.0
RE1,IMPLNG,2048,0.0
RE1,IMPLNG,2049,0.0
RE1,IMPLNG,2050,0.0
RE1,IMPLNG,2051,0.0
RE1,IMPLNG,2052,0.0
RE1,IMPLNG,2053,0.0
RE1,IMPLNG,2054,0.0
RE1,IMPLNG,2055,0.0
RE1,IMPLPG,2022,0.0
RE1,IMPLPG,2023,0.0
RE1,IMPLPG,2024,0.0
RE1,IMPLPG,2025,0.0
RE1,IMPLPG,2026,0.0
RE1,IMPLPG,2027,0.0
RE1,IMPLPG,2028,0.0
RE1,IMPLPG,2029,0.0
RE1,IMPLPG,2030,0.0
RE1,IMPLPG,2031,0.0
RE1,IMPLPG,2032,0.0
RE1,IMPLPG,2033,0.0
RE1,IMPLPG,2034,0.0
RE1,IMPLPG,2035,0.0
RE1,IMPLPG,2036,0.0
RE1,IMPLPG,2037,0.0
RE1,IMPLPG,2038,0.0
RE1,IMPLPG,2039,0.0
RE1,IMPLPG,2040,0.0
RE1,IMPLPG,2041,0.0
RE1,IMPLPG,2042,0.0
RE1,IMPLPG,2043,0.0
RE1,IMPLPG,2044,0.0
RE1,IMPLPG,2045,0.0
RE1,IMPLPG,2046,0.0
RE1,IMPLPG,2047,0.0
RE1,IMPLPG,2048,0.0
RE1,IMPLPG,2049,0.0
RE1,IMPLPG,2050,0.0
RE1,IMPLPG,2051,0.0
RE1,IMPLPG,2052,0.0
RE1,IMPLPG,2053,0.0
RE1,IMPLPG,2054,0.0
RE1,IMPLPG,2055,0.0
RE1,IMPOIL_1LIV,2022,0.0
RE1,IMPOIL_1LIV,2023,0.0
RE1,IMPOIL_1LIV,2024,0.0
RE1,IMPOIL_1LIV,2025,0.0
RE1,IMPOIL_1LIV,2026,0.0
RE1,IMPOIL_1LIV,2027,0.0
RE1,IMPOIL_1LIV,2028,0.0
RE1,IMPOIL_1LIV,2029,0.0
RE1,IMPOIL_1LIV,2030,0.0
RE1,IMPOIL_1LIV,2031,0.0
RE1,IMPOIL_1LIV,2032,0.0
RE1,IMPOIL_1LIV,2033,0.0
RE1,IMPOIL_1LIV,2034,0.0
RE1,IMPOIL_1LIV,2035,0.0
RE1,IMPOIL_1LIV,2036,0.0
RE1,IMPOIL_1LIV,2037,0.0
RE1,IMPOIL_1LIV,2038,0.0
RE1,IMPOIL_1LIV,2039,0.0
RE1,IMPOIL_1LIV,2040,0.0
RE1,IMPOIL_1LIV,2041,0.0
RE1,IMPOIL_1LIV,2042,0.0
RE1,IMPOIL_1LIV,2043,0.0
RE1,IMPOIL_1LIV,2044,0.0
RE1,IMPOIL_1LIV,2045,0.0
RE1,IMPOIL_1LIV,2046,0.0
RE1,IMPOIL_1LIV,2047,0.0
RE1,IMPOIL_1LIV,2048,0.0
RE1,IMPOIL_1LIV,2049,0.0
RE1,IMPOIL_1LIV,2050,0.0
RE1,IMPOIL_1LIV,2051,0.0
RE1,IMPOIL_1LIV,2052,0.0
RE1,IMPOIL_1LIV,2053,0.0
RE1,IMPOIL_1LIV,2054,0.0
RE1,IMPOIL_1LIV,2055,0.0
RE1,IMPOIL_2MID,2022,0.0
RE1,IMPOIL_2MID,2023,0.0
RE1,IMPOIL_2MID,2024,0.0
RE1,IMPOIL_2MID,2025,0.0
RE1,IMPOIL_2MID,2026,0.0
RE1,IMPOIL_2MID,2027,0.0
RE1,IMPOIL_2MID,2028,0.0
RE1,IMPOIL_2MID,2029,0.0
RE1,IMPOIL_2MID,2030,0.0
RE1,IMPOIL_2MID,2031,0.0
RE1,IMPOIL_2MID,2032,0.0
RE1,IMPOIL_2MID,2033,0.0
RE1,IMPOIL_2MID,2034,0.0
RE1,IMPOIL_2MID,2035,0.0
RE1,IMPOIL_2MID,2036,0.0
RE1,IMPOIL_2MID,2037,0.0
RE1,IMPOIL_2MID,2038,0.0
RE1,IMPOIL_2MID,2039,0.0
RE1,IMPOIL_2MID,2040,0.0
RE1,IMPOIL_2MID,2041,0.0
RE1,IMPOIL_2MID,2042,0.0
RE1,IMPOIL_2MID,2043,0.0
RE1,IMPOIL_2MID,2044,0.0
RE1,IMPOIL_2MID,2045,0.0
RE1,IMPOIL_2MID,2046,0.0
RE1,IMPOIL_2MID,2047,0.0
RE1,IMPOIL_2MID,2048,0.0
RE1,IMPOIL_2MID,2049,0.0
RE1,IMPOIL_2MID,2050,0.0
RE1,IMPOIL_2MID,2051,0.0
RE1,IMPOIL_2MID,2052,0.0
RE1,IMPOIL_2MID,2053,0.0
RE1,IMPOIL_2MID,2054,0.0
RE1,IMPOIL_2MID,2055,0.0
RE1,IMPOIL_3PES,2022,0.0
RE1,IMPOIL_3PES,2023,0.0
RE1,IMPOIL_3PES,2024,0.0
RE1,IMPOIL_3PES,2025,0.0
RE1,IMPOIL_3PES,2026,0.0
RE1,IMPOIL_3PES,2027,0.0
RE1,IMPOIL_3PES,2028,0.0
RE1,IMPOIL_3PES,2029,0.0
RE1,IMPOIL_3PES,2030,0.0
RE1,IMPOIL_3PES,2031,0.0
RE1,IMPOIL_3PES,2032,0.0
RE1,IMPOIL_3PES,2033,0.0
RE1,IMPOIL_3PES,2034,0.0
RE1,IMPOIL_3PES,2035,0.0
RE1,IMPOIL_3PES,2036,0.0
RE1,IMPOIL_3PES,2037,0.0
RE1,IMPOIL_3PES,2038,0.0
RE1,IMPOIL_3PES,2039,0.0
RE1,IMPOIL_3PES,2040,0.0
RE1,IMPOIL_3PES,2041,0.0
RE1,IMPOIL_3PES,2042,0.0
RE1,IMPOIL_3PES,2043,0.0
RE1,IMPOIL_3PES,2044,0.0
RE1,IMPOIL_3PES,2045,0.0
RE1,IMPOIL_3PES,2046,0.0
RE1,IMPOIL_3PES,2047,0.0
RE1,IMPOIL_3PES,2048,0.0
RE1,IMPOIL_3PES,2049,0.0
RE1,IMPOIL_3PES,2050,0.0
RE1,IMPOIL_3PES,2051,0.0
RE1,IMPOIL_3PES,2052,0.0
RE1,IMPOIL_3PES,2053,0.0
RE1,IMPOIL_3PES,2054,0.0
RE1,IMPOIL_3PES,2055,0.0
RE1,IMPURN,2022,0.0
RE1,IMPURN,2023,0.0
RE1,IMPURN,2024,0.0
RE1,IMPURN,2025,0.0
RE1,IMPURN,2026,0.0
RE1,IMPURN,2027,0.0
RE1,IMPURN,2028,0.0
RE1,IMPURN,2029,0.0
RE1,IMPURN,2030,0.0
RE1,IMPURN,2031,0.0
RE1,IMPURN,2032,0.0
RE1,IMPURN,2033,0.0
RE1,IMPURN,2034,0.0
RE1,IMPURN,2035,0.0
RE1,IMPURN,2036,0.0
RE1,IMPURN,2037,0.0
RE1,IMPURN,2038,0.0
RE1,IMPURN,2039,0.0
RE1,IMPURN,2040,0.0
RE1,IMPURN,2041,0.0
RE1,IMPURN,2042,0.0
RE1,IMPURN,2043,0.0
RE1,IMPURN,2044,0.0
RE1,IMPURN,2045,0.0
RE1,IMPURN,2046,0.0
RE1,IMPURN,2047,0.0
RE1,IMPURN,2048,0.0
RE1,IMPURN,2049,0.0
RE1,IMPURN,2050,0.0
RE1,IMPURN,2051,0.0
RE1,IMPURN,2052,0.0
RE1,IMPURN,2053,0.0
RE1,IMPURN,2054,0.0
RE1,IMPURN,2055,0.0
RE1,MINAFR,2022,0.0
RE1,MINAFR,2023,0.0
RE1,MINAFR,2024,0.0
RE1,MINAFR,2025,0.0
RE1,MINAFR,2026,0.0
RE1,MINAFR,2027,0.0
RE1,MINAFR,2028,0.0
RE1,MINAFR,2029,0.0
RE1,MINAFR,2030,0.0
RE1,MINAFR,2031,0.0
RE1,MINAFR,2032,0.0
RE1,MINAFR,2033,0.0
RE1,MINAFR,2034,0.0
RE1,MINAFR,2035,0.0
RE1,MINAFR,2036,0.0
RE1,MINAFR,2037,0.0
RE1,MINAFR,2038,0.0
RE1,MINAFR,2039,0.0
RE1,MINAFR,2040,0.0
RE1,MINAFR,2041,0.0
RE1,MINAFR,2042,0.0
RE1,MINAFR,2043,0.0
RE1,MINAFR,2044,0.0
RE1,MINAFR,2045,0.0
RE1,MINAFR,2046,0.0
RE1,MINAFR,2047,0.0
RE1,MINAFR,2048,0.0
RE1,MINAFR,2049,0.0
RE1,MINAFR,2050,0.0
RE1,MINAFR,2051,0.0
RE1,MINAFR,2052,0.0
RE1,MINAFR,2053,0.0
RE1,MINAFR,2054,0.0
RE1,MINAFR,2055,0.0
RE1,MINBAG,2022,62.4779152
RE1,MINBAG,2023,63.9688566
RE1,MINBAG,2024,64.8869535
RE1,MINBAG,2025,70.5968138
RE1,MINBAG,2026,73.2141051
RE1,MINBAG,2027,73.4974041
RE1,MINBAG,2028,73.3194937
RE1,MINBAG,2029,72.7719009
RE1,MINBAG,2030,71.9913799
RE1,MINBAG,2031,72.629711
RE1,MINBAG,2032,73.8244242
RE1,MINBAG,2033,75.346184
RE1,MINBAG,2034,77.0559736
RE1,MINBAG,2035,78.8224715
RE1,MINBAG,2036,80.8890997
RE1,MINBAG,2037,83.0383943
RE1,MINBAG,2038,85.2575967
RE1,MINBAG,2039,87.5391512
RE1,MINBAG,2040,89.8764548
RE1,MINBAG,2041,92.2691521
RE1,MINBAG,2042,94.7217625
RE1,MINBAG,2043,97.2349351
RE1,MINBAG,2044,99.8096695
RE1,MINBAG,2045,102.447163
RE1,MINBAG,2046,105.153
RE1,MINBAG,2047,107.924518
RE1,MINBAG,2048,110.763168
RE1,MINBAG,2049,113.67044
RE1,MINBAG,2050,116.647862
RE1,MINBAG,2051,116.647862
RE1,MINBAG,2052,116.647862
RE1,MINBAG,2053,116.647862
RE1,MINBAG,2054,116.647862
RE1,MINBAG,2055,116.647862
RE1,MINCOA,2022,0.0
RE1,MINCOA,2023,0.0
RE1,MINCOA,2024,0.0
RE1,MINCOA,2025,0.0
RE1,MINCOA,2026,0.0
RE1,MINCOA,2027,0.0
RE1,MINCOA,2028,0.0
RE1,MINCOA,2029,0.0
RE1,MINCOA,2030,0.0
RE1,MINCOA,2031,0.0
RE1,MINCOA,2032,0.0
RE1,MINCOA,2033,0.0
RE1,MINCOA,2034,0.0
RE1,MINCOA,2035,0.0
RE1,MINCOA,2036,0.0
RE1,MINCOA,2037,0.0
RE1,MINCOA,2038,0.0
RE1,MINCOA,2039,0.0
RE1,MINCOA,2040,0.0
RE1,MINCOA,2041,0.0
RE1,MINCOA,2042,0.0
RE1,MINCOA,2043,0.0
RE1,MINCOA,2044,0.0
RE1,MINCOA,2045,0.0
RE1,MINCOA,2046,0.0
RE1,MINCOA,2047,0.0
RE1,MINCOA,2048,0.0
RE1,MINCOA,2049,0.0
RE1,MINCOA,2050,0.0
RE1,MINCOA,2051,0.0
RE1,MINCOA,2052,0.0
RE1,MINCOA,2053,0.0
RE1,MINCOA,2054,0.0
RE1,MINCOA,2055,0.0
RE1,MINCSP,2022,0.0
RE1,MINCSP,2023,0.0
RE1,MINCSP,2024,0.0
RE1,MINCSP,2025,0.0
RE1,MINCSP,2026,0.0
RE1,MINCSP,2027,0.0
RE1,MINCSP,2028,0.0
RE1,MINCSP,2029,0.0
RE1,MINCSP,2030,0.0
RE1,MINCSP,2031,0.0
RE1,MINCSP,2032,0.0
RE1,MINCSP,2033,0.0
RE1,MINCSP,2034,0.0
RE1,MINCSP,2035,0.0
RE1,MINCSP,2036,0.0
RE1,MINCSP,2037,0.0
RE1,MINCSP,2038,0.0
RE1,MINCSP,2039,0.0
RE1,MINCSP,2040,0.0
RE1,MINCSP,2041,0.0
RE1,MINCSP,2042,0.0
RE1,MINCSP,2043,0.0
RE1,MINCSP,2044,0.0
RE1,MINCSP,2045,0.0
RE1,MINCSP,2046,0.0
RE1,MINCSP,2047,0.0
RE1,MINCSP,2048,0.0
RE1,MINCSP,2049,0.0
RE1,MINCSP,2050,0.0
RE1,MINCSP,2051,0.0
RE1,MINCSP,2052,0.0
RE1,MINCSP,2053,0.0
RE1,MINCSP,2054,0.0
RE1,MINCSP,2055,0.0
RE1,MINDAM,2022,0.0
RE1,MINDAM,2023,0.0
RE1,MINDAM,2024,0.0
RE1,MINDAM,2025,0.0
RE1,MINDAM,2026,0.0
RE1,MINDAM,2027,0.0
RE1,MINDAM,2028,0.0
RE1,MINDAM,2029,0.0
RE1,MINDAM,2030,0.0
RE1,MINDAM,2031,0.0
RE1,MINDAM,2032,0.0
RE1,MINDAM,2033,0.0
RE1,MINDAM,2034,0.0
RE1,MINDAM,2035,0.0
RE1,MINDAM,2036,0.0
RE1,MINDAM,2037,0.0
RE1,MINDAM,2038,0.0
RE1,MINDAM,2039,0.0
RE1,MINDAM,2040,0.0
RE1,MINDAM,2041,0.0
RE1,MINDAM,2042,0.0
RE1,MINDAM,2043,0.0
RE1,MINDAM,2044,0.0
RE1,MINDAM,2045,0.0
RE1,MINDAM,2046,0.0
RE1,MINDAM,2047,0.0
RE1,MINDAM,2048,0.0
RE1,MINDAM,2049,0.0
RE1,MINDAM,2050,0.0
RE1,MINDAM,2051,0.0
RE1,MINDAM,2052,0.0
RE1,MINDAM,2053,0.0
RE1,MINDAM,2054,0.0
RE1,MINDAM,2055,0.0
RE1,MINGEO,2022,0.0
RE1,MINGEO,2023,0.0
RE1,MINGEO,2024,0.0
RE1,MINGEO,2025,0.0
RE1,MINGEO,2026,0.0
RE1,MINGEO,2027,0.0
RE1,MINGEO,2028,0.0
RE1,MINGEO,2029,0.0
RE1,MINGEO,2030,0.0
RE1,MINGEO,2031,0.0
RE1,MINGEO,2032,0.0
RE1,MINGEO,2033,0.0
RE1,MINGEO,2034,0.0
RE1,MINGEO,2035,0.0
RE1,MINGEO,2036,0.0
RE1,MINGEO,2037,0.0
RE1,MINGEO,2038,0.0
RE1,MINGEO,2039,0.0
RE1,MINGEO,2040,0.0
RE1,MINGEO,2041,0.0
RE1,MINGEO,2042,0.0
RE1,MINGEO,2043,0.0
RE1,MINGEO,2044,0.0
RE1,MINGEO,2045,0.0
RE1,MINGEO,2046,0.0
RE1,MINGEO,2047,0.0
RE1,MINGEO,2048,0.0
RE1,MINGEO,2049,0.0
RE1,MINGEO,2050,0.0
RE1,MINGEO,2051,0.0
RE1,MINGEO,2052,0.0
RE1,MINGEO,2053,0.0
RE1,MINGEO,2054,0.0
RE1,MINGEO,2055,0.0
RE1,MINNGS,2022,0.0
RE1,MINNGS,2023,0.0
RE1,MINNGS,2024,0.0
RE1,MINNGS,2025,0.0
RE1,MINNGS,2026,0.0
RE1,MINNGS,2027,0.0
RE1,MINNGS,2028,0.0
RE1,MINNGS,2029,0.0
RE1,MINNGS,2030,0.0
RE1,MINNGS,2031,0.0
RE1,MINNGS,2032,0.0
RE1,MINNGS,2033,0.0
RE1,MINNGS,2034,0.0
RE1,MINNGS,2035,0.0
RE1,MINNGS,2036,0.0
RE1,MINNGS,2037,0.0
RE1,MINNGS,2038,0.0
RE1,MINNGS,2039,0.0
RE1,MINNGS,2040,0.0
RE1,MINNGS,2041,0.0
RE1,MINNGS,2042,0.0
RE1,MINNGS,2043,0.0
RE1,MINNGS,2044,0.0
RE1,MINNGS,2045,0.0
RE1,MINNGS,2046,0.0
RE1,MINNGS,2047,0.0
RE1,MINNGS,2048,0.0
RE1,MINNGS,2049,0.0
RE1,MINNGS,2050,0.0
RE1,MINNGS,2051,0.0
RE1,MINNGS,2052,0.0
RE1,MINNGS,2053,0.0
RE1,MINNGS,2054,0.0
RE1,MINNGS,2055,0.0
RE1,MINOFW_FIX,2022,0.0
RE1,MINOFW_FIX,2023,0.0
RE1,MINOFW_FIX,2024,0.0
RE1,MINOFW_FIX,2025,0.0
RE1,MINOFW_FIX,2026,0.0
RE1,MINOFW_FIX,2027,0.0
RE1,MINOFW_FIX,2028,0.0
RE1,MINOFW_FIX,2029,0.0
RE1,MINOFW_FIX,2030,0.0
RE1,MINOFW_FIX,2031,0.0
RE1,MINOFW_FIX,2032,0.0
RE1,MINOFW_FIX,2033,0.0
RE1,MINOFW_FIX,2034,0.0
RE1,MINOFW_FIX,2035,0.0
RE1,MINOFW_FIX,2036,0.0
RE1,MINOFW_FIX,2037,0.0
RE1,MINOFW_FIX,2038,0.0
RE1,MINOFW_FIX,2039,0.0
RE1,MINOFW_FIX,2040,0.0
RE1,MINOFW_FIX,2041,0.0
RE1,MINOFW_FIX,2042,0.0
RE1,MINOFW_FIX,2043,0.0
RE1,MINOFW_FIX,2044,0.0
RE1,MINOFW_FIX,2045,0.0
RE1,MINOFW_FIX,2046,0.0
RE1,MINOFW_FIX,2047,0.0
RE1,MINOFW_FIX,2048,0.0
RE1,MINOFW_FIX,2049,0.0
RE1,MINOFW_FIX,2050,0.0
RE1,MINOFW_FIX,2051,0.0
RE1,MINOFW_FIX,2052,0.0
RE1,MINOFW_FIX,2053,0.0
RE1,MINOFW_FIX,2054,0.0
RE1,MINOFW_FIX,2055,0.0
RE1,MINOFW_FLO,2022,0.0
RE1,MINOFW_FLO,2023,0.0
RE1,MINOFW_FLO,2024,0.0
RE1,MINOFW_FLO,2025,0.0
RE1,MINOFW_FLO,2026,0.0
RE1,MINOFW_FLO,2027,0.0
RE1,MINOFW_FLO,2028,0.0
RE1,MINOFW_FLO,2029,0.0
RE1,MINOFW_FLO,2030,0.0
RE1,MINOFW_FLO,2031,0.0
RE1,MINOFW_FLO,2032,0.0
RE1,MINOFW_FLO,2033,0.0
RE1,MINOFW_FLO,2034,0.0
RE1,MINOFW_FLO,2035,0.0
RE1,MINOFW_FLO,2036,0.0
RE1,MINOFW_FLO,2037,0.0
RE1,MINOFW_FLO,2038,0.0
RE1,MINOFW_FLO,2039,0.0
RE1,MINOFW_FLO,2040,0.0
RE1,MINOFW_FLO,2041,0.0
RE1,MINOFW_FLO,2042,0.0
RE1,MINOFW_FLO,2043,0.0
RE1,MINOFW_FLO,2044,0.0
RE1,MINOFW_FLO,2045,0.0
RE1,MINOFW_FLO,2046,0.0
RE1,MINOFW_FLO,2047,0.0
RE1,MINOFW_FLO,2048,0.0
RE1,MINOFW_FLO,2049,0.0
RE1,MINOFW_FLO,2050,0.0
RE1,MINOFW_FLO,2051,0.0
RE1,MINOFW_FLO,2052,0.0
RE1,MINOFW_FLO,2053,0.0
RE1,MINOFW_FLO,2054,0.0
RE1,MINOFW_FLO,2055,0.0
RE1,MINOIL_1LIV,2022,0.0
RE1,MINOIL_1LIV,2023,0.0
RE1,MINOIL_1LIV,2024,0.0
RE1,MINOIL_1LIV,2025,0.0
RE1,MINOIL_1LIV,2026,0.0
RE1,MINOIL_1LIV,2027,0.0
RE1,MINOIL_1LIV,2028,0.0
RE1,MINOIL_1LIV,2029,0.0
RE1,MINOIL_1LIV,2030,0.0
RE1,MINOIL_1LIV,2031,0.0
RE1,MINOIL_1LIV,2032,0.0
RE1,MINOIL_1LIV,2033,0.0
RE1,MINOIL_1LIV,2034,0.0
RE1,MINOIL_1LIV,2035,0.0
RE1,MINOIL_1LIV,2036,0.0
RE1,MINOIL_1LIV,2037,0.0
RE1,MINOIL_1LIV,2038,0.0
RE1,MINOIL_1LIV,2039,0.0
RE1,MINOIL_1LIV,2040,0.0
RE1,MINOIL_1LIV,2041,0.0
RE1,MINOIL_1LIV,2042,0.0
RE1,MINOIL_1LIV,2043,0.0
RE1,MINOIL_1LIV,2044,0.0
RE1,MINOIL_1LIV,2045,0.0
RE1,MINOIL_1LIV,2046,0.0
RE1,MINOIL_1LIV,2047,0.0
RE1,MINOIL_1LIV,2048,0.0
RE1,MINOIL_1LIV,2049,0.0
RE1,MINOIL_1LIV,2050,0.0
RE1,MINOIL_1LIV,2051,0.0
RE1,MINOIL_1LIV,2052,0.0
RE1,MINOIL_1LIV,2053,0.0
RE1,MINOIL_1LIV,2054,0.0
RE1,MINOIL_1LIV,2055,0.0
RE1,MINOIL_2MID,2022,0.0
RE1,MINOIL_2MID,2023,0.0
RE1,MINOIL_2MID,2024,0.0
RE1,MINOIL_2MID,2025,0.0
RE1,MINOIL_2MID,2026,0.0
RE1,MINOIL_2MID,2027,0.0
RE1,MINOIL_2MID,2028,0.0
RE1,MINOIL_2MID,2029,0.0
RE1,MINOIL_2MID,2030,0.0
RE1,MINOIL_2MID,2031,0.0
RE1,MINOIL_2MID,2032,0.0
RE1,MINOIL_2MID,2033,0.0
RE1,MINOIL_2MID,2034,0.0
RE1,MINOIL_2MID,2035,0.0
RE1,MINOIL_2MID,2036,0.0
RE1,MINOIL_2MID,2037,0.0
RE1,MINOIL_2MID,2038,0.0
RE1,MINOIL_2MID,2039,0.0
RE1,MINOIL_2MID,2040,0.0
RE1,MINOIL_2MID,2041,0.0
RE1,MINOIL_2MID,2042,0.0
RE1,MINOIL_2MID,2043,0.0
RE1,MINOIL_2MID,2044,0.0
RE1,MINOIL_2MID,2045,0.0
RE1,MINOIL_2MID,2046,0.0
RE1,MINOIL_2MID,2047,0.0
RE1,MINOIL_2MID,2048,0.0
RE1,MINOIL_2MID,2049,0.0
RE1,MINOIL_2MID,2050,0.0
RE1,MINOIL_2MID,2051,0.0
RE1,MINOIL_2MID,2052,0.0
RE1,MINOIL_2MID,2053,0.0
RE1,MINOIL_2MID,2054,0.0
RE1,MINOIL_2MID,2055,0.0
RE1,MINOIL_3PES,2022,0.0
RE1,MINOIL_3PES,2023,0.0
RE1,MINOIL_3PES,2024,0.0
RE1,MINOIL_3PES,2025,0.0
RE1,MINOIL_3PES,2026,0.0
RE1,MINOIL_3PES,2027,0.0
RE1,MINOIL_3PES,2028,0.0
RE1,MINOIL_3PES,2029,0.0
RE1,MINOIL_3PES,2030,0.0
RE1,MINOIL_3PES,2031,0.0
RE1,MINOIL_3PES,2032,0.0
RE1,MINOIL_3PES,2033,0.0
RE1,MINOIL_3PES,2034,0.0
RE1,MINOIL_3PES,2035,0.0
RE1,MINOIL_3PES,2036,0.0
RE1,MINOIL_3PES,2037,0.0
RE1,MINOIL_3PES,2038,0.0
RE1,MINOIL_3PES,2039,0.0
RE1,MINOIL_3PES,2040,0.0
RE1,MINOIL_3PES,2041,0.0
RE1,MINOIL_3PES,2042,0.0
RE1,MINOIL_3PES,2043,0.0
RE1,MINOIL_3PES,2044,0.0
RE1,MINOIL_3PES,2045,0.0
RE1,MINOIL_3PES,2046,0.0
RE1,MINOIL_3PES,2047,0.0
RE1,MINOIL_3PES,2048,0.0
RE1,MINOIL_3PES,2049,0.0
RE1,MINOIL_3PES,2050,0.0
RE1,MINOIL_3PES,2051,0.0
RE1,MINOIL_3PES,2052,0.0
RE1,MINOIL_3PES,2053,0.0
RE1,MINOIL_3PES,2054,0.0
RE1,MINOIL_3PES,2055,0.0
RE1,MINONW,2022,0.0
RE1,MINONW,2023,0.0
RE1,MINONW,2024,0.0
RE1,MINONW,2025,0.0
RE1,MINONW,2026,0.0
RE1,MINONW,2027,0.0
RE1,MINONW,2028,0.0
RE1,MINONW,2029,0.0
RE1,MINONW,2030,0.0
RE1,MINONW,2031,0.0
RE1,MINONW,2032,0.0
RE1,MINONW,2033,0.0
RE1,MINONW,2034,0.0
RE1,MINONW,2035,0.0
RE1,MINONW,2036,0.0
RE1,MINONW,2037,0.0
RE1,MINONW,2038,0.0
RE1,MINONW,2039,0.0
RE1,MINONW,2040,0.0
RE1,MINONW,2041,0.0
RE1,MINONW,2042,0.0
RE1,MINONW,2043,0.0
RE1,MINONW,2044,0.0
RE1,MINONW,2045,0.0
RE1,MINONW,2046,0.0
RE1,MINONW,2047,0.0
RE1,MINONW,2048,0.0
RE1,MINONW,2049,0.0
RE1,MINONW,2050,0.0
RE1,MINONW,2051,0.0
RE1,MINONW,2052,0.0
RE1,MINONW,2053,0.0
RE1,MINONW,2054,0.0
RE1,MINONW,2055,0.0
RE1,MINOPL,2022,0.0
RE1,MINOPL,2023,0.0
RE1,MINOPL,2024,0.0
RE1,MINOPL,2025,0.0
RE1,MINOPL,2026,0.0
RE1,MINOPL,2027,0.0
RE1,MINOPL,2028,0.0
RE1,MINOPL,2029,0.0
RE1,MINOPL,2030,0.0
RE1,MINOPL,2031,0.0
RE1,MINOPL,2032,0.0
RE1,MINOPL,2033,0.0
RE1,MINOPL,2034,0.0
RE1,MINOPL,2035,0.0
RE1,MINOPL,2036,0.0
RE1,MINOPL,2037,0.0
RE1,MINOPL,2038,0.0
RE1,MINOPL,2039,0.0
RE1,MINOPL,2040,0.0
RE1,MINOPL,2041,0.0
RE1,MINOPL,2042,0.0
RE1,MINOPL,2043,0.0
RE1,MINOPL,2044,0.0
RE1,MINOPL,2045,0.0
RE1,MINOPL,2046,0.0
RE1,MINOPL,2047,0.0
RE1,MINOPL,2048,0.0
RE1,MINOPL,2049,0.0
RE1,MINOPL,2050,0.0
RE1,MINOPL,2051,0.0
RE1,MINOPL,2052,0.0
RE1,MINOPL,2053,0.0
RE1,MINOPL,2054,0.0
RE1,MINOPL,2055,0.0
RE1,MINROR,2022,0.0
RE1,MINROR,2023,0.0
RE1,MINROR,2024,0.0
RE1,MINROR,2025,0.0
RE1,MINROR,2026,0.0
RE1,MINROR,2027,0.0
RE1,MINROR,2028,0.0
RE1,MINROR,2029,0.0
RE1,MINROR,2030,0.0
RE1,MINROR,2031,0.0
RE1,MINROR,2032,0.0
RE1,MINROR,2033,0.0
RE1,MINROR,2034,0.0
RE1,MINROR,2035,0.0
RE1,MINROR,2036,0.0
RE1,MINROR,2037,0.0
RE1,MINROR,2038,0.0
RE1,MINROR,2039,0.0
RE1,MINROR,2040,0.0
RE1,MINROR,2041,0.0
RE1,MINROR,2042,0.0
RE1,MINROR,2043,0.0
RE1,MINROR,2044,0.0
RE1,MINROR,2045,0.0
RE1,MINROR,2046,0.0
RE1,MINROR,2047,0.0
RE1,MINROR,2048,0.0
RE1,MINROR,2049,0.0
RE1,MINROR,2050,0.0
RE1,MINROR,2051,0.0
RE1,MINROR,2052,0.0
RE1,MINROR,2053,0.0
RE1,MINROR,2054,0.0
RE1,MINROR,2055,0.0
RE1,MINSGC,2022,0.0
RE1,MINSGC,2023,0.0
RE1,MINSGC,2024,0.0
RE1,MINSGC,2025,0.0
RE1,MINSGC,2026,0.0
RE1,MINSGC,2027,0.0
RE1,MINSGC,2028,0.0
RE1,MINSGC,2029,0.0
RE1,MINSGC,2030,0.0
RE1,MINSGC,2031,0.0
RE1,MINSGC,2032,0.0
RE1,MINSGC,2033,0.0
RE1,MINSGC,2034,0.0
RE1,MINSGC,2035,0.0
RE1,MINSGC,2036,0.0
RE1,MINSGC,2037,0.0
RE1,MINSGC,2038,0.0
RE1,MINSGC,2039,0.0
RE1,MINSGC,2040,0.0
RE1,MINSGC,2041,0.0
RE1,MINSGC,2042,0.0
RE1,MINSGC,2043,0.0
RE1,MINSGC,2044,0.0
RE1,MINSGC,2045,0.0
RE1,MINSGC,2046,0.0
RE1,MINSGC,2047,0.0
RE1,MINSGC,2048,0.0
RE1,MINSGC,2049,0.0
RE1,MINSGC,2050,0.0
RE1,MINSGC,2051,0.0
RE1,MINSGC,2052,0.0
RE1,MINSGC,2053,0.0
RE1,MINSGC,2054,0.0
RE1,MINSGC,2055,0.0
RE1,MINSOL,2022,0.0
RE1,MINSOL,2023,0.0
RE1,MINSOL,2024,0.0
RE1,MINSOL,2025,0.0
RE1,MINSOL,2026,0.0
RE1,MINSOL,2027,0.0
RE1,MINSOL,2028,0.0
RE1,MINSOL,2029,0.0
RE1,MINSOL,2030,0.0
RE1,MINSOL,2031,0.0
RE1,MINSOL,2032,0.0
RE1,MINSOL,2033,0.0
RE1,MINSOL,2034,0.0
RE1,MINSOL,2035,0.0
RE1,MINSOL,2036,0.0
RE1,MINSOL,2037,0.0
RE1,MINSOL,2038,0.0
RE1,MINSOL,2039,0.0
RE1,MINSOL,2040,0.0
RE1,MINSOL,2041,0.0
RE1,MINSOL,2042,0.0
RE1,MINSOL,2043,0.0
RE1,MINSOL,2044,0.0
RE1,MINSOL,2045,0.0
RE1,MINSOL,2046,0.0
RE1,MINSOL,2047,0.0
RE1,MINSOL,2048,0.0
RE1,MINSOL,2049,0.0
RE1,MINSOL,2050,0.0
RE1,MINSOL,2051,0.0
RE1,MINSOL,2052,0.0
RE1,MINSOL,2053,0.0
RE1,MINSOL,2054,0.0
RE1,MINSOL,2055,0.0
RE1,MINSOL_RTP,2022,0.0
RE1,MINSOL_RTP,2023,0.0
RE1,MINSOL_RTP,2024,0.0
RE1,MINSOL_RTP,2025,0.0
RE1,MINSOL_RTP,2026,0.0
RE1,MINSOL_RTP,2027,0.0
RE1,MINSOL_RTP,2028,0.0
RE1,MINSOL_RTP,2029,0.0
RE1,MINSOL_RTP,2030,0.0
RE1,MINSOL_RTP,2031,0.0
RE1,MINSOL_RTP,2032,0.0
RE1,MINSOL_RTP,2033,0.0
RE1,MINSOL_RTP,2034,0.0
RE1,MINSOL_RTP,2035,0.0
RE1,MINSOL_RTP,2036,0.0
RE1,MINSOL_RTP,2037,0.0
RE1,MINSOL_RTP,2038,0.0
RE1,MINSOL_RTP,2039,0.0
RE1,MINSOL_RTP,2040,0.0
RE1,MINSOL_RTP,2041,0.0
RE1,MINSOL_RTP,2042,0.0
RE1,MINSOL_RTP,2043,0.0
RE1,MINSOL_RTP,2044,0.0
RE1,MINSOL_RTP,2045,0.0
RE1,MINSOL_RTP,2046,0.0
RE1,MINSOL_RTP,2047,0.0
RE1,MINSOL_RTP,2048,0.0
RE1,MINSOL_RTP,2049,0.0
RE1,MINSOL_RTP,2050,0.0
RE1,MINSOL_RTP,2051,0.0
RE1,MINSOL_RTP,2052,0.0
RE1,MINSOL_RTP,2053,0.0
RE1,MINSOL_RTP,2054,0.0
RE1,MINSOL_RTP,2055,0.0
RE1,MINWAS,2022,0.0
RE1,MINWAS,2023,0.0
RE1,MINWAS,2024,0.0
RE1,MINWAS,2025,0.0
RE1,MINWAS,2026,0.0
RE1,MINWAS,2027,0.0
RE1,MINWAS,2028,0.0
RE1,MINWAS,2029,0.0
RE1,MINWAS,2030,0.0
RE1,MINWAS,2031,0.0
RE1,MINWAS,2032,0.0
RE1,MINWAS,2033,0.0
RE1,MINWAS,2034,0.0
RE1,MINWAS,2035,0.0
RE1,MINWAS,2036,0.0
RE1,MINWAS,2037,0.0
RE1,MINWAS,2038,0.0
RE1,MINWAS,2039,0.0
RE1,MINWAS,2040,0.0
RE1,MINWAS,2041,0.0
RE1,MINWAS,2042,0.0
RE1,MINWAS,2043,0.0
RE1,MINWAS,2044,0.0
RE1,MINWAS,2045,0.0
RE1,MINWAS,2046,0.0
RE1,MINWAS,2047,0.0
RE1,MINWAS,2048,0.0
RE1,MINWAS,2049,0.0
RE1,MINWAS,2050,0.0
RE1,MINWAS,2051,0.0
RE1,MINWAS,2052,0.0
RE1,MINWAS,2053,0.0
RE1,MINWAS,2054,0.0
RE1,MINWAS,2055,0.0
RE1,MINWAS_ORG,2022,0.0
RE1,MINWAS_ORG,2023,0.0
RE1,MINWAS_ORG,2024,0.0
RE1,MINWAS_ORG,2025,0.0
RE1,MINWAS_ORG,2026,0.0
RE1,MINWAS_ORG,2027,0.0
RE1,MINWAS_ORG,2028,0.0
RE1,MINWAS_ORG,2029,0.0
RE1,MINWAS_ORG,2030,0.0
RE1,MINWAS_ORG,2031,0.0
RE1,MINWAS_ORG,2032,0.0
RE1,MINWAS_ORG,2033,0.0
RE1,MINWAS_ORG,2034,0.0
RE1,MINWAS_ORG,2035,0.0
RE1,MINWAS_ORG,2036,0.0
RE1,MINWAS_ORG,2037,0.0
RE1,MINWAS_ORG,2038,0.0
RE1,MINWAS_ORG,2039,0.0
RE1,MINWAS_ORG,2040,0.0
RE1,MINWAS_ORG,2041,0.0
RE1,MINWAS_ORG,2042,0.0
RE1,MINWAS_ORG,2043,0.0
RE1,MINWAS_ORG,2044,0.0
RE1,MINWAS_ORG,2045,0.0
RE1,MINWAS_ORG,2046,0.0
RE1,MINWAS_ORG,2047,0.0
RE1,MINWAS_ORG,2048,0.0
RE1,MINWAS_ORG,2049,0.0
RE1,MINWAS_ORG,2050,0.0
RE1,MINWAS_ORG,2051,0.0
RE1,MINWAS_ORG,2052,0.0
RE1,MINWAS_ORG,2053,0.0
RE1,MINWAS_ORG,2054,0.0
RE1,MINWAS_ORG,2055,0.0
RE1,MINWOO,2022,0.0
RE1,MINWOO,2023,0.0
RE1,MINWOO,2024,0.0
RE1,MINWOO,2025,0.0
RE1,MINWOO,2026,0.0
RE1,MINWOO,2027,0.0
RE1,MINWOO,2028,0.0
RE1,MINWOO,2029,0.0
RE1,MINWOO,2030,0.0
RE1,MINWOO,2031,0.0
RE1,MINWOO,2032,0.0
RE1,MINWOO,2033,0.0
RE1,MINWOO,2034,0.0
RE1,MINWOO,2035,0.0
RE1,MINWOO,2036,0.0
RE1,MINWOO,2037,0.0
RE1,MINWOO,2038,0.0
RE1,MINWOO,2039,0.0
RE1,MINWOO,2040,0.0
RE1,MINWOO,2041,0.0
RE1,MINWOO,2042,0.0
RE1,MINWOO,2043,0.0
RE1,MINWOO,2044,0.0
RE1,MINWOO,2045,0.0
RE1,MINWOO,2046,0.0
RE1,MINWOO,2047,0.0
RE1,MINWOO,2048,0.0
RE1,MINWOO,2049,0.0
RE1,MINWOO,2050,0.0
RE1,MINWOO,2051,0.0
RE1,MINWOO,2052,0.0
RE1,MINWOO,2053,0.0
RE1,MINWOO,2054,0.0
RE1,MINWOO,2055,0.0
RE1,PWRAFR,2022,0.0
RE1,PWRAFR,2023,0.0
RE1,PWRAFR,2024,0.0
RE1,PWRAFR,2025,0.0
RE1,PWRAFR,2026,0.0
RE1,PWRAFR,2027,0.0
RE1,PWRAFR,2028,0.0
RE1,PWRAFR,2029,0.0
RE1,PWRAFR,2030,0.0
RE1,PWRAFR,2031,0.0
RE1,PWRAFR,2032,0.0
RE1,PWRAFR,2033,0.0
RE1,PWRAFR,2034,0.0
RE1,PWRAFR,2035,0.0
RE1,PWRAFR,2036,0.0
RE1,PWRAFR,2037,0.0
RE1,PWRAFR,2038,0.0
RE1,PWRAFR,2039,0.0
RE1,PWRAFR,2040,0.0
RE1,PWRAFR,2041,0.0
RE1,PWRAFR,2042,0.0
RE1,PWRAFR,2043,0.0
RE1,PWRAFR,2044,0.0
RE1,PWRAFR,2045,0.0
RE1,PWRAFR,2046,0.0
RE1,PWRAFR,2047,0.0
RE1,PWRAFR,2048,0.0
RE1,PWRAFR,2049,0.0
RE1,PWRAFR,2050,0.0
RE1,PWRAFR,2051,0.0
RE1,PWRAFR,2052,0.0
RE1,PWRAFR,2053,0.0
RE1,PWRAFR,2054,0.0
RE1,PWRAFR,2055,0.0
RE1,PWRBGS,2022,0.003688431012
RE1,PWRBGS,2023,0.0089650152
RE1,PWRBGS,2024,0.0127442937599999
RE1,PWRBGS,2025,0.0168224677632
RE1,PWRBGS,2026,0.0
RE1,PWRBGS,2027,0.0
RE1,PWRBGS,2028,0.0
RE1,PWRBGS,2029,0.0
RE1,PWRBGS,2030,0.0
RE1,PWRBGS,2031,0.0
RE1,PWRBGS,2032,0.0
RE1,PWRBGS,2033,0.0
RE1,PWRBGS,2034,0.0
RE1,PWRBGS,2035,0.0
RE1,PWRBGS,2036,0.0
RE1,PWRBGS,2037,0.0
RE1,PWRBGS,2038,0.0
RE1,PWRBGS,2039,0.0
RE1,PWRBGS,2040,0.0
RE1,PWRBGS,2041,0.0
RE1,PWRBGS,2042,0.0
RE1,PWRBGS,2043,0.0
RE1,PWRBGS,2044,0.0
RE1,PWRBGS,2045,0.0
RE1,PWRBGS,2046,0.0
RE1,PWRBGS,2047,0.0
RE1,PWRBGS,2048,0.0
RE1,PWRBGS,2049,0.0
RE1,PWRBGS,2050,0.0
RE1,PWRBGS,2051,0.0
RE1,PWRBGS,2052,0.0
RE1,PWRBGS,2053,0.0
RE1,PWRBGS,2054,0.0
RE1,PWRBGS,2055,0.0
RE1,PWRCOA,2022,12.4152307866
RE1,PWRCOA,2023,26.848378520856
RE1,PWRCOA,2024,33.617072419884
RE1,PWRCOA,2025,12.461420720448
RE1,PWRCOA,2026,0.0
RE1,PWRCOA,2027,0.0
RE1,PWRCOA,2028,0.0
RE1,PWRCOA,2029,0.0
RE1,PWRCOA,2030,0.0
RE1,PWRCOA,2031,0.0
RE1,PWRCOA,2032,0.0
RE1,PWRCOA,2033,0.0
RE1,PWRCOA,2034,0.0
RE1,PWRCOA,2035,0.0
RE1,PWRCOA,2036,0.0
RE1,PWRCOA,2037,0.0
RE1,PWRCOA,2038,0.0
RE1,PWRCOA,2039,0.0
RE1,PWRCOA,2040,0.0
RE1,PWRCOA,2041,0.0
RE1,PWRCOA,2042,0.0
RE1,PWRCOA,2043,0.0
RE1,PWRCOA,2044,0.0
RE1,PWRCOA,2045,0.0
RE1,PWRCOA,2046,0.0
RE1,PWRCOA,2047,0.0
RE1,PWRCOA,2048,0.0
RE1,PWRCOA,2049,0.0
RE1,PWRCOA,2050,0.0
RE1,PWRCOA,2051,0.0
RE1,PWRCOA,2052,0.0
RE1,PWRCOA,2053,0.0
RE1,PWRCOA,2054,0.0
RE1,PWRCOA,2055,0.0
RE1,PWRCOACCS,2022,0.0
RE1,PWRCOACCS,2023,0.0
RE1,PWRCOACCS,2024,0.0
RE1,PWRCOACCS,2025,0.0
RE1,PWRCOACCS,2026,0.0
RE1,PWRCOACCS,2027,0.0
RE1,PWRCOACCS,2028,0.0
RE1,PWRCOACCS,2029,0.0
RE1,PWRCOACCS,2030,0.0
RE1,PWRCOACCS,2031,0.0
RE1,PWRCOACCS,2032,0.0
RE1,PWRCOACCS,2033,0.0
RE1,PWRCOACCS,2034,0.0
RE1,PWRCOACCS,2035,0.0
RE1,PWRCOACCS,2036,0.0
RE1,PWRCOACCS,2037,0.0
RE1,PWRCOACCS,2038,0.0
RE1,PWRCOACCS,2039,0.0
RE1,PWRCOACCS,2040,0.0
RE1,PWRCOACCS,2041,0.0
RE1,PWRCOACCS,2042,0.0
RE1,PWRCOACCS,2043,0.0
RE1,PWRCOACCS,2044,0.0
RE1,PWRCOACCS,2045,0.0
RE1,PWRCOACCS,2046,0.0
RE1,PWRCOACCS,2047,0.0
RE1,PWRCOACCS,2048,0.0
RE1,PWRCOACCS,2049,0.0
RE1,PWRCOACCS,2050,0.0
RE1,PWRCOACCS,2051,0.0
RE1,PWRCOACCS,2052,0.0
RE1,PWRCOACCS,2053,0.0
RE1,PWRCOACCS,2054,0.0
RE1,PWRCOACCS,2055,0.0
RE1,PWRCSP,2022,0.0
RE1,PWRCSP,2023,0.0
RE1,PWRCSP,2024,0.0
RE1,PWRCSP,2025,0.0
RE1,PWRCSP,2026,0.0
RE1,PWRCSP,2027,0.0
RE1,PWRCSP,2028,0.0
RE1,PWRCSP,2029,0.0
RE1,PWRCSP,2030,0.0
RE1,PWRCSP,2031,0.0
RE1,PWRCSP,2032,0.0
RE1,PWRCSP,2033,0.0
RE1,PWRCSP,2034,0.0
RE1,PWRCSP,2035,0.0
RE1,PWRCSP,2036,0.0
RE1,PWRCSP,2037,0.0
RE1,PWRCSP,2038,0.0
RE1,PWRCSP,2039,0.0
RE1,PWRCSP,2040,0.0
RE1,PWRCSP,2041,0.0
RE1,PWRCSP,2042,0.0
RE1,PWRCSP,2043,0.0
RE1,PWRCSP,2044,0.0
RE1,PWRCSP,2045,0.0
RE1,PWRCSP,2046,0.0
RE1,PWRCSP,2047,0.0
RE1,PWRCSP,2048,0.0
RE1,PWRCSP,2049,0.0
RE1,PWRCSP,2050,0.0
RE1,PWRCSP,2051,0.0
RE1,PWRCSP,2052,0.0
RE1,PWRCSP,2053,0.0
RE1,PWRCSP,2054,0.0
RE1,PWRCSP,2055,0.0
RE1,PWRDSL,2022,4.42999309572
RE1,PWRDSL,2023,3.679030320120002
RE1,PWRDSL,2024,5.948296230852002
RE1,PWRDSL,2025,3.679030320120002
RE1,PWRDSL,2026,0.0
RE1,PWRDSL,2027,0.0
RE1,PWRDSL,2028,0.0
RE1,PWRDSL,2029,0.0
RE1,PWRDSL,2030,0.0
RE1,PWRDSL,2031,0.0
RE1,PWRDSL,2032,0.0
RE1,PWRDSL,2033,0.0
RE1,PWRDSL,2034,0.0
RE1,PWRDSL,2035,0.0
RE1,PWRDSL,2036,0.0
RE1,PWRDSL,2037,0.0
RE1,PWRDSL,2038,0.0
RE1,PWRDSL,2039,0.0
RE1,PWRDSL,2040,0.0
RE1,PWRDSL,2041,0.0
RE1,PWRDSL,2042,0.0
RE1,PWRDSL,2043,0.0
RE1,PWRDSL,2044,0.0
RE1,PWRDSL,2045,0.0
RE1,PWRDSL,2046,0.0
RE1,PWRDSL,2047,0.0
RE1,PWRDSL,2048,0.0
RE1,PWRDSL,2049,0.0
RE1,PWRDSL,2050,0.0
RE1,PWRDSL,2051,0.0
RE1,PWRDSL,2052,0.0
RE1,PWRDSL,2053,0.0
RE1,PWRDSL,2054,0.0
RE1,PWRDSL,2055,0.0
RE1,PWRFOL,2022,1.354645054152
RE1,PWRFOL,2023,2.188902794435999
RE1,PWRFOL,2024,1.995154849116001
RE1,PWRFOL,2025,1.354645054152
RE1,PWRFOL,2026,0.0
RE1,PWRFOL,2027,0.0
RE1,PWRFOL,2028,0.0
RE1,PWRFOL,2029,0.0
RE1,PWRFOL,2030,0.0
RE1,PWRFOL,2031,0.0
RE1,PWRFOL,2032,0.0
RE1,PWRFOL,2033,0.0
RE1,PWRFOL,2034,0.0
RE1,PWRFOL,2035,0.0
RE1,PWRFOL,2036,0.0
RE1,PWRFOL,2037,0.0
RE1,PWRFOL,2038,0.0
RE1,PWRFOL,2039,0.0
RE1,PWRFOL,2040,0.0
RE1,PWRFOL,2041,0.0
RE1,PWRFOL,2042,0.0
RE1,PWRFOL,2043,0.0
RE1,PWRFOL,2044,0.0
RE1,PWRFOL,2045,0.0
RE1,PWRFOL,2046,0.0
RE1,PWRFOL,2047,0.0
RE1,PWRFOL,2048,0.0
RE1,PWRFOL,2049,0.0
RE1,PWRFOL,2050,0.0
RE1,PWRFOL,2051,0.0
RE1,PWRFOL,2052,0.0
RE1,PWRFOL,2053,0.0
RE1,PWRFOL,2054,0.0
RE1,PWRFOL,2055,0.0
RE1,PWRGEO,2022,0.0
RE1,PWRGEO,2023,0.0
RE1,PWRGEO,2024,0.0
RE1,PWRGEO,2025,0.0
RE1,PWRGEO,2026,0.0
RE1,PWRGEO,2027,0.0
RE1,PWRGEO,2028,0.0
RE1,PWRGEO,2029,0.0
RE1,PWRGEO,2030,0.0
RE1,PWRGEO,2031,0.0
RE1,PWRGEO,2032,0.0
RE1,PWRGEO,2033,0.0
RE1,PWRGEO,2034,0.0
RE1,PWRGEO,2035,0.0
RE1,PWRGEO,2036,0.0
RE1,PWRGEO,2037,0.0
RE1,PWRGEO,2038,0.0
RE1,PWRGEO,2039,0.0
RE1,PWRGEO,2040,0.0
RE1,PWRGEO,2041,0.0
RE1,PWRGEO,2042,0.0
RE1,PWRGEO,2043,0.0
RE1,PWRGEO,2044,0.0
RE1,PWRGEO,2045,0.0
RE1,PWRGEO,2046,0.0
RE1,PWRGEO,2047,0.0
RE1,PWRGEO,2048,0.0
RE1,PWRGEO,2049,0.0
RE1,PWRGEO,2050,0.0
RE1,PWRGEO,2051,0.0
RE1,PWRGEO,2052,0.0
RE1,PWRGEO,2053,0.0
RE1,PWRGEO,2054,0.0
RE1,PWRGEO,2055,0.0
RE1,PWRHYDDAM,2022,202.0537857514676
RE1,PWRHYDDAM,2023,190.556365640401
RE1,PWRHYDDAM,2024,174.1369918497477
RE1,PWRHYDDAM,2025,174.1369918497477
RE1,PWRHYDDAM,2026,0.0
RE1,PWRHYDDAM,2027,0.0
RE1,PWRHYDDAM,2028,0.0
RE1,PWRHYDDAM,2029,0.0
RE1,PWRHYDDAM,2030,0.0
RE1,PWRHYDDAM,2031,0.0
RE1,PWRHYDDAM,2032,0.0
RE1,PWRHYDDAM,2033,0.0
RE1,PWRHYDDAM,2034,0.0
RE1,PWRHYDDAM,2035,0.0
RE1,PWRHYDDAM,2036,0.0
RE1,PWRHYDDAM,2037,0.0
RE1,PWRHYDDAM,2038,0.0
RE1,PWRHYDDAM,2039,0.0
RE1,PWRHYDDAM,2040,0.0
RE1,PWRHYDDAM,2041,0.0
RE1,PWRHYDDAM,2042,0.0
RE1,PWRHYDDAM,2043,0.0
RE1,PWRHYDDAM,2044,0.0
RE1,PWRHYDDAM,2045,0.0
RE1,PWRHYDDAM,2046,0.0
RE1,PWRHYDDAM,2047,0.0
RE1,PWRHYDDAM,2048,0.0
RE1,PWRHYDDAM,2049,0.0
RE1,PWRHYDDAM,2050,0.0
RE1,PWRHYDDAM,2051,0.0
RE1,PWRHYDDAM,2052,0.0
RE1,PWRHYDDAM,2053,0.0
RE1,PWRHYDDAM,2054,0.0
RE1,PWRHYDDAM,2055,0.0
RE1,PWRHYDROR,2022,11.26594032246
RE1,PWRHYDROR,2023,9.572786342676014
RE1,PWRHYDROR,2024,8.085651662664004
RE1,PWRHYDROR,2025,8.085651662664004
RE1,PWRHYDROR,2026,0.0
RE1,PWRHYDROR,2027,0.0
RE1,PWRHYDROR,2028,0.0
RE1,PWRHYDROR,2029,0.0
RE1,PWRHYDROR,2030,0.0
RE1,PWRHYDROR,2031,0.0
RE1,PWRHYDROR,2032,0.0
RE1,PWRHYDROR,2033,0.0
RE1,PWRHYDROR,2034,0.0
RE1,PWRHYDROR,2035,0.0
RE1,PWRHYDROR,2036,0.0
RE1,PWRHYDROR,2037,0.0
RE1,PWRHYDROR,2038,0.0
RE1,PWRHYDROR,2039,0.0
RE1,PWRHYDROR,2040,0.0
RE1,PWRHYDROR,2041,0.0
RE1,PWRHYDROR,2042,0.0
RE1,PWRHYDROR,2043,0.0
RE1,PWRHYDROR,2044,0.0
RE1,PWRHYDROR,2045,0.0
RE1,PWRHYDROR,2046,0.0
RE1,PWRHYDROR,2047,0.0
RE1,PWRHYDROR,2048,0.0
RE1,PWRHYDROR,2049,0.0
RE1,PWRHYDROR,2050,0.0
RE1,PWRHYDROR,2051,0.0
RE1,PWRHYDROR,2052,0.0
RE1,PWRHYDROR,2053,0.0
RE1,PWRHYDROR,2054,0.0
RE1,PWRHYDROR,2055,0.0
RE1,PWRHYDROR_NDC,2022,17.69808904632007
RE1,PWRHYDROR_NDC,2023,14.60774868494401
RE1,PWRHYDROR_NDC,2024,13.17387237109201
RE1,PWRHYDROR_NDC,2025,13.17387237109201
RE1,PWRHYDROR_NDC,2026,0.0
RE1,PWRHYDROR_NDC,2027,0.0
RE1,PWRHYDROR_NDC,2028,0.0
RE1,PWRHYDROR_NDC,2029,0.0
RE1,PWRHYDROR_NDC,2030,0.0
RE1,PWRHYDROR_NDC,2031,0.0
RE1,PWRHYDROR_NDC,2032,0.0
RE1,PWRHYDROR_NDC,2033,0.0
RE1,PWRHYDROR_NDC,2034,0.0
RE1,PWRHYDROR_NDC,2035,0.0
RE1,PWRHYDROR_NDC,2036,0.0
RE1,PWRHYDROR_NDC,2037,0.0
RE1,PWRHYDROR_NDC,2038,0.0
RE1,PWRHYDROR_NDC,2039,0.0
RE1,PWRHYDROR_NDC,2040,0.0
RE1,PWRHYDROR_NDC,2041,0.0
RE1,PWRHYDROR_NDC,2042,0.0
RE1,PWRHYDROR_NDC,2043,0.0
RE1,PWRHYDROR_NDC,2044,0.0
RE1,PWRHYDROR_NDC,2045,0.0
RE1,PWRHYDROR_NDC,2046,0.0
RE1,PWRHYDROR_NDC,2047,0.0
RE1,PWRHYDROR_NDC,2048,0.0
RE1,PWRHYDROR_NDC,2049,0.0
RE1,PWRHYDROR_NDC,2050,0.0
RE1,PWRHYDROR_NDC,2051,0.0
RE1,PWRHYDROR_NDC,2052,0.0
RE1,PWRHYDROR_NDC,2053,0.0
RE1,PWRHYDROR_NDC,2054,0.0
RE1,PWRHYDROR_NDC,2055,0.0
RE1,PWRJET,2022,0.014762010492
RE1,PWRJET,2023,0.096434789328
RE1,PWRJET,2024,0.074900131056
RE1,PWRJET,2025,0.0
RE1,PWRJET,2026,0.0
RE1,PWRJET,2027,0.0
RE1,PWRJET,2028,0.0
RE1,PWRJET,2029,0.0
RE1,PWRJET,2030,0.0
RE1,PWRJET,2031,0.0
RE1,PWRJET,2032,0.0
RE1,PWRJET,2033,0.0
RE1,PWRJET,2034,0.0
RE1,PWRJET,2035,0.0
RE1,PWRJET,2036,0.0
RE1,PWRJET,2037,0.0
RE1,PWRJET,2038,0.0
RE1,PWRJET,2039,0.0
RE1,PWRJET,2040,0.0
RE1,PWRJET,2041,0.0
RE1,PWRJET,2042,0.0
RE1,PWRJET,2043,0.0
RE1,PWRJET,2044,0.0
RE1,PWRJET,2045,0.0
RE1,PWRJET,2046,0.0
RE1,PWRJET,2047,0.0
RE1,PWRJET,2048,0.0
RE1,PWRJET,2049,0.0
RE1,PWRJET,2050,0.0
RE1,PWRJET,2051,0.0
RE1,PWRJET,2052,0.0
RE1,PWRJET,2053,0.0
RE1,PWRJET,2054,0.0
RE1,PWRJET,2055,0.0
RE1,PWRLPG,2022,0.0
RE1,PWRLPG,2023,0.0
RE1,PWRLPG,2024,0.306646107408
RE1,PWRLPG,2025,0.0
RE1,PWRLPG,2026,0.0
RE1,PWRLPG,2027,0.0
RE1,PWRLPG,2028,0.0
RE1,PWRLPG,2029,0.0
RE1,PWRLPG,2030,0.0
RE1,PWRLPG,2031,0.0
RE1,PWRLPG,2032,0.0
RE1,PWRLPG,2033,0.0
RE1,PWRLPG,2034,0.0
RE1,PWRLPG,2035,0.0
RE1,PWRLPG,2036,0.0
RE1,PWRLPG,2037,0.0
RE1,PWRLPG,2038,0.0
RE1,PWRLPG,2039,0.0
RE1,PWRLPG,2040,0.0
RE1,PWRLPG,2041,0.0
RE1,PWRLPG,2042,0.0
RE1,PWRLPG,2043,0.0
RE1,PWRLPG,2044,0.0
RE1,PWRLPG,2045,0.0
RE1,PWRLPG,2046,0.0
RE1,PWRLPG,2047,0.0
RE1,PWRLPG,2048,0.0
RE1,PWRLPG,2049,0.0
RE1,PWRLPG,2050,0.0
RE1,PWRLPG,2051,0.0
RE1,PWRLPG,2052,0.0
RE1,PWRLPG,2053,0.0
RE1,PWRLPG,2054,0.0
RE1,PWRLPG,2055,0.0
RE1,PWRNGSCCS,2022,0.0
RE1,PWRNGSCCS,2023,0.0
RE1,PWRNGSCCS,2024,0.0
RE1,PWRNGSCCS,2025,0.0
RE1,PWRNGSCCS,2026,0.0
RE1,PWRNGSCCS,2027,0.0
RE1,PWRNGSCCS,2028,0.0
RE1,PWRNGSCCS,2029,0.0
RE1,PWRNGSCCS,2030,0.0
RE1,PWRNGSCCS,2031,0.0
RE1,PWRNGSCCS,2032,0.0
RE1,PWRNGSCCS,2033,0.0
RE1,PWRNGSCCS,2034,0.0
RE1,PWRNGSCCS,2035,0.0
RE1,PWRNGSCCS,2036,0.0
RE1,PWRNGSCCS,2037,0.0
RE1,PWRNGSCCS,2038,0.0
RE1,PWRNGSCCS,2039,0.0
RE1,PWRNGSCCS,2040,0.0
RE1,PWRNGSCCS,2041,0.0
RE1,PWRNGSCCS,2042,0.0
RE1,PWRNGSCCS,2043,0.0
RE1,PWRNGSCCS,2044,0.0
RE1,PWRNGSCCS,2045,0.0
RE1,PWRNGSCCS,2046,0.0
RE1,PWRNGSCCS,2047,0.0
RE1,PWRNGSCCS,2048,0.0
RE1,PWRNGSCCS,2049,0.0
RE1,PWRNGSCCS,2050,0.0
RE1,PWRNGSCCS,2051,0.0
RE1,PWRNGSCCS,2052,0.0
RE1,PWRNGSCCS,2053,0.0
RE1,PWRNGSCCS,2054,0.0
RE1,PWRNGSCCS,2055,0.0
RE1,PWRNGS_CC,2022,17.4816
RE1,PWRNGS_CC,2023,22.0428
RE1,PWRNGS_CC,2024,38.4624
RE1,PWRNGS_CC,2025,17.4816
RE1,PWRNGS_CC,2026,0.0
RE1,PWRNGS_CC,2027,0.0
RE1,PWRNGS_CC,2028,0.0
RE1,PWRNGS_CC,2029,0.0
RE1,PWRNGS_CC,2030,0.0
RE1,PWRNGS_CC,2031,0.0
RE1,PWRNGS_CC,2032,0.0
RE1,PWRNGS_CC,2033,0.0
RE1,PWRNGS_CC,2034,0.0
RE1,PWRNGS_CC,2035,0.0
RE1,PWRNGS_CC,2036,0.0
RE1,PWRNGS_CC,2037,0.0
RE1,PWRNGS_CC,2038,0.0
RE1,PWRNGS_CC,2039,0.0
RE1,PWRNGS_CC,2040,0.0
RE1,PWRNGS_CC,2041,0.0
RE1,PWRNGS_CC,2042,0.0
RE1,PWRNGS_CC,2043,0.0
RE1,PWRNGS_CC,2044,0.0
RE1,PWRNGS_CC,2045,0.0
RE1,PWRNGS_CC,2046,0.0
RE1,PWRNGS_CC,2047,0.0
RE1,PWRNGS_CC,2048,0.0
RE1,PWRNGS_CC,2049,0.0
RE1,PWRNGS_CC,2050,0.0
RE1,PWRNGS_CC,2051,0.0
RE1,PWRNGS_CC,2052,0.0
RE1,PWRNGS_CC,2053,0.0
RE1,PWRNGS_CC,2054,0.0
RE1,PWRNGS_CC,2055,0.0
RE1,PWRNGS_CS,2022,9.4788
RE1,PWRNGS_CS,2023,14.6088
RE1,PWRNGS_CS,2024,11.0412
RE1,PWRNGS_CS,2025,9.4788
RE1,PWRNGS_CS,2026,0.0
RE1,PWRNGS_CS,2027,0.0
RE1,PWRNGS_CS,2028,0.0
RE1,PWRNGS_CS,2029,0.0
RE1,PWRNGS_CS,2030,0.0
RE1,PWRNGS_CS,2031,0.0
RE1,PWRNGS_CS,2032,0.0
RE1,PWRNGS_CS,2033,0.0
RE1,PWRNGS_CS,2034,0.0
RE1,PWRNGS_CS,2035,0.0
RE1,PWRNGS_CS,2036,0.0
RE1,PWRNGS_CS,2037,0.0
RE1,PWRNGS_CS,2038,0.0
RE1,PWRNGS_CS,2039,0.0
RE1,PWRNGS_CS,2040,0.0
RE1,PWRNGS_CS,2041,0.0
RE1,PWRNGS_CS,2042,0.0
RE1,PWRNGS_CS,2043,0.0
RE1,PWRNGS_CS,2044,0.0
RE1,PWRNGS_CS,2045,0.0
RE1,PWRNGS_CS,2046,0.0
RE1,PWRNGS_CS,2047,0.0
RE1,PWRNGS_CS,2048,0.0
RE1,PWRNGS_CS,2049,0.0
RE1,PWRNGS_CS,2050,0.0
RE1,PWRNGS_CS,2051,0.0
RE1,PWRNGS_CS,2052,0.0
RE1,PWRNGS_CS,2053,0.0
RE1,PWRNGS_CS,2054,0.0
RE1,PWRNGS_CS,2055,0.0
RE1,PWRNUC,2022,0.0
RE1,PWRNUC,2023,0.0
RE1,PWRNUC,2024,0.0
RE1,PWRNUC,2025,0.0
RE1,PWRNUC,2026,0.0
RE1,PWRNUC,2027,0.0
RE1,PWRNUC,2028,0.0
RE1,PWRNUC,2029,0.0
RE1,PWRNUC,2030,0.0
RE1,PWRNUC,2031,0.0
RE1,PWRNUC,2032,0.0
RE1,PWRNUC,2033,0.0
RE1,PWRNUC,2034,0.0
RE1,PWRNUC,2035,0.0
RE1,PWRNUC,2036,0.0
RE1,PWRNUC,2037,0.0
RE1,PWRNUC,2038,0.0
RE1,PWRNUC,2039,0.0
RE1,PWRNUC,2040,0.0
RE1,PWRNUC,2041,0.0
RE1,PWRNUC,2042,0.0
RE1,PWRNUC,2043,0.0
RE1,PWRNUC,2044,0.0
RE1,PWRNUC,2045,0.0
RE1,PWRNUC,2046,0.0
RE1,PWRNUC,2047,0.0
RE1,PWRNUC,2048,0.0
RE1,PWRNUC,2049,0.0
RE1,PWRNUC,2050,0.0
RE1,PWRNUC,2051,0.0
RE1,PWRNUC,2052,0.0
RE1,PWRNUC,2053,0.0
RE1,PWRNUC,2054,0.0
RE1,PWRNUC,2055,0.0
RE1,PWRSOLRTP,2022,0.0
RE1,PWRSOLRTP,2023,5.535471599999999e-05
RE1,PWRSOLRTP,2024,0.09063469782
RE1,PWRSOLRTP,2025,0.296
RE1,PWRSOLRTP,2026,0.0
RE1,PWRSOLRTP,2027,0.0
RE1,PWRSOLRTP,2028,0.0
RE1,PWRSOLRTP,2029,0.0
RE1,PWRSOLRTP,2030,0.0
RE1,PWRSOLRTP,2031,0.0
RE1,PWRSOLRTP,2032,0.0
RE1,PWRSOLRTP,2033,0.0
RE1,PWRSOLRTP,2034,0.0
RE1,PWRSOLRTP,2035,0.0
RE1,PWRSOLRTP,2036,0.0
RE1,PWRSOLRTP,2037,0.0
RE1,PWRSOLRTP,2038,0.0
RE1,PWRSOLRTP,2039,0.0
RE1,PWRSOLRTP,2040,0.0
RE1,PWRSOLRTP,2041,0.0
RE1,PWRSOLRTP,2042,0.0
RE1,PWRSOLRTP,2043,0.0
RE1,PWRSOLRTP,2044,0.0
RE1,PWRSOLRTP,2045,0.0
RE1,PWRSOLRTP,2046,0.0
RE1,PWRSOLRTP,2047,0.0
RE1,PWRSOLRTP,2048,0.0
RE1,PWRSOLRTP,2049,0.0
RE1,PWRSOLRTP,2050,0.0
RE1,PWRSOLRTP,2051,0.0
RE1,PWRSOLRTP,2052,0.0
RE1,PWRSOLRTP,2053,0.0
RE1,PWRSOLRTP,2054,0.0
RE1,PWRSOLRTP,2055,0.0
RE1,PWRSOLRTP_ZNI,2022,0.0
RE1,PWRSOLRTP_ZNI,2023,0.0
RE1,PWRSOLRTP_ZNI,2024,0.0
RE1,PWRSOLRTP_ZNI,2025,0.0
RE1,PWRSOLRTP_ZNI,2026,0.0
RE1,PWRSOLRTP_ZNI,2027,0.0
RE1,PWRSOLRTP_ZNI,2028,0.0
RE1,PWRSOLRTP_ZNI,2029,0.0
RE1,PWRSOLRTP_ZNI,2030,0.0
RE1,PWRSOLRTP_ZNI,2031,0.0
RE1,PWRSOLRTP_ZNI,2032,0.0
RE1,PWRSOLRTP_ZNI,2033,0.0
RE1,PWRSOLRTP_ZNI,2034,0.0
RE1,PWRSOLRTP_ZNI,2035,0.0
RE1,PWRSOLRTP_ZNI,2036,0.0
RE1,PWRSOLRTP_ZNI,2037,0.0
RE1,PWRSOLRTP_ZNI,2038,0.0
RE1,PWRSOLRTP_ZNI,2039,0.0
RE1,PWRSOLRTP_ZNI,2040,0.0
RE1,PWRSOLRTP_ZNI,2041,0.0
RE1,PWRSOLRTP_ZNI,2042,0.0
RE1,PWRSOLRTP_ZNI,2043,0.0
RE1,PWRSOLRTP_ZNI,2044,0.0
RE1,PWRSOLRTP_ZNI,2045,0.0
RE1,PWRSOLRTP_ZNI,2046,0.0
RE1,PWRSOLRTP_ZNI,2047,0.0
RE1,PWRSOLRTP_ZNI,2048,0.0
RE1,PWRSOLRTP_ZNI,2049,0.0
RE1,PWRSOLRTP_ZNI,2050,0.0
RE1,PWRSOLRTP_ZNI,2051,0.0
RE1,PWRSOLRTP_ZNI,2052,0.0
RE1,PWRSOLRTP_ZNI,2053,0.0
RE1,PWRSOLRTP_ZNI,2054,0.0
RE1,PWRSOLRTP_ZNI,2055,0.0
RE1,PWRSOLUGE,2022,0.5430617739719998
RE1,PWRSOLUGE,2023,1.458889025867999
RE1,PWRSOLUGE,2024,7.258281080832001
RE1,PWRSOLUGE,2025,9.21
RE1,PWRSOLUGE,2026,0.0
RE1,PWRSOLUGE,2027,0.0
RE1,PWRSOLUGE,2028,0.0
RE1,PWRSOLUGE,2029,0.0
RE1,PWRSOLUGE,2030,0.0
RE1,PWRSOLUGE,2031,0.0
RE1,PWRSOLUGE,2032,0.0
RE1,PWRSOLUGE,2033,0.0
RE1,PWRSOLUGE,2034,0.0
RE1,PWRSOLUGE,2035,0.0
RE1,PWRSOLUGE,2036,0.0
RE1,PWRSOLUGE,2037,0.0
RE1,PWRSOLUGE,2038,0.0
RE1,PWRSOLUGE,2039,0.0
RE1,PWRSOLUGE,2040,0.0
RE1,PWRSOLUGE,2041,0.0
RE1,PWRSOLUGE,2042,0.0
RE1,PWRSOLUGE,2043,0.0
RE1,PWRSOLUGE,2044,0.0
RE1,PWRSOLUGE,2045,0.0
RE1,PWRSOLUGE,2046,0.0
RE1,PWRSOLUGE,2047,0.0
RE1,PWRSOLUGE,2048,0.0
RE1,PWRSOLUGE,2049,0.0
RE1,PWRSOLUGE,2050,0.0
RE1,PWRSOLUGE,2051,0.0
RE1,PWRSOLUGE,2052,0.0
RE1,PWRSOLUGE,2053,0.0
RE1,PWRSOLUGE,2054,0.0
RE1,PWRSOLUGE,2055,0.0
RE1,PWRSOLUGE_BAT,2022,0.0
RE1,PWRSOLUGE_BAT,2023,0.0
RE1,PWRSOLUGE_BAT,2024,0.0
RE1,PWRSOLUGE_BAT,2025,0.0
RE1,PWRSOLUGE_BAT,2026,0.0
RE1,PWRSOLUGE_BAT,2027,0.0
RE1,PWRSOLUGE_BAT,2028,0.0
RE1,PWRSOLUGE_BAT,2029,0.0
RE1,PWRSOLUGE_BAT,2030,0.0
RE1,PWRSOLUGE_BAT,2031,0.0
RE1,PWRSOLUGE_BAT,2032,0.0
RE1,PWRSOLUGE_BAT,2033,0.0
RE1,PWRSOLUGE_BAT,2034,0.0
RE1,PWRSOLUGE_BAT,2035,0.0
RE1,PWRSOLUGE_BAT,2036,0.0
RE1,PWRSOLUGE_BAT,2037,0.0
RE1,PWRSOLUGE_BAT,2038,0.0
RE1,PWRSOLUGE_BAT,2039,0.0
RE1,PWRSOLUGE_BAT,2040,0.0
RE1,PWRSOLUGE_BAT,2041,0.0
RE1,PWRSOLUGE_BAT,2042,0.0
RE1,PWRSOLUGE_BAT,2043,0.0
RE1,PWRSOLUGE_BAT,2044,0.0
RE1,PWRSOLUGE_BAT,2045,0.0
RE1,PWRSOLUGE_BAT,2046,0.0
RE1,PWRSOLUGE_BAT,2047,0.0
RE1,PWRSOLUGE_BAT,2048,0.0
RE1,PWRSOLUGE_BAT,2049,0.0
RE1,PWRSOLUGE_BAT,2050,0.0
RE1,PWRSOLUGE_BAT,2051,0.0
RE1,PWRSOLUGE_BAT,2052,0.0
RE1,PWRSOLUGE_BAT,2053,0.0
RE1,PWRSOLUGE_BAT,2054,0.0
RE1,PWRSOLUGE_BAT,2055,0.0
RE1,PWRSOLUPE,2022,1.2636
RE1,PWRSOLUPE,2023,2.9232
RE1,PWRSOLUPE,2024,4.6332
RE1,PWRSOLUPE,2025,5.88
RE1,PWRSOLUPE,2026,0.0
RE1,PWRSOLUPE,2027,0.0
RE1,PWRSOLUPE,2028,0.0
RE1,PWRSOLUPE,2029,0.0
RE1,PWRSOLUPE,2030,0.0
RE1,PWRSOLUPE,2031,0.0
RE1,PWRSOLUPE,2032,0.0
RE1,PWRSOLUPE,2033,0.0
RE1,PWRSOLUPE,2034,0.0
RE1,PWRSOLUPE,2035,0.0
RE1,PWRSOLUPE,2036,0.0
RE1,PWRSOLUPE,2037,0.0
RE1,PWRSOLUPE,2038,0.0
RE1,PWRSOLUPE,2039,0.0
RE1,PWRSOLUPE,2040,0.0
RE1,PWRSOLUPE,2041,0.0
RE1,PWRSOLUPE,2042,0.0
RE1,PWRSOLUPE,2043,0.0
RE1,PWRSOLUPE,2044,0.0
RE1,PWRSOLUPE,2045,0.0
RE1,PWRSOLUPE,2046,0.0
RE1,PWRSOLUPE,2047,0.0
RE1,PWRSOLUPE,2048,0.0
RE1,PWRSOLUPE,2049,0.0
RE1,PWRSOLUPE,2050,0.0
RE1,PWRSOLUPE,2051,0.0
RE1,PWRSOLUPE,2052,0.0
RE1,PWRSOLUPE,2053,0.0
RE1,PWRSOLUPE,2054,0.0
RE1,PWRSOLUPE,2055,0.0
RE1,PWRSTD,2022,0.0
RE1,PWRSTD,2023,0.0
RE1,PWRSTD,2024,0.0
RE1,PWRSTD,2025,0.0
RE1,PWRSTD,2026,0.0
RE1,PWRSTD,2027,0.0
RE1,PWRSTD,2028,0.0
RE1,PWRSTD,2029,0.0
RE1,PWRSTD,2030,0.0
RE1,PWRSTD,2031,0.0
RE1,PWRSTD,2032,0.0
RE1,PWRSTD,2033,0.0
RE1,PWRSTD,2034,0.0
RE1,PWRSTD,2035,0.0
RE1,PWRSTD,2036,0.0
RE1,PWRSTD,2037,0.0
RE1,PWRSTD,2038,0.0
RE1,PWRSTD,2039,0.0
RE1,PWRSTD,2040,0.0
RE1,PWRSTD,2041,0.0
RE1,PWRSTD,2042,0.0
RE1,PWRSTD,2043,0.0
RE1,PWRSTD,2044,0.0
RE1,PWRSTD,2045,0.0
RE1,PWRSTD,2046,0.0
RE1,PWRSTD,2047,0.0
RE1,PWRSTD,2048,0.0
RE1,PWRSTD,2049,0.0
RE1,PWRSTD,2050,0.0
RE1,PWRSTD,2051,0.0
RE1,PWRSTD,2052,0.0
RE1,PWRSTD,2053,0.0
RE1,PWRSTD,2054,0.0
RE1,PWRSTD,2055,0.0
RE1,PWRWNDOFS_FIX,2022,0.0
RE1,PWRWNDOFS_FIX,2023,0.0
RE1,PWRWNDOFS_FIX,2024,0.0
RE1,PWRWNDOFS_FIX,2025,0.0
RE1,PWRWNDOFS_FIX,2026,0.0
RE1,PWRWNDOFS_FIX,2027,0.0
RE1,PWRWNDOFS_FIX,2028,0.0
RE1,PWRWNDOFS_FIX,2029,0.0
RE1,PWRWNDOFS_FIX,2030,0.0
RE1,PWRWNDOFS_FIX,2031,0.0
RE1,PWRWNDOFS_FIX,2032,0.0
RE1,PWRWNDOFS_FIX,2033,0.0
RE1,PWRWNDOFS_FIX,2034,0.0
RE1,PWRWNDOFS_FIX,2035,0.0
RE1,PWRWNDOFS_FIX,2036,0.0
RE1,PWRWNDOFS_FIX,2037,0.0
RE1,PWRWNDOFS_FIX,2038,0.0
RE1,PWRWNDOFS_FIX,2039,0.0
RE1,PWRWNDOFS_FIX,2040,0.0
RE1,PWRWNDOFS_FIX,2041,0.0
RE1,PWRWNDOFS_FIX,2042,0.0
RE1,PWRWNDOFS_FIX,2043,0.0
RE1,PWRWNDOFS_FIX,2044,0.0
RE1,PWRWNDOFS_FIX,2045,0.0
RE1,PWRWNDOFS_FIX,2046,0.0
RE1,PWRWNDOFS_FIX,2047,0.0
RE1,PWRWNDOFS_FIX,2048,0.0
RE1,PWRWNDOFS_FIX,2049,0.0
RE1,PWRWNDOFS_FIX,2050,0.0
RE1,PWRWNDOFS_FIX,2051,0.0
RE1,PWRWNDOFS_FIX,2052,0.0
RE1,PWRWNDOFS_FIX,2053,0.0
RE1,PWRWNDOFS_FIX,2054,0.0
RE1,PWRWNDOFS_FIX,2055,0.0
RE1,PWRWNDOFS_FLO,2022,0.0
RE1,PWRWNDOFS_FLO,2023,0.0
RE1,PWRWNDOFS_FLO,2024,0.0
RE1,PWRWNDOFS_FLO,2025,0.0
RE1,PWRWNDOFS_FLO,2026,0.0
RE1,PWRWNDOFS_FLO,2027,0.0
RE1,PWRWNDOFS_FLO,2028,0.0
RE1,PWRWNDOFS_FLO,2029,0.0
RE1,PWRWNDOFS_FLO,2030,0.0
RE1,PWRWNDOFS_FLO,2031,0.0
RE1,PWRWNDOFS_FLO,2032,0.0
RE1,PWRWNDOFS_FLO,2033,0.0
RE1,PWRWNDOFS_FLO,2034,0.0
RE1,PWRWNDOFS_FLO,2035,0.0
RE1,PWRWNDOFS_FLO,2036,0.0
RE1,PWRWNDOFS_FLO,2037,0.0
RE1,PWRWNDOFS_FLO,2038,0.0
RE1,PWRWNDOFS_FLO,2039,0.0
RE1,PWRWNDOFS_FLO,2040,0.0
RE1,PWRWNDOFS_FLO,2041,0.0
RE1,PWRWNDOFS_FLO,2042,0.0
RE1,PWRWNDOFS_FLO,2043,0.0
RE1,PWRWNDOFS_FLO,2044,0.0
RE1,PWRWNDOFS_FLO,2045,0.0
RE1,PWRWNDOFS_FLO,2046,0.0
RE1,PWRWNDOFS_FLO,2047,0.0
RE1,PWRWNDOFS_FLO,2048,0.0
RE1,PWRWNDOFS_FLO,2049,0.0
RE1,PWRWNDOFS_FLO,2050,0.0
RE1,PWRWNDOFS_FLO,2051,0.0
RE1,PWRWNDOFS_FLO,2052,0.0
RE1,PWRWNDOFS_FLO,2053,0.0
RE1,PWRWNDOFS_FLO,2054,0.0
RE1,PWRWNDOFS_FLO,2055,0.0
RE1,PWRWNDONS,2022,0.2674800000000001
RE1,PWRWNDONS,2023,0.7308000000000001
RE1,PWRWNDONS,2024,0.5327999999999999
RE1,PWRWNDONS,2025,0.5327999999999999
RE1,PWRWNDONS,2026,0.0
RE1,PWRWNDONS,2027,0.0
RE1,PWRWNDONS,2028,0.0
RE1,PWRWNDONS,2029,0.0
RE1,PWRWNDONS,2030,0.0
RE1,PWRWNDONS,2031,0.0
RE1,PWRWNDONS,2032,0.0
RE1,PWRWNDONS,2033,0.0
RE1,PWRWNDONS,2034,0.0
RE1,PWRWNDONS,2035,0.0
RE1,PWRWNDONS,2036,0.0
RE1,PWRWNDONS,2037,0.0
RE1,PWRWNDONS,2038,0.0
RE1,PWRWNDONS,2039,0.0
RE1,PWRWNDONS,2040,0.0
RE1,PWRWNDONS,2041,0.0
RE1,PWRWNDONS,2042,0.0
RE1,PWRWNDONS,2043,0.0
RE1,PWRWNDONS,2044,0.0
RE1,PWRWNDONS,2045,0.0
RE1,PWRWNDONS,2046,0.0
RE1,PWRWNDONS,2047,0.0
RE1,PWRWNDONS,2048,0.0
RE1,PWRWNDONS,2049,0.0
RE1,PWRWNDONS,2050,0.0
RE1,PWRWNDONS,2051,0.0
RE1,PWRWNDONS,2052,0.0
RE1,PWRWNDONS,2053,0.0
RE1,PWRWNDONS,2054,0.0
RE1,PWRWNDONS,2055,0.0
RE1,UPSALK,2022,0.0
RE1,UPSALK,2023,0.0
RE1,UPSALK,2024,0.0
RE1,UPSALK,2025,0.0725328
RE1,UPSALK,2026,0.0725328
RE1,UPSALK,2027,1.831416946532032
RE1,UPSALK,2028,1.962512999984413
RE1,UPSALK,2029,2.088273322745274
RE1,UPSALK,2030,2.207271633563024
RE1,UPSALK,2031,2.31841903228599
RE1,UPSALK,2032,2.420981609385574
RE1,UPSALK,2033,2.514568356226472
RE1,UPSALK,2034,2.599096066783936
RE1,UPSALK,2035,2.674739470098894
RE1,UPSALK,2036,2.741874662833972
RE1,UPSALK,2037,2.801022555088705
RE1,UPSALK,2038,2.852797122147015
RE1,UPSALK,2039,2.897861292236582
RE1,UPSALK,2040,2.936891631379821
RE1,UPSALK,2041,2.970551759809173
RE1,UPSALK,2042,2.999473659323468
RE1,UPSALK,2043,3.024245636146068
RE1,UPSALK,2044,3.045405587568109
RE1,UPSALK,2045,3.063438283205212
RE1,UPSALK,2046,3.078775531634469
RE1,UPSALK,2047,3.091798302065184
RE1,UPSALK,2048,3.102840071221247
RE1,UPSALK,2049,3.1121908470093
RE1,UPSALK,2050,3.120101473591988
RE1,UPSALK,2051,3.120101473591988
RE1,UPSALK,2052,3.120101473591988
RE1,UPSALK,2053,3.120101473591988
RE1,UPSALK,2054,3.120101473591988
RE1,UPSALK,2055,3.120101473591988
RE1,UPSBDB,2022,0.0
RE1,UPSBDB,2023,0.0
RE1,UPSBDB,2024,0.0
RE1,UPSBDB,2025,0.0
RE1,UPSBDB,2026,0.0
RE1,UPSBDB,2027,0.0
RE1,UPSBDB,2028,0.0
RE1,UPSBDB,2029,0.0
RE1,UPSBDB,2030,0.0
RE1,UPSBDB,2031,0.0
RE1,UPSBDB,2032,0.0
RE1,UPSBDB,2033,0.0
RE1,UPSBDB,2034,0.0
RE1,UPSBDB,2035,0.0
RE1,UPSBDB,2036,0.0
RE1,UPSBDB,2037,0.0
RE1,UPSBDB,2038,0.0
RE1,UPSBDB,2039,0.0
RE1,UPSBDB,2040,0.0
RE1,UPSBDB,2041,0.0
RE1,UPSBDB,2042,0.0
RE1,UPSBDB,2043,0.0
RE1,UPSBDB,2044,0.0
RE1,UPSBDB,2045,0.0
RE1,UPSBDB,2046,0.0
RE1,UPSBDB,2047,0.0
RE1,UPSBDB,2048,0.0
RE1,UPSBDB,2049,0.0
RE1,UPSBDB,2050,0.0
RE1,UPSBDB,2051,0.0
RE1,UPSBDB,2052,0.0
RE1,UPSBDB,2053,0.0
RE1,UPSBDB,2054,0.0
RE1,UPSBDB,2055,0.0
RE1,UPSBDL,2022,0.0
RE1,UPSBDL,2023,0.0
RE1,UPSBDL,2024,0.0
RE1,UPSBDL,2025,0.0
RE1,UPSBDL,2026,0.0
RE1,UPSBDL,2027,0.0
RE1,UPSBDL,2028,0.0
RE1,UPSBDL,2029,0.0
RE1,UPSBDL,2030,0.0
RE1,UPSBDL,2031,0.0
RE1,UPSBDL,2032,0.0
RE1,UPSBDL,2033,0.0
RE1,UPSBDL,2034,0.0
RE1,UPSBDL,2035,0.0
RE1,UPSBDL,2036,0.0
RE1,UPSBDL,2037,0.0
RE1,UPSBDL,2038,0.0
RE1,UPSBDL,2039,0.0
RE1,UPSBDL,2040,0.0
RE1,UPSBDL,2041,0.0
RE1,UPSBDL,2042,0.0
RE1,UPSBDL,2043,0.0
RE1,UPSBDL,2044,0.0
RE1,UPSBDL,2045,0.0
RE1,UPSBDL,2046,0.0
RE1,UPSBDL,2047,0.0
RE1,UPSBDL,2048,0.0
RE1,UPSBDL,2049,0.0
RE1,UPSBDL,2050,0.0
RE1,UPSBDL,2051,0.0
RE1,UPSBDL,2052,0.0
RE1,UPSBDL,2053,0.0
RE1,UPSBDL,2054,0.0
RE1,UPSBDL,2055,0.0
RE1,UPSBET,2022,0.0
RE1,UPSBET,2023,0.0
RE1,UPSBET,2024,0.0
RE1,UPSBET,2025,0.0
RE1,UPSBET,2026,0.0
RE1,UPSBET,2027,0.0
RE1,UPSBET,2028,0.0
RE1,UPSBET,2029,0.0
RE1,UPSBET,2030,0.0
RE1,UPSBET,2031,0.0
RE1,UPSBET,2032,0.0
RE1,UPSBET,2033,0.0
RE1,UPSBET,2034,0.0
RE1,UPSBET,2035,0.0
RE1,UPSBET,2036,0.0
RE1,UPSBET,2037,0.0
RE1,UPSBET,2038,0.0
RE1,UPSBET,2039,0.0
RE1,UPSBET,2040,0.0
RE1,UPSBET,2041,0.0
RE1,UPSBET,2042,0.0
RE1,UPSBET,2043,0.0
RE1,UPSBET,2044,0.0
RE1,UPSBET,2045,0.0
RE1,UPSBET,2046,0.0
RE1,UPSBET,2047,0.0
RE1,UPSBET,2048,0.0
RE1,UPSBET,2049,0.0
RE1,UPSBET,2050,0.0
RE1,UPSBET,2051,0.0
RE1,UPSBET,2052,0.0
RE1,UPSBET,2053,0.0
RE1,UPSBET,2054,0.0
RE1,UPSBET,2055,0.0
RE1,UPSBGB,2022,0.0
RE1,UPSBGB,2023,0.0
RE1,UPSBGB,2024,0.0
RE1,UPSBGB,2025,0.0
RE1,UPSBGB,2026,0.0
RE1,UPSBGB,2027,0.0
RE1,UPSBGB,2028,0.0
RE1,UPSBGB,2029,0.0
RE1,UPSBGB,2030,0.0
RE1,UPSBGB,2031,0.0
RE1,UPSBGB,2032,0.0
RE1,UPSBGB,2033,0.0
RE1,UPSBGB,2034,0.0
RE1,UPSBGB,2035,0.0
RE1,UPSBGB,2036,0.0
RE1,UPSBGB,2037,0.0
RE1,UPSBGB,2038,0.0
RE1,UPSBGB,2039,0.0
RE1,UPSBGB,2040,0.0
RE1,UPSBGB,2041,0.0
RE1,UPSBGB,2042,0.0
RE1,UPSBGB,2043,0.0
RE1,UPSBGB,2044,0.0
RE1,UPSBGB,2045,0.0
RE1,UPSBGB,2046,0.0
RE1,UPSBGB,2047,0.0
RE1,UPSBGB,2048,0.0
RE1,UPSBGB,2049,0.0
RE1,UPSBGB,2050,0.0
RE1,UPSBGB,2051,0.0
RE1,UPSBGB,2052,0.0
RE1,UPSBGB,2053,0.0
RE1,UPSBGB,2054,0.0
RE1,UPSBGB,2055,0.0
RE1,UPSBGS,2022,0.0
RE1,UPSBGS,2023,0.0
RE1,UPSBGS,2024,0.0
RE1,UPSBGS,2025,0.0
RE1,UPSBGS,2026,0.0
RE1,UPSBGS,2027,0.0
RE1,UPSBGS,2028,0.0
RE1,UPSBGS,2029,0.0
RE1,UPSBGS,2030,0.0
RE1,UPSBGS,2031,0.0
RE1,UPSBGS,2032,0.0
RE1,UPSBGS,2033,0.0
RE1,UPSBGS,2034,0.0
RE1,UPSBGS,2035,0.0
RE1,UPSBGS,2036,0.0
RE1,UPSBGS,2037,0.0
RE1,UPSBGS,2038,0.0
RE1,UPSBGS,2039,0.0
RE1,UPSBGS,2040,0.0
RE1,UPSBGS,2041,0.0
RE1,UPSBGS,2042,0.0
RE1,UPSBGS,2043,0.0
RE1,UPSBGS,2044,0.0
RE1,UPSBGS,2045,0.0
RE1,UPSBGS,2046,0.0
RE1,UPSBGS,2047,0.0
RE1,UPSBGS,2048,0.0
RE1,UPSBGS,2049,0.0
RE1,UPSBGS,2050,0.0
RE1,UPSBGS,2051,0.0
RE1,UPSBGS,2052,0.0
RE1,UPSBGS,2053,0.0
RE1,UPSBGS,2054,0.0
RE1,UPSBGS,2055,0.0
RE1,UPSBJS,2022,0.0
RE1,UPSBJS,2023,0.0
RE1,UPSBJS,2024,0.0
RE1,UPSBJS,2025,0.0
RE1,UPSBJS,2026,0.0
RE1,UPSBJS,2027,0.0
RE1,UPSBJS,2028,0.0
RE1,UPSBJS,2029,0.0
RE1,UPSBJS,2030,0.0
RE1,UPSBJS,2031,0.0
RE1,UPSBJS,2032,0.0
RE1,UPSBJS,2033,0.0
RE1,UPSBJS,2034,0.0
RE1,UPSBJS,2035,0.0
RE1,UPSBJS,2036,0.0
RE1,UPSBJS,2037,0.0
RE1,UPSBJS,2038,0.0
RE1,UPSBJS,2039,0.0
RE1,UPSBJS,2040,0.0
RE1,UPSBJS,2041,0.0
RE1,UPSBJS,2042,0.0
RE1,UPSBJS,2043,0.0
RE1,UPSBJS,2044,0.0
RE1,UPSBJS,2045,0.0
RE1,UPSBJS,2046,0.0
RE1,UPSBJS,2047,0.0
RE1,UPSBJS,2048,0.0
RE1,UPSBJS,2049,0.0
RE1,UPSBJS,2050,0.0
RE1,UPSBJS,2051,0.0
RE1,UPSBJS,2052,0.0
RE1,UPSBJS,2053,0.0
RE1,UPSBJS,2054,0.0
RE1,UPSBJS,2055,0.0
RE1,UPSBMET,2022,0.0
RE1,UPSBMET,2023,0.0
RE1,UPSBMET,2024,0.0
RE1,UPSBMET,2025,0.0
RE1,UPSBMET,2026,0.0
RE1,UPSBMET,2027,0.0
RE1,UPSBMET,2028,0.0
RE1,UPSBMET,2029,0.0
RE1,UPSBMET,2030,0.0
RE1,UPSBMET,2031,0.0
RE1,UPSBMET,2032,0.0
RE1,UPSBMET,2033,0.0
RE1,UPSBMET,2034,0.0
RE1,UPSBMET,2035,0.0
RE1,UPSBMET,2036,0.0
RE1,UPSBMET,2037,0.0
RE1,UPSBMET,2038,0.0
RE1,UPSBMET,2039,0.0
RE1,UPSBMET,2040,0.0
RE1,UPSBMET,2041,0.0
RE1,UPSBMET,2042,0.0
RE1,UPSBMET,2043,0.0
RE1,UPSBMET,2044,0.0
RE1,UPSBMET,2045,0.0
RE1,UPSBMET,2046,0.0
RE1,UPSBMET,2047,0.0
RE1,UPSBMET,2048,0.0
RE1,UPSBMET,2049,0.0
RE1,UPSBMET,2050,0.0
RE1,UPSBMET,2051,0.0
RE1,UPSBMET,2052,0.0
RE1,UPSBMET,2053,0.0
RE1,UPSBMET,2054,0.0
RE1,UPSBMET,2055,0.0
RE1,UPSBMETL,2022,0.0
RE1,UPSBMETL,2023,0.0
RE1,UPSBMETL,2024,0.0
RE1,UPSBMETL,2025,0.0
RE1,UPSBMETL,2026,0.0
RE1,UPSBMETL,2027,0.0
RE1,UPSBMETL,2028,0.0
RE1,UPSBMETL,2029,0.0
RE1,UPSBMETL,2030,0.0
RE1,UPSBMETL,2031,0.0
RE1,UPSBMETL,2032,0.0
RE1,UPSBMETL,2033,0.0
RE1,UPSBMETL,2034,0.0
RE1,UPSBMETL,2035,0.0
RE1,UPSBMETL,2036,0.0
RE1,UPSBMETL,2037,0.0
RE1,UPSBMETL,2038,0.0
RE1,UPSBMETL,2039,0.0
RE1,UPSBMETL,2040,0.0
RE1,UPSBMETL,2041,0.0
RE1,UPSBMETL,2042,0.0
RE1,UPSBMETL,2043,0.0
RE1,UPSBMETL,2044,0.0
RE1,UPSBMETL,2045,0.0
RE1,UPSBMETL,2046,0.0
RE1,UPSBMETL,2047,0.0
RE1,UPSBMETL,2048,0.0
RE1,UPSBMETL,2049,0.0
RE1,UPSBMETL,2050,0.0
RE1,UPSBMETL,2051,0.0
RE1,UPSBMETL,2052,0.0
RE1,UPSBMETL,2053,0.0
RE1,UPSBMETL,2054,0.0
RE1,UPSBMETL,2055,0.0
RE1,UPSEVC,2022,0.0
RE1,UPSEVC,2023,0.0
RE1,UPSEVC,2024,0.0
RE1,UPSEVC,2025,0.0
RE1,UPSEVC,2026,0.0
RE1,UPSEVC,2027,0.0
RE1,UPSEVC,2028,0.0
RE1,UPSEVC,2029,0.0
RE1,UPSEVC,2030,0.0
RE1,UPSEVC,2031,0.0
RE1,UPSEVC,2032,0.0
RE1,UPSEVC,2033,0.0
RE1,UPSEVC,2034,0.0
RE1,UPSEVC,2035,0.0
RE1,UPSEVC,2036,0.0
RE1,UPSEVC,2037,0.0
RE1,UPSEVC,2038,0.0
RE1,UPSEVC,2039,0.0
RE1,UPSEVC,2040,0.0
RE1,UPSEVC,2041,0.0
RE1,UPSEVC,2042,0.0
RE1,UPSEVC,2043,0.0
RE1,UPSEVC,2044,0.0
RE1,UPSEVC,2045,0.0
RE1,UPSEVC,2046,0.0
RE1,UPSEVC,2047,0.0
RE1,UPSEVC,2048,0.0
RE1,UPSEVC,2049,0.0
RE1,UPSEVC,2050,0.0
RE1,UPSEVC,2051,0.0
RE1,UPSEVC,2052,0.0
RE1,UPSEVC,2053,0.0
RE1,UPSEVC,2054,0.0
RE1,UPSEVC,2055,0.0
RE1,UPSEV_FC,2022,0.0
RE1,UPSEV_FC,2023,0.0
RE1,UPSEV_FC,2024,0.0
RE1,UPSEV_FC,2025,0.0
RE1,UPSEV_FC,2026,0.0
RE1,UPSEV_FC,2027,0.0
RE1,UPSEV_FC,2028,0.0
RE1,UPSEV_FC,2029,0.0
RE1,UPSEV_FC,2030,0.0
RE1,UPSEV_FC,2031,0.0
RE1,UPSEV_FC,2032,0.0
RE1,UPSEV_FC,2033,0.0
RE1,UPSEV_FC,2034,0.0
RE1,UPSEV_FC,2035,0.0
RE1,UPSEV_FC,2036,0.0
RE1,UPSEV_FC,2037,0.0
RE1,UPSEV_FC,2038,0.0
RE1,UPSEV_FC,2039,0.0
RE1,UPSEV_FC,2040,0.0
RE1,UPSEV_FC,2041,0.0
RE1,UPSEV_FC,2042,0.0
RE1,UPSEV_FC,2043,0.0
RE1,UPSEV_FC,2044,0.0
RE1,UPSEV_FC,2045,0.0
RE1,UPSEV_FC,2046,0.0
RE1,UPSEV_FC,2047,0.0
RE1,UPSEV_FC,2048,0.0
RE1,UPSEV_FC,2049,0.0
RE1,UPSEV_FC,2050,0.0
RE1,UPSEV_FC,2051,0.0
RE1,UPSEV_FC,2052,0.0
RE1,UPSEV_FC,2053,0.0
RE1,UPSEV_FC,2054,0.0
RE1,UPSEV_FC,2055,0.0
RE1,UPSHDGRST,2022,0.0
RE1,UPSHDGRST,2023,0.0
RE1,UPSHDGRST,2024,0.0
RE1,UPSHDGRST,2025,0.0
RE1,UPSHDGRST,2026,0.0
RE1,UPSHDGRST,2027,0.0
RE1,UPSHDGRST,2028,0.0
RE1,UPSHDGRST,2029,0.0
RE1,UPSHDGRST,2030,0.0
RE1,UPSHDGRST,2031,0.0
RE1,UPSHDGRST,2032,0.0
RE1,UPSHDGRST,2033,0.0
RE1,UPSHDGRST,2034,0.0
RE1,UPSHDGRST,2035,0.0
RE1,UPSHDGRST,2036,0.0
RE1,UPSHDGRST,2037,0.0
RE1,UPSHDGRST,2038,0.0
RE1,UPSHDGRST,2039,0.0
RE1,UPSHDGRST,2040,0.0
RE1,UPSHDGRST,2041,0.0
RE1,UPSHDGRST,2042,0.0
RE1,UPSHDGRST,2043,0.0
RE1,UPSHDGRST,2044,0.0
RE1,UPSHDGRST,2045,0.0
RE1,UPSHDGRST,2046,0.0
RE1,UPSHDGRST,2047,0.0
RE1,UPSHDGRST,2048,0.0
RE1,UPSHDGRST,2049,0.0
RE1,UPSHDGRST,2050,0.0
RE1,UPSHDGRST,2051,0.0
RE1,UPSHDGRST,2052,0.0
RE1,UPSHDGRST,2053,0.0
RE1,UPSHDGRST,2054,0.0
RE1,UPSHDGRST,2055,0.0
RE1,UPSPEM,2022,0.007884
RE1,UPSPEM,2023,0.007884
RE1,UPSPEM,2024,0.007884
RE1,UPSPEM,2025,0.007884
RE1,UPSPEM,2026,0.165564
RE1,UPSPEM,2027,2.747125419798048
RE1,UPSPEM,2028,2.943769499976619
RE1,UPSPEM,2029,3.13240998411791
RE1,UPSPEM,2030,3.310907450344536
RE1,UPSPEM,2031,3.477628548428985
RE1,UPSPEM,2032,3.631472414078361
RE1,UPSPEM,2033,3.771852534339707
RE1,UPSPEM,2034,3.898644100175904
RE1,UPSPEM,2035,4.012109205148341
RE1,UPSPEM,2036,4.112811994250957
RE1,UPSPEM,2037,4.201533832633058
RE1,UPSPEM,2038,4.279195683220522
RE1,UPSPEM,2039,4.346791938354873
RE1,UPSPEM,2040,4.40533744706973
RE1,UPSPEM,2041,4.455827639713759
RE1,UPSPEM,2042,4.499210488985201
RE1,UPSPEM,2043,4.536368454219102
RE1,UPSPEM,2044,4.568108381352162
RE1,UPSPEM,2045,4.595157424807818
RE1,UPSPEM,2046,4.618163297451702
RE1,UPSPEM,2047,4.637697453097775
RE1,UPSPEM,2048,4.654260106831869
RE1,UPSPEM,2049,4.668286270513949
RE1,UPSPEM,2050,4.680152210387981
RE1,UPSPEM,2051,4.680152210387981
RE1,UPSPEM,2052,4.680152210387981
RE1,UPSPEM,2053,4.680152210387981
RE1,UPSPEM,2054,4.680152210387981
RE1,UPSPEM,2055,4.680152210387981
RE1,UPSREF_BAR,2022,301.5773746992495
RE1,UPSREF_BAR,2023,296.6467715675087
RE1,UPSREF_BAR,2024,289.2178358404425
RE1,UPSREF_BAR,2025,289.2178358404425
RE1,UPSREF_BAR,2026,289.2178358404425
RE1,UPSREF_BAR,2027,289.2178358404425
RE1,UPSREF_BAR,2028,289.2178358404425
RE1,UPSREF_BAR,2029,289.2178358404425
RE1,UPSREF_BAR,2030,289.2178358404425
RE1,UPSREF_BAR,2031,308.771661692107
RE1,UPSREF_BAR,2032,308.771661692107
RE1,UPSREF_BAR,2033,308.771661692107
RE1,UPSREF_BAR,2034,308.771661692107
RE1,UPSREF_BAR,2035,308.771661692107
RE1,UPSREF_BAR,2036,308.771661692107
RE1,UPSREF_BAR,2037,308.771661692107
RE1,UPSREF_BAR,2038,308.771661692107
RE1,UPSREF_BAR,2039,308.771661692107
RE1,UPSREF_BAR,2040,308.771661692107
RE1,UPSREF_BAR,2041,308.771661692107
RE1,UPSREF_BAR,2042,308.771661692107
RE1,UPSREF_BAR,2043,308.771661692107
RE1,UPSREF_BAR,2044,308.771661692107
RE1,UPSREF_BAR,2045,308.771661692107
RE1,UPSREF_BAR,2046,308.771661692107
RE1,UPSREF_BAR,2047,308.771661692107
RE1,UPSREF_BAR,2048,308.771661692107
RE1,UPSREF_BAR,2049,308.771661692107
RE1,UPSREF_BAR,2050,308.771661692107
RE1,UPSREF_BAR,2051,308.771661692107
RE1,UPSREF_BAR,2052,308.771661692107
RE1,UPSREF_BAR,2053,308.771661692107
RE1,UPSREF_BAR,2054,308.771661692107
RE1,UPSREF_BAR,2055,308.771661692107
RE1,UPSREF_CAR,2022,219.5788297631947
RE1,UPSREF_CAR,2023,305.5790832311901
RE1,UPSREF_CAR,2024,294.3612795678297
RE1,UPSREF_CAR,2025,294.3612795678297
RE1,UPSREF_CAR,2026,294.3612795678297
RE1,UPSREF_CAR,2027,294.3612795678297
RE1,UPSREF_CAR,2028,294.3612795678297
RE1,UPSREF_CAR,2029,294.3612795678297
RE1,UPSREF_CAR,2030,294.3612795678297
RE1,UPSREF_CAR,2031,372.5765829744902
RE1,UPSREF_CAR,2032,372.5765829744902
RE1,UPSREF_CAR,2033,372.5765829744902
RE1,UPSREF_CAR,2034,372.5765829744902
RE1,UPSREF_CAR,2035,372.5765829744902
RE1,UPSREF_CAR,2036,372.5765829744902
RE1,UPSREF_CAR,2037,372.5765829744902
RE1,UPSREF_CAR,2038,372.5765829744902
RE1,UPSREF_CAR,2039,372.5765829744902
RE1,UPSREF_CAR,2040,372.5765829744902
RE1,UPSREF_CAR,2041,372.5765829744902
RE1,UPSREF_CAR,2042,372.5765829744902
RE1,UPSREF_CAR,2043,372.5765829744902
RE1,UPSREF_CAR,2044,372.5765829744902
RE1,UPSREF_CAR,2045,372.5765829744902
RE1,UPSREF_CAR,2046,372.5765829744902
RE1,UPSREF_CAR,2047,372.5765829744902
RE1,UPSREF_CAR,2048,372.5765829744902
RE1,UPSREF_CAR,2049,372.5765829744902
RE1,UPSREF_CAR,2050,372.5765829744902
RE1,UPSREF_CAR,2051,372.5765829744902
RE1,UPSREF_CAR,2052,372.5765829744902
RE1,UPSREF_CAR,2053,372.5765829744902
RE1,UPSREF_CAR,2054,372.5765829744902
RE1,UPSREF_CAR,2055,372.5765829744902
RE1,UPSREG,2022,1.237
RE1,UPSREG,2023,32.75
RE1,UPSREG,2024,87.04
RE1,UPSREG,2025,32.75
RE1,UPSREG,2026,32.75
RE1,UPSREG,2027,32.75
RE1,UPSREG,2028,32.75
RE1,UPSREG,2029,32.75
RE1,UPSREG,2030,32.75
RE1,UPSREG,2031,32.75
RE1,UPSREG,2032,32.75
RE1,UPSREG,2033,32.75
RE1,UPSREG,2034,32.75
RE1,UPSREG,2035,32.75
RE1,UPSREG,2036,32.75
RE1,UPSREG,2037,32.75
RE1,UPSREG,2038,32.75
RE1,UPSREG,2039,0.0
RE1,UPSREG,2040,0.0
RE1,UPSREG,2041,0.0
RE1,UPSREG,2042,0.0
RE1,UPSREG,2043,0.0
RE1,UPSREG,2044,0.0
RE1,UPSREG,2045,0.0
RE1,UPSREG,2046,0.0
RE1,UPSREG,2047,0.0
RE1,UPSREG,2048,0.0
RE1,UPSREG,2049,0.0
RE1,UPSREG,2050,0.0
RE1,UPSREG,2051,0.0
RE1,UPSREG,2052,0.0
RE1,UPSREG,2053,0.0
RE1,UPSREG,2054,0.0
RE1,UPSREG,2055,0.0
RE1,UPSSAF,2022,0.0
RE1,UPSSAF,2023,0.0
RE1,UPSSAF,2024,0.0
RE1,UPSSAF,2025,0.0
RE1,UPSSAF,2026,0.0
RE1,UPSSAF,2027,0.0
RE1,UPSSAF,2028,0.0
RE1,UPSSAF,2029,0.0
RE1,UPSSAF,2030,0.0
RE1,UPSSAF,2031,0.0
RE1,UPSSAF,2032,0.0
RE1,UPSSAF,2033,0.0
RE1,UPSSAF,2034,0.0
RE1,UPSSAF,2035,0.0
RE1,UPSSAF,2036,0.0
RE1,UPSSAF,2037,0.0
RE1,UPSSAF,2038,0.0
RE1,UPSSAF,2039,0.0
RE1,UPSSAF,2040,0.0
RE1,UPSSAF,2041,0.0
RE1,UPSSAF,2042,0.0
RE1,UPSSAF,2043,0.0
RE1,UPSSAF,2044,0.0
RE1,UPSSAF,2045,0.0
RE1,UPSSAF,2046,0.0
RE1,UPSSAF,2047,0.0
RE1,UPSSAF,2048,0.0
RE1,UPSSAF,2049,0.0
RE1,UPSSAF,2050,0.0
RE1,UPSSAF,2051,0.0
RE1,UPSSAF,2052,0.0
RE1,UPSSAF,2053,0.0
RE1,UPSSAF,2054,0.0
RE1,UPSSAF,2055,0.0
RE1,UPSSMR,2022,15.84
RE1,UPSSMR,2023,15.84
RE1,UPSSMR,2024,15.84
RE1,UPSSMR,2025,15.84
RE1,UPSSMR,2026,15.84
RE1,UPSSMR,2027,15.84
RE1,UPSSMR,2028,15.84
RE1,UPSSMR,2029,15.84
RE1,UPSSMR,2030,15.84
RE1,UPSSMR,2031,15.84
RE1,UPSSMR,2032,15.84
RE1,UPSSMR,2033,15.84
RE1,UPSSMR,2034,15.84
RE1,UPSSMR,2035,15.84
RE1,UPSSMR,2036,15.84
RE1,UPSSMR,2037,15.84
RE1,UPSSMR,2038,15.84
RE1,UPSSMR,2039,15.84
RE1,UPSSMR,2040,15.84
RE1,UPSSMR,2041,15.84
RE1,UPSSMR,2042,15.84
RE1,UPSSMR,2043,15.84
RE1,UPSSMR,2044,15.84
RE1,UPSSMR,2045,15.84
RE1,UPSSMR,2046,15.84
RE1,UPSSMR,2047,15.84
RE1,UPSSMR,2048,15.84
RE1,UPSSMR,2049,15.84
RE1,UPSSMR,2050,15.84
RE1,UPSSMR,2051,15.84
RE1,UPSSMR,2052,15.84
RE1,UPSSMR,2053,15.84
RE1,UPSSMR,2054,15.84
RE1,UPSSMR,2055,15.84
RE1,UPSSMRCCS,2022,1.5612
RE1,UPSSMRCCS,2023,1.584
RE1,UPSSMRCCS,2024,1.584
RE1,UPSSMRCCS,2025,1.584
RE1,UPSSMRCCS,2026,1.584
RE1,UPSSMRCCS,2027,1.584
RE1,UPSSMRCCS,2028,1.584
RE1,UPSSMRCCS,2029,1.584
RE1,UPSSMRCCS,2030,1.584
RE1,UPSSMRCCS,2031,1.584
RE1,UPSSMRCCS,2032,1.584
RE1,UPSSMRCCS,2033,1.584
RE1,UPSSMRCCS,2034,1.584
RE1,UPSSMRCCS,2035,1.584
RE1,UPSSMRCCS,2036,1.584
RE1,UPSSMRCCS,2037,1.584
RE1,UPSSMRCCS,2038,1.584
RE1,UPSSMRCCS,2039,1.584
RE1,UPSSMRCCS,2040,1.584
RE1,UPSSMRCCS,2041,1.584
RE1,UPSSMRCCS,2042,1.584
RE1,UPSSMRCCS,2043,1.584
RE1,UPSSMRCCS,2044,1.584
RE1,UPSSMRCCS,2045,1.584
RE1,UPSSMRCCS,2046,1.584
RE1,UPSSMRCCS,2047,1.584
RE1,UPSSMRCCS,2048,1.584
RE1,UPSSMRCCS,2049,1.584
RE1,UPSSMRCCS,2050,1.584
RE1,UPSSMRCCS,2051,1.584
RE1,UPSSMRCCS,2052,1.584
RE1,UPSSMRCCS,2053,1.584
RE1,UPSSMRCCS,2054,1.584
RE1,UPSSMRCCS,2055,1.584
