REGION,TECHNOLOGY,YEAR,VALUE
RE1,BACKSTOP_1,2022,9999999999.0
RE1,BACKSTOP_1,2023,9999999999.0
RE1,BACKSTOP_1,2024,9999999999.0
RE1,BACKSTOP_1,2025,9999999999.0
RE1,BACKSTOP_1,2026,9999999999.0
RE1,BACKSTOP_1,2027,9999999999.0
RE1,BACKSTOP_1,2028,9999999999.0
RE1,BACKSTOP_1,2029,9999999999.0
RE1,BACKSTOP_1,2030,9999999999.0
RE1,BACKSTOP_1,2031,9999999999.0
RE1,BACKSTOP_1,2032,9999999999.0
RE1,BACKSTOP_1,2033,9999999999.0
RE1,BACKSTOP_1,2034,9999999999.0
RE1,BACKSTOP_1,2035,9999999999.0
RE1,BACKSTOP_1,2036,9999999999.0
RE1,BACKSTOP_1,2037,9999999999.0
RE1,BACKSTOP_1,2038,9999999999.0
RE1,BACKSTOP_1,2039,9999999999.0
RE1,BACKSTOP_1,2040,9999999999.0
RE1,BACKSTOP_1,2041,9999999999.0
RE1,BACKSTOP_1,2042,9999999999.0
RE1,BACKSTOP_1,2043,9999999999.0
RE1,BACKSTOP_1,2044,9999999999.0
RE1,BACKSTOP_1,2045,9999999999.0
RE1,BACKSTOP_1,2046,9999999999.0
RE1,BACKSTOP_1,2047,9999999999.0
RE1,BACKSTOP_1,2048,9999999999.0
RE1,BACKSTOP_1,2049,9999999999.0
RE1,BACKSTOP_1,2050,9999999999.0
RE1,BACKSTOP_1,2051,9999999999.0
RE1,BACKSTOP_1,2052,9999999999.0
RE1,BACKSTOP_1,2053,9999999999.0
RE1,BACKSTOP_1,2054,9999999999.0
RE1,BACKSTOP_1,2055,9999999999.0
RE1,BACKSTOP_2,2022,9999999999.0
RE1,BACKSTOP_2,2023,9999999999.0
RE1,BACKSTOP_2,2024,9999999999.0
RE1,BACKSTOP_2,2025,9999999999.0
RE1,BACKSTOP_2,2026,9999999999.0
RE1,BACKSTOP_2,2027,9999999999.0
RE1,BACKSTOP_2,2028,9999999999.0
RE1,BACKSTOP_2,2029,9999999999.0
RE1,BACKSTOP_2,2030,9999999999.0
RE1,BACKSTOP_2,2031,9999999999.0
RE1,BACKSTOP_2,2032,9999999999.0
RE1,BACKSTOP_2,2033,9999999999.0
RE1,BACKSTOP_2,2034,9999999999.0
RE1,BACKSTOP_2,2035,9999999999.0
RE1,BACKSTOP_2,2036,9999999999.0
RE1,BACKSTOP_2,2037,9999999999.0
RE1,BACKSTOP_2,2038,9999999999.0
RE1,BACKSTOP_2,2039,9999999999.0
RE1,BACKSTOP_2,2040,9999999999.0
RE1,BACKSTOP_2,2041,9999999999.0
RE1,BACKSTOP_2,2042,9999999999.0
RE1,BACKSTOP_2,2043,9999999999.0
RE1,BACKSTOP_2,2044,9999999999.0
RE1,BACKSTOP_2,2045,9999999999.0
RE1,BACKSTOP_2,2046,9999999999.0
RE1,BACKSTOP_2,2047,9999999999.0
RE1,BACKSTOP_2,2048,9999999999.0
RE1,BACKSTOP_2,2049,9999999999.0
RE1,BACKSTOP_2,2050,9999999999.0
RE1,BACKSTOP_2,2051,9999999999.0
RE1,BACKSTOP_2,2052,9999999999.0
RE1,BACKSTOP_2,2053,9999999999.0
RE1,BACKSTOP_2,2054,9999999999.0
RE1,BACKSTOP_2,2055,9999999999.0
RE1,BBGDST,2022,99999.0
RE1,BBGDST,2023,99999.0
RE1,BBGDST,2024,99999.0
RE1,BBGDST,2025,99999.0
RE1,BBGDST,2026,99999.0
RE1,BBGDST,2027,99999.0
RE1,BBGDST,2028,99999.0
RE1,BBGDST,2029,99999.0
RE1,BBGDST,2030,99999.0
RE1,BBGDST,2031,99999.0
RE1,BBGDST,2032,99999.0
RE1,BBGDST,2033,99999.0
RE1,BBGDST,2034,99999.0
RE1,BBGDST,2035,99999.0
RE1,BBGDST,2036,99999.0
RE1,BBGDST,2037,99999.0
RE1,BBGDST,2038,99999.0
RE1,BBGDST,2039,99999.0
RE1,BBGDST,2040,99999.0
RE1,BBGDST,2041,99999.0
RE1,BBGDST,2042,99999.0
RE1,BBGDST,2043,99999.0
RE1,BBGDST,2044,99999.0
RE1,BBGDST,2045,99999.0
RE1,BBGDST,2046,99999.0
RE1,BBGDST,2047,99999.0
RE1,BBGDST,2048,99999.0
RE1,BBGDST,2049,99999.0
RE1,BBGDST,2050,99999.0
RE1,BBGDST,2051,99999.0
RE1,BBGDST,2052,99999.0
RE1,BBGDST,2053,99999.0
RE1,BBGDST,2054,99999.0
RE1,BBGDST,2055,99999.0
RE1,DEMAGFDSL,2022,99999.0
RE1,DEMAGFDSL,2023,99999.0
RE1,DEMAGFDSL,2024,99999.0
RE1,DEMAGFDSL,2025,99999.0
RE1,DEMAGFDSL,2026,99999.0
RE1,DEMAGFDSL,2027,99999.0
RE1,DEMAGFDSL,2028,99999.0
RE1,DEMAGFDSL,2029,99999.0
RE1,DEMAGFDSL,2030,99999.0
RE1,DEMAGFDSL,2031,99999.0
RE1,DEMAGFDSL,2032,99999.0
RE1,DEMAGFDSL,2033,99999.0
RE1,DEMAGFDSL,2034,99999.0
RE1,DEMAGFDSL,2035,99999.0
RE1,DEMAGFDSL,2036,99999.0
RE1,DEMAGFDSL,2037,99999.0
RE1,DEMAGFDSL,2038,99999.0
RE1,DEMAGFDSL,2039,99999.0
RE1,DEMAGFDSL,2040,99999.0
RE1,DEMAGFDSL,2041,99999.0
RE1,DEMAGFDSL,2042,99999.0
RE1,DEMAGFDSL,2043,99999.0
RE1,DEMAGFDSL,2044,99999.0
RE1,DEMAGFDSL,2045,99999.0
RE1,DEMAGFDSL,2046,99999.0
RE1,DEMAGFDSL,2047,99999.0
RE1,DEMAGFDSL,2048,99999.0
RE1,DEMAGFDSL,2049,99999.0
RE1,DEMAGFDSL,2050,99999.0
RE1,DEMAGFDSL,2051,99999.0
RE1,DEMAGFDSL,2052,99999.0
RE1,DEMAGFDSL,2053,99999.0
RE1,DEMAGFDSL,2054,99999.0
RE1,DEMAGFDSL,2055,99999.0
RE1,DEMAGFELC,2022,99999.0
RE1,DEMAGFELC,2023,99999.0
RE1,DEMAGFELC,2024,99999.0
RE1,DEMAGFELC,2025,99999.0
RE1,DEMAGFELC,2026,99999.0
RE1,DEMAGFELC,2027,99999.0
RE1,DEMAGFELC,2028,99999.0
RE1,DEMAGFELC,2029,99999.0
RE1,DEMAGFELC,2030,99999.0
RE1,DEMAGFELC,2031,99999.0
RE1,DEMAGFELC,2032,99999.0
RE1,DEMAGFELC,2033,99999.0
RE1,DEMAGFELC,2034,99999.0
RE1,DEMAGFELC,2035,99999.0
RE1,DEMAGFELC,2036,99999.0
RE1,DEMAGFELC,2037,99999.0
RE1,DEMAGFELC,2038,99999.0
RE1,DEMAGFELC,2039,99999.0
RE1,DEMAGFELC,2040,99999.0
RE1,DEMAGFELC,2041,99999.0
RE1,DEMAGFELC,2042,99999.0
RE1,DEMAGFELC,2043,99999.0
RE1,DEMAGFELC,2044,99999.0
RE1,DEMAGFELC,2045,99999.0
RE1,DEMAGFELC,2046,99999.0
RE1,DEMAGFELC,2047,99999.0
RE1,DEMAGFELC,2048,99999.0
RE1,DEMAGFELC,2049,99999.0
RE1,DEMAGFELC,2050,99999.0
RE1,DEMAGFELC,2051,99999.0
RE1,DEMAGFELC,2052,99999.0
RE1,DEMAGFELC,2053,99999.0
RE1,DEMAGFELC,2054,99999.0
RE1,DEMAGFELC,2055,99999.0
RE1,DEMAGFGSL,2022,99999.0
RE1,DEMAGFGSL,2023,99999.0
RE1,DEMAGFGSL,2024,99999.0
RE1,DEMAGFGSL,2025,99999.0
RE1,DEMAGFGSL,2026,99999.0
RE1,DEMAGFGSL,2027,99999.0
RE1,DEMAGFGSL,2028,99999.0
RE1,DEMAGFGSL,2029,99999.0
RE1,DEMAGFGSL,2030,99999.0
RE1,DEMAGFGSL,2031,99999.0
RE1,DEMAGFGSL,2032,99999.0
RE1,DEMAGFGSL,2033,99999.0
RE1,DEMAGFGSL,2034,99999.0
RE1,DEMAGFGSL,2035,99999.0
RE1,DEMAGFGSL,2036,99999.0
RE1,DEMAGFGSL,2037,99999.0
RE1,DEMAGFGSL,2038,99999.0
RE1,DEMAGFGSL,2039,99999.0
RE1,DEMAGFGSL,2040,99999.0
RE1,DEMAGFGSL,2041,99999.0
RE1,DEMAGFGSL,2042,99999.0
RE1,DEMAGFGSL,2043,99999.0
RE1,DEMAGFGSL,2044,99999.0
RE1,DEMAGFGSL,2045,99999.0
RE1,DEMAGFGSL,2046,99999.0
RE1,DEMAGFGSL,2047,99999.0
RE1,DEMAGFGSL,2048,99999.0
RE1,DEMAGFGSL,2049,99999.0
RE1,DEMAGFGSL,2050,99999.0
RE1,DEMAGFGSL,2051,99999.0
RE1,DEMAGFGSL,2052,99999.0
RE1,DEMAGFGSL,2053,99999.0
RE1,DEMAGFGSL,2054,99999.0
RE1,DEMAGFGSL,2055,99999.0
RE1,DEMAGFNGS,2022,99999.0
RE1,DEMAGFNGS,2023,99999.0
RE1,DEMAGFNGS,2024,99999.0
RE1,DEMAGFNGS,2025,99999.0
RE1,DEMAGFNGS,2026,99999.0
RE1,DEMAGFNGS,2027,99999.0
RE1,DEMAGFNGS,2028,99999.0
RE1,DEMAGFNGS,2029,99999.0
RE1,DEMAGFNGS,2030,99999.0
RE1,DEMAGFNGS,2031,99999.0
RE1,DEMAGFNGS,2032,99999.0
RE1,DEMAGFNGS,2033,99999.0
RE1,DEMAGFNGS,2034,99999.0
RE1,DEMAGFNGS,2035,99999.0
RE1,DEMAGFNGS,2036,99999.0
RE1,DEMAGFNGS,2037,99999.0
RE1,DEMAGFNGS,2038,99999.0
RE1,DEMAGFNGS,2039,99999.0
RE1,DEMAGFNGS,2040,99999.0
RE1,DEMAGFNGS,2041,99999.0
RE1,DEMAGFNGS,2042,99999.0
RE1,DEMAGFNGS,2043,99999.0
RE1,DEMAGFNGS,2044,99999.0
RE1,DEMAGFNGS,2045,99999.0
RE1,DEMAGFNGS,2046,99999.0
RE1,DEMAGFNGS,2047,99999.0
RE1,DEMAGFNGS,2048,99999.0
RE1,DEMAGFNGS,2049,99999.0
RE1,DEMAGFNGS,2050,99999.0
RE1,DEMAGFNGS,2051,99999.0
RE1,DEMAGFNGS,2052,99999.0
RE1,DEMAGFNGS,2053,99999.0
RE1,DEMAGFNGS,2054,99999.0
RE1,DEMAGFNGS,2055,99999.0
RE1,DEMAGFWOO,2022,99999.0
RE1,DEMAGFWOO,2023,99999.0
RE1,DEMAGFWOO,2024,99999.0
RE1,DEMAGFWOO,2025,99999.0
RE1,DEMAGFWOO,2026,99999.0
RE1,DEMAGFWOO,2027,99999.0
RE1,DEMAGFWOO,2028,99999.0
RE1,DEMAGFWOO,2029,99999.0
RE1,DEMAGFWOO,2030,99999.0
RE1,DEMAGFWOO,2031,99999.0
RE1,DEMAGFWOO,2032,99999.0
RE1,DEMAGFWOO,2033,99999.0
RE1,DEMAGFWOO,2034,99999.0
RE1,DEMAGFWOO,2035,99999.0
RE1,DEMAGFWOO,2036,99999.0
RE1,DEMAGFWOO,2037,99999.0
RE1,DEMAGFWOO,2038,99999.0
RE1,DEMAGFWOO,2039,99999.0
RE1,DEMAGFWOO,2040,99999.0
RE1,DEMAGFWOO,2041,99999.0
RE1,DEMAGFWOO,2042,99999.0
RE1,DEMAGFWOO,2043,99999.0
RE1,DEMAGFWOO,2044,99999.0
RE1,DEMAGFWOO,2045,99999.0
RE1,DEMAGFWOO,2046,99999.0
RE1,DEMAGFWOO,2047,99999.0
RE1,DEMAGFWOO,2048,99999.0
RE1,DEMAGFWOO,2049,99999.0
RE1,DEMAGFWOO,2050,99999.0
RE1,DEMAGFWOO,2051,99999.0
RE1,DEMAGFWOO,2052,99999.0
RE1,DEMAGFWOO,2053,99999.0
RE1,DEMAGFWOO,2054,99999.0
RE1,DEMAGFWOO,2055,99999.0
RE1,DEMCONSDSL,2022,99999.0
RE1,DEMCONSDSL,2023,99999.0
RE1,DEMCONSDSL,2024,99999.0
RE1,DEMCONSDSL,2025,99999.0
RE1,DEMCONSDSL,2026,99999.0
RE1,DEMCONSDSL,2027,99999.0
RE1,DEMCONSDSL,2028,99999.0
RE1,DEMCONSDSL,2029,99999.0
RE1,DEMCONSDSL,2030,99999.0
RE1,DEMCONSDSL,2031,99999.0
RE1,DEMCONSDSL,2032,99999.0
RE1,DEMCONSDSL,2033,99999.0
RE1,DEMCONSDSL,2034,99999.0
RE1,DEMCONSDSL,2035,99999.0
RE1,DEMCONSDSL,2036,99999.0
RE1,DEMCONSDSL,2037,99999.0
RE1,DEMCONSDSL,2038,99999.0
RE1,DEMCONSDSL,2039,99999.0
RE1,DEMCONSDSL,2040,99999.0
RE1,DEMCONSDSL,2041,99999.0
RE1,DEMCONSDSL,2042,99999.0
RE1,DEMCONSDSL,2043,99999.0
RE1,DEMCONSDSL,2044,99999.0
RE1,DEMCONSDSL,2045,99999.0
RE1,DEMCONSDSL,2046,99999.0
RE1,DEMCONSDSL,2047,99999.0
RE1,DEMCONSDSL,2048,99999.0
RE1,DEMCONSDSL,2049,99999.0
RE1,DEMCONSDSL,2050,99999.0
RE1,DEMCONSDSL,2051,99999.0
RE1,DEMCONSDSL,2052,99999.0
RE1,DEMCONSDSL,2053,99999.0
RE1,DEMCONSDSL,2054,99999.0
RE1,DEMCONSDSL,2055,99999.0
RE1,DEMCONSELC,2022,99999.0
RE1,DEMCONSELC,2023,99999.0
RE1,DEMCONSELC,2024,99999.0
RE1,DEMCONSELC,2025,99999.0
RE1,DEMCONSELC,2026,99999.0
RE1,DEMCONSELC,2027,99999.0
RE1,DEMCONSELC,2028,99999.0
RE1,DEMCONSELC,2029,99999.0
RE1,DEMCONSELC,2030,99999.0
RE1,DEMCONSELC,2031,99999.0
RE1,DEMCONSELC,2032,99999.0
RE1,DEMCONSELC,2033,99999.0
RE1,DEMCONSELC,2034,99999.0
RE1,DEMCONSELC,2035,99999.0
RE1,DEMCONSELC,2036,99999.0
RE1,DEMCONSELC,2037,99999.0
RE1,DEMCONSELC,2038,99999.0
RE1,DEMCONSELC,2039,99999.0
RE1,DEMCONSELC,2040,99999.0
RE1,DEMCONSELC,2041,99999.0
RE1,DEMCONSELC,2042,99999.0
RE1,DEMCONSELC,2043,99999.0
RE1,DEMCONSELC,2044,99999.0
RE1,DEMCONSELC,2045,99999.0
RE1,DEMCONSELC,2046,99999.0
RE1,DEMCONSELC,2047,99999.0
RE1,DEMCONSELC,2048,99999.0
RE1,DEMCONSELC,2049,99999.0
RE1,DEMCONSELC,2050,99999.0
RE1,DEMCONSELC,2051,99999.0
RE1,DEMCONSELC,2052,99999.0
RE1,DEMCONSELC,2053,99999.0
RE1,DEMCONSELC,2054,99999.0
RE1,DEMCONSELC,2055,99999.0
RE1,DEMCONSGSL,2022,99999.0
RE1,DEMCONSGSL,2023,99999.0
RE1,DEMCONSGSL,2024,99999.0
RE1,DEMCONSGSL,2025,99999.0
RE1,DEMCONSGSL,2026,99999.0
RE1,DEMCONSGSL,2027,99999.0
RE1,DEMCONSGSL,2028,99999.0
RE1,DEMCONSGSL,2029,99999.0
RE1,DEMCONSGSL,2030,99999.0
RE1,DEMCONSGSL,2031,99999.0
RE1,DEMCONSGSL,2032,99999.0
RE1,DEMCONSGSL,2033,99999.0
RE1,DEMCONSGSL,2034,99999.0
RE1,DEMCONSGSL,2035,99999.0
RE1,DEMCONSGSL,2036,99999.0
RE1,DEMCONSGSL,2037,99999.0
RE1,DEMCONSGSL,2038,99999.0
RE1,DEMCONSGSL,2039,99999.0
RE1,DEMCONSGSL,2040,99999.0
RE1,DEMCONSGSL,2041,99999.0
RE1,DEMCONSGSL,2042,99999.0
RE1,DEMCONSGSL,2043,99999.0
RE1,DEMCONSGSL,2044,99999.0
RE1,DEMCONSGSL,2045,99999.0
RE1,DEMCONSGSL,2046,99999.0
RE1,DEMCONSGSL,2047,99999.0
RE1,DEMCONSGSL,2048,99999.0
RE1,DEMCONSGSL,2049,99999.0
RE1,DEMCONSGSL,2050,99999.0
RE1,DEMCONSGSL,2051,99999.0
RE1,DEMCONSGSL,2052,99999.0
RE1,DEMCONSGSL,2053,99999.0
RE1,DEMCONSGSL,2054,99999.0
RE1,DEMCONSGSL,2055,99999.0
RE1,DEMCONSNGS,2022,99999.0
RE1,DEMCONSNGS,2023,99999.0
RE1,DEMCONSNGS,2024,99999.0
RE1,DEMCONSNGS,2025,99999.0
RE1,DEMCONSNGS,2026,99999.0
RE1,DEMCONSNGS,2027,99999.0
RE1,DEMCONSNGS,2028,99999.0
RE1,DEMCONSNGS,2029,99999.0
RE1,DEMCONSNGS,2030,99999.0
RE1,DEMCONSNGS,2031,99999.0
RE1,DEMCONSNGS,2032,99999.0
RE1,DEMCONSNGS,2033,99999.0
RE1,DEMCONSNGS,2034,99999.0
RE1,DEMCONSNGS,2035,99999.0
RE1,DEMCONSNGS,2036,99999.0
RE1,DEMCONSNGS,2037,99999.0
RE1,DEMCONSNGS,2038,99999.0
RE1,DEMCONSNGS,2039,99999.0
RE1,DEMCONSNGS,2040,99999.0
RE1,DEMCONSNGS,2041,99999.0
RE1,DEMCONSNGS,2042,99999.0
RE1,DEMCONSNGS,2043,99999.0
RE1,DEMCONSNGS,2044,99999.0
RE1,DEMCONSNGS,2045,99999.0
RE1,DEMCONSNGS,2046,99999.0
RE1,DEMCONSNGS,2047,99999.0
RE1,DEMCONSNGS,2048,99999.0
RE1,DEMCONSNGS,2049,99999.0
RE1,DEMCONSNGS,2050,99999.0
RE1,DEMCONSNGS,2051,99999.0
RE1,DEMCONSNGS,2052,99999.0
RE1,DEMCONSNGS,2053,99999.0
RE1,DEMCONSNGS,2054,99999.0
RE1,DEMCONSNGS,2055,99999.0
RE1,DEMCOQDSL,2022,99999.0
RE1,DEMCOQDSL,2023,99999.0
RE1,DEMCOQDSL,2024,99999.0
RE1,DEMCOQDSL,2025,99999.0
RE1,DEMCOQDSL,2026,99999.0
RE1,DEMCOQDSL,2027,99999.0
RE1,DEMCOQDSL,2028,99999.0
RE1,DEMCOQDSL,2029,99999.0
RE1,DEMCOQDSL,2030,99999.0
RE1,DEMCOQDSL,2031,99999.0
RE1,DEMCOQDSL,2032,99999.0
RE1,DEMCOQDSL,2033,99999.0
RE1,DEMCOQDSL,2034,99999.0
RE1,DEMCOQDSL,2035,99999.0
RE1,DEMCOQDSL,2036,99999.0
RE1,DEMCOQDSL,2037,99999.0
RE1,DEMCOQDSL,2038,99999.0
RE1,DEMCOQDSL,2039,99999.0
RE1,DEMCOQDSL,2040,99999.0
RE1,DEMCOQDSL,2041,99999.0
RE1,DEMCOQDSL,2042,99999.0
RE1,DEMCOQDSL,2043,99999.0
RE1,DEMCOQDSL,2044,99999.0
RE1,DEMCOQDSL,2045,99999.0
RE1,DEMCOQDSL,2046,99999.0
RE1,DEMCOQDSL,2047,99999.0
RE1,DEMCOQDSL,2048,99999.0
RE1,DEMCOQDSL,2049,99999.0
RE1,DEMCOQDSL,2050,99999.0
RE1,DEMCOQDSL,2051,99999.0
RE1,DEMCOQDSL,2052,99999.0
RE1,DEMCOQDSL,2053,99999.0
RE1,DEMCOQDSL,2054,99999.0
RE1,DEMCOQDSL,2055,99999.0
RE1,DEMCOQGSL,2022,99999.0
RE1,DEMCOQGSL,2023,99999.0
RE1,DEMCOQGSL,2024,99999.0
RE1,DEMCOQGSL,2025,99999.0
RE1,DEMCOQGSL,2026,99999.0
RE1,DEMCOQGSL,2027,99999.0
RE1,DEMCOQGSL,2028,99999.0
RE1,DEMCOQGSL,2029,99999.0
RE1,DEMCOQGSL,2030,99999.0
RE1,DEMCOQGSL,2031,99999.0
RE1,DEMCOQGSL,2032,99999.0
RE1,DEMCOQGSL,2033,99999.0
RE1,DEMCOQGSL,2034,99999.0
RE1,DEMCOQGSL,2035,99999.0
RE1,DEMCOQGSL,2036,99999.0
RE1,DEMCOQGSL,2037,99999.0
RE1,DEMCOQGSL,2038,99999.0
RE1,DEMCOQGSL,2039,99999.0
RE1,DEMCOQGSL,2040,99999.0
RE1,DEMCOQGSL,2041,99999.0
RE1,DEMCOQGSL,2042,99999.0
RE1,DEMCOQGSL,2043,99999.0
RE1,DEMCOQGSL,2044,99999.0
RE1,DEMCOQGSL,2045,99999.0
RE1,DEMCOQGSL,2046,99999.0
RE1,DEMCOQGSL,2047,99999.0
RE1,DEMCOQGSL,2048,99999.0
RE1,DEMCOQGSL,2049,99999.0
RE1,DEMCOQGSL,2050,99999.0
RE1,DEMCOQGSL,2051,99999.0
RE1,DEMCOQGSL,2052,99999.0
RE1,DEMCOQGSL,2053,99999.0
RE1,DEMCOQGSL,2054,99999.0
RE1,DEMCOQGSL,2055,99999.0
RE1,DEMDERHDG,2022,2.159999999999999
RE1,DEMDERHDG,2023,2.16
RE1,DEMDERHDG,2024,2.16
RE1,DEMDERHDG,2025,2.16
RE1,DEMDERHDG,2026,2.16
RE1,DEMDERHDG,2027,4.319999999999999
RE1,DEMDERHDG,2028,4.319999999999999
RE1,DEMDERHDG,2029,4.319999999999999
RE1,DEMDERHDG,2030,4.319999999999999
RE1,DEMDERHDG,2031,4.319999999999999
RE1,DEMDERHDG,2032,4.319999999999999
RE1,DEMDERHDG,2033,4.319999999999999
RE1,DEMDERHDG,2034,4.319999999999999
RE1,DEMDERHDG,2035,7.105500477701998
RE1,DEMDERHDG,2036,7.142983037491346
RE1,DEMDERHDG,2037,7.16205307018922
RE1,DEMDERHDG,2038,7.201179576310896
RE1,DEMDERHDG,2039,7.222222381070829
RE1,DEMDERHDG,2040,7.265952009849559
RE1,DEMDERHDG,2041,7.318887847479124
RE1,DEMDERHDG,2042,7.34979451254936
RE1,DEMDERHDG,2043,7.426403541997118
RE1,DEMDERHDG,2044,7.527672131062464
RE1,DEMDERHDG,2045,7.582909530020558
RE1,DEMDERHDG,2046,7.678588592166189
RE1,DEMDERHDG,2047,9.603401928945464
RE1,DEMDERHDG,2048,9.658538145146212
RE1,DEMDERHDG,2049,9.764258110781263
RE1,DEMDERHDG,2050,9.859861315309988
RE1,DEMDERHDG,2051,9.859861315309988
RE1,DEMDERHDG,2052,9.859861315309988
RE1,DEMDERHDG,2053,9.859861315309988
RE1,DEMDERHDG,2054,9.859861315309988
RE1,DEMDERHDG,2055,9.859861315309988
RE1,DEMINDAUTBOI,2022,99999.0
RE1,DEMINDAUTBOI,2023,99999.0
RE1,DEMINDAUTBOI,2024,99999.0
RE1,DEMINDAUTBOI,2025,99999.0
RE1,DEMINDAUTBOI,2026,99999.0
RE1,DEMINDAUTBOI,2027,99999.0
RE1,DEMINDAUTBOI,2028,99999.0
RE1,DEMINDAUTBOI,2029,99999.0
RE1,DEMINDAUTBOI,2030,99999.0
RE1,DEMINDAUTBOI,2031,99999.0
RE1,DEMINDAUTBOI,2032,99999.0
RE1,DEMINDAUTBOI,2033,99999.0
RE1,DEMINDAUTBOI,2034,99999.0
RE1,DEMINDAUTBOI,2035,99999.0
RE1,DEMINDAUTBOI,2036,99999.0
RE1,DEMINDAUTBOI,2037,99999.0
RE1,DEMINDAUTBOI,2038,99999.0
RE1,DEMINDAUTBOI,2039,99999.0
RE1,DEMINDAUTBOI,2040,99999.0
RE1,DEMINDAUTBOI,2041,99999.0
RE1,DEMINDAUTBOI,2042,99999.0
RE1,DEMINDAUTBOI,2043,99999.0
RE1,DEMINDAUTBOI,2044,99999.0
RE1,DEMINDAUTBOI,2045,99999.0
RE1,DEMINDAUTBOI,2046,99999.0
RE1,DEMINDAUTBOI,2047,99999.0
RE1,DEMINDAUTBOI,2048,99999.0
RE1,DEMINDAUTBOI,2049,99999.0
RE1,DEMINDAUTBOI,2050,99999.0
RE1,DEMINDAUTBOI,2051,99999.0
RE1,DEMINDAUTBOI,2052,99999.0
RE1,DEMINDAUTBOI,2053,99999.0
RE1,DEMINDAUTBOI,2054,99999.0
RE1,DEMINDAUTBOI,2055,99999.0
RE1,DEMINDAUTFUR,2022,99999.0
RE1,DEMINDAUTFUR,2023,99999.0
RE1,DEMINDAUTFUR,2024,99999.0
RE1,DEMINDAUTFUR,2025,99999.0
RE1,DEMINDAUTFUR,2026,99999.0
RE1,DEMINDAUTFUR,2027,99999.0
RE1,DEMINDAUTFUR,2028,99999.0
RE1,DEMINDAUTFUR,2029,99999.0
RE1,DEMINDAUTFUR,2030,99999.0
RE1,DEMINDAUTFUR,2031,99999.0
RE1,DEMINDAUTFUR,2032,99999.0
RE1,DEMINDAUTFUR,2033,99999.0
RE1,DEMINDAUTFUR,2034,99999.0
RE1,DEMINDAUTFUR,2035,99999.0
RE1,DEMINDAUTFUR,2036,99999.0
RE1,DEMINDAUTFUR,2037,99999.0
RE1,DEMINDAUTFUR,2038,99999.0
RE1,DEMINDAUTFUR,2039,99999.0
RE1,DEMINDAUTFUR,2040,99999.0
RE1,DEMINDAUTFUR,2041,99999.0
RE1,DEMINDAUTFUR,2042,99999.0
RE1,DEMINDAUTFUR,2043,99999.0
RE1,DEMINDAUTFUR,2044,99999.0
RE1,DEMINDAUTFUR,2045,99999.0
RE1,DEMINDAUTFUR,2046,99999.0
RE1,DEMINDAUTFUR,2047,99999.0
RE1,DEMINDAUTFUR,2048,99999.0
RE1,DEMINDAUTFUR,2049,99999.0
RE1,DEMINDAUTFUR,2050,99999.0
RE1,DEMINDAUTFUR,2051,99999.0
RE1,DEMINDAUTFUR,2052,99999.0
RE1,DEMINDAUTFUR,2053,99999.0
RE1,DEMINDAUTFUR,2054,99999.0
RE1,DEMINDAUTFUR,2055,99999.0
RE1,DEMINDBAGBOI_HIG,2022,99999.0
RE1,DEMINDBAGBOI_HIG,2023,99999.0
RE1,DEMINDBAGBOI_HIG,2024,99999.0
RE1,DEMINDBAGBOI_HIG,2025,99999.0
RE1,DEMINDBAGBOI_HIG,2026,99999.0
RE1,DEMINDBAGBOI_HIG,2027,99999.0
RE1,DEMINDBAGBOI_HIG,2028,99999.0
RE1,DEMINDBAGBOI_HIG,2029,99999.0
RE1,DEMINDBAGBOI_HIG,2030,99999.0
RE1,DEMINDBAGBOI_HIG,2031,99999.0
RE1,DEMINDBAGBOI_HIG,2032,99999.0
RE1,DEMINDBAGBOI_HIG,2033,99999.0
RE1,DEMINDBAGBOI_HIG,2034,99999.0
RE1,DEMINDBAGBOI_HIG,2035,99999.0
RE1,DEMINDBAGBOI_HIG,2036,99999.0
RE1,DEMINDBAGBOI_HIG,2037,99999.0
RE1,DEMINDBAGBOI_HIG,2038,99999.0
RE1,DEMINDBAGBOI_HIG,2039,99999.0
RE1,DEMINDBAGBOI_HIG,2040,99999.0
RE1,DEMINDBAGBOI_HIG,2041,99999.0
RE1,DEMINDBAGBOI_HIG,2042,99999.0
RE1,DEMINDBAGBOI_HIG,2043,99999.0
RE1,DEMINDBAGBOI_HIG,2044,99999.0
RE1,DEMINDBAGBOI_HIG,2045,99999.0
RE1,DEMINDBAGBOI_HIG,2046,99999.0
RE1,DEMINDBAGBOI_HIG,2047,99999.0
RE1,DEMINDBAGBOI_HIG,2048,99999.0
RE1,DEMINDBAGBOI_HIG,2049,99999.0
RE1,DEMINDBAGBOI_HIG,2050,99999.0
RE1,DEMINDBAGBOI_HIG,2051,99999.0
RE1,DEMINDBAGBOI_HIG,2052,99999.0
RE1,DEMINDBAGBOI_HIG,2053,99999.0
RE1,DEMINDBAGBOI_HIG,2054,99999.0
RE1,DEMINDBAGBOI_HIG,2055,99999.0
RE1,DEMINDBAGBOI_LOW,2022,99999.0
RE1,DEMINDBAGBOI_LOW,2023,99999.0
RE1,DEMINDBAGBOI_LOW,2024,99999.0
RE1,DEMINDBAGBOI_LOW,2025,99999.0
RE1,DEMINDBAGBOI_LOW,2026,99999.0
RE1,DEMINDBAGBOI_LOW,2027,99999.0
RE1,DEMINDBAGBOI_LOW,2028,99999.0
RE1,DEMINDBAGBOI_LOW,2029,99999.0
RE1,DEMINDBAGBOI_LOW,2030,99999.0
RE1,DEMINDBAGBOI_LOW,2031,99999.0
RE1,DEMINDBAGBOI_LOW,2032,99999.0
RE1,DEMINDBAGBOI_LOW,2033,99999.0
RE1,DEMINDBAGBOI_LOW,2034,99999.0
RE1,DEMINDBAGBOI_LOW,2035,99999.0
RE1,DEMINDBAGBOI_LOW,2036,99999.0
RE1,DEMINDBAGBOI_LOW,2037,99999.0
RE1,DEMINDBAGBOI_LOW,2038,99999.0
RE1,DEMINDBAGBOI_LOW,2039,99999.0
RE1,DEMINDBAGBOI_LOW,2040,99999.0
RE1,DEMINDBAGBOI_LOW,2041,99999.0
RE1,DEMINDBAGBOI_LOW,2042,99999.0
RE1,DEMINDBAGBOI_LOW,2043,99999.0
RE1,DEMINDBAGBOI_LOW,2044,99999.0
RE1,DEMINDBAGBOI_LOW,2045,99999.0
RE1,DEMINDBAGBOI_LOW,2046,99999.0
RE1,DEMINDBAGBOI_LOW,2047,99999.0
RE1,DEMINDBAGBOI_LOW,2048,99999.0
RE1,DEMINDBAGBOI_LOW,2049,99999.0
RE1,DEMINDBAGBOI_LOW,2050,99999.0
RE1,DEMINDBAGBOI_LOW,2051,99999.0
RE1,DEMINDBAGBOI_LOW,2052,99999.0
RE1,DEMINDBAGBOI_LOW,2053,99999.0
RE1,DEMINDBAGBOI_LOW,2054,99999.0
RE1,DEMINDBAGBOI_LOW,2055,99999.0
RE1,DEMINDBAGBOI_MID,2022,99999.0
RE1,DEMINDBAGBOI_MID,2023,99999.0
RE1,DEMINDBAGBOI_MID,2024,99999.0
RE1,DEMINDBAGBOI_MID,2025,99999.0
RE1,DEMINDBAGBOI_MID,2026,99999.0
RE1,DEMINDBAGBOI_MID,2027,99999.0
RE1,DEMINDBAGBOI_MID,2028,99999.0
RE1,DEMINDBAGBOI_MID,2029,99999.0
RE1,DEMINDBAGBOI_MID,2030,99999.0
RE1,DEMINDBAGBOI_MID,2031,99999.0
RE1,DEMINDBAGBOI_MID,2032,99999.0
RE1,DEMINDBAGBOI_MID,2033,99999.0
RE1,DEMINDBAGBOI_MID,2034,99999.0
RE1,DEMINDBAGBOI_MID,2035,99999.0
RE1,DEMINDBAGBOI_MID,2036,99999.0
RE1,DEMINDBAGBOI_MID,2037,99999.0
RE1,DEMINDBAGBOI_MID,2038,99999.0
RE1,DEMINDBAGBOI_MID,2039,99999.0
RE1,DEMINDBAGBOI_MID,2040,99999.0
RE1,DEMINDBAGBOI_MID,2041,99999.0
RE1,DEMINDBAGBOI_MID,2042,99999.0
RE1,DEMINDBAGBOI_MID,2043,99999.0
RE1,DEMINDBAGBOI_MID,2044,99999.0
RE1,DEMINDBAGBOI_MID,2045,99999.0
RE1,DEMINDBAGBOI_MID,2046,99999.0
RE1,DEMINDBAGBOI_MID,2047,99999.0
RE1,DEMINDBAGBOI_MID,2048,99999.0
RE1,DEMINDBAGBOI_MID,2049,99999.0
RE1,DEMINDBAGBOI_MID,2050,99999.0
RE1,DEMINDBAGBOI_MID,2051,99999.0
RE1,DEMINDBAGBOI_MID,2052,99999.0
RE1,DEMINDBAGBOI_MID,2053,99999.0
RE1,DEMINDBAGBOI_MID,2054,99999.0
RE1,DEMINDBAGBOI_MID,2055,99999.0
RE1,DEMINDBAGFURCCS,2022,99999.0
RE1,DEMINDBAGFURCCS,2023,99999.0
RE1,DEMINDBAGFURCCS,2024,99999.0
RE1,DEMINDBAGFURCCS,2025,99999.0
RE1,DEMINDBAGFURCCS,2026,99999.0
RE1,DEMINDBAGFURCCS,2027,99999.0
RE1,DEMINDBAGFURCCS,2028,99999.0
RE1,DEMINDBAGFURCCS,2029,99999.0
RE1,DEMINDBAGFURCCS,2030,99999.0
RE1,DEMINDBAGFURCCS,2031,99999.0
RE1,DEMINDBAGFURCCS,2032,99999.0
RE1,DEMINDBAGFURCCS,2033,99999.0
RE1,DEMINDBAGFURCCS,2034,99999.0
RE1,DEMINDBAGFURCCS,2035,99999.0
RE1,DEMINDBAGFURCCS,2036,99999.0
RE1,DEMINDBAGFURCCS,2037,99999.0
RE1,DEMINDBAGFURCCS,2038,99999.0
RE1,DEMINDBAGFURCCS,2039,99999.0
RE1,DEMINDBAGFURCCS,2040,99999.0
RE1,DEMINDBAGFURCCS,2041,99999.0
RE1,DEMINDBAGFURCCS,2042,99999.0
RE1,DEMINDBAGFURCCS,2043,99999.0
RE1,DEMINDBAGFURCCS,2044,99999.0
RE1,DEMINDBAGFURCCS,2045,99999.0
RE1,DEMINDBAGFURCCS,2046,99999.0
RE1,DEMINDBAGFURCCS,2047,99999.0
RE1,DEMINDBAGFURCCS,2048,99999.0
RE1,DEMINDBAGFURCCS,2049,99999.0
RE1,DEMINDBAGFURCCS,2050,99999.0
RE1,DEMINDBAGFURCCS,2051,99999.0
RE1,DEMINDBAGFURCCS,2052,99999.0
RE1,DEMINDBAGFURCCS,2053,99999.0
RE1,DEMINDBAGFURCCS,2054,99999.0
RE1,DEMINDBAGFURCCS,2055,99999.0
RE1,DEMINDBAGFUR_HIG,2022,99999.0
RE1,DEMINDBAGFUR_HIG,2023,99999.0
RE1,DEMINDBAGFUR_HIG,2024,99999.0
RE1,DEMINDBAGFUR_HIG,2025,99999.0
RE1,DEMINDBAGFUR_HIG,2026,99999.0
RE1,DEMINDBAGFUR_HIG,2027,99999.0
RE1,DEMINDBAGFUR_HIG,2028,99999.0
RE1,DEMINDBAGFUR_HIG,2029,99999.0
RE1,DEMINDBAGFUR_HIG,2030,99999.0
RE1,DEMINDBAGFUR_HIG,2031,99999.0
RE1,DEMINDBAGFUR_HIG,2032,99999.0
RE1,DEMINDBAGFUR_HIG,2033,99999.0
RE1,DEMINDBAGFUR_HIG,2034,99999.0
RE1,DEMINDBAGFUR_HIG,2035,99999.0
RE1,DEMINDBAGFUR_HIG,2036,99999.0
RE1,DEMINDBAGFUR_HIG,2037,99999.0
RE1,DEMINDBAGFUR_HIG,2038,99999.0
RE1,DEMINDBAGFUR_HIG,2039,99999.0
RE1,DEMINDBAGFUR_HIG,2040,99999.0
RE1,DEMINDBAGFUR_HIG,2041,99999.0
RE1,DEMINDBAGFUR_HIG,2042,99999.0
RE1,DEMINDBAGFUR_HIG,2043,99999.0
RE1,DEMINDBAGFUR_HIG,2044,99999.0
RE1,DEMINDBAGFUR_HIG,2045,99999.0
RE1,DEMINDBAGFUR_HIG,2046,99999.0
RE1,DEMINDBAGFUR_HIG,2047,99999.0
RE1,DEMINDBAGFUR_HIG,2048,99999.0
RE1,DEMINDBAGFUR_HIG,2049,99999.0
RE1,DEMINDBAGFUR_HIG,2050,99999.0
RE1,DEMINDBAGFUR_HIG,2051,99999.0
RE1,DEMINDBAGFUR_HIG,2052,99999.0
RE1,DEMINDBAGFUR_HIG,2053,99999.0
RE1,DEMINDBAGFUR_HIG,2054,99999.0
RE1,DEMINDBAGFUR_HIG,2055,99999.0
RE1,DEMINDBAGFUR_LOW,2022,99999.0
RE1,DEMINDBAGFUR_LOW,2023,99999.0
RE1,DEMINDBAGFUR_LOW,2024,99999.0
RE1,DEMINDBAGFUR_LOW,2025,99999.0
RE1,DEMINDBAGFUR_LOW,2026,99999.0
RE1,DEMINDBAGFUR_LOW,2027,99999.0
RE1,DEMINDBAGFUR_LOW,2028,99999.0
RE1,DEMINDBAGFUR_LOW,2029,99999.0
RE1,DEMINDBAGFUR_LOW,2030,99999.0
RE1,DEMINDBAGFUR_LOW,2031,99999.0
RE1,DEMINDBAGFUR_LOW,2032,99999.0
RE1,DEMINDBAGFUR_LOW,2033,99999.0
RE1,DEMINDBAGFUR_LOW,2034,99999.0
RE1,DEMINDBAGFUR_LOW,2035,99999.0
RE1,DEMINDBAGFUR_LOW,2036,99999.0
RE1,DEMINDBAGFUR_LOW,2037,99999.0
RE1,DEMINDBAGFUR_LOW,2038,99999.0
RE1,DEMINDBAGFUR_LOW,2039,99999.0
RE1,DEMINDBAGFUR_LOW,2040,99999.0
RE1,DEMINDBAGFUR_LOW,2041,99999.0
RE1,DEMINDBAGFUR_LOW,2042,99999.0
RE1,DEMINDBAGFUR_LOW,2043,99999.0
RE1,DEMINDBAGFUR_LOW,2044,99999.0
RE1,DEMINDBAGFUR_LOW,2045,99999.0
RE1,DEMINDBAGFUR_LOW,2046,99999.0
RE1,DEMINDBAGFUR_LOW,2047,99999.0
RE1,DEMINDBAGFUR_LOW,2048,99999.0
RE1,DEMINDBAGFUR_LOW,2049,99999.0
RE1,DEMINDBAGFUR_LOW,2050,99999.0
RE1,DEMINDBAGFUR_LOW,2051,99999.0
RE1,DEMINDBAGFUR_LOW,2052,99999.0
RE1,DEMINDBAGFUR_LOW,2053,99999.0
RE1,DEMINDBAGFUR_LOW,2054,99999.0
RE1,DEMINDBAGFUR_LOW,2055,99999.0
RE1,DEMINDBAGFUR_MID,2022,99999.0
RE1,DEMINDBAGFUR_MID,2023,99999.0
RE1,DEMINDBAGFUR_MID,2024,99999.0
RE1,DEMINDBAGFUR_MID,2025,99999.0
RE1,DEMINDBAGFUR_MID,2026,99999.0
RE1,DEMINDBAGFUR_MID,2027,99999.0
RE1,DEMINDBAGFUR_MID,2028,99999.0
RE1,DEMINDBAGFUR_MID,2029,99999.0
RE1,DEMINDBAGFUR_MID,2030,99999.0
RE1,DEMINDBAGFUR_MID,2031,99999.0
RE1,DEMINDBAGFUR_MID,2032,99999.0
RE1,DEMINDBAGFUR_MID,2033,99999.0
RE1,DEMINDBAGFUR_MID,2034,99999.0
RE1,DEMINDBAGFUR_MID,2035,99999.0
RE1,DEMINDBAGFUR_MID,2036,99999.0
RE1,DEMINDBAGFUR_MID,2037,99999.0
RE1,DEMINDBAGFUR_MID,2038,99999.0
RE1,DEMINDBAGFUR_MID,2039,99999.0
RE1,DEMINDBAGFUR_MID,2040,99999.0
RE1,DEMINDBAGFUR_MID,2041,99999.0
RE1,DEMINDBAGFUR_MID,2042,99999.0
RE1,DEMINDBAGFUR_MID,2043,99999.0
RE1,DEMINDBAGFUR_MID,2044,99999.0
RE1,DEMINDBAGFUR_MID,2045,99999.0
RE1,DEMINDBAGFUR_MID,2046,99999.0
RE1,DEMINDBAGFUR_MID,2047,99999.0
RE1,DEMINDBAGFUR_MID,2048,99999.0
RE1,DEMINDBAGFUR_MID,2049,99999.0
RE1,DEMINDBAGFUR_MID,2050,99999.0
RE1,DEMINDBAGFUR_MID,2051,99999.0
RE1,DEMINDBAGFUR_MID,2052,99999.0
RE1,DEMINDBAGFUR_MID,2053,99999.0
RE1,DEMINDBAGFUR_MID,2054,99999.0
RE1,DEMINDBAGFUR_MID,2055,99999.0
RE1,DEMINDBGSBOI_HIG,2022,99999.0
RE1,DEMINDBGSBOI_HIG,2023,99999.0
RE1,DEMINDBGSBOI_HIG,2024,99999.0
RE1,DEMINDBGSBOI_HIG,2025,99999.0
RE1,DEMINDBGSBOI_HIG,2026,99999.0
RE1,DEMINDBGSBOI_HIG,2027,99999.0
RE1,DEMINDBGSBOI_HIG,2028,99999.0
RE1,DEMINDBGSBOI_HIG,2029,99999.0
RE1,DEMINDBGSBOI_HIG,2030,99999.0
RE1,DEMINDBGSBOI_HIG,2031,99999.0
RE1,DEMINDBGSBOI_HIG,2032,99999.0
RE1,DEMINDBGSBOI_HIG,2033,99999.0
RE1,DEMINDBGSBOI_HIG,2034,99999.0
RE1,DEMINDBGSBOI_HIG,2035,99999.0
RE1,DEMINDBGSBOI_HIG,2036,99999.0
RE1,DEMINDBGSBOI_HIG,2037,99999.0
RE1,DEMINDBGSBOI_HIG,2038,99999.0
RE1,DEMINDBGSBOI_HIG,2039,99999.0
RE1,DEMINDBGSBOI_HIG,2040,99999.0
RE1,DEMINDBGSBOI_HIG,2041,99999.0
RE1,DEMINDBGSBOI_HIG,2042,99999.0
RE1,DEMINDBGSBOI_HIG,2043,99999.0
RE1,DEMINDBGSBOI_HIG,2044,99999.0
RE1,DEMINDBGSBOI_HIG,2045,99999.0
RE1,DEMINDBGSBOI_HIG,2046,99999.0
RE1,DEMINDBGSBOI_HIG,2047,99999.0
RE1,DEMINDBGSBOI_HIG,2048,99999.0
RE1,DEMINDBGSBOI_HIG,2049,99999.0
RE1,DEMINDBGSBOI_HIG,2050,99999.0
RE1,DEMINDBGSBOI_HIG,2051,99999.0
RE1,DEMINDBGSBOI_HIG,2052,99999.0
RE1,DEMINDBGSBOI_HIG,2053,99999.0
RE1,DEMINDBGSBOI_HIG,2054,99999.0
RE1,DEMINDBGSBOI_HIG,2055,99999.0
RE1,DEMINDBGSBOI_LOW,2022,99999.0
RE1,DEMINDBGSBOI_LOW,2023,99999.0
RE1,DEMINDBGSBOI_LOW,2024,99999.0
RE1,DEMINDBGSBOI_LOW,2025,99999.0
RE1,DEMINDBGSBOI_LOW,2026,99999.0
RE1,DEMINDBGSBOI_LOW,2027,99999.0
RE1,DEMINDBGSBOI_LOW,2028,99999.0
RE1,DEMINDBGSBOI_LOW,2029,99999.0
RE1,DEMINDBGSBOI_LOW,2030,99999.0
RE1,DEMINDBGSBOI_LOW,2031,99999.0
RE1,DEMINDBGSBOI_LOW,2032,99999.0
RE1,DEMINDBGSBOI_LOW,2033,99999.0
RE1,DEMINDBGSBOI_LOW,2034,99999.0
RE1,DEMINDBGSBOI_LOW,2035,99999.0
RE1,DEMINDBGSBOI_LOW,2036,99999.0
RE1,DEMINDBGSBOI_LOW,2037,99999.0
RE1,DEMINDBGSBOI_LOW,2038,99999.0
RE1,DEMINDBGSBOI_LOW,2039,99999.0
RE1,DEMINDBGSBOI_LOW,2040,99999.0
RE1,DEMINDBGSBOI_LOW,2041,99999.0
RE1,DEMINDBGSBOI_LOW,2042,99999.0
RE1,DEMINDBGSBOI_LOW,2043,99999.0
RE1,DEMINDBGSBOI_LOW,2044,99999.0
RE1,DEMINDBGSBOI_LOW,2045,99999.0
RE1,DEMINDBGSBOI_LOW,2046,99999.0
RE1,DEMINDBGSBOI_LOW,2047,99999.0
RE1,DEMINDBGSBOI_LOW,2048,99999.0
RE1,DEMINDBGSBOI_LOW,2049,99999.0
RE1,DEMINDBGSBOI_LOW,2050,99999.0
RE1,DEMINDBGSBOI_LOW,2051,99999.0
RE1,DEMINDBGSBOI_LOW,2052,99999.0
RE1,DEMINDBGSBOI_LOW,2053,99999.0
RE1,DEMINDBGSBOI_LOW,2054,99999.0
RE1,DEMINDBGSBOI_LOW,2055,99999.0
RE1,DEMINDBGSBOI_MID,2022,99999.0
RE1,DEMINDBGSBOI_MID,2023,99999.0
RE1,DEMINDBGSBOI_MID,2024,99999.0
RE1,DEMINDBGSBOI_MID,2025,99999.0
RE1,DEMINDBGSBOI_MID,2026,99999.0
RE1,DEMINDBGSBOI_MID,2027,99999.0
RE1,DEMINDBGSBOI_MID,2028,99999.0
RE1,DEMINDBGSBOI_MID,2029,99999.0
RE1,DEMINDBGSBOI_MID,2030,99999.0
RE1,DEMINDBGSBOI_MID,2031,99999.0
RE1,DEMINDBGSBOI_MID,2032,99999.0
RE1,DEMINDBGSBOI_MID,2033,99999.0
RE1,DEMINDBGSBOI_MID,2034,99999.0
RE1,DEMINDBGSBOI_MID,2035,99999.0
RE1,DEMINDBGSBOI_MID,2036,99999.0
RE1,DEMINDBGSBOI_MID,2037,99999.0
RE1,DEMINDBGSBOI_MID,2038,99999.0
RE1,DEMINDBGSBOI_MID,2039,99999.0
RE1,DEMINDBGSBOI_MID,2040,99999.0
RE1,DEMINDBGSBOI_MID,2041,99999.0
RE1,DEMINDBGSBOI_MID,2042,99999.0
RE1,DEMINDBGSBOI_MID,2043,99999.0
RE1,DEMINDBGSBOI_MID,2044,99999.0
RE1,DEMINDBGSBOI_MID,2045,99999.0
RE1,DEMINDBGSBOI_MID,2046,99999.0
RE1,DEMINDBGSBOI_MID,2047,99999.0
RE1,DEMINDBGSBOI_MID,2048,99999.0
RE1,DEMINDBGSBOI_MID,2049,99999.0
RE1,DEMINDBGSBOI_MID,2050,99999.0
RE1,DEMINDBGSBOI_MID,2051,99999.0
RE1,DEMINDBGSBOI_MID,2052,99999.0
RE1,DEMINDBGSBOI_MID,2053,99999.0
RE1,DEMINDBGSBOI_MID,2054,99999.0
RE1,DEMINDBGSBOI_MID,2055,99999.0
RE1,DEMINDBGSFUR_HIG,2022,99999.0
RE1,DEMINDBGSFUR_HIG,2023,99999.0
RE1,DEMINDBGSFUR_HIG,2024,99999.0
RE1,DEMINDBGSFUR_HIG,2025,99999.0
RE1,DEMINDBGSFUR_HIG,2026,99999.0
RE1,DEMINDBGSFUR_HIG,2027,99999.0
RE1,DEMINDBGSFUR_HIG,2028,99999.0
RE1,DEMINDBGSFUR_HIG,2029,99999.0
RE1,DEMINDBGSFUR_HIG,2030,99999.0
RE1,DEMINDBGSFUR_HIG,2031,99999.0
RE1,DEMINDBGSFUR_HIG,2032,99999.0
RE1,DEMINDBGSFUR_HIG,2033,99999.0
RE1,DEMINDBGSFUR_HIG,2034,99999.0
RE1,DEMINDBGSFUR_HIG,2035,99999.0
RE1,DEMINDBGSFUR_HIG,2036,99999.0
RE1,DEMINDBGSFUR_HIG,2037,99999.0
RE1,DEMINDBGSFUR_HIG,2038,99999.0
RE1,DEMINDBGSFUR_HIG,2039,99999.0
RE1,DEMINDBGSFUR_HIG,2040,99999.0
RE1,DEMINDBGSFUR_HIG,2041,99999.0
RE1,DEMINDBGSFUR_HIG,2042,99999.0
RE1,DEMINDBGSFUR_HIG,2043,99999.0
RE1,DEMINDBGSFUR_HIG,2044,99999.0
RE1,DEMINDBGSFUR_HIG,2045,99999.0
RE1,DEMINDBGSFUR_HIG,2046,99999.0
RE1,DEMINDBGSFUR_HIG,2047,99999.0
RE1,DEMINDBGSFUR_HIG,2048,99999.0
RE1,DEMINDBGSFUR_HIG,2049,99999.0
RE1,DEMINDBGSFUR_HIG,2050,99999.0
RE1,DEMINDBGSFUR_HIG,2051,99999.0
RE1,DEMINDBGSFUR_HIG,2052,99999.0
RE1,DEMINDBGSFUR_HIG,2053,99999.0
RE1,DEMINDBGSFUR_HIG,2054,99999.0
RE1,DEMINDBGSFUR_HIG,2055,99999.0
RE1,DEMINDBGSFUR_LOW,2022,99999.0
RE1,DEMINDBGSFUR_LOW,2023,99999.0
RE1,DEMINDBGSFUR_LOW,2024,99999.0
RE1,DEMINDBGSFUR_LOW,2025,99999.0
RE1,DEMINDBGSFUR_LOW,2026,99999.0
RE1,DEMINDBGSFUR_LOW,2027,99999.0
RE1,DEMINDBGSFUR_LOW,2028,99999.0
RE1,DEMINDBGSFUR_LOW,2029,99999.0
RE1,DEMINDBGSFUR_LOW,2030,99999.0
RE1,DEMINDBGSFUR_LOW,2031,99999.0
RE1,DEMINDBGSFUR_LOW,2032,99999.0
RE1,DEMINDBGSFUR_LOW,2033,99999.0
RE1,DEMINDBGSFUR_LOW,2034,99999.0
RE1,DEMINDBGSFUR_LOW,2035,99999.0
RE1,DEMINDBGSFUR_LOW,2036,99999.0
RE1,DEMINDBGSFUR_LOW,2037,99999.0
RE1,DEMINDBGSFUR_LOW,2038,99999.0
RE1,DEMINDBGSFUR_LOW,2039,99999.0
RE1,DEMINDBGSFUR_LOW,2040,99999.0
RE1,DEMINDBGSFUR_LOW,2041,99999.0
RE1,DEMINDBGSFUR_LOW,2042,99999.0
RE1,DEMINDBGSFUR_LOW,2043,99999.0
RE1,DEMINDBGSFUR_LOW,2044,99999.0
RE1,DEMINDBGSFUR_LOW,2045,99999.0
RE1,DEMINDBGSFUR_LOW,2046,99999.0
RE1,DEMINDBGSFUR_LOW,2047,99999.0
RE1,DEMINDBGSFUR_LOW,2048,99999.0
RE1,DEMINDBGSFUR_LOW,2049,99999.0
RE1,DEMINDBGSFUR_LOW,2050,99999.0
RE1,DEMINDBGSFUR_LOW,2051,99999.0
RE1,DEMINDBGSFUR_LOW,2052,99999.0
RE1,DEMINDBGSFUR_LOW,2053,99999.0
RE1,DEMINDBGSFUR_LOW,2054,99999.0
RE1,DEMINDBGSFUR_LOW,2055,99999.0
RE1,DEMINDBGSFUR_MID,2022,99999.0
RE1,DEMINDBGSFUR_MID,2023,99999.0
RE1,DEMINDBGSFUR_MID,2024,99999.0
RE1,DEMINDBGSFUR_MID,2025,99999.0
RE1,DEMINDBGSFUR_MID,2026,99999.0
RE1,DEMINDBGSFUR_MID,2027,99999.0
RE1,DEMINDBGSFUR_MID,2028,99999.0
RE1,DEMINDBGSFUR_MID,2029,99999.0
RE1,DEMINDBGSFUR_MID,2030,99999.0
RE1,DEMINDBGSFUR_MID,2031,99999.0
RE1,DEMINDBGSFUR_MID,2032,99999.0
RE1,DEMINDBGSFUR_MID,2033,99999.0
RE1,DEMINDBGSFUR_MID,2034,99999.0
RE1,DEMINDBGSFUR_MID,2035,99999.0
RE1,DEMINDBGSFUR_MID,2036,99999.0
RE1,DEMINDBGSFUR_MID,2037,99999.0
RE1,DEMINDBGSFUR_MID,2038,99999.0
RE1,DEMINDBGSFUR_MID,2039,99999.0
RE1,DEMINDBGSFUR_MID,2040,99999.0
RE1,DEMINDBGSFUR_MID,2041,99999.0
RE1,DEMINDBGSFUR_MID,2042,99999.0
RE1,DEMINDBGSFUR_MID,2043,99999.0
RE1,DEMINDBGSFUR_MID,2044,99999.0
RE1,DEMINDBGSFUR_MID,2045,99999.0
RE1,DEMINDBGSFUR_MID,2046,99999.0
RE1,DEMINDBGSFUR_MID,2047,99999.0
RE1,DEMINDBGSFUR_MID,2048,99999.0
RE1,DEMINDBGSFUR_MID,2049,99999.0
RE1,DEMINDBGSFUR_MID,2050,99999.0
RE1,DEMINDBGSFUR_MID,2051,99999.0
RE1,DEMINDBGSFUR_MID,2052,99999.0
RE1,DEMINDBGSFUR_MID,2053,99999.0
RE1,DEMINDBGSFUR_MID,2054,99999.0
RE1,DEMINDBGSFUR_MID,2055,99999.0
RE1,DEMINDCOABOI_HIG,2022,99999.0
RE1,DEMINDCOABOI_HIG,2023,99999.0
RE1,DEMINDCOABOI_HIG,2024,99999.0
RE1,DEMINDCOABOI_HIG,2025,99999.0
RE1,DEMINDCOABOI_HIG,2026,99999.0
RE1,DEMINDCOABOI_HIG,2027,99999.0
RE1,DEMINDCOABOI_HIG,2028,99999.0
RE1,DEMINDCOABOI_HIG,2029,99999.0
RE1,DEMINDCOABOI_HIG,2030,99999.0
RE1,DEMINDCOABOI_HIG,2031,99999.0
RE1,DEMINDCOABOI_HIG,2032,99999.0
RE1,DEMINDCOABOI_HIG,2033,99999.0
RE1,DEMINDCOABOI_HIG,2034,99999.0
RE1,DEMINDCOABOI_HIG,2035,99999.0
RE1,DEMINDCOABOI_HIG,2036,99999.0
RE1,DEMINDCOABOI_HIG,2037,99999.0
RE1,DEMINDCOABOI_HIG,2038,99999.0
RE1,DEMINDCOABOI_HIG,2039,99999.0
RE1,DEMINDCOABOI_HIG,2040,99999.0
RE1,DEMINDCOABOI_HIG,2041,99999.0
RE1,DEMINDCOABOI_HIG,2042,99999.0
RE1,DEMINDCOABOI_HIG,2043,99999.0
RE1,DEMINDCOABOI_HIG,2044,99999.0
RE1,DEMINDCOABOI_HIG,2045,99999.0
RE1,DEMINDCOABOI_HIG,2046,99999.0
RE1,DEMINDCOABOI_HIG,2047,99999.0
RE1,DEMINDCOABOI_HIG,2048,99999.0
RE1,DEMINDCOABOI_HIG,2049,99999.0
RE1,DEMINDCOABOI_HIG,2050,99999.0
RE1,DEMINDCOABOI_HIG,2051,99999.0
RE1,DEMINDCOABOI_HIG,2052,99999.0
RE1,DEMINDCOABOI_HIG,2053,99999.0
RE1,DEMINDCOABOI_HIG,2054,99999.0
RE1,DEMINDCOABOI_HIG,2055,99999.0
RE1,DEMINDCOABOI_LOW,2022,99999.0
RE1,DEMINDCOABOI_LOW,2023,99999.0
RE1,DEMINDCOABOI_LOW,2024,99999.0
RE1,DEMINDCOABOI_LOW,2025,99999.0
RE1,DEMINDCOABOI_LOW,2026,99999.0
RE1,DEMINDCOABOI_LOW,2027,99999.0
RE1,DEMINDCOABOI_LOW,2028,99999.0
RE1,DEMINDCOABOI_LOW,2029,99999.0
RE1,DEMINDCOABOI_LOW,2030,99999.0
RE1,DEMINDCOABOI_LOW,2031,99999.0
RE1,DEMINDCOABOI_LOW,2032,99999.0
RE1,DEMINDCOABOI_LOW,2033,99999.0
RE1,DEMINDCOABOI_LOW,2034,99999.0
RE1,DEMINDCOABOI_LOW,2035,99999.0
RE1,DEMINDCOABOI_LOW,2036,99999.0
RE1,DEMINDCOABOI_LOW,2037,99999.0
RE1,DEMINDCOABOI_LOW,2038,99999.0
RE1,DEMINDCOABOI_LOW,2039,99999.0
RE1,DEMINDCOABOI_LOW,2040,99999.0
RE1,DEMINDCOABOI_LOW,2041,99999.0
RE1,DEMINDCOABOI_LOW,2042,99999.0
RE1,DEMINDCOABOI_LOW,2043,99999.0
RE1,DEMINDCOABOI_LOW,2044,99999.0
RE1,DEMINDCOABOI_LOW,2045,99999.0
RE1,DEMINDCOABOI_LOW,2046,99999.0
RE1,DEMINDCOABOI_LOW,2047,99999.0
RE1,DEMINDCOABOI_LOW,2048,99999.0
RE1,DEMINDCOABOI_LOW,2049,99999.0
RE1,DEMINDCOABOI_LOW,2050,99999.0
RE1,DEMINDCOABOI_LOW,2051,99999.0
RE1,DEMINDCOABOI_LOW,2052,99999.0
RE1,DEMINDCOABOI_LOW,2053,99999.0
RE1,DEMINDCOABOI_LOW,2054,99999.0
RE1,DEMINDCOABOI_LOW,2055,99999.0
RE1,DEMINDCOABOI_MID,2022,99999.0
RE1,DEMINDCOABOI_MID,2023,99999.0
RE1,DEMINDCOABOI_MID,2024,99999.0
RE1,DEMINDCOABOI_MID,2025,99999.0
RE1,DEMINDCOABOI_MID,2026,99999.0
RE1,DEMINDCOABOI_MID,2027,99999.0
RE1,DEMINDCOABOI_MID,2028,99999.0
RE1,DEMINDCOABOI_MID,2029,99999.0
RE1,DEMINDCOABOI_MID,2030,99999.0
RE1,DEMINDCOABOI_MID,2031,99999.0
RE1,DEMINDCOABOI_MID,2032,99999.0
RE1,DEMINDCOABOI_MID,2033,99999.0
RE1,DEMINDCOABOI_MID,2034,99999.0
RE1,DEMINDCOABOI_MID,2035,99999.0
RE1,DEMINDCOABOI_MID,2036,99999.0
RE1,DEMINDCOABOI_MID,2037,99999.0
RE1,DEMINDCOABOI_MID,2038,99999.0
RE1,DEMINDCOABOI_MID,2039,99999.0
RE1,DEMINDCOABOI_MID,2040,99999.0
RE1,DEMINDCOABOI_MID,2041,99999.0
RE1,DEMINDCOABOI_MID,2042,99999.0
RE1,DEMINDCOABOI_MID,2043,99999.0
RE1,DEMINDCOABOI_MID,2044,99999.0
RE1,DEMINDCOABOI_MID,2045,99999.0
RE1,DEMINDCOABOI_MID,2046,99999.0
RE1,DEMINDCOABOI_MID,2047,99999.0
RE1,DEMINDCOABOI_MID,2048,99999.0
RE1,DEMINDCOABOI_MID,2049,99999.0
RE1,DEMINDCOABOI_MID,2050,99999.0
RE1,DEMINDCOABOI_MID,2051,99999.0
RE1,DEMINDCOABOI_MID,2052,99999.0
RE1,DEMINDCOABOI_MID,2053,99999.0
RE1,DEMINDCOABOI_MID,2054,99999.0
RE1,DEMINDCOABOI_MID,2055,99999.0
RE1,DEMINDCOAFUR_HIG,2022,99999.0
RE1,DEMINDCOAFUR_HIG,2023,99999.0
RE1,DEMINDCOAFUR_HIG,2024,99999.0
RE1,DEMINDCOAFUR_HIG,2025,99999.0
RE1,DEMINDCOAFUR_HIG,2026,99999.0
RE1,DEMINDCOAFUR_HIG,2027,99999.0
RE1,DEMINDCOAFUR_HIG,2028,99999.0
RE1,DEMINDCOAFUR_HIG,2029,99999.0
RE1,DEMINDCOAFUR_HIG,2030,99999.0
RE1,DEMINDCOAFUR_HIG,2031,99999.0
RE1,DEMINDCOAFUR_HIG,2032,99999.0
RE1,DEMINDCOAFUR_HIG,2033,99999.0
RE1,DEMINDCOAFUR_HIG,2034,99999.0
RE1,DEMINDCOAFUR_HIG,2035,99999.0
RE1,DEMINDCOAFUR_HIG,2036,99999.0
RE1,DEMINDCOAFUR_HIG,2037,99999.0
RE1,DEMINDCOAFUR_HIG,2038,99999.0
RE1,DEMINDCOAFUR_HIG,2039,99999.0
RE1,DEMINDCOAFUR_HIG,2040,99999.0
RE1,DEMINDCOAFUR_HIG,2041,99999.0
RE1,DEMINDCOAFUR_HIG,2042,99999.0
RE1,DEMINDCOAFUR_HIG,2043,99999.0
RE1,DEMINDCOAFUR_HIG,2044,99999.0
RE1,DEMINDCOAFUR_HIG,2045,99999.0
RE1,DEMINDCOAFUR_HIG,2046,99999.0
RE1,DEMINDCOAFUR_HIG,2047,99999.0
RE1,DEMINDCOAFUR_HIG,2048,99999.0
RE1,DEMINDCOAFUR_HIG,2049,99999.0
RE1,DEMINDCOAFUR_HIG,2050,99999.0
RE1,DEMINDCOAFUR_HIG,2051,99999.0
RE1,DEMINDCOAFUR_HIG,2052,99999.0
RE1,DEMINDCOAFUR_HIG,2053,99999.0
RE1,DEMINDCOAFUR_HIG,2054,99999.0
RE1,DEMINDCOAFUR_HIG,2055,99999.0
RE1,DEMINDCOAFUR_LOW,2022,99999.0
RE1,DEMINDCOAFUR_LOW,2023,99999.0
RE1,DEMINDCOAFUR_LOW,2024,99999.0
RE1,DEMINDCOAFUR_LOW,2025,99999.0
RE1,DEMINDCOAFUR_LOW,2026,99999.0
RE1,DEMINDCOAFUR_LOW,2027,99999.0
RE1,DEMINDCOAFUR_LOW,2028,99999.0
RE1,DEMINDCOAFUR_LOW,2029,99999.0
RE1,DEMINDCOAFUR_LOW,2030,99999.0
RE1,DEMINDCOAFUR_LOW,2031,99999.0
RE1,DEMINDCOAFUR_LOW,2032,99999.0
RE1,DEMINDCOAFUR_LOW,2033,99999.0
RE1,DEMINDCOAFUR_LOW,2034,99999.0
RE1,DEMINDCOAFUR_LOW,2035,99999.0
RE1,DEMINDCOAFUR_LOW,2036,99999.0
RE1,DEMINDCOAFUR_LOW,2037,99999.0
RE1,DEMINDCOAFUR_LOW,2038,99999.0
RE1,DEMINDCOAFUR_LOW,2039,99999.0
RE1,DEMINDCOAFUR_LOW,2040,99999.0
RE1,DEMINDCOAFUR_LOW,2041,99999.0
RE1,DEMINDCOAFUR_LOW,2042,99999.0
RE1,DEMINDCOAFUR_LOW,2043,99999.0
RE1,DEMINDCOAFUR_LOW,2044,99999.0
RE1,DEMINDCOAFUR_LOW,2045,99999.0
RE1,DEMINDCOAFUR_LOW,2046,99999.0
RE1,DEMINDCOAFUR_LOW,2047,99999.0
RE1,DEMINDCOAFUR_LOW,2048,99999.0
RE1,DEMINDCOAFUR_LOW,2049,99999.0
RE1,DEMINDCOAFUR_LOW,2050,99999.0
RE1,DEMINDCOAFUR_LOW,2051,99999.0
RE1,DEMINDCOAFUR_LOW,2052,99999.0
RE1,DEMINDCOAFUR_LOW,2053,99999.0
RE1,DEMINDCOAFUR_LOW,2054,99999.0
RE1,DEMINDCOAFUR_LOW,2055,99999.0
RE1,DEMINDCOAFUR_MID,2022,99999.0
RE1,DEMINDCOAFUR_MID,2023,99999.0
RE1,DEMINDCOAFUR_MID,2024,99999.0
RE1,DEMINDCOAFUR_MID,2025,99999.0
RE1,DEMINDCOAFUR_MID,2026,99999.0
RE1,DEMINDCOAFUR_MID,2027,99999.0
RE1,DEMINDCOAFUR_MID,2028,99999.0
RE1,DEMINDCOAFUR_MID,2029,99999.0
RE1,DEMINDCOAFUR_MID,2030,99999.0
RE1,DEMINDCOAFUR_MID,2031,99999.0
RE1,DEMINDCOAFUR_MID,2032,99999.0
RE1,DEMINDCOAFUR_MID,2033,99999.0
RE1,DEMINDCOAFUR_MID,2034,99999.0
RE1,DEMINDCOAFUR_MID,2035,99999.0
RE1,DEMINDCOAFUR_MID,2036,99999.0
RE1,DEMINDCOAFUR_MID,2037,99999.0
RE1,DEMINDCOAFUR_MID,2038,99999.0
RE1,DEMINDCOAFUR_MID,2039,99999.0
RE1,DEMINDCOAFUR_MID,2040,99999.0
RE1,DEMINDCOAFUR_MID,2041,99999.0
RE1,DEMINDCOAFUR_MID,2042,99999.0
RE1,DEMINDCOAFUR_MID,2043,99999.0
RE1,DEMINDCOAFUR_MID,2044,99999.0
RE1,DEMINDCOAFUR_MID,2045,99999.0
RE1,DEMINDCOAFUR_MID,2046,99999.0
RE1,DEMINDCOAFUR_MID,2047,99999.0
RE1,DEMINDCOAFUR_MID,2048,99999.0
RE1,DEMINDCOAFUR_MID,2049,99999.0
RE1,DEMINDCOAFUR_MID,2050,99999.0
RE1,DEMINDCOAFUR_MID,2051,99999.0
RE1,DEMINDCOAFUR_MID,2052,99999.0
RE1,DEMINDCOAFUR_MID,2053,99999.0
RE1,DEMINDCOAFUR_MID,2054,99999.0
RE1,DEMINDCOAFUR_MID,2055,99999.0
RE1,DEMINDCOAOTH_LOW,2022,99999.0
RE1,DEMINDCOAOTH_LOW,2023,99999.0
RE1,DEMINDCOAOTH_LOW,2024,99999.0
RE1,DEMINDCOAOTH_LOW,2025,99999.0
RE1,DEMINDCOAOTH_LOW,2026,99999.0
RE1,DEMINDCOAOTH_LOW,2027,99999.0
RE1,DEMINDCOAOTH_LOW,2028,99999.0
RE1,DEMINDCOAOTH_LOW,2029,99999.0
RE1,DEMINDCOAOTH_LOW,2030,99999.0
RE1,DEMINDCOAOTH_LOW,2031,99999.0
RE1,DEMINDCOAOTH_LOW,2032,99999.0
RE1,DEMINDCOAOTH_LOW,2033,99999.0
RE1,DEMINDCOAOTH_LOW,2034,99999.0
RE1,DEMINDCOAOTH_LOW,2035,99999.0
RE1,DEMINDCOAOTH_LOW,2036,99999.0
RE1,DEMINDCOAOTH_LOW,2037,99999.0
RE1,DEMINDCOAOTH_LOW,2038,99999.0
RE1,DEMINDCOAOTH_LOW,2039,99999.0
RE1,DEMINDCOAOTH_LOW,2040,99999.0
RE1,DEMINDCOAOTH_LOW,2041,99999.0
RE1,DEMINDCOAOTH_LOW,2042,99999.0
RE1,DEMINDCOAOTH_LOW,2043,99999.0
RE1,DEMINDCOAOTH_LOW,2044,99999.0
RE1,DEMINDCOAOTH_LOW,2045,99999.0
RE1,DEMINDCOAOTH_LOW,2046,99999.0
RE1,DEMINDCOAOTH_LOW,2047,99999.0
RE1,DEMINDCOAOTH_LOW,2048,99999.0
RE1,DEMINDCOAOTH_LOW,2049,99999.0
RE1,DEMINDCOAOTH_LOW,2050,99999.0
RE1,DEMINDCOAOTH_LOW,2051,99999.0
RE1,DEMINDCOAOTH_LOW,2052,99999.0
RE1,DEMINDCOAOTH_LOW,2053,99999.0
RE1,DEMINDCOAOTH_LOW,2054,99999.0
RE1,DEMINDCOAOTH_LOW,2055,99999.0
RE1,DEMINDDSLBOI_HIG,2022,99999.0
RE1,DEMINDDSLBOI_HIG,2023,99999.0
RE1,DEMINDDSLBOI_HIG,2024,99999.0
RE1,DEMINDDSLBOI_HIG,2025,99999.0
RE1,DEMINDDSLBOI_HIG,2026,99999.0
RE1,DEMINDDSLBOI_HIG,2027,99999.0
RE1,DEMINDDSLBOI_HIG,2028,99999.0
RE1,DEMINDDSLBOI_HIG,2029,99999.0
RE1,DEMINDDSLBOI_HIG,2030,99999.0
RE1,DEMINDDSLBOI_HIG,2031,99999.0
RE1,DEMINDDSLBOI_HIG,2032,99999.0
RE1,DEMINDDSLBOI_HIG,2033,99999.0
RE1,DEMINDDSLBOI_HIG,2034,99999.0
RE1,DEMINDDSLBOI_HIG,2035,99999.0
RE1,DEMINDDSLBOI_HIG,2036,99999.0
RE1,DEMINDDSLBOI_HIG,2037,99999.0
RE1,DEMINDDSLBOI_HIG,2038,99999.0
RE1,DEMINDDSLBOI_HIG,2039,99999.0
RE1,DEMINDDSLBOI_HIG,2040,99999.0
RE1,DEMINDDSLBOI_HIG,2041,99999.0
RE1,DEMINDDSLBOI_HIG,2042,99999.0
RE1,DEMINDDSLBOI_HIG,2043,99999.0
RE1,DEMINDDSLBOI_HIG,2044,99999.0
RE1,DEMINDDSLBOI_HIG,2045,99999.0
RE1,DEMINDDSLBOI_HIG,2046,99999.0
RE1,DEMINDDSLBOI_HIG,2047,99999.0
RE1,DEMINDDSLBOI_HIG,2048,99999.0
RE1,DEMINDDSLBOI_HIG,2049,99999.0
RE1,DEMINDDSLBOI_HIG,2050,99999.0
RE1,DEMINDDSLBOI_HIG,2051,99999.0
RE1,DEMINDDSLBOI_HIG,2052,99999.0
RE1,DEMINDDSLBOI_HIG,2053,99999.0
RE1,DEMINDDSLBOI_HIG,2054,99999.0
RE1,DEMINDDSLBOI_HIG,2055,99999.0
RE1,DEMINDDSLBOI_LOW,2022,99999.0
RE1,DEMINDDSLBOI_LOW,2023,99999.0
RE1,DEMINDDSLBOI_LOW,2024,99999.0
RE1,DEMINDDSLBOI_LOW,2025,99999.0
RE1,DEMINDDSLBOI_LOW,2026,99999.0
RE1,DEMINDDSLBOI_LOW,2027,99999.0
RE1,DEMINDDSLBOI_LOW,2028,99999.0
RE1,DEMINDDSLBOI_LOW,2029,99999.0
RE1,DEMINDDSLBOI_LOW,2030,99999.0
RE1,DEMINDDSLBOI_LOW,2031,99999.0
RE1,DEMINDDSLBOI_LOW,2032,99999.0
RE1,DEMINDDSLBOI_LOW,2033,99999.0
RE1,DEMINDDSLBOI_LOW,2034,99999.0
RE1,DEMINDDSLBOI_LOW,2035,99999.0
RE1,DEMINDDSLBOI_LOW,2036,99999.0
RE1,DEMINDDSLBOI_LOW,2037,99999.0
RE1,DEMINDDSLBOI_LOW,2038,99999.0
RE1,DEMINDDSLBOI_LOW,2039,99999.0
RE1,DEMINDDSLBOI_LOW,2040,99999.0
RE1,DEMINDDSLBOI_LOW,2041,99999.0
RE1,DEMINDDSLBOI_LOW,2042,99999.0
RE1,DEMINDDSLBOI_LOW,2043,99999.0
RE1,DEMINDDSLBOI_LOW,2044,99999.0
RE1,DEMINDDSLBOI_LOW,2045,99999.0
RE1,DEMINDDSLBOI_LOW,2046,99999.0
RE1,DEMINDDSLBOI_LOW,2047,99999.0
RE1,DEMINDDSLBOI_LOW,2048,99999.0
RE1,DEMINDDSLBOI_LOW,2049,99999.0
RE1,DEMINDDSLBOI_LOW,2050,99999.0
RE1,DEMINDDSLBOI_LOW,2051,99999.0
RE1,DEMINDDSLBOI_LOW,2052,99999.0
RE1,DEMINDDSLBOI_LOW,2053,99999.0
RE1,DEMINDDSLBOI_LOW,2054,99999.0
RE1,DEMINDDSLBOI_LOW,2055,99999.0
RE1,DEMINDDSLBOI_MID,2022,99999.0
RE1,DEMINDDSLBOI_MID,2023,99999.0
RE1,DEMINDDSLBOI_MID,2024,99999.0
RE1,DEMINDDSLBOI_MID,2025,99999.0
RE1,DEMINDDSLBOI_MID,2026,99999.0
RE1,DEMINDDSLBOI_MID,2027,99999.0
RE1,DEMINDDSLBOI_MID,2028,99999.0
RE1,DEMINDDSLBOI_MID,2029,99999.0
RE1,DEMINDDSLBOI_MID,2030,99999.0
RE1,DEMINDDSLBOI_MID,2031,99999.0
RE1,DEMINDDSLBOI_MID,2032,99999.0
RE1,DEMINDDSLBOI_MID,2033,99999.0
RE1,DEMINDDSLBOI_MID,2034,99999.0
RE1,DEMINDDSLBOI_MID,2035,99999.0
RE1,DEMINDDSLBOI_MID,2036,99999.0
RE1,DEMINDDSLBOI_MID,2037,99999.0
RE1,DEMINDDSLBOI_MID,2038,99999.0
RE1,DEMINDDSLBOI_MID,2039,99999.0
RE1,DEMINDDSLBOI_MID,2040,99999.0
RE1,DEMINDDSLBOI_MID,2041,99999.0
RE1,DEMINDDSLBOI_MID,2042,99999.0
RE1,DEMINDDSLBOI_MID,2043,99999.0
RE1,DEMINDDSLBOI_MID,2044,99999.0
RE1,DEMINDDSLBOI_MID,2045,99999.0
RE1,DEMINDDSLBOI_MID,2046,99999.0
RE1,DEMINDDSLBOI_MID,2047,99999.0
RE1,DEMINDDSLBOI_MID,2048,99999.0
RE1,DEMINDDSLBOI_MID,2049,99999.0
RE1,DEMINDDSLBOI_MID,2050,99999.0
RE1,DEMINDDSLBOI_MID,2051,99999.0
RE1,DEMINDDSLBOI_MID,2052,99999.0
RE1,DEMINDDSLBOI_MID,2053,99999.0
RE1,DEMINDDSLBOI_MID,2054,99999.0
RE1,DEMINDDSLBOI_MID,2055,99999.0
RE1,DEMINDDSLFUR_HIG,2022,99999.0
RE1,DEMINDDSLFUR_HIG,2023,99999.0
RE1,DEMINDDSLFUR_HIG,2024,99999.0
RE1,DEMINDDSLFUR_HIG,2025,99999.0
RE1,DEMINDDSLFUR_HIG,2026,99999.0
RE1,DEMINDDSLFUR_HIG,2027,99999.0
RE1,DEMINDDSLFUR_HIG,2028,99999.0
RE1,DEMINDDSLFUR_HIG,2029,99999.0
RE1,DEMINDDSLFUR_HIG,2030,99999.0
RE1,DEMINDDSLFUR_HIG,2031,99999.0
RE1,DEMINDDSLFUR_HIG,2032,99999.0
RE1,DEMINDDSLFUR_HIG,2033,99999.0
RE1,DEMINDDSLFUR_HIG,2034,99999.0
RE1,DEMINDDSLFUR_HIG,2035,99999.0
RE1,DEMINDDSLFUR_HIG,2036,99999.0
RE1,DEMINDDSLFUR_HIG,2037,99999.0
RE1,DEMINDDSLFUR_HIG,2038,99999.0
RE1,DEMINDDSLFUR_HIG,2039,99999.0
RE1,DEMINDDSLFUR_HIG,2040,99999.0
RE1,DEMINDDSLFUR_HIG,2041,99999.0
RE1,DEMINDDSLFUR_HIG,2042,99999.0
RE1,DEMINDDSLFUR_HIG,2043,99999.0
RE1,DEMINDDSLFUR_HIG,2044,99999.0
RE1,DEMINDDSLFUR_HIG,2045,99999.0
RE1,DEMINDDSLFUR_HIG,2046,99999.0
RE1,DEMINDDSLFUR_HIG,2047,99999.0
RE1,DEMINDDSLFUR_HIG,2048,99999.0
RE1,DEMINDDSLFUR_HIG,2049,99999.0
RE1,DEMINDDSLFUR_HIG,2050,99999.0
RE1,DEMINDDSLFUR_HIG,2051,99999.0
RE1,DEMINDDSLFUR_HIG,2052,99999.0
RE1,DEMINDDSLFUR_HIG,2053,99999.0
RE1,DEMINDDSLFUR_HIG,2054,99999.0
RE1,DEMINDDSLFUR_HIG,2055,99999.0
RE1,DEMINDDSLFUR_LOW,2022,99999.0
RE1,DEMINDDSLFUR_LOW,2023,99999.0
RE1,DEMINDDSLFUR_LOW,2024,99999.0
RE1,DEMINDDSLFUR_LOW,2025,99999.0
RE1,DEMINDDSLFUR_LOW,2026,99999.0
RE1,DEMINDDSLFUR_LOW,2027,99999.0
RE1,DEMINDDSLFUR_LOW,2028,99999.0
RE1,DEMINDDSLFUR_LOW,2029,99999.0
RE1,DEMINDDSLFUR_LOW,2030,99999.0
RE1,DEMINDDSLFUR_LOW,2031,99999.0
RE1,DEMINDDSLFUR_LOW,2032,99999.0
RE1,DEMINDDSLFUR_LOW,2033,99999.0
RE1,DEMINDDSLFUR_LOW,2034,99999.0
RE1,DEMINDDSLFUR_LOW,2035,99999.0
RE1,DEMINDDSLFUR_LOW,2036,99999.0
RE1,DEMINDDSLFUR_LOW,2037,99999.0
RE1,DEMINDDSLFUR_LOW,2038,99999.0
RE1,DEMINDDSLFUR_LOW,2039,99999.0
RE1,DEMINDDSLFUR_LOW,2040,99999.0
RE1,DEMINDDSLFUR_LOW,2041,99999.0
RE1,DEMINDDSLFUR_LOW,2042,99999.0
RE1,DEMINDDSLFUR_LOW,2043,99999.0
RE1,DEMINDDSLFUR_LOW,2044,99999.0
RE1,DEMINDDSLFUR_LOW,2045,99999.0
RE1,DEMINDDSLFUR_LOW,2046,99999.0
RE1,DEMINDDSLFUR_LOW,2047,99999.0
RE1,DEMINDDSLFUR_LOW,2048,99999.0
RE1,DEMINDDSLFUR_LOW,2049,99999.0
RE1,DEMINDDSLFUR_LOW,2050,99999.0
RE1,DEMINDDSLFUR_LOW,2051,99999.0
RE1,DEMINDDSLFUR_LOW,2052,99999.0
RE1,DEMINDDSLFUR_LOW,2053,99999.0
RE1,DEMINDDSLFUR_LOW,2054,99999.0
RE1,DEMINDDSLFUR_LOW,2055,99999.0
RE1,DEMINDDSLFUR_MID,2022,99999.0
RE1,DEMINDDSLFUR_MID,2023,99999.0
RE1,DEMINDDSLFUR_MID,2024,99999.0
RE1,DEMINDDSLFUR_MID,2025,99999.0
RE1,DEMINDDSLFUR_MID,2026,99999.0
RE1,DEMINDDSLFUR_MID,2027,99999.0
RE1,DEMINDDSLFUR_MID,2028,99999.0
RE1,DEMINDDSLFUR_MID,2029,99999.0
RE1,DEMINDDSLFUR_MID,2030,99999.0
RE1,DEMINDDSLFUR_MID,2031,99999.0
RE1,DEMINDDSLFUR_MID,2032,99999.0
RE1,DEMINDDSLFUR_MID,2033,99999.0
RE1,DEMINDDSLFUR_MID,2034,99999.0
RE1,DEMINDDSLFUR_MID,2035,99999.0
RE1,DEMINDDSLFUR_MID,2036,99999.0
RE1,DEMINDDSLFUR_MID,2037,99999.0
RE1,DEMINDDSLFUR_MID,2038,99999.0
RE1,DEMINDDSLFUR_MID,2039,99999.0
RE1,DEMINDDSLFUR_MID,2040,99999.0
RE1,DEMINDDSLFUR_MID,2041,99999.0
RE1,DEMINDDSLFUR_MID,2042,99999.0
RE1,DEMINDDSLFUR_MID,2043,99999.0
RE1,DEMINDDSLFUR_MID,2044,99999.0
RE1,DEMINDDSLFUR_MID,2045,99999.0
RE1,DEMINDDSLFUR_MID,2046,99999.0
RE1,DEMINDDSLFUR_MID,2047,99999.0
RE1,DEMINDDSLFUR_MID,2048,99999.0
RE1,DEMINDDSLFUR_MID,2049,99999.0
RE1,DEMINDDSLFUR_MID,2050,99999.0
RE1,DEMINDDSLFUR_MID,2051,99999.0
RE1,DEMINDDSLFUR_MID,2052,99999.0
RE1,DEMINDDSLFUR_MID,2053,99999.0
RE1,DEMINDDSLFUR_MID,2054,99999.0
RE1,DEMINDDSLFUR_MID,2055,99999.0
RE1,DEMINDELCAIR_HIG,2022,99999.0
RE1,DEMINDELCAIR_HIG,2023,99999.0
RE1,DEMINDELCAIR_HIG,2024,99999.0
RE1,DEMINDELCAIR_HIG,2025,99999.0
RE1,DEMINDELCAIR_HIG,2026,99999.0
RE1,DEMINDELCAIR_HIG,2027,99999.0
RE1,DEMINDELCAIR_HIG,2028,99999.0
RE1,DEMINDELCAIR_HIG,2029,99999.0
RE1,DEMINDELCAIR_HIG,2030,99999.0
RE1,DEMINDELCAIR_HIG,2031,99999.0
RE1,DEMINDELCAIR_HIG,2032,99999.0
RE1,DEMINDELCAIR_HIG,2033,99999.0
RE1,DEMINDELCAIR_HIG,2034,99999.0
RE1,DEMINDELCAIR_HIG,2035,99999.0
RE1,DEMINDELCAIR_HIG,2036,99999.0
RE1,DEMINDELCAIR_HIG,2037,99999.0
RE1,DEMINDELCAIR_HIG,2038,99999.0
RE1,DEMINDELCAIR_HIG,2039,99999.0
RE1,DEMINDELCAIR_HIG,2040,99999.0
RE1,DEMINDELCAIR_HIG,2041,99999.0
RE1,DEMINDELCAIR_HIG,2042,99999.0
RE1,DEMINDELCAIR_HIG,2043,99999.0
RE1,DEMINDELCAIR_HIG,2044,99999.0
RE1,DEMINDELCAIR_HIG,2045,99999.0
RE1,DEMINDELCAIR_HIG,2046,99999.0
RE1,DEMINDELCAIR_HIG,2047,99999.0
RE1,DEMINDELCAIR_HIG,2048,99999.0
RE1,DEMINDELCAIR_HIG,2049,99999.0
RE1,DEMINDELCAIR_HIG,2050,99999.0
RE1,DEMINDELCAIR_HIG,2051,99999.0
RE1,DEMINDELCAIR_HIG,2052,99999.0
RE1,DEMINDELCAIR_HIG,2053,99999.0
RE1,DEMINDELCAIR_HIG,2054,99999.0
RE1,DEMINDELCAIR_HIG,2055,99999.0
RE1,DEMINDELCAIR_LOW,2022,99999.0
RE1,DEMINDELCAIR_LOW,2023,99999.0
RE1,DEMINDELCAIR_LOW,2024,99999.0
RE1,DEMINDELCAIR_LOW,2025,99999.0
RE1,DEMINDELCAIR_LOW,2026,99999.0
RE1,DEMINDELCAIR_LOW,2027,99999.0
RE1,DEMINDELCAIR_LOW,2028,99999.0
RE1,DEMINDELCAIR_LOW,2029,99999.0
RE1,DEMINDELCAIR_LOW,2030,99999.0
RE1,DEMINDELCAIR_LOW,2031,99999.0
RE1,DEMINDELCAIR_LOW,2032,99999.0
RE1,DEMINDELCAIR_LOW,2033,99999.0
RE1,DEMINDELCAIR_LOW,2034,99999.0
RE1,DEMINDELCAIR_LOW,2035,99999.0
RE1,DEMINDELCAIR_LOW,2036,99999.0
RE1,DEMINDELCAIR_LOW,2037,99999.0
RE1,DEMINDELCAIR_LOW,2038,99999.0
RE1,DEMINDELCAIR_LOW,2039,99999.0
RE1,DEMINDELCAIR_LOW,2040,99999.0
RE1,DEMINDELCAIR_LOW,2041,99999.0
RE1,DEMINDELCAIR_LOW,2042,99999.0
RE1,DEMINDELCAIR_LOW,2043,99999.0
RE1,DEMINDELCAIR_LOW,2044,99999.0
RE1,DEMINDELCAIR_LOW,2045,99999.0
RE1,DEMINDELCAIR_LOW,2046,99999.0
RE1,DEMINDELCAIR_LOW,2047,99999.0
RE1,DEMINDELCAIR_LOW,2048,99999.0
RE1,DEMINDELCAIR_LOW,2049,99999.0
RE1,DEMINDELCAIR_LOW,2050,99999.0
RE1,DEMINDELCAIR_LOW,2051,99999.0
RE1,DEMINDELCAIR_LOW,2052,99999.0
RE1,DEMINDELCAIR_LOW,2053,99999.0
RE1,DEMINDELCAIR_LOW,2054,99999.0
RE1,DEMINDELCAIR_LOW,2055,99999.0
RE1,DEMINDELCAIR_MID,2022,99999.0
RE1,DEMINDELCAIR_MID,2023,99999.0
RE1,DEMINDELCAIR_MID,2024,99999.0
RE1,DEMINDELCAIR_MID,2025,99999.0
RE1,DEMINDELCAIR_MID,2026,99999.0
RE1,DEMINDELCAIR_MID,2027,99999.0
RE1,DEMINDELCAIR_MID,2028,99999.0
RE1,DEMINDELCAIR_MID,2029,99999.0
RE1,DEMINDELCAIR_MID,2030,99999.0
RE1,DEMINDELCAIR_MID,2031,99999.0
RE1,DEMINDELCAIR_MID,2032,99999.0
RE1,DEMINDELCAIR_MID,2033,99999.0
RE1,DEMINDELCAIR_MID,2034,99999.0
RE1,DEMINDELCAIR_MID,2035,99999.0
RE1,DEMINDELCAIR_MID,2036,99999.0
RE1,DEMINDELCAIR_MID,2037,99999.0
RE1,DEMINDELCAIR_MID,2038,99999.0
RE1,DEMINDELCAIR_MID,2039,99999.0
RE1,DEMINDELCAIR_MID,2040,99999.0
RE1,DEMINDELCAIR_MID,2041,99999.0
RE1,DEMINDELCAIR_MID,2042,99999.0
RE1,DEMINDELCAIR_MID,2043,99999.0
RE1,DEMINDELCAIR_MID,2044,99999.0
RE1,DEMINDELCAIR_MID,2045,99999.0
RE1,DEMINDELCAIR_MID,2046,99999.0
RE1,DEMINDELCAIR_MID,2047,99999.0
RE1,DEMINDELCAIR_MID,2048,99999.0
RE1,DEMINDELCAIR_MID,2049,99999.0
RE1,DEMINDELCAIR_MID,2050,99999.0
RE1,DEMINDELCAIR_MID,2051,99999.0
RE1,DEMINDELCAIR_MID,2052,99999.0
RE1,DEMINDELCAIR_MID,2053,99999.0
RE1,DEMINDELCAIR_MID,2054,99999.0
RE1,DEMINDELCAIR_MID,2055,99999.0
RE1,DEMINDELCBOI_HIG,2022,99999.0
RE1,DEMINDELCBOI_HIG,2023,99999.0
RE1,DEMINDELCBOI_HIG,2024,99999.0
RE1,DEMINDELCBOI_HIG,2025,99999.0
RE1,DEMINDELCBOI_HIG,2026,99999.0
RE1,DEMINDELCBOI_HIG,2027,99999.0
RE1,DEMINDELCBOI_HIG,2028,99999.0
RE1,DEMINDELCBOI_HIG,2029,99999.0
RE1,DEMINDELCBOI_HIG,2030,99999.0
RE1,DEMINDELCBOI_HIG,2031,99999.0
RE1,DEMINDELCBOI_HIG,2032,99999.0
RE1,DEMINDELCBOI_HIG,2033,99999.0
RE1,DEMINDELCBOI_HIG,2034,99999.0
RE1,DEMINDELCBOI_HIG,2035,99999.0
RE1,DEMINDELCBOI_HIG,2036,99999.0
RE1,DEMINDELCBOI_HIG,2037,99999.0
RE1,DEMINDELCBOI_HIG,2038,99999.0
RE1,DEMINDELCBOI_HIG,2039,99999.0
RE1,DEMINDELCBOI_HIG,2040,99999.0
RE1,DEMINDELCBOI_HIG,2041,99999.0
RE1,DEMINDELCBOI_HIG,2042,99999.0
RE1,DEMINDELCBOI_HIG,2043,99999.0
RE1,DEMINDELCBOI_HIG,2044,99999.0
RE1,DEMINDELCBOI_HIG,2045,99999.0
RE1,DEMINDELCBOI_HIG,2046,99999.0
RE1,DEMINDELCBOI_HIG,2047,99999.0
RE1,DEMINDELCBOI_HIG,2048,99999.0
RE1,DEMINDELCBOI_HIG,2049,99999.0
RE1,DEMINDELCBOI_HIG,2050,99999.0
RE1,DEMINDELCBOI_HIG,2051,99999.0
RE1,DEMINDELCBOI_HIG,2052,99999.0
RE1,DEMINDELCBOI_HIG,2053,99999.0
RE1,DEMINDELCBOI_HIG,2054,99999.0
RE1,DEMINDELCBOI_HIG,2055,99999.0
RE1,DEMINDELCBOI_LOW,2022,99999.0
RE1,DEMINDELCBOI_LOW,2023,99999.0
RE1,DEMINDELCBOI_LOW,2024,99999.0
RE1,DEMINDELCBOI_LOW,2025,99999.0
RE1,DEMINDELCBOI_LOW,2026,99999.0
RE1,DEMINDELCBOI_LOW,2027,99999.0
RE1,DEMINDELCBOI_LOW,2028,99999.0
RE1,DEMINDELCBOI_LOW,2029,99999.0
RE1,DEMINDELCBOI_LOW,2030,99999.0
RE1,DEMINDELCBOI_LOW,2031,99999.0
RE1,DEMINDELCBOI_LOW,2032,99999.0
RE1,DEMINDELCBOI_LOW,2033,99999.0
RE1,DEMINDELCBOI_LOW,2034,99999.0
RE1,DEMINDELCBOI_LOW,2035,99999.0
RE1,DEMINDELCBOI_LOW,2036,99999.0
RE1,DEMINDELCBOI_LOW,2037,99999.0
RE1,DEMINDELCBOI_LOW,2038,99999.0
RE1,DEMINDELCBOI_LOW,2039,99999.0
RE1,DEMINDELCBOI_LOW,2040,99999.0
RE1,DEMINDELCBOI_LOW,2041,99999.0
RE1,DEMINDELCBOI_LOW,2042,99999.0
RE1,DEMINDELCBOI_LOW,2043,99999.0
RE1,DEMINDELCBOI_LOW,2044,99999.0
RE1,DEMINDELCBOI_LOW,2045,99999.0
RE1,DEMINDELCBOI_LOW,2046,99999.0
RE1,DEMINDELCBOI_LOW,2047,99999.0
RE1,DEMINDELCBOI_LOW,2048,99999.0
RE1,DEMINDELCBOI_LOW,2049,99999.0
RE1,DEMINDELCBOI_LOW,2050,99999.0
RE1,DEMINDELCBOI_LOW,2051,99999.0
RE1,DEMINDELCBOI_LOW,2052,99999.0
RE1,DEMINDELCBOI_LOW,2053,99999.0
RE1,DEMINDELCBOI_LOW,2054,99999.0
RE1,DEMINDELCBOI_LOW,2055,99999.0
RE1,DEMINDELCBOI_MID,2022,99999.0
RE1,DEMINDELCBOI_MID,2023,99999.0
RE1,DEMINDELCBOI_MID,2024,99999.0
RE1,DEMINDELCBOI_MID,2025,99999.0
RE1,DEMINDELCBOI_MID,2026,99999.0
RE1,DEMINDELCBOI_MID,2027,99999.0
RE1,DEMINDELCBOI_MID,2028,99999.0
RE1,DEMINDELCBOI_MID,2029,99999.0
RE1,DEMINDELCBOI_MID,2030,99999.0
RE1,DEMINDELCBOI_MID,2031,99999.0
RE1,DEMINDELCBOI_MID,2032,99999.0
RE1,DEMINDELCBOI_MID,2033,99999.0
RE1,DEMINDELCBOI_MID,2034,99999.0
RE1,DEMINDELCBOI_MID,2035,99999.0
RE1,DEMINDELCBOI_MID,2036,99999.0
RE1,DEMINDELCBOI_MID,2037,99999.0
RE1,DEMINDELCBOI_MID,2038,99999.0
RE1,DEMINDELCBOI_MID,2039,99999.0
RE1,DEMINDELCBOI_MID,2040,99999.0
RE1,DEMINDELCBOI_MID,2041,99999.0
RE1,DEMINDELCBOI_MID,2042,99999.0
RE1,DEMINDELCBOI_MID,2043,99999.0
RE1,DEMINDELCBOI_MID,2044,99999.0
RE1,DEMINDELCBOI_MID,2045,99999.0
RE1,DEMINDELCBOI_MID,2046,99999.0
RE1,DEMINDELCBOI_MID,2047,99999.0
RE1,DEMINDELCBOI_MID,2048,99999.0
RE1,DEMINDELCBOI_MID,2049,99999.0
RE1,DEMINDELCBOI_MID,2050,99999.0
RE1,DEMINDELCBOI_MID,2051,99999.0
RE1,DEMINDELCBOI_MID,2052,99999.0
RE1,DEMINDELCBOI_MID,2053,99999.0
RE1,DEMINDELCBOI_MID,2054,99999.0
RE1,DEMINDELCBOI_MID,2055,99999.0
RE1,DEMINDELCFUR_HIG,2022,99999.0
RE1,DEMINDELCFUR_HIG,2023,99999.0
RE1,DEMINDELCFUR_HIG,2024,99999.0
RE1,DEMINDELCFUR_HIG,2025,99999.0
RE1,DEMINDELCFUR_HIG,2026,99999.0
RE1,DEMINDELCFUR_HIG,2027,99999.0
RE1,DEMINDELCFUR_HIG,2028,99999.0
RE1,DEMINDELCFUR_HIG,2029,99999.0
RE1,DEMINDELCFUR_HIG,2030,99999.0
RE1,DEMINDELCFUR_HIG,2031,99999.0
RE1,DEMINDELCFUR_HIG,2032,99999.0
RE1,DEMINDELCFUR_HIG,2033,99999.0
RE1,DEMINDELCFUR_HIG,2034,99999.0
RE1,DEMINDELCFUR_HIG,2035,99999.0
RE1,DEMINDELCFUR_HIG,2036,99999.0
RE1,DEMINDELCFUR_HIG,2037,99999.0
RE1,DEMINDELCFUR_HIG,2038,99999.0
RE1,DEMINDELCFUR_HIG,2039,99999.0
RE1,DEMINDELCFUR_HIG,2040,99999.0
RE1,DEMINDELCFUR_HIG,2041,99999.0
RE1,DEMINDELCFUR_HIG,2042,99999.0
RE1,DEMINDELCFUR_HIG,2043,99999.0
RE1,DEMINDELCFUR_HIG,2044,99999.0
RE1,DEMINDELCFUR_HIG,2045,99999.0
RE1,DEMINDELCFUR_HIG,2046,99999.0
RE1,DEMINDELCFUR_HIG,2047,99999.0
RE1,DEMINDELCFUR_HIG,2048,99999.0
RE1,DEMINDELCFUR_HIG,2049,99999.0
RE1,DEMINDELCFUR_HIG,2050,99999.0
RE1,DEMINDELCFUR_HIG,2051,99999.0
RE1,DEMINDELCFUR_HIG,2052,99999.0
RE1,DEMINDELCFUR_HIG,2053,99999.0
RE1,DEMINDELCFUR_HIG,2054,99999.0
RE1,DEMINDELCFUR_HIG,2055,99999.0
RE1,DEMINDELCFUR_LOW,2022,99999.0
RE1,DEMINDELCFUR_LOW,2023,99999.0
RE1,DEMINDELCFUR_LOW,2024,99999.0
RE1,DEMINDELCFUR_LOW,2025,99999.0
RE1,DEMINDELCFUR_LOW,2026,99999.0
RE1,DEMINDELCFUR_LOW,2027,99999.0
RE1,DEMINDELCFUR_LOW,2028,99999.0
RE1,DEMINDELCFUR_LOW,2029,99999.0
RE1,DEMINDELCFUR_LOW,2030,99999.0
RE1,DEMINDELCFUR_LOW,2031,99999.0
RE1,DEMINDELCFUR_LOW,2032,99999.0
RE1,DEMINDELCFUR_LOW,2033,99999.0
RE1,DEMINDELCFUR_LOW,2034,99999.0
RE1,DEMINDELCFUR_LOW,2035,99999.0
RE1,DEMINDELCFUR_LOW,2036,99999.0
RE1,DEMINDELCFUR_LOW,2037,99999.0
RE1,DEMINDELCFUR_LOW,2038,99999.0
RE1,DEMINDELCFUR_LOW,2039,99999.0
RE1,DEMINDELCFUR_LOW,2040,99999.0
RE1,DEMINDELCFUR_LOW,2041,99999.0
RE1,DEMINDELCFUR_LOW,2042,99999.0
RE1,DEMINDELCFUR_LOW,2043,99999.0
RE1,DEMINDELCFUR_LOW,2044,99999.0
RE1,DEMINDELCFUR_LOW,2045,99999.0
RE1,DEMINDELCFUR_LOW,2046,99999.0
RE1,DEMINDELCFUR_LOW,2047,99999.0
RE1,DEMINDELCFUR_LOW,2048,99999.0
RE1,DEMINDELCFUR_LOW,2049,99999.0
RE1,DEMINDELCFUR_LOW,2050,99999.0
RE1,DEMINDELCFUR_LOW,2051,99999.0
RE1,DEMINDELCFUR_LOW,2052,99999.0
RE1,DEMINDELCFUR_LOW,2053,99999.0
RE1,DEMINDELCFUR_LOW,2054,99999.0
RE1,DEMINDELCFUR_LOW,2055,99999.0
RE1,DEMINDELCFUR_MID,2022,99999.0
RE1,DEMINDELCFUR_MID,2023,99999.0
RE1,DEMINDELCFUR_MID,2024,99999.0
RE1,DEMINDELCFUR_MID,2025,99999.0
RE1,DEMINDELCFUR_MID,2026,99999.0
RE1,DEMINDELCFUR_MID,2027,99999.0
RE1,DEMINDELCFUR_MID,2028,99999.0
RE1,DEMINDELCFUR_MID,2029,99999.0
RE1,DEMINDELCFUR_MID,2030,99999.0
RE1,DEMINDELCFUR_MID,2031,99999.0
RE1,DEMINDELCFUR_MID,2032,99999.0
RE1,DEMINDELCFUR_MID,2033,99999.0
RE1,DEMINDELCFUR_MID,2034,99999.0
RE1,DEMINDELCFUR_MID,2035,99999.0
RE1,DEMINDELCFUR_MID,2036,99999.0
RE1,DEMINDELCFUR_MID,2037,99999.0
RE1,DEMINDELCFUR_MID,2038,99999.0
RE1,DEMINDELCFUR_MID,2039,99999.0
RE1,DEMINDELCFUR_MID,2040,99999.0
RE1,DEMINDELCFUR_MID,2041,99999.0
RE1,DEMINDELCFUR_MID,2042,99999.0
RE1,DEMINDELCFUR_MID,2043,99999.0
RE1,DEMINDELCFUR_MID,2044,99999.0
RE1,DEMINDELCFUR_MID,2045,99999.0
RE1,DEMINDELCFUR_MID,2046,99999.0
RE1,DEMINDELCFUR_MID,2047,99999.0
RE1,DEMINDELCFUR_MID,2048,99999.0
RE1,DEMINDELCFUR_MID,2049,99999.0
RE1,DEMINDELCFUR_MID,2050,99999.0
RE1,DEMINDELCFUR_MID,2051,99999.0
RE1,DEMINDELCFUR_MID,2052,99999.0
RE1,DEMINDELCFUR_MID,2053,99999.0
RE1,DEMINDELCFUR_MID,2054,99999.0
RE1,DEMINDELCFUR_MID,2055,99999.0
RE1,DEMINDELCILU_HIG,2022,99999.0
RE1,DEMINDELCILU_HIG,2023,99999.0
RE1,DEMINDELCILU_HIG,2024,99999.0
RE1,DEMINDELCILU_HIG,2025,99999.0
RE1,DEMINDELCILU_HIG,2026,99999.0
RE1,DEMINDELCILU_HIG,2027,99999.0
RE1,DEMINDELCILU_HIG,2028,99999.0
RE1,DEMINDELCILU_HIG,2029,99999.0
RE1,DEMINDELCILU_HIG,2030,99999.0
RE1,DEMINDELCILU_HIG,2031,99999.0
RE1,DEMINDELCILU_HIG,2032,99999.0
RE1,DEMINDELCILU_HIG,2033,99999.0
RE1,DEMINDELCILU_HIG,2034,99999.0
RE1,DEMINDELCILU_HIG,2035,99999.0
RE1,DEMINDELCILU_HIG,2036,99999.0
RE1,DEMINDELCILU_HIG,2037,99999.0
RE1,DEMINDELCILU_HIG,2038,99999.0
RE1,DEMINDELCILU_HIG,2039,99999.0
RE1,DEMINDELCILU_HIG,2040,99999.0
RE1,DEMINDELCILU_HIG,2041,99999.0
RE1,DEMINDELCILU_HIG,2042,99999.0
RE1,DEMINDELCILU_HIG,2043,99999.0
RE1,DEMINDELCILU_HIG,2044,99999.0
RE1,DEMINDELCILU_HIG,2045,99999.0
RE1,DEMINDELCILU_HIG,2046,99999.0
RE1,DEMINDELCILU_HIG,2047,99999.0
RE1,DEMINDELCILU_HIG,2048,99999.0
RE1,DEMINDELCILU_HIG,2049,99999.0
RE1,DEMINDELCILU_HIG,2050,99999.0
RE1,DEMINDELCILU_HIG,2051,99999.0
RE1,DEMINDELCILU_HIG,2052,99999.0
RE1,DEMINDELCILU_HIG,2053,99999.0
RE1,DEMINDELCILU_HIG,2054,99999.0
RE1,DEMINDELCILU_HIG,2055,99999.0
RE1,DEMINDELCILU_LOW,2022,99999.0
RE1,DEMINDELCILU_LOW,2023,99999.0
RE1,DEMINDELCILU_LOW,2024,99999.0
RE1,DEMINDELCILU_LOW,2025,99999.0
RE1,DEMINDELCILU_LOW,2026,99999.0
RE1,DEMINDELCILU_LOW,2027,99999.0
RE1,DEMINDELCILU_LOW,2028,99999.0
RE1,DEMINDELCILU_LOW,2029,99999.0
RE1,DEMINDELCILU_LOW,2030,99999.0
RE1,DEMINDELCILU_LOW,2031,99999.0
RE1,DEMINDELCILU_LOW,2032,99999.0
RE1,DEMINDELCILU_LOW,2033,99999.0
RE1,DEMINDELCILU_LOW,2034,99999.0
RE1,DEMINDELCILU_LOW,2035,99999.0
RE1,DEMINDELCILU_LOW,2036,99999.0
RE1,DEMINDELCILU_LOW,2037,99999.0
RE1,DEMINDELCILU_LOW,2038,99999.0
RE1,DEMINDELCILU_LOW,2039,99999.0
RE1,DEMINDELCILU_LOW,2040,99999.0
RE1,DEMINDELCILU_LOW,2041,99999.0
RE1,DEMINDELCILU_LOW,2042,99999.0
RE1,DEMINDELCILU_LOW,2043,99999.0
RE1,DEMINDELCILU_LOW,2044,99999.0
RE1,DEMINDELCILU_LOW,2045,99999.0
RE1,DEMINDELCILU_LOW,2046,99999.0
RE1,DEMINDELCILU_LOW,2047,99999.0
RE1,DEMINDELCILU_LOW,2048,99999.0
RE1,DEMINDELCILU_LOW,2049,99999.0
RE1,DEMINDELCILU_LOW,2050,99999.0
RE1,DEMINDELCILU_LOW,2051,99999.0
RE1,DEMINDELCILU_LOW,2052,99999.0
RE1,DEMINDELCILU_LOW,2053,99999.0
RE1,DEMINDELCILU_LOW,2054,99999.0
RE1,DEMINDELCILU_LOW,2055,99999.0
RE1,DEMINDELCILU_MID,2022,99999.0
RE1,DEMINDELCILU_MID,2023,99999.0
RE1,DEMINDELCILU_MID,2024,99999.0
RE1,DEMINDELCILU_MID,2025,99999.0
RE1,DEMINDELCILU_MID,2026,99999.0
RE1,DEMINDELCILU_MID,2027,99999.0
RE1,DEMINDELCILU_MID,2028,99999.0
RE1,DEMINDELCILU_MID,2029,99999.0
RE1,DEMINDELCILU_MID,2030,99999.0
RE1,DEMINDELCILU_MID,2031,99999.0
RE1,DEMINDELCILU_MID,2032,99999.0
RE1,DEMINDELCILU_MID,2033,99999.0
RE1,DEMINDELCILU_MID,2034,99999.0
RE1,DEMINDELCILU_MID,2035,99999.0
RE1,DEMINDELCILU_MID,2036,99999.0
RE1,DEMINDELCILU_MID,2037,99999.0
RE1,DEMINDELCILU_MID,2038,99999.0
RE1,DEMINDELCILU_MID,2039,99999.0
RE1,DEMINDELCILU_MID,2040,99999.0
RE1,DEMINDELCILU_MID,2041,99999.0
RE1,DEMINDELCILU_MID,2042,99999.0
RE1,DEMINDELCILU_MID,2043,99999.0
RE1,DEMINDELCILU_MID,2044,99999.0
RE1,DEMINDELCILU_MID,2045,99999.0
RE1,DEMINDELCILU_MID,2046,99999.0
RE1,DEMINDELCILU_MID,2047,99999.0
RE1,DEMINDELCILU_MID,2048,99999.0
RE1,DEMINDELCILU_MID,2049,99999.0
RE1,DEMINDELCILU_MID,2050,99999.0
RE1,DEMINDELCILU_MID,2051,99999.0
RE1,DEMINDELCILU_MID,2052,99999.0
RE1,DEMINDELCILU_MID,2053,99999.0
RE1,DEMINDELCILU_MID,2054,99999.0
RE1,DEMINDELCILU_MID,2055,99999.0
RE1,DEMINDELCMPW_HIG,2022,99999.0
RE1,DEMINDELCMPW_HIG,2023,99999.0
RE1,DEMINDELCMPW_HIG,2024,99999.0
RE1,DEMINDELCMPW_HIG,2025,99999.0
RE1,DEMINDELCMPW_HIG,2026,99999.0
RE1,DEMINDELCMPW_HIG,2027,99999.0
RE1,DEMINDELCMPW_HIG,2028,99999.0
RE1,DEMINDELCMPW_HIG,2029,99999.0
RE1,DEMINDELCMPW_HIG,2030,99999.0
RE1,DEMINDELCMPW_HIG,2031,99999.0
RE1,DEMINDELCMPW_HIG,2032,99999.0
RE1,DEMINDELCMPW_HIG,2033,99999.0
RE1,DEMINDELCMPW_HIG,2034,99999.0
RE1,DEMINDELCMPW_HIG,2035,99999.0
RE1,DEMINDELCMPW_HIG,2036,99999.0
RE1,DEMINDELCMPW_HIG,2037,99999.0
RE1,DEMINDELCMPW_HIG,2038,99999.0
RE1,DEMINDELCMPW_HIG,2039,99999.0
RE1,DEMINDELCMPW_HIG,2040,99999.0
RE1,DEMINDELCMPW_HIG,2041,99999.0
RE1,DEMINDELCMPW_HIG,2042,99999.0
RE1,DEMINDELCMPW_HIG,2043,99999.0
RE1,DEMINDELCMPW_HIG,2044,99999.0
RE1,DEMINDELCMPW_HIG,2045,99999.0
RE1,DEMINDELCMPW_HIG,2046,99999.0
RE1,DEMINDELCMPW_HIG,2047,99999.0
RE1,DEMINDELCMPW_HIG,2048,99999.0
RE1,DEMINDELCMPW_HIG,2049,99999.0
RE1,DEMINDELCMPW_HIG,2050,99999.0
RE1,DEMINDELCMPW_HIG,2051,99999.0
RE1,DEMINDELCMPW_HIG,2052,99999.0
RE1,DEMINDELCMPW_HIG,2053,99999.0
RE1,DEMINDELCMPW_HIG,2054,99999.0
RE1,DEMINDELCMPW_HIG,2055,99999.0
RE1,DEMINDELCMPW_LOW,2022,99999.0
RE1,DEMINDELCMPW_LOW,2023,99999.0
RE1,DEMINDELCMPW_LOW,2024,99999.0
RE1,DEMINDELCMPW_LOW,2025,99999.0
RE1,DEMINDELCMPW_LOW,2026,99999.0
RE1,DEMINDELCMPW_LOW,2027,99999.0
RE1,DEMINDELCMPW_LOW,2028,99999.0
RE1,DEMINDELCMPW_LOW,2029,99999.0
RE1,DEMINDELCMPW_LOW,2030,99999.0
RE1,DEMINDELCMPW_LOW,2031,99999.0
RE1,DEMINDELCMPW_LOW,2032,99999.0
RE1,DEMINDELCMPW_LOW,2033,99999.0
RE1,DEMINDELCMPW_LOW,2034,99999.0
RE1,DEMINDELCMPW_LOW,2035,99999.0
RE1,DEMINDELCMPW_LOW,2036,99999.0
RE1,DEMINDELCMPW_LOW,2037,99999.0
RE1,DEMINDELCMPW_LOW,2038,99999.0
RE1,DEMINDELCMPW_LOW,2039,99999.0
RE1,DEMINDELCMPW_LOW,2040,99999.0
RE1,DEMINDELCMPW_LOW,2041,99999.0
RE1,DEMINDELCMPW_LOW,2042,99999.0
RE1,DEMINDELCMPW_LOW,2043,99999.0
RE1,DEMINDELCMPW_LOW,2044,99999.0
RE1,DEMINDELCMPW_LOW,2045,99999.0
RE1,DEMINDELCMPW_LOW,2046,99999.0
RE1,DEMINDELCMPW_LOW,2047,99999.0
RE1,DEMINDELCMPW_LOW,2048,99999.0
RE1,DEMINDELCMPW_LOW,2049,99999.0
RE1,DEMINDELCMPW_LOW,2050,99999.0
RE1,DEMINDELCMPW_LOW,2051,99999.0
RE1,DEMINDELCMPW_LOW,2052,99999.0
RE1,DEMINDELCMPW_LOW,2053,99999.0
RE1,DEMINDELCMPW_LOW,2054,99999.0
RE1,DEMINDELCMPW_LOW,2055,99999.0
RE1,DEMINDELCMPW_MID,2022,99999.0
RE1,DEMINDELCMPW_MID,2023,99999.0
RE1,DEMINDELCMPW_MID,2024,99999.0
RE1,DEMINDELCMPW_MID,2025,99999.0
RE1,DEMINDELCMPW_MID,2026,99999.0
RE1,DEMINDELCMPW_MID,2027,99999.0
RE1,DEMINDELCMPW_MID,2028,99999.0
RE1,DEMINDELCMPW_MID,2029,99999.0
RE1,DEMINDELCMPW_MID,2030,99999.0
RE1,DEMINDELCMPW_MID,2031,99999.0
RE1,DEMINDELCMPW_MID,2032,99999.0
RE1,DEMINDELCMPW_MID,2033,99999.0
RE1,DEMINDELCMPW_MID,2034,99999.0
RE1,DEMINDELCMPW_MID,2035,99999.0
RE1,DEMINDELCMPW_MID,2036,99999.0
RE1,DEMINDELCMPW_MID,2037,99999.0
RE1,DEMINDELCMPW_MID,2038,99999.0
RE1,DEMINDELCMPW_MID,2039,99999.0
RE1,DEMINDELCMPW_MID,2040,99999.0
RE1,DEMINDELCMPW_MID,2041,99999.0
RE1,DEMINDELCMPW_MID,2042,99999.0
RE1,DEMINDELCMPW_MID,2043,99999.0
RE1,DEMINDELCMPW_MID,2044,99999.0
RE1,DEMINDELCMPW_MID,2045,99999.0
RE1,DEMINDELCMPW_MID,2046,99999.0
RE1,DEMINDELCMPW_MID,2047,99999.0
RE1,DEMINDELCMPW_MID,2048,99999.0
RE1,DEMINDELCMPW_MID,2049,99999.0
RE1,DEMINDELCMPW_MID,2050,99999.0
RE1,DEMINDELCMPW_MID,2051,99999.0
RE1,DEMINDELCMPW_MID,2052,99999.0
RE1,DEMINDELCMPW_MID,2053,99999.0
RE1,DEMINDELCMPW_MID,2054,99999.0
RE1,DEMINDELCMPW_MID,2055,99999.0
RE1,DEMINDELCOTH_HIG,2022,99999.0
RE1,DEMINDELCOTH_HIG,2023,99999.0
RE1,DEMINDELCOTH_HIG,2024,99999.0
RE1,DEMINDELCOTH_HIG,2025,99999.0
RE1,DEMINDELCOTH_HIG,2026,99999.0
RE1,DEMINDELCOTH_HIG,2027,99999.0
RE1,DEMINDELCOTH_HIG,2028,99999.0
RE1,DEMINDELCOTH_HIG,2029,99999.0
RE1,DEMINDELCOTH_HIG,2030,99999.0
RE1,DEMINDELCOTH_HIG,2031,99999.0
RE1,DEMINDELCOTH_HIG,2032,99999.0
RE1,DEMINDELCOTH_HIG,2033,99999.0
RE1,DEMINDELCOTH_HIG,2034,99999.0
RE1,DEMINDELCOTH_HIG,2035,99999.0
RE1,DEMINDELCOTH_HIG,2036,99999.0
RE1,DEMINDELCOTH_HIG,2037,99999.0
RE1,DEMINDELCOTH_HIG,2038,99999.0
RE1,DEMINDELCOTH_HIG,2039,99999.0
RE1,DEMINDELCOTH_HIG,2040,99999.0
RE1,DEMINDELCOTH_HIG,2041,99999.0
RE1,DEMINDELCOTH_HIG,2042,99999.0
RE1,DEMINDELCOTH_HIG,2043,99999.0
RE1,DEMINDELCOTH_HIG,2044,99999.0
RE1,DEMINDELCOTH_HIG,2045,99999.0
RE1,DEMINDELCOTH_HIG,2046,99999.0
RE1,DEMINDELCOTH_HIG,2047,99999.0
RE1,DEMINDELCOTH_HIG,2048,99999.0
RE1,DEMINDELCOTH_HIG,2049,99999.0
RE1,DEMINDELCOTH_HIG,2050,99999.0
RE1,DEMINDELCOTH_HIG,2051,99999.0
RE1,DEMINDELCOTH_HIG,2052,99999.0
RE1,DEMINDELCOTH_HIG,2053,99999.0
RE1,DEMINDELCOTH_HIG,2054,99999.0
RE1,DEMINDELCOTH_HIG,2055,99999.0
RE1,DEMINDELCOTH_LOW,2022,99999.0
RE1,DEMINDELCOTH_LOW,2023,99999.0
RE1,DEMINDELCOTH_LOW,2024,99999.0
RE1,DEMINDELCOTH_LOW,2025,99999.0
RE1,DEMINDELCOTH_LOW,2026,99999.0
RE1,DEMINDELCOTH_LOW,2027,99999.0
RE1,DEMINDELCOTH_LOW,2028,99999.0
RE1,DEMINDELCOTH_LOW,2029,99999.0
RE1,DEMINDELCOTH_LOW,2030,99999.0
RE1,DEMINDELCOTH_LOW,2031,99999.0
RE1,DEMINDELCOTH_LOW,2032,99999.0
RE1,DEMINDELCOTH_LOW,2033,99999.0
RE1,DEMINDELCOTH_LOW,2034,99999.0
RE1,DEMINDELCOTH_LOW,2035,99999.0
RE1,DEMINDELCOTH_LOW,2036,99999.0
RE1,DEMINDELCOTH_LOW,2037,99999.0
RE1,DEMINDELCOTH_LOW,2038,99999.0
RE1,DEMINDELCOTH_LOW,2039,99999.0
RE1,DEMINDELCOTH_LOW,2040,99999.0
RE1,DEMINDELCOTH_LOW,2041,99999.0
RE1,DEMINDELCOTH_LOW,2042,99999.0
RE1,DEMINDELCOTH_LOW,2043,99999.0
RE1,DEMINDELCOTH_LOW,2044,99999.0
RE1,DEMINDELCOTH_LOW,2045,99999.0
RE1,DEMINDELCOTH_LOW,2046,99999.0
RE1,DEMINDELCOTH_LOW,2047,99999.0
RE1,DEMINDELCOTH_LOW,2048,99999.0
RE1,DEMINDELCOTH_LOW,2049,99999.0
RE1,DEMINDELCOTH_LOW,2050,99999.0
RE1,DEMINDELCOTH_LOW,2051,99999.0
RE1,DEMINDELCOTH_LOW,2052,99999.0
RE1,DEMINDELCOTH_LOW,2053,99999.0
RE1,DEMINDELCOTH_LOW,2054,99999.0
RE1,DEMINDELCOTH_LOW,2055,99999.0
RE1,DEMINDELCOTH_MID,2022,99999.0
RE1,DEMINDELCOTH_MID,2023,99999.0
RE1,DEMINDELCOTH_MID,2024,99999.0
RE1,DEMINDELCOTH_MID,2025,99999.0
RE1,DEMINDELCOTH_MID,2026,99999.0
RE1,DEMINDELCOTH_MID,2027,99999.0
RE1,DEMINDELCOTH_MID,2028,99999.0
RE1,DEMINDELCOTH_MID,2029,99999.0
RE1,DEMINDELCOTH_MID,2030,99999.0
RE1,DEMINDELCOTH_MID,2031,99999.0
RE1,DEMINDELCOTH_MID,2032,99999.0
RE1,DEMINDELCOTH_MID,2033,99999.0
RE1,DEMINDELCOTH_MID,2034,99999.0
RE1,DEMINDELCOTH_MID,2035,99999.0
RE1,DEMINDELCOTH_MID,2036,99999.0
RE1,DEMINDELCOTH_MID,2037,99999.0
RE1,DEMINDELCOTH_MID,2038,99999.0
RE1,DEMINDELCOTH_MID,2039,99999.0
RE1,DEMINDELCOTH_MID,2040,99999.0
RE1,DEMINDELCOTH_MID,2041,99999.0
RE1,DEMINDELCOTH_MID,2042,99999.0
RE1,DEMINDELCOTH_MID,2043,99999.0
RE1,DEMINDELCOTH_MID,2044,99999.0
RE1,DEMINDELCOTH_MID,2045,99999.0
RE1,DEMINDELCOTH_MID,2046,99999.0
RE1,DEMINDELCOTH_MID,2047,99999.0
RE1,DEMINDELCOTH_MID,2048,99999.0
RE1,DEMINDELCOTH_MID,2049,99999.0
RE1,DEMINDELCOTH_MID,2050,99999.0
RE1,DEMINDELCOTH_MID,2051,99999.0
RE1,DEMINDELCOTH_MID,2052,99999.0
RE1,DEMINDELCOTH_MID,2053,99999.0
RE1,DEMINDELCOTH_MID,2054,99999.0
RE1,DEMINDELCOTH_MID,2055,99999.0
RE1,DEMINDELCREF_HIG,2022,99999.0
RE1,DEMINDELCREF_HIG,2023,99999.0
RE1,DEMINDELCREF_HIG,2024,99999.0
RE1,DEMINDELCREF_HIG,2025,99999.0
RE1,DEMINDELCREF_HIG,2026,99999.0
RE1,DEMINDELCREF_HIG,2027,99999.0
RE1,DEMINDELCREF_HIG,2028,99999.0
RE1,DEMINDELCREF_HIG,2029,99999.0
RE1,DEMINDELCREF_HIG,2030,99999.0
RE1,DEMINDELCREF_HIG,2031,99999.0
RE1,DEMINDELCREF_HIG,2032,99999.0
RE1,DEMINDELCREF_HIG,2033,99999.0
RE1,DEMINDELCREF_HIG,2034,99999.0
RE1,DEMINDELCREF_HIG,2035,99999.0
RE1,DEMINDELCREF_HIG,2036,99999.0
RE1,DEMINDELCREF_HIG,2037,99999.0
RE1,DEMINDELCREF_HIG,2038,99999.0
RE1,DEMINDELCREF_HIG,2039,99999.0
RE1,DEMINDELCREF_HIG,2040,99999.0
RE1,DEMINDELCREF_HIG,2041,99999.0
RE1,DEMINDELCREF_HIG,2042,99999.0
RE1,DEMINDELCREF_HIG,2043,99999.0
RE1,DEMINDELCREF_HIG,2044,99999.0
RE1,DEMINDELCREF_HIG,2045,99999.0
RE1,DEMINDELCREF_HIG,2046,99999.0
RE1,DEMINDELCREF_HIG,2047,99999.0
RE1,DEMINDELCREF_HIG,2048,99999.0
RE1,DEMINDELCREF_HIG,2049,99999.0
RE1,DEMINDELCREF_HIG,2050,99999.0
RE1,DEMINDELCREF_HIG,2051,99999.0
RE1,DEMINDELCREF_HIG,2052,99999.0
RE1,DEMINDELCREF_HIG,2053,99999.0
RE1,DEMINDELCREF_HIG,2054,99999.0
RE1,DEMINDELCREF_HIG,2055,99999.0
RE1,DEMINDELCREF_LOW,2022,99999.0
RE1,DEMINDELCREF_LOW,2023,99999.0
RE1,DEMINDELCREF_LOW,2024,99999.0
RE1,DEMINDELCREF_LOW,2025,99999.0
RE1,DEMINDELCREF_LOW,2026,99999.0
RE1,DEMINDELCREF_LOW,2027,99999.0
RE1,DEMINDELCREF_LOW,2028,99999.0
RE1,DEMINDELCREF_LOW,2029,99999.0
RE1,DEMINDELCREF_LOW,2030,99999.0
RE1,DEMINDELCREF_LOW,2031,99999.0
RE1,DEMINDELCREF_LOW,2032,99999.0
RE1,DEMINDELCREF_LOW,2033,99999.0
RE1,DEMINDELCREF_LOW,2034,99999.0
RE1,DEMINDELCREF_LOW,2035,99999.0
RE1,DEMINDELCREF_LOW,2036,99999.0
RE1,DEMINDELCREF_LOW,2037,99999.0
RE1,DEMINDELCREF_LOW,2038,99999.0
RE1,DEMINDELCREF_LOW,2039,99999.0
RE1,DEMINDELCREF_LOW,2040,99999.0
RE1,DEMINDELCREF_LOW,2041,99999.0
RE1,DEMINDELCREF_LOW,2042,99999.0
RE1,DEMINDELCREF_LOW,2043,99999.0
RE1,DEMINDELCREF_LOW,2044,99999.0
RE1,DEMINDELCREF_LOW,2045,99999.0
RE1,DEMINDELCREF_LOW,2046,99999.0
RE1,DEMINDELCREF_LOW,2047,99999.0
RE1,DEMINDELCREF_LOW,2048,99999.0
RE1,DEMINDELCREF_LOW,2049,99999.0
RE1,DEMINDELCREF_LOW,2050,99999.0
RE1,DEMINDELCREF_LOW,2051,99999.0
RE1,DEMINDELCREF_LOW,2052,99999.0
RE1,DEMINDELCREF_LOW,2053,99999.0
RE1,DEMINDELCREF_LOW,2054,99999.0
RE1,DEMINDELCREF_LOW,2055,99999.0
RE1,DEMINDELCREF_MID,2022,99999.0
RE1,DEMINDELCREF_MID,2023,99999.0
RE1,DEMINDELCREF_MID,2024,99999.0
RE1,DEMINDELCREF_MID,2025,99999.0
RE1,DEMINDELCREF_MID,2026,99999.0
RE1,DEMINDELCREF_MID,2027,99999.0
RE1,DEMINDELCREF_MID,2028,99999.0
RE1,DEMINDELCREF_MID,2029,99999.0
RE1,DEMINDELCREF_MID,2030,99999.0
RE1,DEMINDELCREF_MID,2031,99999.0
RE1,DEMINDELCREF_MID,2032,99999.0
RE1,DEMINDELCREF_MID,2033,99999.0
RE1,DEMINDELCREF_MID,2034,99999.0
RE1,DEMINDELCREF_MID,2035,99999.0
RE1,DEMINDELCREF_MID,2036,99999.0
RE1,DEMINDELCREF_MID,2037,99999.0
RE1,DEMINDELCREF_MID,2038,99999.0
RE1,DEMINDELCREF_MID,2039,99999.0
RE1,DEMINDELCREF_MID,2040,99999.0
RE1,DEMINDELCREF_MID,2041,99999.0
RE1,DEMINDELCREF_MID,2042,99999.0
RE1,DEMINDELCREF_MID,2043,99999.0
RE1,DEMINDELCREF_MID,2044,99999.0
RE1,DEMINDELCREF_MID,2045,99999.0
RE1,DEMINDELCREF_MID,2046,99999.0
RE1,DEMINDELCREF_MID,2047,99999.0
RE1,DEMINDELCREF_MID,2048,99999.0
RE1,DEMINDELCREF_MID,2049,99999.0
RE1,DEMINDELCREF_MID,2050,99999.0
RE1,DEMINDELCREF_MID,2051,99999.0
RE1,DEMINDELCREF_MID,2052,99999.0
RE1,DEMINDELCREF_MID,2053,99999.0
RE1,DEMINDELCREF_MID,2054,99999.0
RE1,DEMINDELCREF_MID,2055,99999.0
RE1,DEMINDHDGBOI_HIG,2022,99999.0
RE1,DEMINDHDGBOI_HIG,2023,99999.0
RE1,DEMINDHDGBOI_HIG,2024,99999.0
RE1,DEMINDHDGBOI_HIG,2025,99999.0
RE1,DEMINDHDGBOI_HIG,2026,99999.0
RE1,DEMINDHDGBOI_HIG,2027,99999.0
RE1,DEMINDHDGBOI_HIG,2028,99999.0
RE1,DEMINDHDGBOI_HIG,2029,99999.0
RE1,DEMINDHDGBOI_HIG,2030,99999.0
RE1,DEMINDHDGBOI_HIG,2031,99999.0
RE1,DEMINDHDGBOI_HIG,2032,99999.0
RE1,DEMINDHDGBOI_HIG,2033,99999.0
RE1,DEMINDHDGBOI_HIG,2034,99999.0
RE1,DEMINDHDGBOI_HIG,2035,99999.0
RE1,DEMINDHDGBOI_HIG,2036,99999.0
RE1,DEMINDHDGBOI_HIG,2037,99999.0
RE1,DEMINDHDGBOI_HIG,2038,99999.0
RE1,DEMINDHDGBOI_HIG,2039,99999.0
RE1,DEMINDHDGBOI_HIG,2040,99999.0
RE1,DEMINDHDGBOI_HIG,2041,99999.0
RE1,DEMINDHDGBOI_HIG,2042,99999.0
RE1,DEMINDHDGBOI_HIG,2043,99999.0
RE1,DEMINDHDGBOI_HIG,2044,99999.0
RE1,DEMINDHDGBOI_HIG,2045,99999.0
RE1,DEMINDHDGBOI_HIG,2046,99999.0
RE1,DEMINDHDGBOI_HIG,2047,99999.0
RE1,DEMINDHDGBOI_HIG,2048,99999.0
RE1,DEMINDHDGBOI_HIG,2049,99999.0
RE1,DEMINDHDGBOI_HIG,2050,99999.0
RE1,DEMINDHDGBOI_HIG,2051,99999.0
RE1,DEMINDHDGBOI_HIG,2052,99999.0
RE1,DEMINDHDGBOI_HIG,2053,99999.0
RE1,DEMINDHDGBOI_HIG,2054,99999.0
RE1,DEMINDHDGBOI_HIG,2055,99999.0
RE1,DEMINDHDGBOI_LOW,2022,99999.0
RE1,DEMINDHDGBOI_LOW,2023,99999.0
RE1,DEMINDHDGBOI_LOW,2024,99999.0
RE1,DEMINDHDGBOI_LOW,2025,99999.0
RE1,DEMINDHDGBOI_LOW,2026,99999.0
RE1,DEMINDHDGBOI_LOW,2027,99999.0
RE1,DEMINDHDGBOI_LOW,2028,99999.0
RE1,DEMINDHDGBOI_LOW,2029,99999.0
RE1,DEMINDHDGBOI_LOW,2030,99999.0
RE1,DEMINDHDGBOI_LOW,2031,99999.0
RE1,DEMINDHDGBOI_LOW,2032,99999.0
RE1,DEMINDHDGBOI_LOW,2033,99999.0
RE1,DEMINDHDGBOI_LOW,2034,99999.0
RE1,DEMINDHDGBOI_LOW,2035,99999.0
RE1,DEMINDHDGBOI_LOW,2036,99999.0
RE1,DEMINDHDGBOI_LOW,2037,99999.0
RE1,DEMINDHDGBOI_LOW,2038,99999.0
RE1,DEMINDHDGBOI_LOW,2039,99999.0
RE1,DEMINDHDGBOI_LOW,2040,99999.0
RE1,DEMINDHDGBOI_LOW,2041,99999.0
RE1,DEMINDHDGBOI_LOW,2042,99999.0
RE1,DEMINDHDGBOI_LOW,2043,99999.0
RE1,DEMINDHDGBOI_LOW,2044,99999.0
RE1,DEMINDHDGBOI_LOW,2045,99999.0
RE1,DEMINDHDGBOI_LOW,2046,99999.0
RE1,DEMINDHDGBOI_LOW,2047,99999.0
RE1,DEMINDHDGBOI_LOW,2048,99999.0
RE1,DEMINDHDGBOI_LOW,2049,99999.0
RE1,DEMINDHDGBOI_LOW,2050,99999.0
RE1,DEMINDHDGBOI_LOW,2051,99999.0
RE1,DEMINDHDGBOI_LOW,2052,99999.0
RE1,DEMINDHDGBOI_LOW,2053,99999.0
RE1,DEMINDHDGBOI_LOW,2054,99999.0
RE1,DEMINDHDGBOI_LOW,2055,99999.0
RE1,DEMINDLPGBOI_HIG,2022,99999.0
RE1,DEMINDLPGBOI_HIG,2023,99999.0
RE1,DEMINDLPGBOI_HIG,2024,99999.0
RE1,DEMINDLPGBOI_HIG,2025,99999.0
RE1,DEMINDLPGBOI_HIG,2026,99999.0
RE1,DEMINDLPGBOI_HIG,2027,99999.0
RE1,DEMINDLPGBOI_HIG,2028,99999.0
RE1,DEMINDLPGBOI_HIG,2029,99999.0
RE1,DEMINDLPGBOI_HIG,2030,99999.0
RE1,DEMINDLPGBOI_HIG,2031,99999.0
RE1,DEMINDLPGBOI_HIG,2032,99999.0
RE1,DEMINDLPGBOI_HIG,2033,99999.0
RE1,DEMINDLPGBOI_HIG,2034,99999.0
RE1,DEMINDLPGBOI_HIG,2035,99999.0
RE1,DEMINDLPGBOI_HIG,2036,99999.0
RE1,DEMINDLPGBOI_HIG,2037,99999.0
RE1,DEMINDLPGBOI_HIG,2038,99999.0
RE1,DEMINDLPGBOI_HIG,2039,99999.0
RE1,DEMINDLPGBOI_HIG,2040,99999.0
RE1,DEMINDLPGBOI_HIG,2041,99999.0
RE1,DEMINDLPGBOI_HIG,2042,99999.0
RE1,DEMINDLPGBOI_HIG,2043,99999.0
RE1,DEMINDLPGBOI_HIG,2044,99999.0
RE1,DEMINDLPGBOI_HIG,2045,99999.0
RE1,DEMINDLPGBOI_HIG,2046,99999.0
RE1,DEMINDLPGBOI_HIG,2047,99999.0
RE1,DEMINDLPGBOI_HIG,2048,99999.0
RE1,DEMINDLPGBOI_HIG,2049,99999.0
RE1,DEMINDLPGBOI_HIG,2050,0.0056570032182033
RE1,DEMINDLPGBOI_HIG,2051,0.004840289296812
RE1,DEMINDLPGBOI_HIG,2052,0.0040504181749851
RE1,DEMINDLPGBOI_HIG,2053,0.0033073050317923
RE1,DEMINDLPGBOI_HIG,2054,0.002628634450513
RE1,DEMINDLPGBOI_HIG,2055,0.002628634450513
RE1,DEMINDLPGBOI_LOW,2022,0.5975337357457609
RE1,DEMINDLPGBOI_LOW,2023,0.6003331862804503
RE1,DEMINDLPGBOI_LOW,2024,0.5813886849317187
RE1,DEMINDLPGBOI_LOW,2025,0.5813641857765864
RE1,DEMINDLPGBOI_LOW,2026,0.5813139226756742
RE1,DEMINDLPGBOI_LOW,2027,0.5812026703164663
RE1,DEMINDLPGBOI_LOW,2028,0.5809867087493565
RE1,DEMINDLPGBOI_LOW,2029,0.5806052238076079
RE1,DEMINDLPGBOI_LOW,2030,0.5799776255588196
RE1,DEMINDLPGBOI_LOW,2031,0.5790010550913538
RE1,DEMINDLPGBOI_LOW,2032,0.5775482062885565
RE1,DEMINDLPGBOI_LOW,2033,0.5754656425313516
RE1,DEMINDLPGBOI_LOW,2034,0.5725728514928716
RE1,DEMINDLPGBOI_LOW,2035,0.5686623515795296
RE1,DEMINDLPGBOI_LOW,2036,0.5635012355843179
RE1,DEMINDLPGBOI_LOW,2037,0.556834601425124
RE1,DEMINDLPGBOI_LOW,2038,0.5483913623662542
RE1,DEMINDLPGBOI_LOW,2039,0.5378929303699813
RE1,DEMINDLPGBOI_LOW,2040,0.5250652013796232
RE1,DEMINDLPGBOI_LOW,2041,0.5096541117509125
RE1,DEMINDLPGBOI_LOW,2042,0.4914447519125977
RE1,DEMINDLPGBOI_LOW,2043,0.4702835942579272
RE1,DEMINDLPGBOI_LOW,2044,0.4461028112127954
RE1,DEMINDLPGBOI_LOW,2045,0.4189449496360967
RE1,DEMINDLPGBOI_LOW,2046,0.3889854557714704
RE1,DEMINDLPGBOI_LOW,2047,0.356549832170542
RE1,DEMINDLPGBOI_LOW,2048,0.3221217327674783
RE1,DEMINDLPGBOI_LOW,2049,0.2863382858403541
RE1,DEMINDLPGBOI_LOW,2050,0.2499696024856876
RE1,DEMINDLPGBOI_LOW,2051,0.2138809445160804
RE1,DEMINDLPGBOI_LOW,2052,0.1789784064191121
RE1,DEMINDLPGBOI_LOW,2053,0.1461419928904698
RE1,DEMINDLPGBOI_LOW,2054,0.1161531438696289
RE1,DEMINDLPGBOI_LOW,2055,0.1161531438696289
RE1,DEMINDLPGBOI_MID,2022,0.0041175743611915
RE1,DEMINDLPGBOI_MID,2023,0.0056690096986222
RE1,DEMINDLPGBOI_MID,2024,0.0131572704400091
RE1,DEMINDLPGBOI_MID,2025,0.0131567160053976
RE1,DEMINDLPGBOI_MID,2026,0.0131555785129954
RE1,DEMINDLPGBOI_MID,2027,0.0131530607870486
RE1,DEMINDLPGBOI_MID,2028,0.0131481734116718
RE1,DEMINDLPGBOI_MID,2029,0.0131395401157762
RE1,DEMINDLPGBOI_MID,2030,0.0131253370875766
RE1,DEMINDLPGBOI_MID,2031,0.0131032365512621
RE1,DEMINDLPGBOI_MID,2032,0.0130703574720811
RE1,DEMINDLPGBOI_MID,2033,0.013023227462034
RE1,DEMINDLPGBOI_MID,2034,0.0129577613891533
RE1,DEMINDLPGBOI_MID,2035,0.0128692637863465
RE1,DEMINDLPGBOI_MID,2036,0.01275246378545
RE1,DEMINDLPGBOI_MID,2037,0.0126015927574605
RE1,DEMINDLPGBOI_MID,2038,0.0124105158022902
RE1,DEMINDLPGBOI_MID,2039,0.0121729282596513
RE1,DEMINDLPGBOI_MID,2040,0.011882626945175
RE1,DEMINDLPGBOI_MID,2041,0.0115338622043477
RE1,DEMINDLPGBOI_MID,2042,0.0111217704692629
RE1,DEMINDLPGBOI_MID,2043,0.0106428772928007
RE1,DEMINDLPGBOI_MID,2044,0.0100956476851014
RE1,DEMINDLPGBOI_MID,2045,0.009481044514111
RE1,DEMINDLPGBOI_MID,2046,0.0088030382624603
RE1,DEMINDLPGBOI_MID,2047,0.0080689953017552
RE1,DEMINDLPGBOI_MID,2048,0.0072898610903028
RE1,DEMINDLPGBOI_MID,2049,0.0064800543281516
RE1,DEMINDLPGBOI_MID,2050,0.0056570032182033
RE1,DEMINDLPGBOI_MID,2051,0.004840289296812
RE1,DEMINDLPGBOI_MID,2052,0.0040504181749851
RE1,DEMINDLPGBOI_MID,2053,0.0033073050317923
RE1,DEMINDLPGBOI_MID,2054,0.002628634450513
RE1,DEMINDLPGBOI_MID,2055,0.002628634450513
RE1,DEMINDLPGFUR_HIG,2022,99999.0
RE1,DEMINDLPGFUR_HIG,2023,99999.0
RE1,DEMINDLPGFUR_HIG,2024,99999.0
RE1,DEMINDLPGFUR_HIG,2025,99999.0
RE1,DEMINDLPGFUR_HIG,2026,99999.0
RE1,DEMINDLPGFUR_HIG,2027,99999.0
RE1,DEMINDLPGFUR_HIG,2028,99999.0
RE1,DEMINDLPGFUR_HIG,2029,99999.0
RE1,DEMINDLPGFUR_HIG,2030,99999.0
RE1,DEMINDLPGFUR_HIG,2031,99999.0
RE1,DEMINDLPGFUR_HIG,2032,99999.0
RE1,DEMINDLPGFUR_HIG,2033,99999.0
RE1,DEMINDLPGFUR_HIG,2034,99999.0
RE1,DEMINDLPGFUR_HIG,2035,99999.0
RE1,DEMINDLPGFUR_HIG,2036,99999.0
RE1,DEMINDLPGFUR_HIG,2037,99999.0
RE1,DEMINDLPGFUR_HIG,2038,99999.0
RE1,DEMINDLPGFUR_HIG,2039,99999.0
RE1,DEMINDLPGFUR_HIG,2040,99999.0
RE1,DEMINDLPGFUR_HIG,2041,99999.0
RE1,DEMINDLPGFUR_HIG,2042,99999.0
RE1,DEMINDLPGFUR_HIG,2043,99999.0
RE1,DEMINDLPGFUR_HIG,2044,99999.0
RE1,DEMINDLPGFUR_HIG,2045,99999.0
RE1,DEMINDLPGFUR_HIG,2046,99999.0
RE1,DEMINDLPGFUR_HIG,2047,99999.0
RE1,DEMINDLPGFUR_HIG,2048,99999.0
RE1,DEMINDLPGFUR_HIG,2049,99999.0
RE1,DEMINDLPGFUR_HIG,2050,0.035735233966534
RE1,DEMINDLPGFUR_HIG,2051,0.0332481330004124
RE1,DEMINDLPGFUR_HIG,2052,0.030617536717513
RE1,DEMINDLPGFUR_HIG,2053,0.0278768651068921
RE1,DEMINDLPGFUR_HIG,2054,0.0250666278325223
RE1,DEMINDLPGFUR_HIG,2055,0.0250666278325223
RE1,DEMINDLPGFUR_LOW,2022,2.401314548782152
RE1,DEMINDLPGFUR_LOW,2023,2.410988529376117
RE1,DEMINDLPGFUR_LOW,2024,2.333461383164325
RE1,DEMINDLPGFUR_LOW,2025,2.333415888955231
RE1,DEMINDLPGFUR_LOW,2026,2.333322548633165
RE1,DEMINDLPGFUR_LOW,2027,2.333115933719215
RE1,DEMINDLPGFUR_LOW,2028,2.332714794982192
RE1,DEMINDLPGFUR_LOW,2029,2.332006008327407
RE1,DEMINDLPGFUR_LOW,2030,2.330839406432593
RE1,DEMINDLPGFUR_LOW,2031,2.329022772825781
RE1,DEMINDLPGFUR_LOW,2032,2.32631710853737
RE1,DEMINDLPGFUR_LOW,2033,2.322432329296217
RE1,DEMINDLPGFUR_LOW,2034,2.317023610011257
RE1,DEMINDLPGFUR_LOW,2035,2.30968866265855
RE1,DEMINDLPGFUR_LOW,2036,2.299966312161986
RE1,DEMINDLPGFUR_LOW,2037,2.287336819203359
RE1,DEMINDLPGFUR_LOW,2038,2.271224483619638
RE1,DEMINDLPGFUR_LOW,2039,2.251003138690169
RE1,DEMINDLPGFUR_LOW,2040,2.226005203159773
RE1,DEMINDLPGFUR_LOW,2041,2.195534978229834
RE1,DEMINDLPGFUR_LOW,2042,2.158886840810911
RE1,DEMINDLPGFUR_LOW,2043,2.115368868367327
RE1,DEMINDLPGFUR_LOW,2044,2.064332209058009
RE1,DEMINDLPGFUR_LOW,2045,2.00520615900111
RE1,DEMINDLPGFUR_LOW,2046,1.937538407546241
RE1,DEMINDLPGFUR_LOW,2047,1.861039254992851
RE1,DEMINDLPGFUR_LOW,2048,1.775627809489069
RE1,DEMINDLPGFUR_LOW,2049,1.681477274987504
RE1,DEMINDLPGFUR_LOW,2050,1.579055532548294
RE1,DEMINDLPGFUR_LOW,2051,1.469156418854557
RE1,DEMINDLPGFUR_LOW,2052,1.352916586248354
RE1,DEMINDLPGFUR_LOW,2053,1.2318127850615
RE1,DEMINDLPGFUR_LOW,2054,1.107635041604639
RE1,DEMINDLPGFUR_LOW,2055,1.107635041604639
RE1,DEMINDLPGFUR_MID,2022,0.0165473355355934
RE1,DEMINDLPGFUR_MID,2023,0.022767219384499
RE1,DEMINDLPGFUR_MID,2024,0.0528080151460404
RE1,DEMINDLPGFUR_MID,2025,0.0528069855773061
RE1,DEMINDLPGFUR_MID,2026,0.0528048732144545
RE1,DEMINDLPGFUR_MID,2027,0.0528001973609846
RE1,DEMINDLPGFUR_MID,2028,0.0527911192846757
RE1,DEMINDLPGFUR_MID,2029,0.0527750789007759
RE1,DEMINDLPGFUR_MID,2030,0.0527486778079722
RE1,DEMINDLPGFUR_MID,2031,0.0527075660005451
RE1,DEMINDLPGFUR_MID,2032,0.052646334749086
RE1,DEMINDLPGFUR_MID,2033,0.0525584192247555
RE1,DEMINDLPGFUR_MID,2034,0.0524360157721072
RE1,DEMINDLPGFUR_MID,2035,0.0522700203055905
RE1,DEMINDLPGFUR_MID,2036,0.0520499960806421
RE1,DEMINDLPGFUR_MID,2037,0.0517641809991251
RE1,DEMINDLPGFUR_MID,2038,0.0513995465261991
RE1,DEMINDLPGFUR_MID,2039,0.0509419220302408
RE1,DEMINDLPGFUR_MID,2040,0.0503761996370471
RE1,DEMINDLPGFUR_MID,2041,0.0496866351509095
RE1,DEMINDLPGFUR_MID,2042,0.0488572597818309
RE1,DEMINDLPGFUR_MID,2043,0.0478724147938203
RE1,DEMINDLPGFUR_MID,2044,0.0467174161736353
RE1,DEMINDLPGFUR_MID,2045,0.0453793484560988
RE1,DEMINDLPGFUR_MID,2046,0.0438479755053789
RE1,DEMINDLPGFUR_MID,2047,0.0421167411957626
RE1,DEMINDLPGFUR_MID,2048,0.0401838148827964
RE1,DEMINDLPGFUR_MID,2049,0.0380531163043506
RE1,DEMINDLPGFUR_MID,2050,0.035735233966534
RE1,DEMINDLPGFUR_MID,2051,0.0332481330004124
RE1,DEMINDLPGFUR_MID,2052,0.030617536717513
RE1,DEMINDLPGFUR_MID,2053,0.0278768651068921
RE1,DEMINDLPGFUR_MID,2054,0.0250666278325223
RE1,DEMINDLPGFUR_MID,2055,0.0250666278325223
RE1,DEMINDNGSBOI_HIG,2022,99999.0
RE1,DEMINDNGSBOI_HIG,2023,99999.0
RE1,DEMINDNGSBOI_HIG,2024,99999.0
RE1,DEMINDNGSBOI_HIG,2025,99999.0
RE1,DEMINDNGSBOI_HIG,2026,99999.0
RE1,DEMINDNGSBOI_HIG,2027,99999.0
RE1,DEMINDNGSBOI_HIG,2028,99999.0
RE1,DEMINDNGSBOI_HIG,2029,99999.0
RE1,DEMINDNGSBOI_HIG,2030,99999.0
RE1,DEMINDNGSBOI_HIG,2031,99999.0
RE1,DEMINDNGSBOI_HIG,2032,99999.0
RE1,DEMINDNGSBOI_HIG,2033,99999.0
RE1,DEMINDNGSBOI_HIG,2034,99999.0
RE1,DEMINDNGSBOI_HIG,2035,99999.0
RE1,DEMINDNGSBOI_HIG,2036,99999.0
RE1,DEMINDNGSBOI_HIG,2037,99999.0
RE1,DEMINDNGSBOI_HIG,2038,99999.0
RE1,DEMINDNGSBOI_HIG,2039,99999.0
RE1,DEMINDNGSBOI_HIG,2040,99999.0
RE1,DEMINDNGSBOI_HIG,2041,99999.0
RE1,DEMINDNGSBOI_HIG,2042,99999.0
RE1,DEMINDNGSBOI_HIG,2043,99999.0
RE1,DEMINDNGSBOI_HIG,2044,99999.0
RE1,DEMINDNGSBOI_HIG,2045,99999.0
RE1,DEMINDNGSBOI_HIG,2046,99999.0
RE1,DEMINDNGSBOI_HIG,2047,99999.0
RE1,DEMINDNGSBOI_HIG,2048,99999.0
RE1,DEMINDNGSBOI_HIG,2049,99999.0
RE1,DEMINDNGSBOI_HIG,2050,99999.0
RE1,DEMINDNGSBOI_HIG,2051,99999.0
RE1,DEMINDNGSBOI_HIG,2052,99999.0
RE1,DEMINDNGSBOI_HIG,2053,99999.0
RE1,DEMINDNGSBOI_HIG,2054,99999.0
RE1,DEMINDNGSBOI_HIG,2055,99999.0
RE1,DEMINDNGSBOI_LOW,2022,99999.0
RE1,DEMINDNGSBOI_LOW,2023,99999.0
RE1,DEMINDNGSBOI_LOW,2024,99999.0
RE1,DEMINDNGSBOI_LOW,2025,99999.0
RE1,DEMINDNGSBOI_LOW,2026,99999.0
RE1,DEMINDNGSBOI_LOW,2027,99999.0
RE1,DEMINDNGSBOI_LOW,2028,99999.0
RE1,DEMINDNGSBOI_LOW,2029,99999.0
RE1,DEMINDNGSBOI_LOW,2030,99999.0
RE1,DEMINDNGSBOI_LOW,2031,99999.0
RE1,DEMINDNGSBOI_LOW,2032,99999.0
RE1,DEMINDNGSBOI_LOW,2033,99999.0
RE1,DEMINDNGSBOI_LOW,2034,99999.0
RE1,DEMINDNGSBOI_LOW,2035,99999.0
RE1,DEMINDNGSBOI_LOW,2036,99999.0
RE1,DEMINDNGSBOI_LOW,2037,99999.0
RE1,DEMINDNGSBOI_LOW,2038,99999.0
RE1,DEMINDNGSBOI_LOW,2039,99999.0
RE1,DEMINDNGSBOI_LOW,2040,99999.0
RE1,DEMINDNGSBOI_LOW,2041,99999.0
RE1,DEMINDNGSBOI_LOW,2042,99999.0
RE1,DEMINDNGSBOI_LOW,2043,99999.0
RE1,DEMINDNGSBOI_LOW,2044,99999.0
RE1,DEMINDNGSBOI_LOW,2045,99999.0
RE1,DEMINDNGSBOI_LOW,2046,99999.0
RE1,DEMINDNGSBOI_LOW,2047,99999.0
RE1,DEMINDNGSBOI_LOW,2048,99999.0
RE1,DEMINDNGSBOI_LOW,2049,99999.0
RE1,DEMINDNGSBOI_LOW,2050,99999.0
RE1,DEMINDNGSBOI_LOW,2051,99999.0
RE1,DEMINDNGSBOI_LOW,2052,99999.0
RE1,DEMINDNGSBOI_LOW,2053,99999.0
RE1,DEMINDNGSBOI_LOW,2054,99999.0
RE1,DEMINDNGSBOI_LOW,2055,99999.0
RE1,DEMINDNGSBOI_MID,2022,99999.0
RE1,DEMINDNGSBOI_MID,2023,99999.0
RE1,DEMINDNGSBOI_MID,2024,99999.0
RE1,DEMINDNGSBOI_MID,2025,99999.0
RE1,DEMINDNGSBOI_MID,2026,99999.0
RE1,DEMINDNGSBOI_MID,2027,99999.0
RE1,DEMINDNGSBOI_MID,2028,99999.0
RE1,DEMINDNGSBOI_MID,2029,99999.0
RE1,DEMINDNGSBOI_MID,2030,99999.0
RE1,DEMINDNGSBOI_MID,2031,99999.0
RE1,DEMINDNGSBOI_MID,2032,99999.0
RE1,DEMINDNGSBOI_MID,2033,99999.0
RE1,DEMINDNGSBOI_MID,2034,99999.0
RE1,DEMINDNGSBOI_MID,2035,99999.0
RE1,DEMINDNGSBOI_MID,2036,99999.0
RE1,DEMINDNGSBOI_MID,2037,99999.0
RE1,DEMINDNGSBOI_MID,2038,99999.0
RE1,DEMINDNGSBOI_MID,2039,99999.0
RE1,DEMINDNGSBOI_MID,2040,99999.0
RE1,DEMINDNGSBOI_MID,2041,99999.0
RE1,DEMINDNGSBOI_MID,2042,99999.0
RE1,DEMINDNGSBOI_MID,2043,99999.0
RE1,DEMINDNGSBOI_MID,2044,99999.0
RE1,DEMINDNGSBOI_MID,2045,99999.0
RE1,DEMINDNGSBOI_MID,2046,99999.0
RE1,DEMINDNGSBOI_MID,2047,99999.0
RE1,DEMINDNGSBOI_MID,2048,99999.0
RE1,DEMINDNGSBOI_MID,2049,99999.0
RE1,DEMINDNGSBOI_MID,2050,99999.0
RE1,DEMINDNGSBOI_MID,2051,99999.0
RE1,DEMINDNGSBOI_MID,2052,99999.0
RE1,DEMINDNGSBOI_MID,2053,99999.0
RE1,DEMINDNGSBOI_MID,2054,99999.0
RE1,DEMINDNGSBOI_MID,2055,99999.0
RE1,DEMINDNGSFURCSS,2022,99999.0
RE1,DEMINDNGSFURCSS,2023,99999.0
RE1,DEMINDNGSFURCSS,2024,99999.0
RE1,DEMINDNGSFURCSS,2025,99999.0
RE1,DEMINDNGSFURCSS,2026,99999.0
RE1,DEMINDNGSFURCSS,2027,99999.0
RE1,DEMINDNGSFURCSS,2028,99999.0
RE1,DEMINDNGSFURCSS,2029,99999.0
RE1,DEMINDNGSFURCSS,2030,99999.0
RE1,DEMINDNGSFURCSS,2031,99999.0
RE1,DEMINDNGSFURCSS,2032,99999.0
RE1,DEMINDNGSFURCSS,2033,99999.0
RE1,DEMINDNGSFURCSS,2034,99999.0
RE1,DEMINDNGSFURCSS,2035,99999.0
RE1,DEMINDNGSFURCSS,2036,99999.0
RE1,DEMINDNGSFURCSS,2037,99999.0
RE1,DEMINDNGSFURCSS,2038,99999.0
RE1,DEMINDNGSFURCSS,2039,99999.0
RE1,DEMINDNGSFURCSS,2040,99999.0
RE1,DEMINDNGSFURCSS,2041,99999.0
RE1,DEMINDNGSFURCSS,2042,99999.0
RE1,DEMINDNGSFURCSS,2043,99999.0
RE1,DEMINDNGSFURCSS,2044,99999.0
RE1,DEMINDNGSFURCSS,2045,99999.0
RE1,DEMINDNGSFURCSS,2046,99999.0
RE1,DEMINDNGSFURCSS,2047,99999.0
RE1,DEMINDNGSFURCSS,2048,99999.0
RE1,DEMINDNGSFURCSS,2049,99999.0
RE1,DEMINDNGSFURCSS,2050,99999.0
RE1,DEMINDNGSFURCSS,2051,99999.0
RE1,DEMINDNGSFURCSS,2052,99999.0
RE1,DEMINDNGSFURCSS,2053,99999.0
RE1,DEMINDNGSFURCSS,2054,99999.0
RE1,DEMINDNGSFURCSS,2055,99999.0
RE1,DEMINDNGSFUR_HIG,2022,99999.0
RE1,DEMINDNGSFUR_HIG,2023,99999.0
RE1,DEMINDNGSFUR_HIG,2024,99999.0
RE1,DEMINDNGSFUR_HIG,2025,99999.0
RE1,DEMINDNGSFUR_HIG,2026,99999.0
RE1,DEMINDNGSFUR_HIG,2027,99999.0
RE1,DEMINDNGSFUR_HIG,2028,99999.0
RE1,DEMINDNGSFUR_HIG,2029,99999.0
RE1,DEMINDNGSFUR_HIG,2030,99999.0
RE1,DEMINDNGSFUR_HIG,2031,99999.0
RE1,DEMINDNGSFUR_HIG,2032,99999.0
RE1,DEMINDNGSFUR_HIG,2033,99999.0
RE1,DEMINDNGSFUR_HIG,2034,99999.0
RE1,DEMINDNGSFUR_HIG,2035,99999.0
RE1,DEMINDNGSFUR_HIG,2036,99999.0
RE1,DEMINDNGSFUR_HIG,2037,99999.0
RE1,DEMINDNGSFUR_HIG,2038,99999.0
RE1,DEMINDNGSFUR_HIG,2039,99999.0
RE1,DEMINDNGSFUR_HIG,2040,99999.0
RE1,DEMINDNGSFUR_HIG,2041,99999.0
RE1,DEMINDNGSFUR_HIG,2042,99999.0
RE1,DEMINDNGSFUR_HIG,2043,99999.0
RE1,DEMINDNGSFUR_HIG,2044,99999.0
RE1,DEMINDNGSFUR_HIG,2045,99999.0
RE1,DEMINDNGSFUR_HIG,2046,99999.0
RE1,DEMINDNGSFUR_HIG,2047,99999.0
RE1,DEMINDNGSFUR_HIG,2048,99999.0
RE1,DEMINDNGSFUR_HIG,2049,99999.0
RE1,DEMINDNGSFUR_HIG,2050,99999.0
RE1,DEMINDNGSFUR_HIG,2051,99999.0
RE1,DEMINDNGSFUR_HIG,2052,99999.0
RE1,DEMINDNGSFUR_HIG,2053,99999.0
RE1,DEMINDNGSFUR_HIG,2054,99999.0
RE1,DEMINDNGSFUR_HIG,2055,99999.0
RE1,DEMINDNGSFUR_LOW,2022,99999.0
RE1,DEMINDNGSFUR_LOW,2023,99999.0
RE1,DEMINDNGSFUR_LOW,2024,99999.0
RE1,DEMINDNGSFUR_LOW,2025,99999.0
RE1,DEMINDNGSFUR_LOW,2026,99999.0
RE1,DEMINDNGSFUR_LOW,2027,99999.0
RE1,DEMINDNGSFUR_LOW,2028,99999.0
RE1,DEMINDNGSFUR_LOW,2029,99999.0
RE1,DEMINDNGSFUR_LOW,2030,99999.0
RE1,DEMINDNGSFUR_LOW,2031,99999.0
RE1,DEMINDNGSFUR_LOW,2032,99999.0
RE1,DEMINDNGSFUR_LOW,2033,99999.0
RE1,DEMINDNGSFUR_LOW,2034,99999.0
RE1,DEMINDNGSFUR_LOW,2035,99999.0
RE1,DEMINDNGSFUR_LOW,2036,99999.0
RE1,DEMINDNGSFUR_LOW,2037,99999.0
RE1,DEMINDNGSFUR_LOW,2038,99999.0
RE1,DEMINDNGSFUR_LOW,2039,99999.0
RE1,DEMINDNGSFUR_LOW,2040,99999.0
RE1,DEMINDNGSFUR_LOW,2041,99999.0
RE1,DEMINDNGSFUR_LOW,2042,99999.0
RE1,DEMINDNGSFUR_LOW,2043,99999.0
RE1,DEMINDNGSFUR_LOW,2044,99999.0
RE1,DEMINDNGSFUR_LOW,2045,99999.0
RE1,DEMINDNGSFUR_LOW,2046,99999.0
RE1,DEMINDNGSFUR_LOW,2047,99999.0
RE1,DEMINDNGSFUR_LOW,2048,99999.0
RE1,DEMINDNGSFUR_LOW,2049,99999.0
RE1,DEMINDNGSFUR_LOW,2050,99999.0
RE1,DEMINDNGSFUR_LOW,2051,99999.0
RE1,DEMINDNGSFUR_LOW,2052,99999.0
RE1,DEMINDNGSFUR_LOW,2053,99999.0
RE1,DEMINDNGSFUR_LOW,2054,99999.0
RE1,DEMINDNGSFUR_LOW,2055,99999.0
RE1,DEMINDNGSFUR_MID,2022,99999.0
RE1,DEMINDNGSFUR_MID,2023,99999.0
RE1,DEMINDNGSFUR_MID,2024,99999.0
RE1,DEMINDNGSFUR_MID,2025,99999.0
RE1,DEMINDNGSFUR_MID,2026,99999.0
RE1,DEMINDNGSFUR_MID,2027,99999.0
RE1,DEMINDNGSFUR_MID,2028,99999.0
RE1,DEMINDNGSFUR_MID,2029,99999.0
RE1,DEMINDNGSFUR_MID,2030,99999.0
RE1,DEMINDNGSFUR_MID,2031,99999.0
RE1,DEMINDNGSFUR_MID,2032,99999.0
RE1,DEMINDNGSFUR_MID,2033,99999.0
RE1,DEMINDNGSFUR_MID,2034,99999.0
RE1,DEMINDNGSFUR_MID,2035,99999.0
RE1,DEMINDNGSFUR_MID,2036,99999.0
RE1,DEMINDNGSFUR_MID,2037,99999.0
RE1,DEMINDNGSFUR_MID,2038,99999.0
RE1,DEMINDNGSFUR_MID,2039,99999.0
RE1,DEMINDNGSFUR_MID,2040,99999.0
RE1,DEMINDNGSFUR_MID,2041,99999.0
RE1,DEMINDNGSFUR_MID,2042,99999.0
RE1,DEMINDNGSFUR_MID,2043,99999.0
RE1,DEMINDNGSFUR_MID,2044,99999.0
RE1,DEMINDNGSFUR_MID,2045,99999.0
RE1,DEMINDNGSFUR_MID,2046,99999.0
RE1,DEMINDNGSFUR_MID,2047,99999.0
RE1,DEMINDNGSFUR_MID,2048,99999.0
RE1,DEMINDNGSFUR_MID,2049,99999.0
RE1,DEMINDNGSFUR_MID,2050,99999.0
RE1,DEMINDNGSFUR_MID,2051,99999.0
RE1,DEMINDNGSFUR_MID,2052,99999.0
RE1,DEMINDNGSFUR_MID,2053,99999.0
RE1,DEMINDNGSFUR_MID,2054,99999.0
RE1,DEMINDNGSFUR_MID,2055,99999.0
RE1,DEMINDWASBOI_HIG,2022,99999.0
RE1,DEMINDWASBOI_HIG,2023,99999.0
RE1,DEMINDWASBOI_HIG,2024,99999.0
RE1,DEMINDWASBOI_HIG,2025,99999.0
RE1,DEMINDWASBOI_HIG,2026,99999.0
RE1,DEMINDWASBOI_HIG,2027,99999.0
RE1,DEMINDWASBOI_HIG,2028,99999.0
RE1,DEMINDWASBOI_HIG,2029,99999.0
RE1,DEMINDWASBOI_HIG,2030,99999.0
RE1,DEMINDWASBOI_HIG,2031,99999.0
RE1,DEMINDWASBOI_HIG,2032,99999.0
RE1,DEMINDWASBOI_HIG,2033,99999.0
RE1,DEMINDWASBOI_HIG,2034,99999.0
RE1,DEMINDWASBOI_HIG,2035,99999.0
RE1,DEMINDWASBOI_HIG,2036,99999.0
RE1,DEMINDWASBOI_HIG,2037,99999.0
RE1,DEMINDWASBOI_HIG,2038,99999.0
RE1,DEMINDWASBOI_HIG,2039,99999.0
RE1,DEMINDWASBOI_HIG,2040,99999.0
RE1,DEMINDWASBOI_HIG,2041,99999.0
RE1,DEMINDWASBOI_HIG,2042,99999.0
RE1,DEMINDWASBOI_HIG,2043,99999.0
RE1,DEMINDWASBOI_HIG,2044,99999.0
RE1,DEMINDWASBOI_HIG,2045,99999.0
RE1,DEMINDWASBOI_HIG,2046,99999.0
RE1,DEMINDWASBOI_HIG,2047,99999.0
RE1,DEMINDWASBOI_HIG,2048,99999.0
RE1,DEMINDWASBOI_HIG,2049,99999.0
RE1,DEMINDWASBOI_HIG,2050,99999.0
RE1,DEMINDWASBOI_HIG,2051,99999.0
RE1,DEMINDWASBOI_HIG,2052,99999.0
RE1,DEMINDWASBOI_HIG,2053,99999.0
RE1,DEMINDWASBOI_HIG,2054,99999.0
RE1,DEMINDWASBOI_HIG,2055,99999.0
RE1,DEMINDWASBOI_LOW,2022,99999.0
RE1,DEMINDWASBOI_LOW,2023,99999.0
RE1,DEMINDWASBOI_LOW,2024,99999.0
RE1,DEMINDWASBOI_LOW,2025,99999.0
RE1,DEMINDWASBOI_LOW,2026,99999.0
RE1,DEMINDWASBOI_LOW,2027,99999.0
RE1,DEMINDWASBOI_LOW,2028,99999.0
RE1,DEMINDWASBOI_LOW,2029,99999.0
RE1,DEMINDWASBOI_LOW,2030,99999.0
RE1,DEMINDWASBOI_LOW,2031,99999.0
RE1,DEMINDWASBOI_LOW,2032,99999.0
RE1,DEMINDWASBOI_LOW,2033,99999.0
RE1,DEMINDWASBOI_LOW,2034,99999.0
RE1,DEMINDWASBOI_LOW,2035,99999.0
RE1,DEMINDWASBOI_LOW,2036,99999.0
RE1,DEMINDWASBOI_LOW,2037,99999.0
RE1,DEMINDWASBOI_LOW,2038,99999.0
RE1,DEMINDWASBOI_LOW,2039,99999.0
RE1,DEMINDWASBOI_LOW,2040,99999.0
RE1,DEMINDWASBOI_LOW,2041,99999.0
RE1,DEMINDWASBOI_LOW,2042,99999.0
RE1,DEMINDWASBOI_LOW,2043,99999.0
RE1,DEMINDWASBOI_LOW,2044,99999.0
RE1,DEMINDWASBOI_LOW,2045,99999.0
RE1,DEMINDWASBOI_LOW,2046,99999.0
RE1,DEMINDWASBOI_LOW,2047,99999.0
RE1,DEMINDWASBOI_LOW,2048,99999.0
RE1,DEMINDWASBOI_LOW,2049,99999.0
RE1,DEMINDWASBOI_LOW,2050,99999.0
RE1,DEMINDWASBOI_LOW,2051,99999.0
RE1,DEMINDWASBOI_LOW,2052,99999.0
RE1,DEMINDWASBOI_LOW,2053,99999.0
RE1,DEMINDWASBOI_LOW,2054,99999.0
RE1,DEMINDWASBOI_LOW,2055,99999.0
RE1,DEMINDWASBOI_MID,2022,99999.0
RE1,DEMINDWASBOI_MID,2023,99999.0
RE1,DEMINDWASBOI_MID,2024,99999.0
RE1,DEMINDWASBOI_MID,2025,99999.0
RE1,DEMINDWASBOI_MID,2026,99999.0
RE1,DEMINDWASBOI_MID,2027,99999.0
RE1,DEMINDWASBOI_MID,2028,99999.0
RE1,DEMINDWASBOI_MID,2029,99999.0
RE1,DEMINDWASBOI_MID,2030,99999.0
RE1,DEMINDWASBOI_MID,2031,99999.0
RE1,DEMINDWASBOI_MID,2032,99999.0
RE1,DEMINDWASBOI_MID,2033,99999.0
RE1,DEMINDWASBOI_MID,2034,99999.0
RE1,DEMINDWASBOI_MID,2035,99999.0
RE1,DEMINDWASBOI_MID,2036,99999.0
RE1,DEMINDWASBOI_MID,2037,99999.0
RE1,DEMINDWASBOI_MID,2038,99999.0
RE1,DEMINDWASBOI_MID,2039,99999.0
RE1,DEMINDWASBOI_MID,2040,99999.0
RE1,DEMINDWASBOI_MID,2041,99999.0
RE1,DEMINDWASBOI_MID,2042,99999.0
RE1,DEMINDWASBOI_MID,2043,99999.0
RE1,DEMINDWASBOI_MID,2044,99999.0
RE1,DEMINDWASBOI_MID,2045,99999.0
RE1,DEMINDWASBOI_MID,2046,99999.0
RE1,DEMINDWASBOI_MID,2047,99999.0
RE1,DEMINDWASBOI_MID,2048,99999.0
RE1,DEMINDWASBOI_MID,2049,99999.0
RE1,DEMINDWASBOI_MID,2050,99999.0
RE1,DEMINDWASBOI_MID,2051,99999.0
RE1,DEMINDWASBOI_MID,2052,99999.0
RE1,DEMINDWASBOI_MID,2053,99999.0
RE1,DEMINDWASBOI_MID,2054,99999.0
RE1,DEMINDWASBOI_MID,2055,99999.0
RE1,DEMINDWASFUR_HIG,2022,99999.0
RE1,DEMINDWASFUR_HIG,2023,99999.0
RE1,DEMINDWASFUR_HIG,2024,99999.0
RE1,DEMINDWASFUR_HIG,2025,99999.0
RE1,DEMINDWASFUR_HIG,2026,99999.0
RE1,DEMINDWASFUR_HIG,2027,99999.0
RE1,DEMINDWASFUR_HIG,2028,99999.0
RE1,DEMINDWASFUR_HIG,2029,99999.0
RE1,DEMINDWASFUR_HIG,2030,99999.0
RE1,DEMINDWASFUR_HIG,2031,99999.0
RE1,DEMINDWASFUR_HIG,2032,99999.0
RE1,DEMINDWASFUR_HIG,2033,99999.0
RE1,DEMINDWASFUR_HIG,2034,99999.0
RE1,DEMINDWASFUR_HIG,2035,99999.0
RE1,DEMINDWASFUR_HIG,2036,99999.0
RE1,DEMINDWASFUR_HIG,2037,99999.0
RE1,DEMINDWASFUR_HIG,2038,99999.0
RE1,DEMINDWASFUR_HIG,2039,99999.0
RE1,DEMINDWASFUR_HIG,2040,99999.0
RE1,DEMINDWASFUR_HIG,2041,99999.0
RE1,DEMINDWASFUR_HIG,2042,99999.0
RE1,DEMINDWASFUR_HIG,2043,99999.0
RE1,DEMINDWASFUR_HIG,2044,99999.0
RE1,DEMINDWASFUR_HIG,2045,99999.0
RE1,DEMINDWASFUR_HIG,2046,99999.0
RE1,DEMINDWASFUR_HIG,2047,99999.0
RE1,DEMINDWASFUR_HIG,2048,99999.0
RE1,DEMINDWASFUR_HIG,2049,99999.0
RE1,DEMINDWASFUR_HIG,2050,99999.0
RE1,DEMINDWASFUR_HIG,2051,99999.0
RE1,DEMINDWASFUR_HIG,2052,99999.0
RE1,DEMINDWASFUR_HIG,2053,99999.0
RE1,DEMINDWASFUR_HIG,2054,99999.0
RE1,DEMINDWASFUR_HIG,2055,99999.0
RE1,DEMINDWASFUR_LOW,2022,99999.0
RE1,DEMINDWASFUR_LOW,2023,99999.0
RE1,DEMINDWASFUR_LOW,2024,99999.0
RE1,DEMINDWASFUR_LOW,2025,99999.0
RE1,DEMINDWASFUR_LOW,2026,99999.0
RE1,DEMINDWASFUR_LOW,2027,99999.0
RE1,DEMINDWASFUR_LOW,2028,99999.0
RE1,DEMINDWASFUR_LOW,2029,99999.0
RE1,DEMINDWASFUR_LOW,2030,99999.0
RE1,DEMINDWASFUR_LOW,2031,99999.0
RE1,DEMINDWASFUR_LOW,2032,99999.0
RE1,DEMINDWASFUR_LOW,2033,99999.0
RE1,DEMINDWASFUR_LOW,2034,99999.0
RE1,DEMINDWASFUR_LOW,2035,99999.0
RE1,DEMINDWASFUR_LOW,2036,99999.0
RE1,DEMINDWASFUR_LOW,2037,99999.0
RE1,DEMINDWASFUR_LOW,2038,99999.0
RE1,DEMINDWASFUR_LOW,2039,99999.0
RE1,DEMINDWASFUR_LOW,2040,99999.0
RE1,DEMINDWASFUR_LOW,2041,99999.0
RE1,DEMINDWASFUR_LOW,2042,99999.0
RE1,DEMINDWASFUR_LOW,2043,99999.0
RE1,DEMINDWASFUR_LOW,2044,99999.0
RE1,DEMINDWASFUR_LOW,2045,99999.0
RE1,DEMINDWASFUR_LOW,2046,99999.0
RE1,DEMINDWASFUR_LOW,2047,99999.0
RE1,DEMINDWASFUR_LOW,2048,99999.0
RE1,DEMINDWASFUR_LOW,2049,99999.0
RE1,DEMINDWASFUR_LOW,2050,99999.0
RE1,DEMINDWASFUR_LOW,2051,99999.0
RE1,DEMINDWASFUR_LOW,2052,99999.0
RE1,DEMINDWASFUR_LOW,2053,99999.0
RE1,DEMINDWASFUR_LOW,2054,99999.0
RE1,DEMINDWASFUR_LOW,2055,99999.0
RE1,DEMINDWASFUR_MID,2022,99999.0
RE1,DEMINDWASFUR_MID,2023,99999.0
RE1,DEMINDWASFUR_MID,2024,99999.0
RE1,DEMINDWASFUR_MID,2025,99999.0
RE1,DEMINDWASFUR_MID,2026,99999.0
RE1,DEMINDWASFUR_MID,2027,99999.0
RE1,DEMINDWASFUR_MID,2028,99999.0
RE1,DEMINDWASFUR_MID,2029,99999.0
RE1,DEMINDWASFUR_MID,2030,99999.0
RE1,DEMINDWASFUR_MID,2031,99999.0
RE1,DEMINDWASFUR_MID,2032,99999.0
RE1,DEMINDWASFUR_MID,2033,99999.0
RE1,DEMINDWASFUR_MID,2034,99999.0
RE1,DEMINDWASFUR_MID,2035,99999.0
RE1,DEMINDWASFUR_MID,2036,99999.0
RE1,DEMINDWASFUR_MID,2037,99999.0
RE1,DEMINDWASFUR_MID,2038,99999.0
RE1,DEMINDWASFUR_MID,2039,99999.0
RE1,DEMINDWASFUR_MID,2040,99999.0
RE1,DEMINDWASFUR_MID,2041,99999.0
RE1,DEMINDWASFUR_MID,2042,99999.0
RE1,DEMINDWASFUR_MID,2043,99999.0
RE1,DEMINDWASFUR_MID,2044,99999.0
RE1,DEMINDWASFUR_MID,2045,99999.0
RE1,DEMINDWASFUR_MID,2046,99999.0
RE1,DEMINDWASFUR_MID,2047,99999.0
RE1,DEMINDWASFUR_MID,2048,99999.0
RE1,DEMINDWASFUR_MID,2049,99999.0
RE1,DEMINDWASFUR_MID,2050,99999.0
RE1,DEMINDWASFUR_MID,2051,99999.0
RE1,DEMINDWASFUR_MID,2052,99999.0
RE1,DEMINDWASFUR_MID,2053,99999.0
RE1,DEMINDWASFUR_MID,2054,99999.0
RE1,DEMINDWASFUR_MID,2055,99999.0
RE1,DEMMINIDSL,2022,99999.0
RE1,DEMMINIDSL,2023,99999.0
RE1,DEMMINIDSL,2024,99999.0
RE1,DEMMINIDSL,2025,99999.0
RE1,DEMMINIDSL,2026,99999.0
RE1,DEMMINIDSL,2027,99999.0
RE1,DEMMINIDSL,2028,99999.0
RE1,DEMMINIDSL,2029,99999.0
RE1,DEMMINIDSL,2030,99999.0
RE1,DEMMINIDSL,2031,99999.0
RE1,DEMMINIDSL,2032,99999.0
RE1,DEMMINIDSL,2033,99999.0
RE1,DEMMINIDSL,2034,99999.0
RE1,DEMMINIDSL,2035,99999.0
RE1,DEMMINIDSL,2036,99999.0
RE1,DEMMINIDSL,2037,99999.0
RE1,DEMMINIDSL,2038,99999.0
RE1,DEMMINIDSL,2039,99999.0
RE1,DEMMINIDSL,2040,99999.0
RE1,DEMMINIDSL,2041,99999.0
RE1,DEMMINIDSL,2042,99999.0
RE1,DEMMINIDSL,2043,99999.0
RE1,DEMMINIDSL,2044,99999.0
RE1,DEMMINIDSL,2045,99999.0
RE1,DEMMINIDSL,2046,99999.0
RE1,DEMMINIDSL,2047,99999.0
RE1,DEMMINIDSL,2048,99999.0
RE1,DEMMINIDSL,2049,99999.0
RE1,DEMMINIDSL,2050,99999.0
RE1,DEMMINIDSL,2051,99999.0
RE1,DEMMINIDSL,2052,99999.0
RE1,DEMMINIDSL,2053,99999.0
RE1,DEMMINIDSL,2054,99999.0
RE1,DEMMINIDSL,2055,99999.0
RE1,DEMMINIELC,2022,99999.0
RE1,DEMMINIELC,2023,99999.0
RE1,DEMMINIELC,2024,99999.0
RE1,DEMMINIELC,2025,99999.0
RE1,DEMMINIELC,2026,99999.0
RE1,DEMMINIELC,2027,99999.0
RE1,DEMMINIELC,2028,99999.0
RE1,DEMMINIELC,2029,99999.0
RE1,DEMMINIELC,2030,99999.0
RE1,DEMMINIELC,2031,99999.0
RE1,DEMMINIELC,2032,99999.0
RE1,DEMMINIELC,2033,99999.0
RE1,DEMMINIELC,2034,99999.0
RE1,DEMMINIELC,2035,99999.0
RE1,DEMMINIELC,2036,99999.0
RE1,DEMMINIELC,2037,99999.0
RE1,DEMMINIELC,2038,99999.0
RE1,DEMMINIELC,2039,99999.0
RE1,DEMMINIELC,2040,99999.0
RE1,DEMMINIELC,2041,99999.0
RE1,DEMMINIELC,2042,99999.0
RE1,DEMMINIELC,2043,99999.0
RE1,DEMMINIELC,2044,99999.0
RE1,DEMMINIELC,2045,99999.0
RE1,DEMMINIELC,2046,99999.0
RE1,DEMMINIELC,2047,99999.0
RE1,DEMMINIELC,2048,99999.0
RE1,DEMMINIELC,2049,99999.0
RE1,DEMMINIELC,2050,99999.0
RE1,DEMMINIELC,2051,99999.0
RE1,DEMMINIELC,2052,99999.0
RE1,DEMMINIELC,2053,99999.0
RE1,DEMMINIELC,2054,99999.0
RE1,DEMMINIELC,2055,99999.0
RE1,DEMMINIGSL,2022,99999.0
RE1,DEMMINIGSL,2023,99999.0
RE1,DEMMINIGSL,2024,99999.0
RE1,DEMMINIGSL,2025,99999.0
RE1,DEMMINIGSL,2026,99999.0
RE1,DEMMINIGSL,2027,99999.0
RE1,DEMMINIGSL,2028,99999.0
RE1,DEMMINIGSL,2029,99999.0
RE1,DEMMINIGSL,2030,99999.0
RE1,DEMMINIGSL,2031,99999.0
RE1,DEMMINIGSL,2032,99999.0
RE1,DEMMINIGSL,2033,99999.0
RE1,DEMMINIGSL,2034,99999.0
RE1,DEMMINIGSL,2035,99999.0
RE1,DEMMINIGSL,2036,99999.0
RE1,DEMMINIGSL,2037,99999.0
RE1,DEMMINIGSL,2038,99999.0
RE1,DEMMINIGSL,2039,99999.0
RE1,DEMMINIGSL,2040,99999.0
RE1,DEMMINIGSL,2041,99999.0
RE1,DEMMINIGSL,2042,99999.0
RE1,DEMMINIGSL,2043,99999.0
RE1,DEMMINIGSL,2044,99999.0
RE1,DEMMINIGSL,2045,99999.0
RE1,DEMMINIGSL,2046,99999.0
RE1,DEMMINIGSL,2047,99999.0
RE1,DEMMINIGSL,2048,99999.0
RE1,DEMMINIGSL,2049,99999.0
RE1,DEMMINIGSL,2050,99999.0
RE1,DEMMINIGSL,2051,99999.0
RE1,DEMMINIGSL,2052,99999.0
RE1,DEMMINIGSL,2053,99999.0
RE1,DEMMINIGSL,2054,99999.0
RE1,DEMMINIGSL,2055,99999.0
RE1,DEMMININGS,2022,99999.0
RE1,DEMMININGS,2023,99999.0
RE1,DEMMININGS,2024,99999.0
RE1,DEMMININGS,2025,99999.0
RE1,DEMMININGS,2026,99999.0
RE1,DEMMININGS,2027,99999.0
RE1,DEMMININGS,2028,99999.0
RE1,DEMMININGS,2029,99999.0
RE1,DEMMININGS,2030,99999.0
RE1,DEMMININGS,2031,99999.0
RE1,DEMMININGS,2032,99999.0
RE1,DEMMININGS,2033,99999.0
RE1,DEMMININGS,2034,99999.0
RE1,DEMMININGS,2035,99999.0
RE1,DEMMININGS,2036,99999.0
RE1,DEMMININGS,2037,99999.0
RE1,DEMMININGS,2038,99999.0
RE1,DEMMININGS,2039,99999.0
RE1,DEMMININGS,2040,99999.0
RE1,DEMMININGS,2041,99999.0
RE1,DEMMININGS,2042,99999.0
RE1,DEMMININGS,2043,99999.0
RE1,DEMMININGS,2044,99999.0
RE1,DEMMININGS,2045,99999.0
RE1,DEMMININGS,2046,99999.0
RE1,DEMMININGS,2047,99999.0
RE1,DEMMININGS,2048,99999.0
RE1,DEMMININGS,2049,99999.0
RE1,DEMMININGS,2050,99999.0
RE1,DEMMININGS,2051,99999.0
RE1,DEMMININGS,2052,99999.0
RE1,DEMMININGS,2053,99999.0
RE1,DEMMININGS,2054,99999.0
RE1,DEMMININGS,2055,99999.0
RE1,DEMNGSAUT,2022,99999.0
RE1,DEMNGSAUT,2023,99999.0
RE1,DEMNGSAUT,2024,99999.0
RE1,DEMNGSAUT,2025,99999.0
RE1,DEMNGSAUT,2026,99999.0
RE1,DEMNGSAUT,2027,99999.0
RE1,DEMNGSAUT,2028,99999.0
RE1,DEMNGSAUT,2029,99999.0
RE1,DEMNGSAUT,2030,99999.0
RE1,DEMNGSAUT,2031,99999.0
RE1,DEMNGSAUT,2032,99999.0
RE1,DEMNGSAUT,2033,99999.0
RE1,DEMNGSAUT,2034,99999.0
RE1,DEMNGSAUT,2035,99999.0
RE1,DEMNGSAUT,2036,99999.0
RE1,DEMNGSAUT,2037,99999.0
RE1,DEMNGSAUT,2038,99999.0
RE1,DEMNGSAUT,2039,99999.0
RE1,DEMNGSAUT,2040,99999.0
RE1,DEMNGSAUT,2041,99999.0
RE1,DEMNGSAUT,2042,99999.0
RE1,DEMNGSAUT,2043,99999.0
RE1,DEMNGSAUT,2044,99999.0
RE1,DEMNGSAUT,2045,99999.0
RE1,DEMNGSAUT,2046,99999.0
RE1,DEMNGSAUT,2047,99999.0
RE1,DEMNGSAUT,2048,99999.0
RE1,DEMNGSAUT,2049,99999.0
RE1,DEMNGSAUT,2050,99999.0
RE1,DEMNGSAUT,2051,99999.0
RE1,DEMNGSAUT,2052,99999.0
RE1,DEMNGSAUT,2053,99999.0
RE1,DEMNGSAUT,2054,99999.0
RE1,DEMNGSAUT,2055,99999.0
RE1,DEMNSEELC,2022,99999.0
RE1,DEMNSEELC,2023,99999.0
RE1,DEMNSEELC,2024,99999.0
RE1,DEMNSEELC,2025,99999.0
RE1,DEMNSEELC,2026,99999.0
RE1,DEMNSEELC,2027,99999.0
RE1,DEMNSEELC,2028,99999.0
RE1,DEMNSEELC,2029,99999.0
RE1,DEMNSEELC,2030,99999.0
RE1,DEMNSEELC,2031,99999.0
RE1,DEMNSEELC,2032,99999.0
RE1,DEMNSEELC,2033,99999.0
RE1,DEMNSEELC,2034,99999.0
RE1,DEMNSEELC,2035,99999.0
RE1,DEMNSEELC,2036,99999.0
RE1,DEMNSEELC,2037,99999.0
RE1,DEMNSEELC,2038,99999.0
RE1,DEMNSEELC,2039,99999.0
RE1,DEMNSEELC,2040,99999.0
RE1,DEMNSEELC,2041,99999.0
RE1,DEMNSEELC,2042,99999.0
RE1,DEMNSEELC,2043,99999.0
RE1,DEMNSEELC,2044,99999.0
RE1,DEMNSEELC,2045,99999.0
RE1,DEMNSEELC,2046,99999.0
RE1,DEMNSEELC,2047,99999.0
RE1,DEMNSEELC,2048,99999.0
RE1,DEMNSEELC,2049,99999.0
RE1,DEMNSEELC,2050,99999.0
RE1,DEMNSEELC,2051,99999.0
RE1,DEMNSEELC,2052,99999.0
RE1,DEMNSEELC,2053,99999.0
RE1,DEMNSEELC,2054,99999.0
RE1,DEMNSEELC,2055,99999.0
RE1,DEMRESBGSCKN_MID_RUR,2022,99999.0
RE1,DEMRESBGSCKN_MID_RUR,2023,99999.0
RE1,DEMRESBGSCKN_MID_RUR,2024,99999.0
RE1,DEMRESBGSCKN_MID_RUR,2025,99999.0
RE1,DEMRESBGSCKN_MID_RUR,2026,99999.0
RE1,DEMRESBGSCKN_MID_RUR,2027,99999.0
RE1,DEMRESBGSCKN_MID_RUR,2028,99999.0
RE1,DEMRESBGSCKN_MID_RUR,2029,99999.0
RE1,DEMRESBGSCKN_MID_RUR,2030,99999.0
RE1,DEMRESBGSCKN_MID_RUR,2031,99999.0
RE1,DEMRESBGSCKN_MID_RUR,2032,99999.0
RE1,DEMRESBGSCKN_MID_RUR,2033,99999.0
RE1,DEMRESBGSCKN_MID_RUR,2034,99999.0
RE1,DEMRESBGSCKN_MID_RUR,2035,99999.0
RE1,DEMRESBGSCKN_MID_RUR,2036,99999.0
RE1,DEMRESBGSCKN_MID_RUR,2037,99999.0
RE1,DEMRESBGSCKN_MID_RUR,2038,99999.0
RE1,DEMRESBGSCKN_MID_RUR,2039,99999.0
RE1,DEMRESBGSCKN_MID_RUR,2040,99999.0
RE1,DEMRESBGSCKN_MID_RUR,2041,99999.0
RE1,DEMRESBGSCKN_MID_RUR,2042,99999.0
RE1,DEMRESBGSCKN_MID_RUR,2043,99999.0
RE1,DEMRESBGSCKN_MID_RUR,2044,99999.0
RE1,DEMRESBGSCKN_MID_RUR,2045,99999.0
RE1,DEMRESBGSCKN_MID_RUR,2046,99999.0
RE1,DEMRESBGSCKN_MID_RUR,2047,99999.0
RE1,DEMRESBGSCKN_MID_RUR,2048,99999.0
RE1,DEMRESBGSCKN_MID_RUR,2049,99999.0
RE1,DEMRESBGSCKN_MID_RUR,2050,99999.0
RE1,DEMRESBGSCKN_MID_RUR,2051,99999.0
RE1,DEMRESBGSCKN_MID_RUR,2052,99999.0
RE1,DEMRESBGSCKN_MID_RUR,2053,99999.0
RE1,DEMRESBGSCKN_MID_RUR,2054,99999.0
RE1,DEMRESBGSCKN_MID_RUR,2055,99999.0
RE1,DEMRESELCAIR_PAR_HIG_RUR,2022,99999.0
RE1,DEMRESELCAIR_PAR_HIG_RUR,2023,99999.0
RE1,DEMRESELCAIR_PAR_HIG_RUR,2024,99999.0
RE1,DEMRESELCAIR_PAR_HIG_RUR,2025,99999.0
RE1,DEMRESELCAIR_PAR_HIG_RUR,2026,99999.0
RE1,DEMRESELCAIR_PAR_HIG_RUR,2027,99999.0
RE1,DEMRESELCAIR_PAR_HIG_RUR,2028,99999.0
RE1,DEMRESELCAIR_PAR_HIG_RUR,2029,99999.0
RE1,DEMRESELCAIR_PAR_HIG_RUR,2030,99999.0
RE1,DEMRESELCAIR_PAR_HIG_RUR,2031,99999.0
RE1,DEMRESELCAIR_PAR_HIG_RUR,2032,99999.0
RE1,DEMRESELCAIR_PAR_HIG_RUR,2033,99999.0
RE1,DEMRESELCAIR_PAR_HIG_RUR,2034,99999.0
RE1,DEMRESELCAIR_PAR_HIG_RUR,2035,99999.0
RE1,DEMRESELCAIR_PAR_HIG_RUR,2036,99999.0
RE1,DEMRESELCAIR_PAR_HIG_RUR,2037,99999.0
RE1,DEMRESELCAIR_PAR_HIG_RUR,2038,99999.0
RE1,DEMRESELCAIR_PAR_HIG_RUR,2039,99999.0
RE1,DEMRESELCAIR_PAR_HIG_RUR,2040,99999.0
RE1,DEMRESELCAIR_PAR_HIG_RUR,2041,99999.0
RE1,DEMRESELCAIR_PAR_HIG_RUR,2042,99999.0
RE1,DEMRESELCAIR_PAR_HIG_RUR,2043,99999.0
RE1,DEMRESELCAIR_PAR_HIG_RUR,2044,99999.0
RE1,DEMRESELCAIR_PAR_HIG_RUR,2045,99999.0
RE1,DEMRESELCAIR_PAR_HIG_RUR,2046,99999.0
RE1,DEMRESELCAIR_PAR_HIG_RUR,2047,99999.0
RE1,DEMRESELCAIR_PAR_HIG_RUR,2048,99999.0
RE1,DEMRESELCAIR_PAR_HIG_RUR,2049,99999.0
RE1,DEMRESELCAIR_PAR_HIG_RUR,2050,99999.0
RE1,DEMRESELCAIR_PAR_HIG_RUR,2051,99999.0
RE1,DEMRESELCAIR_PAR_HIG_RUR,2052,99999.0
RE1,DEMRESELCAIR_PAR_HIG_RUR,2053,99999.0
RE1,DEMRESELCAIR_PAR_HIG_RUR,2054,99999.0
RE1,DEMRESELCAIR_PAR_HIG_RUR,2055,99999.0
RE1,DEMRESELCAIR_PAR_LOW_RUR,2022,99999.0
RE1,DEMRESELCAIR_PAR_LOW_RUR,2023,99999.0
RE1,DEMRESELCAIR_PAR_LOW_RUR,2024,99999.0
RE1,DEMRESELCAIR_PAR_LOW_RUR,2025,99999.0
RE1,DEMRESELCAIR_PAR_LOW_RUR,2026,99999.0
RE1,DEMRESELCAIR_PAR_LOW_RUR,2027,99999.0
RE1,DEMRESELCAIR_PAR_LOW_RUR,2028,99999.0
RE1,DEMRESELCAIR_PAR_LOW_RUR,2029,99999.0
RE1,DEMRESELCAIR_PAR_LOW_RUR,2030,99999.0
RE1,DEMRESELCAIR_PAR_LOW_RUR,2031,99999.0
RE1,DEMRESELCAIR_PAR_LOW_RUR,2032,99999.0
RE1,DEMRESELCAIR_PAR_LOW_RUR,2033,99999.0
RE1,DEMRESELCAIR_PAR_LOW_RUR,2034,99999.0
RE1,DEMRESELCAIR_PAR_LOW_RUR,2035,99999.0
RE1,DEMRESELCAIR_PAR_LOW_RUR,2036,99999.0
RE1,DEMRESELCAIR_PAR_LOW_RUR,2037,99999.0
RE1,DEMRESELCAIR_PAR_LOW_RUR,2038,99999.0
RE1,DEMRESELCAIR_PAR_LOW_RUR,2039,99999.0
RE1,DEMRESELCAIR_PAR_LOW_RUR,2040,99999.0
RE1,DEMRESELCAIR_PAR_LOW_RUR,2041,99999.0
RE1,DEMRESELCAIR_PAR_LOW_RUR,2042,99999.0
RE1,DEMRESELCAIR_PAR_LOW_RUR,2043,99999.0
RE1,DEMRESELCAIR_PAR_LOW_RUR,2044,99999.0
RE1,DEMRESELCAIR_PAR_LOW_RUR,2045,99999.0
RE1,DEMRESELCAIR_PAR_LOW_RUR,2046,99999.0
RE1,DEMRESELCAIR_PAR_LOW_RUR,2047,99999.0
RE1,DEMRESELCAIR_PAR_LOW_RUR,2048,99999.0
RE1,DEMRESELCAIR_PAR_LOW_RUR,2049,99999.0
RE1,DEMRESELCAIR_PAR_LOW_RUR,2050,99999.0
RE1,DEMRESELCAIR_PAR_LOW_RUR,2051,99999.0
RE1,DEMRESELCAIR_PAR_LOW_RUR,2052,99999.0
RE1,DEMRESELCAIR_PAR_LOW_RUR,2053,99999.0
RE1,DEMRESELCAIR_PAR_LOW_RUR,2054,99999.0
RE1,DEMRESELCAIR_PAR_LOW_RUR,2055,99999.0
RE1,DEMRESELCAIR_PAR_LOW_URB,2022,99999.0
RE1,DEMRESELCAIR_PAR_LOW_URB,2023,99999.0
RE1,DEMRESELCAIR_PAR_LOW_URB,2024,99999.0
RE1,DEMRESELCAIR_PAR_LOW_URB,2025,99999.0
RE1,DEMRESELCAIR_PAR_LOW_URB,2026,99999.0
RE1,DEMRESELCAIR_PAR_LOW_URB,2027,99999.0
RE1,DEMRESELCAIR_PAR_LOW_URB,2028,99999.0
RE1,DEMRESELCAIR_PAR_LOW_URB,2029,99999.0
RE1,DEMRESELCAIR_PAR_LOW_URB,2030,99999.0
RE1,DEMRESELCAIR_PAR_LOW_URB,2031,99999.0
RE1,DEMRESELCAIR_PAR_LOW_URB,2032,99999.0
RE1,DEMRESELCAIR_PAR_LOW_URB,2033,99999.0
RE1,DEMRESELCAIR_PAR_LOW_URB,2034,99999.0
RE1,DEMRESELCAIR_PAR_LOW_URB,2035,99999.0
RE1,DEMRESELCAIR_PAR_LOW_URB,2036,99999.0
RE1,DEMRESELCAIR_PAR_LOW_URB,2037,99999.0
RE1,DEMRESELCAIR_PAR_LOW_URB,2038,99999.0
RE1,DEMRESELCAIR_PAR_LOW_URB,2039,99999.0
RE1,DEMRESELCAIR_PAR_LOW_URB,2040,99999.0
RE1,DEMRESELCAIR_PAR_LOW_URB,2041,99999.0
RE1,DEMRESELCAIR_PAR_LOW_URB,2042,99999.0
RE1,DEMRESELCAIR_PAR_LOW_URB,2043,99999.0
RE1,DEMRESELCAIR_PAR_LOW_URB,2044,99999.0
RE1,DEMRESELCAIR_PAR_LOW_URB,2045,99999.0
RE1,DEMRESELCAIR_PAR_LOW_URB,2046,99999.0
RE1,DEMRESELCAIR_PAR_LOW_URB,2047,99999.0
RE1,DEMRESELCAIR_PAR_LOW_URB,2048,99999.0
RE1,DEMRESELCAIR_PAR_LOW_URB,2049,99999.0
RE1,DEMRESELCAIR_PAR_LOW_URB,2050,99999.0
RE1,DEMRESELCAIR_PAR_LOW_URB,2051,99999.0
RE1,DEMRESELCAIR_PAR_LOW_URB,2052,99999.0
RE1,DEMRESELCAIR_PAR_LOW_URB,2053,99999.0
RE1,DEMRESELCAIR_PAR_LOW_URB,2054,99999.0
RE1,DEMRESELCAIR_PAR_LOW_URB,2055,99999.0
RE1,DEMRESELCAIR_PAR_MID_RUR,2022,99999.0
RE1,DEMRESELCAIR_PAR_MID_RUR,2023,99999.0
RE1,DEMRESELCAIR_PAR_MID_RUR,2024,99999.0
RE1,DEMRESELCAIR_PAR_MID_RUR,2025,99999.0
RE1,DEMRESELCAIR_PAR_MID_RUR,2026,99999.0
RE1,DEMRESELCAIR_PAR_MID_RUR,2027,99999.0
RE1,DEMRESELCAIR_PAR_MID_RUR,2028,99999.0
RE1,DEMRESELCAIR_PAR_MID_RUR,2029,99999.0
RE1,DEMRESELCAIR_PAR_MID_RUR,2030,99999.0
RE1,DEMRESELCAIR_PAR_MID_RUR,2031,99999.0
RE1,DEMRESELCAIR_PAR_MID_RUR,2032,99999.0
RE1,DEMRESELCAIR_PAR_MID_RUR,2033,99999.0
RE1,DEMRESELCAIR_PAR_MID_RUR,2034,99999.0
RE1,DEMRESELCAIR_PAR_MID_RUR,2035,99999.0
RE1,DEMRESELCAIR_PAR_MID_RUR,2036,99999.0
RE1,DEMRESELCAIR_PAR_MID_RUR,2037,99999.0
RE1,DEMRESELCAIR_PAR_MID_RUR,2038,99999.0
RE1,DEMRESELCAIR_PAR_MID_RUR,2039,99999.0
RE1,DEMRESELCAIR_PAR_MID_RUR,2040,99999.0
RE1,DEMRESELCAIR_PAR_MID_RUR,2041,99999.0
RE1,DEMRESELCAIR_PAR_MID_RUR,2042,99999.0
RE1,DEMRESELCAIR_PAR_MID_RUR,2043,99999.0
RE1,DEMRESELCAIR_PAR_MID_RUR,2044,99999.0
RE1,DEMRESELCAIR_PAR_MID_RUR,2045,99999.0
RE1,DEMRESELCAIR_PAR_MID_RUR,2046,99999.0
RE1,DEMRESELCAIR_PAR_MID_RUR,2047,99999.0
RE1,DEMRESELCAIR_PAR_MID_RUR,2048,99999.0
RE1,DEMRESELCAIR_PAR_MID_RUR,2049,99999.0
RE1,DEMRESELCAIR_PAR_MID_RUR,2050,99999.0
RE1,DEMRESELCAIR_PAR_MID_RUR,2051,99999.0
RE1,DEMRESELCAIR_PAR_MID_RUR,2052,99999.0
RE1,DEMRESELCAIR_PAR_MID_RUR,2053,99999.0
RE1,DEMRESELCAIR_PAR_MID_RUR,2054,99999.0
RE1,DEMRESELCAIR_PAR_MID_RUR,2055,99999.0
RE1,DEMRESELCAIR_PAR_MID_URB,2022,99999.0
RE1,DEMRESELCAIR_PAR_MID_URB,2023,99999.0
RE1,DEMRESELCAIR_PAR_MID_URB,2024,99999.0
RE1,DEMRESELCAIR_PAR_MID_URB,2025,99999.0
RE1,DEMRESELCAIR_PAR_MID_URB,2026,99999.0
RE1,DEMRESELCAIR_PAR_MID_URB,2027,99999.0
RE1,DEMRESELCAIR_PAR_MID_URB,2028,99999.0
RE1,DEMRESELCAIR_PAR_MID_URB,2029,99999.0
RE1,DEMRESELCAIR_PAR_MID_URB,2030,99999.0
RE1,DEMRESELCAIR_PAR_MID_URB,2031,99999.0
RE1,DEMRESELCAIR_PAR_MID_URB,2032,99999.0
RE1,DEMRESELCAIR_PAR_MID_URB,2033,99999.0
RE1,DEMRESELCAIR_PAR_MID_URB,2034,99999.0
RE1,DEMRESELCAIR_PAR_MID_URB,2035,99999.0
RE1,DEMRESELCAIR_PAR_MID_URB,2036,99999.0
RE1,DEMRESELCAIR_PAR_MID_URB,2037,99999.0
RE1,DEMRESELCAIR_PAR_MID_URB,2038,99999.0
RE1,DEMRESELCAIR_PAR_MID_URB,2039,99999.0
RE1,DEMRESELCAIR_PAR_MID_URB,2040,99999.0
RE1,DEMRESELCAIR_PAR_MID_URB,2041,99999.0
RE1,DEMRESELCAIR_PAR_MID_URB,2042,99999.0
RE1,DEMRESELCAIR_PAR_MID_URB,2043,99999.0
RE1,DEMRESELCAIR_PAR_MID_URB,2044,99999.0
RE1,DEMRESELCAIR_PAR_MID_URB,2045,99999.0
RE1,DEMRESELCAIR_PAR_MID_URB,2046,99999.0
RE1,DEMRESELCAIR_PAR_MID_URB,2047,99999.0
RE1,DEMRESELCAIR_PAR_MID_URB,2048,99999.0
RE1,DEMRESELCAIR_PAR_MID_URB,2049,99999.0
RE1,DEMRESELCAIR_PAR_MID_URB,2050,99999.0
RE1,DEMRESELCAIR_PAR_MID_URB,2051,99999.0
RE1,DEMRESELCAIR_PAR_MID_URB,2052,99999.0
RE1,DEMRESELCAIR_PAR_MID_URB,2053,99999.0
RE1,DEMRESELCAIR_PAR_MID_URB,2054,99999.0
RE1,DEMRESELCAIR_PAR_MID_URB,2055,99999.0
RE1,DEMRESELCAIR_POR_HIG_RUR,2022,99999.0
RE1,DEMRESELCAIR_POR_HIG_RUR,2023,99999.0
RE1,DEMRESELCAIR_POR_HIG_RUR,2024,99999.0
RE1,DEMRESELCAIR_POR_HIG_RUR,2025,99999.0
RE1,DEMRESELCAIR_POR_HIG_RUR,2026,99999.0
RE1,DEMRESELCAIR_POR_HIG_RUR,2027,99999.0
RE1,DEMRESELCAIR_POR_HIG_RUR,2028,99999.0
RE1,DEMRESELCAIR_POR_HIG_RUR,2029,99999.0
RE1,DEMRESELCAIR_POR_HIG_RUR,2030,99999.0
RE1,DEMRESELCAIR_POR_HIG_RUR,2031,99999.0
RE1,DEMRESELCAIR_POR_HIG_RUR,2032,99999.0
RE1,DEMRESELCAIR_POR_HIG_RUR,2033,99999.0
RE1,DEMRESELCAIR_POR_HIG_RUR,2034,99999.0
RE1,DEMRESELCAIR_POR_HIG_RUR,2035,99999.0
RE1,DEMRESELCAIR_POR_HIG_RUR,2036,99999.0
RE1,DEMRESELCAIR_POR_HIG_RUR,2037,99999.0
RE1,DEMRESELCAIR_POR_HIG_RUR,2038,99999.0
RE1,DEMRESELCAIR_POR_HIG_RUR,2039,99999.0
RE1,DEMRESELCAIR_POR_HIG_RUR,2040,99999.0
RE1,DEMRESELCAIR_POR_HIG_RUR,2041,99999.0
RE1,DEMRESELCAIR_POR_HIG_RUR,2042,99999.0
RE1,DEMRESELCAIR_POR_HIG_RUR,2043,99999.0
RE1,DEMRESELCAIR_POR_HIG_RUR,2044,99999.0
RE1,DEMRESELCAIR_POR_HIG_RUR,2045,99999.0
RE1,DEMRESELCAIR_POR_HIG_RUR,2046,99999.0
RE1,DEMRESELCAIR_POR_HIG_RUR,2047,99999.0
RE1,DEMRESELCAIR_POR_HIG_RUR,2048,99999.0
RE1,DEMRESELCAIR_POR_HIG_RUR,2049,99999.0
RE1,DEMRESELCAIR_POR_HIG_RUR,2050,99999.0
RE1,DEMRESELCAIR_POR_HIG_RUR,2051,99999.0
RE1,DEMRESELCAIR_POR_HIG_RUR,2052,99999.0
RE1,DEMRESELCAIR_POR_HIG_RUR,2053,99999.0
RE1,DEMRESELCAIR_POR_HIG_RUR,2054,99999.0
RE1,DEMRESELCAIR_POR_HIG_RUR,2055,99999.0
RE1,DEMRESELCAIR_POR_HIG_URB,2022,99999.0
RE1,DEMRESELCAIR_POR_HIG_URB,2023,99999.0
RE1,DEMRESELCAIR_POR_HIG_URB,2024,99999.0
RE1,DEMRESELCAIR_POR_HIG_URB,2025,99999.0
RE1,DEMRESELCAIR_POR_HIG_URB,2026,99999.0
RE1,DEMRESELCAIR_POR_HIG_URB,2027,99999.0
RE1,DEMRESELCAIR_POR_HIG_URB,2028,99999.0
RE1,DEMRESELCAIR_POR_HIG_URB,2029,99999.0
RE1,DEMRESELCAIR_POR_HIG_URB,2030,99999.0
RE1,DEMRESELCAIR_POR_HIG_URB,2031,99999.0
RE1,DEMRESELCAIR_POR_HIG_URB,2032,99999.0
RE1,DEMRESELCAIR_POR_HIG_URB,2033,99999.0
RE1,DEMRESELCAIR_POR_HIG_URB,2034,99999.0
RE1,DEMRESELCAIR_POR_HIG_URB,2035,99999.0
RE1,DEMRESELCAIR_POR_HIG_URB,2036,99999.0
RE1,DEMRESELCAIR_POR_HIG_URB,2037,99999.0
RE1,DEMRESELCAIR_POR_HIG_URB,2038,99999.0
RE1,DEMRESELCAIR_POR_HIG_URB,2039,99999.0
RE1,DEMRESELCAIR_POR_HIG_URB,2040,99999.0
RE1,DEMRESELCAIR_POR_HIG_URB,2041,99999.0
RE1,DEMRESELCAIR_POR_HIG_URB,2042,99999.0
RE1,DEMRESELCAIR_POR_HIG_URB,2043,99999.0
RE1,DEMRESELCAIR_POR_HIG_URB,2044,99999.0
RE1,DEMRESELCAIR_POR_HIG_URB,2045,99999.0
RE1,DEMRESELCAIR_POR_HIG_URB,2046,99999.0
RE1,DEMRESELCAIR_POR_HIG_URB,2047,99999.0
RE1,DEMRESELCAIR_POR_HIG_URB,2048,99999.0
RE1,DEMRESELCAIR_POR_HIG_URB,2049,99999.0
RE1,DEMRESELCAIR_POR_HIG_URB,2050,99999.0
RE1,DEMRESELCAIR_POR_HIG_URB,2051,99999.0
RE1,DEMRESELCAIR_POR_HIG_URB,2052,99999.0
RE1,DEMRESELCAIR_POR_HIG_URB,2053,99999.0
RE1,DEMRESELCAIR_POR_HIG_URB,2054,99999.0
RE1,DEMRESELCAIR_POR_HIG_URB,2055,99999.0
RE1,DEMRESELCAIR_POR_LOW_RUR,2022,99999.0
RE1,DEMRESELCAIR_POR_LOW_RUR,2023,99999.0
RE1,DEMRESELCAIR_POR_LOW_RUR,2024,99999.0
RE1,DEMRESELCAIR_POR_LOW_RUR,2025,99999.0
RE1,DEMRESELCAIR_POR_LOW_RUR,2026,99999.0
RE1,DEMRESELCAIR_POR_LOW_RUR,2027,99999.0
RE1,DEMRESELCAIR_POR_LOW_RUR,2028,99999.0
RE1,DEMRESELCAIR_POR_LOW_RUR,2029,99999.0
RE1,DEMRESELCAIR_POR_LOW_RUR,2030,99999.0
RE1,DEMRESELCAIR_POR_LOW_RUR,2031,99999.0
RE1,DEMRESELCAIR_POR_LOW_RUR,2032,99999.0
RE1,DEMRESELCAIR_POR_LOW_RUR,2033,99999.0
RE1,DEMRESELCAIR_POR_LOW_RUR,2034,99999.0
RE1,DEMRESELCAIR_POR_LOW_RUR,2035,99999.0
RE1,DEMRESELCAIR_POR_LOW_RUR,2036,99999.0
RE1,DEMRESELCAIR_POR_LOW_RUR,2037,99999.0
RE1,DEMRESELCAIR_POR_LOW_RUR,2038,99999.0
RE1,DEMRESELCAIR_POR_LOW_RUR,2039,99999.0
RE1,DEMRESELCAIR_POR_LOW_RUR,2040,99999.0
RE1,DEMRESELCAIR_POR_LOW_RUR,2041,99999.0
RE1,DEMRESELCAIR_POR_LOW_RUR,2042,99999.0
RE1,DEMRESELCAIR_POR_LOW_RUR,2043,99999.0
RE1,DEMRESELCAIR_POR_LOW_RUR,2044,99999.0
RE1,DEMRESELCAIR_POR_LOW_RUR,2045,99999.0
RE1,DEMRESELCAIR_POR_LOW_RUR,2046,99999.0
RE1,DEMRESELCAIR_POR_LOW_RUR,2047,99999.0
RE1,DEMRESELCAIR_POR_LOW_RUR,2048,99999.0
RE1,DEMRESELCAIR_POR_LOW_RUR,2049,99999.0
RE1,DEMRESELCAIR_POR_LOW_RUR,2050,99999.0
RE1,DEMRESELCAIR_POR_LOW_RUR,2051,99999.0
RE1,DEMRESELCAIR_POR_LOW_RUR,2052,99999.0
RE1,DEMRESELCAIR_POR_LOW_RUR,2053,99999.0
RE1,DEMRESELCAIR_POR_LOW_RUR,2054,99999.0
RE1,DEMRESELCAIR_POR_LOW_RUR,2055,99999.0
RE1,DEMRESELCAIR_POR_LOW_URB,2022,99999.0
RE1,DEMRESELCAIR_POR_LOW_URB,2023,99999.0
RE1,DEMRESELCAIR_POR_LOW_URB,2024,99999.0
RE1,DEMRESELCAIR_POR_LOW_URB,2025,99999.0
RE1,DEMRESELCAIR_POR_LOW_URB,2026,99999.0
RE1,DEMRESELCAIR_POR_LOW_URB,2027,99999.0
RE1,DEMRESELCAIR_POR_LOW_URB,2028,99999.0
RE1,DEMRESELCAIR_POR_LOW_URB,2029,99999.0
RE1,DEMRESELCAIR_POR_LOW_URB,2030,99999.0
RE1,DEMRESELCAIR_POR_LOW_URB,2031,99999.0
RE1,DEMRESELCAIR_POR_LOW_URB,2032,99999.0
RE1,DEMRESELCAIR_POR_LOW_URB,2033,99999.0
RE1,DEMRESELCAIR_POR_LOW_URB,2034,99999.0
RE1,DEMRESELCAIR_POR_LOW_URB,2035,99999.0
RE1,DEMRESELCAIR_POR_LOW_URB,2036,99999.0
RE1,DEMRESELCAIR_POR_LOW_URB,2037,99999.0
RE1,DEMRESELCAIR_POR_LOW_URB,2038,99999.0
RE1,DEMRESELCAIR_POR_LOW_URB,2039,99999.0
RE1,DEMRESELCAIR_POR_LOW_URB,2040,99999.0
RE1,DEMRESELCAIR_POR_LOW_URB,2041,99999.0
RE1,DEMRESELCAIR_POR_LOW_URB,2042,99999.0
RE1,DEMRESELCAIR_POR_LOW_URB,2043,99999.0
RE1,DEMRESELCAIR_POR_LOW_URB,2044,99999.0
RE1,DEMRESELCAIR_POR_LOW_URB,2045,99999.0
RE1,DEMRESELCAIR_POR_LOW_URB,2046,99999.0
RE1,DEMRESELCAIR_POR_LOW_URB,2047,99999.0
RE1,DEMRESELCAIR_POR_LOW_URB,2048,99999.0
RE1,DEMRESELCAIR_POR_LOW_URB,2049,99999.0
RE1,DEMRESELCAIR_POR_LOW_URB,2050,99999.0
RE1,DEMRESELCAIR_POR_LOW_URB,2051,99999.0
RE1,DEMRESELCAIR_POR_LOW_URB,2052,99999.0
RE1,DEMRESELCAIR_POR_LOW_URB,2053,99999.0
RE1,DEMRESELCAIR_POR_LOW_URB,2054,99999.0
RE1,DEMRESELCAIR_POR_LOW_URB,2055,99999.0
RE1,DEMRESELCAIR_POR_MID_RUR,2022,99999.0
RE1,DEMRESELCAIR_POR_MID_RUR,2023,99999.0
RE1,DEMRESELCAIR_POR_MID_RUR,2024,99999.0
RE1,DEMRESELCAIR_POR_MID_RUR,2025,99999.0
RE1,DEMRESELCAIR_POR_MID_RUR,2026,99999.0
RE1,DEMRESELCAIR_POR_MID_RUR,2027,99999.0
RE1,DEMRESELCAIR_POR_MID_RUR,2028,99999.0
RE1,DEMRESELCAIR_POR_MID_RUR,2029,99999.0
RE1,DEMRESELCAIR_POR_MID_RUR,2030,99999.0
RE1,DEMRESELCAIR_POR_MID_RUR,2031,99999.0
RE1,DEMRESELCAIR_POR_MID_RUR,2032,99999.0
RE1,DEMRESELCAIR_POR_MID_RUR,2033,99999.0
RE1,DEMRESELCAIR_POR_MID_RUR,2034,99999.0
RE1,DEMRESELCAIR_POR_MID_RUR,2035,99999.0
RE1,DEMRESELCAIR_POR_MID_RUR,2036,99999.0
RE1,DEMRESELCAIR_POR_MID_RUR,2037,99999.0
RE1,DEMRESELCAIR_POR_MID_RUR,2038,99999.0
RE1,DEMRESELCAIR_POR_MID_RUR,2039,99999.0
RE1,DEMRESELCAIR_POR_MID_RUR,2040,99999.0
RE1,DEMRESELCAIR_POR_MID_RUR,2041,99999.0
RE1,DEMRESELCAIR_POR_MID_RUR,2042,99999.0
RE1,DEMRESELCAIR_POR_MID_RUR,2043,99999.0
RE1,DEMRESELCAIR_POR_MID_RUR,2044,99999.0
RE1,DEMRESELCAIR_POR_MID_RUR,2045,99999.0
RE1,DEMRESELCAIR_POR_MID_RUR,2046,99999.0
RE1,DEMRESELCAIR_POR_MID_RUR,2047,99999.0
RE1,DEMRESELCAIR_POR_MID_RUR,2048,99999.0
RE1,DEMRESELCAIR_POR_MID_RUR,2049,99999.0
RE1,DEMRESELCAIR_POR_MID_RUR,2050,99999.0
RE1,DEMRESELCAIR_POR_MID_RUR,2051,99999.0
RE1,DEMRESELCAIR_POR_MID_RUR,2052,99999.0
RE1,DEMRESELCAIR_POR_MID_RUR,2053,99999.0
RE1,DEMRESELCAIR_POR_MID_RUR,2054,99999.0
RE1,DEMRESELCAIR_POR_MID_RUR,2055,99999.0
RE1,DEMRESELCAIR_POR_MID_URB,2022,99999.0
RE1,DEMRESELCAIR_POR_MID_URB,2023,99999.0
RE1,DEMRESELCAIR_POR_MID_URB,2024,99999.0
RE1,DEMRESELCAIR_POR_MID_URB,2025,99999.0
RE1,DEMRESELCAIR_POR_MID_URB,2026,99999.0
RE1,DEMRESELCAIR_POR_MID_URB,2027,99999.0
RE1,DEMRESELCAIR_POR_MID_URB,2028,99999.0
RE1,DEMRESELCAIR_POR_MID_URB,2029,99999.0
RE1,DEMRESELCAIR_POR_MID_URB,2030,99999.0
RE1,DEMRESELCAIR_POR_MID_URB,2031,99999.0
RE1,DEMRESELCAIR_POR_MID_URB,2032,99999.0
RE1,DEMRESELCAIR_POR_MID_URB,2033,99999.0
RE1,DEMRESELCAIR_POR_MID_URB,2034,99999.0
RE1,DEMRESELCAIR_POR_MID_URB,2035,99999.0
RE1,DEMRESELCAIR_POR_MID_URB,2036,99999.0
RE1,DEMRESELCAIR_POR_MID_URB,2037,99999.0
RE1,DEMRESELCAIR_POR_MID_URB,2038,99999.0
RE1,DEMRESELCAIR_POR_MID_URB,2039,99999.0
RE1,DEMRESELCAIR_POR_MID_URB,2040,99999.0
RE1,DEMRESELCAIR_POR_MID_URB,2041,99999.0
RE1,DEMRESELCAIR_POR_MID_URB,2042,99999.0
RE1,DEMRESELCAIR_POR_MID_URB,2043,99999.0
RE1,DEMRESELCAIR_POR_MID_URB,2044,99999.0
RE1,DEMRESELCAIR_POR_MID_URB,2045,99999.0
RE1,DEMRESELCAIR_POR_MID_URB,2046,99999.0
RE1,DEMRESELCAIR_POR_MID_URB,2047,99999.0
RE1,DEMRESELCAIR_POR_MID_URB,2048,99999.0
RE1,DEMRESELCAIR_POR_MID_URB,2049,99999.0
RE1,DEMRESELCAIR_POR_MID_URB,2050,99999.0
RE1,DEMRESELCAIR_POR_MID_URB,2051,99999.0
RE1,DEMRESELCAIR_POR_MID_URB,2052,99999.0
RE1,DEMRESELCAIR_POR_MID_URB,2053,99999.0
RE1,DEMRESELCAIR_POR_MID_URB,2054,99999.0
RE1,DEMRESELCAIR_POR_MID_URB,2055,99999.0
RE1,DEMRESELCAIR_SPL_HIG_RUR,2022,99999.0
RE1,DEMRESELCAIR_SPL_HIG_RUR,2023,99999.0
RE1,DEMRESELCAIR_SPL_HIG_RUR,2024,99999.0
RE1,DEMRESELCAIR_SPL_HIG_RUR,2025,99999.0
RE1,DEMRESELCAIR_SPL_HIG_RUR,2026,99999.0
RE1,DEMRESELCAIR_SPL_HIG_RUR,2027,99999.0
RE1,DEMRESELCAIR_SPL_HIG_RUR,2028,99999.0
RE1,DEMRESELCAIR_SPL_HIG_RUR,2029,99999.0
RE1,DEMRESELCAIR_SPL_HIG_RUR,2030,99999.0
RE1,DEMRESELCAIR_SPL_HIG_RUR,2031,99999.0
RE1,DEMRESELCAIR_SPL_HIG_RUR,2032,99999.0
RE1,DEMRESELCAIR_SPL_HIG_RUR,2033,99999.0
RE1,DEMRESELCAIR_SPL_HIG_RUR,2034,99999.0
RE1,DEMRESELCAIR_SPL_HIG_RUR,2035,99999.0
RE1,DEMRESELCAIR_SPL_HIG_RUR,2036,99999.0
RE1,DEMRESELCAIR_SPL_HIG_RUR,2037,99999.0
RE1,DEMRESELCAIR_SPL_HIG_RUR,2038,99999.0
RE1,DEMRESELCAIR_SPL_HIG_RUR,2039,99999.0
RE1,DEMRESELCAIR_SPL_HIG_RUR,2040,99999.0
RE1,DEMRESELCAIR_SPL_HIG_RUR,2041,99999.0
RE1,DEMRESELCAIR_SPL_HIG_RUR,2042,99999.0
RE1,DEMRESELCAIR_SPL_HIG_RUR,2043,99999.0
RE1,DEMRESELCAIR_SPL_HIG_RUR,2044,99999.0
RE1,DEMRESELCAIR_SPL_HIG_RUR,2045,99999.0
RE1,DEMRESELCAIR_SPL_HIG_RUR,2046,99999.0
RE1,DEMRESELCAIR_SPL_HIG_RUR,2047,99999.0
RE1,DEMRESELCAIR_SPL_HIG_RUR,2048,99999.0
RE1,DEMRESELCAIR_SPL_HIG_RUR,2049,99999.0
RE1,DEMRESELCAIR_SPL_HIG_RUR,2050,99999.0
RE1,DEMRESELCAIR_SPL_HIG_RUR,2051,99999.0
RE1,DEMRESELCAIR_SPL_HIG_RUR,2052,99999.0
RE1,DEMRESELCAIR_SPL_HIG_RUR,2053,99999.0
RE1,DEMRESELCAIR_SPL_HIG_RUR,2054,99999.0
RE1,DEMRESELCAIR_SPL_HIG_RUR,2055,99999.0
RE1,DEMRESELCAIR_SPL_HIG_URB,2022,99999.0
RE1,DEMRESELCAIR_SPL_HIG_URB,2023,99999.0
RE1,DEMRESELCAIR_SPL_HIG_URB,2024,99999.0
RE1,DEMRESELCAIR_SPL_HIG_URB,2025,99999.0
RE1,DEMRESELCAIR_SPL_HIG_URB,2026,99999.0
RE1,DEMRESELCAIR_SPL_HIG_URB,2027,99999.0
RE1,DEMRESELCAIR_SPL_HIG_URB,2028,99999.0
RE1,DEMRESELCAIR_SPL_HIG_URB,2029,99999.0
RE1,DEMRESELCAIR_SPL_HIG_URB,2030,99999.0
RE1,DEMRESELCAIR_SPL_HIG_URB,2031,99999.0
RE1,DEMRESELCAIR_SPL_HIG_URB,2032,99999.0
RE1,DEMRESELCAIR_SPL_HIG_URB,2033,99999.0
RE1,DEMRESELCAIR_SPL_HIG_URB,2034,99999.0
RE1,DEMRESELCAIR_SPL_HIG_URB,2035,99999.0
RE1,DEMRESELCAIR_SPL_HIG_URB,2036,99999.0
RE1,DEMRESELCAIR_SPL_HIG_URB,2037,99999.0
RE1,DEMRESELCAIR_SPL_HIG_URB,2038,99999.0
RE1,DEMRESELCAIR_SPL_HIG_URB,2039,99999.0
RE1,DEMRESELCAIR_SPL_HIG_URB,2040,99999.0
RE1,DEMRESELCAIR_SPL_HIG_URB,2041,99999.0
RE1,DEMRESELCAIR_SPL_HIG_URB,2042,99999.0
RE1,DEMRESELCAIR_SPL_HIG_URB,2043,99999.0
RE1,DEMRESELCAIR_SPL_HIG_URB,2044,99999.0
RE1,DEMRESELCAIR_SPL_HIG_URB,2045,99999.0
RE1,DEMRESELCAIR_SPL_HIG_URB,2046,99999.0
RE1,DEMRESELCAIR_SPL_HIG_URB,2047,99999.0
RE1,DEMRESELCAIR_SPL_HIG_URB,2048,99999.0
RE1,DEMRESELCAIR_SPL_HIG_URB,2049,99999.0
RE1,DEMRESELCAIR_SPL_HIG_URB,2050,99999.0
RE1,DEMRESELCAIR_SPL_HIG_URB,2051,99999.0
RE1,DEMRESELCAIR_SPL_HIG_URB,2052,99999.0
RE1,DEMRESELCAIR_SPL_HIG_URB,2053,99999.0
RE1,DEMRESELCAIR_SPL_HIG_URB,2054,99999.0
RE1,DEMRESELCAIR_SPL_HIG_URB,2055,99999.0
RE1,DEMRESELCAIR_SPL_LOW_RUR,2022,99999.0
RE1,DEMRESELCAIR_SPL_LOW_RUR,2023,99999.0
RE1,DEMRESELCAIR_SPL_LOW_RUR,2024,99999.0
RE1,DEMRESELCAIR_SPL_LOW_RUR,2025,99999.0
RE1,DEMRESELCAIR_SPL_LOW_RUR,2026,99999.0
RE1,DEMRESELCAIR_SPL_LOW_RUR,2027,99999.0
RE1,DEMRESELCAIR_SPL_LOW_RUR,2028,99999.0
RE1,DEMRESELCAIR_SPL_LOW_RUR,2029,99999.0
RE1,DEMRESELCAIR_SPL_LOW_RUR,2030,99999.0
RE1,DEMRESELCAIR_SPL_LOW_RUR,2031,99999.0
RE1,DEMRESELCAIR_SPL_LOW_RUR,2032,99999.0
RE1,DEMRESELCAIR_SPL_LOW_RUR,2033,99999.0
RE1,DEMRESELCAIR_SPL_LOW_RUR,2034,99999.0
RE1,DEMRESELCAIR_SPL_LOW_RUR,2035,99999.0
RE1,DEMRESELCAIR_SPL_LOW_RUR,2036,99999.0
RE1,DEMRESELCAIR_SPL_LOW_RUR,2037,99999.0
RE1,DEMRESELCAIR_SPL_LOW_RUR,2038,99999.0
RE1,DEMRESELCAIR_SPL_LOW_RUR,2039,99999.0
RE1,DEMRESELCAIR_SPL_LOW_RUR,2040,99999.0
RE1,DEMRESELCAIR_SPL_LOW_RUR,2041,99999.0
RE1,DEMRESELCAIR_SPL_LOW_RUR,2042,99999.0
RE1,DEMRESELCAIR_SPL_LOW_RUR,2043,99999.0
RE1,DEMRESELCAIR_SPL_LOW_RUR,2044,99999.0
RE1,DEMRESELCAIR_SPL_LOW_RUR,2045,99999.0
RE1,DEMRESELCAIR_SPL_LOW_RUR,2046,99999.0
RE1,DEMRESELCAIR_SPL_LOW_RUR,2047,99999.0
RE1,DEMRESELCAIR_SPL_LOW_RUR,2048,99999.0
RE1,DEMRESELCAIR_SPL_LOW_RUR,2049,99999.0
RE1,DEMRESELCAIR_SPL_LOW_RUR,2050,99999.0
RE1,DEMRESELCAIR_SPL_LOW_RUR,2051,99999.0
RE1,DEMRESELCAIR_SPL_LOW_RUR,2052,99999.0
RE1,DEMRESELCAIR_SPL_LOW_RUR,2053,99999.0
RE1,DEMRESELCAIR_SPL_LOW_RUR,2054,99999.0
RE1,DEMRESELCAIR_SPL_LOW_RUR,2055,99999.0
RE1,DEMRESELCAIR_SPL_LOW_URB,2022,99999.0
RE1,DEMRESELCAIR_SPL_LOW_URB,2023,99999.0
RE1,DEMRESELCAIR_SPL_LOW_URB,2024,99999.0
RE1,DEMRESELCAIR_SPL_LOW_URB,2025,99999.0
RE1,DEMRESELCAIR_SPL_LOW_URB,2026,99999.0
RE1,DEMRESELCAIR_SPL_LOW_URB,2027,99999.0
RE1,DEMRESELCAIR_SPL_LOW_URB,2028,99999.0
RE1,DEMRESELCAIR_SPL_LOW_URB,2029,99999.0
RE1,DEMRESELCAIR_SPL_LOW_URB,2030,99999.0
RE1,DEMRESELCAIR_SPL_LOW_URB,2031,99999.0
RE1,DEMRESELCAIR_SPL_LOW_URB,2032,99999.0
RE1,DEMRESELCAIR_SPL_LOW_URB,2033,99999.0
RE1,DEMRESELCAIR_SPL_LOW_URB,2034,99999.0
RE1,DEMRESELCAIR_SPL_LOW_URB,2035,99999.0
RE1,DEMRESELCAIR_SPL_LOW_URB,2036,99999.0
RE1,DEMRESELCAIR_SPL_LOW_URB,2037,99999.0
RE1,DEMRESELCAIR_SPL_LOW_URB,2038,99999.0
RE1,DEMRESELCAIR_SPL_LOW_URB,2039,99999.0
RE1,DEMRESELCAIR_SPL_LOW_URB,2040,99999.0
RE1,DEMRESELCAIR_SPL_LOW_URB,2041,99999.0
RE1,DEMRESELCAIR_SPL_LOW_URB,2042,99999.0
RE1,DEMRESELCAIR_SPL_LOW_URB,2043,99999.0
RE1,DEMRESELCAIR_SPL_LOW_URB,2044,99999.0
RE1,DEMRESELCAIR_SPL_LOW_URB,2045,99999.0
RE1,DEMRESELCAIR_SPL_LOW_URB,2046,99999.0
RE1,DEMRESELCAIR_SPL_LOW_URB,2047,99999.0
RE1,DEMRESELCAIR_SPL_LOW_URB,2048,99999.0
RE1,DEMRESELCAIR_SPL_LOW_URB,2049,99999.0
RE1,DEMRESELCAIR_SPL_LOW_URB,2050,99999.0
RE1,DEMRESELCAIR_SPL_LOW_URB,2051,99999.0
RE1,DEMRESELCAIR_SPL_LOW_URB,2052,99999.0
RE1,DEMRESELCAIR_SPL_LOW_URB,2053,99999.0
RE1,DEMRESELCAIR_SPL_LOW_URB,2054,99999.0
RE1,DEMRESELCAIR_SPL_LOW_URB,2055,99999.0
RE1,DEMRESELCAIR_SPL_MID_RUR,2022,99999.0
RE1,DEMRESELCAIR_SPL_MID_RUR,2023,99999.0
RE1,DEMRESELCAIR_SPL_MID_RUR,2024,99999.0
RE1,DEMRESELCAIR_SPL_MID_RUR,2025,99999.0
RE1,DEMRESELCAIR_SPL_MID_RUR,2026,99999.0
RE1,DEMRESELCAIR_SPL_MID_RUR,2027,99999.0
RE1,DEMRESELCAIR_SPL_MID_RUR,2028,99999.0
RE1,DEMRESELCAIR_SPL_MID_RUR,2029,99999.0
RE1,DEMRESELCAIR_SPL_MID_RUR,2030,99999.0
RE1,DEMRESELCAIR_SPL_MID_RUR,2031,99999.0
RE1,DEMRESELCAIR_SPL_MID_RUR,2032,99999.0
RE1,DEMRESELCAIR_SPL_MID_RUR,2033,99999.0
RE1,DEMRESELCAIR_SPL_MID_RUR,2034,99999.0
RE1,DEMRESELCAIR_SPL_MID_RUR,2035,99999.0
RE1,DEMRESELCAIR_SPL_MID_RUR,2036,99999.0
RE1,DEMRESELCAIR_SPL_MID_RUR,2037,99999.0
RE1,DEMRESELCAIR_SPL_MID_RUR,2038,99999.0
RE1,DEMRESELCAIR_SPL_MID_RUR,2039,99999.0
RE1,DEMRESELCAIR_SPL_MID_RUR,2040,99999.0
RE1,DEMRESELCAIR_SPL_MID_RUR,2041,99999.0
RE1,DEMRESELCAIR_SPL_MID_RUR,2042,99999.0
RE1,DEMRESELCAIR_SPL_MID_RUR,2043,99999.0
RE1,DEMRESELCAIR_SPL_MID_RUR,2044,99999.0
RE1,DEMRESELCAIR_SPL_MID_RUR,2045,99999.0
RE1,DEMRESELCAIR_SPL_MID_RUR,2046,99999.0
RE1,DEMRESELCAIR_SPL_MID_RUR,2047,99999.0
RE1,DEMRESELCAIR_SPL_MID_RUR,2048,99999.0
RE1,DEMRESELCAIR_SPL_MID_RUR,2049,99999.0
RE1,DEMRESELCAIR_SPL_MID_RUR,2050,99999.0
RE1,DEMRESELCAIR_SPL_MID_RUR,2051,99999.0
RE1,DEMRESELCAIR_SPL_MID_RUR,2052,99999.0
RE1,DEMRESELCAIR_SPL_MID_RUR,2053,99999.0
RE1,DEMRESELCAIR_SPL_MID_RUR,2054,99999.0
RE1,DEMRESELCAIR_SPL_MID_RUR,2055,99999.0
RE1,DEMRESELCAIR_SPL_MID_URB,2022,99999.0
RE1,DEMRESELCAIR_SPL_MID_URB,2023,99999.0
RE1,DEMRESELCAIR_SPL_MID_URB,2024,99999.0
RE1,DEMRESELCAIR_SPL_MID_URB,2025,99999.0
RE1,DEMRESELCAIR_SPL_MID_URB,2026,99999.0
RE1,DEMRESELCAIR_SPL_MID_URB,2027,99999.0
RE1,DEMRESELCAIR_SPL_MID_URB,2028,99999.0
RE1,DEMRESELCAIR_SPL_MID_URB,2029,99999.0
RE1,DEMRESELCAIR_SPL_MID_URB,2030,99999.0
RE1,DEMRESELCAIR_SPL_MID_URB,2031,99999.0
RE1,DEMRESELCAIR_SPL_MID_URB,2032,99999.0
RE1,DEMRESELCAIR_SPL_MID_URB,2033,99999.0
RE1,DEMRESELCAIR_SPL_MID_URB,2034,99999.0
RE1,DEMRESELCAIR_SPL_MID_URB,2035,99999.0
RE1,DEMRESELCAIR_SPL_MID_URB,2036,99999.0
RE1,DEMRESELCAIR_SPL_MID_URB,2037,99999.0
RE1,DEMRESELCAIR_SPL_MID_URB,2038,99999.0
RE1,DEMRESELCAIR_SPL_MID_URB,2039,99999.0
RE1,DEMRESELCAIR_SPL_MID_URB,2040,99999.0
RE1,DEMRESELCAIR_SPL_MID_URB,2041,99999.0
RE1,DEMRESELCAIR_SPL_MID_URB,2042,99999.0
RE1,DEMRESELCAIR_SPL_MID_URB,2043,99999.0
RE1,DEMRESELCAIR_SPL_MID_URB,2044,99999.0
RE1,DEMRESELCAIR_SPL_MID_URB,2045,99999.0
RE1,DEMRESELCAIR_SPL_MID_URB,2046,99999.0
RE1,DEMRESELCAIR_SPL_MID_URB,2047,99999.0
RE1,DEMRESELCAIR_SPL_MID_URB,2048,99999.0
RE1,DEMRESELCAIR_SPL_MID_URB,2049,99999.0
RE1,DEMRESELCAIR_SPL_MID_URB,2050,99999.0
RE1,DEMRESELCAIR_SPL_MID_URB,2051,99999.0
RE1,DEMRESELCAIR_SPL_MID_URB,2052,99999.0
RE1,DEMRESELCAIR_SPL_MID_URB,2053,99999.0
RE1,DEMRESELCAIR_SPL_MID_URB,2054,99999.0
RE1,DEMRESELCAIR_SPL_MID_URB,2055,99999.0
RE1,DEMRESELCCKN_HIG_RUR,2022,99999.0
RE1,DEMRESELCCKN_HIG_RUR,2023,99999.0
RE1,DEMRESELCCKN_HIG_RUR,2024,99999.0
RE1,DEMRESELCCKN_HIG_RUR,2025,99999.0
RE1,DEMRESELCCKN_HIG_RUR,2026,99999.0
RE1,DEMRESELCCKN_HIG_RUR,2027,99999.0
RE1,DEMRESELCCKN_HIG_RUR,2028,99999.0
RE1,DEMRESELCCKN_HIG_RUR,2029,99999.0
RE1,DEMRESELCCKN_HIG_RUR,2030,99999.0
RE1,DEMRESELCCKN_HIG_RUR,2031,99999.0
RE1,DEMRESELCCKN_HIG_RUR,2032,99999.0
RE1,DEMRESELCCKN_HIG_RUR,2033,99999.0
RE1,DEMRESELCCKN_HIG_RUR,2034,99999.0
RE1,DEMRESELCCKN_HIG_RUR,2035,99999.0
RE1,DEMRESELCCKN_HIG_RUR,2036,99999.0
RE1,DEMRESELCCKN_HIG_RUR,2037,99999.0
RE1,DEMRESELCCKN_HIG_RUR,2038,99999.0
RE1,DEMRESELCCKN_HIG_RUR,2039,99999.0
RE1,DEMRESELCCKN_HIG_RUR,2040,99999.0
RE1,DEMRESELCCKN_HIG_RUR,2041,99999.0
RE1,DEMRESELCCKN_HIG_RUR,2042,99999.0
RE1,DEMRESELCCKN_HIG_RUR,2043,99999.0
RE1,DEMRESELCCKN_HIG_RUR,2044,99999.0
RE1,DEMRESELCCKN_HIG_RUR,2045,99999.0
RE1,DEMRESELCCKN_HIG_RUR,2046,99999.0
RE1,DEMRESELCCKN_HIG_RUR,2047,99999.0
RE1,DEMRESELCCKN_HIG_RUR,2048,99999.0
RE1,DEMRESELCCKN_HIG_RUR,2049,99999.0
RE1,DEMRESELCCKN_HIG_RUR,2050,99999.0
RE1,DEMRESELCCKN_HIG_RUR,2051,99999.0
RE1,DEMRESELCCKN_HIG_RUR,2052,99999.0
RE1,DEMRESELCCKN_HIG_RUR,2053,99999.0
RE1,DEMRESELCCKN_HIG_RUR,2054,99999.0
RE1,DEMRESELCCKN_HIG_RUR,2055,99999.0
RE1,DEMRESELCCKN_HIG_URB,2022,99999.0
RE1,DEMRESELCCKN_HIG_URB,2023,99999.0
RE1,DEMRESELCCKN_HIG_URB,2024,99999.0
RE1,DEMRESELCCKN_HIG_URB,2025,99999.0
RE1,DEMRESELCCKN_HIG_URB,2026,99999.0
RE1,DEMRESELCCKN_HIG_URB,2027,99999.0
RE1,DEMRESELCCKN_HIG_URB,2028,99999.0
RE1,DEMRESELCCKN_HIG_URB,2029,99999.0
RE1,DEMRESELCCKN_HIG_URB,2030,99999.0
RE1,DEMRESELCCKN_HIG_URB,2031,99999.0
RE1,DEMRESELCCKN_HIG_URB,2032,99999.0
RE1,DEMRESELCCKN_HIG_URB,2033,99999.0
RE1,DEMRESELCCKN_HIG_URB,2034,99999.0
RE1,DEMRESELCCKN_HIG_URB,2035,99999.0
RE1,DEMRESELCCKN_HIG_URB,2036,99999.0
RE1,DEMRESELCCKN_HIG_URB,2037,99999.0
RE1,DEMRESELCCKN_HIG_URB,2038,99999.0
RE1,DEMRESELCCKN_HIG_URB,2039,99999.0
RE1,DEMRESELCCKN_HIG_URB,2040,99999.0
RE1,DEMRESELCCKN_HIG_URB,2041,99999.0
RE1,DEMRESELCCKN_HIG_URB,2042,99999.0
RE1,DEMRESELCCKN_HIG_URB,2043,99999.0
RE1,DEMRESELCCKN_HIG_URB,2044,99999.0
RE1,DEMRESELCCKN_HIG_URB,2045,99999.0
RE1,DEMRESELCCKN_HIG_URB,2046,99999.0
RE1,DEMRESELCCKN_HIG_URB,2047,99999.0
RE1,DEMRESELCCKN_HIG_URB,2048,99999.0
RE1,DEMRESELCCKN_HIG_URB,2049,99999.0
RE1,DEMRESELCCKN_HIG_URB,2050,99999.0
RE1,DEMRESELCCKN_HIG_URB,2051,99999.0
RE1,DEMRESELCCKN_HIG_URB,2052,99999.0
RE1,DEMRESELCCKN_HIG_URB,2053,99999.0
RE1,DEMRESELCCKN_HIG_URB,2054,99999.0
RE1,DEMRESELCCKN_HIG_URB,2055,99999.0
RE1,DEMRESELCCKN_LOW_RUR,2022,99999.0
RE1,DEMRESELCCKN_LOW_RUR,2023,99999.0
RE1,DEMRESELCCKN_LOW_RUR,2024,99999.0
RE1,DEMRESELCCKN_LOW_RUR,2025,99999.0
RE1,DEMRESELCCKN_LOW_RUR,2026,99999.0
RE1,DEMRESELCCKN_LOW_RUR,2027,99999.0
RE1,DEMRESELCCKN_LOW_RUR,2028,99999.0
RE1,DEMRESELCCKN_LOW_RUR,2029,99999.0
RE1,DEMRESELCCKN_LOW_RUR,2030,99999.0
RE1,DEMRESELCCKN_LOW_RUR,2031,99999.0
RE1,DEMRESELCCKN_LOW_RUR,2032,99999.0
RE1,DEMRESELCCKN_LOW_RUR,2033,99999.0
RE1,DEMRESELCCKN_LOW_RUR,2034,99999.0
RE1,DEMRESELCCKN_LOW_RUR,2035,99999.0
RE1,DEMRESELCCKN_LOW_RUR,2036,99999.0
RE1,DEMRESELCCKN_LOW_RUR,2037,99999.0
RE1,DEMRESELCCKN_LOW_RUR,2038,99999.0
RE1,DEMRESELCCKN_LOW_RUR,2039,99999.0
RE1,DEMRESELCCKN_LOW_RUR,2040,99999.0
RE1,DEMRESELCCKN_LOW_RUR,2041,99999.0
RE1,DEMRESELCCKN_LOW_RUR,2042,99999.0
RE1,DEMRESELCCKN_LOW_RUR,2043,99999.0
RE1,DEMRESELCCKN_LOW_RUR,2044,99999.0
RE1,DEMRESELCCKN_LOW_RUR,2045,99999.0
RE1,DEMRESELCCKN_LOW_RUR,2046,99999.0
RE1,DEMRESELCCKN_LOW_RUR,2047,99999.0
RE1,DEMRESELCCKN_LOW_RUR,2048,99999.0
RE1,DEMRESELCCKN_LOW_RUR,2049,99999.0
RE1,DEMRESELCCKN_LOW_RUR,2050,99999.0
RE1,DEMRESELCCKN_LOW_RUR,2051,99999.0
RE1,DEMRESELCCKN_LOW_RUR,2052,99999.0
RE1,DEMRESELCCKN_LOW_RUR,2053,99999.0
RE1,DEMRESELCCKN_LOW_RUR,2054,99999.0
RE1,DEMRESELCCKN_LOW_RUR,2055,99999.0
RE1,DEMRESELCCKN_LOW_URB,2022,99999.0
RE1,DEMRESELCCKN_LOW_URB,2023,99999.0
RE1,DEMRESELCCKN_LOW_URB,2024,99999.0
RE1,DEMRESELCCKN_LOW_URB,2025,99999.0
RE1,DEMRESELCCKN_LOW_URB,2026,99999.0
RE1,DEMRESELCCKN_LOW_URB,2027,99999.0
RE1,DEMRESELCCKN_LOW_URB,2028,99999.0
RE1,DEMRESELCCKN_LOW_URB,2029,99999.0
RE1,DEMRESELCCKN_LOW_URB,2030,99999.0
RE1,DEMRESELCCKN_LOW_URB,2031,99999.0
RE1,DEMRESELCCKN_LOW_URB,2032,99999.0
RE1,DEMRESELCCKN_LOW_URB,2033,99999.0
RE1,DEMRESELCCKN_LOW_URB,2034,99999.0
RE1,DEMRESELCCKN_LOW_URB,2035,99999.0
RE1,DEMRESELCCKN_LOW_URB,2036,99999.0
RE1,DEMRESELCCKN_LOW_URB,2037,99999.0
RE1,DEMRESELCCKN_LOW_URB,2038,99999.0
RE1,DEMRESELCCKN_LOW_URB,2039,99999.0
RE1,DEMRESELCCKN_LOW_URB,2040,99999.0
RE1,DEMRESELCCKN_LOW_URB,2041,99999.0
RE1,DEMRESELCCKN_LOW_URB,2042,99999.0
RE1,DEMRESELCCKN_LOW_URB,2043,99999.0
RE1,DEMRESELCCKN_LOW_URB,2044,99999.0
RE1,DEMRESELCCKN_LOW_URB,2045,99999.0
RE1,DEMRESELCCKN_LOW_URB,2046,99999.0
RE1,DEMRESELCCKN_LOW_URB,2047,99999.0
RE1,DEMRESELCCKN_LOW_URB,2048,99999.0
RE1,DEMRESELCCKN_LOW_URB,2049,99999.0
RE1,DEMRESELCCKN_LOW_URB,2050,99999.0
RE1,DEMRESELCCKN_LOW_URB,2051,99999.0
RE1,DEMRESELCCKN_LOW_URB,2052,99999.0
RE1,DEMRESELCCKN_LOW_URB,2053,99999.0
RE1,DEMRESELCCKN_LOW_URB,2054,99999.0
RE1,DEMRESELCCKN_LOW_URB,2055,99999.0
RE1,DEMRESELCCKN_MID_RUR,2022,99999.0
RE1,DEMRESELCCKN_MID_RUR,2023,99999.0
RE1,DEMRESELCCKN_MID_RUR,2024,99999.0
RE1,DEMRESELCCKN_MID_RUR,2025,0.3715033576408762
RE1,DEMRESELCCKN_MID_RUR,2026,0.3715731390815576
RE1,DEMRESELCCKN_MID_RUR,2027,0.3716492931250191
RE1,DEMRESELCCKN_MID_RUR,2028,0.3717055043415525
RE1,DEMRESELCCKN_MID_RUR,2029,0.3716750631656968
RE1,DEMRESELCCKN_MID_RUR,2030,0.371547844958062
RE1,DEMRESELCCKN_MID_RUR,2031,0.3787631308660398
RE1,DEMRESELCCKN_MID_RUR,2032,0.3859657207112857
RE1,DEMRESELCCKN_MID_RUR,2033,0.3931479923817677
RE1,DEMRESELCCKN_MID_RUR,2034,0.4003090500213745
RE1,DEMRESELCCKN_MID_RUR,2035,0.4074572598520896
RE1,DEMRESELCCKN_MID_RUR,2036,0.4145544884162325
RE1,DEMRESELCCKN_MID_RUR,2037,0.4216109665767557
RE1,DEMRESELCCKN_MID_RUR,2038,0.4286608487553749
RE1,DEMRESELCCKN_MID_RUR,2039,0.4357047247696131
RE1,DEMRESELCCKN_MID_RUR,2040,0.4427384942988723
RE1,DEMRESELCCKN_MID_RUR,2041,0.4491716556662831
RE1,DEMRESELCCKN_MID_RUR,2042,0.4555713307226866
RE1,DEMRESELCCKN_MID_RUR,2043,0.4619362976708042
RE1,DEMRESELCCKN_MID_RUR,2044,0.4682514730062816
RE1,DEMRESELCCKN_MID_RUR,2045,0.4745277524840117
RE1,DEMRESELCCKN_MID_RUR,2046,0.4804109654248403
RE1,DEMRESELCCKN_MID_RUR,2047,0.4862132170707883
RE1,DEMRESELCCKN_MID_RUR,2048,0.4919059457234579
RE1,DEMRESELCCKN_MID_RUR,2049,0.4974179471812473
RE1,DEMRESELCCKN_MID_RUR,2050,0.5027713862617641
RE1,DEMRESELCCKN_MID_RUR,2051,0.510635945132262
RE1,DEMRESELCCKN_MID_RUR,2052,0.5184236222698175
RE1,DEMRESELCCKN_MID_RUR,2053,0.5261271025817924
RE1,DEMRESELCCKN_MID_RUR,2054,0.5337390553729043
RE1,DEMRESELCCKN_MID_RUR,2055,0.5337390553729043
RE1,DEMRESELCCKN_MID_URB,2022,99999.0
RE1,DEMRESELCCKN_MID_URB,2023,99999.0
RE1,DEMRESELCCKN_MID_URB,2024,99999.0
RE1,DEMRESELCCKN_MID_URB,2025,99999.0
RE1,DEMRESELCCKN_MID_URB,2026,99999.0
RE1,DEMRESELCCKN_MID_URB,2027,99999.0
RE1,DEMRESELCCKN_MID_URB,2028,99999.0
RE1,DEMRESELCCKN_MID_URB,2029,99999.0
RE1,DEMRESELCCKN_MID_URB,2030,99999.0
RE1,DEMRESELCCKN_MID_URB,2031,99999.0
RE1,DEMRESELCCKN_MID_URB,2032,99999.0
RE1,DEMRESELCCKN_MID_URB,2033,99999.0
RE1,DEMRESELCCKN_MID_URB,2034,99999.0
RE1,DEMRESELCCKN_MID_URB,2035,99999.0
RE1,DEMRESELCCKN_MID_URB,2036,99999.0
RE1,DEMRESELCCKN_MID_URB,2037,99999.0
RE1,DEMRESELCCKN_MID_URB,2038,99999.0
RE1,DEMRESELCCKN_MID_URB,2039,99999.0
RE1,DEMRESELCCKN_MID_URB,2040,99999.0
RE1,DEMRESELCCKN_MID_URB,2041,99999.0
RE1,DEMRESELCCKN_MID_URB,2042,99999.0
RE1,DEMRESELCCKN_MID_URB,2043,99999.0
RE1,DEMRESELCCKN_MID_URB,2044,99999.0
RE1,DEMRESELCCKN_MID_URB,2045,99999.0
RE1,DEMRESELCCKN_MID_URB,2046,99999.0
RE1,DEMRESELCCKN_MID_URB,2047,99999.0
RE1,DEMRESELCCKN_MID_URB,2048,99999.0
RE1,DEMRESELCCKN_MID_URB,2049,99999.0
RE1,DEMRESELCCKN_MID_URB,2050,99999.0
RE1,DEMRESELCCKN_MID_URB,2051,99999.0
RE1,DEMRESELCCKN_MID_URB,2052,99999.0
RE1,DEMRESELCCKN_MID_URB,2053,99999.0
RE1,DEMRESELCCKN_MID_URB,2054,99999.0
RE1,DEMRESELCCKN_MID_URB,2055,99999.0
RE1,DEMRESELCFAN_HIG_RUR,2022,99999.0
RE1,DEMRESELCFAN_HIG_RUR,2023,99999.0
RE1,DEMRESELCFAN_HIG_RUR,2024,99999.0
RE1,DEMRESELCFAN_HIG_RUR,2025,99999.0
RE1,DEMRESELCFAN_HIG_RUR,2026,99999.0
RE1,DEMRESELCFAN_HIG_RUR,2027,99999.0
RE1,DEMRESELCFAN_HIG_RUR,2028,99999.0
RE1,DEMRESELCFAN_HIG_RUR,2029,99999.0
RE1,DEMRESELCFAN_HIG_RUR,2030,99999.0
RE1,DEMRESELCFAN_HIG_RUR,2031,99999.0
RE1,DEMRESELCFAN_HIG_RUR,2032,99999.0
RE1,DEMRESELCFAN_HIG_RUR,2033,99999.0
RE1,DEMRESELCFAN_HIG_RUR,2034,99999.0
RE1,DEMRESELCFAN_HIG_RUR,2035,99999.0
RE1,DEMRESELCFAN_HIG_RUR,2036,99999.0
RE1,DEMRESELCFAN_HIG_RUR,2037,99999.0
RE1,DEMRESELCFAN_HIG_RUR,2038,99999.0
RE1,DEMRESELCFAN_HIG_RUR,2039,99999.0
RE1,DEMRESELCFAN_HIG_RUR,2040,99999.0
RE1,DEMRESELCFAN_HIG_RUR,2041,99999.0
RE1,DEMRESELCFAN_HIG_RUR,2042,99999.0
RE1,DEMRESELCFAN_HIG_RUR,2043,99999.0
RE1,DEMRESELCFAN_HIG_RUR,2044,99999.0
RE1,DEMRESELCFAN_HIG_RUR,2045,99999.0
RE1,DEMRESELCFAN_HIG_RUR,2046,99999.0
RE1,DEMRESELCFAN_HIG_RUR,2047,99999.0
RE1,DEMRESELCFAN_HIG_RUR,2048,99999.0
RE1,DEMRESELCFAN_HIG_RUR,2049,99999.0
RE1,DEMRESELCFAN_HIG_RUR,2050,99999.0
RE1,DEMRESELCFAN_HIG_RUR,2051,99999.0
RE1,DEMRESELCFAN_HIG_RUR,2052,99999.0
RE1,DEMRESELCFAN_HIG_RUR,2053,99999.0
RE1,DEMRESELCFAN_HIG_RUR,2054,99999.0
RE1,DEMRESELCFAN_HIG_RUR,2055,99999.0
RE1,DEMRESELCFAN_HIG_URB,2022,99999.0
RE1,DEMRESELCFAN_HIG_URB,2023,99999.0
RE1,DEMRESELCFAN_HIG_URB,2024,99999.0
RE1,DEMRESELCFAN_HIG_URB,2025,99999.0
RE1,DEMRESELCFAN_HIG_URB,2026,99999.0
RE1,DEMRESELCFAN_HIG_URB,2027,99999.0
RE1,DEMRESELCFAN_HIG_URB,2028,99999.0
RE1,DEMRESELCFAN_HIG_URB,2029,99999.0
RE1,DEMRESELCFAN_HIG_URB,2030,99999.0
RE1,DEMRESELCFAN_HIG_URB,2031,99999.0
RE1,DEMRESELCFAN_HIG_URB,2032,99999.0
RE1,DEMRESELCFAN_HIG_URB,2033,99999.0
RE1,DEMRESELCFAN_HIG_URB,2034,99999.0
RE1,DEMRESELCFAN_HIG_URB,2035,99999.0
RE1,DEMRESELCFAN_HIG_URB,2036,99999.0
RE1,DEMRESELCFAN_HIG_URB,2037,99999.0
RE1,DEMRESELCFAN_HIG_URB,2038,99999.0
RE1,DEMRESELCFAN_HIG_URB,2039,99999.0
RE1,DEMRESELCFAN_HIG_URB,2040,99999.0
RE1,DEMRESELCFAN_HIG_URB,2041,99999.0
RE1,DEMRESELCFAN_HIG_URB,2042,99999.0
RE1,DEMRESELCFAN_HIG_URB,2043,99999.0
RE1,DEMRESELCFAN_HIG_URB,2044,99999.0
RE1,DEMRESELCFAN_HIG_URB,2045,99999.0
RE1,DEMRESELCFAN_HIG_URB,2046,99999.0
RE1,DEMRESELCFAN_HIG_URB,2047,99999.0
RE1,DEMRESELCFAN_HIG_URB,2048,99999.0
RE1,DEMRESELCFAN_HIG_URB,2049,99999.0
RE1,DEMRESELCFAN_HIG_URB,2050,99999.0
RE1,DEMRESELCFAN_HIG_URB,2051,99999.0
RE1,DEMRESELCFAN_HIG_URB,2052,99999.0
RE1,DEMRESELCFAN_HIG_URB,2053,99999.0
RE1,DEMRESELCFAN_HIG_URB,2054,99999.0
RE1,DEMRESELCFAN_HIG_URB,2055,99999.0
RE1,DEMRESELCFAN_LOW_RUR,2022,99999.0
RE1,DEMRESELCFAN_LOW_RUR,2023,99999.0
RE1,DEMRESELCFAN_LOW_RUR,2024,99999.0
RE1,DEMRESELCFAN_LOW_RUR,2025,99999.0
RE1,DEMRESELCFAN_LOW_RUR,2026,99999.0
RE1,DEMRESELCFAN_LOW_RUR,2027,99999.0
RE1,DEMRESELCFAN_LOW_RUR,2028,99999.0
RE1,DEMRESELCFAN_LOW_RUR,2029,99999.0
RE1,DEMRESELCFAN_LOW_RUR,2030,99999.0
RE1,DEMRESELCFAN_LOW_RUR,2031,99999.0
RE1,DEMRESELCFAN_LOW_RUR,2032,99999.0
RE1,DEMRESELCFAN_LOW_RUR,2033,99999.0
RE1,DEMRESELCFAN_LOW_RUR,2034,99999.0
RE1,DEMRESELCFAN_LOW_RUR,2035,99999.0
RE1,DEMRESELCFAN_LOW_RUR,2036,99999.0
RE1,DEMRESELCFAN_LOW_RUR,2037,99999.0
RE1,DEMRESELCFAN_LOW_RUR,2038,99999.0
RE1,DEMRESELCFAN_LOW_RUR,2039,99999.0
RE1,DEMRESELCFAN_LOW_RUR,2040,99999.0
RE1,DEMRESELCFAN_LOW_RUR,2041,99999.0
RE1,DEMRESELCFAN_LOW_RUR,2042,99999.0
RE1,DEMRESELCFAN_LOW_RUR,2043,99999.0
RE1,DEMRESELCFAN_LOW_RUR,2044,99999.0
RE1,DEMRESELCFAN_LOW_RUR,2045,99999.0
RE1,DEMRESELCFAN_LOW_RUR,2046,99999.0
RE1,DEMRESELCFAN_LOW_RUR,2047,99999.0
RE1,DEMRESELCFAN_LOW_RUR,2048,99999.0
RE1,DEMRESELCFAN_LOW_RUR,2049,99999.0
RE1,DEMRESELCFAN_LOW_RUR,2050,99999.0
RE1,DEMRESELCFAN_LOW_RUR,2051,99999.0
RE1,DEMRESELCFAN_LOW_RUR,2052,99999.0
RE1,DEMRESELCFAN_LOW_RUR,2053,99999.0
RE1,DEMRESELCFAN_LOW_RUR,2054,99999.0
RE1,DEMRESELCFAN_LOW_RUR,2055,99999.0
RE1,DEMRESELCFAN_LOW_URB,2022,99999.0
RE1,DEMRESELCFAN_LOW_URB,2023,99999.0
RE1,DEMRESELCFAN_LOW_URB,2024,99999.0
RE1,DEMRESELCFAN_LOW_URB,2025,99999.0
RE1,DEMRESELCFAN_LOW_URB,2026,99999.0
RE1,DEMRESELCFAN_LOW_URB,2027,99999.0
RE1,DEMRESELCFAN_LOW_URB,2028,99999.0
RE1,DEMRESELCFAN_LOW_URB,2029,99999.0
RE1,DEMRESELCFAN_LOW_URB,2030,99999.0
RE1,DEMRESELCFAN_LOW_URB,2031,99999.0
RE1,DEMRESELCFAN_LOW_URB,2032,99999.0
RE1,DEMRESELCFAN_LOW_URB,2033,99999.0
RE1,DEMRESELCFAN_LOW_URB,2034,99999.0
RE1,DEMRESELCFAN_LOW_URB,2035,99999.0
RE1,DEMRESELCFAN_LOW_URB,2036,99999.0
RE1,DEMRESELCFAN_LOW_URB,2037,99999.0
RE1,DEMRESELCFAN_LOW_URB,2038,99999.0
RE1,DEMRESELCFAN_LOW_URB,2039,99999.0
RE1,DEMRESELCFAN_LOW_URB,2040,99999.0
RE1,DEMRESELCFAN_LOW_URB,2041,99999.0
RE1,DEMRESELCFAN_LOW_URB,2042,99999.0
RE1,DEMRESELCFAN_LOW_URB,2043,99999.0
RE1,DEMRESELCFAN_LOW_URB,2044,99999.0
RE1,DEMRESELCFAN_LOW_URB,2045,99999.0
RE1,DEMRESELCFAN_LOW_URB,2046,99999.0
RE1,DEMRESELCFAN_LOW_URB,2047,99999.0
RE1,DEMRESELCFAN_LOW_URB,2048,99999.0
RE1,DEMRESELCFAN_LOW_URB,2049,99999.0
RE1,DEMRESELCFAN_LOW_URB,2050,99999.0
RE1,DEMRESELCFAN_LOW_URB,2051,99999.0
RE1,DEMRESELCFAN_LOW_URB,2052,99999.0
RE1,DEMRESELCFAN_LOW_URB,2053,99999.0
RE1,DEMRESELCFAN_LOW_URB,2054,99999.0
RE1,DEMRESELCFAN_LOW_URB,2055,99999.0
RE1,DEMRESELCFAN_MID_RUR,2022,99999.0
RE1,DEMRESELCFAN_MID_RUR,2023,99999.0
RE1,DEMRESELCFAN_MID_RUR,2024,99999.0
RE1,DEMRESELCFAN_MID_RUR,2025,99999.0
RE1,DEMRESELCFAN_MID_RUR,2026,99999.0
RE1,DEMRESELCFAN_MID_RUR,2027,99999.0
RE1,DEMRESELCFAN_MID_RUR,2028,99999.0
RE1,DEMRESELCFAN_MID_RUR,2029,99999.0
RE1,DEMRESELCFAN_MID_RUR,2030,99999.0
RE1,DEMRESELCFAN_MID_RUR,2031,99999.0
RE1,DEMRESELCFAN_MID_RUR,2032,99999.0
RE1,DEMRESELCFAN_MID_RUR,2033,99999.0
RE1,DEMRESELCFAN_MID_RUR,2034,99999.0
RE1,DEMRESELCFAN_MID_RUR,2035,99999.0
RE1,DEMRESELCFAN_MID_RUR,2036,99999.0
RE1,DEMRESELCFAN_MID_RUR,2037,99999.0
RE1,DEMRESELCFAN_MID_RUR,2038,99999.0
RE1,DEMRESELCFAN_MID_RUR,2039,99999.0
RE1,DEMRESELCFAN_MID_RUR,2040,99999.0
RE1,DEMRESELCFAN_MID_RUR,2041,99999.0
RE1,DEMRESELCFAN_MID_RUR,2042,99999.0
RE1,DEMRESELCFAN_MID_RUR,2043,99999.0
RE1,DEMRESELCFAN_MID_RUR,2044,99999.0
RE1,DEMRESELCFAN_MID_RUR,2045,99999.0
RE1,DEMRESELCFAN_MID_RUR,2046,99999.0
RE1,DEMRESELCFAN_MID_RUR,2047,99999.0
RE1,DEMRESELCFAN_MID_RUR,2048,99999.0
RE1,DEMRESELCFAN_MID_RUR,2049,99999.0
RE1,DEMRESELCFAN_MID_RUR,2050,99999.0
RE1,DEMRESELCFAN_MID_RUR,2051,99999.0
RE1,DEMRESELCFAN_MID_RUR,2052,99999.0
RE1,DEMRESELCFAN_MID_RUR,2053,99999.0
RE1,DEMRESELCFAN_MID_RUR,2054,99999.0
RE1,DEMRESELCFAN_MID_RUR,2055,99999.0
RE1,DEMRESELCFAN_MID_URB,2022,99999.0
RE1,DEMRESELCFAN_MID_URB,2023,99999.0
RE1,DEMRESELCFAN_MID_URB,2024,99999.0
RE1,DEMRESELCFAN_MID_URB,2025,99999.0
RE1,DEMRESELCFAN_MID_URB,2026,99999.0
RE1,DEMRESELCFAN_MID_URB,2027,99999.0
RE1,DEMRESELCFAN_MID_URB,2028,99999.0
RE1,DEMRESELCFAN_MID_URB,2029,99999.0
RE1,DEMRESELCFAN_MID_URB,2030,99999.0
RE1,DEMRESELCFAN_MID_URB,2031,99999.0
RE1,DEMRESELCFAN_MID_URB,2032,99999.0
RE1,DEMRESELCFAN_MID_URB,2033,99999.0
RE1,DEMRESELCFAN_MID_URB,2034,99999.0
RE1,DEMRESELCFAN_MID_URB,2035,99999.0
RE1,DEMRESELCFAN_MID_URB,2036,99999.0
RE1,DEMRESELCFAN_MID_URB,2037,99999.0
RE1,DEMRESELCFAN_MID_URB,2038,99999.0
RE1,DEMRESELCFAN_MID_URB,2039,99999.0
RE1,DEMRESELCFAN_MID_URB,2040,99999.0
RE1,DEMRESELCFAN_MID_URB,2041,99999.0
RE1,DEMRESELCFAN_MID_URB,2042,99999.0
RE1,DEMRESELCFAN_MID_URB,2043,99999.0
RE1,DEMRESELCFAN_MID_URB,2044,99999.0
RE1,DEMRESELCFAN_MID_URB,2045,99999.0
RE1,DEMRESELCFAN_MID_URB,2046,99999.0
RE1,DEMRESELCFAN_MID_URB,2047,99999.0
RE1,DEMRESELCFAN_MID_URB,2048,99999.0
RE1,DEMRESELCFAN_MID_URB,2049,99999.0
RE1,DEMRESELCFAN_MID_URB,2050,99999.0
RE1,DEMRESELCFAN_MID_URB,2051,99999.0
RE1,DEMRESELCFAN_MID_URB,2052,99999.0
RE1,DEMRESELCFAN_MID_URB,2053,99999.0
RE1,DEMRESELCFAN_MID_URB,2054,99999.0
RE1,DEMRESELCFAN_MID_URB,2055,99999.0
RE1,DEMRESELCILU_HIG_RUR,2022,99999.0
RE1,DEMRESELCILU_HIG_RUR,2023,99999.0
RE1,DEMRESELCILU_HIG_RUR,2024,99999.0
RE1,DEMRESELCILU_HIG_RUR,2025,99999.0
RE1,DEMRESELCILU_HIG_RUR,2026,99999.0
RE1,DEMRESELCILU_HIG_RUR,2027,99999.0
RE1,DEMRESELCILU_HIG_RUR,2028,99999.0
RE1,DEMRESELCILU_HIG_RUR,2029,99999.0
RE1,DEMRESELCILU_HIG_RUR,2030,99999.0
RE1,DEMRESELCILU_HIG_RUR,2031,99999.0
RE1,DEMRESELCILU_HIG_RUR,2032,99999.0
RE1,DEMRESELCILU_HIG_RUR,2033,99999.0
RE1,DEMRESELCILU_HIG_RUR,2034,99999.0
RE1,DEMRESELCILU_HIG_RUR,2035,99999.0
RE1,DEMRESELCILU_HIG_RUR,2036,99999.0
RE1,DEMRESELCILU_HIG_RUR,2037,99999.0
RE1,DEMRESELCILU_HIG_RUR,2038,99999.0
RE1,DEMRESELCILU_HIG_RUR,2039,99999.0
RE1,DEMRESELCILU_HIG_RUR,2040,99999.0
RE1,DEMRESELCILU_HIG_RUR,2041,99999.0
RE1,DEMRESELCILU_HIG_RUR,2042,99999.0
RE1,DEMRESELCILU_HIG_RUR,2043,99999.0
RE1,DEMRESELCILU_HIG_RUR,2044,99999.0
RE1,DEMRESELCILU_HIG_RUR,2045,99999.0
RE1,DEMRESELCILU_HIG_RUR,2046,99999.0
RE1,DEMRESELCILU_HIG_RUR,2047,99999.0
RE1,DEMRESELCILU_HIG_RUR,2048,99999.0
RE1,DEMRESELCILU_HIG_RUR,2049,99999.0
RE1,DEMRESELCILU_HIG_RUR,2050,99999.0
RE1,DEMRESELCILU_HIG_RUR,2051,99999.0
RE1,DEMRESELCILU_HIG_RUR,2052,99999.0
RE1,DEMRESELCILU_HIG_RUR,2053,99999.0
RE1,DEMRESELCILU_HIG_RUR,2054,99999.0
RE1,DEMRESELCILU_HIG_RUR,2055,99999.0
RE1,DEMRESELCILU_HIG_URB,2022,99999.0
RE1,DEMRESELCILU_HIG_URB,2023,99999.0
RE1,DEMRESELCILU_HIG_URB,2024,99999.0
RE1,DEMRESELCILU_HIG_URB,2025,99999.0
RE1,DEMRESELCILU_HIG_URB,2026,99999.0
RE1,DEMRESELCILU_HIG_URB,2027,99999.0
RE1,DEMRESELCILU_HIG_URB,2028,99999.0
RE1,DEMRESELCILU_HIG_URB,2029,99999.0
RE1,DEMRESELCILU_HIG_URB,2030,99999.0
RE1,DEMRESELCILU_HIG_URB,2031,99999.0
RE1,DEMRESELCILU_HIG_URB,2032,99999.0
RE1,DEMRESELCILU_HIG_URB,2033,99999.0
RE1,DEMRESELCILU_HIG_URB,2034,99999.0
RE1,DEMRESELCILU_HIG_URB,2035,99999.0
RE1,DEMRESELCILU_HIG_URB,2036,99999.0
RE1,DEMRESELCILU_HIG_URB,2037,99999.0
RE1,DEMRESELCILU_HIG_URB,2038,99999.0
RE1,DEMRESELCILU_HIG_URB,2039,99999.0
RE1,DEMRESELCILU_HIG_URB,2040,99999.0
RE1,DEMRESELCILU_HIG_URB,2041,99999.0
RE1,DEMRESELCILU_HIG_URB,2042,99999.0
RE1,DEMRESELCILU_HIG_URB,2043,99999.0
RE1,DEMRESELCILU_HIG_URB,2044,99999.0
RE1,DEMRESELCILU_HIG_URB,2045,99999.0
RE1,DEMRESELCILU_HIG_URB,2046,99999.0
RE1,DEMRESELCILU_HIG_URB,2047,99999.0
RE1,DEMRESELCILU_HIG_URB,2048,99999.0
RE1,DEMRESELCILU_HIG_URB,2049,99999.0
RE1,DEMRESELCILU_HIG_URB,2050,99999.0
RE1,DEMRESELCILU_HIG_URB,2051,99999.0
RE1,DEMRESELCILU_HIG_URB,2052,99999.0
RE1,DEMRESELCILU_HIG_URB,2053,99999.0
RE1,DEMRESELCILU_HIG_URB,2054,99999.0
RE1,DEMRESELCILU_HIG_URB,2055,99999.0
RE1,DEMRESELCILU_INC_RUR,2022,99999.0
RE1,DEMRESELCILU_INC_RUR,2023,99999.0
RE1,DEMRESELCILU_INC_RUR,2024,99999.0
RE1,DEMRESELCILU_INC_RUR,2025,99999.0
RE1,DEMRESELCILU_INC_RUR,2026,99999.0
RE1,DEMRESELCILU_INC_RUR,2027,99999.0
RE1,DEMRESELCILU_INC_RUR,2028,99999.0
RE1,DEMRESELCILU_INC_RUR,2029,99999.0
RE1,DEMRESELCILU_INC_RUR,2030,99999.0
RE1,DEMRESELCILU_INC_RUR,2031,99999.0
RE1,DEMRESELCILU_INC_RUR,2032,99999.0
RE1,DEMRESELCILU_INC_RUR,2033,99999.0
RE1,DEMRESELCILU_INC_RUR,2034,99999.0
RE1,DEMRESELCILU_INC_RUR,2035,99999.0
RE1,DEMRESELCILU_INC_RUR,2036,99999.0
RE1,DEMRESELCILU_INC_RUR,2037,99999.0
RE1,DEMRESELCILU_INC_RUR,2038,99999.0
RE1,DEMRESELCILU_INC_RUR,2039,99999.0
RE1,DEMRESELCILU_INC_RUR,2040,99999.0
RE1,DEMRESELCILU_INC_RUR,2041,99999.0
RE1,DEMRESELCILU_INC_RUR,2042,99999.0
RE1,DEMRESELCILU_INC_RUR,2043,99999.0
RE1,DEMRESELCILU_INC_RUR,2044,99999.0
RE1,DEMRESELCILU_INC_RUR,2045,99999.0
RE1,DEMRESELCILU_INC_RUR,2046,99999.0
RE1,DEMRESELCILU_INC_RUR,2047,99999.0
RE1,DEMRESELCILU_INC_RUR,2048,99999.0
RE1,DEMRESELCILU_INC_RUR,2049,99999.0
RE1,DEMRESELCILU_INC_RUR,2050,99999.0
RE1,DEMRESELCILU_INC_RUR,2051,99999.0
RE1,DEMRESELCILU_INC_RUR,2052,99999.0
RE1,DEMRESELCILU_INC_RUR,2053,99999.0
RE1,DEMRESELCILU_INC_RUR,2054,99999.0
RE1,DEMRESELCILU_INC_RUR,2055,99999.0
RE1,DEMRESELCILU_INC_URB,2022,99999.0
RE1,DEMRESELCILU_INC_URB,2023,99999.0
RE1,DEMRESELCILU_INC_URB,2024,99999.0
RE1,DEMRESELCILU_INC_URB,2025,99999.0
RE1,DEMRESELCILU_INC_URB,2026,99999.0
RE1,DEMRESELCILU_INC_URB,2027,99999.0
RE1,DEMRESELCILU_INC_URB,2028,99999.0
RE1,DEMRESELCILU_INC_URB,2029,99999.0
RE1,DEMRESELCILU_INC_URB,2030,99999.0
RE1,DEMRESELCILU_INC_URB,2031,99999.0
RE1,DEMRESELCILU_INC_URB,2032,99999.0
RE1,DEMRESELCILU_INC_URB,2033,99999.0
RE1,DEMRESELCILU_INC_URB,2034,99999.0
RE1,DEMRESELCILU_INC_URB,2035,99999.0
RE1,DEMRESELCILU_INC_URB,2036,99999.0
RE1,DEMRESELCILU_INC_URB,2037,99999.0
RE1,DEMRESELCILU_INC_URB,2038,99999.0
RE1,DEMRESELCILU_INC_URB,2039,99999.0
RE1,DEMRESELCILU_INC_URB,2040,99999.0
RE1,DEMRESELCILU_INC_URB,2041,99999.0
RE1,DEMRESELCILU_INC_URB,2042,99999.0
RE1,DEMRESELCILU_INC_URB,2043,99999.0
RE1,DEMRESELCILU_INC_URB,2044,99999.0
RE1,DEMRESELCILU_INC_URB,2045,99999.0
RE1,DEMRESELCILU_INC_URB,2046,99999.0
RE1,DEMRESELCILU_INC_URB,2047,99999.0
RE1,DEMRESELCILU_INC_URB,2048,99999.0
RE1,DEMRESELCILU_INC_URB,2049,99999.0
RE1,DEMRESELCILU_INC_URB,2050,99999.0
RE1,DEMRESELCILU_INC_URB,2051,99999.0
RE1,DEMRESELCILU_INC_URB,2052,99999.0
RE1,DEMRESELCILU_INC_URB,2053,99999.0
RE1,DEMRESELCILU_INC_URB,2054,99999.0
RE1,DEMRESELCILU_INC_URB,2055,99999.0
RE1,DEMRESELCILU_LFC_RUR,2022,99999.0
RE1,DEMRESELCILU_LFC_RUR,2023,99999.0
RE1,DEMRESELCILU_LFC_RUR,2024,99999.0
RE1,DEMRESELCILU_LFC_RUR,2025,99999.0
RE1,DEMRESELCILU_LFC_RUR,2026,99999.0
RE1,DEMRESELCILU_LFC_RUR,2027,99999.0
RE1,DEMRESELCILU_LFC_RUR,2028,99999.0
RE1,DEMRESELCILU_LFC_RUR,2029,99999.0
RE1,DEMRESELCILU_LFC_RUR,2030,99999.0
RE1,DEMRESELCILU_LFC_RUR,2031,99999.0
RE1,DEMRESELCILU_LFC_RUR,2032,99999.0
RE1,DEMRESELCILU_LFC_RUR,2033,99999.0
RE1,DEMRESELCILU_LFC_RUR,2034,99999.0
RE1,DEMRESELCILU_LFC_RUR,2035,99999.0
RE1,DEMRESELCILU_LFC_RUR,2036,99999.0
RE1,DEMRESELCILU_LFC_RUR,2037,99999.0
RE1,DEMRESELCILU_LFC_RUR,2038,99999.0
RE1,DEMRESELCILU_LFC_RUR,2039,99999.0
RE1,DEMRESELCILU_LFC_RUR,2040,99999.0
RE1,DEMRESELCILU_LFC_RUR,2041,99999.0
RE1,DEMRESELCILU_LFC_RUR,2042,99999.0
RE1,DEMRESELCILU_LFC_RUR,2043,99999.0
RE1,DEMRESELCILU_LFC_RUR,2044,99999.0
RE1,DEMRESELCILU_LFC_RUR,2045,99999.0
RE1,DEMRESELCILU_LFC_RUR,2046,99999.0
RE1,DEMRESELCILU_LFC_RUR,2047,99999.0
RE1,DEMRESELCILU_LFC_RUR,2048,99999.0
RE1,DEMRESELCILU_LFC_RUR,2049,99999.0
RE1,DEMRESELCILU_LFC_RUR,2050,99999.0
RE1,DEMRESELCILU_LFC_RUR,2051,99999.0
RE1,DEMRESELCILU_LFC_RUR,2052,99999.0
RE1,DEMRESELCILU_LFC_RUR,2053,99999.0
RE1,DEMRESELCILU_LFC_RUR,2054,99999.0
RE1,DEMRESELCILU_LFC_RUR,2055,99999.0
RE1,DEMRESELCILU_LFC_URB,2022,99999.0
RE1,DEMRESELCILU_LFC_URB,2023,99999.0
RE1,DEMRESELCILU_LFC_URB,2024,99999.0
RE1,DEMRESELCILU_LFC_URB,2025,99999.0
RE1,DEMRESELCILU_LFC_URB,2026,99999.0
RE1,DEMRESELCILU_LFC_URB,2027,99999.0
RE1,DEMRESELCILU_LFC_URB,2028,99999.0
RE1,DEMRESELCILU_LFC_URB,2029,99999.0
RE1,DEMRESELCILU_LFC_URB,2030,99999.0
RE1,DEMRESELCILU_LFC_URB,2031,99999.0
RE1,DEMRESELCILU_LFC_URB,2032,99999.0
RE1,DEMRESELCILU_LFC_URB,2033,99999.0
RE1,DEMRESELCILU_LFC_URB,2034,99999.0
RE1,DEMRESELCILU_LFC_URB,2035,99999.0
RE1,DEMRESELCILU_LFC_URB,2036,99999.0
RE1,DEMRESELCILU_LFC_URB,2037,99999.0
RE1,DEMRESELCILU_LFC_URB,2038,99999.0
RE1,DEMRESELCILU_LFC_URB,2039,99999.0
RE1,DEMRESELCILU_LFC_URB,2040,99999.0
RE1,DEMRESELCILU_LFC_URB,2041,99999.0
RE1,DEMRESELCILU_LFC_URB,2042,99999.0
RE1,DEMRESELCILU_LFC_URB,2043,99999.0
RE1,DEMRESELCILU_LFC_URB,2044,99999.0
RE1,DEMRESELCILU_LFC_URB,2045,99999.0
RE1,DEMRESELCILU_LFC_URB,2046,99999.0
RE1,DEMRESELCILU_LFC_URB,2047,99999.0
RE1,DEMRESELCILU_LFC_URB,2048,99999.0
RE1,DEMRESELCILU_LFC_URB,2049,99999.0
RE1,DEMRESELCILU_LFC_URB,2050,99999.0
RE1,DEMRESELCILU_LFC_URB,2051,99999.0
RE1,DEMRESELCILU_LFC_URB,2052,99999.0
RE1,DEMRESELCILU_LFC_URB,2053,99999.0
RE1,DEMRESELCILU_LFC_URB,2054,99999.0
RE1,DEMRESELCILU_LFC_URB,2055,99999.0
RE1,DEMRESELCILU_LOW_RUR,2022,99999.0
RE1,DEMRESELCILU_LOW_RUR,2023,99999.0
RE1,DEMRESELCILU_LOW_RUR,2024,99999.0
RE1,DEMRESELCILU_LOW_RUR,2025,99999.0
RE1,DEMRESELCILU_LOW_RUR,2026,99999.0
RE1,DEMRESELCILU_LOW_RUR,2027,99999.0
RE1,DEMRESELCILU_LOW_RUR,2028,99999.0
RE1,DEMRESELCILU_LOW_RUR,2029,99999.0
RE1,DEMRESELCILU_LOW_RUR,2030,99999.0
RE1,DEMRESELCILU_LOW_RUR,2031,99999.0
RE1,DEMRESELCILU_LOW_RUR,2032,99999.0
RE1,DEMRESELCILU_LOW_RUR,2033,99999.0
RE1,DEMRESELCILU_LOW_RUR,2034,99999.0
RE1,DEMRESELCILU_LOW_RUR,2035,99999.0
RE1,DEMRESELCILU_LOW_RUR,2036,99999.0
RE1,DEMRESELCILU_LOW_RUR,2037,99999.0
RE1,DEMRESELCILU_LOW_RUR,2038,99999.0
RE1,DEMRESELCILU_LOW_RUR,2039,99999.0
RE1,DEMRESELCILU_LOW_RUR,2040,99999.0
RE1,DEMRESELCILU_LOW_RUR,2041,99999.0
RE1,DEMRESELCILU_LOW_RUR,2042,99999.0
RE1,DEMRESELCILU_LOW_RUR,2043,99999.0
RE1,DEMRESELCILU_LOW_RUR,2044,99999.0
RE1,DEMRESELCILU_LOW_RUR,2045,99999.0
RE1,DEMRESELCILU_LOW_RUR,2046,99999.0
RE1,DEMRESELCILU_LOW_RUR,2047,99999.0
RE1,DEMRESELCILU_LOW_RUR,2048,99999.0
RE1,DEMRESELCILU_LOW_RUR,2049,99999.0
RE1,DEMRESELCILU_LOW_RUR,2050,99999.0
RE1,DEMRESELCILU_LOW_RUR,2051,99999.0
RE1,DEMRESELCILU_LOW_RUR,2052,99999.0
RE1,DEMRESELCILU_LOW_RUR,2053,99999.0
RE1,DEMRESELCILU_LOW_RUR,2054,99999.0
RE1,DEMRESELCILU_LOW_RUR,2055,99999.0
RE1,DEMRESELCILU_LOW_URB,2022,99999.0
RE1,DEMRESELCILU_LOW_URB,2023,99999.0
RE1,DEMRESELCILU_LOW_URB,2024,99999.0
RE1,DEMRESELCILU_LOW_URB,2025,99999.0
RE1,DEMRESELCILU_LOW_URB,2026,99999.0
RE1,DEMRESELCILU_LOW_URB,2027,99999.0
RE1,DEMRESELCILU_LOW_URB,2028,99999.0
RE1,DEMRESELCILU_LOW_URB,2029,99999.0
RE1,DEMRESELCILU_LOW_URB,2030,99999.0
RE1,DEMRESELCILU_LOW_URB,2031,99999.0
RE1,DEMRESELCILU_LOW_URB,2032,99999.0
RE1,DEMRESELCILU_LOW_URB,2033,99999.0
RE1,DEMRESELCILU_LOW_URB,2034,99999.0
RE1,DEMRESELCILU_LOW_URB,2035,99999.0
RE1,DEMRESELCILU_LOW_URB,2036,99999.0
RE1,DEMRESELCILU_LOW_URB,2037,99999.0
RE1,DEMRESELCILU_LOW_URB,2038,99999.0
RE1,DEMRESELCILU_LOW_URB,2039,99999.0
RE1,DEMRESELCILU_LOW_URB,2040,99999.0
RE1,DEMRESELCILU_LOW_URB,2041,99999.0
RE1,DEMRESELCILU_LOW_URB,2042,99999.0
RE1,DEMRESELCILU_LOW_URB,2043,99999.0
RE1,DEMRESELCILU_LOW_URB,2044,99999.0
RE1,DEMRESELCILU_LOW_URB,2045,99999.0
RE1,DEMRESELCILU_LOW_URB,2046,99999.0
RE1,DEMRESELCILU_LOW_URB,2047,99999.0
RE1,DEMRESELCILU_LOW_URB,2048,99999.0
RE1,DEMRESELCILU_LOW_URB,2049,99999.0
RE1,DEMRESELCILU_LOW_URB,2050,99999.0
RE1,DEMRESELCILU_LOW_URB,2051,99999.0
RE1,DEMRESELCILU_LOW_URB,2052,99999.0
RE1,DEMRESELCILU_LOW_URB,2053,99999.0
RE1,DEMRESELCILU_LOW_URB,2054,99999.0
RE1,DEMRESELCILU_LOW_URB,2055,99999.0
RE1,DEMRESELCILU_MID_RUR,2022,99999.0
RE1,DEMRESELCILU_MID_RUR,2023,99999.0
RE1,DEMRESELCILU_MID_RUR,2024,99999.0
RE1,DEMRESELCILU_MID_RUR,2025,99999.0
RE1,DEMRESELCILU_MID_RUR,2026,99999.0
RE1,DEMRESELCILU_MID_RUR,2027,99999.0
RE1,DEMRESELCILU_MID_RUR,2028,99999.0
RE1,DEMRESELCILU_MID_RUR,2029,99999.0
RE1,DEMRESELCILU_MID_RUR,2030,99999.0
RE1,DEMRESELCILU_MID_RUR,2031,99999.0
RE1,DEMRESELCILU_MID_RUR,2032,99999.0
RE1,DEMRESELCILU_MID_RUR,2033,99999.0
RE1,DEMRESELCILU_MID_RUR,2034,99999.0
RE1,DEMRESELCILU_MID_RUR,2035,99999.0
RE1,DEMRESELCILU_MID_RUR,2036,99999.0
RE1,DEMRESELCILU_MID_RUR,2037,99999.0
RE1,DEMRESELCILU_MID_RUR,2038,99999.0
RE1,DEMRESELCILU_MID_RUR,2039,99999.0
RE1,DEMRESELCILU_MID_RUR,2040,99999.0
RE1,DEMRESELCILU_MID_RUR,2041,99999.0
RE1,DEMRESELCILU_MID_RUR,2042,99999.0
RE1,DEMRESELCILU_MID_RUR,2043,99999.0
RE1,DEMRESELCILU_MID_RUR,2044,99999.0
RE1,DEMRESELCILU_MID_RUR,2045,99999.0
RE1,DEMRESELCILU_MID_RUR,2046,99999.0
RE1,DEMRESELCILU_MID_RUR,2047,99999.0
RE1,DEMRESELCILU_MID_RUR,2048,99999.0
RE1,DEMRESELCILU_MID_RUR,2049,99999.0
RE1,DEMRESELCILU_MID_RUR,2050,99999.0
RE1,DEMRESELCILU_MID_RUR,2051,99999.0
RE1,DEMRESELCILU_MID_RUR,2052,99999.0
RE1,DEMRESELCILU_MID_RUR,2053,99999.0
RE1,DEMRESELCILU_MID_RUR,2054,99999.0
RE1,DEMRESELCILU_MID_RUR,2055,99999.0
RE1,DEMRESELCILU_MID_URB,2022,99999.0
RE1,DEMRESELCILU_MID_URB,2023,99999.0
RE1,DEMRESELCILU_MID_URB,2024,99999.0
RE1,DEMRESELCILU_MID_URB,2025,99999.0
RE1,DEMRESELCILU_MID_URB,2026,99999.0
RE1,DEMRESELCILU_MID_URB,2027,99999.0
RE1,DEMRESELCILU_MID_URB,2028,99999.0
RE1,DEMRESELCILU_MID_URB,2029,99999.0
RE1,DEMRESELCILU_MID_URB,2030,99999.0
RE1,DEMRESELCILU_MID_URB,2031,99999.0
RE1,DEMRESELCILU_MID_URB,2032,99999.0
RE1,DEMRESELCILU_MID_URB,2033,99999.0
RE1,DEMRESELCILU_MID_URB,2034,99999.0
RE1,DEMRESELCILU_MID_URB,2035,99999.0
RE1,DEMRESELCILU_MID_URB,2036,99999.0
RE1,DEMRESELCILU_MID_URB,2037,99999.0
RE1,DEMRESELCILU_MID_URB,2038,99999.0
RE1,DEMRESELCILU_MID_URB,2039,99999.0
RE1,DEMRESELCILU_MID_URB,2040,99999.0
RE1,DEMRESELCILU_MID_URB,2041,99999.0
RE1,DEMRESELCILU_MID_URB,2042,99999.0
RE1,DEMRESELCILU_MID_URB,2043,99999.0
RE1,DEMRESELCILU_MID_URB,2044,99999.0
RE1,DEMRESELCILU_MID_URB,2045,99999.0
RE1,DEMRESELCILU_MID_URB,2046,99999.0
RE1,DEMRESELCILU_MID_URB,2047,99999.0
RE1,DEMRESELCILU_MID_URB,2048,99999.0
RE1,DEMRESELCILU_MID_URB,2049,99999.0
RE1,DEMRESELCILU_MID_URB,2050,99999.0
RE1,DEMRESELCILU_MID_URB,2051,99999.0
RE1,DEMRESELCILU_MID_URB,2052,99999.0
RE1,DEMRESELCILU_MID_URB,2053,99999.0
RE1,DEMRESELCILU_MID_URB,2054,99999.0
RE1,DEMRESELCILU_MID_URB,2055,99999.0
RE1,DEMRESELCOTH_HIG_RUR,2022,99999.0
RE1,DEMRESELCOTH_HIG_RUR,2023,99999.0
RE1,DEMRESELCOTH_HIG_RUR,2024,99999.0
RE1,DEMRESELCOTH_HIG_RUR,2025,99999.0
RE1,DEMRESELCOTH_HIG_RUR,2026,99999.0
RE1,DEMRESELCOTH_HIG_RUR,2027,99999.0
RE1,DEMRESELCOTH_HIG_RUR,2028,99999.0
RE1,DEMRESELCOTH_HIG_RUR,2029,99999.0
RE1,DEMRESELCOTH_HIG_RUR,2030,99999.0
RE1,DEMRESELCOTH_HIG_RUR,2031,99999.0
RE1,DEMRESELCOTH_HIG_RUR,2032,99999.0
RE1,DEMRESELCOTH_HIG_RUR,2033,99999.0
RE1,DEMRESELCOTH_HIG_RUR,2034,99999.0
RE1,DEMRESELCOTH_HIG_RUR,2035,99999.0
RE1,DEMRESELCOTH_HIG_RUR,2036,99999.0
RE1,DEMRESELCOTH_HIG_RUR,2037,99999.0
RE1,DEMRESELCOTH_HIG_RUR,2038,99999.0
RE1,DEMRESELCOTH_HIG_RUR,2039,99999.0
RE1,DEMRESELCOTH_HIG_RUR,2040,99999.0
RE1,DEMRESELCOTH_HIG_RUR,2041,99999.0
RE1,DEMRESELCOTH_HIG_RUR,2042,99999.0
RE1,DEMRESELCOTH_HIG_RUR,2043,99999.0
RE1,DEMRESELCOTH_HIG_RUR,2044,99999.0
RE1,DEMRESELCOTH_HIG_RUR,2045,99999.0
RE1,DEMRESELCOTH_HIG_RUR,2046,99999.0
RE1,DEMRESELCOTH_HIG_RUR,2047,99999.0
RE1,DEMRESELCOTH_HIG_RUR,2048,99999.0
RE1,DEMRESELCOTH_HIG_RUR,2049,99999.0
RE1,DEMRESELCOTH_HIG_RUR,2050,99999.0
RE1,DEMRESELCOTH_HIG_RUR,2051,99999.0
RE1,DEMRESELCOTH_HIG_RUR,2052,99999.0
RE1,DEMRESELCOTH_HIG_RUR,2053,99999.0
RE1,DEMRESELCOTH_HIG_RUR,2054,99999.0
RE1,DEMRESELCOTH_HIG_RUR,2055,99999.0
RE1,DEMRESELCOTH_HIG_URB,2022,99999.0
RE1,DEMRESELCOTH_HIG_URB,2023,99999.0
RE1,DEMRESELCOTH_HIG_URB,2024,99999.0
RE1,DEMRESELCOTH_HIG_URB,2025,99999.0
RE1,DEMRESELCOTH_HIG_URB,2026,99999.0
RE1,DEMRESELCOTH_HIG_URB,2027,99999.0
RE1,DEMRESELCOTH_HIG_URB,2028,99999.0
RE1,DEMRESELCOTH_HIG_URB,2029,99999.0
RE1,DEMRESELCOTH_HIG_URB,2030,99999.0
RE1,DEMRESELCOTH_HIG_URB,2031,99999.0
RE1,DEMRESELCOTH_HIG_URB,2032,99999.0
RE1,DEMRESELCOTH_HIG_URB,2033,99999.0
RE1,DEMRESELCOTH_HIG_URB,2034,99999.0
RE1,DEMRESELCOTH_HIG_URB,2035,99999.0
RE1,DEMRESELCOTH_HIG_URB,2036,99999.0
RE1,DEMRESELCOTH_HIG_URB,2037,99999.0
RE1,DEMRESELCOTH_HIG_URB,2038,99999.0
RE1,DEMRESELCOTH_HIG_URB,2039,99999.0
RE1,DEMRESELCOTH_HIG_URB,2040,99999.0
RE1,DEMRESELCOTH_HIG_URB,2041,99999.0
RE1,DEMRESELCOTH_HIG_URB,2042,99999.0
RE1,DEMRESELCOTH_HIG_URB,2043,99999.0
RE1,DEMRESELCOTH_HIG_URB,2044,99999.0
RE1,DEMRESELCOTH_HIG_URB,2045,99999.0
RE1,DEMRESELCOTH_HIG_URB,2046,99999.0
RE1,DEMRESELCOTH_HIG_URB,2047,99999.0
RE1,DEMRESELCOTH_HIG_URB,2048,99999.0
RE1,DEMRESELCOTH_HIG_URB,2049,99999.0
RE1,DEMRESELCOTH_HIG_URB,2050,99999.0
RE1,DEMRESELCOTH_HIG_URB,2051,99999.0
RE1,DEMRESELCOTH_HIG_URB,2052,99999.0
RE1,DEMRESELCOTH_HIG_URB,2053,99999.0
RE1,DEMRESELCOTH_HIG_URB,2054,99999.0
RE1,DEMRESELCOTH_HIG_URB,2055,99999.0
RE1,DEMRESELCOTH_LOW_RUR,2022,99999.0
RE1,DEMRESELCOTH_LOW_RUR,2023,99999.0
RE1,DEMRESELCOTH_LOW_RUR,2024,99999.0
RE1,DEMRESELCOTH_LOW_RUR,2025,99999.0
RE1,DEMRESELCOTH_LOW_RUR,2026,99999.0
RE1,DEMRESELCOTH_LOW_RUR,2027,99999.0
RE1,DEMRESELCOTH_LOW_RUR,2028,99999.0
RE1,DEMRESELCOTH_LOW_RUR,2029,99999.0
RE1,DEMRESELCOTH_LOW_RUR,2030,99999.0
RE1,DEMRESELCOTH_LOW_RUR,2031,99999.0
RE1,DEMRESELCOTH_LOW_RUR,2032,99999.0
RE1,DEMRESELCOTH_LOW_RUR,2033,99999.0
RE1,DEMRESELCOTH_LOW_RUR,2034,99999.0
RE1,DEMRESELCOTH_LOW_RUR,2035,99999.0
RE1,DEMRESELCOTH_LOW_RUR,2036,99999.0
RE1,DEMRESELCOTH_LOW_RUR,2037,99999.0
RE1,DEMRESELCOTH_LOW_RUR,2038,99999.0
RE1,DEMRESELCOTH_LOW_RUR,2039,99999.0
RE1,DEMRESELCOTH_LOW_RUR,2040,99999.0
RE1,DEMRESELCOTH_LOW_RUR,2041,99999.0
RE1,DEMRESELCOTH_LOW_RUR,2042,99999.0
RE1,DEMRESELCOTH_LOW_RUR,2043,99999.0
RE1,DEMRESELCOTH_LOW_RUR,2044,99999.0
RE1,DEMRESELCOTH_LOW_RUR,2045,99999.0
RE1,DEMRESELCOTH_LOW_RUR,2046,99999.0
RE1,DEMRESELCOTH_LOW_RUR,2047,99999.0
RE1,DEMRESELCOTH_LOW_RUR,2048,99999.0
RE1,DEMRESELCOTH_LOW_RUR,2049,99999.0
RE1,DEMRESELCOTH_LOW_RUR,2050,99999.0
RE1,DEMRESELCOTH_LOW_RUR,2051,99999.0
RE1,DEMRESELCOTH_LOW_RUR,2052,99999.0
RE1,DEMRESELCOTH_LOW_RUR,2053,99999.0
RE1,DEMRESELCOTH_LOW_RUR,2054,99999.0
RE1,DEMRESELCOTH_LOW_RUR,2055,99999.0
RE1,DEMRESELCOTH_LOW_URB,2022,99999.0
RE1,DEMRESELCOTH_LOW_URB,2023,99999.0
RE1,DEMRESELCOTH_LOW_URB,2024,99999.0
RE1,DEMRESELCOTH_LOW_URB,2025,99999.0
RE1,DEMRESELCOTH_LOW_URB,2026,99999.0
RE1,DEMRESELCOTH_LOW_URB,2027,99999.0
RE1,DEMRESELCOTH_LOW_URB,2028,99999.0
RE1,DEMRESELCOTH_LOW_URB,2029,99999.0
RE1,DEMRESELCOTH_LOW_URB,2030,99999.0
RE1,DEMRESELCOTH_LOW_URB,2031,99999.0
RE1,DEMRESELCOTH_LOW_URB,2032,99999.0
RE1,DEMRESELCOTH_LOW_URB,2033,99999.0
RE1,DEMRESELCOTH_LOW_URB,2034,99999.0
RE1,DEMRESELCOTH_LOW_URB,2035,99999.0
RE1,DEMRESELCOTH_LOW_URB,2036,99999.0
RE1,DEMRESELCOTH_LOW_URB,2037,99999.0
RE1,DEMRESELCOTH_LOW_URB,2038,99999.0
RE1,DEMRESELCOTH_LOW_URB,2039,99999.0
RE1,DEMRESELCOTH_LOW_URB,2040,99999.0
RE1,DEMRESELCOTH_LOW_URB,2041,99999.0
RE1,DEMRESELCOTH_LOW_URB,2042,99999.0
RE1,DEMRESELCOTH_LOW_URB,2043,99999.0
RE1,DEMRESELCOTH_LOW_URB,2044,99999.0
RE1,DEMRESELCOTH_LOW_URB,2045,99999.0
RE1,DEMRESELCOTH_LOW_URB,2046,99999.0
RE1,DEMRESELCOTH_LOW_URB,2047,99999.0
RE1,DEMRESELCOTH_LOW_URB,2048,99999.0
RE1,DEMRESELCOTH_LOW_URB,2049,99999.0
RE1,DEMRESELCOTH_LOW_URB,2050,99999.0
RE1,DEMRESELCOTH_LOW_URB,2051,99999.0
RE1,DEMRESELCOTH_LOW_URB,2052,99999.0
RE1,DEMRESELCOTH_LOW_URB,2053,99999.0
RE1,DEMRESELCOTH_LOW_URB,2054,99999.0
RE1,DEMRESELCOTH_LOW_URB,2055,99999.0
RE1,DEMRESELCOTH_MID_RUR,2022,99999.0
RE1,DEMRESELCOTH_MID_RUR,2023,99999.0
RE1,DEMRESELCOTH_MID_RUR,2024,99999.0
RE1,DEMRESELCOTH_MID_RUR,2025,99999.0
RE1,DEMRESELCOTH_MID_RUR,2026,99999.0
RE1,DEMRESELCOTH_MID_RUR,2027,99999.0
RE1,DEMRESELCOTH_MID_RUR,2028,99999.0
RE1,DEMRESELCOTH_MID_RUR,2029,99999.0
RE1,DEMRESELCOTH_MID_RUR,2030,99999.0
RE1,DEMRESELCOTH_MID_RUR,2031,99999.0
RE1,DEMRESELCOTH_MID_RUR,2032,99999.0
RE1,DEMRESELCOTH_MID_RUR,2033,99999.0
RE1,DEMRESELCOTH_MID_RUR,2034,99999.0
RE1,DEMRESELCOTH_MID_RUR,2035,99999.0
RE1,DEMRESELCOTH_MID_RUR,2036,99999.0
RE1,DEMRESELCOTH_MID_RUR,2037,99999.0
RE1,DEMRESELCOTH_MID_RUR,2038,99999.0
RE1,DEMRESELCOTH_MID_RUR,2039,99999.0
RE1,DEMRESELCOTH_MID_RUR,2040,99999.0
RE1,DEMRESELCOTH_MID_RUR,2041,99999.0
RE1,DEMRESELCOTH_MID_RUR,2042,99999.0
RE1,DEMRESELCOTH_MID_RUR,2043,99999.0
RE1,DEMRESELCOTH_MID_RUR,2044,99999.0
RE1,DEMRESELCOTH_MID_RUR,2045,99999.0
RE1,DEMRESELCOTH_MID_RUR,2046,99999.0
RE1,DEMRESELCOTH_MID_RUR,2047,99999.0
RE1,DEMRESELCOTH_MID_RUR,2048,99999.0
RE1,DEMRESELCOTH_MID_RUR,2049,99999.0
RE1,DEMRESELCOTH_MID_RUR,2050,99999.0
RE1,DEMRESELCOTH_MID_RUR,2051,99999.0
RE1,DEMRESELCOTH_MID_RUR,2052,99999.0
RE1,DEMRESELCOTH_MID_RUR,2053,99999.0
RE1,DEMRESELCOTH_MID_RUR,2054,99999.0
RE1,DEMRESELCOTH_MID_RUR,2055,99999.0
RE1,DEMRESELCOTH_MID_URB,2022,99999.0
RE1,DEMRESELCOTH_MID_URB,2023,99999.0
RE1,DEMRESELCOTH_MID_URB,2024,99999.0
RE1,DEMRESELCOTH_MID_URB,2025,99999.0
RE1,DEMRESELCOTH_MID_URB,2026,99999.0
RE1,DEMRESELCOTH_MID_URB,2027,99999.0
RE1,DEMRESELCOTH_MID_URB,2028,99999.0
RE1,DEMRESELCOTH_MID_URB,2029,99999.0
RE1,DEMRESELCOTH_MID_URB,2030,99999.0
RE1,DEMRESELCOTH_MID_URB,2031,99999.0
RE1,DEMRESELCOTH_MID_URB,2032,99999.0
RE1,DEMRESELCOTH_MID_URB,2033,99999.0
RE1,DEMRESELCOTH_MID_URB,2034,99999.0
RE1,DEMRESELCOTH_MID_URB,2035,99999.0
RE1,DEMRESELCOTH_MID_URB,2036,99999.0
RE1,DEMRESELCOTH_MID_URB,2037,99999.0
RE1,DEMRESELCOTH_MID_URB,2038,99999.0
RE1,DEMRESELCOTH_MID_URB,2039,99999.0
RE1,DEMRESELCOTH_MID_URB,2040,99999.0
RE1,DEMRESELCOTH_MID_URB,2041,99999.0
RE1,DEMRESELCOTH_MID_URB,2042,99999.0
RE1,DEMRESELCOTH_MID_URB,2043,99999.0
RE1,DEMRESELCOTH_MID_URB,2044,99999.0
RE1,DEMRESELCOTH_MID_URB,2045,99999.0
RE1,DEMRESELCOTH_MID_URB,2046,99999.0
RE1,DEMRESELCOTH_MID_URB,2047,99999.0
RE1,DEMRESELCOTH_MID_URB,2048,99999.0
RE1,DEMRESELCOTH_MID_URB,2049,99999.0
RE1,DEMRESELCOTH_MID_URB,2050,99999.0
RE1,DEMRESELCOTH_MID_URB,2051,99999.0
RE1,DEMRESELCOTH_MID_URB,2052,99999.0
RE1,DEMRESELCOTH_MID_URB,2053,99999.0
RE1,DEMRESELCOTH_MID_URB,2054,99999.0
RE1,DEMRESELCOTH_MID_URB,2055,99999.0
RE1,DEMRESELCREF_HIG_RUR,2022,99999.0
RE1,DEMRESELCREF_HIG_RUR,2023,99999.0
RE1,DEMRESELCREF_HIG_RUR,2024,99999.0
RE1,DEMRESELCREF_HIG_RUR,2025,99999.0
RE1,DEMRESELCREF_HIG_RUR,2026,99999.0
RE1,DEMRESELCREF_HIG_RUR,2027,99999.0
RE1,DEMRESELCREF_HIG_RUR,2028,99999.0
RE1,DEMRESELCREF_HIG_RUR,2029,99999.0
RE1,DEMRESELCREF_HIG_RUR,2030,99999.0
RE1,DEMRESELCREF_HIG_RUR,2031,99999.0
RE1,DEMRESELCREF_HIG_RUR,2032,99999.0
RE1,DEMRESELCREF_HIG_RUR,2033,99999.0
RE1,DEMRESELCREF_HIG_RUR,2034,99999.0
RE1,DEMRESELCREF_HIG_RUR,2035,99999.0
RE1,DEMRESELCREF_HIG_RUR,2036,99999.0
RE1,DEMRESELCREF_HIG_RUR,2037,99999.0
RE1,DEMRESELCREF_HIG_RUR,2038,99999.0
RE1,DEMRESELCREF_HIG_RUR,2039,99999.0
RE1,DEMRESELCREF_HIG_RUR,2040,99999.0
RE1,DEMRESELCREF_HIG_RUR,2041,99999.0
RE1,DEMRESELCREF_HIG_RUR,2042,99999.0
RE1,DEMRESELCREF_HIG_RUR,2043,99999.0
RE1,DEMRESELCREF_HIG_RUR,2044,99999.0
RE1,DEMRESELCREF_HIG_RUR,2045,99999.0
RE1,DEMRESELCREF_HIG_RUR,2046,99999.0
RE1,DEMRESELCREF_HIG_RUR,2047,99999.0
RE1,DEMRESELCREF_HIG_RUR,2048,99999.0
RE1,DEMRESELCREF_HIG_RUR,2049,99999.0
RE1,DEMRESELCREF_HIG_RUR,2050,99999.0
RE1,DEMRESELCREF_HIG_RUR,2051,99999.0
RE1,DEMRESELCREF_HIG_RUR,2052,99999.0
RE1,DEMRESELCREF_HIG_RUR,2053,99999.0
RE1,DEMRESELCREF_HIG_RUR,2054,99999.0
RE1,DEMRESELCREF_HIG_RUR,2055,99999.0
RE1,DEMRESELCREF_HIG_URB,2022,99999.0
RE1,DEMRESELCREF_HIG_URB,2023,99999.0
RE1,DEMRESELCREF_HIG_URB,2024,99999.0
RE1,DEMRESELCREF_HIG_URB,2025,99999.0
RE1,DEMRESELCREF_HIG_URB,2026,99999.0
RE1,DEMRESELCREF_HIG_URB,2027,99999.0
RE1,DEMRESELCREF_HIG_URB,2028,99999.0
RE1,DEMRESELCREF_HIG_URB,2029,99999.0
RE1,DEMRESELCREF_HIG_URB,2030,99999.0
RE1,DEMRESELCREF_HIG_URB,2031,99999.0
RE1,DEMRESELCREF_HIG_URB,2032,99999.0
RE1,DEMRESELCREF_HIG_URB,2033,99999.0
RE1,DEMRESELCREF_HIG_URB,2034,99999.0
RE1,DEMRESELCREF_HIG_URB,2035,99999.0
RE1,DEMRESELCREF_HIG_URB,2036,99999.0
RE1,DEMRESELCREF_HIG_URB,2037,99999.0
RE1,DEMRESELCREF_HIG_URB,2038,99999.0
RE1,DEMRESELCREF_HIG_URB,2039,99999.0
RE1,DEMRESELCREF_HIG_URB,2040,99999.0
RE1,DEMRESELCREF_HIG_URB,2041,99999.0
RE1,DEMRESELCREF_HIG_URB,2042,99999.0
RE1,DEMRESELCREF_HIG_URB,2043,99999.0
RE1,DEMRESELCREF_HIG_URB,2044,99999.0
RE1,DEMRESELCREF_HIG_URB,2045,99999.0
RE1,DEMRESELCREF_HIG_URB,2046,99999.0
RE1,DEMRESELCREF_HIG_URB,2047,99999.0
RE1,DEMRESELCREF_HIG_URB,2048,99999.0
RE1,DEMRESELCREF_HIG_URB,2049,99999.0
RE1,DEMRESELCREF_HIG_URB,2050,99999.0
RE1,DEMRESELCREF_HIG_URB,2051,99999.0
RE1,DEMRESELCREF_HIG_URB,2052,99999.0
RE1,DEMRESELCREF_HIG_URB,2053,99999.0
RE1,DEMRESELCREF_HIG_URB,2054,99999.0
RE1,DEMRESELCREF_HIG_URB,2055,99999.0
RE1,DEMRESELCREF_LOW_RUR,2022,99999.0
RE1,DEMRESELCREF_LOW_RUR,2023,99999.0
RE1,DEMRESELCREF_LOW_RUR,2024,99999.0
RE1,DEMRESELCREF_LOW_RUR,2025,99999.0
RE1,DEMRESELCREF_LOW_RUR,2026,99999.0
RE1,DEMRESELCREF_LOW_RUR,2027,99999.0
RE1,DEMRESELCREF_LOW_RUR,2028,99999.0
RE1,DEMRESELCREF_LOW_RUR,2029,99999.0
RE1,DEMRESELCREF_LOW_RUR,2030,99999.0
RE1,DEMRESELCREF_LOW_RUR,2031,99999.0
RE1,DEMRESELCREF_LOW_RUR,2032,99999.0
RE1,DEMRESELCREF_LOW_RUR,2033,99999.0
RE1,DEMRESELCREF_LOW_RUR,2034,99999.0
RE1,DEMRESELCREF_LOW_RUR,2035,99999.0
RE1,DEMRESELCREF_LOW_RUR,2036,99999.0
RE1,DEMRESELCREF_LOW_RUR,2037,99999.0
RE1,DEMRESELCREF_LOW_RUR,2038,99999.0
RE1,DEMRESELCREF_LOW_RUR,2039,99999.0
RE1,DEMRESELCREF_LOW_RUR,2040,99999.0
RE1,DEMRESELCREF_LOW_RUR,2041,99999.0
RE1,DEMRESELCREF_LOW_RUR,2042,99999.0
RE1,DEMRESELCREF_LOW_RUR,2043,99999.0
RE1,DEMRESELCREF_LOW_RUR,2044,99999.0
RE1,DEMRESELCREF_LOW_RUR,2045,99999.0
RE1,DEMRESELCREF_LOW_RUR,2046,99999.0
RE1,DEMRESELCREF_LOW_RUR,2047,99999.0
RE1,DEMRESELCREF_LOW_RUR,2048,99999.0
RE1,DEMRESELCREF_LOW_RUR,2049,99999.0
RE1,DEMRESELCREF_LOW_RUR,2050,99999.0
RE1,DEMRESELCREF_LOW_RUR,2051,99999.0
RE1,DEMRESELCREF_LOW_RUR,2052,99999.0
RE1,DEMRESELCREF_LOW_RUR,2053,99999.0
RE1,DEMRESELCREF_LOW_RUR,2054,99999.0
RE1,DEMRESELCREF_LOW_RUR,2055,99999.0
RE1,DEMRESELCREF_LOW_URB,2022,99999.0
RE1,DEMRESELCREF_LOW_URB,2023,99999.0
RE1,DEMRESELCREF_LOW_URB,2024,99999.0
RE1,DEMRESELCREF_LOW_URB,2025,99999.0
RE1,DEMRESELCREF_LOW_URB,2026,99999.0
RE1,DEMRESELCREF_LOW_URB,2027,99999.0
RE1,DEMRESELCREF_LOW_URB,2028,99999.0
RE1,DEMRESELCREF_LOW_URB,2029,99999.0
RE1,DEMRESELCREF_LOW_URB,2030,99999.0
RE1,DEMRESELCREF_LOW_URB,2031,99999.0
RE1,DEMRESELCREF_LOW_URB,2032,99999.0
RE1,DEMRESELCREF_LOW_URB,2033,99999.0
RE1,DEMRESELCREF_LOW_URB,2034,99999.0
RE1,DEMRESELCREF_LOW_URB,2035,99999.0
RE1,DEMRESELCREF_LOW_URB,2036,99999.0
RE1,DEMRESELCREF_LOW_URB,2037,99999.0
RE1,DEMRESELCREF_LOW_URB,2038,99999.0
RE1,DEMRESELCREF_LOW_URB,2039,99999.0
RE1,DEMRESELCREF_LOW_URB,2040,99999.0
RE1,DEMRESELCREF_LOW_URB,2041,99999.0
RE1,DEMRESELCREF_LOW_URB,2042,99999.0
RE1,DEMRESELCREF_LOW_URB,2043,99999.0
RE1,DEMRESELCREF_LOW_URB,2044,99999.0
RE1,DEMRESELCREF_LOW_URB,2045,99999.0
RE1,DEMRESELCREF_LOW_URB,2046,99999.0
RE1,DEMRESELCREF_LOW_URB,2047,99999.0
RE1,DEMRESELCREF_LOW_URB,2048,99999.0
RE1,DEMRESELCREF_LOW_URB,2049,99999.0
RE1,DEMRESELCREF_LOW_URB,2050,99999.0
RE1,DEMRESELCREF_LOW_URB,2051,99999.0
RE1,DEMRESELCREF_LOW_URB,2052,99999.0
RE1,DEMRESELCREF_LOW_URB,2053,99999.0
RE1,DEMRESELCREF_LOW_URB,2054,99999.0
RE1,DEMRESELCREF_LOW_URB,2055,99999.0
RE1,DEMRESELCREF_MID_RUR,2022,99999.0
RE1,DEMRESELCREF_MID_RUR,2023,99999.0
RE1,DEMRESELCREF_MID_RUR,2024,99999.0
RE1,DEMRESELCREF_MID_RUR,2025,99999.0
RE1,DEMRESELCREF_MID_RUR,2026,99999.0
RE1,DEMRESELCREF_MID_RUR,2027,99999.0
RE1,DEMRESELCREF_MID_RUR,2028,99999.0
RE1,DEMRESELCREF_MID_RUR,2029,99999.0
RE1,DEMRESELCREF_MID_RUR,2030,99999.0
RE1,DEMRESELCREF_MID_RUR,2031,99999.0
RE1,DEMRESELCREF_MID_RUR,2032,99999.0
RE1,DEMRESELCREF_MID_RUR,2033,99999.0
RE1,DEMRESELCREF_MID_RUR,2034,99999.0
RE1,DEMRESELCREF_MID_RUR,2035,99999.0
RE1,DEMRESELCREF_MID_RUR,2036,99999.0
RE1,DEMRESELCREF_MID_RUR,2037,99999.0
RE1,DEMRESELCREF_MID_RUR,2038,99999.0
RE1,DEMRESELCREF_MID_RUR,2039,99999.0
RE1,DEMRESELCREF_MID_RUR,2040,99999.0
RE1,DEMRESELCREF_MID_RUR,2041,99999.0
RE1,DEMRESELCREF_MID_RUR,2042,99999.0
RE1,DEMRESELCREF_MID_RUR,2043,99999.0
RE1,DEMRESELCREF_MID_RUR,2044,99999.0
RE1,DEMRESELCREF_MID_RUR,2045,99999.0
RE1,DEMRESELCREF_MID_RUR,2046,99999.0
RE1,DEMRESELCREF_MID_RUR,2047,99999.0
RE1,DEMRESELCREF_MID_RUR,2048,99999.0
RE1,DEMRESELCREF_MID_RUR,2049,99999.0
RE1,DEMRESELCREF_MID_RUR,2050,99999.0
RE1,DEMRESELCREF_MID_RUR,2051,99999.0
RE1,DEMRESELCREF_MID_RUR,2052,99999.0
RE1,DEMRESELCREF_MID_RUR,2053,99999.0
RE1,DEMRESELCREF_MID_RUR,2054,99999.0
RE1,DEMRESELCREF_MID_RUR,2055,99999.0
RE1,DEMRESELCREF_MID_URB,2022,99999.0
RE1,DEMRESELCREF_MID_URB,2023,99999.0
RE1,DEMRESELCREF_MID_URB,2024,99999.0
RE1,DEMRESELCREF_MID_URB,2025,99999.0
RE1,DEMRESELCREF_MID_URB,2026,99999.0
RE1,DEMRESELCREF_MID_URB,2027,99999.0
RE1,DEMRESELCREF_MID_URB,2028,99999.0
RE1,DEMRESELCREF_MID_URB,2029,99999.0
RE1,DEMRESELCREF_MID_URB,2030,99999.0
RE1,DEMRESELCREF_MID_URB,2031,99999.0
RE1,DEMRESELCREF_MID_URB,2032,99999.0
RE1,DEMRESELCREF_MID_URB,2033,99999.0
RE1,DEMRESELCREF_MID_URB,2034,99999.0
RE1,DEMRESELCREF_MID_URB,2035,99999.0
RE1,DEMRESELCREF_MID_URB,2036,99999.0
RE1,DEMRESELCREF_MID_URB,2037,99999.0
RE1,DEMRESELCREF_MID_URB,2038,99999.0
RE1,DEMRESELCREF_MID_URB,2039,99999.0
RE1,DEMRESELCREF_MID_URB,2040,99999.0
RE1,DEMRESELCREF_MID_URB,2041,99999.0
RE1,DEMRESELCREF_MID_URB,2042,99999.0
RE1,DEMRESELCREF_MID_URB,2043,99999.0
RE1,DEMRESELCREF_MID_URB,2044,99999.0
RE1,DEMRESELCREF_MID_URB,2045,99999.0
RE1,DEMRESELCREF_MID_URB,2046,99999.0
RE1,DEMRESELCREF_MID_URB,2047,99999.0
RE1,DEMRESELCREF_MID_URB,2048,99999.0
RE1,DEMRESELCREF_MID_URB,2049,99999.0
RE1,DEMRESELCREF_MID_URB,2050,99999.0
RE1,DEMRESELCREF_MID_URB,2051,99999.0
RE1,DEMRESELCREF_MID_URB,2052,99999.0
RE1,DEMRESELCREF_MID_URB,2053,99999.0
RE1,DEMRESELCREF_MID_URB,2054,99999.0
RE1,DEMRESELCREF_MID_URB,2055,99999.0
RE1,DEMRESELCTV_CRT_RUR,2022,99999.0
RE1,DEMRESELCTV_CRT_RUR,2023,99999.0
RE1,DEMRESELCTV_CRT_RUR,2024,99999.0
RE1,DEMRESELCTV_CRT_RUR,2025,99999.0
RE1,DEMRESELCTV_CRT_RUR,2026,99999.0
RE1,DEMRESELCTV_CRT_RUR,2027,99999.0
RE1,DEMRESELCTV_CRT_RUR,2028,99999.0
RE1,DEMRESELCTV_CRT_RUR,2029,99999.0
RE1,DEMRESELCTV_CRT_RUR,2030,99999.0
RE1,DEMRESELCTV_CRT_RUR,2031,99999.0
RE1,DEMRESELCTV_CRT_RUR,2032,99999.0
RE1,DEMRESELCTV_CRT_RUR,2033,99999.0
RE1,DEMRESELCTV_CRT_RUR,2034,99999.0
RE1,DEMRESELCTV_CRT_RUR,2035,99999.0
RE1,DEMRESELCTV_CRT_RUR,2036,99999.0
RE1,DEMRESELCTV_CRT_RUR,2037,99999.0
RE1,DEMRESELCTV_CRT_RUR,2038,99999.0
RE1,DEMRESELCTV_CRT_RUR,2039,99999.0
RE1,DEMRESELCTV_CRT_RUR,2040,99999.0
RE1,DEMRESELCTV_CRT_RUR,2041,99999.0
RE1,DEMRESELCTV_CRT_RUR,2042,99999.0
RE1,DEMRESELCTV_CRT_RUR,2043,99999.0
RE1,DEMRESELCTV_CRT_RUR,2044,99999.0
RE1,DEMRESELCTV_CRT_RUR,2045,99999.0
RE1,DEMRESELCTV_CRT_RUR,2046,99999.0
RE1,DEMRESELCTV_CRT_RUR,2047,99999.0
RE1,DEMRESELCTV_CRT_RUR,2048,99999.0
RE1,DEMRESELCTV_CRT_RUR,2049,99999.0
RE1,DEMRESELCTV_CRT_RUR,2050,99999.0
RE1,DEMRESELCTV_CRT_RUR,2051,99999.0
RE1,DEMRESELCTV_CRT_RUR,2052,99999.0
RE1,DEMRESELCTV_CRT_RUR,2053,99999.0
RE1,DEMRESELCTV_CRT_RUR,2054,99999.0
RE1,DEMRESELCTV_CRT_RUR,2055,99999.0
RE1,DEMRESELCTV_CRT_URB,2022,99999.0
RE1,DEMRESELCTV_CRT_URB,2023,99999.0
RE1,DEMRESELCTV_CRT_URB,2024,99999.0
RE1,DEMRESELCTV_CRT_URB,2025,99999.0
RE1,DEMRESELCTV_CRT_URB,2026,99999.0
RE1,DEMRESELCTV_CRT_URB,2027,99999.0
RE1,DEMRESELCTV_CRT_URB,2028,99999.0
RE1,DEMRESELCTV_CRT_URB,2029,99999.0
RE1,DEMRESELCTV_CRT_URB,2030,99999.0
RE1,DEMRESELCTV_CRT_URB,2031,99999.0
RE1,DEMRESELCTV_CRT_URB,2032,99999.0
RE1,DEMRESELCTV_CRT_URB,2033,99999.0
RE1,DEMRESELCTV_CRT_URB,2034,99999.0
RE1,DEMRESELCTV_CRT_URB,2035,99999.0
RE1,DEMRESELCTV_CRT_URB,2036,99999.0
RE1,DEMRESELCTV_CRT_URB,2037,99999.0
RE1,DEMRESELCTV_CRT_URB,2038,99999.0
RE1,DEMRESELCTV_CRT_URB,2039,99999.0
RE1,DEMRESELCTV_CRT_URB,2040,99999.0
RE1,DEMRESELCTV_CRT_URB,2041,99999.0
RE1,DEMRESELCTV_CRT_URB,2042,99999.0
RE1,DEMRESELCTV_CRT_URB,2043,99999.0
RE1,DEMRESELCTV_CRT_URB,2044,99999.0
RE1,DEMRESELCTV_CRT_URB,2045,99999.0
RE1,DEMRESELCTV_CRT_URB,2046,99999.0
RE1,DEMRESELCTV_CRT_URB,2047,99999.0
RE1,DEMRESELCTV_CRT_URB,2048,99999.0
RE1,DEMRESELCTV_CRT_URB,2049,99999.0
RE1,DEMRESELCTV_CRT_URB,2050,99999.0
RE1,DEMRESELCTV_CRT_URB,2051,99999.0
RE1,DEMRESELCTV_CRT_URB,2052,99999.0
RE1,DEMRESELCTV_CRT_URB,2053,99999.0
RE1,DEMRESELCTV_CRT_URB,2054,99999.0
RE1,DEMRESELCTV_CRT_URB,2055,99999.0
RE1,DEMRESELCTV_HIG_RUR,2022,99999.0
RE1,DEMRESELCTV_HIG_RUR,2023,99999.0
RE1,DEMRESELCTV_HIG_RUR,2024,99999.0
RE1,DEMRESELCTV_HIG_RUR,2025,99999.0
RE1,DEMRESELCTV_HIG_RUR,2026,99999.0
RE1,DEMRESELCTV_HIG_RUR,2027,99999.0
RE1,DEMRESELCTV_HIG_RUR,2028,99999.0
RE1,DEMRESELCTV_HIG_RUR,2029,99999.0
RE1,DEMRESELCTV_HIG_RUR,2030,99999.0
RE1,DEMRESELCTV_HIG_RUR,2031,99999.0
RE1,DEMRESELCTV_HIG_RUR,2032,99999.0
RE1,DEMRESELCTV_HIG_RUR,2033,99999.0
RE1,DEMRESELCTV_HIG_RUR,2034,99999.0
RE1,DEMRESELCTV_HIG_RUR,2035,99999.0
RE1,DEMRESELCTV_HIG_RUR,2036,99999.0
RE1,DEMRESELCTV_HIG_RUR,2037,99999.0
RE1,DEMRESELCTV_HIG_RUR,2038,99999.0
RE1,DEMRESELCTV_HIG_RUR,2039,99999.0
RE1,DEMRESELCTV_HIG_RUR,2040,99999.0
RE1,DEMRESELCTV_HIG_RUR,2041,99999.0
RE1,DEMRESELCTV_HIG_RUR,2042,99999.0
RE1,DEMRESELCTV_HIG_RUR,2043,99999.0
RE1,DEMRESELCTV_HIG_RUR,2044,99999.0
RE1,DEMRESELCTV_HIG_RUR,2045,99999.0
RE1,DEMRESELCTV_HIG_RUR,2046,99999.0
RE1,DEMRESELCTV_HIG_RUR,2047,99999.0
RE1,DEMRESELCTV_HIG_RUR,2048,99999.0
RE1,DEMRESELCTV_HIG_RUR,2049,99999.0
RE1,DEMRESELCTV_HIG_RUR,2050,99999.0
RE1,DEMRESELCTV_HIG_RUR,2051,99999.0
RE1,DEMRESELCTV_HIG_RUR,2052,99999.0
RE1,DEMRESELCTV_HIG_RUR,2053,99999.0
RE1,DEMRESELCTV_HIG_RUR,2054,99999.0
RE1,DEMRESELCTV_HIG_RUR,2055,99999.0
RE1,DEMRESELCTV_HIG_URB,2022,99999.0
RE1,DEMRESELCTV_HIG_URB,2023,99999.0
RE1,DEMRESELCTV_HIG_URB,2024,99999.0
RE1,DEMRESELCTV_HIG_URB,2025,99999.0
RE1,DEMRESELCTV_HIG_URB,2026,99999.0
RE1,DEMRESELCTV_HIG_URB,2027,99999.0
RE1,DEMRESELCTV_HIG_URB,2028,99999.0
RE1,DEMRESELCTV_HIG_URB,2029,99999.0
RE1,DEMRESELCTV_HIG_URB,2030,99999.0
RE1,DEMRESELCTV_HIG_URB,2031,99999.0
RE1,DEMRESELCTV_HIG_URB,2032,99999.0
RE1,DEMRESELCTV_HIG_URB,2033,99999.0
RE1,DEMRESELCTV_HIG_URB,2034,99999.0
RE1,DEMRESELCTV_HIG_URB,2035,99999.0
RE1,DEMRESELCTV_HIG_URB,2036,99999.0
RE1,DEMRESELCTV_HIG_URB,2037,99999.0
RE1,DEMRESELCTV_HIG_URB,2038,99999.0
RE1,DEMRESELCTV_HIG_URB,2039,99999.0
RE1,DEMRESELCTV_HIG_URB,2040,99999.0
RE1,DEMRESELCTV_HIG_URB,2041,99999.0
RE1,DEMRESELCTV_HIG_URB,2042,99999.0
RE1,DEMRESELCTV_HIG_URB,2043,99999.0
RE1,DEMRESELCTV_HIG_URB,2044,99999.0
RE1,DEMRESELCTV_HIG_URB,2045,99999.0
RE1,DEMRESELCTV_HIG_URB,2046,99999.0
RE1,DEMRESELCTV_HIG_URB,2047,99999.0
RE1,DEMRESELCTV_HIG_URB,2048,99999.0
RE1,DEMRESELCTV_HIG_URB,2049,99999.0
RE1,DEMRESELCTV_HIG_URB,2050,99999.0
RE1,DEMRESELCTV_HIG_URB,2051,99999.0
RE1,DEMRESELCTV_HIG_URB,2052,99999.0
RE1,DEMRESELCTV_HIG_URB,2053,99999.0
RE1,DEMRESELCTV_HIG_URB,2054,99999.0
RE1,DEMRESELCTV_HIG_URB,2055,99999.0
RE1,DEMRESELCTV_LOW_RUR,2022,99999.0
RE1,DEMRESELCTV_LOW_RUR,2023,99999.0
RE1,DEMRESELCTV_LOW_RUR,2024,99999.0
RE1,DEMRESELCTV_LOW_RUR,2025,99999.0
RE1,DEMRESELCTV_LOW_RUR,2026,99999.0
RE1,DEMRESELCTV_LOW_RUR,2027,99999.0
RE1,DEMRESELCTV_LOW_RUR,2028,99999.0
RE1,DEMRESELCTV_LOW_RUR,2029,99999.0
RE1,DEMRESELCTV_LOW_RUR,2030,99999.0
RE1,DEMRESELCTV_LOW_RUR,2031,99999.0
RE1,DEMRESELCTV_LOW_RUR,2032,99999.0
RE1,DEMRESELCTV_LOW_RUR,2033,99999.0
RE1,DEMRESELCTV_LOW_RUR,2034,99999.0
RE1,DEMRESELCTV_LOW_RUR,2035,99999.0
RE1,DEMRESELCTV_LOW_RUR,2036,99999.0
RE1,DEMRESELCTV_LOW_RUR,2037,99999.0
RE1,DEMRESELCTV_LOW_RUR,2038,99999.0
RE1,DEMRESELCTV_LOW_RUR,2039,99999.0
RE1,DEMRESELCTV_LOW_RUR,2040,99999.0
RE1,DEMRESELCTV_LOW_RUR,2041,99999.0
RE1,DEMRESELCTV_LOW_RUR,2042,99999.0
RE1,DEMRESELCTV_LOW_RUR,2043,99999.0
RE1,DEMRESELCTV_LOW_RUR,2044,99999.0
RE1,DEMRESELCTV_LOW_RUR,2045,99999.0
RE1,DEMRESELCTV_LOW_RUR,2046,99999.0
RE1,DEMRESELCTV_LOW_RUR,2047,99999.0
RE1,DEMRESELCTV_LOW_RUR,2048,99999.0
RE1,DEMRESELCTV_LOW_RUR,2049,99999.0
RE1,DEMRESELCTV_LOW_RUR,2050,99999.0
RE1,DEMRESELCTV_LOW_RUR,2051,99999.0
RE1,DEMRESELCTV_LOW_RUR,2052,99999.0
RE1,DEMRESELCTV_LOW_RUR,2053,99999.0
RE1,DEMRESELCTV_LOW_RUR,2054,99999.0
RE1,DEMRESELCTV_LOW_RUR,2055,99999.0
RE1,DEMRESELCTV_LOW_URB,2022,99999.0
RE1,DEMRESELCTV_LOW_URB,2023,99999.0
RE1,DEMRESELCTV_LOW_URB,2024,99999.0
RE1,DEMRESELCTV_LOW_URB,2025,99999.0
RE1,DEMRESELCTV_LOW_URB,2026,99999.0
RE1,DEMRESELCTV_LOW_URB,2027,99999.0
RE1,DEMRESELCTV_LOW_URB,2028,99999.0
RE1,DEMRESELCTV_LOW_URB,2029,99999.0
RE1,DEMRESELCTV_LOW_URB,2030,99999.0
RE1,DEMRESELCTV_LOW_URB,2031,99999.0
RE1,DEMRESELCTV_LOW_URB,2032,99999.0
RE1,DEMRESELCTV_LOW_URB,2033,99999.0
RE1,DEMRESELCTV_LOW_URB,2034,99999.0
RE1,DEMRESELCTV_LOW_URB,2035,99999.0
RE1,DEMRESELCTV_LOW_URB,2036,99999.0
RE1,DEMRESELCTV_LOW_URB,2037,99999.0
RE1,DEMRESELCTV_LOW_URB,2038,99999.0
RE1,DEMRESELCTV_LOW_URB,2039,99999.0
RE1,DEMRESELCTV_LOW_URB,2040,99999.0
RE1,DEMRESELCTV_LOW_URB,2041,99999.0
RE1,DEMRESELCTV_LOW_URB,2042,99999.0
RE1,DEMRESELCTV_LOW_URB,2043,99999.0
RE1,DEMRESELCTV_LOW_URB,2044,99999.0
RE1,DEMRESELCTV_LOW_URB,2045,99999.0
RE1,DEMRESELCTV_LOW_URB,2046,99999.0
RE1,DEMRESELCTV_LOW_URB,2047,99999.0
RE1,DEMRESELCTV_LOW_URB,2048,99999.0
RE1,DEMRESELCTV_LOW_URB,2049,99999.0
RE1,DEMRESELCTV_LOW_URB,2050,99999.0
RE1,DEMRESELCTV_LOW_URB,2051,99999.0
RE1,DEMRESELCTV_LOW_URB,2052,99999.0
RE1,DEMRESELCTV_LOW_URB,2053,99999.0
RE1,DEMRESELCTV_LOW_URB,2054,99999.0
RE1,DEMRESELCTV_LOW_URB,2055,99999.0
RE1,DEMRESELCTV_MID_RUR,2022,99999.0
RE1,DEMRESELCTV_MID_RUR,2023,99999.0
RE1,DEMRESELCTV_MID_RUR,2024,99999.0
RE1,DEMRESELCTV_MID_RUR,2025,99999.0
RE1,DEMRESELCTV_MID_RUR,2026,99999.0
RE1,DEMRESELCTV_MID_RUR,2027,99999.0
RE1,DEMRESELCTV_MID_RUR,2028,99999.0
RE1,DEMRESELCTV_MID_RUR,2029,99999.0
RE1,DEMRESELCTV_MID_RUR,2030,99999.0
RE1,DEMRESELCTV_MID_RUR,2031,99999.0
RE1,DEMRESELCTV_MID_RUR,2032,99999.0
RE1,DEMRESELCTV_MID_RUR,2033,99999.0
RE1,DEMRESELCTV_MID_RUR,2034,99999.0
RE1,DEMRESELCTV_MID_RUR,2035,99999.0
RE1,DEMRESELCTV_MID_RUR,2036,99999.0
RE1,DEMRESELCTV_MID_RUR,2037,99999.0
RE1,DEMRESELCTV_MID_RUR,2038,99999.0
RE1,DEMRESELCTV_MID_RUR,2039,99999.0
RE1,DEMRESELCTV_MID_RUR,2040,99999.0
RE1,DEMRESELCTV_MID_RUR,2041,99999.0
RE1,DEMRESELCTV_MID_RUR,2042,99999.0
RE1,DEMRESELCTV_MID_RUR,2043,99999.0
RE1,DEMRESELCTV_MID_RUR,2044,99999.0
RE1,DEMRESELCTV_MID_RUR,2045,99999.0
RE1,DEMRESELCTV_MID_RUR,2046,99999.0
RE1,DEMRESELCTV_MID_RUR,2047,99999.0
RE1,DEMRESELCTV_MID_RUR,2048,99999.0
RE1,DEMRESELCTV_MID_RUR,2049,99999.0
RE1,DEMRESELCTV_MID_RUR,2050,99999.0
RE1,DEMRESELCTV_MID_RUR,2051,99999.0
RE1,DEMRESELCTV_MID_RUR,2052,99999.0
RE1,DEMRESELCTV_MID_RUR,2053,99999.0
RE1,DEMRESELCTV_MID_RUR,2054,99999.0
RE1,DEMRESELCTV_MID_RUR,2055,99999.0
RE1,DEMRESELCTV_MID_URB,2022,99999.0
RE1,DEMRESELCTV_MID_URB,2023,99999.0
RE1,DEMRESELCTV_MID_URB,2024,99999.0
RE1,DEMRESELCTV_MID_URB,2025,99999.0
RE1,DEMRESELCTV_MID_URB,2026,99999.0
RE1,DEMRESELCTV_MID_URB,2027,99999.0
RE1,DEMRESELCTV_MID_URB,2028,99999.0
RE1,DEMRESELCTV_MID_URB,2029,99999.0
RE1,DEMRESELCTV_MID_URB,2030,99999.0
RE1,DEMRESELCTV_MID_URB,2031,99999.0
RE1,DEMRESELCTV_MID_URB,2032,99999.0
RE1,DEMRESELCTV_MID_URB,2033,99999.0
RE1,DEMRESELCTV_MID_URB,2034,99999.0
RE1,DEMRESELCTV_MID_URB,2035,99999.0
RE1,DEMRESELCTV_MID_URB,2036,99999.0
RE1,DEMRESELCTV_MID_URB,2037,99999.0
RE1,DEMRESELCTV_MID_URB,2038,99999.0
RE1,DEMRESELCTV_MID_URB,2039,99999.0
RE1,DEMRESELCTV_MID_URB,2040,99999.0
RE1,DEMRESELCTV_MID_URB,2041,99999.0
RE1,DEMRESELCTV_MID_URB,2042,99999.0
RE1,DEMRESELCTV_MID_URB,2043,99999.0
RE1,DEMRESELCTV_MID_URB,2044,99999.0
RE1,DEMRESELCTV_MID_URB,2045,99999.0
RE1,DEMRESELCTV_MID_URB,2046,99999.0
RE1,DEMRESELCTV_MID_URB,2047,99999.0
RE1,DEMRESELCTV_MID_URB,2048,99999.0
RE1,DEMRESELCTV_MID_URB,2049,99999.0
RE1,DEMRESELCTV_MID_URB,2050,99999.0
RE1,DEMRESELCTV_MID_URB,2051,99999.0
RE1,DEMRESELCTV_MID_URB,2052,99999.0
RE1,DEMRESELCTV_MID_URB,2053,99999.0
RE1,DEMRESELCTV_MID_URB,2054,99999.0
RE1,DEMRESELCTV_MID_URB,2055,99999.0
RE1,DEMRESELCWHT_DUC_HIG_RUR,2022,99999.0
RE1,DEMRESELCWHT_DUC_HIG_RUR,2023,99999.0
RE1,DEMRESELCWHT_DUC_HIG_RUR,2024,99999.0
RE1,DEMRESELCWHT_DUC_HIG_RUR,2025,99999.0
RE1,DEMRESELCWHT_DUC_HIG_RUR,2026,99999.0
RE1,DEMRESELCWHT_DUC_HIG_RUR,2027,99999.0
RE1,DEMRESELCWHT_DUC_HIG_RUR,2028,99999.0
RE1,DEMRESELCWHT_DUC_HIG_RUR,2029,99999.0
RE1,DEMRESELCWHT_DUC_HIG_RUR,2030,99999.0
RE1,DEMRESELCWHT_DUC_HIG_RUR,2031,99999.0
RE1,DEMRESELCWHT_DUC_HIG_RUR,2032,99999.0
RE1,DEMRESELCWHT_DUC_HIG_RUR,2033,99999.0
RE1,DEMRESELCWHT_DUC_HIG_RUR,2034,99999.0
RE1,DEMRESELCWHT_DUC_HIG_RUR,2035,99999.0
RE1,DEMRESELCWHT_DUC_HIG_RUR,2036,99999.0
RE1,DEMRESELCWHT_DUC_HIG_RUR,2037,99999.0
RE1,DEMRESELCWHT_DUC_HIG_RUR,2038,99999.0
RE1,DEMRESELCWHT_DUC_HIG_RUR,2039,99999.0
RE1,DEMRESELCWHT_DUC_HIG_RUR,2040,99999.0
RE1,DEMRESELCWHT_DUC_HIG_RUR,2041,99999.0
RE1,DEMRESELCWHT_DUC_HIG_RUR,2042,99999.0
RE1,DEMRESELCWHT_DUC_HIG_RUR,2043,99999.0
RE1,DEMRESELCWHT_DUC_HIG_RUR,2044,99999.0
RE1,DEMRESELCWHT_DUC_HIG_RUR,2045,99999.0
RE1,DEMRESELCWHT_DUC_HIG_RUR,2046,99999.0
RE1,DEMRESELCWHT_DUC_HIG_RUR,2047,99999.0
RE1,DEMRESELCWHT_DUC_HIG_RUR,2048,99999.0
RE1,DEMRESELCWHT_DUC_HIG_RUR,2049,99999.0
RE1,DEMRESELCWHT_DUC_HIG_RUR,2050,99999.0
RE1,DEMRESELCWHT_DUC_HIG_RUR,2051,99999.0
RE1,DEMRESELCWHT_DUC_HIG_RUR,2052,99999.0
RE1,DEMRESELCWHT_DUC_HIG_RUR,2053,99999.0
RE1,DEMRESELCWHT_DUC_HIG_RUR,2054,99999.0
RE1,DEMRESELCWHT_DUC_HIG_RUR,2055,99999.0
RE1,DEMRESELCWHT_DUC_HIG_URB,2022,99999.0
RE1,DEMRESELCWHT_DUC_HIG_URB,2023,99999.0
RE1,DEMRESELCWHT_DUC_HIG_URB,2024,99999.0
RE1,DEMRESELCWHT_DUC_HIG_URB,2025,99999.0
RE1,DEMRESELCWHT_DUC_HIG_URB,2026,99999.0
RE1,DEMRESELCWHT_DUC_HIG_URB,2027,99999.0
RE1,DEMRESELCWHT_DUC_HIG_URB,2028,99999.0
RE1,DEMRESELCWHT_DUC_HIG_URB,2029,99999.0
RE1,DEMRESELCWHT_DUC_HIG_URB,2030,99999.0
RE1,DEMRESELCWHT_DUC_HIG_URB,2031,99999.0
RE1,DEMRESELCWHT_DUC_HIG_URB,2032,99999.0
RE1,DEMRESELCWHT_DUC_HIG_URB,2033,99999.0
RE1,DEMRESELCWHT_DUC_HIG_URB,2034,99999.0
RE1,DEMRESELCWHT_DUC_HIG_URB,2035,99999.0
RE1,DEMRESELCWHT_DUC_HIG_URB,2036,99999.0
RE1,DEMRESELCWHT_DUC_HIG_URB,2037,99999.0
RE1,DEMRESELCWHT_DUC_HIG_URB,2038,99999.0
RE1,DEMRESELCWHT_DUC_HIG_URB,2039,99999.0
RE1,DEMRESELCWHT_DUC_HIG_URB,2040,99999.0
RE1,DEMRESELCWHT_DUC_HIG_URB,2041,99999.0
RE1,DEMRESELCWHT_DUC_HIG_URB,2042,99999.0
RE1,DEMRESELCWHT_DUC_HIG_URB,2043,99999.0
RE1,DEMRESELCWHT_DUC_HIG_URB,2044,99999.0
RE1,DEMRESELCWHT_DUC_HIG_URB,2045,99999.0
RE1,DEMRESELCWHT_DUC_HIG_URB,2046,99999.0
RE1,DEMRESELCWHT_DUC_HIG_URB,2047,99999.0
RE1,DEMRESELCWHT_DUC_HIG_URB,2048,99999.0
RE1,DEMRESELCWHT_DUC_HIG_URB,2049,99999.0
RE1,DEMRESELCWHT_DUC_HIG_URB,2050,99999.0
RE1,DEMRESELCWHT_DUC_HIG_URB,2051,99999.0
RE1,DEMRESELCWHT_DUC_HIG_URB,2052,99999.0
RE1,DEMRESELCWHT_DUC_HIG_URB,2053,99999.0
RE1,DEMRESELCWHT_DUC_HIG_URB,2054,99999.0
RE1,DEMRESELCWHT_DUC_HIG_URB,2055,99999.0
RE1,DEMRESELCWHT_DUC_LOW_RUR,2022,99999.0
RE1,DEMRESELCWHT_DUC_LOW_RUR,2023,99999.0
RE1,DEMRESELCWHT_DUC_LOW_RUR,2024,99999.0
RE1,DEMRESELCWHT_DUC_LOW_RUR,2025,99999.0
RE1,DEMRESELCWHT_DUC_LOW_RUR,2026,99999.0
RE1,DEMRESELCWHT_DUC_LOW_RUR,2027,99999.0
RE1,DEMRESELCWHT_DUC_LOW_RUR,2028,99999.0
RE1,DEMRESELCWHT_DUC_LOW_RUR,2029,99999.0
RE1,DEMRESELCWHT_DUC_LOW_RUR,2030,99999.0
RE1,DEMRESELCWHT_DUC_LOW_RUR,2031,99999.0
RE1,DEMRESELCWHT_DUC_LOW_RUR,2032,99999.0
RE1,DEMRESELCWHT_DUC_LOW_RUR,2033,99999.0
RE1,DEMRESELCWHT_DUC_LOW_RUR,2034,99999.0
RE1,DEMRESELCWHT_DUC_LOW_RUR,2035,99999.0
RE1,DEMRESELCWHT_DUC_LOW_RUR,2036,99999.0
RE1,DEMRESELCWHT_DUC_LOW_RUR,2037,99999.0
RE1,DEMRESELCWHT_DUC_LOW_RUR,2038,99999.0
RE1,DEMRESELCWHT_DUC_LOW_RUR,2039,99999.0
RE1,DEMRESELCWHT_DUC_LOW_RUR,2040,99999.0
RE1,DEMRESELCWHT_DUC_LOW_RUR,2041,99999.0
RE1,DEMRESELCWHT_DUC_LOW_RUR,2042,99999.0
RE1,DEMRESELCWHT_DUC_LOW_RUR,2043,99999.0
RE1,DEMRESELCWHT_DUC_LOW_RUR,2044,99999.0
RE1,DEMRESELCWHT_DUC_LOW_RUR,2045,99999.0
RE1,DEMRESELCWHT_DUC_LOW_RUR,2046,99999.0
RE1,DEMRESELCWHT_DUC_LOW_RUR,2047,99999.0
RE1,DEMRESELCWHT_DUC_LOW_RUR,2048,99999.0
RE1,DEMRESELCWHT_DUC_LOW_RUR,2049,99999.0
RE1,DEMRESELCWHT_DUC_LOW_RUR,2050,99999.0
RE1,DEMRESELCWHT_DUC_LOW_RUR,2051,99999.0
RE1,DEMRESELCWHT_DUC_LOW_RUR,2052,99999.0
RE1,DEMRESELCWHT_DUC_LOW_RUR,2053,99999.0
RE1,DEMRESELCWHT_DUC_LOW_RUR,2054,99999.0
RE1,DEMRESELCWHT_DUC_LOW_RUR,2055,99999.0
RE1,DEMRESELCWHT_DUC_LOW_URB,2022,99999.0
RE1,DEMRESELCWHT_DUC_LOW_URB,2023,99999.0
RE1,DEMRESELCWHT_DUC_LOW_URB,2024,99999.0
RE1,DEMRESELCWHT_DUC_LOW_URB,2025,99999.0
RE1,DEMRESELCWHT_DUC_LOW_URB,2026,99999.0
RE1,DEMRESELCWHT_DUC_LOW_URB,2027,99999.0
RE1,DEMRESELCWHT_DUC_LOW_URB,2028,99999.0
RE1,DEMRESELCWHT_DUC_LOW_URB,2029,99999.0
RE1,DEMRESELCWHT_DUC_LOW_URB,2030,99999.0
RE1,DEMRESELCWHT_DUC_LOW_URB,2031,99999.0
RE1,DEMRESELCWHT_DUC_LOW_URB,2032,99999.0
RE1,DEMRESELCWHT_DUC_LOW_URB,2033,99999.0
RE1,DEMRESELCWHT_DUC_LOW_URB,2034,99999.0
RE1,DEMRESELCWHT_DUC_LOW_URB,2035,99999.0
RE1,DEMRESELCWHT_DUC_LOW_URB,2036,99999.0
RE1,DEMRESELCWHT_DUC_LOW_URB,2037,99999.0
RE1,DEMRESELCWHT_DUC_LOW_URB,2038,99999.0
RE1,DEMRESELCWHT_DUC_LOW_URB,2039,99999.0
RE1,DEMRESELCWHT_DUC_LOW_URB,2040,99999.0
RE1,DEMRESELCWHT_DUC_LOW_URB,2041,99999.0
RE1,DEMRESELCWHT_DUC_LOW_URB,2042,99999.0
RE1,DEMRESELCWHT_DUC_LOW_URB,2043,99999.0
RE1,DEMRESELCWHT_DUC_LOW_URB,2044,99999.0
RE1,DEMRESELCWHT_DUC_LOW_URB,2045,99999.0
RE1,DEMRESELCWHT_DUC_LOW_URB,2046,99999.0
RE1,DEMRESELCWHT_DUC_LOW_URB,2047,99999.0
RE1,DEMRESELCWHT_DUC_LOW_URB,2048,99999.0
RE1,DEMRESELCWHT_DUC_LOW_URB,2049,99999.0
RE1,DEMRESELCWHT_DUC_LOW_URB,2050,99999.0
RE1,DEMRESELCWHT_DUC_LOW_URB,2051,99999.0
RE1,DEMRESELCWHT_DUC_LOW_URB,2052,99999.0
RE1,DEMRESELCWHT_DUC_LOW_URB,2053,99999.0
RE1,DEMRESELCWHT_DUC_LOW_URB,2054,99999.0
RE1,DEMRESELCWHT_DUC_LOW_URB,2055,99999.0
RE1,DEMRESELCWHT_DUC_MID_RUR,2022,99999.0
RE1,DEMRESELCWHT_DUC_MID_RUR,2023,99999.0
RE1,DEMRESELCWHT_DUC_MID_RUR,2024,99999.0
RE1,DEMRESELCWHT_DUC_MID_RUR,2025,99999.0
RE1,DEMRESELCWHT_DUC_MID_RUR,2026,99999.0
RE1,DEMRESELCWHT_DUC_MID_RUR,2027,99999.0
RE1,DEMRESELCWHT_DUC_MID_RUR,2028,99999.0
RE1,DEMRESELCWHT_DUC_MID_RUR,2029,99999.0
RE1,DEMRESELCWHT_DUC_MID_RUR,2030,99999.0
RE1,DEMRESELCWHT_DUC_MID_RUR,2031,99999.0
RE1,DEMRESELCWHT_DUC_MID_RUR,2032,99999.0
RE1,DEMRESELCWHT_DUC_MID_RUR,2033,99999.0
RE1,DEMRESELCWHT_DUC_MID_RUR,2034,99999.0
RE1,DEMRESELCWHT_DUC_MID_RUR,2035,99999.0
RE1,DEMRESELCWHT_DUC_MID_RUR,2036,99999.0
RE1,DEMRESELCWHT_DUC_MID_RUR,2037,99999.0
RE1,DEMRESELCWHT_DUC_MID_RUR,2038,99999.0
RE1,DEMRESELCWHT_DUC_MID_RUR,2039,99999.0
RE1,DEMRESELCWHT_DUC_MID_RUR,2040,99999.0
RE1,DEMRESELCWHT_DUC_MID_RUR,2041,99999.0
RE1,DEMRESELCWHT_DUC_MID_RUR,2042,99999.0
RE1,DEMRESELCWHT_DUC_MID_RUR,2043,99999.0
RE1,DEMRESELCWHT_DUC_MID_RUR,2044,99999.0
RE1,DEMRESELCWHT_DUC_MID_RUR,2045,99999.0
RE1,DEMRESELCWHT_DUC_MID_RUR,2046,99999.0
RE1,DEMRESELCWHT_DUC_MID_RUR,2047,99999.0
RE1,DEMRESELCWHT_DUC_MID_RUR,2048,99999.0
RE1,DEMRESELCWHT_DUC_MID_RUR,2049,99999.0
RE1,DEMRESELCWHT_DUC_MID_RUR,2050,99999.0
RE1,DEMRESELCWHT_DUC_MID_RUR,2051,99999.0
RE1,DEMRESELCWHT_DUC_MID_RUR,2052,99999.0
RE1,DEMRESELCWHT_DUC_MID_RUR,2053,99999.0
RE1,DEMRESELCWHT_DUC_MID_RUR,2054,99999.0
RE1,DEMRESELCWHT_DUC_MID_RUR,2055,99999.0
RE1,DEMRESELCWHT_DUC_MID_URB,2022,99999.0
RE1,DEMRESELCWHT_DUC_MID_URB,2023,99999.0
RE1,DEMRESELCWHT_DUC_MID_URB,2024,99999.0
RE1,DEMRESELCWHT_DUC_MID_URB,2025,99999.0
RE1,DEMRESELCWHT_DUC_MID_URB,2026,99999.0
RE1,DEMRESELCWHT_DUC_MID_URB,2027,99999.0
RE1,DEMRESELCWHT_DUC_MID_URB,2028,99999.0
RE1,DEMRESELCWHT_DUC_MID_URB,2029,99999.0
RE1,DEMRESELCWHT_DUC_MID_URB,2030,99999.0
RE1,DEMRESELCWHT_DUC_MID_URB,2031,99999.0
RE1,DEMRESELCWHT_DUC_MID_URB,2032,99999.0
RE1,DEMRESELCWHT_DUC_MID_URB,2033,99999.0
RE1,DEMRESELCWHT_DUC_MID_URB,2034,99999.0
RE1,DEMRESELCWHT_DUC_MID_URB,2035,99999.0
RE1,DEMRESELCWHT_DUC_MID_URB,2036,99999.0
RE1,DEMRESELCWHT_DUC_MID_URB,2037,99999.0
RE1,DEMRESELCWHT_DUC_MID_URB,2038,99999.0
RE1,DEMRESELCWHT_DUC_MID_URB,2039,99999.0
RE1,DEMRESELCWHT_DUC_MID_URB,2040,99999.0
RE1,DEMRESELCWHT_DUC_MID_URB,2041,99999.0
RE1,DEMRESELCWHT_DUC_MID_URB,2042,99999.0
RE1,DEMRESELCWHT_DUC_MID_URB,2043,99999.0
RE1,DEMRESELCWHT_DUC_MID_URB,2044,99999.0
RE1,DEMRESELCWHT_DUC_MID_URB,2045,99999.0
RE1,DEMRESELCWHT_DUC_MID_URB,2046,99999.0
RE1,DEMRESELCWHT_DUC_MID_URB,2047,99999.0
RE1,DEMRESELCWHT_DUC_MID_URB,2048,99999.0
RE1,DEMRESELCWHT_DUC_MID_URB,2049,99999.0
RE1,DEMRESELCWHT_DUC_MID_URB,2050,99999.0
RE1,DEMRESELCWHT_DUC_MID_URB,2051,99999.0
RE1,DEMRESELCWHT_DUC_MID_URB,2052,99999.0
RE1,DEMRESELCWHT_DUC_MID_URB,2053,99999.0
RE1,DEMRESELCWHT_DUC_MID_URB,2054,99999.0
RE1,DEMRESELCWHT_DUC_MID_URB,2055,99999.0
RE1,DEMRESELCWHT_PAS_HIG_RUR,2022,99999.0
RE1,DEMRESELCWHT_PAS_HIG_RUR,2023,99999.0
RE1,DEMRESELCWHT_PAS_HIG_RUR,2024,99999.0
RE1,DEMRESELCWHT_PAS_HIG_RUR,2025,99999.0
RE1,DEMRESELCWHT_PAS_HIG_RUR,2026,99999.0
RE1,DEMRESELCWHT_PAS_HIG_RUR,2027,99999.0
RE1,DEMRESELCWHT_PAS_HIG_RUR,2028,99999.0
RE1,DEMRESELCWHT_PAS_HIG_RUR,2029,99999.0
RE1,DEMRESELCWHT_PAS_HIG_RUR,2030,99999.0
RE1,DEMRESELCWHT_PAS_HIG_RUR,2031,99999.0
RE1,DEMRESELCWHT_PAS_HIG_RUR,2032,99999.0
RE1,DEMRESELCWHT_PAS_HIG_RUR,2033,99999.0
RE1,DEMRESELCWHT_PAS_HIG_RUR,2034,99999.0
RE1,DEMRESELCWHT_PAS_HIG_RUR,2035,99999.0
RE1,DEMRESELCWHT_PAS_HIG_RUR,2036,99999.0
RE1,DEMRESELCWHT_PAS_HIG_RUR,2037,99999.0
RE1,DEMRESELCWHT_PAS_HIG_RUR,2038,99999.0
RE1,DEMRESELCWHT_PAS_HIG_RUR,2039,99999.0
RE1,DEMRESELCWHT_PAS_HIG_RUR,2040,99999.0
RE1,DEMRESELCWHT_PAS_HIG_RUR,2041,99999.0
RE1,DEMRESELCWHT_PAS_HIG_RUR,2042,99999.0
RE1,DEMRESELCWHT_PAS_HIG_RUR,2043,99999.0
RE1,DEMRESELCWHT_PAS_HIG_RUR,2044,99999.0
RE1,DEMRESELCWHT_PAS_HIG_RUR,2045,99999.0
RE1,DEMRESELCWHT_PAS_HIG_RUR,2046,99999.0
RE1,DEMRESELCWHT_PAS_HIG_RUR,2047,99999.0
RE1,DEMRESELCWHT_PAS_HIG_RUR,2048,99999.0
RE1,DEMRESELCWHT_PAS_HIG_RUR,2049,99999.0
RE1,DEMRESELCWHT_PAS_HIG_RUR,2050,99999.0
RE1,DEMRESELCWHT_PAS_HIG_RUR,2051,99999.0
RE1,DEMRESELCWHT_PAS_HIG_RUR,2052,99999.0
RE1,DEMRESELCWHT_PAS_HIG_RUR,2053,99999.0
RE1,DEMRESELCWHT_PAS_HIG_RUR,2054,99999.0
RE1,DEMRESELCWHT_PAS_HIG_RUR,2055,99999.0
RE1,DEMRESELCWHT_PAS_HIG_URB,2022,99999.0
RE1,DEMRESELCWHT_PAS_HIG_URB,2023,99999.0
RE1,DEMRESELCWHT_PAS_HIG_URB,2024,99999.0
RE1,DEMRESELCWHT_PAS_HIG_URB,2025,99999.0
RE1,DEMRESELCWHT_PAS_HIG_URB,2026,99999.0
RE1,DEMRESELCWHT_PAS_HIG_URB,2027,99999.0
RE1,DEMRESELCWHT_PAS_HIG_URB,2028,99999.0
RE1,DEMRESELCWHT_PAS_HIG_URB,2029,99999.0
RE1,DEMRESELCWHT_PAS_HIG_URB,2030,99999.0
RE1,DEMRESELCWHT_PAS_HIG_URB,2031,99999.0
RE1,DEMRESELCWHT_PAS_HIG_URB,2032,99999.0
RE1,DEMRESELCWHT_PAS_HIG_URB,2033,99999.0
RE1,DEMRESELCWHT_PAS_HIG_URB,2034,99999.0
RE1,DEMRESELCWHT_PAS_HIG_URB,2035,99999.0
RE1,DEMRESELCWHT_PAS_HIG_URB,2036,99999.0
RE1,DEMRESELCWHT_PAS_HIG_URB,2037,99999.0
RE1,DEMRESELCWHT_PAS_HIG_URB,2038,99999.0
RE1,DEMRESELCWHT_PAS_HIG_URB,2039,99999.0
RE1,DEMRESELCWHT_PAS_HIG_URB,2040,99999.0
RE1,DEMRESELCWHT_PAS_HIG_URB,2041,99999.0
RE1,DEMRESELCWHT_PAS_HIG_URB,2042,99999.0
RE1,DEMRESELCWHT_PAS_HIG_URB,2043,99999.0
RE1,DEMRESELCWHT_PAS_HIG_URB,2044,99999.0
RE1,DEMRESELCWHT_PAS_HIG_URB,2045,99999.0
RE1,DEMRESELCWHT_PAS_HIG_URB,2046,99999.0
RE1,DEMRESELCWHT_PAS_HIG_URB,2047,99999.0
RE1,DEMRESELCWHT_PAS_HIG_URB,2048,99999.0
RE1,DEMRESELCWHT_PAS_HIG_URB,2049,99999.0
RE1,DEMRESELCWHT_PAS_HIG_URB,2050,99999.0
RE1,DEMRESELCWHT_PAS_HIG_URB,2051,99999.0
RE1,DEMRESELCWHT_PAS_HIG_URB,2052,99999.0
RE1,DEMRESELCWHT_PAS_HIG_URB,2053,99999.0
RE1,DEMRESELCWHT_PAS_HIG_URB,2054,99999.0
RE1,DEMRESELCWHT_PAS_HIG_URB,2055,99999.0
RE1,DEMRESELCWHT_PAS_LOW_RUR,2022,99999.0
RE1,DEMRESELCWHT_PAS_LOW_RUR,2023,99999.0
RE1,DEMRESELCWHT_PAS_LOW_RUR,2024,99999.0
RE1,DEMRESELCWHT_PAS_LOW_RUR,2025,99999.0
RE1,DEMRESELCWHT_PAS_LOW_RUR,2026,99999.0
RE1,DEMRESELCWHT_PAS_LOW_RUR,2027,99999.0
RE1,DEMRESELCWHT_PAS_LOW_RUR,2028,99999.0
RE1,DEMRESELCWHT_PAS_LOW_RUR,2029,99999.0
RE1,DEMRESELCWHT_PAS_LOW_RUR,2030,99999.0
RE1,DEMRESELCWHT_PAS_LOW_RUR,2031,99999.0
RE1,DEMRESELCWHT_PAS_LOW_RUR,2032,99999.0
RE1,DEMRESELCWHT_PAS_LOW_RUR,2033,99999.0
RE1,DEMRESELCWHT_PAS_LOW_RUR,2034,99999.0
RE1,DEMRESELCWHT_PAS_LOW_RUR,2035,99999.0
RE1,DEMRESELCWHT_PAS_LOW_RUR,2036,99999.0
RE1,DEMRESELCWHT_PAS_LOW_RUR,2037,99999.0
RE1,DEMRESELCWHT_PAS_LOW_RUR,2038,99999.0
RE1,DEMRESELCWHT_PAS_LOW_RUR,2039,99999.0
RE1,DEMRESELCWHT_PAS_LOW_RUR,2040,99999.0
RE1,DEMRESELCWHT_PAS_LOW_RUR,2041,99999.0
RE1,DEMRESELCWHT_PAS_LOW_RUR,2042,99999.0
RE1,DEMRESELCWHT_PAS_LOW_RUR,2043,99999.0
RE1,DEMRESELCWHT_PAS_LOW_RUR,2044,99999.0
RE1,DEMRESELCWHT_PAS_LOW_RUR,2045,99999.0
RE1,DEMRESELCWHT_PAS_LOW_RUR,2046,99999.0
RE1,DEMRESELCWHT_PAS_LOW_RUR,2047,99999.0
RE1,DEMRESELCWHT_PAS_LOW_RUR,2048,99999.0
RE1,DEMRESELCWHT_PAS_LOW_RUR,2049,99999.0
RE1,DEMRESELCWHT_PAS_LOW_RUR,2050,99999.0
RE1,DEMRESELCWHT_PAS_LOW_RUR,2051,99999.0
RE1,DEMRESELCWHT_PAS_LOW_RUR,2052,99999.0
RE1,DEMRESELCWHT_PAS_LOW_RUR,2053,99999.0
RE1,DEMRESELCWHT_PAS_LOW_RUR,2054,99999.0
RE1,DEMRESELCWHT_PAS_LOW_RUR,2055,99999.0
RE1,DEMRESELCWHT_PAS_LOW_URB,2022,99999.0
RE1,DEMRESELCWHT_PAS_LOW_URB,2023,99999.0
RE1,DEMRESELCWHT_PAS_LOW_URB,2024,99999.0
RE1,DEMRESELCWHT_PAS_LOW_URB,2025,99999.0
RE1,DEMRESELCWHT_PAS_LOW_URB,2026,99999.0
RE1,DEMRESELCWHT_PAS_LOW_URB,2027,99999.0
RE1,DEMRESELCWHT_PAS_LOW_URB,2028,99999.0
RE1,DEMRESELCWHT_PAS_LOW_URB,2029,99999.0
RE1,DEMRESELCWHT_PAS_LOW_URB,2030,99999.0
RE1,DEMRESELCWHT_PAS_LOW_URB,2031,99999.0
RE1,DEMRESELCWHT_PAS_LOW_URB,2032,99999.0
RE1,DEMRESELCWHT_PAS_LOW_URB,2033,99999.0
RE1,DEMRESELCWHT_PAS_LOW_URB,2034,99999.0
RE1,DEMRESELCWHT_PAS_LOW_URB,2035,99999.0
RE1,DEMRESELCWHT_PAS_LOW_URB,2036,99999.0
RE1,DEMRESELCWHT_PAS_LOW_URB,2037,99999.0
RE1,DEMRESELCWHT_PAS_LOW_URB,2038,99999.0
RE1,DEMRESELCWHT_PAS_LOW_URB,2039,99999.0
RE1,DEMRESELCWHT_PAS_LOW_URB,2040,99999.0
RE1,DEMRESELCWHT_PAS_LOW_URB,2041,99999.0
RE1,DEMRESELCWHT_PAS_LOW_URB,2042,99999.0
RE1,DEMRESELCWHT_PAS_LOW_URB,2043,99999.0
RE1,DEMRESELCWHT_PAS_LOW_URB,2044,99999.0
RE1,DEMRESELCWHT_PAS_LOW_URB,2045,99999.0
RE1,DEMRESELCWHT_PAS_LOW_URB,2046,99999.0
RE1,DEMRESELCWHT_PAS_LOW_URB,2047,99999.0
RE1,DEMRESELCWHT_PAS_LOW_URB,2048,99999.0
RE1,DEMRESELCWHT_PAS_LOW_URB,2049,99999.0
RE1,DEMRESELCWHT_PAS_LOW_URB,2050,99999.0
RE1,DEMRESELCWHT_PAS_LOW_URB,2051,99999.0
RE1,DEMRESELCWHT_PAS_LOW_URB,2052,99999.0
RE1,DEMRESELCWHT_PAS_LOW_URB,2053,99999.0
RE1,DEMRESELCWHT_PAS_LOW_URB,2054,99999.0
RE1,DEMRESELCWHT_PAS_LOW_URB,2055,99999.0
RE1,DEMRESELCWHT_PAS_MID_RUR,2022,99999.0
RE1,DEMRESELCWHT_PAS_MID_RUR,2023,99999.0
RE1,DEMRESELCWHT_PAS_MID_RUR,2024,99999.0
RE1,DEMRESELCWHT_PAS_MID_RUR,2025,99999.0
RE1,DEMRESELCWHT_PAS_MID_RUR,2026,99999.0
RE1,DEMRESELCWHT_PAS_MID_RUR,2027,99999.0
RE1,DEMRESELCWHT_PAS_MID_RUR,2028,99999.0
RE1,DEMRESELCWHT_PAS_MID_RUR,2029,99999.0
RE1,DEMRESELCWHT_PAS_MID_RUR,2030,99999.0
RE1,DEMRESELCWHT_PAS_MID_RUR,2031,99999.0
RE1,DEMRESELCWHT_PAS_MID_RUR,2032,99999.0
RE1,DEMRESELCWHT_PAS_MID_RUR,2033,99999.0
RE1,DEMRESELCWHT_PAS_MID_RUR,2034,99999.0
RE1,DEMRESELCWHT_PAS_MID_RUR,2035,99999.0
RE1,DEMRESELCWHT_PAS_MID_RUR,2036,99999.0
RE1,DEMRESELCWHT_PAS_MID_RUR,2037,99999.0
RE1,DEMRESELCWHT_PAS_MID_RUR,2038,99999.0
RE1,DEMRESELCWHT_PAS_MID_RUR,2039,99999.0
RE1,DEMRESELCWHT_PAS_MID_RUR,2040,99999.0
RE1,DEMRESELCWHT_PAS_MID_RUR,2041,99999.0
RE1,DEMRESELCWHT_PAS_MID_RUR,2042,99999.0
RE1,DEMRESELCWHT_PAS_MID_RUR,2043,99999.0
RE1,DEMRESELCWHT_PAS_MID_RUR,2044,99999.0
RE1,DEMRESELCWHT_PAS_MID_RUR,2045,99999.0
RE1,DEMRESELCWHT_PAS_MID_RUR,2046,99999.0
RE1,DEMRESELCWHT_PAS_MID_RUR,2047,99999.0
RE1,DEMRESELCWHT_PAS_MID_RUR,2048,99999.0
RE1,DEMRESELCWHT_PAS_MID_RUR,2049,99999.0
RE1,DEMRESELCWHT_PAS_MID_RUR,2050,99999.0
RE1,DEMRESELCWHT_PAS_MID_RUR,2051,99999.0
RE1,DEMRESELCWHT_PAS_MID_RUR,2052,99999.0
RE1,DEMRESELCWHT_PAS_MID_RUR,2053,99999.0
RE1,DEMRESELCWHT_PAS_MID_RUR,2054,99999.0
RE1,DEMRESELCWHT_PAS_MID_RUR,2055,99999.0
RE1,DEMRESELCWHT_PAS_MID_URB,2022,99999.0
RE1,DEMRESELCWHT_PAS_MID_URB,2023,99999.0
RE1,DEMRESELCWHT_PAS_MID_URB,2024,99999.0
RE1,DEMRESELCWHT_PAS_MID_URB,2025,99999.0
RE1,DEMRESELCWHT_PAS_MID_URB,2026,99999.0
RE1,DEMRESELCWHT_PAS_MID_URB,2027,99999.0
RE1,DEMRESELCWHT_PAS_MID_URB,2028,99999.0
RE1,DEMRESELCWHT_PAS_MID_URB,2029,99999.0
RE1,DEMRESELCWHT_PAS_MID_URB,2030,99999.0
RE1,DEMRESELCWHT_PAS_MID_URB,2031,99999.0
RE1,DEMRESELCWHT_PAS_MID_URB,2032,99999.0
RE1,DEMRESELCWHT_PAS_MID_URB,2033,99999.0
RE1,DEMRESELCWHT_PAS_MID_URB,2034,99999.0
RE1,DEMRESELCWHT_PAS_MID_URB,2035,99999.0
RE1,DEMRESELCWHT_PAS_MID_URB,2036,99999.0
RE1,DEMRESELCWHT_PAS_MID_URB,2037,99999.0
RE1,DEMRESELCWHT_PAS_MID_URB,2038,99999.0
RE1,DEMRESELCWHT_PAS_MID_URB,2039,99999.0
RE1,DEMRESELCWHT_PAS_MID_URB,2040,99999.0
RE1,DEMRESELCWHT_PAS_MID_URB,2041,99999.0
RE1,DEMRESELCWHT_PAS_MID_URB,2042,99999.0
RE1,DEMRESELCWHT_PAS_MID_URB,2043,99999.0
RE1,DEMRESELCWHT_PAS_MID_URB,2044,99999.0
RE1,DEMRESELCWHT_PAS_MID_URB,2045,99999.0
RE1,DEMRESELCWHT_PAS_MID_URB,2046,99999.0
RE1,DEMRESELCWHT_PAS_MID_URB,2047,99999.0
RE1,DEMRESELCWHT_PAS_MID_URB,2048,99999.0
RE1,DEMRESELCWHT_PAS_MID_URB,2049,99999.0
RE1,DEMRESELCWHT_PAS_MID_URB,2050,99999.0
RE1,DEMRESELCWHT_PAS_MID_URB,2051,99999.0
RE1,DEMRESELCWHT_PAS_MID_URB,2052,99999.0
RE1,DEMRESELCWHT_PAS_MID_URB,2053,99999.0
RE1,DEMRESELCWHT_PAS_MID_URB,2054,99999.0
RE1,DEMRESELCWHT_PAS_MID_URB,2055,99999.0
RE1,DEMRESELCWHT_TAN_HIG_RUR,2022,99999.0
RE1,DEMRESELCWHT_TAN_HIG_RUR,2023,99999.0
RE1,DEMRESELCWHT_TAN_HIG_RUR,2024,99999.0
RE1,DEMRESELCWHT_TAN_HIG_RUR,2025,99999.0
RE1,DEMRESELCWHT_TAN_HIG_RUR,2026,99999.0
RE1,DEMRESELCWHT_TAN_HIG_RUR,2027,99999.0
RE1,DEMRESELCWHT_TAN_HIG_RUR,2028,99999.0
RE1,DEMRESELCWHT_TAN_HIG_RUR,2029,99999.0
RE1,DEMRESELCWHT_TAN_HIG_RUR,2030,99999.0
RE1,DEMRESELCWHT_TAN_HIG_RUR,2031,99999.0
RE1,DEMRESELCWHT_TAN_HIG_RUR,2032,99999.0
RE1,DEMRESELCWHT_TAN_HIG_RUR,2033,99999.0
RE1,DEMRESELCWHT_TAN_HIG_RUR,2034,99999.0
RE1,DEMRESELCWHT_TAN_HIG_RUR,2035,99999.0
RE1,DEMRESELCWHT_TAN_HIG_RUR,2036,99999.0
RE1,DEMRESELCWHT_TAN_HIG_RUR,2037,99999.0
RE1,DEMRESELCWHT_TAN_HIG_RUR,2038,99999.0
RE1,DEMRESELCWHT_TAN_HIG_RUR,2039,99999.0
RE1,DEMRESELCWHT_TAN_HIG_RUR,2040,99999.0
RE1,DEMRESELCWHT_TAN_HIG_RUR,2041,99999.0
RE1,DEMRESELCWHT_TAN_HIG_RUR,2042,99999.0
RE1,DEMRESELCWHT_TAN_HIG_RUR,2043,99999.0
RE1,DEMRESELCWHT_TAN_HIG_RUR,2044,99999.0
RE1,DEMRESELCWHT_TAN_HIG_RUR,2045,99999.0
RE1,DEMRESELCWHT_TAN_HIG_RUR,2046,99999.0
RE1,DEMRESELCWHT_TAN_HIG_RUR,2047,99999.0
RE1,DEMRESELCWHT_TAN_HIG_RUR,2048,99999.0
RE1,DEMRESELCWHT_TAN_HIG_RUR,2049,99999.0
RE1,DEMRESELCWHT_TAN_HIG_RUR,2050,99999.0
RE1,DEMRESELCWHT_TAN_HIG_RUR,2051,99999.0
RE1,DEMRESELCWHT_TAN_HIG_RUR,2052,99999.0
RE1,DEMRESELCWHT_TAN_HIG_RUR,2053,99999.0
RE1,DEMRESELCWHT_TAN_HIG_RUR,2054,99999.0
RE1,DEMRESELCWHT_TAN_HIG_RUR,2055,99999.0
RE1,DEMRESELCWHT_TAN_HIG_URB,2022,99999.0
RE1,DEMRESELCWHT_TAN_HIG_URB,2023,99999.0
RE1,DEMRESELCWHT_TAN_HIG_URB,2024,99999.0
RE1,DEMRESELCWHT_TAN_HIG_URB,2025,99999.0
RE1,DEMRESELCWHT_TAN_HIG_URB,2026,99999.0
RE1,DEMRESELCWHT_TAN_HIG_URB,2027,99999.0
RE1,DEMRESELCWHT_TAN_HIG_URB,2028,99999.0
RE1,DEMRESELCWHT_TAN_HIG_URB,2029,99999.0
RE1,DEMRESELCWHT_TAN_HIG_URB,2030,99999.0
RE1,DEMRESELCWHT_TAN_HIG_URB,2031,99999.0
RE1,DEMRESELCWHT_TAN_HIG_URB,2032,99999.0
RE1,DEMRESELCWHT_TAN_HIG_URB,2033,99999.0
RE1,DEMRESELCWHT_TAN_HIG_URB,2034,99999.0
RE1,DEMRESELCWHT_TAN_HIG_URB,2035,99999.0
RE1,DEMRESELCWHT_TAN_HIG_URB,2036,99999.0
RE1,DEMRESELCWHT_TAN_HIG_URB,2037,99999.0
RE1,DEMRESELCWHT_TAN_HIG_URB,2038,99999.0
RE1,DEMRESELCWHT_TAN_HIG_URB,2039,99999.0
RE1,DEMRESELCWHT_TAN_HIG_URB,2040,99999.0
RE1,DEMRESELCWHT_TAN_HIG_URB,2041,99999.0
RE1,DEMRESELCWHT_TAN_HIG_URB,2042,99999.0
RE1,DEMRESELCWHT_TAN_HIG_URB,2043,99999.0
RE1,DEMRESELCWHT_TAN_HIG_URB,2044,99999.0
RE1,DEMRESELCWHT_TAN_HIG_URB,2045,99999.0
RE1,DEMRESELCWHT_TAN_HIG_URB,2046,99999.0
RE1,DEMRESELCWHT_TAN_HIG_URB,2047,99999.0
RE1,DEMRESELCWHT_TAN_HIG_URB,2048,99999.0
RE1,DEMRESELCWHT_TAN_HIG_URB,2049,99999.0
RE1,DEMRESELCWHT_TAN_HIG_URB,2050,99999.0
RE1,DEMRESELCWHT_TAN_HIG_URB,2051,99999.0
RE1,DEMRESELCWHT_TAN_HIG_URB,2052,99999.0
RE1,DEMRESELCWHT_TAN_HIG_URB,2053,99999.0
RE1,DEMRESELCWHT_TAN_HIG_URB,2054,99999.0
RE1,DEMRESELCWHT_TAN_HIG_URB,2055,99999.0
RE1,DEMRESELCWHT_TAN_LOW_RUR,2022,99999.0
RE1,DEMRESELCWHT_TAN_LOW_RUR,2023,99999.0
RE1,DEMRESELCWHT_TAN_LOW_RUR,2024,99999.0
RE1,DEMRESELCWHT_TAN_LOW_RUR,2025,99999.0
RE1,DEMRESELCWHT_TAN_LOW_RUR,2026,99999.0
RE1,DEMRESELCWHT_TAN_LOW_RUR,2027,99999.0
RE1,DEMRESELCWHT_TAN_LOW_RUR,2028,99999.0
RE1,DEMRESELCWHT_TAN_LOW_RUR,2029,99999.0
RE1,DEMRESELCWHT_TAN_LOW_RUR,2030,99999.0
RE1,DEMRESELCWHT_TAN_LOW_RUR,2031,99999.0
RE1,DEMRESELCWHT_TAN_LOW_RUR,2032,99999.0
RE1,DEMRESELCWHT_TAN_LOW_RUR,2033,99999.0
RE1,DEMRESELCWHT_TAN_LOW_RUR,2034,99999.0
RE1,DEMRESELCWHT_TAN_LOW_RUR,2035,99999.0
RE1,DEMRESELCWHT_TAN_LOW_RUR,2036,99999.0
RE1,DEMRESELCWHT_TAN_LOW_RUR,2037,99999.0
RE1,DEMRESELCWHT_TAN_LOW_RUR,2038,99999.0
RE1,DEMRESELCWHT_TAN_LOW_RUR,2039,99999.0
RE1,DEMRESELCWHT_TAN_LOW_RUR,2040,99999.0
RE1,DEMRESELCWHT_TAN_LOW_RUR,2041,99999.0
RE1,DEMRESELCWHT_TAN_LOW_RUR,2042,99999.0
RE1,DEMRESELCWHT_TAN_LOW_RUR,2043,99999.0
RE1,DEMRESELCWHT_TAN_LOW_RUR,2044,99999.0
RE1,DEMRESELCWHT_TAN_LOW_RUR,2045,99999.0
RE1,DEMRESELCWHT_TAN_LOW_RUR,2046,99999.0
RE1,DEMRESELCWHT_TAN_LOW_RUR,2047,99999.0
RE1,DEMRESELCWHT_TAN_LOW_RUR,2048,99999.0
RE1,DEMRESELCWHT_TAN_LOW_RUR,2049,99999.0
RE1,DEMRESELCWHT_TAN_LOW_RUR,2050,99999.0
RE1,DEMRESELCWHT_TAN_LOW_RUR,2051,99999.0
RE1,DEMRESELCWHT_TAN_LOW_RUR,2052,99999.0
RE1,DEMRESELCWHT_TAN_LOW_RUR,2053,99999.0
RE1,DEMRESELCWHT_TAN_LOW_RUR,2054,99999.0
RE1,DEMRESELCWHT_TAN_LOW_RUR,2055,99999.0
RE1,DEMRESELCWHT_TAN_LOW_URB,2022,99999.0
RE1,DEMRESELCWHT_TAN_LOW_URB,2023,99999.0
RE1,DEMRESELCWHT_TAN_LOW_URB,2024,99999.0
RE1,DEMRESELCWHT_TAN_LOW_URB,2025,99999.0
RE1,DEMRESELCWHT_TAN_LOW_URB,2026,99999.0
RE1,DEMRESELCWHT_TAN_LOW_URB,2027,99999.0
RE1,DEMRESELCWHT_TAN_LOW_URB,2028,99999.0
RE1,DEMRESELCWHT_TAN_LOW_URB,2029,99999.0
RE1,DEMRESELCWHT_TAN_LOW_URB,2030,99999.0
RE1,DEMRESELCWHT_TAN_LOW_URB,2031,99999.0
RE1,DEMRESELCWHT_TAN_LOW_URB,2032,99999.0
RE1,DEMRESELCWHT_TAN_LOW_URB,2033,99999.0
RE1,DEMRESELCWHT_TAN_LOW_URB,2034,99999.0
RE1,DEMRESELCWHT_TAN_LOW_URB,2035,99999.0
RE1,DEMRESELCWHT_TAN_LOW_URB,2036,99999.0
RE1,DEMRESELCWHT_TAN_LOW_URB,2037,99999.0
RE1,DEMRESELCWHT_TAN_LOW_URB,2038,99999.0
RE1,DEMRESELCWHT_TAN_LOW_URB,2039,99999.0
RE1,DEMRESELCWHT_TAN_LOW_URB,2040,99999.0
RE1,DEMRESELCWHT_TAN_LOW_URB,2041,99999.0
RE1,DEMRESELCWHT_TAN_LOW_URB,2042,99999.0
RE1,DEMRESELCWHT_TAN_LOW_URB,2043,99999.0
RE1,DEMRESELCWHT_TAN_LOW_URB,2044,99999.0
RE1,DEMRESELCWHT_TAN_LOW_URB,2045,99999.0
RE1,DEMRESELCWHT_TAN_LOW_URB,2046,99999.0
RE1,DEMRESELCWHT_TAN_LOW_URB,2047,99999.0
RE1,DEMRESELCWHT_TAN_LOW_URB,2048,99999.0
RE1,DEMRESELCWHT_TAN_LOW_URB,2049,99999.0
RE1,DEMRESELCWHT_TAN_LOW_URB,2050,99999.0
RE1,DEMRESELCWHT_TAN_LOW_URB,2051,99999.0
RE1,DEMRESELCWHT_TAN_LOW_URB,2052,99999.0
RE1,DEMRESELCWHT_TAN_LOW_URB,2053,99999.0
RE1,DEMRESELCWHT_TAN_LOW_URB,2054,99999.0
RE1,DEMRESELCWHT_TAN_LOW_URB,2055,99999.0
RE1,DEMRESELCWHT_TAN_MID_RUR,2022,99999.0
RE1,DEMRESELCWHT_TAN_MID_RUR,2023,99999.0
RE1,DEMRESELCWHT_TAN_MID_RUR,2024,99999.0
RE1,DEMRESELCWHT_TAN_MID_RUR,2025,99999.0
RE1,DEMRESELCWHT_TAN_MID_RUR,2026,99999.0
RE1,DEMRESELCWHT_TAN_MID_RUR,2027,99999.0
RE1,DEMRESELCWHT_TAN_MID_RUR,2028,99999.0
RE1,DEMRESELCWHT_TAN_MID_RUR,2029,99999.0
RE1,DEMRESELCWHT_TAN_MID_RUR,2030,99999.0
RE1,DEMRESELCWHT_TAN_MID_RUR,2031,99999.0
RE1,DEMRESELCWHT_TAN_MID_RUR,2032,99999.0
RE1,DEMRESELCWHT_TAN_MID_RUR,2033,99999.0
RE1,DEMRESELCWHT_TAN_MID_RUR,2034,99999.0
RE1,DEMRESELCWHT_TAN_MID_RUR,2035,99999.0
RE1,DEMRESELCWHT_TAN_MID_RUR,2036,99999.0
RE1,DEMRESELCWHT_TAN_MID_RUR,2037,99999.0
RE1,DEMRESELCWHT_TAN_MID_RUR,2038,99999.0
RE1,DEMRESELCWHT_TAN_MID_RUR,2039,99999.0
RE1,DEMRESELCWHT_TAN_MID_RUR,2040,99999.0
RE1,DEMRESELCWHT_TAN_MID_RUR,2041,99999.0
RE1,DEMRESELCWHT_TAN_MID_RUR,2042,99999.0
RE1,DEMRESELCWHT_TAN_MID_RUR,2043,99999.0
RE1,DEMRESELCWHT_TAN_MID_RUR,2044,99999.0
RE1,DEMRESELCWHT_TAN_MID_RUR,2045,99999.0
RE1,DEMRESELCWHT_TAN_MID_RUR,2046,99999.0
RE1,DEMRESELCWHT_TAN_MID_RUR,2047,99999.0
RE1,DEMRESELCWHT_TAN_MID_RUR,2048,99999.0
RE1,DEMRESELCWHT_TAN_MID_RUR,2049,99999.0
RE1,DEMRESELCWHT_TAN_MID_RUR,2050,99999.0
RE1,DEMRESELCWHT_TAN_MID_RUR,2051,99999.0
RE1,DEMRESELCWHT_TAN_MID_RUR,2052,99999.0
RE1,DEMRESELCWHT_TAN_MID_RUR,2053,99999.0
RE1,DEMRESELCWHT_TAN_MID_RUR,2054,99999.0
RE1,DEMRESELCWHT_TAN_MID_RUR,2055,99999.0
RE1,DEMRESELCWHT_TAN_MID_URB,2022,99999.0
RE1,DEMRESELCWHT_TAN_MID_URB,2023,99999.0
RE1,DEMRESELCWHT_TAN_MID_URB,2024,99999.0
RE1,DEMRESELCWHT_TAN_MID_URB,2025,99999.0
RE1,DEMRESELCWHT_TAN_MID_URB,2026,99999.0
RE1,DEMRESELCWHT_TAN_MID_URB,2027,99999.0
RE1,DEMRESELCWHT_TAN_MID_URB,2028,99999.0
RE1,DEMRESELCWHT_TAN_MID_URB,2029,99999.0
RE1,DEMRESELCWHT_TAN_MID_URB,2030,99999.0
RE1,DEMRESELCWHT_TAN_MID_URB,2031,99999.0
RE1,DEMRESELCWHT_TAN_MID_URB,2032,99999.0
RE1,DEMRESELCWHT_TAN_MID_URB,2033,99999.0
RE1,DEMRESELCWHT_TAN_MID_URB,2034,99999.0
RE1,DEMRESELCWHT_TAN_MID_URB,2035,99999.0
RE1,DEMRESELCWHT_TAN_MID_URB,2036,99999.0
RE1,DEMRESELCWHT_TAN_MID_URB,2037,99999.0
RE1,DEMRESELCWHT_TAN_MID_URB,2038,99999.0
RE1,DEMRESELCWHT_TAN_MID_URB,2039,99999.0
RE1,DEMRESELCWHT_TAN_MID_URB,2040,99999.0
RE1,DEMRESELCWHT_TAN_MID_URB,2041,99999.0
RE1,DEMRESELCWHT_TAN_MID_URB,2042,99999.0
RE1,DEMRESELCWHT_TAN_MID_URB,2043,99999.0
RE1,DEMRESELCWHT_TAN_MID_URB,2044,99999.0
RE1,DEMRESELCWHT_TAN_MID_URB,2045,99999.0
RE1,DEMRESELCWHT_TAN_MID_URB,2046,99999.0
RE1,DEMRESELCWHT_TAN_MID_URB,2047,99999.0
RE1,DEMRESELCWHT_TAN_MID_URB,2048,99999.0
RE1,DEMRESELCWHT_TAN_MID_URB,2049,99999.0
RE1,DEMRESELCWHT_TAN_MID_URB,2050,99999.0
RE1,DEMRESELCWHT_TAN_MID_URB,2051,99999.0
RE1,DEMRESELCWHT_TAN_MID_URB,2052,99999.0
RE1,DEMRESELCWHT_TAN_MID_URB,2053,99999.0
RE1,DEMRESELCWHT_TAN_MID_URB,2054,99999.0
RE1,DEMRESELCWHT_TAN_MID_URB,2055,99999.0
RE1,DEMRESELCWSH_HIG_RUR,2022,99999.0
RE1,DEMRESELCWSH_HIG_RUR,2023,99999.0
RE1,DEMRESELCWSH_HIG_RUR,2024,99999.0
RE1,DEMRESELCWSH_HIG_RUR,2025,99999.0
RE1,DEMRESELCWSH_HIG_RUR,2026,99999.0
RE1,DEMRESELCWSH_HIG_RUR,2027,99999.0
RE1,DEMRESELCWSH_HIG_RUR,2028,99999.0
RE1,DEMRESELCWSH_HIG_RUR,2029,99999.0
RE1,DEMRESELCWSH_HIG_RUR,2030,99999.0
RE1,DEMRESELCWSH_HIG_RUR,2031,99999.0
RE1,DEMRESELCWSH_HIG_RUR,2032,99999.0
RE1,DEMRESELCWSH_HIG_RUR,2033,99999.0
RE1,DEMRESELCWSH_HIG_RUR,2034,99999.0
RE1,DEMRESELCWSH_HIG_RUR,2035,99999.0
RE1,DEMRESELCWSH_HIG_RUR,2036,99999.0
RE1,DEMRESELCWSH_HIG_RUR,2037,99999.0
RE1,DEMRESELCWSH_HIG_RUR,2038,99999.0
RE1,DEMRESELCWSH_HIG_RUR,2039,99999.0
RE1,DEMRESELCWSH_HIG_RUR,2040,99999.0
RE1,DEMRESELCWSH_HIG_RUR,2041,99999.0
RE1,DEMRESELCWSH_HIG_RUR,2042,99999.0
RE1,DEMRESELCWSH_HIG_RUR,2043,99999.0
RE1,DEMRESELCWSH_HIG_RUR,2044,99999.0
RE1,DEMRESELCWSH_HIG_RUR,2045,99999.0
RE1,DEMRESELCWSH_HIG_RUR,2046,99999.0
RE1,DEMRESELCWSH_HIG_RUR,2047,99999.0
RE1,DEMRESELCWSH_HIG_RUR,2048,99999.0
RE1,DEMRESELCWSH_HIG_RUR,2049,99999.0
RE1,DEMRESELCWSH_HIG_RUR,2050,99999.0
RE1,DEMRESELCWSH_HIG_RUR,2051,99999.0
RE1,DEMRESELCWSH_HIG_RUR,2052,99999.0
RE1,DEMRESELCWSH_HIG_RUR,2053,99999.0
RE1,DEMRESELCWSH_HIG_RUR,2054,99999.0
RE1,DEMRESELCWSH_HIG_RUR,2055,99999.0
RE1,DEMRESELCWSH_HIG_URB,2022,99999.0
RE1,DEMRESELCWSH_HIG_URB,2023,99999.0
RE1,DEMRESELCWSH_HIG_URB,2024,99999.0
RE1,DEMRESELCWSH_HIG_URB,2025,99999.0
RE1,DEMRESELCWSH_HIG_URB,2026,99999.0
RE1,DEMRESELCWSH_HIG_URB,2027,99999.0
RE1,DEMRESELCWSH_HIG_URB,2028,99999.0
RE1,DEMRESELCWSH_HIG_URB,2029,99999.0
RE1,DEMRESELCWSH_HIG_URB,2030,99999.0
RE1,DEMRESELCWSH_HIG_URB,2031,99999.0
RE1,DEMRESELCWSH_HIG_URB,2032,99999.0
RE1,DEMRESELCWSH_HIG_URB,2033,99999.0
RE1,DEMRESELCWSH_HIG_URB,2034,99999.0
RE1,DEMRESELCWSH_HIG_URB,2035,99999.0
RE1,DEMRESELCWSH_HIG_URB,2036,99999.0
RE1,DEMRESELCWSH_HIG_URB,2037,99999.0
RE1,DEMRESELCWSH_HIG_URB,2038,99999.0
RE1,DEMRESELCWSH_HIG_URB,2039,99999.0
RE1,DEMRESELCWSH_HIG_URB,2040,99999.0
RE1,DEMRESELCWSH_HIG_URB,2041,99999.0
RE1,DEMRESELCWSH_HIG_URB,2042,99999.0
RE1,DEMRESELCWSH_HIG_URB,2043,99999.0
RE1,DEMRESELCWSH_HIG_URB,2044,99999.0
RE1,DEMRESELCWSH_HIG_URB,2045,99999.0
RE1,DEMRESELCWSH_HIG_URB,2046,99999.0
RE1,DEMRESELCWSH_HIG_URB,2047,99999.0
RE1,DEMRESELCWSH_HIG_URB,2048,99999.0
RE1,DEMRESELCWSH_HIG_URB,2049,99999.0
RE1,DEMRESELCWSH_HIG_URB,2050,99999.0
RE1,DEMRESELCWSH_HIG_URB,2051,99999.0
RE1,DEMRESELCWSH_HIG_URB,2052,99999.0
RE1,DEMRESELCWSH_HIG_URB,2053,99999.0
RE1,DEMRESELCWSH_HIG_URB,2054,99999.0
RE1,DEMRESELCWSH_HIG_URB,2055,99999.0
RE1,DEMRESELCWSH_LOW_RUR,2022,99999.0
RE1,DEMRESELCWSH_LOW_RUR,2023,99999.0
RE1,DEMRESELCWSH_LOW_RUR,2024,99999.0
RE1,DEMRESELCWSH_LOW_RUR,2025,99999.0
RE1,DEMRESELCWSH_LOW_RUR,2026,99999.0
RE1,DEMRESELCWSH_LOW_RUR,2027,99999.0
RE1,DEMRESELCWSH_LOW_RUR,2028,99999.0
RE1,DEMRESELCWSH_LOW_RUR,2029,99999.0
RE1,DEMRESELCWSH_LOW_RUR,2030,99999.0
RE1,DEMRESELCWSH_LOW_RUR,2031,99999.0
RE1,DEMRESELCWSH_LOW_RUR,2032,99999.0
RE1,DEMRESELCWSH_LOW_RUR,2033,99999.0
RE1,DEMRESELCWSH_LOW_RUR,2034,99999.0
RE1,DEMRESELCWSH_LOW_RUR,2035,99999.0
RE1,DEMRESELCWSH_LOW_RUR,2036,99999.0
RE1,DEMRESELCWSH_LOW_RUR,2037,99999.0
RE1,DEMRESELCWSH_LOW_RUR,2038,99999.0
RE1,DEMRESELCWSH_LOW_RUR,2039,99999.0
RE1,DEMRESELCWSH_LOW_RUR,2040,99999.0
RE1,DEMRESELCWSH_LOW_RUR,2041,99999.0
RE1,DEMRESELCWSH_LOW_RUR,2042,99999.0
RE1,DEMRESELCWSH_LOW_RUR,2043,99999.0
RE1,DEMRESELCWSH_LOW_RUR,2044,99999.0
RE1,DEMRESELCWSH_LOW_RUR,2045,99999.0
RE1,DEMRESELCWSH_LOW_RUR,2046,99999.0
RE1,DEMRESELCWSH_LOW_RUR,2047,99999.0
RE1,DEMRESELCWSH_LOW_RUR,2048,99999.0
RE1,DEMRESELCWSH_LOW_RUR,2049,99999.0
RE1,DEMRESELCWSH_LOW_RUR,2050,99999.0
RE1,DEMRESELCWSH_LOW_RUR,2051,99999.0
RE1,DEMRESELCWSH_LOW_RUR,2052,99999.0
RE1,DEMRESELCWSH_LOW_RUR,2053,99999.0
RE1,DEMRESELCWSH_LOW_RUR,2054,99999.0
RE1,DEMRESELCWSH_LOW_RUR,2055,99999.0
RE1,DEMRESELCWSH_LOW_URB,2022,99999.0
RE1,DEMRESELCWSH_LOW_URB,2023,99999.0
RE1,DEMRESELCWSH_LOW_URB,2024,99999.0
RE1,DEMRESELCWSH_LOW_URB,2025,99999.0
RE1,DEMRESELCWSH_LOW_URB,2026,99999.0
RE1,DEMRESELCWSH_LOW_URB,2027,99999.0
RE1,DEMRESELCWSH_LOW_URB,2028,99999.0
RE1,DEMRESELCWSH_LOW_URB,2029,99999.0
RE1,DEMRESELCWSH_LOW_URB,2030,99999.0
RE1,DEMRESELCWSH_LOW_URB,2031,99999.0
RE1,DEMRESELCWSH_LOW_URB,2032,99999.0
RE1,DEMRESELCWSH_LOW_URB,2033,99999.0
RE1,DEMRESELCWSH_LOW_URB,2034,99999.0
RE1,DEMRESELCWSH_LOW_URB,2035,99999.0
RE1,DEMRESELCWSH_LOW_URB,2036,99999.0
RE1,DEMRESELCWSH_LOW_URB,2037,99999.0
RE1,DEMRESELCWSH_LOW_URB,2038,99999.0
RE1,DEMRESELCWSH_LOW_URB,2039,99999.0
RE1,DEMRESELCWSH_LOW_URB,2040,99999.0
RE1,DEMRESELCWSH_LOW_URB,2041,99999.0
RE1,DEMRESELCWSH_LOW_URB,2042,99999.0
RE1,DEMRESELCWSH_LOW_URB,2043,99999.0
RE1,DEMRESELCWSH_LOW_URB,2044,99999.0
RE1,DEMRESELCWSH_LOW_URB,2045,99999.0
RE1,DEMRESELCWSH_LOW_URB,2046,99999.0
RE1,DEMRESELCWSH_LOW_URB,2047,99999.0
RE1,DEMRESELCWSH_LOW_URB,2048,99999.0
RE1,DEMRESELCWSH_LOW_URB,2049,99999.0
RE1,DEMRESELCWSH_LOW_URB,2050,99999.0
RE1,DEMRESELCWSH_LOW_URB,2051,99999.0
RE1,DEMRESELCWSH_LOW_URB,2052,99999.0
RE1,DEMRESELCWSH_LOW_URB,2053,99999.0
RE1,DEMRESELCWSH_LOW_URB,2054,99999.0
RE1,DEMRESELCWSH_LOW_URB,2055,99999.0
RE1,DEMRESELCWSH_MID_RUR,2022,99999.0
RE1,DEMRESELCWSH_MID_RUR,2023,99999.0
RE1,DEMRESELCWSH_MID_RUR,2024,99999.0
RE1,DEMRESELCWSH_MID_RUR,2025,99999.0
RE1,DEMRESELCWSH_MID_RUR,2026,99999.0
RE1,DEMRESELCWSH_MID_RUR,2027,99999.0
RE1,DEMRESELCWSH_MID_RUR,2028,99999.0
RE1,DEMRESELCWSH_MID_RUR,2029,99999.0
RE1,DEMRESELCWSH_MID_RUR,2030,99999.0
RE1,DEMRESELCWSH_MID_RUR,2031,99999.0
RE1,DEMRESELCWSH_MID_RUR,2032,99999.0
RE1,DEMRESELCWSH_MID_RUR,2033,99999.0
RE1,DEMRESELCWSH_MID_RUR,2034,99999.0
RE1,DEMRESELCWSH_MID_RUR,2035,99999.0
RE1,DEMRESELCWSH_MID_RUR,2036,99999.0
RE1,DEMRESELCWSH_MID_RUR,2037,99999.0
RE1,DEMRESELCWSH_MID_RUR,2038,99999.0
RE1,DEMRESELCWSH_MID_RUR,2039,99999.0
RE1,DEMRESELCWSH_MID_RUR,2040,99999.0
RE1,DEMRESELCWSH_MID_RUR,2041,99999.0
RE1,DEMRESELCWSH_MID_RUR,2042,99999.0
RE1,DEMRESELCWSH_MID_RUR,2043,99999.0
RE1,DEMRESELCWSH_MID_RUR,2044,99999.0
RE1,DEMRESELCWSH_MID_RUR,2045,99999.0
RE1,DEMRESELCWSH_MID_RUR,2046,99999.0
RE1,DEMRESELCWSH_MID_RUR,2047,99999.0
RE1,DEMRESELCWSH_MID_RUR,2048,99999.0
RE1,DEMRESELCWSH_MID_RUR,2049,99999.0
RE1,DEMRESELCWSH_MID_RUR,2050,99999.0
RE1,DEMRESELCWSH_MID_RUR,2051,99999.0
RE1,DEMRESELCWSH_MID_RUR,2052,99999.0
RE1,DEMRESELCWSH_MID_RUR,2053,99999.0
RE1,DEMRESELCWSH_MID_RUR,2054,99999.0
RE1,DEMRESELCWSH_MID_RUR,2055,99999.0
RE1,DEMRESELCWSH_MID_URB,2022,99999.0
RE1,DEMRESELCWSH_MID_URB,2023,99999.0
RE1,DEMRESELCWSH_MID_URB,2024,99999.0
RE1,DEMRESELCWSH_MID_URB,2025,99999.0
RE1,DEMRESELCWSH_MID_URB,2026,99999.0
RE1,DEMRESELCWSH_MID_URB,2027,99999.0
RE1,DEMRESELCWSH_MID_URB,2028,99999.0
RE1,DEMRESELCWSH_MID_URB,2029,99999.0
RE1,DEMRESELCWSH_MID_URB,2030,99999.0
RE1,DEMRESELCWSH_MID_URB,2031,99999.0
RE1,DEMRESELCWSH_MID_URB,2032,99999.0
RE1,DEMRESELCWSH_MID_URB,2033,99999.0
RE1,DEMRESELCWSH_MID_URB,2034,99999.0
RE1,DEMRESELCWSH_MID_URB,2035,99999.0
RE1,DEMRESELCWSH_MID_URB,2036,99999.0
RE1,DEMRESELCWSH_MID_URB,2037,99999.0
RE1,DEMRESELCWSH_MID_URB,2038,99999.0
RE1,DEMRESELCWSH_MID_URB,2039,99999.0
RE1,DEMRESELCWSH_MID_URB,2040,99999.0
RE1,DEMRESELCWSH_MID_URB,2041,99999.0
RE1,DEMRESELCWSH_MID_URB,2042,99999.0
RE1,DEMRESELCWSH_MID_URB,2043,99999.0
RE1,DEMRESELCWSH_MID_URB,2044,99999.0
RE1,DEMRESELCWSH_MID_URB,2045,99999.0
RE1,DEMRESELCWSH_MID_URB,2046,99999.0
RE1,DEMRESELCWSH_MID_URB,2047,99999.0
RE1,DEMRESELCWSH_MID_URB,2048,99999.0
RE1,DEMRESELCWSH_MID_URB,2049,99999.0
RE1,DEMRESELCWSH_MID_URB,2050,99999.0
RE1,DEMRESELCWSH_MID_URB,2051,99999.0
RE1,DEMRESELCWSH_MID_URB,2052,99999.0
RE1,DEMRESELCWSH_MID_URB,2053,99999.0
RE1,DEMRESELCWSH_MID_URB,2054,99999.0
RE1,DEMRESELCWSH_MID_URB,2055,99999.0
RE1,DEMRESLPGCKN_HIG_RUR,2022,99999.0
RE1,DEMRESLPGCKN_HIG_RUR,2023,99999.0
RE1,DEMRESLPGCKN_HIG_RUR,2024,99999.0
RE1,DEMRESLPGCKN_HIG_RUR,2025,99999.0
RE1,DEMRESLPGCKN_HIG_RUR,2026,99999.0
RE1,DEMRESLPGCKN_HIG_RUR,2027,99999.0
RE1,DEMRESLPGCKN_HIG_RUR,2028,99999.0
RE1,DEMRESLPGCKN_HIG_RUR,2029,99999.0
RE1,DEMRESLPGCKN_HIG_RUR,2030,99999.0
RE1,DEMRESLPGCKN_HIG_RUR,2031,99999.0
RE1,DEMRESLPGCKN_HIG_RUR,2032,99999.0
RE1,DEMRESLPGCKN_HIG_RUR,2033,99999.0
RE1,DEMRESLPGCKN_HIG_RUR,2034,99999.0
RE1,DEMRESLPGCKN_HIG_RUR,2035,99999.0
RE1,DEMRESLPGCKN_HIG_RUR,2036,99999.0
RE1,DEMRESLPGCKN_HIG_RUR,2037,99999.0
RE1,DEMRESLPGCKN_HIG_RUR,2038,99999.0
RE1,DEMRESLPGCKN_HIG_RUR,2039,99999.0
RE1,DEMRESLPGCKN_HIG_RUR,2040,99999.0
RE1,DEMRESLPGCKN_HIG_RUR,2041,99999.0
RE1,DEMRESLPGCKN_HIG_RUR,2042,99999.0
RE1,DEMRESLPGCKN_HIG_RUR,2043,99999.0
RE1,DEMRESLPGCKN_HIG_RUR,2044,99999.0
RE1,DEMRESLPGCKN_HIG_RUR,2045,99999.0
RE1,DEMRESLPGCKN_HIG_RUR,2046,99999.0
RE1,DEMRESLPGCKN_HIG_RUR,2047,99999.0
RE1,DEMRESLPGCKN_HIG_RUR,2048,99999.0
RE1,DEMRESLPGCKN_HIG_RUR,2049,99999.0
RE1,DEMRESLPGCKN_HIG_RUR,2050,99999.0
RE1,DEMRESLPGCKN_HIG_RUR,2051,99999.0
RE1,DEMRESLPGCKN_HIG_RUR,2052,99999.0
RE1,DEMRESLPGCKN_HIG_RUR,2053,99999.0
RE1,DEMRESLPGCKN_HIG_RUR,2054,99999.0
RE1,DEMRESLPGCKN_HIG_RUR,2055,99999.0
RE1,DEMRESLPGCKN_HIG_URB,2022,99999.0
RE1,DEMRESLPGCKN_HIG_URB,2023,99999.0
RE1,DEMRESLPGCKN_HIG_URB,2024,99999.0
RE1,DEMRESLPGCKN_HIG_URB,2025,99999.0
RE1,DEMRESLPGCKN_HIG_URB,2026,99999.0
RE1,DEMRESLPGCKN_HIG_URB,2027,99999.0
RE1,DEMRESLPGCKN_HIG_URB,2028,99999.0
RE1,DEMRESLPGCKN_HIG_URB,2029,99999.0
RE1,DEMRESLPGCKN_HIG_URB,2030,99999.0
RE1,DEMRESLPGCKN_HIG_URB,2031,99999.0
RE1,DEMRESLPGCKN_HIG_URB,2032,99999.0
RE1,DEMRESLPGCKN_HIG_URB,2033,99999.0
RE1,DEMRESLPGCKN_HIG_URB,2034,99999.0
RE1,DEMRESLPGCKN_HIG_URB,2035,99999.0
RE1,DEMRESLPGCKN_HIG_URB,2036,99999.0
RE1,DEMRESLPGCKN_HIG_URB,2037,99999.0
RE1,DEMRESLPGCKN_HIG_URB,2038,99999.0
RE1,DEMRESLPGCKN_HIG_URB,2039,99999.0
RE1,DEMRESLPGCKN_HIG_URB,2040,99999.0
RE1,DEMRESLPGCKN_HIG_URB,2041,99999.0
RE1,DEMRESLPGCKN_HIG_URB,2042,99999.0
RE1,DEMRESLPGCKN_HIG_URB,2043,99999.0
RE1,DEMRESLPGCKN_HIG_URB,2044,99999.0
RE1,DEMRESLPGCKN_HIG_URB,2045,99999.0
RE1,DEMRESLPGCKN_HIG_URB,2046,99999.0
RE1,DEMRESLPGCKN_HIG_URB,2047,99999.0
RE1,DEMRESLPGCKN_HIG_URB,2048,99999.0
RE1,DEMRESLPGCKN_HIG_URB,2049,99999.0
RE1,DEMRESLPGCKN_HIG_URB,2050,99999.0
RE1,DEMRESLPGCKN_HIG_URB,2051,99999.0
RE1,DEMRESLPGCKN_HIG_URB,2052,99999.0
RE1,DEMRESLPGCKN_HIG_URB,2053,99999.0
RE1,DEMRESLPGCKN_HIG_URB,2054,99999.0
RE1,DEMRESLPGCKN_HIG_URB,2055,99999.0
RE1,DEMRESLPGCKN_LOW_RUR,2022,99999.0
RE1,DEMRESLPGCKN_LOW_RUR,2023,99999.0
RE1,DEMRESLPGCKN_LOW_RUR,2024,99999.0
RE1,DEMRESLPGCKN_LOW_RUR,2025,99999.0
RE1,DEMRESLPGCKN_LOW_RUR,2026,99999.0
RE1,DEMRESLPGCKN_LOW_RUR,2027,99999.0
RE1,DEMRESLPGCKN_LOW_RUR,2028,99999.0
RE1,DEMRESLPGCKN_LOW_RUR,2029,99999.0
RE1,DEMRESLPGCKN_LOW_RUR,2030,99999.0
RE1,DEMRESLPGCKN_LOW_RUR,2031,99999.0
RE1,DEMRESLPGCKN_LOW_RUR,2032,99999.0
RE1,DEMRESLPGCKN_LOW_RUR,2033,99999.0
RE1,DEMRESLPGCKN_LOW_RUR,2034,99999.0
RE1,DEMRESLPGCKN_LOW_RUR,2035,99999.0
RE1,DEMRESLPGCKN_LOW_RUR,2036,99999.0
RE1,DEMRESLPGCKN_LOW_RUR,2037,99999.0
RE1,DEMRESLPGCKN_LOW_RUR,2038,99999.0
RE1,DEMRESLPGCKN_LOW_RUR,2039,99999.0
RE1,DEMRESLPGCKN_LOW_RUR,2040,99999.0
RE1,DEMRESLPGCKN_LOW_RUR,2041,99999.0
RE1,DEMRESLPGCKN_LOW_RUR,2042,99999.0
RE1,DEMRESLPGCKN_LOW_RUR,2043,99999.0
RE1,DEMRESLPGCKN_LOW_RUR,2044,99999.0
RE1,DEMRESLPGCKN_LOW_RUR,2045,99999.0
RE1,DEMRESLPGCKN_LOW_RUR,2046,99999.0
RE1,DEMRESLPGCKN_LOW_RUR,2047,99999.0
RE1,DEMRESLPGCKN_LOW_RUR,2048,99999.0
RE1,DEMRESLPGCKN_LOW_RUR,2049,99999.0
RE1,DEMRESLPGCKN_LOW_RUR,2050,99999.0
RE1,DEMRESLPGCKN_LOW_RUR,2051,99999.0
RE1,DEMRESLPGCKN_LOW_RUR,2052,99999.0
RE1,DEMRESLPGCKN_LOW_RUR,2053,99999.0
RE1,DEMRESLPGCKN_LOW_RUR,2054,99999.0
RE1,DEMRESLPGCKN_LOW_RUR,2055,99999.0
RE1,DEMRESLPGCKN_LOW_URB,2022,99999.0
RE1,DEMRESLPGCKN_LOW_URB,2023,99999.0
RE1,DEMRESLPGCKN_LOW_URB,2024,99999.0
RE1,DEMRESLPGCKN_LOW_URB,2025,99999.0
RE1,DEMRESLPGCKN_LOW_URB,2026,99999.0
RE1,DEMRESLPGCKN_LOW_URB,2027,99999.0
RE1,DEMRESLPGCKN_LOW_URB,2028,99999.0
RE1,DEMRESLPGCKN_LOW_URB,2029,99999.0
RE1,DEMRESLPGCKN_LOW_URB,2030,99999.0
RE1,DEMRESLPGCKN_LOW_URB,2031,99999.0
RE1,DEMRESLPGCKN_LOW_URB,2032,99999.0
RE1,DEMRESLPGCKN_LOW_URB,2033,99999.0
RE1,DEMRESLPGCKN_LOW_URB,2034,99999.0
RE1,DEMRESLPGCKN_LOW_URB,2035,99999.0
RE1,DEMRESLPGCKN_LOW_URB,2036,99999.0
RE1,DEMRESLPGCKN_LOW_URB,2037,99999.0
RE1,DEMRESLPGCKN_LOW_URB,2038,99999.0
RE1,DEMRESLPGCKN_LOW_URB,2039,99999.0
RE1,DEMRESLPGCKN_LOW_URB,2040,99999.0
RE1,DEMRESLPGCKN_LOW_URB,2041,99999.0
RE1,DEMRESLPGCKN_LOW_URB,2042,99999.0
RE1,DEMRESLPGCKN_LOW_URB,2043,99999.0
RE1,DEMRESLPGCKN_LOW_URB,2044,99999.0
RE1,DEMRESLPGCKN_LOW_URB,2045,99999.0
RE1,DEMRESLPGCKN_LOW_URB,2046,99999.0
RE1,DEMRESLPGCKN_LOW_URB,2047,99999.0
RE1,DEMRESLPGCKN_LOW_URB,2048,99999.0
RE1,DEMRESLPGCKN_LOW_URB,2049,99999.0
RE1,DEMRESLPGCKN_LOW_URB,2050,99999.0
RE1,DEMRESLPGCKN_LOW_URB,2051,99999.0
RE1,DEMRESLPGCKN_LOW_URB,2052,99999.0
RE1,DEMRESLPGCKN_LOW_URB,2053,99999.0
RE1,DEMRESLPGCKN_LOW_URB,2054,99999.0
RE1,DEMRESLPGCKN_LOW_URB,2055,99999.0
RE1,DEMRESLPGCKN_MID_RUR,2022,99999.0
RE1,DEMRESLPGCKN_MID_RUR,2023,99999.0
RE1,DEMRESLPGCKN_MID_RUR,2024,99999.0
RE1,DEMRESLPGCKN_MID_RUR,2025,99999.0
RE1,DEMRESLPGCKN_MID_RUR,2026,99999.0
RE1,DEMRESLPGCKN_MID_RUR,2027,99999.0
RE1,DEMRESLPGCKN_MID_RUR,2028,99999.0
RE1,DEMRESLPGCKN_MID_RUR,2029,99999.0
RE1,DEMRESLPGCKN_MID_RUR,2030,99999.0
RE1,DEMRESLPGCKN_MID_RUR,2031,99999.0
RE1,DEMRESLPGCKN_MID_RUR,2032,99999.0
RE1,DEMRESLPGCKN_MID_RUR,2033,99999.0
RE1,DEMRESLPGCKN_MID_RUR,2034,99999.0
RE1,DEMRESLPGCKN_MID_RUR,2035,99999.0
RE1,DEMRESLPGCKN_MID_RUR,2036,99999.0
RE1,DEMRESLPGCKN_MID_RUR,2037,99999.0
RE1,DEMRESLPGCKN_MID_RUR,2038,99999.0
RE1,DEMRESLPGCKN_MID_RUR,2039,99999.0
RE1,DEMRESLPGCKN_MID_RUR,2040,99999.0
RE1,DEMRESLPGCKN_MID_RUR,2041,99999.0
RE1,DEMRESLPGCKN_MID_RUR,2042,99999.0
RE1,DEMRESLPGCKN_MID_RUR,2043,99999.0
RE1,DEMRESLPGCKN_MID_RUR,2044,99999.0
RE1,DEMRESLPGCKN_MID_RUR,2045,99999.0
RE1,DEMRESLPGCKN_MID_RUR,2046,99999.0
RE1,DEMRESLPGCKN_MID_RUR,2047,99999.0
RE1,DEMRESLPGCKN_MID_RUR,2048,99999.0
RE1,DEMRESLPGCKN_MID_RUR,2049,99999.0
RE1,DEMRESLPGCKN_MID_RUR,2050,99999.0
RE1,DEMRESLPGCKN_MID_RUR,2051,99999.0
RE1,DEMRESLPGCKN_MID_RUR,2052,99999.0
RE1,DEMRESLPGCKN_MID_RUR,2053,99999.0
RE1,DEMRESLPGCKN_MID_RUR,2054,99999.0
RE1,DEMRESLPGCKN_MID_RUR,2055,99999.0
RE1,DEMRESLPGCKN_MID_URB,2022,99999.0
RE1,DEMRESLPGCKN_MID_URB,2023,99999.0
RE1,DEMRESLPGCKN_MID_URB,2024,99999.0
RE1,DEMRESLPGCKN_MID_URB,2025,99999.0
RE1,DEMRESLPGCKN_MID_URB,2026,99999.0
RE1,DEMRESLPGCKN_MID_URB,2027,99999.0
RE1,DEMRESLPGCKN_MID_URB,2028,99999.0
RE1,DEMRESLPGCKN_MID_URB,2029,99999.0
RE1,DEMRESLPGCKN_MID_URB,2030,99999.0
RE1,DEMRESLPGCKN_MID_URB,2031,99999.0
RE1,DEMRESLPGCKN_MID_URB,2032,99999.0
RE1,DEMRESLPGCKN_MID_URB,2033,99999.0
RE1,DEMRESLPGCKN_MID_URB,2034,99999.0
RE1,DEMRESLPGCKN_MID_URB,2035,99999.0
RE1,DEMRESLPGCKN_MID_URB,2036,99999.0
RE1,DEMRESLPGCKN_MID_URB,2037,99999.0
RE1,DEMRESLPGCKN_MID_URB,2038,99999.0
RE1,DEMRESLPGCKN_MID_URB,2039,99999.0
RE1,DEMRESLPGCKN_MID_URB,2040,99999.0
RE1,DEMRESLPGCKN_MID_URB,2041,99999.0
RE1,DEMRESLPGCKN_MID_URB,2042,99999.0
RE1,DEMRESLPGCKN_MID_URB,2043,99999.0
RE1,DEMRESLPGCKN_MID_URB,2044,99999.0
RE1,DEMRESLPGCKN_MID_URB,2045,99999.0
RE1,DEMRESLPGCKN_MID_URB,2046,99999.0
RE1,DEMRESLPGCKN_MID_URB,2047,99999.0
RE1,DEMRESLPGCKN_MID_URB,2048,99999.0
RE1,DEMRESLPGCKN_MID_URB,2049,99999.0
RE1,DEMRESLPGCKN_MID_URB,2050,99999.0
RE1,DEMRESLPGCKN_MID_URB,2051,99999.0
RE1,DEMRESLPGCKN_MID_URB,2052,99999.0
RE1,DEMRESLPGCKN_MID_URB,2053,99999.0
RE1,DEMRESLPGCKN_MID_URB,2054,99999.0
RE1,DEMRESLPGCKN_MID_URB,2055,99999.0
RE1,DEMRESNGSCKN_HIG_RUR,2022,99999.0
RE1,DEMRESNGSCKN_HIG_RUR,2023,99999.0
RE1,DEMRESNGSCKN_HIG_RUR,2024,99999.0
RE1,DEMRESNGSCKN_HIG_RUR,2025,0.1857516788204379
RE1,DEMRESNGSCKN_HIG_RUR,2026,0.1857865695407786
RE1,DEMRESNGSCKN_HIG_RUR,2027,0.1858246465625094
RE1,DEMRESNGSCKN_HIG_RUR,2028,0.1858527521707761
RE1,DEMRESNGSCKN_HIG_RUR,2029,0.1858375315828482
RE1,DEMRESNGSCKN_HIG_RUR,2030,0.1857739224790308
RE1,DEMRESNGSCKN_HIG_RUR,2031,0.1893815654330197
RE1,DEMRESNGSCKN_HIG_RUR,2032,0.1929828603556426
RE1,DEMRESNGSCKN_HIG_RUR,2033,0.1965739961908836
RE1,DEMRESNGSCKN_HIG_RUR,2034,0.200154525010687
RE1,DEMRESNGSCKN_HIG_RUR,2035,0.2037286299260446
RE1,DEMRESNGSCKN_HIG_RUR,2036,0.207277244208116
RE1,DEMRESNGSCKN_HIG_RUR,2037,0.2108054832883776
RE1,DEMRESNGSCKN_HIG_RUR,2038,0.2143304243776872
RE1,DEMRESNGSCKN_HIG_RUR,2039,0.2178523623848063
RE1,DEMRESNGSCKN_HIG_RUR,2040,0.2213692471494359
RE1,DEMRESNGSCKN_HIG_RUR,2041,0.2245858278331413
RE1,DEMRESNGSCKN_HIG_RUR,2042,0.2277856653613431
RE1,DEMRESNGSCKN_HIG_RUR,2043,0.2309681488354019
RE1,DEMRESNGSCKN_HIG_RUR,2044,0.2341257365031405
RE1,DEMRESNGSCKN_HIG_RUR,2045,0.2372638762420056
RE1,DEMRESNGSCKN_HIG_RUR,2046,0.2402054827124199
RE1,DEMRESNGSCKN_HIG_RUR,2047,0.2431066085353939
RE1,DEMRESNGSCKN_HIG_RUR,2048,0.2459529728617287
RE1,DEMRESNGSCKN_HIG_RUR,2049,0.2487089735906234
RE1,DEMRESNGSCKN_HIG_RUR,2050,0.2513856931308818
RE1,DEMRESNGSCKN_HIG_RUR,2051,0.2553179725661306
RE1,DEMRESNGSCKN_HIG_RUR,2052,0.2592118111349084
RE1,DEMRESNGSCKN_HIG_RUR,2053,0.2630635512908959
RE1,DEMRESNGSCKN_HIG_RUR,2054,0.2668695276864519
RE1,DEMRESNGSCKN_HIG_RUR,2055,0.2668695276864519
RE1,DEMRESNGSCKN_HIG_URB,2022,99999.0
RE1,DEMRESNGSCKN_HIG_URB,2023,99999.0
RE1,DEMRESNGSCKN_HIG_URB,2024,99999.0
RE1,DEMRESNGSCKN_HIG_URB,2025,99999.0
RE1,DEMRESNGSCKN_HIG_URB,2026,99999.0
RE1,DEMRESNGSCKN_HIG_URB,2027,99999.0
RE1,DEMRESNGSCKN_HIG_URB,2028,99999.0
RE1,DEMRESNGSCKN_HIG_URB,2029,99999.0
RE1,DEMRESNGSCKN_HIG_URB,2030,99999.0
RE1,DEMRESNGSCKN_HIG_URB,2031,99999.0
RE1,DEMRESNGSCKN_HIG_URB,2032,99999.0
RE1,DEMRESNGSCKN_HIG_URB,2033,99999.0
RE1,DEMRESNGSCKN_HIG_URB,2034,99999.0
RE1,DEMRESNGSCKN_HIG_URB,2035,99999.0
RE1,DEMRESNGSCKN_HIG_URB,2036,99999.0
RE1,DEMRESNGSCKN_HIG_URB,2037,99999.0
RE1,DEMRESNGSCKN_HIG_URB,2038,99999.0
RE1,DEMRESNGSCKN_HIG_URB,2039,99999.0
RE1,DEMRESNGSCKN_HIG_URB,2040,99999.0
RE1,DEMRESNGSCKN_HIG_URB,2041,99999.0
RE1,DEMRESNGSCKN_HIG_URB,2042,99999.0
RE1,DEMRESNGSCKN_HIG_URB,2043,99999.0
RE1,DEMRESNGSCKN_HIG_URB,2044,99999.0
RE1,DEMRESNGSCKN_HIG_URB,2045,99999.0
RE1,DEMRESNGSCKN_HIG_URB,2046,99999.0
RE1,DEMRESNGSCKN_HIG_URB,2047,99999.0
RE1,DEMRESNGSCKN_HIG_URB,2048,99999.0
RE1,DEMRESNGSCKN_HIG_URB,2049,99999.0
RE1,DEMRESNGSCKN_HIG_URB,2050,99999.0
RE1,DEMRESNGSCKN_HIG_URB,2051,99999.0
RE1,DEMRESNGSCKN_HIG_URB,2052,99999.0
RE1,DEMRESNGSCKN_HIG_URB,2053,99999.0
RE1,DEMRESNGSCKN_HIG_URB,2054,99999.0
RE1,DEMRESNGSCKN_HIG_URB,2055,99999.0
RE1,DEMRESNGSCKN_LOW_RUR,2022,99999.0
RE1,DEMRESNGSCKN_LOW_RUR,2023,99999.0
RE1,DEMRESNGSCKN_LOW_RUR,2024,99999.0
RE1,DEMRESNGSCKN_LOW_RUR,2025,0.1857516788204379
RE1,DEMRESNGSCKN_LOW_RUR,2026,0.1857865695407786
RE1,DEMRESNGSCKN_LOW_RUR,2027,0.1858246465625094
RE1,DEMRESNGSCKN_LOW_RUR,2028,0.1858527521707761
RE1,DEMRESNGSCKN_LOW_RUR,2029,0.1858375315828482
RE1,DEMRESNGSCKN_LOW_RUR,2030,0.1857739224790308
RE1,DEMRESNGSCKN_LOW_RUR,2031,0.1893815654330197
RE1,DEMRESNGSCKN_LOW_RUR,2032,0.1929828603556426
RE1,DEMRESNGSCKN_LOW_RUR,2033,0.1965739961908836
RE1,DEMRESNGSCKN_LOW_RUR,2034,0.200154525010687
RE1,DEMRESNGSCKN_LOW_RUR,2035,0.2037286299260446
RE1,DEMRESNGSCKN_LOW_RUR,2036,0.207277244208116
RE1,DEMRESNGSCKN_LOW_RUR,2037,0.2108054832883776
RE1,DEMRESNGSCKN_LOW_RUR,2038,0.2143304243776872
RE1,DEMRESNGSCKN_LOW_RUR,2039,0.2178523623848063
RE1,DEMRESNGSCKN_LOW_RUR,2040,0.2213692471494359
RE1,DEMRESNGSCKN_LOW_RUR,2041,0.2245858278331413
RE1,DEMRESNGSCKN_LOW_RUR,2042,0.2277856653613431
RE1,DEMRESNGSCKN_LOW_RUR,2043,0.2309681488354019
RE1,DEMRESNGSCKN_LOW_RUR,2044,0.2341257365031405
RE1,DEMRESNGSCKN_LOW_RUR,2045,0.2372638762420056
RE1,DEMRESNGSCKN_LOW_RUR,2046,0.2402054827124199
RE1,DEMRESNGSCKN_LOW_RUR,2047,0.2431066085353939
RE1,DEMRESNGSCKN_LOW_RUR,2048,0.2459529728617287
RE1,DEMRESNGSCKN_LOW_RUR,2049,0.2487089735906234
RE1,DEMRESNGSCKN_LOW_RUR,2050,0.2513856931308818
RE1,DEMRESNGSCKN_LOW_RUR,2051,0.2553179725661306
RE1,DEMRESNGSCKN_LOW_RUR,2052,0.2592118111349084
RE1,DEMRESNGSCKN_LOW_RUR,2053,0.2630635512908959
RE1,DEMRESNGSCKN_LOW_RUR,2054,0.2668695276864519
RE1,DEMRESNGSCKN_LOW_RUR,2055,0.2668695276864519
RE1,DEMRESNGSCKN_LOW_URB,2022,99999.0
RE1,DEMRESNGSCKN_LOW_URB,2023,99999.0
RE1,DEMRESNGSCKN_LOW_URB,2024,99999.0
RE1,DEMRESNGSCKN_LOW_URB,2025,99999.0
RE1,DEMRESNGSCKN_LOW_URB,2026,99999.0
RE1,DEMRESNGSCKN_LOW_URB,2027,99999.0
RE1,DEMRESNGSCKN_LOW_URB,2028,99999.0
RE1,DEMRESNGSCKN_LOW_URB,2029,99999.0
RE1,DEMRESNGSCKN_LOW_URB,2030,99999.0
RE1,DEMRESNGSCKN_LOW_URB,2031,99999.0
RE1,DEMRESNGSCKN_LOW_URB,2032,99999.0
RE1,DEMRESNGSCKN_LOW_URB,2033,99999.0
RE1,DEMRESNGSCKN_LOW_URB,2034,99999.0
RE1,DEMRESNGSCKN_LOW_URB,2035,99999.0
RE1,DEMRESNGSCKN_LOW_URB,2036,99999.0
RE1,DEMRESNGSCKN_LOW_URB,2037,99999.0
RE1,DEMRESNGSCKN_LOW_URB,2038,99999.0
RE1,DEMRESNGSCKN_LOW_URB,2039,99999.0
RE1,DEMRESNGSCKN_LOW_URB,2040,99999.0
RE1,DEMRESNGSCKN_LOW_URB,2041,99999.0
RE1,DEMRESNGSCKN_LOW_URB,2042,99999.0
RE1,DEMRESNGSCKN_LOW_URB,2043,99999.0
RE1,DEMRESNGSCKN_LOW_URB,2044,99999.0
RE1,DEMRESNGSCKN_LOW_URB,2045,99999.0
RE1,DEMRESNGSCKN_LOW_URB,2046,99999.0
RE1,DEMRESNGSCKN_LOW_URB,2047,99999.0
RE1,DEMRESNGSCKN_LOW_URB,2048,99999.0
RE1,DEMRESNGSCKN_LOW_URB,2049,99999.0
RE1,DEMRESNGSCKN_LOW_URB,2050,99999.0
RE1,DEMRESNGSCKN_LOW_URB,2051,99999.0
RE1,DEMRESNGSCKN_LOW_URB,2052,99999.0
RE1,DEMRESNGSCKN_LOW_URB,2053,99999.0
RE1,DEMRESNGSCKN_LOW_URB,2054,99999.0
RE1,DEMRESNGSCKN_LOW_URB,2055,99999.0
RE1,DEMRESNGSCKN_MID_RUR,2022,99999.0
RE1,DEMRESNGSCKN_MID_RUR,2023,99999.0
RE1,DEMRESNGSCKN_MID_RUR,2024,99999.0
RE1,DEMRESNGSCKN_MID_RUR,2025,0.1857516788204379
RE1,DEMRESNGSCKN_MID_RUR,2026,0.1857865695407786
RE1,DEMRESNGSCKN_MID_RUR,2027,0.1858246465625094
RE1,DEMRESNGSCKN_MID_RUR,2028,0.1858527521707761
RE1,DEMRESNGSCKN_MID_RUR,2029,0.1858375315828482
RE1,DEMRESNGSCKN_MID_RUR,2030,0.1857739224790308
RE1,DEMRESNGSCKN_MID_RUR,2031,0.1893815654330197
RE1,DEMRESNGSCKN_MID_RUR,2032,0.1929828603556426
RE1,DEMRESNGSCKN_MID_RUR,2033,0.1965739961908836
RE1,DEMRESNGSCKN_MID_RUR,2034,0.200154525010687
RE1,DEMRESNGSCKN_MID_RUR,2035,0.2037286299260446
RE1,DEMRESNGSCKN_MID_RUR,2036,0.207277244208116
RE1,DEMRESNGSCKN_MID_RUR,2037,0.2108054832883776
RE1,DEMRESNGSCKN_MID_RUR,2038,0.2143304243776872
RE1,DEMRESNGSCKN_MID_RUR,2039,0.2178523623848063
RE1,DEMRESNGSCKN_MID_RUR,2040,0.2213692471494359
RE1,DEMRESNGSCKN_MID_RUR,2041,0.2245858278331413
RE1,DEMRESNGSCKN_MID_RUR,2042,0.2277856653613431
RE1,DEMRESNGSCKN_MID_RUR,2043,0.2309681488354019
RE1,DEMRESNGSCKN_MID_RUR,2044,0.2341257365031405
RE1,DEMRESNGSCKN_MID_RUR,2045,0.2372638762420056
RE1,DEMRESNGSCKN_MID_RUR,2046,0.2402054827124199
RE1,DEMRESNGSCKN_MID_RUR,2047,0.2431066085353939
RE1,DEMRESNGSCKN_MID_RUR,2048,0.2459529728617287
RE1,DEMRESNGSCKN_MID_RUR,2049,0.2487089735906234
RE1,DEMRESNGSCKN_MID_RUR,2050,0.2513856931308818
RE1,DEMRESNGSCKN_MID_RUR,2051,0.2553179725661306
RE1,DEMRESNGSCKN_MID_RUR,2052,0.2592118111349084
RE1,DEMRESNGSCKN_MID_RUR,2053,0.2630635512908959
RE1,DEMRESNGSCKN_MID_RUR,2054,0.2668695276864519
RE1,DEMRESNGSCKN_MID_RUR,2055,0.2668695276864519
RE1,DEMRESNGSCKN_MID_URB,2022,99999.0
RE1,DEMRESNGSCKN_MID_URB,2023,99999.0
RE1,DEMRESNGSCKN_MID_URB,2024,99999.0
RE1,DEMRESNGSCKN_MID_URB,2025,99999.0
RE1,DEMRESNGSCKN_MID_URB,2026,99999.0
RE1,DEMRESNGSCKN_MID_URB,2027,99999.0
RE1,DEMRESNGSCKN_MID_URB,2028,99999.0
RE1,DEMRESNGSCKN_MID_URB,2029,99999.0
RE1,DEMRESNGSCKN_MID_URB,2030,99999.0
RE1,DEMRESNGSCKN_MID_URB,2031,99999.0
RE1,DEMRESNGSCKN_MID_URB,2032,99999.0
RE1,DEMRESNGSCKN_MID_URB,2033,99999.0
RE1,DEMRESNGSCKN_MID_URB,2034,99999.0
RE1,DEMRESNGSCKN_MID_URB,2035,99999.0
RE1,DEMRESNGSCKN_MID_URB,2036,99999.0
RE1,DEMRESNGSCKN_MID_URB,2037,99999.0
RE1,DEMRESNGSCKN_MID_URB,2038,99999.0
RE1,DEMRESNGSCKN_MID_URB,2039,99999.0
RE1,DEMRESNGSCKN_MID_URB,2040,99999.0
RE1,DEMRESNGSCKN_MID_URB,2041,99999.0
RE1,DEMRESNGSCKN_MID_URB,2042,99999.0
RE1,DEMRESNGSCKN_MID_URB,2043,99999.0
RE1,DEMRESNGSCKN_MID_URB,2044,99999.0
RE1,DEMRESNGSCKN_MID_URB,2045,99999.0
RE1,DEMRESNGSCKN_MID_URB,2046,99999.0
RE1,DEMRESNGSCKN_MID_URB,2047,99999.0
RE1,DEMRESNGSCKN_MID_URB,2048,99999.0
RE1,DEMRESNGSCKN_MID_URB,2049,99999.0
RE1,DEMRESNGSCKN_MID_URB,2050,99999.0
RE1,DEMRESNGSCKN_MID_URB,2051,99999.0
RE1,DEMRESNGSCKN_MID_URB,2052,99999.0
RE1,DEMRESNGSCKN_MID_URB,2053,99999.0
RE1,DEMRESNGSCKN_MID_URB,2054,99999.0
RE1,DEMRESNGSCKN_MID_URB,2055,99999.0
RE1,DEMRESNGSWHT_FOR_HIG_RUR,2022,0.0
RE1,DEMRESNGSWHT_FOR_HIG_RUR,2023,0.0
RE1,DEMRESNGSWHT_FOR_HIG_RUR,2024,0.0
RE1,DEMRESNGSWHT_FOR_HIG_RUR,2025,0.0
RE1,DEMRESNGSWHT_FOR_HIG_RUR,2026,0.0
RE1,DEMRESNGSWHT_FOR_HIG_RUR,2027,0.0
RE1,DEMRESNGSWHT_FOR_HIG_RUR,2028,0.0
RE1,DEMRESNGSWHT_FOR_HIG_RUR,2029,0.0
RE1,DEMRESNGSWHT_FOR_HIG_RUR,2030,0.0
RE1,DEMRESNGSWHT_FOR_HIG_RUR,2031,0.0
RE1,DEMRESNGSWHT_FOR_HIG_RUR,2032,0.0
RE1,DEMRESNGSWHT_FOR_HIG_RUR,2033,0.0
RE1,DEMRESNGSWHT_FOR_HIG_RUR,2034,0.0
RE1,DEMRESNGSWHT_FOR_HIG_RUR,2035,0.0
RE1,DEMRESNGSWHT_FOR_HIG_RUR,2036,0.0
RE1,DEMRESNGSWHT_FOR_HIG_RUR,2037,0.0
RE1,DEMRESNGSWHT_FOR_HIG_RUR,2038,0.0
RE1,DEMRESNGSWHT_FOR_HIG_RUR,2039,0.0
RE1,DEMRESNGSWHT_FOR_HIG_RUR,2040,0.0
RE1,DEMRESNGSWHT_FOR_HIG_RUR,2041,0.0
RE1,DEMRESNGSWHT_FOR_HIG_RUR,2042,0.0
RE1,DEMRESNGSWHT_FOR_HIG_RUR,2043,0.0
RE1,DEMRESNGSWHT_FOR_HIG_RUR,2044,0.0
RE1,DEMRESNGSWHT_FOR_HIG_RUR,2045,0.0
RE1,DEMRESNGSWHT_FOR_HIG_RUR,2046,0.0
RE1,DEMRESNGSWHT_FOR_HIG_RUR,2047,0.0
RE1,DEMRESNGSWHT_FOR_HIG_RUR,2048,0.0
RE1,DEMRESNGSWHT_FOR_HIG_RUR,2049,0.0
RE1,DEMRESNGSWHT_FOR_HIG_RUR,2050,0.0
RE1,DEMRESNGSWHT_FOR_HIG_RUR,2051,0.0
RE1,DEMRESNGSWHT_FOR_HIG_RUR,2052,0.0
RE1,DEMRESNGSWHT_FOR_HIG_RUR,2053,0.0
RE1,DEMRESNGSWHT_FOR_HIG_RUR,2054,0.0
RE1,DEMRESNGSWHT_FOR_HIG_RUR,2055,0.0
RE1,DEMRESNGSWHT_FOR_HIG_URB,2022,0.0
RE1,DEMRESNGSWHT_FOR_HIG_URB,2023,0.0
RE1,DEMRESNGSWHT_FOR_HIG_URB,2024,0.0
RE1,DEMRESNGSWHT_FOR_HIG_URB,2025,0.0
RE1,DEMRESNGSWHT_FOR_HIG_URB,2026,0.0
RE1,DEMRESNGSWHT_FOR_HIG_URB,2027,0.0
RE1,DEMRESNGSWHT_FOR_HIG_URB,2028,0.0
RE1,DEMRESNGSWHT_FOR_HIG_URB,2029,0.0
RE1,DEMRESNGSWHT_FOR_HIG_URB,2030,0.0
RE1,DEMRESNGSWHT_FOR_HIG_URB,2031,0.0
RE1,DEMRESNGSWHT_FOR_HIG_URB,2032,0.0
RE1,DEMRESNGSWHT_FOR_HIG_URB,2033,0.0
RE1,DEMRESNGSWHT_FOR_HIG_URB,2034,0.0
RE1,DEMRESNGSWHT_FOR_HIG_URB,2035,0.0
RE1,DEMRESNGSWHT_FOR_HIG_URB,2036,0.0
RE1,DEMRESNGSWHT_FOR_HIG_URB,2037,0.0
RE1,DEMRESNGSWHT_FOR_HIG_URB,2038,0.0
RE1,DEMRESNGSWHT_FOR_HIG_URB,2039,0.0
RE1,DEMRESNGSWHT_FOR_HIG_URB,2040,0.0
RE1,DEMRESNGSWHT_FOR_HIG_URB,2041,0.0
RE1,DEMRESNGSWHT_FOR_HIG_URB,2042,0.0
RE1,DEMRESNGSWHT_FOR_HIG_URB,2043,0.0
RE1,DEMRESNGSWHT_FOR_HIG_URB,2044,0.0
RE1,DEMRESNGSWHT_FOR_HIG_URB,2045,0.0
RE1,DEMRESNGSWHT_FOR_HIG_URB,2046,0.0
RE1,DEMRESNGSWHT_FOR_HIG_URB,2047,0.0
RE1,DEMRESNGSWHT_FOR_HIG_URB,2048,0.0
RE1,DEMRESNGSWHT_FOR_HIG_URB,2049,0.0
RE1,DEMRESNGSWHT_FOR_HIG_URB,2050,0.0
RE1,DEMRESNGSWHT_FOR_HIG_URB,2051,0.0
RE1,DEMRESNGSWHT_FOR_HIG_URB,2052,0.0
RE1,DEMRESNGSWHT_FOR_HIG_URB,2053,0.0
RE1,DEMRESNGSWHT_FOR_HIG_URB,2054,0.0
RE1,DEMRESNGSWHT_FOR_HIG_URB,2055,0.0
RE1,DEMRESNGSWHT_FOR_LOW_RUR,2022,99999.0
RE1,DEMRESNGSWHT_FOR_LOW_RUR,2023,99999.0
RE1,DEMRESNGSWHT_FOR_LOW_RUR,2024,99999.0
RE1,DEMRESNGSWHT_FOR_LOW_RUR,2025,0.047261092425
RE1,DEMRESNGSWHT_FOR_LOW_RUR,2026,0.04733972985
RE1,DEMRESNGSWHT_FOR_LOW_RUR,2027,0.047418367275
RE1,DEMRESNGSWHT_FOR_LOW_RUR,2028,0.0474970047
RE1,DEMRESNGSWHT_FOR_LOW_RUR,2029,0.047575642125
RE1,DEMRESNGSWHT_FOR_LOW_RUR,2030,0.04765427955
RE1,DEMRESNGSWHT_FOR_LOW_RUR,2031,0.047732916975
RE1,DEMRESNGSWHT_FOR_LOW_RUR,2032,0.0478115544
RE1,DEMRESNGSWHT_FOR_LOW_RUR,2033,0.047890191825
RE1,DEMRESNGSWHT_FOR_LOW_RUR,2034,0.04796882925
RE1,DEMRESNGSWHT_FOR_LOW_RUR,2035,0.048047466675
RE1,DEMRESNGSWHT_FOR_LOW_RUR,2036,0.0481261041
RE1,DEMRESNGSWHT_FOR_LOW_RUR,2037,0.048204741525
RE1,DEMRESNGSWHT_FOR_LOW_RUR,2038,0.04828337895
RE1,DEMRESNGSWHT_FOR_LOW_RUR,2039,0.048362016375
RE1,DEMRESNGSWHT_FOR_LOW_RUR,2040,0.0484406538
RE1,DEMRESNGSWHT_FOR_LOW_RUR,2041,0.048519291225
RE1,DEMRESNGSWHT_FOR_LOW_RUR,2042,0.04859792865
RE1,DEMRESNGSWHT_FOR_LOW_RUR,2043,0.048676566075
RE1,DEMRESNGSWHT_FOR_LOW_RUR,2044,0.0487552035
RE1,DEMRESNGSWHT_FOR_LOW_RUR,2045,0.048833840925
RE1,DEMRESNGSWHT_FOR_LOW_RUR,2046,0.04891247835
RE1,DEMRESNGSWHT_FOR_LOW_RUR,2047,0.048991115775
RE1,DEMRESNGSWHT_FOR_LOW_RUR,2048,0.0490697532
RE1,DEMRESNGSWHT_FOR_LOW_RUR,2049,0.049148390625
RE1,DEMRESNGSWHT_FOR_LOW_RUR,2050,0.04922702805
RE1,DEMRESNGSWHT_FOR_LOW_RUR,2051,0.049305665475
RE1,DEMRESNGSWHT_FOR_LOW_RUR,2052,0.0493843029
RE1,DEMRESNGSWHT_FOR_LOW_RUR,2053,0.049462940325
RE1,DEMRESNGSWHT_FOR_LOW_RUR,2054,0.04954157775
RE1,DEMRESNGSWHT_FOR_LOW_RUR,2055,0.04954157775
RE1,DEMRESNGSWHT_FOR_LOW_URB,2022,0.94677753
RE1,DEMRESNGSWHT_FOR_LOW_URB,2023,0.94835549255
RE1,DEMRESNGSWHT_FOR_LOW_URB,2024,0.9499334551
RE1,DEMRESNGSWHT_FOR_LOW_URB,2025,0.95151141765
RE1,DEMRESNGSWHT_FOR_LOW_URB,2026,0.9530893802
RE1,DEMRESNGSWHT_FOR_LOW_URB,2027,0.95466734275
RE1,DEMRESNGSWHT_FOR_LOW_URB,2028,0.9562453052999998
RE1,DEMRESNGSWHT_FOR_LOW_URB,2029,0.9578232678499998
RE1,DEMRESNGSWHT_FOR_LOW_URB,2030,0.9594012303999998
RE1,DEMRESNGSWHT_FOR_LOW_URB,2031,0.9609791929499998
RE1,DEMRESNGSWHT_FOR_LOW_URB,2032,0.9625571554999998
RE1,DEMRESNGSWHT_FOR_LOW_URB,2033,0.9641351180499996
RE1,DEMRESNGSWHT_FOR_LOW_URB,2034,0.9657130805999996
RE1,DEMRESNGSWHT_FOR_LOW_URB,2035,0.9672910431499996
RE1,DEMRESNGSWHT_FOR_LOW_URB,2036,0.9688690056999996
RE1,DEMRESNGSWHT_FOR_LOW_URB,2037,0.9704469682499997
RE1,DEMRESNGSWHT_FOR_LOW_URB,2038,0.9720249307999996
RE1,DEMRESNGSWHT_FOR_LOW_URB,2039,0.9736028933499996
RE1,DEMRESNGSWHT_FOR_LOW_URB,2040,0.9751808558999996
RE1,DEMRESNGSWHT_FOR_LOW_URB,2041,0.9767588184499996
RE1,DEMRESNGSWHT_FOR_LOW_URB,2042,0.9783367809999995
RE1,DEMRESNGSWHT_FOR_LOW_URB,2043,0.9799147435499996
RE1,DEMRESNGSWHT_FOR_LOW_URB,2044,0.9814927060999996
RE1,DEMRESNGSWHT_FOR_LOW_URB,2045,0.9830706686499996
RE1,DEMRESNGSWHT_FOR_LOW_URB,2046,0.9846486311999996
RE1,DEMRESNGSWHT_FOR_LOW_URB,2047,0.9862265937499994
RE1,DEMRESNGSWHT_FOR_LOW_URB,2048,0.9878045562999994
RE1,DEMRESNGSWHT_FOR_LOW_URB,2049,0.9893825188499994
RE1,DEMRESNGSWHT_FOR_LOW_URB,2050,0.9909604813999994
RE1,DEMRESNGSWHT_FOR_LOW_URB,2051,0.9925384439499992
RE1,DEMRESNGSWHT_FOR_LOW_URB,2052,0.9941164065
RE1,DEMRESNGSWHT_FOR_LOW_URB,2053,1.0
RE1,DEMRESNGSWHT_FOR_LOW_URB,2054,1.0
RE1,DEMRESNGSWHT_FOR_LOW_URB,2055,1.0
RE1,DEMRESNGSWHT_FOR_MID_RUR,2022,0.0
RE1,DEMRESNGSWHT_FOR_MID_RUR,2023,0.0
RE1,DEMRESNGSWHT_FOR_MID_RUR,2024,0.0
RE1,DEMRESNGSWHT_FOR_MID_RUR,2025,0.0
RE1,DEMRESNGSWHT_FOR_MID_RUR,2026,0.0
RE1,DEMRESNGSWHT_FOR_MID_RUR,2027,0.0
RE1,DEMRESNGSWHT_FOR_MID_RUR,2028,0.0
RE1,DEMRESNGSWHT_FOR_MID_RUR,2029,0.0
RE1,DEMRESNGSWHT_FOR_MID_RUR,2030,0.0
RE1,DEMRESNGSWHT_FOR_MID_RUR,2031,0.0
RE1,DEMRESNGSWHT_FOR_MID_RUR,2032,0.0
RE1,DEMRESNGSWHT_FOR_MID_RUR,2033,0.0
RE1,DEMRESNGSWHT_FOR_MID_RUR,2034,0.0
RE1,DEMRESNGSWHT_FOR_MID_RUR,2035,0.0
RE1,DEMRESNGSWHT_FOR_MID_RUR,2036,0.0
RE1,DEMRESNGSWHT_FOR_MID_RUR,2037,0.0
RE1,DEMRESNGSWHT_FOR_MID_RUR,2038,0.0
RE1,DEMRESNGSWHT_FOR_MID_RUR,2039,0.0
RE1,DEMRESNGSWHT_FOR_MID_RUR,2040,0.0
RE1,DEMRESNGSWHT_FOR_MID_RUR,2041,0.0
RE1,DEMRESNGSWHT_FOR_MID_RUR,2042,0.0
RE1,DEMRESNGSWHT_FOR_MID_RUR,2043,0.0
RE1,DEMRESNGSWHT_FOR_MID_RUR,2044,0.0
RE1,DEMRESNGSWHT_FOR_MID_RUR,2045,0.0
RE1,DEMRESNGSWHT_FOR_MID_RUR,2046,0.0
RE1,DEMRESNGSWHT_FOR_MID_RUR,2047,0.0
RE1,DEMRESNGSWHT_FOR_MID_RUR,2048,0.0
RE1,DEMRESNGSWHT_FOR_MID_RUR,2049,0.0
RE1,DEMRESNGSWHT_FOR_MID_RUR,2050,0.0
RE1,DEMRESNGSWHT_FOR_MID_RUR,2051,0.0
RE1,DEMRESNGSWHT_FOR_MID_RUR,2052,0.0
RE1,DEMRESNGSWHT_FOR_MID_RUR,2053,0.0
RE1,DEMRESNGSWHT_FOR_MID_RUR,2054,0.0
RE1,DEMRESNGSWHT_FOR_MID_RUR,2055,0.0
RE1,DEMRESNGSWHT_FOR_MID_URB,2022,0.0023057000261766
RE1,DEMRESNGSWHT_FOR_MID_URB,2023,0.003052151772693
RE1,DEMRESNGSWHT_FOR_MID_URB,2024,0.0074316959758529
RE1,DEMRESNGSWHT_FOR_MID_URB,2025,0.0073559837174061
RE1,DEMRESNGSWHT_FOR_MID_URB,2026,0.0072030467283208
RE1,DEMRESNGSWHT_FOR_MID_URB,2027,0.0068757043775969
RE1,DEMRESNGSWHT_FOR_MID_URB,2028,0.006281972937901
RE1,DEMRESNGSWHT_FOR_MID_URB,2029,0.0053552323548921
RE1,DEMRESNGSWHT_FOR_MID_URB,2030,0.004117573745736
RE1,DEMRESNGSWHT_FOR_MID_URB,2031,0.0027339681625528
RE1,DEMRESNGSWHT_FOR_MID_URB,2032,0.0014847465632737
RE1,DEMRESNGSWHT_FOR_MID_URB,2033,0.0006171976865664
RE1,DEMRESNGSWHT_FOR_MID_URB,2034,0.0001813772964044
RE1,DEMRESNGSWHT_FOR_MID_URB,2035,3.430425408248689e-05
RE1,DEMRESNGSWHT_FOR_MID_URB,2036,3.742520714413735e-06
RE1,DEMRESNGSWHT_FOR_MID_URB,2037,2.075774766012024e-07
RE1,DEMRESNGSWHT_FOR_MID_URB,2038,5.0667249945087805e-09
RE1,DEMRESNGSWHT_FOR_MID_URB,2039,4.6216641098708325e-11
RE1,DEMRESNGSWHT_FOR_MID_URB,2040,1.310770357020002e-13
RE1,DEMRESNGSWHT_FOR_MID_URB,2041,9.411622814873911e-17
RE1,DEMRESNGSWHT_FOR_MID_URB,2042,1.361641114526887e-20
RE1,DEMRESNGSWHT_FOR_MID_URB,2043,3.0842426691388767e-25
RE1,DEMRESNGSWHT_FOR_MID_URB,2044,8.28715476277841e-31
RE1,DEMRESNGSWHT_FOR_MID_URB,2045,1.949177044480892e-37
RE1,DEMRESNGSWHT_FOR_MID_URB,2046,2.8808287091157594e-45
RE1,DEMRESNGSWHT_FOR_MID_URB,2047,1.866068545967773e-54
RE1,DEMRESNGSWHT_FOR_MID_URB,2048,3.585722037233872e-65
RE1,DEMRESNGSWHT_FOR_MID_URB,2049,1.340940153159323e-77
RE1,DEMRESNGSWHT_FOR_MID_URB,2050,6.198686220624229e-92
RE1,DEMRESNGSWHT_FOR_MID_URB,2051,2.175348447818198e-108
RE1,DEMRESNGSWHT_FOR_MID_URB,2052,3.437675872143407e-127
RE1,DEMRESNGSWHT_FOR_MID_URB,2053,1.3997205049428691e-148
RE1,DEMRESNGSWHT_FOR_MID_URB,2054,8.095350643214957e-173
RE1,DEMRESNGSWHT_FOR_MID_URB,2055,8.095350643214957e-173
RE1,DEMRESNGSWHT_NAT_HIG_RUR,2022,0.0005459039120626
RE1,DEMRESNGSWHT_NAT_HIG_RUR,2023,0.0007347802630066
RE1,DEMRESNGSWHT_NAT_HIG_RUR,2024,0.0017725065764634
RE1,DEMRESNGSWHT_NAT_HIG_RUR,2025,0.0017544487231212
RE1,DEMRESNGSWHT_NAT_HIG_RUR,2026,0.0017179722822362
RE1,DEMRESNGSWHT_NAT_HIG_RUR,2027,0.0016398990575916
RE1,DEMRESNGSWHT_NAT_HIG_RUR,2028,0.0014982903474219
RE1,DEMRESNGSWHT_NAT_HIG_RUR,2029,0.001277256846671
RE1,DEMRESNGSWHT_NAT_HIG_RUR,2030,0.0009820674267494
RE1,DEMRESNGSWHT_NAT_HIG_RUR,2031,0.000652068728822
RE1,DEMRESNGSWHT_NAT_HIG_RUR,2032,0.0003541214624945
RE1,DEMRESNGSWHT_NAT_HIG_RUR,2033,0.0001472055587273
RE1,DEMRESNGSWHT_NAT_HIG_RUR,2034,4.32596343745165e-05
RE1,DEMRESNGSWHT_NAT_HIG_RUR,2035,8.18178194579632e-06
RE1,DEMRESNGSWHT_NAT_HIG_RUR,2036,8.926149024937262e-07
RE1,DEMRESNGSWHT_NAT_HIG_RUR,2037,4.9508543352258e-08
RE1,DEMRESNGSWHT_NAT_HIG_RUR,2038,1.208446013275961e-09
RE1,DEMRESNGSWHT_NAT_HIG_RUR,2039,1.102296172444124e-11
RE1,DEMRESNGSWHT_NAT_HIG_RUR,2040,3.12627035013314e-14
RE1,DEMRESNGSWHT_NAT_HIG_RUR,2041,2.244731672119124e-17
RE1,DEMRESNGSWHT_NAT_HIG_RUR,2042,3.2476003298895867e-21
RE1,DEMRESNGSWHT_NAT_HIG_RUR,2043,7.356114179348374e-26
RE1,DEMRESNGSWHT_NAT_HIG_RUR,2044,1.976538917216559e-31
RE1,DEMRESNGSWHT_NAT_HIG_RUR,2045,4.648910748313305e-38
RE1,DEMRESNGSWHT_NAT_HIG_RUR,2046,6.870958996659314e-46
RE1,DEMRESNGSWHT_NAT_HIG_RUR,2047,4.4506917137172386e-55
RE1,DEMRESNGSWHT_NAT_HIG_RUR,2048,8.55217424531076e-66
RE1,DEMRESNGSWHT_NAT_HIG_RUR,2049,3.1982272254429776e-78
RE1,DEMRESNGSWHT_NAT_HIG_RUR,2050,1.478425937658023e-92
RE1,DEMRESNGSWHT_NAT_HIG_RUR,2051,5.188343875187592e-109
RE1,DEMRESNGSWHT_NAT_HIG_RUR,2052,8.199074761564828e-128
RE1,DEMRESNGSWHT_NAT_HIG_RUR,2053,3.338422088690477e-149
RE1,DEMRESNGSWHT_NAT_HIG_RUR,2054,1.930792419455666e-173
RE1,DEMRESNGSWHT_NAT_HIG_RUR,2055,1.930792419455666e-173
RE1,DEMRESNGSWHT_NAT_HIG_URB,2022,0.0085599928398771
RE1,DEMRESNGSWHT_NAT_HIG_URB,2023,0.0113312213314211
RE1,DEMRESNGSWHT_NAT_HIG_URB,2024,0.0275904339763288
RE1,DEMRESNGSWHT_NAT_HIG_URB,2025,0.0273093495408697
RE1,DEMRESNGSWHT_NAT_HIG_URB,2026,0.0267415655634832
RE1,DEMRESNGSWHT_NAT_HIG_URB,2027,0.0255262955168279
RE1,DEMRESNGSWHT_NAT_HIG_URB,2028,0.0233220465621037
RE1,DEMRESNGSWHT_NAT_HIG_URB,2029,0.01988148939295
RE1,DEMRESNGSWHT_NAT_HIG_URB,2030,0.0152866380626336
RE1,DEMRESNGSWHT_NAT_HIG_URB,2031,0.0101499534328894
RE1,DEMRESNGSWHT_NAT_HIG_URB,2032,0.0055121740930585
RE1,DEMRESNGSWHT_NAT_HIG_URB,2033,0.0022913682256221
RE1,DEMRESNGSWHT_NAT_HIG_URB,2034,0.0006733696235032
RE1,DEMRESNGSWHT_NAT_HIG_URB,2035,0.0001273557557313
RE1,DEMRESNGSWHT_NAT_HIG_URB,2036,1.389424042796956e-05
RE1,DEMRESNGSWHT_NAT_HIG_URB,2037,7.706387185034271e-07
RE1,DEMRESNGSWHT_NAT_HIG_URB,2038,1.881039562051845e-08
RE1,DEMRESNGSWHT_NAT_HIG_URB,2039,1.7158091356061457e-10
RE1,DEMRESNGSWHT_NAT_HIG_URB,2040,4.866281278324023e-13
RE1,DEMRESNGSWHT_NAT_HIG_URB,2041,3.4940982344758083e-16
RE1,DEMRESNGSWHT_NAT_HIG_URB,2042,5.0551407635451534e-20
RE1,DEMRESNGSWHT_NAT_HIG_URB,2043,1.1450359918697491e-24
RE1,DEMRESNGSWHT_NAT_HIG_URB,2044,3.076635495813775e-30
RE1,DEMRESNGSWHT_NAT_HIG_URB,2045,7.236388669378163e-37
RE1,DEMRESNGSWHT_NAT_HIG_URB,2046,1.069517840264559e-44
RE1,DEMRESNGSWHT_NAT_HIG_URB,2047,6.927845431260185e-54
RE1,DEMRESNGSWHT_NAT_HIG_URB,2048,1.33121197970445e-64
RE1,DEMRESNGSWHT_NAT_HIG_URB,2049,4.97828771281298e-77
RE1,DEMRESNGSWHT_NAT_HIG_URB,2050,2.3012841680526709e-91
RE1,DEMRESNGSWHT_NAT_HIG_URB,2051,8.076057998073404e-108
RE1,DEMRESNGSWHT_NAT_HIG_URB,2052,1.2762493176600259e-126
RE1,DEMRESNGSWHT_NAT_HIG_URB,2053,5.1965118463430344e-148
RE1,DEMRESNGSWHT_NAT_HIG_URB,2054,3.005427538513074e-172
RE1,DEMRESNGSWHT_NAT_HIG_URB,2055,3.005427538513074e-172
RE1,DEMRESNGSWHT_NAT_LOW_RUR,2022,99999.0
RE1,DEMRESNGSWHT_NAT_LOW_RUR,2023,99999.0
RE1,DEMRESNGSWHT_NAT_LOW_RUR,2024,99999.0
RE1,DEMRESNGSWHT_NAT_LOW_RUR,2025,0.047261092425
RE1,DEMRESNGSWHT_NAT_LOW_RUR,2026,0.04733972985
RE1,DEMRESNGSWHT_NAT_LOW_RUR,2027,0.047418367275
RE1,DEMRESNGSWHT_NAT_LOW_RUR,2028,0.0474970047
RE1,DEMRESNGSWHT_NAT_LOW_RUR,2029,0.047575642125
RE1,DEMRESNGSWHT_NAT_LOW_RUR,2030,0.04765427955
RE1,DEMRESNGSWHT_NAT_LOW_RUR,2031,0.047732916975
RE1,DEMRESNGSWHT_NAT_LOW_RUR,2032,0.0478115544
RE1,DEMRESNGSWHT_NAT_LOW_RUR,2033,0.047890191825
RE1,DEMRESNGSWHT_NAT_LOW_RUR,2034,0.04796882925
RE1,DEMRESNGSWHT_NAT_LOW_RUR,2035,0.048047466675
RE1,DEMRESNGSWHT_NAT_LOW_RUR,2036,0.0481261041
RE1,DEMRESNGSWHT_NAT_LOW_RUR,2037,0.048204741525
RE1,DEMRESNGSWHT_NAT_LOW_RUR,2038,0.04828337895
RE1,DEMRESNGSWHT_NAT_LOW_RUR,2039,0.048362016375
RE1,DEMRESNGSWHT_NAT_LOW_RUR,2040,0.0484406538
RE1,DEMRESNGSWHT_NAT_LOW_RUR,2041,0.048519291225
RE1,DEMRESNGSWHT_NAT_LOW_RUR,2042,0.04859792865
RE1,DEMRESNGSWHT_NAT_LOW_RUR,2043,0.048676566075
RE1,DEMRESNGSWHT_NAT_LOW_RUR,2044,0.0487552035
RE1,DEMRESNGSWHT_NAT_LOW_RUR,2045,0.048833840925
RE1,DEMRESNGSWHT_NAT_LOW_RUR,2046,0.04891247835
RE1,DEMRESNGSWHT_NAT_LOW_RUR,2047,0.048991115775
RE1,DEMRESNGSWHT_NAT_LOW_RUR,2048,0.0490697532
RE1,DEMRESNGSWHT_NAT_LOW_RUR,2049,0.049148390625
RE1,DEMRESNGSWHT_NAT_LOW_RUR,2050,0.04922702805
RE1,DEMRESNGSWHT_NAT_LOW_RUR,2051,0.049305665475
RE1,DEMRESNGSWHT_NAT_LOW_RUR,2052,0.0493843029
RE1,DEMRESNGSWHT_NAT_LOW_RUR,2053,0.049462940325
RE1,DEMRESNGSWHT_NAT_LOW_RUR,2054,0.04954157775
RE1,DEMRESNGSWHT_NAT_LOW_RUR,2055,0.04954157775
RE1,DEMRESNGSWHT_NAT_LOW_URB,2022,1.24220816696765
RE1,DEMRESNGSWHT_NAT_LOW_URB,2023,1.199946475346861
RE1,DEMRESNGSWHT_NAT_LOW_URB,2024,1.219156070351483
RE1,DEMRESNGSWHT_NAT_LOW_URB,2025,1.206735613461778
RE1,DEMRESNGSWHT_NAT_LOW_URB,2026,0.9499334551
RE1,DEMRESNGSWHT_NAT_LOW_URB,2027,0.95151141765
RE1,DEMRESNGSWHT_NAT_LOW_URB,2028,0.9530893802
RE1,DEMRESNGSWHT_NAT_LOW_URB,2029,0.95466734275
RE1,DEMRESNGSWHT_NAT_LOW_URB,2030,0.9562453052999998
RE1,DEMRESNGSWHT_NAT_LOW_URB,2031,0.9578232678499998
RE1,DEMRESNGSWHT_NAT_LOW_URB,2032,0.9594012303999998
RE1,DEMRESNGSWHT_NAT_LOW_URB,2033,0.9609791929499998
RE1,DEMRESNGSWHT_NAT_LOW_URB,2034,0.9625571554999998
RE1,DEMRESNGSWHT_NAT_LOW_URB,2035,0.9641351180499996
RE1,DEMRESNGSWHT_NAT_LOW_URB,2036,0.9657130805999996
RE1,DEMRESNGSWHT_NAT_LOW_URB,2037,0.9672910431499996
RE1,DEMRESNGSWHT_NAT_LOW_URB,2038,0.9688690056999996
RE1,DEMRESNGSWHT_NAT_LOW_URB,2039,0.9704469682499997
RE1,DEMRESNGSWHT_NAT_LOW_URB,2040,0.9720249307999996
RE1,DEMRESNGSWHT_NAT_LOW_URB,2041,0.9736028933499996
RE1,DEMRESNGSWHT_NAT_LOW_URB,2042,0.9751808558999996
RE1,DEMRESNGSWHT_NAT_LOW_URB,2043,0.9767588184499996
RE1,DEMRESNGSWHT_NAT_LOW_URB,2044,0.9783367809999995
RE1,DEMRESNGSWHT_NAT_LOW_URB,2045,0.9799147435499996
RE1,DEMRESNGSWHT_NAT_LOW_URB,2046,0.9814927060999996
RE1,DEMRESNGSWHT_NAT_LOW_URB,2047,0.9830706686499996
RE1,DEMRESNGSWHT_NAT_LOW_URB,2048,0.9846486311999996
RE1,DEMRESNGSWHT_NAT_LOW_URB,2049,0.9862265937499994
RE1,DEMRESNGSWHT_NAT_LOW_URB,2050,0.9878045562999994
RE1,DEMRESNGSWHT_NAT_LOW_URB,2051,0.9893825188499994
RE1,DEMRESNGSWHT_NAT_LOW_URB,2052,0.9909604813999994
RE1,DEMRESNGSWHT_NAT_LOW_URB,2053,0.9925384439499992
RE1,DEMRESNGSWHT_NAT_LOW_URB,2054,0.9941164065
RE1,DEMRESNGSWHT_NAT_LOW_URB,2055,0.9941164065
RE1,DEMRESWOOCKN_HIG_RUR,2022,99999.0
RE1,DEMRESWOOCKN_HIG_RUR,2023,99999.0
RE1,DEMRESWOOCKN_HIG_RUR,2024,99999.0
RE1,DEMRESWOOCKN_HIG_RUR,2025,99999.0
RE1,DEMRESWOOCKN_HIG_RUR,2026,99999.0
RE1,DEMRESWOOCKN_HIG_RUR,2027,99999.0
RE1,DEMRESWOOCKN_HIG_RUR,2028,99999.0
RE1,DEMRESWOOCKN_HIG_RUR,2029,99999.0
RE1,DEMRESWOOCKN_HIG_RUR,2030,99999.0
RE1,DEMRESWOOCKN_HIG_RUR,2031,99999.0
RE1,DEMRESWOOCKN_HIG_RUR,2032,99999.0
RE1,DEMRESWOOCKN_HIG_RUR,2033,99999.0
RE1,DEMRESWOOCKN_HIG_RUR,2034,99999.0
RE1,DEMRESWOOCKN_HIG_RUR,2035,99999.0
RE1,DEMRESWOOCKN_HIG_RUR,2036,99999.0
RE1,DEMRESWOOCKN_HIG_RUR,2037,99999.0
RE1,DEMRESWOOCKN_HIG_RUR,2038,99999.0
RE1,DEMRESWOOCKN_HIG_RUR,2039,99999.0
RE1,DEMRESWOOCKN_HIG_RUR,2040,3.487318416207753
RE1,DEMRESWOOCKN_HIG_RUR,2041,3.613692491561868
RE1,DEMRESWOOCKN_HIG_RUR,2042,3.735822808310897
RE1,DEMRESWOOCKN_HIG_RUR,2043,3.85374709724728
RE1,DEMRESWOOCKN_HIG_RUR,2044,3.967503089163449
RE1,DEMRESWOOCKN_HIG_RUR,2045,4.077128514851839
RE1,DEMRESWOOCKN_HIG_RUR,2046,4.179724651767532
RE1,DEMRESWOOCKN_HIG_RUR,2047,4.278098411582873
RE1,DEMRESWOOCKN_HIG_RUR,2048,4.37229397999421
RE1,DEMRESWOOCKN_HIG_RUR,2049,4.462355542697895
RE1,DEMRESWOOCKN_HIG_RUR,2050,4.548327285390275
RE1,DEMRESWOOCKN_HIG_RUR,2051,4.653069557689524
RE1,DEMRESWOOCKN_HIG_RUR,2052,4.754808124380894
RE1,DEMRESWOOCKN_HIG_RUR,2053,4.853542985464382
RE1,DEMRESWOOCKN_HIG_RUR,2054,4.949274140939988
RE1,DEMRESWOOCKN_HIG_RUR,2055,4.949274140939988
RE1,DEMRESWOOCKN_HIG_URB,2022,99999.0
RE1,DEMRESWOOCKN_HIG_URB,2023,99999.0
RE1,DEMRESWOOCKN_HIG_URB,2024,99999.0
RE1,DEMRESWOOCKN_HIG_URB,2025,99999.0
RE1,DEMRESWOOCKN_HIG_URB,2026,99999.0
RE1,DEMRESWOOCKN_HIG_URB,2027,99999.0
RE1,DEMRESWOOCKN_HIG_URB,2028,99999.0
RE1,DEMRESWOOCKN_HIG_URB,2029,99999.0
RE1,DEMRESWOOCKN_HIG_URB,2030,99999.0
RE1,DEMRESWOOCKN_HIG_URB,2031,99999.0
RE1,DEMRESWOOCKN_HIG_URB,2032,99999.0
RE1,DEMRESWOOCKN_HIG_URB,2033,99999.0
RE1,DEMRESWOOCKN_HIG_URB,2034,99999.0
RE1,DEMRESWOOCKN_HIG_URB,2035,99999.0
RE1,DEMRESWOOCKN_HIG_URB,2036,99999.0
RE1,DEMRESWOOCKN_HIG_URB,2037,99999.0
RE1,DEMRESWOOCKN_HIG_URB,2038,99999.0
RE1,DEMRESWOOCKN_HIG_URB,2039,99999.0
RE1,DEMRESWOOCKN_HIG_URB,2040,0.2788928720657826
RE1,DEMRESWOOCKN_HIG_URB,2041,0.2918946207964148
RE1,DEMRESWOOCKN_HIG_URB,2042,0.3052014199879055
RE1,DEMRESWOOCKN_HIG_URB,2043,0.3188140957659557
RE1,DEMRESWOOCKN_HIG_URB,2044,0.3327245703413806
RE1,DEMRESWOOCKN_HIG_URB,2045,0.3469392525360255
RE1,DEMRESWOOCKN_HIG_URB,2046,0.3614932376920151
RE1,DEMRESWOOCKN_HIG_URB,2047,0.3763658683263195
RE1,DEMRESWOOCKN_HIG_URB,2048,0.3915569947033558
RE1,DEMRESWOOCKN_HIG_URB,2049,0.407000684064577
RE1,DEMRESWOOCKN_HIG_URB,2050,0.4220385186359395
RE1,DEMRESWOOCKN_HIG_URB,2051,0.4347213638887764
RE1,DEMRESWOOCKN_HIG_URB,2052,0.4474703388975497
RE1,DEMRESWOOCKN_HIG_URB,2053,0.4600233706219176
RE1,DEMRESWOOCKN_HIG_URB,2054,0.4726053048274767
RE1,DEMRESWOOCKN_HIG_URB,2055,0.4726053048274767
RE1,DEMRESWOOCKN_LOW_RUR,2022,9999999.0
RE1,DEMRESWOOCKN_LOW_RUR,2023,9999999.0
RE1,DEMRESWOOCKN_LOW_RUR,2024,9999999.0
RE1,DEMRESWOOCKN_LOW_RUR,2025,9999999.0
RE1,DEMRESWOOCKN_LOW_RUR,2026,9999999.0
RE1,DEMRESWOOCKN_LOW_RUR,2027,9999999.0
RE1,DEMRESWOOCKN_LOW_RUR,2028,9999999.0
RE1,DEMRESWOOCKN_LOW_RUR,2029,9999999.0
RE1,DEMRESWOOCKN_LOW_RUR,2030,9999999.0
RE1,DEMRESWOOCKN_LOW_RUR,2031,9999999.0
RE1,DEMRESWOOCKN_LOW_RUR,2032,9999999.0
RE1,DEMRESWOOCKN_LOW_RUR,2033,9999999.0
RE1,DEMRESWOOCKN_LOW_RUR,2034,9999999.0
RE1,DEMRESWOOCKN_LOW_RUR,2035,9999999.0
RE1,DEMRESWOOCKN_LOW_RUR,2036,9999999.0
RE1,DEMRESWOOCKN_LOW_RUR,2037,9999999.0
RE1,DEMRESWOOCKN_LOW_RUR,2038,9999999.0
RE1,DEMRESWOOCKN_LOW_RUR,2039,9999999.0
RE1,DEMRESWOOCKN_LOW_RUR,2040,9999999.0
RE1,DEMRESWOOCKN_LOW_RUR,2041,9999999.0
RE1,DEMRESWOOCKN_LOW_RUR,2042,9999999.0
RE1,DEMRESWOOCKN_LOW_RUR,2043,9999999.0
RE1,DEMRESWOOCKN_LOW_RUR,2044,9999999.0
RE1,DEMRESWOOCKN_LOW_RUR,2045,9999999.0
RE1,DEMRESWOOCKN_LOW_RUR,2046,9999999.0
RE1,DEMRESWOOCKN_LOW_RUR,2047,9999999.0
RE1,DEMRESWOOCKN_LOW_RUR,2048,9999999.0
RE1,DEMRESWOOCKN_LOW_RUR,2049,9999999.0
RE1,DEMRESWOOCKN_LOW_RUR,2050,9999999.0
RE1,DEMRESWOOCKN_LOW_RUR,2051,9999999.0
RE1,DEMRESWOOCKN_LOW_RUR,2052,9999999.0
RE1,DEMRESWOOCKN_LOW_RUR,2053,9999999.0
RE1,DEMRESWOOCKN_LOW_RUR,2054,9999999.0
RE1,DEMRESWOOCKN_LOW_RUR,2055,9999999.0
RE1,DEMRESWOOCKN_LOW_URB,2022,99999.0
RE1,DEMRESWOOCKN_LOW_URB,2023,99999.0
RE1,DEMRESWOOCKN_LOW_URB,2024,99999.0
RE1,DEMRESWOOCKN_LOW_URB,2025,99999.0
RE1,DEMRESWOOCKN_LOW_URB,2026,99999.0
RE1,DEMRESWOOCKN_LOW_URB,2027,99999.0
RE1,DEMRESWOOCKN_LOW_URB,2028,99999.0
RE1,DEMRESWOOCKN_LOW_URB,2029,99999.0
RE1,DEMRESWOOCKN_LOW_URB,2030,99999.0
RE1,DEMRESWOOCKN_LOW_URB,2031,99999.0
RE1,DEMRESWOOCKN_LOW_URB,2032,99999.0
RE1,DEMRESWOOCKN_LOW_URB,2033,99999.0
RE1,DEMRESWOOCKN_LOW_URB,2034,99999.0
RE1,DEMRESWOOCKN_LOW_URB,2035,99999.0
RE1,DEMRESWOOCKN_LOW_URB,2036,99999.0
RE1,DEMRESWOOCKN_LOW_URB,2037,99999.0
RE1,DEMRESWOOCKN_LOW_URB,2038,99999.0
RE1,DEMRESWOOCKN_LOW_URB,2039,99999.0
RE1,DEMRESWOOCKN_LOW_URB,2040,0.0
RE1,DEMRESWOOCKN_LOW_URB,2041,0.0
RE1,DEMRESWOOCKN_LOW_URB,2042,0.0
RE1,DEMRESWOOCKN_LOW_URB,2043,0.0
RE1,DEMRESWOOCKN_LOW_URB,2044,0.0
RE1,DEMRESWOOCKN_LOW_URB,2045,0.0
RE1,DEMRESWOOCKN_LOW_URB,2046,0.0
RE1,DEMRESWOOCKN_LOW_URB,2047,0.0
RE1,DEMRESWOOCKN_LOW_URB,2048,0.0
RE1,DEMRESWOOCKN_LOW_URB,2049,0.0
RE1,DEMRESWOOCKN_LOW_URB,2050,0.0
RE1,DEMRESWOOCKN_LOW_URB,2051,0.0
RE1,DEMRESWOOCKN_LOW_URB,2052,0.0
RE1,DEMRESWOOCKN_LOW_URB,2053,0.0
RE1,DEMRESWOOCKN_LOW_URB,2054,0.0
RE1,DEMRESWOOCKN_LOW_URB,2055,0.0
RE1,DEMRESWOOCKN_MID_RUR,2022,99999.0
RE1,DEMRESWOOCKN_MID_RUR,2023,99999.0
RE1,DEMRESWOOCKN_MID_RUR,2024,99999.0
RE1,DEMRESWOOCKN_MID_RUR,2025,99999.0
RE1,DEMRESWOOCKN_MID_RUR,2026,99999.0
RE1,DEMRESWOOCKN_MID_RUR,2027,99999.0
RE1,DEMRESWOOCKN_MID_RUR,2028,99999.0
RE1,DEMRESWOOCKN_MID_RUR,2029,99999.0
RE1,DEMRESWOOCKN_MID_RUR,2030,99999.0
RE1,DEMRESWOOCKN_MID_RUR,2031,99999.0
RE1,DEMRESWOOCKN_MID_RUR,2032,99999.0
RE1,DEMRESWOOCKN_MID_RUR,2033,99999.0
RE1,DEMRESWOOCKN_MID_RUR,2034,99999.0
RE1,DEMRESWOOCKN_MID_RUR,2035,99999.0
RE1,DEMRESWOOCKN_MID_RUR,2036,99999.0
RE1,DEMRESWOOCKN_MID_RUR,2037,99999.0
RE1,DEMRESWOOCKN_MID_RUR,2038,99999.0
RE1,DEMRESWOOCKN_MID_RUR,2039,99999.0
RE1,DEMRESWOOCKN_MID_RUR,2040,0.58
RE1,DEMRESWOOCKN_MID_RUR,2041,0.58
RE1,DEMRESWOOCKN_MID_RUR,2042,0.58
RE1,DEMRESWOOCKN_MID_RUR,2043,0.58
RE1,DEMRESWOOCKN_MID_RUR,2044,0.58
RE1,DEMRESWOOCKN_MID_RUR,2045,0.58
RE1,DEMRESWOOCKN_MID_RUR,2046,0.58
RE1,DEMRESWOOCKN_MID_RUR,2047,0.58
RE1,DEMRESWOOCKN_MID_RUR,2048,0.58
RE1,DEMRESWOOCKN_MID_RUR,2049,0.58
RE1,DEMRESWOOCKN_MID_RUR,2050,0.58
RE1,DEMRESWOOCKN_MID_RUR,2051,0.58
RE1,DEMRESWOOCKN_MID_RUR,2052,0.58
RE1,DEMRESWOOCKN_MID_RUR,2053,0.58
RE1,DEMRESWOOCKN_MID_RUR,2054,0.58
RE1,DEMRESWOOCKN_MID_RUR,2055,0.58
RE1,DEMRESWOOCKN_MID_URB,2022,99999.0
RE1,DEMRESWOOCKN_MID_URB,2023,99999.0
RE1,DEMRESWOOCKN_MID_URB,2024,99999.0
RE1,DEMRESWOOCKN_MID_URB,2025,99999.0
RE1,DEMRESWOOCKN_MID_URB,2026,99999.0
RE1,DEMRESWOOCKN_MID_URB,2027,99999.0
RE1,DEMRESWOOCKN_MID_URB,2028,99999.0
RE1,DEMRESWOOCKN_MID_URB,2029,99999.0
RE1,DEMRESWOOCKN_MID_URB,2030,99999.0
RE1,DEMRESWOOCKN_MID_URB,2031,99999.0
RE1,DEMRESWOOCKN_MID_URB,2032,99999.0
RE1,DEMRESWOOCKN_MID_URB,2033,99999.0
RE1,DEMRESWOOCKN_MID_URB,2034,99999.0
RE1,DEMRESWOOCKN_MID_URB,2035,99999.0
RE1,DEMRESWOOCKN_MID_URB,2036,99999.0
RE1,DEMRESWOOCKN_MID_URB,2037,99999.0
RE1,DEMRESWOOCKN_MID_URB,2038,99999.0
RE1,DEMRESWOOCKN_MID_URB,2039,99999.0
RE1,DEMRESWOOCKN_MID_URB,2040,0.0848804393243686
RE1,DEMRESWOOCKN_MID_URB,2041,0.080736810007519
RE1,DEMRESWOOCKN_MID_URB,2042,0.0763003549969764
RE1,DEMRESWOOCKN_MID_URB,2043,0.0715705112943982
RE1,DEMRESWOOCKN_MID_URB,2044,0.0665449140682761
RE1,DEMRESWOOCKN_MID_URB,2045,0.0612245739769457
RE1,DEMRESWOOCKN_MID_URB,2046,0.05561434426031
RE1,DEMRESWOOCKN_MID_URB,2047,0.0497086995902686
RE1,DEMRESWOOCKN_MID_URB,2048,0.0435063327448173
RE1,DEMRESWOOCKN_MID_URB,2049,0.0370000621876888
RE1,DEMRESWOOCKN_MID_URB,2050,0.0301456084739957
RE1,DEMRESWOOCKN_MID_URB,2051,0.0228800717836198
RE1,DEMRESWOOCKN_MID_URB,2052,0.0154300116861224
RE1,DEMRESWOOCKN_MID_URB,2053,0.0077970062817274
RE1,DEMRESWOOCKN_MID_URB,2054,4.919037102932394e-17
RE1,DEMRESWOOCKN_MID_URB,2055,4.919037102932394e-17
RE1,DEMRESZNIBGSCKN_MID,2022,99999.0
RE1,DEMRESZNIBGSCKN_MID,2023,99999.0
RE1,DEMRESZNIBGSCKN_MID,2024,99999.0
RE1,DEMRESZNIBGSCKN_MID,2025,99999.0
RE1,DEMRESZNIBGSCKN_MID,2026,99999.0
RE1,DEMRESZNIBGSCKN_MID,2027,99999.0
RE1,DEMRESZNIBGSCKN_MID,2028,99999.0
RE1,DEMRESZNIBGSCKN_MID,2029,99999.0
RE1,DEMRESZNIBGSCKN_MID,2030,99999.0
RE1,DEMRESZNIBGSCKN_MID,2031,99999.0
RE1,DEMRESZNIBGSCKN_MID,2032,99999.0
RE1,DEMRESZNIBGSCKN_MID,2033,99999.0
RE1,DEMRESZNIBGSCKN_MID,2034,99999.0
RE1,DEMRESZNIBGSCKN_MID,2035,99999.0
RE1,DEMRESZNIBGSCKN_MID,2036,99999.0
RE1,DEMRESZNIBGSCKN_MID,2037,99999.0
RE1,DEMRESZNIBGSCKN_MID,2038,99999.0
RE1,DEMRESZNIBGSCKN_MID,2039,99999.0
RE1,DEMRESZNIBGSCKN_MID,2040,99999.0
RE1,DEMRESZNIBGSCKN_MID,2041,99999.0
RE1,DEMRESZNIBGSCKN_MID,2042,99999.0
RE1,DEMRESZNIBGSCKN_MID,2043,99999.0
RE1,DEMRESZNIBGSCKN_MID,2044,99999.0
RE1,DEMRESZNIBGSCKN_MID,2045,99999.0
RE1,DEMRESZNIBGSCKN_MID,2046,99999.0
RE1,DEMRESZNIBGSCKN_MID,2047,99999.0
RE1,DEMRESZNIBGSCKN_MID,2048,99999.0
RE1,DEMRESZNIBGSCKN_MID,2049,99999.0
RE1,DEMRESZNIBGSCKN_MID,2050,99999.0
RE1,DEMRESZNIBGSCKN_MID,2051,99999.0
RE1,DEMRESZNIBGSCKN_MID,2052,99999.0
RE1,DEMRESZNIBGSCKN_MID,2053,99999.0
RE1,DEMRESZNIBGSCKN_MID,2054,99999.0
RE1,DEMRESZNIBGSCKN_MID,2055,99999.0
RE1,DEMRESZNIELCCKN_LOW,2022,99999.0
RE1,DEMRESZNIELCCKN_LOW,2023,99999.0
RE1,DEMRESZNIELCCKN_LOW,2024,99999.0
RE1,DEMRESZNIELCCKN_LOW,2025,99999.0
RE1,DEMRESZNIELCCKN_LOW,2026,99999.0
RE1,DEMRESZNIELCCKN_LOW,2027,99999.0
RE1,DEMRESZNIELCCKN_LOW,2028,99999.0
RE1,DEMRESZNIELCCKN_LOW,2029,99999.0
RE1,DEMRESZNIELCCKN_LOW,2030,99999.0
RE1,DEMRESZNIELCCKN_LOW,2031,99999.0
RE1,DEMRESZNIELCCKN_LOW,2032,99999.0
RE1,DEMRESZNIELCCKN_LOW,2033,99999.0
RE1,DEMRESZNIELCCKN_LOW,2034,99999.0
RE1,DEMRESZNIELCCKN_LOW,2035,99999.0
RE1,DEMRESZNIELCCKN_LOW,2036,99999.0
RE1,DEMRESZNIELCCKN_LOW,2037,99999.0
RE1,DEMRESZNIELCCKN_LOW,2038,99999.0
RE1,DEMRESZNIELCCKN_LOW,2039,99999.0
RE1,DEMRESZNIELCCKN_LOW,2040,99999.0
RE1,DEMRESZNIELCCKN_LOW,2041,99999.0
RE1,DEMRESZNIELCCKN_LOW,2042,99999.0
RE1,DEMRESZNIELCCKN_LOW,2043,99999.0
RE1,DEMRESZNIELCCKN_LOW,2044,99999.0
RE1,DEMRESZNIELCCKN_LOW,2045,99999.0
RE1,DEMRESZNIELCCKN_LOW,2046,99999.0
RE1,DEMRESZNIELCCKN_LOW,2047,99999.0
RE1,DEMRESZNIELCCKN_LOW,2048,99999.0
RE1,DEMRESZNIELCCKN_LOW,2049,99999.0
RE1,DEMRESZNIELCCKN_LOW,2050,99999.0
RE1,DEMRESZNIELCCKN_LOW,2051,99999.0
RE1,DEMRESZNIELCCKN_LOW,2052,99999.0
RE1,DEMRESZNIELCCKN_LOW,2053,99999.0
RE1,DEMRESZNIELCCKN_LOW,2054,99999.0
RE1,DEMRESZNIELCCKN_LOW,2055,99999.0
RE1,DEMRESZNIELC_LOW,2022,99999.0
RE1,DEMRESZNIELC_LOW,2023,99999.0
RE1,DEMRESZNIELC_LOW,2024,99999.0
RE1,DEMRESZNIELC_LOW,2025,99999.0
RE1,DEMRESZNIELC_LOW,2026,99999.0
RE1,DEMRESZNIELC_LOW,2027,99999.0
RE1,DEMRESZNIELC_LOW,2028,99999.0
RE1,DEMRESZNIELC_LOW,2029,99999.0
RE1,DEMRESZNIELC_LOW,2030,99999.0
RE1,DEMRESZNIELC_LOW,2031,99999.0
RE1,DEMRESZNIELC_LOW,2032,99999.0
RE1,DEMRESZNIELC_LOW,2033,99999.0
RE1,DEMRESZNIELC_LOW,2034,99999.0
RE1,DEMRESZNIELC_LOW,2035,99999.0
RE1,DEMRESZNIELC_LOW,2036,99999.0
RE1,DEMRESZNIELC_LOW,2037,99999.0
RE1,DEMRESZNIELC_LOW,2038,99999.0
RE1,DEMRESZNIELC_LOW,2039,99999.0
RE1,DEMRESZNIELC_LOW,2040,99999.0
RE1,DEMRESZNIELC_LOW,2041,99999.0
RE1,DEMRESZNIELC_LOW,2042,99999.0
RE1,DEMRESZNIELC_LOW,2043,99999.0
RE1,DEMRESZNIELC_LOW,2044,99999.0
RE1,DEMRESZNIELC_LOW,2045,99999.0
RE1,DEMRESZNIELC_LOW,2046,99999.0
RE1,DEMRESZNIELC_LOW,2047,99999.0
RE1,DEMRESZNIELC_LOW,2048,99999.0
RE1,DEMRESZNIELC_LOW,2049,99999.0
RE1,DEMRESZNIELC_LOW,2050,99999.0
RE1,DEMRESZNIELC_LOW,2051,99999.0
RE1,DEMRESZNIELC_LOW,2052,99999.0
RE1,DEMRESZNIELC_LOW,2053,99999.0
RE1,DEMRESZNIELC_LOW,2054,99999.0
RE1,DEMRESZNIELC_LOW,2055,99999.0
RE1,DEMRESZNILPGCKN_MID,2022,99999.0
RE1,DEMRESZNILPGCKN_MID,2023,99999.0
RE1,DEMRESZNILPGCKN_MID,2024,99999.0
RE1,DEMRESZNILPGCKN_MID,2025,99999.0
RE1,DEMRESZNILPGCKN_MID,2026,99999.0
RE1,DEMRESZNILPGCKN_MID,2027,99999.0
RE1,DEMRESZNILPGCKN_MID,2028,99999.0
RE1,DEMRESZNILPGCKN_MID,2029,99999.0
RE1,DEMRESZNILPGCKN_MID,2030,99999.0
RE1,DEMRESZNILPGCKN_MID,2031,99999.0
RE1,DEMRESZNILPGCKN_MID,2032,99999.0
RE1,DEMRESZNILPGCKN_MID,2033,99999.0
RE1,DEMRESZNILPGCKN_MID,2034,99999.0
RE1,DEMRESZNILPGCKN_MID,2035,99999.0
RE1,DEMRESZNILPGCKN_MID,2036,99999.0
RE1,DEMRESZNILPGCKN_MID,2037,99999.0
RE1,DEMRESZNILPGCKN_MID,2038,99999.0
RE1,DEMRESZNILPGCKN_MID,2039,99999.0
RE1,DEMRESZNILPGCKN_MID,2040,99999.0
RE1,DEMRESZNILPGCKN_MID,2041,99999.0
RE1,DEMRESZNILPGCKN_MID,2042,99999.0
RE1,DEMRESZNILPGCKN_MID,2043,99999.0
RE1,DEMRESZNILPGCKN_MID,2044,99999.0
RE1,DEMRESZNILPGCKN_MID,2045,99999.0
RE1,DEMRESZNILPGCKN_MID,2046,99999.0
RE1,DEMRESZNILPGCKN_MID,2047,99999.0
RE1,DEMRESZNILPGCKN_MID,2048,99999.0
RE1,DEMRESZNILPGCKN_MID,2049,99999.0
RE1,DEMRESZNILPGCKN_MID,2050,99999.0
RE1,DEMRESZNILPGCKN_MID,2051,99999.0
RE1,DEMRESZNILPGCKN_MID,2052,99999.0
RE1,DEMRESZNILPGCKN_MID,2053,99999.0
RE1,DEMRESZNILPGCKN_MID,2054,99999.0
RE1,DEMRESZNILPGCKN_MID,2055,99999.0
RE1,DEMRESZNIWOOCKN_LOW,2022,99999.0
RE1,DEMRESZNIWOOCKN_LOW,2023,99999.0
RE1,DEMRESZNIWOOCKN_LOW,2024,99999.0
RE1,DEMRESZNIWOOCKN_LOW,2025,99999.0
RE1,DEMRESZNIWOOCKN_LOW,2026,99999.0
RE1,DEMRESZNIWOOCKN_LOW,2027,99999.0
RE1,DEMRESZNIWOOCKN_LOW,2028,99999.0
RE1,DEMRESZNIWOOCKN_LOW,2029,99999.0
RE1,DEMRESZNIWOOCKN_LOW,2030,99999.0
RE1,DEMRESZNIWOOCKN_LOW,2031,99999.0
RE1,DEMRESZNIWOOCKN_LOW,2032,99999.0
RE1,DEMRESZNIWOOCKN_LOW,2033,99999.0
RE1,DEMRESZNIWOOCKN_LOW,2034,99999.0
RE1,DEMRESZNIWOOCKN_LOW,2035,99999.0
RE1,DEMRESZNIWOOCKN_LOW,2036,99999.0
RE1,DEMRESZNIWOOCKN_LOW,2037,99999.0
RE1,DEMRESZNIWOOCKN_LOW,2038,99999.0
RE1,DEMRESZNIWOOCKN_LOW,2039,99999.0
RE1,DEMRESZNIWOOCKN_LOW,2040,0.023
RE1,DEMRESZNIWOOCKN_LOW,2041,0.023
RE1,DEMRESZNIWOOCKN_LOW,2042,0.023
RE1,DEMRESZNIWOOCKN_LOW,2043,0.023
RE1,DEMRESZNIWOOCKN_LOW,2044,0.023
RE1,DEMRESZNIWOOCKN_LOW,2045,0.023
RE1,DEMRESZNIWOOCKN_LOW,2046,0.023
RE1,DEMRESZNIWOOCKN_LOW,2047,0.023
RE1,DEMRESZNIWOOCKN_LOW,2048,0.023
RE1,DEMRESZNIWOOCKN_LOW,2049,0.023
RE1,DEMRESZNIWOOCKN_LOW,2050,0.023
RE1,DEMRESZNIWOOCKN_LOW,2051,0.023
RE1,DEMRESZNIWOOCKN_LOW,2052,0.023
RE1,DEMRESZNIWOOCKN_LOW,2053,0.023
RE1,DEMRESZNIWOOCKN_LOW,2054,0.023
RE1,DEMRESZNIWOOCKN_LOW,2055,0.023
RE1,DEMRES_MEDPVA_URB,2022,99999.0
RE1,DEMRES_MEDPVA_URB,2023,99999.0
RE1,DEMRES_MEDPVA_URB,2024,99999.0
RE1,DEMRES_MEDPVA_URB,2025,99999.0
RE1,DEMRES_MEDPVA_URB,2026,99999.0
RE1,DEMRES_MEDPVA_URB,2027,99999.0
RE1,DEMRES_MEDPVA_URB,2028,99999.0
RE1,DEMRES_MEDPVA_URB,2029,99999.0
RE1,DEMRES_MEDPVA_URB,2030,99999.0
RE1,DEMRES_MEDPVA_URB,2031,99999.0
RE1,DEMRES_MEDPVA_URB,2032,99999.0
RE1,DEMRES_MEDPVA_URB,2033,99999.0
RE1,DEMRES_MEDPVA_URB,2034,99999.0
RE1,DEMRES_MEDPVA_URB,2035,99999.0
RE1,DEMRES_MEDPVA_URB,2036,99999.0
RE1,DEMRES_MEDPVA_URB,2037,99999.0
RE1,DEMRES_MEDPVA_URB,2038,99999.0
RE1,DEMRES_MEDPVA_URB,2039,99999.0
RE1,DEMRES_MEDPVA_URB,2040,99999.0
RE1,DEMRES_MEDPVA_URB,2041,99999.0
RE1,DEMRES_MEDPVA_URB,2042,99999.0
RE1,DEMRES_MEDPVA_URB,2043,99999.0
RE1,DEMRES_MEDPVA_URB,2044,99999.0
RE1,DEMRES_MEDPVA_URB,2045,99999.0
RE1,DEMRES_MEDPVA_URB,2046,99999.0
RE1,DEMRES_MEDPVA_URB,2047,99999.0
RE1,DEMRES_MEDPVA_URB,2048,99999.0
RE1,DEMRES_MEDPVA_URB,2049,99999.0
RE1,DEMRES_MEDPVA_URB,2050,99999.0
RE1,DEMRES_MEDPVA_URB,2051,99999.0
RE1,DEMRES_MEDPVA_URB,2052,99999.0
RE1,DEMRES_MEDPVA_URB,2053,99999.0
RE1,DEMRES_MEDPVA_URB,2054,99999.0
RE1,DEMRES_MEDPVA_URB,2055,99999.0
RE1,DEMTERBGSCKN_HIG,2022,99999.0
RE1,DEMTERBGSCKN_HIG,2023,99999.0
RE1,DEMTERBGSCKN_HIG,2024,99999.0
RE1,DEMTERBGSCKN_HIG,2025,99999.0
RE1,DEMTERBGSCKN_HIG,2026,99999.0
RE1,DEMTERBGSCKN_HIG,2027,99999.0
RE1,DEMTERBGSCKN_HIG,2028,99999.0
RE1,DEMTERBGSCKN_HIG,2029,99999.0
RE1,DEMTERBGSCKN_HIG,2030,99999.0
RE1,DEMTERBGSCKN_HIG,2031,99999.0
RE1,DEMTERBGSCKN_HIG,2032,99999.0
RE1,DEMTERBGSCKN_HIG,2033,99999.0
RE1,DEMTERBGSCKN_HIG,2034,99999.0
RE1,DEMTERBGSCKN_HIG,2035,99999.0
RE1,DEMTERBGSCKN_HIG,2036,99999.0
RE1,DEMTERBGSCKN_HIG,2037,99999.0
RE1,DEMTERBGSCKN_HIG,2038,99999.0
RE1,DEMTERBGSCKN_HIG,2039,99999.0
RE1,DEMTERBGSCKN_HIG,2040,99999.0
RE1,DEMTERBGSCKN_HIG,2041,99999.0
RE1,DEMTERBGSCKN_HIG,2042,99999.0
RE1,DEMTERBGSCKN_HIG,2043,99999.0
RE1,DEMTERBGSCKN_HIG,2044,99999.0
RE1,DEMTERBGSCKN_HIG,2045,99999.0
RE1,DEMTERBGSCKN_HIG,2046,99999.0
RE1,DEMTERBGSCKN_HIG,2047,99999.0
RE1,DEMTERBGSCKN_HIG,2048,99999.0
RE1,DEMTERBGSCKN_HIG,2049,99999.0
RE1,DEMTERBGSCKN_HIG,2050,99999.0
RE1,DEMTERBGSCKN_HIG,2051,99999.0
RE1,DEMTERBGSCKN_HIG,2052,99999.0
RE1,DEMTERBGSCKN_HIG,2053,99999.0
RE1,DEMTERBGSCKN_HIG,2054,99999.0
RE1,DEMTERBGSCKN_HIG,2055,99999.0
RE1,DEMTERBGSCKN_LOW,2022,99999.0
RE1,DEMTERBGSCKN_LOW,2023,99999.0
RE1,DEMTERBGSCKN_LOW,2024,99999.0
RE1,DEMTERBGSCKN_LOW,2025,99999.0
RE1,DEMTERBGSCKN_LOW,2026,99999.0
RE1,DEMTERBGSCKN_LOW,2027,99999.0
RE1,DEMTERBGSCKN_LOW,2028,99999.0
RE1,DEMTERBGSCKN_LOW,2029,99999.0
RE1,DEMTERBGSCKN_LOW,2030,99999.0
RE1,DEMTERBGSCKN_LOW,2031,99999.0
RE1,DEMTERBGSCKN_LOW,2032,99999.0
RE1,DEMTERBGSCKN_LOW,2033,99999.0
RE1,DEMTERBGSCKN_LOW,2034,99999.0
RE1,DEMTERBGSCKN_LOW,2035,99999.0
RE1,DEMTERBGSCKN_LOW,2036,99999.0
RE1,DEMTERBGSCKN_LOW,2037,99999.0
RE1,DEMTERBGSCKN_LOW,2038,99999.0
RE1,DEMTERBGSCKN_LOW,2039,99999.0
RE1,DEMTERBGSCKN_LOW,2040,99999.0
RE1,DEMTERBGSCKN_LOW,2041,99999.0
RE1,DEMTERBGSCKN_LOW,2042,99999.0
RE1,DEMTERBGSCKN_LOW,2043,99999.0
RE1,DEMTERBGSCKN_LOW,2044,99999.0
RE1,DEMTERBGSCKN_LOW,2045,99999.0
RE1,DEMTERBGSCKN_LOW,2046,99999.0
RE1,DEMTERBGSCKN_LOW,2047,99999.0
RE1,DEMTERBGSCKN_LOW,2048,99999.0
RE1,DEMTERBGSCKN_LOW,2049,99999.0
RE1,DEMTERBGSCKN_LOW,2050,99999.0
RE1,DEMTERBGSCKN_LOW,2051,99999.0
RE1,DEMTERBGSCKN_LOW,2052,99999.0
RE1,DEMTERBGSCKN_LOW,2053,99999.0
RE1,DEMTERBGSCKN_LOW,2054,99999.0
RE1,DEMTERBGSCKN_LOW,2055,99999.0
RE1,DEMTERBGSCKN_MID,2022,99999.0
RE1,DEMTERBGSCKN_MID,2023,99999.0
RE1,DEMTERBGSCKN_MID,2024,99999.0
RE1,DEMTERBGSCKN_MID,2025,99999.0
RE1,DEMTERBGSCKN_MID,2026,99999.0
RE1,DEMTERBGSCKN_MID,2027,99999.0
RE1,DEMTERBGSCKN_MID,2028,99999.0
RE1,DEMTERBGSCKN_MID,2029,99999.0
RE1,DEMTERBGSCKN_MID,2030,99999.0
RE1,DEMTERBGSCKN_MID,2031,99999.0
RE1,DEMTERBGSCKN_MID,2032,99999.0
RE1,DEMTERBGSCKN_MID,2033,99999.0
RE1,DEMTERBGSCKN_MID,2034,99999.0
RE1,DEMTERBGSCKN_MID,2035,99999.0
RE1,DEMTERBGSCKN_MID,2036,99999.0
RE1,DEMTERBGSCKN_MID,2037,99999.0
RE1,DEMTERBGSCKN_MID,2038,99999.0
RE1,DEMTERBGSCKN_MID,2039,99999.0
RE1,DEMTERBGSCKN_MID,2040,99999.0
RE1,DEMTERBGSCKN_MID,2041,99999.0
RE1,DEMTERBGSCKN_MID,2042,99999.0
RE1,DEMTERBGSCKN_MID,2043,99999.0
RE1,DEMTERBGSCKN_MID,2044,99999.0
RE1,DEMTERBGSCKN_MID,2045,99999.0
RE1,DEMTERBGSCKN_MID,2046,99999.0
RE1,DEMTERBGSCKN_MID,2047,99999.0
RE1,DEMTERBGSCKN_MID,2048,99999.0
RE1,DEMTERBGSCKN_MID,2049,99999.0
RE1,DEMTERBGSCKN_MID,2050,99999.0
RE1,DEMTERBGSCKN_MID,2051,99999.0
RE1,DEMTERBGSCKN_MID,2052,99999.0
RE1,DEMTERBGSCKN_MID,2053,99999.0
RE1,DEMTERBGSCKN_MID,2054,99999.0
RE1,DEMTERBGSCKN_MID,2055,99999.0
RE1,DEMTERELCACL_HIG,2022,99999.0
RE1,DEMTERELCACL_HIG,2023,99999.0
RE1,DEMTERELCACL_HIG,2024,99999.0
RE1,DEMTERELCACL_HIG,2025,99999.0
RE1,DEMTERELCACL_HIG,2026,99999.0
RE1,DEMTERELCACL_HIG,2027,99999.0
RE1,DEMTERELCACL_HIG,2028,99999.0
RE1,DEMTERELCACL_HIG,2029,99999.0
RE1,DEMTERELCACL_HIG,2030,99999.0
RE1,DEMTERELCACL_HIG,2031,99999.0
RE1,DEMTERELCACL_HIG,2032,99999.0
RE1,DEMTERELCACL_HIG,2033,99999.0
RE1,DEMTERELCACL_HIG,2034,99999.0
RE1,DEMTERELCACL_HIG,2035,99999.0
RE1,DEMTERELCACL_HIG,2036,99999.0
RE1,DEMTERELCACL_HIG,2037,99999.0
RE1,DEMTERELCACL_HIG,2038,99999.0
RE1,DEMTERELCACL_HIG,2039,99999.0
RE1,DEMTERELCACL_HIG,2040,99999.0
RE1,DEMTERELCACL_HIG,2041,99999.0
RE1,DEMTERELCACL_HIG,2042,99999.0
RE1,DEMTERELCACL_HIG,2043,99999.0
RE1,DEMTERELCACL_HIG,2044,99999.0
RE1,DEMTERELCACL_HIG,2045,99999.0
RE1,DEMTERELCACL_HIG,2046,99999.0
RE1,DEMTERELCACL_HIG,2047,99999.0
RE1,DEMTERELCACL_HIG,2048,99999.0
RE1,DEMTERELCACL_HIG,2049,99999.0
RE1,DEMTERELCACL_HIG,2050,99999.0
RE1,DEMTERELCACL_HIG,2051,99999.0
RE1,DEMTERELCACL_HIG,2052,99999.0
RE1,DEMTERELCACL_HIG,2053,99999.0
RE1,DEMTERELCACL_HIG,2054,99999.0
RE1,DEMTERELCACL_HIG,2055,99999.0
RE1,DEMTERELCACL_LOW,2022,99999.0
RE1,DEMTERELCACL_LOW,2023,99999.0
RE1,DEMTERELCACL_LOW,2024,99999.0
RE1,DEMTERELCACL_LOW,2025,99999.0
RE1,DEMTERELCACL_LOW,2026,99999.0
RE1,DEMTERELCACL_LOW,2027,99999.0
RE1,DEMTERELCACL_LOW,2028,99999.0
RE1,DEMTERELCACL_LOW,2029,99999.0
RE1,DEMTERELCACL_LOW,2030,99999.0
RE1,DEMTERELCACL_LOW,2031,99999.0
RE1,DEMTERELCACL_LOW,2032,99999.0
RE1,DEMTERELCACL_LOW,2033,99999.0
RE1,DEMTERELCACL_LOW,2034,99999.0
RE1,DEMTERELCACL_LOW,2035,99999.0
RE1,DEMTERELCACL_LOW,2036,99999.0
RE1,DEMTERELCACL_LOW,2037,99999.0
RE1,DEMTERELCACL_LOW,2038,99999.0
RE1,DEMTERELCACL_LOW,2039,99999.0
RE1,DEMTERELCACL_LOW,2040,99999.0
RE1,DEMTERELCACL_LOW,2041,99999.0
RE1,DEMTERELCACL_LOW,2042,99999.0
RE1,DEMTERELCACL_LOW,2043,99999.0
RE1,DEMTERELCACL_LOW,2044,99999.0
RE1,DEMTERELCACL_LOW,2045,99999.0
RE1,DEMTERELCACL_LOW,2046,99999.0
RE1,DEMTERELCACL_LOW,2047,99999.0
RE1,DEMTERELCACL_LOW,2048,99999.0
RE1,DEMTERELCACL_LOW,2049,99999.0
RE1,DEMTERELCACL_LOW,2050,99999.0
RE1,DEMTERELCACL_LOW,2051,99999.0
RE1,DEMTERELCACL_LOW,2052,99999.0
RE1,DEMTERELCACL_LOW,2053,99999.0
RE1,DEMTERELCACL_LOW,2054,99999.0
RE1,DEMTERELCACL_LOW,2055,99999.0
RE1,DEMTERELCACL_MID,2022,99999.0
RE1,DEMTERELCACL_MID,2023,99999.0
RE1,DEMTERELCACL_MID,2024,99999.0
RE1,DEMTERELCACL_MID,2025,99999.0
RE1,DEMTERELCACL_MID,2026,99999.0
RE1,DEMTERELCACL_MID,2027,99999.0
RE1,DEMTERELCACL_MID,2028,99999.0
RE1,DEMTERELCACL_MID,2029,99999.0
RE1,DEMTERELCACL_MID,2030,99999.0
RE1,DEMTERELCACL_MID,2031,99999.0
RE1,DEMTERELCACL_MID,2032,99999.0
RE1,DEMTERELCACL_MID,2033,99999.0
RE1,DEMTERELCACL_MID,2034,99999.0
RE1,DEMTERELCACL_MID,2035,99999.0
RE1,DEMTERELCACL_MID,2036,99999.0
RE1,DEMTERELCACL_MID,2037,99999.0
RE1,DEMTERELCACL_MID,2038,99999.0
RE1,DEMTERELCACL_MID,2039,99999.0
RE1,DEMTERELCACL_MID,2040,99999.0
RE1,DEMTERELCACL_MID,2041,99999.0
RE1,DEMTERELCACL_MID,2042,99999.0
RE1,DEMTERELCACL_MID,2043,99999.0
RE1,DEMTERELCACL_MID,2044,99999.0
RE1,DEMTERELCACL_MID,2045,99999.0
RE1,DEMTERELCACL_MID,2046,99999.0
RE1,DEMTERELCACL_MID,2047,99999.0
RE1,DEMTERELCACL_MID,2048,99999.0
RE1,DEMTERELCACL_MID,2049,99999.0
RE1,DEMTERELCACL_MID,2050,99999.0
RE1,DEMTERELCACL_MID,2051,99999.0
RE1,DEMTERELCACL_MID,2052,99999.0
RE1,DEMTERELCACL_MID,2053,99999.0
RE1,DEMTERELCACL_MID,2054,99999.0
RE1,DEMTERELCACL_MID,2055,99999.0
RE1,DEMTERELCAIR_CEN_HIG,2022,99999.0
RE1,DEMTERELCAIR_CEN_HIG,2023,99999.0
RE1,DEMTERELCAIR_CEN_HIG,2024,99999.0
RE1,DEMTERELCAIR_CEN_HIG,2025,99999.0
RE1,DEMTERELCAIR_CEN_HIG,2026,99999.0
RE1,DEMTERELCAIR_CEN_HIG,2027,99999.0
RE1,DEMTERELCAIR_CEN_HIG,2028,99999.0
RE1,DEMTERELCAIR_CEN_HIG,2029,99999.0
RE1,DEMTERELCAIR_CEN_HIG,2030,99999.0
RE1,DEMTERELCAIR_CEN_HIG,2031,99999.0
RE1,DEMTERELCAIR_CEN_HIG,2032,99999.0
RE1,DEMTERELCAIR_CEN_HIG,2033,99999.0
RE1,DEMTERELCAIR_CEN_HIG,2034,99999.0
RE1,DEMTERELCAIR_CEN_HIG,2035,99999.0
RE1,DEMTERELCAIR_CEN_HIG,2036,99999.0
RE1,DEMTERELCAIR_CEN_HIG,2037,99999.0
RE1,DEMTERELCAIR_CEN_HIG,2038,99999.0
RE1,DEMTERELCAIR_CEN_HIG,2039,99999.0
RE1,DEMTERELCAIR_CEN_HIG,2040,99999.0
RE1,DEMTERELCAIR_CEN_HIG,2041,99999.0
RE1,DEMTERELCAIR_CEN_HIG,2042,99999.0
RE1,DEMTERELCAIR_CEN_HIG,2043,99999.0
RE1,DEMTERELCAIR_CEN_HIG,2044,99999.0
RE1,DEMTERELCAIR_CEN_HIG,2045,99999.0
RE1,DEMTERELCAIR_CEN_HIG,2046,99999.0
RE1,DEMTERELCAIR_CEN_HIG,2047,99999.0
RE1,DEMTERELCAIR_CEN_HIG,2048,99999.0
RE1,DEMTERELCAIR_CEN_HIG,2049,99999.0
RE1,DEMTERELCAIR_CEN_HIG,2050,99999.0
RE1,DEMTERELCAIR_CEN_HIG,2051,99999.0
RE1,DEMTERELCAIR_CEN_HIG,2052,99999.0
RE1,DEMTERELCAIR_CEN_HIG,2053,99999.0
RE1,DEMTERELCAIR_CEN_HIG,2054,99999.0
RE1,DEMTERELCAIR_CEN_HIG,2055,99999.0
RE1,DEMTERELCAIR_CEN_LOW,2022,99999.0
RE1,DEMTERELCAIR_CEN_LOW,2023,99999.0
RE1,DEMTERELCAIR_CEN_LOW,2024,99999.0
RE1,DEMTERELCAIR_CEN_LOW,2025,99999.0
RE1,DEMTERELCAIR_CEN_LOW,2026,99999.0
RE1,DEMTERELCAIR_CEN_LOW,2027,99999.0
RE1,DEMTERELCAIR_CEN_LOW,2028,99999.0
RE1,DEMTERELCAIR_CEN_LOW,2029,99999.0
RE1,DEMTERELCAIR_CEN_LOW,2030,99999.0
RE1,DEMTERELCAIR_CEN_LOW,2031,99999.0
RE1,DEMTERELCAIR_CEN_LOW,2032,99999.0
RE1,DEMTERELCAIR_CEN_LOW,2033,99999.0
RE1,DEMTERELCAIR_CEN_LOW,2034,99999.0
RE1,DEMTERELCAIR_CEN_LOW,2035,99999.0
RE1,DEMTERELCAIR_CEN_LOW,2036,99999.0
RE1,DEMTERELCAIR_CEN_LOW,2037,99999.0
RE1,DEMTERELCAIR_CEN_LOW,2038,99999.0
RE1,DEMTERELCAIR_CEN_LOW,2039,99999.0
RE1,DEMTERELCAIR_CEN_LOW,2040,99999.0
RE1,DEMTERELCAIR_CEN_LOW,2041,99999.0
RE1,DEMTERELCAIR_CEN_LOW,2042,99999.0
RE1,DEMTERELCAIR_CEN_LOW,2043,99999.0
RE1,DEMTERELCAIR_CEN_LOW,2044,99999.0
RE1,DEMTERELCAIR_CEN_LOW,2045,99999.0
RE1,DEMTERELCAIR_CEN_LOW,2046,99999.0
RE1,DEMTERELCAIR_CEN_LOW,2047,99999.0
RE1,DEMTERELCAIR_CEN_LOW,2048,99999.0
RE1,DEMTERELCAIR_CEN_LOW,2049,99999.0
RE1,DEMTERELCAIR_CEN_LOW,2050,99999.0
RE1,DEMTERELCAIR_CEN_LOW,2051,99999.0
RE1,DEMTERELCAIR_CEN_LOW,2052,99999.0
RE1,DEMTERELCAIR_CEN_LOW,2053,99999.0
RE1,DEMTERELCAIR_CEN_LOW,2054,99999.0
RE1,DEMTERELCAIR_CEN_LOW,2055,99999.0
RE1,DEMTERELCAIR_CEN_MID,2022,99999.0
RE1,DEMTERELCAIR_CEN_MID,2023,99999.0
RE1,DEMTERELCAIR_CEN_MID,2024,99999.0
RE1,DEMTERELCAIR_CEN_MID,2025,99999.0
RE1,DEMTERELCAIR_CEN_MID,2026,99999.0
RE1,DEMTERELCAIR_CEN_MID,2027,99999.0
RE1,DEMTERELCAIR_CEN_MID,2028,99999.0
RE1,DEMTERELCAIR_CEN_MID,2029,99999.0
RE1,DEMTERELCAIR_CEN_MID,2030,99999.0
RE1,DEMTERELCAIR_CEN_MID,2031,99999.0
RE1,DEMTERELCAIR_CEN_MID,2032,99999.0
RE1,DEMTERELCAIR_CEN_MID,2033,99999.0
RE1,DEMTERELCAIR_CEN_MID,2034,99999.0
RE1,DEMTERELCAIR_CEN_MID,2035,99999.0
RE1,DEMTERELCAIR_CEN_MID,2036,99999.0
RE1,DEMTERELCAIR_CEN_MID,2037,99999.0
RE1,DEMTERELCAIR_CEN_MID,2038,99999.0
RE1,DEMTERELCAIR_CEN_MID,2039,99999.0
RE1,DEMTERELCAIR_CEN_MID,2040,99999.0
RE1,DEMTERELCAIR_CEN_MID,2041,99999.0
RE1,DEMTERELCAIR_CEN_MID,2042,99999.0
RE1,DEMTERELCAIR_CEN_MID,2043,99999.0
RE1,DEMTERELCAIR_CEN_MID,2044,99999.0
RE1,DEMTERELCAIR_CEN_MID,2045,99999.0
RE1,DEMTERELCAIR_CEN_MID,2046,99999.0
RE1,DEMTERELCAIR_CEN_MID,2047,99999.0
RE1,DEMTERELCAIR_CEN_MID,2048,99999.0
RE1,DEMTERELCAIR_CEN_MID,2049,99999.0
RE1,DEMTERELCAIR_CEN_MID,2050,99999.0
RE1,DEMTERELCAIR_CEN_MID,2051,99999.0
RE1,DEMTERELCAIR_CEN_MID,2052,99999.0
RE1,DEMTERELCAIR_CEN_MID,2053,99999.0
RE1,DEMTERELCAIR_CEN_MID,2054,99999.0
RE1,DEMTERELCAIR_CEN_MID,2055,99999.0
RE1,DEMTERELCAIR_SPL_HIG,2022,99999.0
RE1,DEMTERELCAIR_SPL_HIG,2023,99999.0
RE1,DEMTERELCAIR_SPL_HIG,2024,99999.0
RE1,DEMTERELCAIR_SPL_HIG,2025,99999.0
RE1,DEMTERELCAIR_SPL_HIG,2026,99999.0
RE1,DEMTERELCAIR_SPL_HIG,2027,99999.0
RE1,DEMTERELCAIR_SPL_HIG,2028,99999.0
RE1,DEMTERELCAIR_SPL_HIG,2029,99999.0
RE1,DEMTERELCAIR_SPL_HIG,2030,99999.0
RE1,DEMTERELCAIR_SPL_HIG,2031,99999.0
RE1,DEMTERELCAIR_SPL_HIG,2032,99999.0
RE1,DEMTERELCAIR_SPL_HIG,2033,99999.0
RE1,DEMTERELCAIR_SPL_HIG,2034,99999.0
RE1,DEMTERELCAIR_SPL_HIG,2035,99999.0
RE1,DEMTERELCAIR_SPL_HIG,2036,99999.0
RE1,DEMTERELCAIR_SPL_HIG,2037,99999.0
RE1,DEMTERELCAIR_SPL_HIG,2038,99999.0
RE1,DEMTERELCAIR_SPL_HIG,2039,99999.0
RE1,DEMTERELCAIR_SPL_HIG,2040,99999.0
RE1,DEMTERELCAIR_SPL_HIG,2041,99999.0
RE1,DEMTERELCAIR_SPL_HIG,2042,99999.0
RE1,DEMTERELCAIR_SPL_HIG,2043,99999.0
RE1,DEMTERELCAIR_SPL_HIG,2044,99999.0
RE1,DEMTERELCAIR_SPL_HIG,2045,99999.0
RE1,DEMTERELCAIR_SPL_HIG,2046,99999.0
RE1,DEMTERELCAIR_SPL_HIG,2047,99999.0
RE1,DEMTERELCAIR_SPL_HIG,2048,99999.0
RE1,DEMTERELCAIR_SPL_HIG,2049,99999.0
RE1,DEMTERELCAIR_SPL_HIG,2050,99999.0
RE1,DEMTERELCAIR_SPL_HIG,2051,99999.0
RE1,DEMTERELCAIR_SPL_HIG,2052,99999.0
RE1,DEMTERELCAIR_SPL_HIG,2053,99999.0
RE1,DEMTERELCAIR_SPL_HIG,2054,99999.0
RE1,DEMTERELCAIR_SPL_HIG,2055,99999.0
RE1,DEMTERELCAIR_SPL_LOW,2022,99999.0
RE1,DEMTERELCAIR_SPL_LOW,2023,99999.0
RE1,DEMTERELCAIR_SPL_LOW,2024,99999.0
RE1,DEMTERELCAIR_SPL_LOW,2025,99999.0
RE1,DEMTERELCAIR_SPL_LOW,2026,99999.0
RE1,DEMTERELCAIR_SPL_LOW,2027,99999.0
RE1,DEMTERELCAIR_SPL_LOW,2028,99999.0
RE1,DEMTERELCAIR_SPL_LOW,2029,99999.0
RE1,DEMTERELCAIR_SPL_LOW,2030,99999.0
RE1,DEMTERELCAIR_SPL_LOW,2031,99999.0
RE1,DEMTERELCAIR_SPL_LOW,2032,99999.0
RE1,DEMTERELCAIR_SPL_LOW,2033,99999.0
RE1,DEMTERELCAIR_SPL_LOW,2034,99999.0
RE1,DEMTERELCAIR_SPL_LOW,2035,99999.0
RE1,DEMTERELCAIR_SPL_LOW,2036,99999.0
RE1,DEMTERELCAIR_SPL_LOW,2037,99999.0
RE1,DEMTERELCAIR_SPL_LOW,2038,99999.0
RE1,DEMTERELCAIR_SPL_LOW,2039,99999.0
RE1,DEMTERELCAIR_SPL_LOW,2040,99999.0
RE1,DEMTERELCAIR_SPL_LOW,2041,99999.0
RE1,DEMTERELCAIR_SPL_LOW,2042,99999.0
RE1,DEMTERELCAIR_SPL_LOW,2043,99999.0
RE1,DEMTERELCAIR_SPL_LOW,2044,99999.0
RE1,DEMTERELCAIR_SPL_LOW,2045,99999.0
RE1,DEMTERELCAIR_SPL_LOW,2046,99999.0
RE1,DEMTERELCAIR_SPL_LOW,2047,99999.0
RE1,DEMTERELCAIR_SPL_LOW,2048,99999.0
RE1,DEMTERELCAIR_SPL_LOW,2049,99999.0
RE1,DEMTERELCAIR_SPL_LOW,2050,99999.0
RE1,DEMTERELCAIR_SPL_LOW,2051,99999.0
RE1,DEMTERELCAIR_SPL_LOW,2052,99999.0
RE1,DEMTERELCAIR_SPL_LOW,2053,99999.0
RE1,DEMTERELCAIR_SPL_LOW,2054,99999.0
RE1,DEMTERELCAIR_SPL_LOW,2055,99999.0
RE1,DEMTERELCAIR_SPL_MID,2022,99999.0
RE1,DEMTERELCAIR_SPL_MID,2023,99999.0
RE1,DEMTERELCAIR_SPL_MID,2024,99999.0
RE1,DEMTERELCAIR_SPL_MID,2025,99999.0
RE1,DEMTERELCAIR_SPL_MID,2026,99999.0
RE1,DEMTERELCAIR_SPL_MID,2027,99999.0
RE1,DEMTERELCAIR_SPL_MID,2028,99999.0
RE1,DEMTERELCAIR_SPL_MID,2029,99999.0
RE1,DEMTERELCAIR_SPL_MID,2030,99999.0
RE1,DEMTERELCAIR_SPL_MID,2031,99999.0
RE1,DEMTERELCAIR_SPL_MID,2032,99999.0
RE1,DEMTERELCAIR_SPL_MID,2033,99999.0
RE1,DEMTERELCAIR_SPL_MID,2034,99999.0
RE1,DEMTERELCAIR_SPL_MID,2035,99999.0
RE1,DEMTERELCAIR_SPL_MID,2036,99999.0
RE1,DEMTERELCAIR_SPL_MID,2037,99999.0
RE1,DEMTERELCAIR_SPL_MID,2038,99999.0
RE1,DEMTERELCAIR_SPL_MID,2039,99999.0
RE1,DEMTERELCAIR_SPL_MID,2040,99999.0
RE1,DEMTERELCAIR_SPL_MID,2041,99999.0
RE1,DEMTERELCAIR_SPL_MID,2042,99999.0
RE1,DEMTERELCAIR_SPL_MID,2043,99999.0
RE1,DEMTERELCAIR_SPL_MID,2044,99999.0
RE1,DEMTERELCAIR_SPL_MID,2045,99999.0
RE1,DEMTERELCAIR_SPL_MID,2046,99999.0
RE1,DEMTERELCAIR_SPL_MID,2047,99999.0
RE1,DEMTERELCAIR_SPL_MID,2048,99999.0
RE1,DEMTERELCAIR_SPL_MID,2049,99999.0
RE1,DEMTERELCAIR_SPL_MID,2050,99999.0
RE1,DEMTERELCAIR_SPL_MID,2051,99999.0
RE1,DEMTERELCAIR_SPL_MID,2052,99999.0
RE1,DEMTERELCAIR_SPL_MID,2053,99999.0
RE1,DEMTERELCAIR_SPL_MID,2054,99999.0
RE1,DEMTERELCAIR_SPL_MID,2055,99999.0
RE1,DEMTERELCCKN_HIG,2022,99999.0
RE1,DEMTERELCCKN_HIG,2023,99999.0
RE1,DEMTERELCCKN_HIG,2024,99999.0
RE1,DEMTERELCCKN_HIG,2025,99999.0
RE1,DEMTERELCCKN_HIG,2026,99999.0
RE1,DEMTERELCCKN_HIG,2027,99999.0
RE1,DEMTERELCCKN_HIG,2028,99999.0
RE1,DEMTERELCCKN_HIG,2029,99999.0
RE1,DEMTERELCCKN_HIG,2030,99999.0
RE1,DEMTERELCCKN_HIG,2031,99999.0
RE1,DEMTERELCCKN_HIG,2032,99999.0
RE1,DEMTERELCCKN_HIG,2033,99999.0
RE1,DEMTERELCCKN_HIG,2034,99999.0
RE1,DEMTERELCCKN_HIG,2035,99999.0
RE1,DEMTERELCCKN_HIG,2036,99999.0
RE1,DEMTERELCCKN_HIG,2037,99999.0
RE1,DEMTERELCCKN_HIG,2038,99999.0
RE1,DEMTERELCCKN_HIG,2039,99999.0
RE1,DEMTERELCCKN_HIG,2040,99999.0
RE1,DEMTERELCCKN_HIG,2041,99999.0
RE1,DEMTERELCCKN_HIG,2042,99999.0
RE1,DEMTERELCCKN_HIG,2043,99999.0
RE1,DEMTERELCCKN_HIG,2044,99999.0
RE1,DEMTERELCCKN_HIG,2045,99999.0
RE1,DEMTERELCCKN_HIG,2046,99999.0
RE1,DEMTERELCCKN_HIG,2047,99999.0
RE1,DEMTERELCCKN_HIG,2048,99999.0
RE1,DEMTERELCCKN_HIG,2049,99999.0
RE1,DEMTERELCCKN_HIG,2050,99999.0
RE1,DEMTERELCCKN_HIG,2051,99999.0
RE1,DEMTERELCCKN_HIG,2052,99999.0
RE1,DEMTERELCCKN_HIG,2053,99999.0
RE1,DEMTERELCCKN_HIG,2054,99999.0
RE1,DEMTERELCCKN_HIG,2055,99999.0
RE1,DEMTERELCCKN_LOW,2022,99999.0
RE1,DEMTERELCCKN_LOW,2023,99999.0
RE1,DEMTERELCCKN_LOW,2024,99999.0
RE1,DEMTERELCCKN_LOW,2025,99999.0
RE1,DEMTERELCCKN_LOW,2026,99999.0
RE1,DEMTERELCCKN_LOW,2027,99999.0
RE1,DEMTERELCCKN_LOW,2028,99999.0
RE1,DEMTERELCCKN_LOW,2029,99999.0
RE1,DEMTERELCCKN_LOW,2030,99999.0
RE1,DEMTERELCCKN_LOW,2031,99999.0
RE1,DEMTERELCCKN_LOW,2032,99999.0
RE1,DEMTERELCCKN_LOW,2033,99999.0
RE1,DEMTERELCCKN_LOW,2034,99999.0
RE1,DEMTERELCCKN_LOW,2035,99999.0
RE1,DEMTERELCCKN_LOW,2036,99999.0
RE1,DEMTERELCCKN_LOW,2037,99999.0
RE1,DEMTERELCCKN_LOW,2038,99999.0
RE1,DEMTERELCCKN_LOW,2039,99999.0
RE1,DEMTERELCCKN_LOW,2040,99999.0
RE1,DEMTERELCCKN_LOW,2041,99999.0
RE1,DEMTERELCCKN_LOW,2042,99999.0
RE1,DEMTERELCCKN_LOW,2043,99999.0
RE1,DEMTERELCCKN_LOW,2044,99999.0
RE1,DEMTERELCCKN_LOW,2045,99999.0
RE1,DEMTERELCCKN_LOW,2046,99999.0
RE1,DEMTERELCCKN_LOW,2047,99999.0
RE1,DEMTERELCCKN_LOW,2048,99999.0
RE1,DEMTERELCCKN_LOW,2049,99999.0
RE1,DEMTERELCCKN_LOW,2050,99999.0
RE1,DEMTERELCCKN_LOW,2051,99999.0
RE1,DEMTERELCCKN_LOW,2052,99999.0
RE1,DEMTERELCCKN_LOW,2053,99999.0
RE1,DEMTERELCCKN_LOW,2054,99999.0
RE1,DEMTERELCCKN_LOW,2055,99999.0
RE1,DEMTERELCCKN_MID,2022,99999.0
RE1,DEMTERELCCKN_MID,2023,99999.0
RE1,DEMTERELCCKN_MID,2024,99999.0
RE1,DEMTERELCCKN_MID,2025,99999.0
RE1,DEMTERELCCKN_MID,2026,99999.0
RE1,DEMTERELCCKN_MID,2027,99999.0
RE1,DEMTERELCCKN_MID,2028,99999.0
RE1,DEMTERELCCKN_MID,2029,99999.0
RE1,DEMTERELCCKN_MID,2030,99999.0
RE1,DEMTERELCCKN_MID,2031,99999.0
RE1,DEMTERELCCKN_MID,2032,99999.0
RE1,DEMTERELCCKN_MID,2033,99999.0
RE1,DEMTERELCCKN_MID,2034,99999.0
RE1,DEMTERELCCKN_MID,2035,99999.0
RE1,DEMTERELCCKN_MID,2036,99999.0
RE1,DEMTERELCCKN_MID,2037,99999.0
RE1,DEMTERELCCKN_MID,2038,99999.0
RE1,DEMTERELCCKN_MID,2039,99999.0
RE1,DEMTERELCCKN_MID,2040,99999.0
RE1,DEMTERELCCKN_MID,2041,99999.0
RE1,DEMTERELCCKN_MID,2042,99999.0
RE1,DEMTERELCCKN_MID,2043,99999.0
RE1,DEMTERELCCKN_MID,2044,99999.0
RE1,DEMTERELCCKN_MID,2045,99999.0
RE1,DEMTERELCCKN_MID,2046,99999.0
RE1,DEMTERELCCKN_MID,2047,99999.0
RE1,DEMTERELCCKN_MID,2048,99999.0
RE1,DEMTERELCCKN_MID,2049,99999.0
RE1,DEMTERELCCKN_MID,2050,99999.0
RE1,DEMTERELCCKN_MID,2051,99999.0
RE1,DEMTERELCCKN_MID,2052,99999.0
RE1,DEMTERELCCKN_MID,2053,99999.0
RE1,DEMTERELCCKN_MID,2054,99999.0
RE1,DEMTERELCCKN_MID,2055,99999.0
RE1,DEMTERELCDATA,2022,99999.0
RE1,DEMTERELCDATA,2023,99999.0
RE1,DEMTERELCDATA,2024,99999.0
RE1,DEMTERELCDATA,2025,99999.0
RE1,DEMTERELCDATA,2026,99999.0
RE1,DEMTERELCDATA,2027,99999.0
RE1,DEMTERELCDATA,2028,99999.0
RE1,DEMTERELCDATA,2029,99999.0
RE1,DEMTERELCDATA,2030,99999.0
RE1,DEMTERELCDATA,2031,99999.0
RE1,DEMTERELCDATA,2032,99999.0
RE1,DEMTERELCDATA,2033,99999.0
RE1,DEMTERELCDATA,2034,99999.0
RE1,DEMTERELCDATA,2035,99999.0
RE1,DEMTERELCDATA,2036,99999.0
RE1,DEMTERELCDATA,2037,99999.0
RE1,DEMTERELCDATA,2038,99999.0
RE1,DEMTERELCDATA,2039,99999.0
RE1,DEMTERELCDATA,2040,99999.0
RE1,DEMTERELCDATA,2041,99999.0
RE1,DEMTERELCDATA,2042,99999.0
RE1,DEMTERELCDATA,2043,99999.0
RE1,DEMTERELCDATA,2044,99999.0
RE1,DEMTERELCDATA,2045,99999.0
RE1,DEMTERELCDATA,2046,99999.0
RE1,DEMTERELCDATA,2047,99999.0
RE1,DEMTERELCDATA,2048,99999.0
RE1,DEMTERELCDATA,2049,99999.0
RE1,DEMTERELCDATA,2050,99999.0
RE1,DEMTERELCDATA,2051,99999.0
RE1,DEMTERELCDATA,2052,99999.0
RE1,DEMTERELCDATA,2053,99999.0
RE1,DEMTERELCDATA,2054,99999.0
RE1,DEMTERELCDATA,2055,99999.0
RE1,DEMTERELCFAN_HIG,2022,99999.0
RE1,DEMTERELCFAN_HIG,2023,99999.0
RE1,DEMTERELCFAN_HIG,2024,99999.0
RE1,DEMTERELCFAN_HIG,2025,99999.0
RE1,DEMTERELCFAN_HIG,2026,99999.0
RE1,DEMTERELCFAN_HIG,2027,99999.0
RE1,DEMTERELCFAN_HIG,2028,99999.0
RE1,DEMTERELCFAN_HIG,2029,99999.0
RE1,DEMTERELCFAN_HIG,2030,99999.0
RE1,DEMTERELCFAN_HIG,2031,99999.0
RE1,DEMTERELCFAN_HIG,2032,99999.0
RE1,DEMTERELCFAN_HIG,2033,99999.0
RE1,DEMTERELCFAN_HIG,2034,99999.0
RE1,DEMTERELCFAN_HIG,2035,99999.0
RE1,DEMTERELCFAN_HIG,2036,99999.0
RE1,DEMTERELCFAN_HIG,2037,99999.0
RE1,DEMTERELCFAN_HIG,2038,99999.0
RE1,DEMTERELCFAN_HIG,2039,99999.0
RE1,DEMTERELCFAN_HIG,2040,99999.0
RE1,DEMTERELCFAN_HIG,2041,99999.0
RE1,DEMTERELCFAN_HIG,2042,99999.0
RE1,DEMTERELCFAN_HIG,2043,99999.0
RE1,DEMTERELCFAN_HIG,2044,99999.0
RE1,DEMTERELCFAN_HIG,2045,99999.0
RE1,DEMTERELCFAN_HIG,2046,99999.0
RE1,DEMTERELCFAN_HIG,2047,99999.0
RE1,DEMTERELCFAN_HIG,2048,99999.0
RE1,DEMTERELCFAN_HIG,2049,99999.0
RE1,DEMTERELCFAN_HIG,2050,99999.0
RE1,DEMTERELCFAN_HIG,2051,99999.0
RE1,DEMTERELCFAN_HIG,2052,99999.0
RE1,DEMTERELCFAN_HIG,2053,99999.0
RE1,DEMTERELCFAN_HIG,2054,99999.0
RE1,DEMTERELCFAN_HIG,2055,99999.0
RE1,DEMTERELCFAN_LOW,2022,99999.0
RE1,DEMTERELCFAN_LOW,2023,99999.0
RE1,DEMTERELCFAN_LOW,2024,99999.0
RE1,DEMTERELCFAN_LOW,2025,99999.0
RE1,DEMTERELCFAN_LOW,2026,99999.0
RE1,DEMTERELCFAN_LOW,2027,99999.0
RE1,DEMTERELCFAN_LOW,2028,99999.0
RE1,DEMTERELCFAN_LOW,2029,99999.0
RE1,DEMTERELCFAN_LOW,2030,99999.0
RE1,DEMTERELCFAN_LOW,2031,99999.0
RE1,DEMTERELCFAN_LOW,2032,99999.0
RE1,DEMTERELCFAN_LOW,2033,99999.0
RE1,DEMTERELCFAN_LOW,2034,99999.0
RE1,DEMTERELCFAN_LOW,2035,99999.0
RE1,DEMTERELCFAN_LOW,2036,99999.0
RE1,DEMTERELCFAN_LOW,2037,99999.0
RE1,DEMTERELCFAN_LOW,2038,99999.0
RE1,DEMTERELCFAN_LOW,2039,99999.0
RE1,DEMTERELCFAN_LOW,2040,99999.0
RE1,DEMTERELCFAN_LOW,2041,99999.0
RE1,DEMTERELCFAN_LOW,2042,99999.0
RE1,DEMTERELCFAN_LOW,2043,99999.0
RE1,DEMTERELCFAN_LOW,2044,99999.0
RE1,DEMTERELCFAN_LOW,2045,99999.0
RE1,DEMTERELCFAN_LOW,2046,99999.0
RE1,DEMTERELCFAN_LOW,2047,99999.0
RE1,DEMTERELCFAN_LOW,2048,99999.0
RE1,DEMTERELCFAN_LOW,2049,99999.0
RE1,DEMTERELCFAN_LOW,2050,99999.0
RE1,DEMTERELCFAN_LOW,2051,99999.0
RE1,DEMTERELCFAN_LOW,2052,99999.0
RE1,DEMTERELCFAN_LOW,2053,99999.0
RE1,DEMTERELCFAN_LOW,2054,99999.0
RE1,DEMTERELCFAN_LOW,2055,99999.0
RE1,DEMTERELCFAN_MID,2022,99999.0
RE1,DEMTERELCFAN_MID,2023,99999.0
RE1,DEMTERELCFAN_MID,2024,99999.0
RE1,DEMTERELCFAN_MID,2025,99999.0
RE1,DEMTERELCFAN_MID,2026,99999.0
RE1,DEMTERELCFAN_MID,2027,99999.0
RE1,DEMTERELCFAN_MID,2028,99999.0
RE1,DEMTERELCFAN_MID,2029,99999.0
RE1,DEMTERELCFAN_MID,2030,99999.0
RE1,DEMTERELCFAN_MID,2031,99999.0
RE1,DEMTERELCFAN_MID,2032,99999.0
RE1,DEMTERELCFAN_MID,2033,99999.0
RE1,DEMTERELCFAN_MID,2034,99999.0
RE1,DEMTERELCFAN_MID,2035,99999.0
RE1,DEMTERELCFAN_MID,2036,99999.0
RE1,DEMTERELCFAN_MID,2037,99999.0
RE1,DEMTERELCFAN_MID,2038,99999.0
RE1,DEMTERELCFAN_MID,2039,99999.0
RE1,DEMTERELCFAN_MID,2040,99999.0
RE1,DEMTERELCFAN_MID,2041,99999.0
RE1,DEMTERELCFAN_MID,2042,99999.0
RE1,DEMTERELCFAN_MID,2043,99999.0
RE1,DEMTERELCFAN_MID,2044,99999.0
RE1,DEMTERELCFAN_MID,2045,99999.0
RE1,DEMTERELCFAN_MID,2046,99999.0
RE1,DEMTERELCFAN_MID,2047,99999.0
RE1,DEMTERELCFAN_MID,2048,99999.0
RE1,DEMTERELCFAN_MID,2049,99999.0
RE1,DEMTERELCFAN_MID,2050,99999.0
RE1,DEMTERELCFAN_MID,2051,99999.0
RE1,DEMTERELCFAN_MID,2052,99999.0
RE1,DEMTERELCFAN_MID,2053,99999.0
RE1,DEMTERELCFAN_MID,2054,99999.0
RE1,DEMTERELCFAN_MID,2055,99999.0
RE1,DEMTERELCILU_CIA,2022,99999.0
RE1,DEMTERELCILU_CIA,2023,99999.0
RE1,DEMTERELCILU_CIA,2024,99999.0
RE1,DEMTERELCILU_CIA,2025,99999.0
RE1,DEMTERELCILU_CIA,2026,99999.0
RE1,DEMTERELCILU_CIA,2027,99999.0
RE1,DEMTERELCILU_CIA,2028,99999.0
RE1,DEMTERELCILU_CIA,2029,99999.0
RE1,DEMTERELCILU_CIA,2030,99999.0
RE1,DEMTERELCILU_CIA,2031,99999.0
RE1,DEMTERELCILU_CIA,2032,99999.0
RE1,DEMTERELCILU_CIA,2033,99999.0
RE1,DEMTERELCILU_CIA,2034,99999.0
RE1,DEMTERELCILU_CIA,2035,99999.0
RE1,DEMTERELCILU_CIA,2036,99999.0
RE1,DEMTERELCILU_CIA,2037,99999.0
RE1,DEMTERELCILU_CIA,2038,99999.0
RE1,DEMTERELCILU_CIA,2039,99999.0
RE1,DEMTERELCILU_CIA,2040,99999.0
RE1,DEMTERELCILU_CIA,2041,99999.0
RE1,DEMTERELCILU_CIA,2042,99999.0
RE1,DEMTERELCILU_CIA,2043,99999.0
RE1,DEMTERELCILU_CIA,2044,99999.0
RE1,DEMTERELCILU_CIA,2045,99999.0
RE1,DEMTERELCILU_CIA,2046,99999.0
RE1,DEMTERELCILU_CIA,2047,99999.0
RE1,DEMTERELCILU_CIA,2048,99999.0
RE1,DEMTERELCILU_CIA,2049,99999.0
RE1,DEMTERELCILU_CIA,2050,99999.0
RE1,DEMTERELCILU_CIA,2051,99999.0
RE1,DEMTERELCILU_CIA,2052,99999.0
RE1,DEMTERELCILU_CIA,2053,99999.0
RE1,DEMTERELCILU_CIA,2054,99999.0
RE1,DEMTERELCILU_CIA,2055,99999.0
RE1,DEMTERELCILU_HAL,2022,99999.0
RE1,DEMTERELCILU_HAL,2023,99999.0
RE1,DEMTERELCILU_HAL,2024,99999.0
RE1,DEMTERELCILU_HAL,2025,99999.0
RE1,DEMTERELCILU_HAL,2026,99999.0
RE1,DEMTERELCILU_HAL,2027,99999.0
RE1,DEMTERELCILU_HAL,2028,99999.0
RE1,DEMTERELCILU_HAL,2029,99999.0
RE1,DEMTERELCILU_HAL,2030,99999.0
RE1,DEMTERELCILU_HAL,2031,99999.0
RE1,DEMTERELCILU_HAL,2032,99999.0
RE1,DEMTERELCILU_HAL,2033,99999.0
RE1,DEMTERELCILU_HAL,2034,99999.0
RE1,DEMTERELCILU_HAL,2035,99999.0
RE1,DEMTERELCILU_HAL,2036,99999.0
RE1,DEMTERELCILU_HAL,2037,99999.0
RE1,DEMTERELCILU_HAL,2038,99999.0
RE1,DEMTERELCILU_HAL,2039,99999.0
RE1,DEMTERELCILU_HAL,2040,99999.0
RE1,DEMTERELCILU_HAL,2041,99999.0
RE1,DEMTERELCILU_HAL,2042,99999.0
RE1,DEMTERELCILU_HAL,2043,99999.0
RE1,DEMTERELCILU_HAL,2044,99999.0
RE1,DEMTERELCILU_HAL,2045,99999.0
RE1,DEMTERELCILU_HAL,2046,99999.0
RE1,DEMTERELCILU_HAL,2047,99999.0
RE1,DEMTERELCILU_HAL,2048,99999.0
RE1,DEMTERELCILU_HAL,2049,99999.0
RE1,DEMTERELCILU_HAL,2050,99999.0
RE1,DEMTERELCILU_HAL,2051,99999.0
RE1,DEMTERELCILU_HAL,2052,99999.0
RE1,DEMTERELCILU_HAL,2053,99999.0
RE1,DEMTERELCILU_HAL,2054,99999.0
RE1,DEMTERELCILU_HAL,2055,99999.0
RE1,DEMTERELCILU_HIG,2022,99999.0
RE1,DEMTERELCILU_HIG,2023,99999.0
RE1,DEMTERELCILU_HIG,2024,99999.0
RE1,DEMTERELCILU_HIG,2025,99999.0
RE1,DEMTERELCILU_HIG,2026,99999.0
RE1,DEMTERELCILU_HIG,2027,99999.0
RE1,DEMTERELCILU_HIG,2028,99999.0
RE1,DEMTERELCILU_HIG,2029,99999.0
RE1,DEMTERELCILU_HIG,2030,99999.0
RE1,DEMTERELCILU_HIG,2031,99999.0
RE1,DEMTERELCILU_HIG,2032,99999.0
RE1,DEMTERELCILU_HIG,2033,99999.0
RE1,DEMTERELCILU_HIG,2034,99999.0
RE1,DEMTERELCILU_HIG,2035,99999.0
RE1,DEMTERELCILU_HIG,2036,99999.0
RE1,DEMTERELCILU_HIG,2037,99999.0
RE1,DEMTERELCILU_HIG,2038,99999.0
RE1,DEMTERELCILU_HIG,2039,99999.0
RE1,DEMTERELCILU_HIG,2040,99999.0
RE1,DEMTERELCILU_HIG,2041,99999.0
RE1,DEMTERELCILU_HIG,2042,99999.0
RE1,DEMTERELCILU_HIG,2043,99999.0
RE1,DEMTERELCILU_HIG,2044,99999.0
RE1,DEMTERELCILU_HIG,2045,99999.0
RE1,DEMTERELCILU_HIG,2046,99999.0
RE1,DEMTERELCILU_HIG,2047,99999.0
RE1,DEMTERELCILU_HIG,2048,99999.0
RE1,DEMTERELCILU_HIG,2049,99999.0
RE1,DEMTERELCILU_HIG,2050,99999.0
RE1,DEMTERELCILU_HIG,2051,99999.0
RE1,DEMTERELCILU_HIG,2052,99999.0
RE1,DEMTERELCILU_HIG,2053,99999.0
RE1,DEMTERELCILU_HIG,2054,99999.0
RE1,DEMTERELCILU_HIG,2055,99999.0
RE1,DEMTERELCILU_LFC,2022,99999.0
RE1,DEMTERELCILU_LFC,2023,99999.0
RE1,DEMTERELCILU_LFC,2024,99999.0
RE1,DEMTERELCILU_LFC,2025,99999.0
RE1,DEMTERELCILU_LFC,2026,99999.0
RE1,DEMTERELCILU_LFC,2027,99999.0
RE1,DEMTERELCILU_LFC,2028,99999.0
RE1,DEMTERELCILU_LFC,2029,99999.0
RE1,DEMTERELCILU_LFC,2030,99999.0
RE1,DEMTERELCILU_LFC,2031,99999.0
RE1,DEMTERELCILU_LFC,2032,99999.0
RE1,DEMTERELCILU_LFC,2033,99999.0
RE1,DEMTERELCILU_LFC,2034,99999.0
RE1,DEMTERELCILU_LFC,2035,99999.0
RE1,DEMTERELCILU_LFC,2036,99999.0
RE1,DEMTERELCILU_LFC,2037,99999.0
RE1,DEMTERELCILU_LFC,2038,99999.0
RE1,DEMTERELCILU_LFC,2039,99999.0
RE1,DEMTERELCILU_LFC,2040,99999.0
RE1,DEMTERELCILU_LFC,2041,99999.0
RE1,DEMTERELCILU_LFC,2042,99999.0
RE1,DEMTERELCILU_LFC,2043,99999.0
RE1,DEMTERELCILU_LFC,2044,99999.0
RE1,DEMTERELCILU_LFC,2045,99999.0
RE1,DEMTERELCILU_LFC,2046,99999.0
RE1,DEMTERELCILU_LFC,2047,99999.0
RE1,DEMTERELCILU_LFC,2048,99999.0
RE1,DEMTERELCILU_LFC,2049,99999.0
RE1,DEMTERELCILU_LFC,2050,99999.0
RE1,DEMTERELCILU_LFC,2051,99999.0
RE1,DEMTERELCILU_LFC,2052,99999.0
RE1,DEMTERELCILU_LFC,2053,99999.0
RE1,DEMTERELCILU_LFC,2054,99999.0
RE1,DEMTERELCILU_LFC,2055,99999.0
RE1,DEMTERELCILU_LOW,2022,99999.0
RE1,DEMTERELCILU_LOW,2023,99999.0
RE1,DEMTERELCILU_LOW,2024,99999.0
RE1,DEMTERELCILU_LOW,2025,99999.0
RE1,DEMTERELCILU_LOW,2026,99999.0
RE1,DEMTERELCILU_LOW,2027,99999.0
RE1,DEMTERELCILU_LOW,2028,99999.0
RE1,DEMTERELCILU_LOW,2029,99999.0
RE1,DEMTERELCILU_LOW,2030,99999.0
RE1,DEMTERELCILU_LOW,2031,99999.0
RE1,DEMTERELCILU_LOW,2032,99999.0
RE1,DEMTERELCILU_LOW,2033,99999.0
RE1,DEMTERELCILU_LOW,2034,99999.0
RE1,DEMTERELCILU_LOW,2035,99999.0
RE1,DEMTERELCILU_LOW,2036,99999.0
RE1,DEMTERELCILU_LOW,2037,99999.0
RE1,DEMTERELCILU_LOW,2038,99999.0
RE1,DEMTERELCILU_LOW,2039,99999.0
RE1,DEMTERELCILU_LOW,2040,99999.0
RE1,DEMTERELCILU_LOW,2041,99999.0
RE1,DEMTERELCILU_LOW,2042,99999.0
RE1,DEMTERELCILU_LOW,2043,99999.0
RE1,DEMTERELCILU_LOW,2044,99999.0
RE1,DEMTERELCILU_LOW,2045,99999.0
RE1,DEMTERELCILU_LOW,2046,99999.0
RE1,DEMTERELCILU_LOW,2047,99999.0
RE1,DEMTERELCILU_LOW,2048,99999.0
RE1,DEMTERELCILU_LOW,2049,99999.0
RE1,DEMTERELCILU_LOW,2050,99999.0
RE1,DEMTERELCILU_LOW,2051,99999.0
RE1,DEMTERELCILU_LOW,2052,99999.0
RE1,DEMTERELCILU_LOW,2053,99999.0
RE1,DEMTERELCILU_LOW,2054,99999.0
RE1,DEMTERELCILU_LOW,2055,99999.0
RE1,DEMTERELCILU_MID,2022,99999.0
RE1,DEMTERELCILU_MID,2023,99999.0
RE1,DEMTERELCILU_MID,2024,99999.0
RE1,DEMTERELCILU_MID,2025,99999.0
RE1,DEMTERELCILU_MID,2026,99999.0
RE1,DEMTERELCILU_MID,2027,99999.0
RE1,DEMTERELCILU_MID,2028,99999.0
RE1,DEMTERELCILU_MID,2029,99999.0
RE1,DEMTERELCILU_MID,2030,99999.0
RE1,DEMTERELCILU_MID,2031,99999.0
RE1,DEMTERELCILU_MID,2032,99999.0
RE1,DEMTERELCILU_MID,2033,99999.0
RE1,DEMTERELCILU_MID,2034,99999.0
RE1,DEMTERELCILU_MID,2035,99999.0
RE1,DEMTERELCILU_MID,2036,99999.0
RE1,DEMTERELCILU_MID,2037,99999.0
RE1,DEMTERELCILU_MID,2038,99999.0
RE1,DEMTERELCILU_MID,2039,99999.0
RE1,DEMTERELCILU_MID,2040,99999.0
RE1,DEMTERELCILU_MID,2041,99999.0
RE1,DEMTERELCILU_MID,2042,99999.0
RE1,DEMTERELCILU_MID,2043,99999.0
RE1,DEMTERELCILU_MID,2044,99999.0
RE1,DEMTERELCILU_MID,2045,99999.0
RE1,DEMTERELCILU_MID,2046,99999.0
RE1,DEMTERELCILU_MID,2047,99999.0
RE1,DEMTERELCILU_MID,2048,99999.0
RE1,DEMTERELCILU_MID,2049,99999.0
RE1,DEMTERELCILU_MID,2050,99999.0
RE1,DEMTERELCILU_MID,2051,99999.0
RE1,DEMTERELCILU_MID,2052,99999.0
RE1,DEMTERELCILU_MID,2053,99999.0
RE1,DEMTERELCILU_MID,2054,99999.0
RE1,DEMTERELCILU_MID,2055,99999.0
RE1,DEMTERELCILU_VAP,2022,99999.0
RE1,DEMTERELCILU_VAP,2023,99999.0
RE1,DEMTERELCILU_VAP,2024,99999.0
RE1,DEMTERELCILU_VAP,2025,99999.0
RE1,DEMTERELCILU_VAP,2026,99999.0
RE1,DEMTERELCILU_VAP,2027,99999.0
RE1,DEMTERELCILU_VAP,2028,99999.0
RE1,DEMTERELCILU_VAP,2029,99999.0
RE1,DEMTERELCILU_VAP,2030,99999.0
RE1,DEMTERELCILU_VAP,2031,99999.0
RE1,DEMTERELCILU_VAP,2032,99999.0
RE1,DEMTERELCILU_VAP,2033,99999.0
RE1,DEMTERELCILU_VAP,2034,99999.0
RE1,DEMTERELCILU_VAP,2035,99999.0
RE1,DEMTERELCILU_VAP,2036,99999.0
RE1,DEMTERELCILU_VAP,2037,99999.0
RE1,DEMTERELCILU_VAP,2038,99999.0
RE1,DEMTERELCILU_VAP,2039,99999.0
RE1,DEMTERELCILU_VAP,2040,99999.0
RE1,DEMTERELCILU_VAP,2041,99999.0
RE1,DEMTERELCILU_VAP,2042,99999.0
RE1,DEMTERELCILU_VAP,2043,99999.0
RE1,DEMTERELCILU_VAP,2044,99999.0
RE1,DEMTERELCILU_VAP,2045,99999.0
RE1,DEMTERELCILU_VAP,2046,99999.0
RE1,DEMTERELCILU_VAP,2047,99999.0
RE1,DEMTERELCILU_VAP,2048,99999.0
RE1,DEMTERELCILU_VAP,2049,99999.0
RE1,DEMTERELCILU_VAP,2050,99999.0
RE1,DEMTERELCILU_VAP,2051,99999.0
RE1,DEMTERELCILU_VAP,2052,99999.0
RE1,DEMTERELCILU_VAP,2053,99999.0
RE1,DEMTERELCILU_VAP,2054,99999.0
RE1,DEMTERELCILU_VAP,2055,99999.0
RE1,DEMTERELCMPW_HIG,2022,99999.0
RE1,DEMTERELCMPW_HIG,2023,99999.0
RE1,DEMTERELCMPW_HIG,2024,99999.0
RE1,DEMTERELCMPW_HIG,2025,99999.0
RE1,DEMTERELCMPW_HIG,2026,99999.0
RE1,DEMTERELCMPW_HIG,2027,99999.0
RE1,DEMTERELCMPW_HIG,2028,99999.0
RE1,DEMTERELCMPW_HIG,2029,99999.0
RE1,DEMTERELCMPW_HIG,2030,99999.0
RE1,DEMTERELCMPW_HIG,2031,99999.0
RE1,DEMTERELCMPW_HIG,2032,99999.0
RE1,DEMTERELCMPW_HIG,2033,99999.0
RE1,DEMTERELCMPW_HIG,2034,99999.0
RE1,DEMTERELCMPW_HIG,2035,99999.0
RE1,DEMTERELCMPW_HIG,2036,99999.0
RE1,DEMTERELCMPW_HIG,2037,99999.0
RE1,DEMTERELCMPW_HIG,2038,99999.0
RE1,DEMTERELCMPW_HIG,2039,99999.0
RE1,DEMTERELCMPW_HIG,2040,99999.0
RE1,DEMTERELCMPW_HIG,2041,99999.0
RE1,DEMTERELCMPW_HIG,2042,99999.0
RE1,DEMTERELCMPW_HIG,2043,99999.0
RE1,DEMTERELCMPW_HIG,2044,99999.0
RE1,DEMTERELCMPW_HIG,2045,99999.0
RE1,DEMTERELCMPW_HIG,2046,99999.0
RE1,DEMTERELCMPW_HIG,2047,99999.0
RE1,DEMTERELCMPW_HIG,2048,99999.0
RE1,DEMTERELCMPW_HIG,2049,99999.0
RE1,DEMTERELCMPW_HIG,2050,99999.0
RE1,DEMTERELCMPW_HIG,2051,99999.0
RE1,DEMTERELCMPW_HIG,2052,99999.0
RE1,DEMTERELCMPW_HIG,2053,99999.0
RE1,DEMTERELCMPW_HIG,2054,99999.0
RE1,DEMTERELCMPW_HIG,2055,99999.0
RE1,DEMTERELCMPW_LOW,2022,99999.0
RE1,DEMTERELCMPW_LOW,2023,99999.0
RE1,DEMTERELCMPW_LOW,2024,99999.0
RE1,DEMTERELCMPW_LOW,2025,99999.0
RE1,DEMTERELCMPW_LOW,2026,99999.0
RE1,DEMTERELCMPW_LOW,2027,99999.0
RE1,DEMTERELCMPW_LOW,2028,99999.0
RE1,DEMTERELCMPW_LOW,2029,99999.0
RE1,DEMTERELCMPW_LOW,2030,99999.0
RE1,DEMTERELCMPW_LOW,2031,99999.0
RE1,DEMTERELCMPW_LOW,2032,99999.0
RE1,DEMTERELCMPW_LOW,2033,99999.0
RE1,DEMTERELCMPW_LOW,2034,99999.0
RE1,DEMTERELCMPW_LOW,2035,99999.0
RE1,DEMTERELCMPW_LOW,2036,99999.0
RE1,DEMTERELCMPW_LOW,2037,99999.0
RE1,DEMTERELCMPW_LOW,2038,99999.0
RE1,DEMTERELCMPW_LOW,2039,99999.0
RE1,DEMTERELCMPW_LOW,2040,99999.0
RE1,DEMTERELCMPW_LOW,2041,99999.0
RE1,DEMTERELCMPW_LOW,2042,99999.0
RE1,DEMTERELCMPW_LOW,2043,99999.0
RE1,DEMTERELCMPW_LOW,2044,99999.0
RE1,DEMTERELCMPW_LOW,2045,99999.0
RE1,DEMTERELCMPW_LOW,2046,99999.0
RE1,DEMTERELCMPW_LOW,2047,99999.0
RE1,DEMTERELCMPW_LOW,2048,99999.0
RE1,DEMTERELCMPW_LOW,2049,99999.0
RE1,DEMTERELCMPW_LOW,2050,99999.0
RE1,DEMTERELCMPW_LOW,2051,99999.0
RE1,DEMTERELCMPW_LOW,2052,99999.0
RE1,DEMTERELCMPW_LOW,2053,99999.0
RE1,DEMTERELCMPW_LOW,2054,99999.0
RE1,DEMTERELCMPW_LOW,2055,99999.0
RE1,DEMTERELCMPW_MID,2022,99999.0
RE1,DEMTERELCMPW_MID,2023,99999.0
RE1,DEMTERELCMPW_MID,2024,99999.0
RE1,DEMTERELCMPW_MID,2025,99999.0
RE1,DEMTERELCMPW_MID,2026,99999.0
RE1,DEMTERELCMPW_MID,2027,99999.0
RE1,DEMTERELCMPW_MID,2028,99999.0
RE1,DEMTERELCMPW_MID,2029,99999.0
RE1,DEMTERELCMPW_MID,2030,99999.0
RE1,DEMTERELCMPW_MID,2031,99999.0
RE1,DEMTERELCMPW_MID,2032,99999.0
RE1,DEMTERELCMPW_MID,2033,99999.0
RE1,DEMTERELCMPW_MID,2034,99999.0
RE1,DEMTERELCMPW_MID,2035,99999.0
RE1,DEMTERELCMPW_MID,2036,99999.0
RE1,DEMTERELCMPW_MID,2037,99999.0
RE1,DEMTERELCMPW_MID,2038,99999.0
RE1,DEMTERELCMPW_MID,2039,99999.0
RE1,DEMTERELCMPW_MID,2040,99999.0
RE1,DEMTERELCMPW_MID,2041,99999.0
RE1,DEMTERELCMPW_MID,2042,99999.0
RE1,DEMTERELCMPW_MID,2043,99999.0
RE1,DEMTERELCMPW_MID,2044,99999.0
RE1,DEMTERELCMPW_MID,2045,99999.0
RE1,DEMTERELCMPW_MID,2046,99999.0
RE1,DEMTERELCMPW_MID,2047,99999.0
RE1,DEMTERELCMPW_MID,2048,99999.0
RE1,DEMTERELCMPW_MID,2049,99999.0
RE1,DEMTERELCMPW_MID,2050,99999.0
RE1,DEMTERELCMPW_MID,2051,99999.0
RE1,DEMTERELCMPW_MID,2052,99999.0
RE1,DEMTERELCMPW_MID,2053,99999.0
RE1,DEMTERELCMPW_MID,2054,99999.0
RE1,DEMTERELCMPW_MID,2055,99999.0
RE1,DEMTERELCOTH_HIG,2022,99999.0
RE1,DEMTERELCOTH_HIG,2023,99999.0
RE1,DEMTERELCOTH_HIG,2024,99999.0
RE1,DEMTERELCOTH_HIG,2025,99999.0
RE1,DEMTERELCOTH_HIG,2026,99999.0
RE1,DEMTERELCOTH_HIG,2027,99999.0
RE1,DEMTERELCOTH_HIG,2028,99999.0
RE1,DEMTERELCOTH_HIG,2029,99999.0
RE1,DEMTERELCOTH_HIG,2030,99999.0
RE1,DEMTERELCOTH_HIG,2031,99999.0
RE1,DEMTERELCOTH_HIG,2032,99999.0
RE1,DEMTERELCOTH_HIG,2033,99999.0
RE1,DEMTERELCOTH_HIG,2034,99999.0
RE1,DEMTERELCOTH_HIG,2035,99999.0
RE1,DEMTERELCOTH_HIG,2036,99999.0
RE1,DEMTERELCOTH_HIG,2037,99999.0
RE1,DEMTERELCOTH_HIG,2038,99999.0
RE1,DEMTERELCOTH_HIG,2039,99999.0
RE1,DEMTERELCOTH_HIG,2040,99999.0
RE1,DEMTERELCOTH_HIG,2041,99999.0
RE1,DEMTERELCOTH_HIG,2042,99999.0
RE1,DEMTERELCOTH_HIG,2043,99999.0
RE1,DEMTERELCOTH_HIG,2044,99999.0
RE1,DEMTERELCOTH_HIG,2045,99999.0
RE1,DEMTERELCOTH_HIG,2046,99999.0
RE1,DEMTERELCOTH_HIG,2047,99999.0
RE1,DEMTERELCOTH_HIG,2048,99999.0
RE1,DEMTERELCOTH_HIG,2049,99999.0
RE1,DEMTERELCOTH_HIG,2050,99999.0
RE1,DEMTERELCOTH_HIG,2051,99999.0
RE1,DEMTERELCOTH_HIG,2052,99999.0
RE1,DEMTERELCOTH_HIG,2053,99999.0
RE1,DEMTERELCOTH_HIG,2054,99999.0
RE1,DEMTERELCOTH_HIG,2055,99999.0
RE1,DEMTERELCOTH_LOW,2022,99999.0
RE1,DEMTERELCOTH_LOW,2023,99999.0
RE1,DEMTERELCOTH_LOW,2024,99999.0
RE1,DEMTERELCOTH_LOW,2025,99999.0
RE1,DEMTERELCOTH_LOW,2026,99999.0
RE1,DEMTERELCOTH_LOW,2027,99999.0
RE1,DEMTERELCOTH_LOW,2028,99999.0
RE1,DEMTERELCOTH_LOW,2029,99999.0
RE1,DEMTERELCOTH_LOW,2030,99999.0
RE1,DEMTERELCOTH_LOW,2031,99999.0
RE1,DEMTERELCOTH_LOW,2032,99999.0
RE1,DEMTERELCOTH_LOW,2033,99999.0
RE1,DEMTERELCOTH_LOW,2034,99999.0
RE1,DEMTERELCOTH_LOW,2035,99999.0
RE1,DEMTERELCOTH_LOW,2036,99999.0
RE1,DEMTERELCOTH_LOW,2037,99999.0
RE1,DEMTERELCOTH_LOW,2038,99999.0
RE1,DEMTERELCOTH_LOW,2039,99999.0
RE1,DEMTERELCOTH_LOW,2040,99999.0
RE1,DEMTERELCOTH_LOW,2041,99999.0
RE1,DEMTERELCOTH_LOW,2042,99999.0
RE1,DEMTERELCOTH_LOW,2043,99999.0
RE1,DEMTERELCOTH_LOW,2044,99999.0
RE1,DEMTERELCOTH_LOW,2045,99999.0
RE1,DEMTERELCOTH_LOW,2046,99999.0
RE1,DEMTERELCOTH_LOW,2047,99999.0
RE1,DEMTERELCOTH_LOW,2048,99999.0
RE1,DEMTERELCOTH_LOW,2049,99999.0
RE1,DEMTERELCOTH_LOW,2050,99999.0
RE1,DEMTERELCOTH_LOW,2051,99999.0
RE1,DEMTERELCOTH_LOW,2052,99999.0
RE1,DEMTERELCOTH_LOW,2053,99999.0
RE1,DEMTERELCOTH_LOW,2054,99999.0
RE1,DEMTERELCOTH_LOW,2055,99999.0
RE1,DEMTERELCOTH_MID,2022,99999.0
RE1,DEMTERELCOTH_MID,2023,99999.0
RE1,DEMTERELCOTH_MID,2024,99999.0
RE1,DEMTERELCOTH_MID,2025,99999.0
RE1,DEMTERELCOTH_MID,2026,99999.0
RE1,DEMTERELCOTH_MID,2027,99999.0
RE1,DEMTERELCOTH_MID,2028,99999.0
RE1,DEMTERELCOTH_MID,2029,99999.0
RE1,DEMTERELCOTH_MID,2030,99999.0
RE1,DEMTERELCOTH_MID,2031,99999.0
RE1,DEMTERELCOTH_MID,2032,99999.0
RE1,DEMTERELCOTH_MID,2033,99999.0
RE1,DEMTERELCOTH_MID,2034,99999.0
RE1,DEMTERELCOTH_MID,2035,99999.0
RE1,DEMTERELCOTH_MID,2036,99999.0
RE1,DEMTERELCOTH_MID,2037,99999.0
RE1,DEMTERELCOTH_MID,2038,99999.0
RE1,DEMTERELCOTH_MID,2039,99999.0
RE1,DEMTERELCOTH_MID,2040,99999.0
RE1,DEMTERELCOTH_MID,2041,99999.0
RE1,DEMTERELCOTH_MID,2042,99999.0
RE1,DEMTERELCOTH_MID,2043,99999.0
RE1,DEMTERELCOTH_MID,2044,99999.0
RE1,DEMTERELCOTH_MID,2045,99999.0
RE1,DEMTERELCOTH_MID,2046,99999.0
RE1,DEMTERELCOTH_MID,2047,99999.0
RE1,DEMTERELCOTH_MID,2048,99999.0
RE1,DEMTERELCOTH_MID,2049,99999.0
RE1,DEMTERELCOTH_MID,2050,99999.0
RE1,DEMTERELCOTH_MID,2051,99999.0
RE1,DEMTERELCOTH_MID,2052,99999.0
RE1,DEMTERELCOTH_MID,2053,99999.0
RE1,DEMTERELCOTH_MID,2054,99999.0
RE1,DEMTERELCOTH_MID,2055,99999.0
RE1,DEMTERELCREF_AUC_HIG,2022,99999.0
RE1,DEMTERELCREF_AUC_HIG,2023,99999.0
RE1,DEMTERELCREF_AUC_HIG,2024,99999.0
RE1,DEMTERELCREF_AUC_HIG,2025,99999.0
RE1,DEMTERELCREF_AUC_HIG,2026,99999.0
RE1,DEMTERELCREF_AUC_HIG,2027,99999.0
RE1,DEMTERELCREF_AUC_HIG,2028,99999.0
RE1,DEMTERELCREF_AUC_HIG,2029,99999.0
RE1,DEMTERELCREF_AUC_HIG,2030,99999.0
RE1,DEMTERELCREF_AUC_HIG,2031,99999.0
RE1,DEMTERELCREF_AUC_HIG,2032,99999.0
RE1,DEMTERELCREF_AUC_HIG,2033,99999.0
RE1,DEMTERELCREF_AUC_HIG,2034,99999.0
RE1,DEMTERELCREF_AUC_HIG,2035,99999.0
RE1,DEMTERELCREF_AUC_HIG,2036,99999.0
RE1,DEMTERELCREF_AUC_HIG,2037,99999.0
RE1,DEMTERELCREF_AUC_HIG,2038,99999.0
RE1,DEMTERELCREF_AUC_HIG,2039,99999.0
RE1,DEMTERELCREF_AUC_HIG,2040,99999.0
RE1,DEMTERELCREF_AUC_HIG,2041,99999.0
RE1,DEMTERELCREF_AUC_HIG,2042,99999.0
RE1,DEMTERELCREF_AUC_HIG,2043,99999.0
RE1,DEMTERELCREF_AUC_HIG,2044,99999.0
RE1,DEMTERELCREF_AUC_HIG,2045,99999.0
RE1,DEMTERELCREF_AUC_HIG,2046,99999.0
RE1,DEMTERELCREF_AUC_HIG,2047,99999.0
RE1,DEMTERELCREF_AUC_HIG,2048,99999.0
RE1,DEMTERELCREF_AUC_HIG,2049,99999.0
RE1,DEMTERELCREF_AUC_HIG,2050,99999.0
RE1,DEMTERELCREF_AUC_HIG,2051,99999.0
RE1,DEMTERELCREF_AUC_HIG,2052,99999.0
RE1,DEMTERELCREF_AUC_HIG,2053,99999.0
RE1,DEMTERELCREF_AUC_HIG,2054,99999.0
RE1,DEMTERELCREF_AUC_HIG,2055,99999.0
RE1,DEMTERELCREF_AUC_LOW,2022,99999.0
RE1,DEMTERELCREF_AUC_LOW,2023,99999.0
RE1,DEMTERELCREF_AUC_LOW,2024,99999.0
RE1,DEMTERELCREF_AUC_LOW,2025,99999.0
RE1,DEMTERELCREF_AUC_LOW,2026,99999.0
RE1,DEMTERELCREF_AUC_LOW,2027,99999.0
RE1,DEMTERELCREF_AUC_LOW,2028,99999.0
RE1,DEMTERELCREF_AUC_LOW,2029,99999.0
RE1,DEMTERELCREF_AUC_LOW,2030,99999.0
RE1,DEMTERELCREF_AUC_LOW,2031,99999.0
RE1,DEMTERELCREF_AUC_LOW,2032,99999.0
RE1,DEMTERELCREF_AUC_LOW,2033,99999.0
RE1,DEMTERELCREF_AUC_LOW,2034,99999.0
RE1,DEMTERELCREF_AUC_LOW,2035,99999.0
RE1,DEMTERELCREF_AUC_LOW,2036,99999.0
RE1,DEMTERELCREF_AUC_LOW,2037,99999.0
RE1,DEMTERELCREF_AUC_LOW,2038,99999.0
RE1,DEMTERELCREF_AUC_LOW,2039,99999.0
RE1,DEMTERELCREF_AUC_LOW,2040,99999.0
RE1,DEMTERELCREF_AUC_LOW,2041,99999.0
RE1,DEMTERELCREF_AUC_LOW,2042,99999.0
RE1,DEMTERELCREF_AUC_LOW,2043,99999.0
RE1,DEMTERELCREF_AUC_LOW,2044,99999.0
RE1,DEMTERELCREF_AUC_LOW,2045,99999.0
RE1,DEMTERELCREF_AUC_LOW,2046,99999.0
RE1,DEMTERELCREF_AUC_LOW,2047,99999.0
RE1,DEMTERELCREF_AUC_LOW,2048,99999.0
RE1,DEMTERELCREF_AUC_LOW,2049,99999.0
RE1,DEMTERELCREF_AUC_LOW,2050,99999.0
RE1,DEMTERELCREF_AUC_LOW,2051,99999.0
RE1,DEMTERELCREF_AUC_LOW,2052,99999.0
RE1,DEMTERELCREF_AUC_LOW,2053,99999.0
RE1,DEMTERELCREF_AUC_LOW,2054,99999.0
RE1,DEMTERELCREF_AUC_LOW,2055,99999.0
RE1,DEMTERELCREF_AUC_MID,2022,99999.0
RE1,DEMTERELCREF_AUC_MID,2023,99999.0
RE1,DEMTERELCREF_AUC_MID,2024,99999.0
RE1,DEMTERELCREF_AUC_MID,2025,99999.0
RE1,DEMTERELCREF_AUC_MID,2026,99999.0
RE1,DEMTERELCREF_AUC_MID,2027,99999.0
RE1,DEMTERELCREF_AUC_MID,2028,99999.0
RE1,DEMTERELCREF_AUC_MID,2029,99999.0
RE1,DEMTERELCREF_AUC_MID,2030,99999.0
RE1,DEMTERELCREF_AUC_MID,2031,99999.0
RE1,DEMTERELCREF_AUC_MID,2032,99999.0
RE1,DEMTERELCREF_AUC_MID,2033,99999.0
RE1,DEMTERELCREF_AUC_MID,2034,99999.0
RE1,DEMTERELCREF_AUC_MID,2035,99999.0
RE1,DEMTERELCREF_AUC_MID,2036,99999.0
RE1,DEMTERELCREF_AUC_MID,2037,99999.0
RE1,DEMTERELCREF_AUC_MID,2038,99999.0
RE1,DEMTERELCREF_AUC_MID,2039,99999.0
RE1,DEMTERELCREF_AUC_MID,2040,99999.0
RE1,DEMTERELCREF_AUC_MID,2041,99999.0
RE1,DEMTERELCREF_AUC_MID,2042,99999.0
RE1,DEMTERELCREF_AUC_MID,2043,99999.0
RE1,DEMTERELCREF_AUC_MID,2044,99999.0
RE1,DEMTERELCREF_AUC_MID,2045,99999.0
RE1,DEMTERELCREF_AUC_MID,2046,99999.0
RE1,DEMTERELCREF_AUC_MID,2047,99999.0
RE1,DEMTERELCREF_AUC_MID,2048,99999.0
RE1,DEMTERELCREF_AUC_MID,2049,99999.0
RE1,DEMTERELCREF_AUC_MID,2050,99999.0
RE1,DEMTERELCREF_AUC_MID,2051,99999.0
RE1,DEMTERELCREF_AUC_MID,2052,99999.0
RE1,DEMTERELCREF_AUC_MID,2053,99999.0
RE1,DEMTERELCREF_AUC_MID,2054,99999.0
RE1,DEMTERELCREF_AUC_MID,2055,99999.0
RE1,DEMTERELCREF_CEN_HIG,2022,99999.0
RE1,DEMTERELCREF_CEN_HIG,2023,99999.0
RE1,DEMTERELCREF_CEN_HIG,2024,99999.0
RE1,DEMTERELCREF_CEN_HIG,2025,99999.0
RE1,DEMTERELCREF_CEN_HIG,2026,99999.0
RE1,DEMTERELCREF_CEN_HIG,2027,99999.0
RE1,DEMTERELCREF_CEN_HIG,2028,99999.0
RE1,DEMTERELCREF_CEN_HIG,2029,99999.0
RE1,DEMTERELCREF_CEN_HIG,2030,99999.0
RE1,DEMTERELCREF_CEN_HIG,2031,99999.0
RE1,DEMTERELCREF_CEN_HIG,2032,99999.0
RE1,DEMTERELCREF_CEN_HIG,2033,99999.0
RE1,DEMTERELCREF_CEN_HIG,2034,99999.0
RE1,DEMTERELCREF_CEN_HIG,2035,99999.0
RE1,DEMTERELCREF_CEN_HIG,2036,99999.0
RE1,DEMTERELCREF_CEN_HIG,2037,99999.0
RE1,DEMTERELCREF_CEN_HIG,2038,99999.0
RE1,DEMTERELCREF_CEN_HIG,2039,99999.0
RE1,DEMTERELCREF_CEN_HIG,2040,99999.0
RE1,DEMTERELCREF_CEN_HIG,2041,99999.0
RE1,DEMTERELCREF_CEN_HIG,2042,99999.0
RE1,DEMTERELCREF_CEN_HIG,2043,99999.0
RE1,DEMTERELCREF_CEN_HIG,2044,99999.0
RE1,DEMTERELCREF_CEN_HIG,2045,99999.0
RE1,DEMTERELCREF_CEN_HIG,2046,99999.0
RE1,DEMTERELCREF_CEN_HIG,2047,99999.0
RE1,DEMTERELCREF_CEN_HIG,2048,99999.0
RE1,DEMTERELCREF_CEN_HIG,2049,99999.0
RE1,DEMTERELCREF_CEN_HIG,2050,99999.0
RE1,DEMTERELCREF_CEN_HIG,2051,99999.0
RE1,DEMTERELCREF_CEN_HIG,2052,99999.0
RE1,DEMTERELCREF_CEN_HIG,2053,99999.0
RE1,DEMTERELCREF_CEN_HIG,2054,99999.0
RE1,DEMTERELCREF_CEN_HIG,2055,99999.0
RE1,DEMTERELCREF_CEN_LOW,2022,99999.0
RE1,DEMTERELCREF_CEN_LOW,2023,99999.0
RE1,DEMTERELCREF_CEN_LOW,2024,99999.0
RE1,DEMTERELCREF_CEN_LOW,2025,99999.0
RE1,DEMTERELCREF_CEN_LOW,2026,99999.0
RE1,DEMTERELCREF_CEN_LOW,2027,99999.0
RE1,DEMTERELCREF_CEN_LOW,2028,99999.0
RE1,DEMTERELCREF_CEN_LOW,2029,99999.0
RE1,DEMTERELCREF_CEN_LOW,2030,99999.0
RE1,DEMTERELCREF_CEN_LOW,2031,99999.0
RE1,DEMTERELCREF_CEN_LOW,2032,99999.0
RE1,DEMTERELCREF_CEN_LOW,2033,99999.0
RE1,DEMTERELCREF_CEN_LOW,2034,99999.0
RE1,DEMTERELCREF_CEN_LOW,2035,99999.0
RE1,DEMTERELCREF_CEN_LOW,2036,99999.0
RE1,DEMTERELCREF_CEN_LOW,2037,99999.0
RE1,DEMTERELCREF_CEN_LOW,2038,99999.0
RE1,DEMTERELCREF_CEN_LOW,2039,99999.0
RE1,DEMTERELCREF_CEN_LOW,2040,99999.0
RE1,DEMTERELCREF_CEN_LOW,2041,99999.0
RE1,DEMTERELCREF_CEN_LOW,2042,99999.0
RE1,DEMTERELCREF_CEN_LOW,2043,99999.0
RE1,DEMTERELCREF_CEN_LOW,2044,99999.0
RE1,DEMTERELCREF_CEN_LOW,2045,99999.0
RE1,DEMTERELCREF_CEN_LOW,2046,99999.0
RE1,DEMTERELCREF_CEN_LOW,2047,99999.0
RE1,DEMTERELCREF_CEN_LOW,2048,99999.0
RE1,DEMTERELCREF_CEN_LOW,2049,99999.0
RE1,DEMTERELCREF_CEN_LOW,2050,99999.0
RE1,DEMTERELCREF_CEN_LOW,2051,99999.0
RE1,DEMTERELCREF_CEN_LOW,2052,99999.0
RE1,DEMTERELCREF_CEN_LOW,2053,99999.0
RE1,DEMTERELCREF_CEN_LOW,2054,99999.0
RE1,DEMTERELCREF_CEN_LOW,2055,99999.0
RE1,DEMTERELCREF_CEN_MID,2022,99999.0
RE1,DEMTERELCREF_CEN_MID,2023,99999.0
RE1,DEMTERELCREF_CEN_MID,2024,99999.0
RE1,DEMTERELCREF_CEN_MID,2025,99999.0
RE1,DEMTERELCREF_CEN_MID,2026,99999.0
RE1,DEMTERELCREF_CEN_MID,2027,99999.0
RE1,DEMTERELCREF_CEN_MID,2028,99999.0
RE1,DEMTERELCREF_CEN_MID,2029,99999.0
RE1,DEMTERELCREF_CEN_MID,2030,99999.0
RE1,DEMTERELCREF_CEN_MID,2031,99999.0
RE1,DEMTERELCREF_CEN_MID,2032,99999.0
RE1,DEMTERELCREF_CEN_MID,2033,99999.0
RE1,DEMTERELCREF_CEN_MID,2034,99999.0
RE1,DEMTERELCREF_CEN_MID,2035,99999.0
RE1,DEMTERELCREF_CEN_MID,2036,99999.0
RE1,DEMTERELCREF_CEN_MID,2037,99999.0
RE1,DEMTERELCREF_CEN_MID,2038,99999.0
RE1,DEMTERELCREF_CEN_MID,2039,99999.0
RE1,DEMTERELCREF_CEN_MID,2040,99999.0
RE1,DEMTERELCREF_CEN_MID,2041,99999.0
RE1,DEMTERELCREF_CEN_MID,2042,99999.0
RE1,DEMTERELCREF_CEN_MID,2043,99999.0
RE1,DEMTERELCREF_CEN_MID,2044,99999.0
RE1,DEMTERELCREF_CEN_MID,2045,99999.0
RE1,DEMTERELCREF_CEN_MID,2046,99999.0
RE1,DEMTERELCREF_CEN_MID,2047,99999.0
RE1,DEMTERELCREF_CEN_MID,2048,99999.0
RE1,DEMTERELCREF_CEN_MID,2049,99999.0
RE1,DEMTERELCREF_CEN_MID,2050,99999.0
RE1,DEMTERELCREF_CEN_MID,2051,99999.0
RE1,DEMTERELCREF_CEN_MID,2052,99999.0
RE1,DEMTERELCREF_CEN_MID,2053,99999.0
RE1,DEMTERELCREF_CEN_MID,2054,99999.0
RE1,DEMTERELCREF_CEN_MID,2055,99999.0
RE1,DEMTERLPGCKN_HIG,2022,99999.0
RE1,DEMTERLPGCKN_HIG,2023,99999.0
RE1,DEMTERLPGCKN_HIG,2024,99999.0
RE1,DEMTERLPGCKN_HIG,2025,4.248321159965625
RE1,DEMTERLPGCKN_HIG,2026,4.415849447579276
RE1,DEMTERLPGCKN_HIG,2027,4.57257843196817
RE1,DEMTERLPGCKN_HIG,2028,4.723065934901753
RE1,DEMTERLPGCKN_HIG,2029,4.880202978044887
RE1,DEMTERLPGCKN_HIG,2030,5.038374731260503
RE1,DEMTERLPGCKN_HIG,2031,5.038374731260503
RE1,DEMTERLPGCKN_HIG,2032,5.038374731260503
RE1,DEMTERLPGCKN_HIG,2033,5.038374731260503
RE1,DEMTERLPGCKN_HIG,2034,5.038374731260503
RE1,DEMTERLPGCKN_HIG,2035,5.038374731260503
RE1,DEMTERLPGCKN_HIG,2036,5.038374731260503
RE1,DEMTERLPGCKN_HIG,2037,5.038374731260503
RE1,DEMTERLPGCKN_HIG,2038,5.038374731260503
RE1,DEMTERLPGCKN_HIG,2039,5.038374731260503
RE1,DEMTERLPGCKN_HIG,2040,5.038374731260503
RE1,DEMTERLPGCKN_HIG,2041,5.038374731260503
RE1,DEMTERLPGCKN_HIG,2042,5.038374731260503
RE1,DEMTERLPGCKN_HIG,2043,5.038374731260503
RE1,DEMTERLPGCKN_HIG,2044,5.038374731260503
RE1,DEMTERLPGCKN_HIG,2045,5.038374731260503
RE1,DEMTERLPGCKN_HIG,2046,5.038374731260503
RE1,DEMTERLPGCKN_HIG,2047,5.038374731260503
RE1,DEMTERLPGCKN_HIG,2048,5.038374731260503
RE1,DEMTERLPGCKN_HIG,2049,5.038374731260503
RE1,DEMTERLPGCKN_HIG,2050,5.038374731260503
RE1,DEMTERLPGCKN_HIG,2051,5.038374731260503
RE1,DEMTERLPGCKN_HIG,2052,5.038374731260503
RE1,DEMTERLPGCKN_HIG,2053,5.038374731260503
RE1,DEMTERLPGCKN_HIG,2054,5.038374731260503
RE1,DEMTERLPGCKN_HIG,2055,5.038374731260503
RE1,DEMTERLPGCKN_LOW,2022,99999.0
RE1,DEMTERLPGCKN_LOW,2023,99999.0
RE1,DEMTERLPGCKN_LOW,2024,99999.0
RE1,DEMTERLPGCKN_LOW,2025,99999.0
RE1,DEMTERLPGCKN_LOW,2026,99999.0
RE1,DEMTERLPGCKN_LOW,2027,99999.0
RE1,DEMTERLPGCKN_LOW,2028,99999.0
RE1,DEMTERLPGCKN_LOW,2029,99999.0
RE1,DEMTERLPGCKN_LOW,2030,99999.0
RE1,DEMTERLPGCKN_LOW,2031,99999.0
RE1,DEMTERLPGCKN_LOW,2032,99999.0
RE1,DEMTERLPGCKN_LOW,2033,99999.0
RE1,DEMTERLPGCKN_LOW,2034,99999.0
RE1,DEMTERLPGCKN_LOW,2035,99999.0
RE1,DEMTERLPGCKN_LOW,2036,99999.0
RE1,DEMTERLPGCKN_LOW,2037,99999.0
RE1,DEMTERLPGCKN_LOW,2038,99999.0
RE1,DEMTERLPGCKN_LOW,2039,99999.0
RE1,DEMTERLPGCKN_LOW,2040,99999.0
RE1,DEMTERLPGCKN_LOW,2041,99999.0
RE1,DEMTERLPGCKN_LOW,2042,99999.0
RE1,DEMTERLPGCKN_LOW,2043,99999.0
RE1,DEMTERLPGCKN_LOW,2044,99999.0
RE1,DEMTERLPGCKN_LOW,2045,99999.0
RE1,DEMTERLPGCKN_LOW,2046,99999.0
RE1,DEMTERLPGCKN_LOW,2047,99999.0
RE1,DEMTERLPGCKN_LOW,2048,99999.0
RE1,DEMTERLPGCKN_LOW,2049,99999.0
RE1,DEMTERLPGCKN_LOW,2050,99999.0
RE1,DEMTERLPGCKN_LOW,2051,99999.0
RE1,DEMTERLPGCKN_LOW,2052,99999.0
RE1,DEMTERLPGCKN_LOW,2053,99999.0
RE1,DEMTERLPGCKN_LOW,2054,99999.0
RE1,DEMTERLPGCKN_LOW,2055,99999.0
RE1,DEMTERLPGCKN_MID,2022,99999.0
RE1,DEMTERLPGCKN_MID,2023,99999.0
RE1,DEMTERLPGCKN_MID,2024,99999.0
RE1,DEMTERLPGCKN_MID,2025,99999.0
RE1,DEMTERLPGCKN_MID,2026,99999.0
RE1,DEMTERLPGCKN_MID,2027,99999.0
RE1,DEMTERLPGCKN_MID,2028,99999.0
RE1,DEMTERLPGCKN_MID,2029,99999.0
RE1,DEMTERLPGCKN_MID,2030,99999.0
RE1,DEMTERLPGCKN_MID,2031,99999.0
RE1,DEMTERLPGCKN_MID,2032,99999.0
RE1,DEMTERLPGCKN_MID,2033,99999.0
RE1,DEMTERLPGCKN_MID,2034,99999.0
RE1,DEMTERLPGCKN_MID,2035,99999.0
RE1,DEMTERLPGCKN_MID,2036,99999.0
RE1,DEMTERLPGCKN_MID,2037,99999.0
RE1,DEMTERLPGCKN_MID,2038,99999.0
RE1,DEMTERLPGCKN_MID,2039,99999.0
RE1,DEMTERLPGCKN_MID,2040,99999.0
RE1,DEMTERLPGCKN_MID,2041,99999.0
RE1,DEMTERLPGCKN_MID,2042,99999.0
RE1,DEMTERLPGCKN_MID,2043,99999.0
RE1,DEMTERLPGCKN_MID,2044,99999.0
RE1,DEMTERLPGCKN_MID,2045,99999.0
RE1,DEMTERLPGCKN_MID,2046,99999.0
RE1,DEMTERLPGCKN_MID,2047,99999.0
RE1,DEMTERLPGCKN_MID,2048,99999.0
RE1,DEMTERLPGCKN_MID,2049,99999.0
RE1,DEMTERLPGCKN_MID,2050,99999.0
RE1,DEMTERLPGCKN_MID,2051,99999.0
RE1,DEMTERLPGCKN_MID,2052,99999.0
RE1,DEMTERLPGCKN_MID,2053,99999.0
RE1,DEMTERLPGCKN_MID,2054,99999.0
RE1,DEMTERLPGCKN_MID,2055,99999.0
RE1,DEMTERNGSCKN_HIG,2022,99999.0
RE1,DEMTERNGSCKN_HIG,2023,99999.0
RE1,DEMTERNGSCKN_HIG,2024,99999.0
RE1,DEMTERNGSCKN_HIG,2025,19.48702118452569
RE1,DEMTERNGSCKN_HIG,2026,20.25034591687032
RE1,DEMTERNGSCKN_HIG,2027,20.96446477860665
RE1,DEMTERNGSCKN_HIG,2028,21.65014499735812
RE1,DEMTERNGSCKN_HIG,2029,22.36612313518327
RE1,DEMTERNGSCKN_HIG,2030,23.08681581883457
RE1,DEMTERNGSCKN_HIG,2031,23.08681581883457
RE1,DEMTERNGSCKN_HIG,2032,23.08681581883457
RE1,DEMTERNGSCKN_HIG,2033,23.08681581883457
RE1,DEMTERNGSCKN_HIG,2034,23.08681581883457
RE1,DEMTERNGSCKN_HIG,2035,23.08681581883457
RE1,DEMTERNGSCKN_HIG,2036,23.08681581883457
RE1,DEMTERNGSCKN_HIG,2037,23.08681581883457
RE1,DEMTERNGSCKN_HIG,2038,23.08681581883457
RE1,DEMTERNGSCKN_HIG,2039,23.08681581883457
RE1,DEMTERNGSCKN_HIG,2040,23.08681581883457
RE1,DEMTERNGSCKN_HIG,2041,23.08681581883457
RE1,DEMTERNGSCKN_HIG,2042,23.08681581883457
RE1,DEMTERNGSCKN_HIG,2043,23.08681581883457
RE1,DEMTERNGSCKN_HIG,2044,23.08681581883457
RE1,DEMTERNGSCKN_HIG,2045,23.08681581883457
RE1,DEMTERNGSCKN_HIG,2046,23.08681581883457
RE1,DEMTERNGSCKN_HIG,2047,23.08681581883457
RE1,DEMTERNGSCKN_HIG,2048,23.08681581883457
RE1,DEMTERNGSCKN_HIG,2049,23.08681581883457
RE1,DEMTERNGSCKN_HIG,2050,23.08681581883457
RE1,DEMTERNGSCKN_HIG,2051,23.08681581883457
RE1,DEMTERNGSCKN_HIG,2052,23.08681581883457
RE1,DEMTERNGSCKN_HIG,2053,23.08681581883457
RE1,DEMTERNGSCKN_HIG,2054,23.08681581883457
RE1,DEMTERNGSCKN_HIG,2055,23.08681581883457
RE1,DEMTERNGSCKN_LOW,2022,99999.0
RE1,DEMTERNGSCKN_LOW,2023,99999.0
RE1,DEMTERNGSCKN_LOW,2024,99999.0
RE1,DEMTERNGSCKN_LOW,2025,99999.0
RE1,DEMTERNGSCKN_LOW,2026,99999.0
RE1,DEMTERNGSCKN_LOW,2027,99999.0
RE1,DEMTERNGSCKN_LOW,2028,99999.0
RE1,DEMTERNGSCKN_LOW,2029,99999.0
RE1,DEMTERNGSCKN_LOW,2030,99999.0
RE1,DEMTERNGSCKN_LOW,2031,99999.0
RE1,DEMTERNGSCKN_LOW,2032,99999.0
RE1,DEMTERNGSCKN_LOW,2033,99999.0
RE1,DEMTERNGSCKN_LOW,2034,99999.0
RE1,DEMTERNGSCKN_LOW,2035,99999.0
RE1,DEMTERNGSCKN_LOW,2036,99999.0
RE1,DEMTERNGSCKN_LOW,2037,99999.0
RE1,DEMTERNGSCKN_LOW,2038,99999.0
RE1,DEMTERNGSCKN_LOW,2039,99999.0
RE1,DEMTERNGSCKN_LOW,2040,99999.0
RE1,DEMTERNGSCKN_LOW,2041,99999.0
RE1,DEMTERNGSCKN_LOW,2042,99999.0
RE1,DEMTERNGSCKN_LOW,2043,99999.0
RE1,DEMTERNGSCKN_LOW,2044,99999.0
RE1,DEMTERNGSCKN_LOW,2045,99999.0
RE1,DEMTERNGSCKN_LOW,2046,99999.0
RE1,DEMTERNGSCKN_LOW,2047,99999.0
RE1,DEMTERNGSCKN_LOW,2048,99999.0
RE1,DEMTERNGSCKN_LOW,2049,99999.0
RE1,DEMTERNGSCKN_LOW,2050,99999.0
RE1,DEMTERNGSCKN_LOW,2051,99999.0
RE1,DEMTERNGSCKN_LOW,2052,99999.0
RE1,DEMTERNGSCKN_LOW,2053,99999.0
RE1,DEMTERNGSCKN_LOW,2054,99999.0
RE1,DEMTERNGSCKN_LOW,2055,99999.0
RE1,DEMTRADSLBOT,2022,99999.0
RE1,DEMTRADSLBOT,2023,99999.0
RE1,DEMTRADSLBOT,2024,99999.0
RE1,DEMTRADSLBOT,2025,99999.0
RE1,DEMTRADSLBOT,2026,99999.0
RE1,DEMTRADSLBOT,2027,99999.0
RE1,DEMTRADSLBOT,2028,99999.0
RE1,DEMTRADSLBOT,2029,99999.0
RE1,DEMTRADSLBOT,2030,99999.0
RE1,DEMTRADSLBOT,2031,99999.0
RE1,DEMTRADSLBOT,2032,99999.0
RE1,DEMTRADSLBOT,2033,99999.0
RE1,DEMTRADSLBOT,2034,99999.0
RE1,DEMTRADSLBOT,2035,99999.0
RE1,DEMTRADSLBOT,2036,99999.0
RE1,DEMTRADSLBOT,2037,99999.0
RE1,DEMTRADSLBOT,2038,99999.0
RE1,DEMTRADSLBOT,2039,99999.0
RE1,DEMTRADSLBOT,2040,99999.0
RE1,DEMTRADSLBOT,2041,99999.0
RE1,DEMTRADSLBOT,2042,99999.0
RE1,DEMTRADSLBOT,2043,99999.0
RE1,DEMTRADSLBOT,2044,99999.0
RE1,DEMTRADSLBOT,2045,99999.0
RE1,DEMTRADSLBOT,2046,99999.0
RE1,DEMTRADSLBOT,2047,99999.0
RE1,DEMTRADSLBOT,2048,99999.0
RE1,DEMTRADSLBOT,2049,99999.0
RE1,DEMTRADSLBOT,2050,99999.0
RE1,DEMTRADSLBOT,2051,99999.0
RE1,DEMTRADSLBOT,2052,99999.0
RE1,DEMTRADSLBOT,2053,99999.0
RE1,DEMTRADSLBOT,2054,99999.0
RE1,DEMTRADSLBOT,2055,99999.0
RE1,DEMTRADSLBUS_ART,2022,99999.0
RE1,DEMTRADSLBUS_ART,2023,99999.0
RE1,DEMTRADSLBUS_ART,2024,99999.0
RE1,DEMTRADSLBUS_ART,2025,99999.0
RE1,DEMTRADSLBUS_ART,2026,99999.0
RE1,DEMTRADSLBUS_ART,2027,99999.0
RE1,DEMTRADSLBUS_ART,2028,99999.0
RE1,DEMTRADSLBUS_ART,2029,99999.0
RE1,DEMTRADSLBUS_ART,2030,99999.0
RE1,DEMTRADSLBUS_ART,2031,99999.0
RE1,DEMTRADSLBUS_ART,2032,99999.0
RE1,DEMTRADSLBUS_ART,2033,99999.0
RE1,DEMTRADSLBUS_ART,2034,99999.0
RE1,DEMTRADSLBUS_ART,2035,99999.0
RE1,DEMTRADSLBUS_ART,2036,99999.0
RE1,DEMTRADSLBUS_ART,2037,99999.0
RE1,DEMTRADSLBUS_ART,2038,99999.0
RE1,DEMTRADSLBUS_ART,2039,99999.0
RE1,DEMTRADSLBUS_ART,2040,99999.0
RE1,DEMTRADSLBUS_ART,2041,99999.0
RE1,DEMTRADSLBUS_ART,2042,99999.0
RE1,DEMTRADSLBUS_ART,2043,99999.0
RE1,DEMTRADSLBUS_ART,2044,99999.0
RE1,DEMTRADSLBUS_ART,2045,99999.0
RE1,DEMTRADSLBUS_ART,2046,99999.0
RE1,DEMTRADSLBUS_ART,2047,99999.0
RE1,DEMTRADSLBUS_ART,2048,99999.0
RE1,DEMTRADSLBUS_ART,2049,99999.0
RE1,DEMTRADSLBUS_ART,2050,99999.0
RE1,DEMTRADSLBUS_ART,2051,99999.0
RE1,DEMTRADSLBUS_ART,2052,99999.0
RE1,DEMTRADSLBUS_ART,2053,99999.0
RE1,DEMTRADSLBUS_ART,2054,99999.0
RE1,DEMTRADSLBUS_ART,2055,99999.0
RE1,DEMTRADSLBUS_BIA,2022,99999.0
RE1,DEMTRADSLBUS_BIA,2023,99999.0
RE1,DEMTRADSLBUS_BIA,2024,99999.0
RE1,DEMTRADSLBUS_BIA,2025,99999.0
RE1,DEMTRADSLBUS_BIA,2026,99999.0
RE1,DEMTRADSLBUS_BIA,2027,99999.0
RE1,DEMTRADSLBUS_BIA,2028,99999.0
RE1,DEMTRADSLBUS_BIA,2029,99999.0
RE1,DEMTRADSLBUS_BIA,2030,99999.0
RE1,DEMTRADSLBUS_BIA,2031,99999.0
RE1,DEMTRADSLBUS_BIA,2032,99999.0
RE1,DEMTRADSLBUS_BIA,2033,99999.0
RE1,DEMTRADSLBUS_BIA,2034,99999.0
RE1,DEMTRADSLBUS_BIA,2035,99999.0
RE1,DEMTRADSLBUS_BIA,2036,99999.0
RE1,DEMTRADSLBUS_BIA,2037,99999.0
RE1,DEMTRADSLBUS_BIA,2038,99999.0
RE1,DEMTRADSLBUS_BIA,2039,99999.0
RE1,DEMTRADSLBUS_BIA,2040,99999.0
RE1,DEMTRADSLBUS_BIA,2041,99999.0
RE1,DEMTRADSLBUS_BIA,2042,99999.0
RE1,DEMTRADSLBUS_BIA,2043,99999.0
RE1,DEMTRADSLBUS_BIA,2044,99999.0
RE1,DEMTRADSLBUS_BIA,2045,99999.0
RE1,DEMTRADSLBUS_BIA,2046,99999.0
RE1,DEMTRADSLBUS_BIA,2047,99999.0
RE1,DEMTRADSLBUS_BIA,2048,99999.0
RE1,DEMTRADSLBUS_BIA,2049,99999.0
RE1,DEMTRADSLBUS_BIA,2050,99999.0
RE1,DEMTRADSLBUS_BIA,2051,99999.0
RE1,DEMTRADSLBUS_BIA,2052,99999.0
RE1,DEMTRADSLBUS_BIA,2053,99999.0
RE1,DEMTRADSLBUS_BIA,2054,99999.0
RE1,DEMTRADSLBUS_BIA,2055,99999.0
RE1,DEMTRADSLBUS_IMU,2022,99999.0
RE1,DEMTRADSLBUS_IMU,2023,99999.0
RE1,DEMTRADSLBUS_IMU,2024,99999.0
RE1,DEMTRADSLBUS_IMU,2025,99999.0
RE1,DEMTRADSLBUS_IMU,2026,99999.0
RE1,DEMTRADSLBUS_IMU,2027,99999.0
RE1,DEMTRADSLBUS_IMU,2028,99999.0
RE1,DEMTRADSLBUS_IMU,2029,99999.0
RE1,DEMTRADSLBUS_IMU,2030,99999.0
RE1,DEMTRADSLBUS_IMU,2031,99999.0
RE1,DEMTRADSLBUS_IMU,2032,99999.0
RE1,DEMTRADSLBUS_IMU,2033,99999.0
RE1,DEMTRADSLBUS_IMU,2034,99999.0
RE1,DEMTRADSLBUS_IMU,2035,99999.0
RE1,DEMTRADSLBUS_IMU,2036,99999.0
RE1,DEMTRADSLBUS_IMU,2037,99999.0
RE1,DEMTRADSLBUS_IMU,2038,99999.0
RE1,DEMTRADSLBUS_IMU,2039,99999.0
RE1,DEMTRADSLBUS_IMU,2040,99999.0
RE1,DEMTRADSLBUS_IMU,2041,99999.0
RE1,DEMTRADSLBUS_IMU,2042,99999.0
RE1,DEMTRADSLBUS_IMU,2043,99999.0
RE1,DEMTRADSLBUS_IMU,2044,99999.0
RE1,DEMTRADSLBUS_IMU,2045,99999.0
RE1,DEMTRADSLBUS_IMU,2046,99999.0
RE1,DEMTRADSLBUS_IMU,2047,99999.0
RE1,DEMTRADSLBUS_IMU,2048,99999.0
RE1,DEMTRADSLBUS_IMU,2049,99999.0
RE1,DEMTRADSLBUS_IMU,2050,99999.0
RE1,DEMTRADSLBUS_IMU,2051,99999.0
RE1,DEMTRADSLBUS_IMU,2052,99999.0
RE1,DEMTRADSLBUS_IMU,2053,99999.0
RE1,DEMTRADSLBUS_IMU,2054,99999.0
RE1,DEMTRADSLBUS_IMU,2055,99999.0
RE1,DEMTRADSLBUS_URB,2022,99999.0
RE1,DEMTRADSLBUS_URB,2023,99999.0
RE1,DEMTRADSLBUS_URB,2024,99999.0
RE1,DEMTRADSLBUS_URB,2025,99999.0
RE1,DEMTRADSLBUS_URB,2026,99999.0
RE1,DEMTRADSLBUS_URB,2027,99999.0
RE1,DEMTRADSLBUS_URB,2028,99999.0
RE1,DEMTRADSLBUS_URB,2029,99999.0
RE1,DEMTRADSLBUS_URB,2030,99999.0
RE1,DEMTRADSLBUS_URB,2031,99999.0
RE1,DEMTRADSLBUS_URB,2032,99999.0
RE1,DEMTRADSLBUS_URB,2033,99999.0
RE1,DEMTRADSLBUS_URB,2034,99999.0
RE1,DEMTRADSLBUS_URB,2035,99999.0
RE1,DEMTRADSLBUS_URB,2036,99999.0
RE1,DEMTRADSLBUS_URB,2037,99999.0
RE1,DEMTRADSLBUS_URB,2038,99999.0
RE1,DEMTRADSLBUS_URB,2039,99999.0
RE1,DEMTRADSLBUS_URB,2040,99999.0
RE1,DEMTRADSLBUS_URB,2041,99999.0
RE1,DEMTRADSLBUS_URB,2042,99999.0
RE1,DEMTRADSLBUS_URB,2043,99999.0
RE1,DEMTRADSLBUS_URB,2044,99999.0
RE1,DEMTRADSLBUS_URB,2045,99999.0
RE1,DEMTRADSLBUS_URB,2046,99999.0
RE1,DEMTRADSLBUS_URB,2047,99999.0
RE1,DEMTRADSLBUS_URB,2048,99999.0
RE1,DEMTRADSLBUS_URB,2049,99999.0
RE1,DEMTRADSLBUS_URB,2050,99999.0
RE1,DEMTRADSLBUS_URB,2051,99999.0
RE1,DEMTRADSLBUS_URB,2052,99999.0
RE1,DEMTRADSLBUS_URB,2053,99999.0
RE1,DEMTRADSLBUS_URB,2054,99999.0
RE1,DEMTRADSLBUS_URB,2055,99999.0
RE1,DEMTRADSLFWD,2022,99999.0
RE1,DEMTRADSLFWD,2023,99999.0
RE1,DEMTRADSLFWD,2024,99999.0
RE1,DEMTRADSLFWD,2025,99999.0
RE1,DEMTRADSLFWD,2026,99999.0
RE1,DEMTRADSLFWD,2027,99999.0
RE1,DEMTRADSLFWD,2028,99999.0
RE1,DEMTRADSLFWD,2029,99999.0
RE1,DEMTRADSLFWD,2030,99999.0
RE1,DEMTRADSLFWD,2031,99999.0
RE1,DEMTRADSLFWD,2032,99999.0
RE1,DEMTRADSLFWD,2033,99999.0
RE1,DEMTRADSLFWD,2034,99999.0
RE1,DEMTRADSLFWD,2035,99999.0
RE1,DEMTRADSLFWD,2036,99999.0
RE1,DEMTRADSLFWD,2037,99999.0
RE1,DEMTRADSLFWD,2038,99999.0
RE1,DEMTRADSLFWD,2039,99999.0
RE1,DEMTRADSLFWD,2040,99999.0
RE1,DEMTRADSLFWD,2041,99999.0
RE1,DEMTRADSLFWD,2042,99999.0
RE1,DEMTRADSLFWD,2043,99999.0
RE1,DEMTRADSLFWD,2044,99999.0
RE1,DEMTRADSLFWD,2045,99999.0
RE1,DEMTRADSLFWD,2046,99999.0
RE1,DEMTRADSLFWD,2047,99999.0
RE1,DEMTRADSLFWD,2048,99999.0
RE1,DEMTRADSLFWD,2049,99999.0
RE1,DEMTRADSLFWD,2050,99999.0
RE1,DEMTRADSLFWD,2051,99999.0
RE1,DEMTRADSLFWD,2052,99999.0
RE1,DEMTRADSLFWD,2053,99999.0
RE1,DEMTRADSLFWD,2054,99999.0
RE1,DEMTRADSLFWD,2055,99999.0
RE1,DEMTRADSLLDV,2022,99999.0
RE1,DEMTRADSLLDV,2023,99999.0
RE1,DEMTRADSLLDV,2024,99999.0
RE1,DEMTRADSLLDV,2025,99999.0
RE1,DEMTRADSLLDV,2026,99999.0
RE1,DEMTRADSLLDV,2027,99999.0
RE1,DEMTRADSLLDV,2028,99999.0
RE1,DEMTRADSLLDV,2029,99999.0
RE1,DEMTRADSLLDV,2030,99999.0
RE1,DEMTRADSLLDV,2031,99999.0
RE1,DEMTRADSLLDV,2032,99999.0
RE1,DEMTRADSLLDV,2033,99999.0
RE1,DEMTRADSLLDV,2034,99999.0
RE1,DEMTRADSLLDV,2035,99999.0
RE1,DEMTRADSLLDV,2036,99999.0
RE1,DEMTRADSLLDV,2037,99999.0
RE1,DEMTRADSLLDV,2038,99999.0
RE1,DEMTRADSLLDV,2039,99999.0
RE1,DEMTRADSLLDV,2040,99999.0
RE1,DEMTRADSLLDV,2041,99999.0
RE1,DEMTRADSLLDV,2042,99999.0
RE1,DEMTRADSLLDV,2043,99999.0
RE1,DEMTRADSLLDV,2044,99999.0
RE1,DEMTRADSLLDV,2045,99999.0
RE1,DEMTRADSLLDV,2046,99999.0
RE1,DEMTRADSLLDV,2047,99999.0
RE1,DEMTRADSLLDV,2048,99999.0
RE1,DEMTRADSLLDV,2049,99999.0
RE1,DEMTRADSLLDV,2050,99999.0
RE1,DEMTRADSLLDV,2051,99999.0
RE1,DEMTRADSLLDV,2052,99999.0
RE1,DEMTRADSLLDV,2053,99999.0
RE1,DEMTRADSLLDV,2054,99999.0
RE1,DEMTRADSLLDV,2055,99999.0
RE1,DEMTRADSLMIC,2022,99999.0
RE1,DEMTRADSLMIC,2023,99999.0
RE1,DEMTRADSLMIC,2024,99999.0
RE1,DEMTRADSLMIC,2025,99999.0
RE1,DEMTRADSLMIC,2026,99999.0
RE1,DEMTRADSLMIC,2027,99999.0
RE1,DEMTRADSLMIC,2028,99999.0
RE1,DEMTRADSLMIC,2029,99999.0
RE1,DEMTRADSLMIC,2030,99999.0
RE1,DEMTRADSLMIC,2031,99999.0
RE1,DEMTRADSLMIC,2032,99999.0
RE1,DEMTRADSLMIC,2033,99999.0
RE1,DEMTRADSLMIC,2034,99999.0
RE1,DEMTRADSLMIC,2035,99999.0
RE1,DEMTRADSLMIC,2036,99999.0
RE1,DEMTRADSLMIC,2037,99999.0
RE1,DEMTRADSLMIC,2038,99999.0
RE1,DEMTRADSLMIC,2039,99999.0
RE1,DEMTRADSLMIC,2040,99999.0
RE1,DEMTRADSLMIC,2041,99999.0
RE1,DEMTRADSLMIC,2042,99999.0
RE1,DEMTRADSLMIC,2043,99999.0
RE1,DEMTRADSLMIC,2044,99999.0
RE1,DEMTRADSLMIC,2045,99999.0
RE1,DEMTRADSLMIC,2046,99999.0
RE1,DEMTRADSLMIC,2047,99999.0
RE1,DEMTRADSLMIC,2048,99999.0
RE1,DEMTRADSLMIC,2049,99999.0
RE1,DEMTRADSLMIC,2050,99999.0
RE1,DEMTRADSLMIC,2051,99999.0
RE1,DEMTRADSLMIC,2052,99999.0
RE1,DEMTRADSLMIC,2053,99999.0
RE1,DEMTRADSLMIC,2054,99999.0
RE1,DEMTRADSLMIC,2055,99999.0
RE1,DEMTRADSLSHP,2022,99999.0
RE1,DEMTRADSLSHP,2023,99999.0
RE1,DEMTRADSLSHP,2024,99999.0
RE1,DEMTRADSLSHP,2025,99999.0
RE1,DEMTRADSLSHP,2026,99999.0
RE1,DEMTRADSLSHP,2027,99999.0
RE1,DEMTRADSLSHP,2028,99999.0
RE1,DEMTRADSLSHP,2029,99999.0
RE1,DEMTRADSLSHP,2030,99999.0
RE1,DEMTRADSLSHP,2031,99999.0
RE1,DEMTRADSLSHP,2032,99999.0
RE1,DEMTRADSLSHP,2033,99999.0
RE1,DEMTRADSLSHP,2034,99999.0
RE1,DEMTRADSLSHP,2035,99999.0
RE1,DEMTRADSLSHP,2036,99999.0
RE1,DEMTRADSLSHP,2037,99999.0
RE1,DEMTRADSLSHP,2038,99999.0
RE1,DEMTRADSLSHP,2039,99999.0
RE1,DEMTRADSLSHP,2040,99999.0
RE1,DEMTRADSLSHP,2041,99999.0
RE1,DEMTRADSLSHP,2042,99999.0
RE1,DEMTRADSLSHP,2043,99999.0
RE1,DEMTRADSLSHP,2044,99999.0
RE1,DEMTRADSLSHP,2045,99999.0
RE1,DEMTRADSLSHP,2046,99999.0
RE1,DEMTRADSLSHP,2047,99999.0
RE1,DEMTRADSLSHP,2048,99999.0
RE1,DEMTRADSLSHP,2049,99999.0
RE1,DEMTRADSLSHP,2050,99999.0
RE1,DEMTRADSLSHP,2051,99999.0
RE1,DEMTRADSLSHP,2052,99999.0
RE1,DEMTRADSLSHP,2053,99999.0
RE1,DEMTRADSLSHP,2054,99999.0
RE1,DEMTRADSLSHP,2055,99999.0
RE1,DEMTRADSLSTT,2022,99999.0
RE1,DEMTRADSLSTT,2023,99999.0
RE1,DEMTRADSLSTT,2024,99999.0
RE1,DEMTRADSLSTT,2025,99999.0
RE1,DEMTRADSLSTT,2026,99999.0
RE1,DEMTRADSLSTT,2027,99999.0
RE1,DEMTRADSLSTT,2028,99999.0
RE1,DEMTRADSLSTT,2029,99999.0
RE1,DEMTRADSLSTT,2030,99999.0
RE1,DEMTRADSLSTT,2031,99999.0
RE1,DEMTRADSLSTT,2032,99999.0
RE1,DEMTRADSLSTT,2033,99999.0
RE1,DEMTRADSLSTT,2034,99999.0
RE1,DEMTRADSLSTT,2035,99999.0
RE1,DEMTRADSLSTT,2036,99999.0
RE1,DEMTRADSLSTT,2037,99999.0
RE1,DEMTRADSLSTT,2038,99999.0
RE1,DEMTRADSLSTT,2039,99999.0
RE1,DEMTRADSLSTT,2040,99999.0
RE1,DEMTRADSLSTT,2041,99999.0
RE1,DEMTRADSLSTT,2042,99999.0
RE1,DEMTRADSLSTT,2043,99999.0
RE1,DEMTRADSLSTT,2044,99999.0
RE1,DEMTRADSLSTT,2045,99999.0
RE1,DEMTRADSLSTT,2046,99999.0
RE1,DEMTRADSLSTT,2047,99999.0
RE1,DEMTRADSLSTT,2048,99999.0
RE1,DEMTRADSLSTT,2049,99999.0
RE1,DEMTRADSLSTT,2050,99999.0
RE1,DEMTRADSLSTT,2051,99999.0
RE1,DEMTRADSLSTT,2052,99999.0
RE1,DEMTRADSLSTT,2053,99999.0
RE1,DEMTRADSLSTT,2054,99999.0
RE1,DEMTRADSLSTT,2055,99999.0
RE1,DEMTRADSLTAX,2022,99999.0
RE1,DEMTRADSLTAX,2023,99999.0
RE1,DEMTRADSLTAX,2024,99999.0
RE1,DEMTRADSLTAX,2025,99999.0
RE1,DEMTRADSLTAX,2026,99999.0
RE1,DEMTRADSLTAX,2027,99999.0
RE1,DEMTRADSLTAX,2028,99999.0
RE1,DEMTRADSLTAX,2029,99999.0
RE1,DEMTRADSLTAX,2030,99999.0
RE1,DEMTRADSLTAX,2031,99999.0
RE1,DEMTRADSLTAX,2032,99999.0
RE1,DEMTRADSLTAX,2033,99999.0
RE1,DEMTRADSLTAX,2034,99999.0
RE1,DEMTRADSLTAX,2035,99999.0
RE1,DEMTRADSLTAX,2036,99999.0
RE1,DEMTRADSLTAX,2037,99999.0
RE1,DEMTRADSLTAX,2038,99999.0
RE1,DEMTRADSLTAX,2039,99999.0
RE1,DEMTRADSLTAX,2040,99999.0
RE1,DEMTRADSLTAX,2041,99999.0
RE1,DEMTRADSLTAX,2042,99999.0
RE1,DEMTRADSLTAX,2043,99999.0
RE1,DEMTRADSLTAX,2044,99999.0
RE1,DEMTRADSLTAX,2045,99999.0
RE1,DEMTRADSLTAX,2046,99999.0
RE1,DEMTRADSLTAX,2047,99999.0
RE1,DEMTRADSLTAX,2048,99999.0
RE1,DEMTRADSLTAX,2049,99999.0
RE1,DEMTRADSLTAX,2050,99999.0
RE1,DEMTRADSLTAX,2051,99999.0
RE1,DEMTRADSLTAX,2052,99999.0
RE1,DEMTRADSLTAX,2053,99999.0
RE1,DEMTRADSLTAX,2054,99999.0
RE1,DEMTRADSLTAX,2055,99999.0
RE1,DEMTRADSLTCK_C2P,2022,99999.0
RE1,DEMTRADSLTCK_C2P,2023,99999.0
RE1,DEMTRADSLTCK_C2P,2024,99999.0
RE1,DEMTRADSLTCK_C2P,2025,99999.0
RE1,DEMTRADSLTCK_C2P,2026,99999.0
RE1,DEMTRADSLTCK_C2P,2027,99999.0
RE1,DEMTRADSLTCK_C2P,2028,99999.0
RE1,DEMTRADSLTCK_C2P,2029,99999.0
RE1,DEMTRADSLTCK_C2P,2030,99999.0
RE1,DEMTRADSLTCK_C2P,2031,99999.0
RE1,DEMTRADSLTCK_C2P,2032,99999.0
RE1,DEMTRADSLTCK_C2P,2033,99999.0
RE1,DEMTRADSLTCK_C2P,2034,99999.0
RE1,DEMTRADSLTCK_C2P,2035,99999.0
RE1,DEMTRADSLTCK_C2P,2036,99999.0
RE1,DEMTRADSLTCK_C2P,2037,99999.0
RE1,DEMTRADSLTCK_C2P,2038,99999.0
RE1,DEMTRADSLTCK_C2P,2039,99999.0
RE1,DEMTRADSLTCK_C2P,2040,99999.0
RE1,DEMTRADSLTCK_C2P,2041,99999.0
RE1,DEMTRADSLTCK_C2P,2042,99999.0
RE1,DEMTRADSLTCK_C2P,2043,99999.0
RE1,DEMTRADSLTCK_C2P,2044,99999.0
RE1,DEMTRADSLTCK_C2P,2045,99999.0
RE1,DEMTRADSLTCK_C2P,2046,99999.0
RE1,DEMTRADSLTCK_C2P,2047,99999.0
RE1,DEMTRADSLTCK_C2P,2048,99999.0
RE1,DEMTRADSLTCK_C2P,2049,99999.0
RE1,DEMTRADSLTCK_C2P,2050,99999.0
RE1,DEMTRADSLTCK_C2P,2051,99999.0
RE1,DEMTRADSLTCK_C2P,2052,99999.0
RE1,DEMTRADSLTCK_C2P,2053,99999.0
RE1,DEMTRADSLTCK_C2P,2054,99999.0
RE1,DEMTRADSLTCK_C2P,2055,99999.0
RE1,DEMTRADSLTCK_CSG,2022,99999.0
RE1,DEMTRADSLTCK_CSG,2023,99999.0
RE1,DEMTRADSLTCK_CSG,2024,99999.0
RE1,DEMTRADSLTCK_CSG,2025,99999.0
RE1,DEMTRADSLTCK_CSG,2026,99999.0
RE1,DEMTRADSLTCK_CSG,2027,99999.0
RE1,DEMTRADSLTCK_CSG,2028,99999.0
RE1,DEMTRADSLTCK_CSG,2029,99999.0
RE1,DEMTRADSLTCK_CSG,2030,99999.0
RE1,DEMTRADSLTCK_CSG,2031,99999.0
RE1,DEMTRADSLTCK_CSG,2032,99999.0
RE1,DEMTRADSLTCK_CSG,2033,99999.0
RE1,DEMTRADSLTCK_CSG,2034,99999.0
RE1,DEMTRADSLTCK_CSG,2035,99999.0
RE1,DEMTRADSLTCK_CSG,2036,99999.0
RE1,DEMTRADSLTCK_CSG,2037,99999.0
RE1,DEMTRADSLTCK_CSG,2038,99999.0
RE1,DEMTRADSLTCK_CSG,2039,99999.0
RE1,DEMTRADSLTCK_CSG,2040,99999.0
RE1,DEMTRADSLTCK_CSG,2041,99999.0
RE1,DEMTRADSLTCK_CSG,2042,99999.0
RE1,DEMTRADSLTCK_CSG,2043,99999.0
RE1,DEMTRADSLTCK_CSG,2044,99999.0
RE1,DEMTRADSLTCK_CSG,2045,99999.0
RE1,DEMTRADSLTCK_CSG,2046,99999.0
RE1,DEMTRADSLTCK_CSG,2047,99999.0
RE1,DEMTRADSLTCK_CSG,2048,99999.0
RE1,DEMTRADSLTCK_CSG,2049,99999.0
RE1,DEMTRADSLTCK_CSG,2050,99999.0
RE1,DEMTRADSLTCK_CSG,2051,99999.0
RE1,DEMTRADSLTCK_CSG,2052,99999.0
RE1,DEMTRADSLTCK_CSG,2053,99999.0
RE1,DEMTRADSLTCK_CSG,2054,99999.0
RE1,DEMTRADSLTCK_CSG,2055,99999.0
RE1,DEMTRAELCBOT,2022,99999.0
RE1,DEMTRAELCBOT,2023,99999.0
RE1,DEMTRAELCBOT,2024,99999.0
RE1,DEMTRAELCBOT,2025,99999.0
RE1,DEMTRAELCBOT,2026,99999.0
RE1,DEMTRAELCBOT,2027,99999.0
RE1,DEMTRAELCBOT,2028,99999.0
RE1,DEMTRAELCBOT,2029,99999.0
RE1,DEMTRAELCBOT,2030,99999.0
RE1,DEMTRAELCBOT,2031,99999.0
RE1,DEMTRAELCBOT,2032,99999.0
RE1,DEMTRAELCBOT,2033,99999.0
RE1,DEMTRAELCBOT,2034,99999.0
RE1,DEMTRAELCBOT,2035,99999.0
RE1,DEMTRAELCBOT,2036,99999.0
RE1,DEMTRAELCBOT,2037,99999.0
RE1,DEMTRAELCBOT,2038,99999.0
RE1,DEMTRAELCBOT,2039,99999.0
RE1,DEMTRAELCBOT,2040,99999.0
RE1,DEMTRAELCBOT,2041,99999.0
RE1,DEMTRAELCBOT,2042,99999.0
RE1,DEMTRAELCBOT,2043,99999.0
RE1,DEMTRAELCBOT,2044,99999.0
RE1,DEMTRAELCBOT,2045,99999.0
RE1,DEMTRAELCBOT,2046,99999.0
RE1,DEMTRAELCBOT,2047,99999.0
RE1,DEMTRAELCBOT,2048,99999.0
RE1,DEMTRAELCBOT,2049,99999.0
RE1,DEMTRAELCBOT,2050,99999.0
RE1,DEMTRAELCBOT,2051,99999.0
RE1,DEMTRAELCBOT,2052,99999.0
RE1,DEMTRAELCBOT,2053,99999.0
RE1,DEMTRAELCBOT,2054,99999.0
RE1,DEMTRAELCBOT,2055,99999.0
RE1,DEMTRAELCBUS_ART,2022,99999.0
RE1,DEMTRAELCBUS_ART,2023,99999.0
RE1,DEMTRAELCBUS_ART,2024,99999.0
RE1,DEMTRAELCBUS_ART,2025,99999.0
RE1,DEMTRAELCBUS_ART,2026,99999.0
RE1,DEMTRAELCBUS_ART,2027,99999.0
RE1,DEMTRAELCBUS_ART,2028,99999.0
RE1,DEMTRAELCBUS_ART,2029,99999.0
RE1,DEMTRAELCBUS_ART,2030,99999.0
RE1,DEMTRAELCBUS_ART,2031,99999.0
RE1,DEMTRAELCBUS_ART,2032,99999.0
RE1,DEMTRAELCBUS_ART,2033,99999.0
RE1,DEMTRAELCBUS_ART,2034,99999.0
RE1,DEMTRAELCBUS_ART,2035,99999.0
RE1,DEMTRAELCBUS_ART,2036,99999.0
RE1,DEMTRAELCBUS_ART,2037,99999.0
RE1,DEMTRAELCBUS_ART,2038,99999.0
RE1,DEMTRAELCBUS_ART,2039,99999.0
RE1,DEMTRAELCBUS_ART,2040,99999.0
RE1,DEMTRAELCBUS_ART,2041,99999.0
RE1,DEMTRAELCBUS_ART,2042,99999.0
RE1,DEMTRAELCBUS_ART,2043,99999.0
RE1,DEMTRAELCBUS_ART,2044,99999.0
RE1,DEMTRAELCBUS_ART,2045,99999.0
RE1,DEMTRAELCBUS_ART,2046,99999.0
RE1,DEMTRAELCBUS_ART,2047,99999.0
RE1,DEMTRAELCBUS_ART,2048,99999.0
RE1,DEMTRAELCBUS_ART,2049,99999.0
RE1,DEMTRAELCBUS_ART,2050,99999.0
RE1,DEMTRAELCBUS_ART,2051,99999.0
RE1,DEMTRAELCBUS_ART,2052,99999.0
RE1,DEMTRAELCBUS_ART,2053,99999.0
RE1,DEMTRAELCBUS_ART,2054,99999.0
RE1,DEMTRAELCBUS_ART,2055,99999.0
RE1,DEMTRAELCBUS_BIA,2022,99999.0
RE1,DEMTRAELCBUS_BIA,2023,99999.0
RE1,DEMTRAELCBUS_BIA,2024,99999.0
RE1,DEMTRAELCBUS_BIA,2025,99999.0
RE1,DEMTRAELCBUS_BIA,2026,99999.0
RE1,DEMTRAELCBUS_BIA,2027,99999.0
RE1,DEMTRAELCBUS_BIA,2028,99999.0
RE1,DEMTRAELCBUS_BIA,2029,99999.0
RE1,DEMTRAELCBUS_BIA,2030,99999.0
RE1,DEMTRAELCBUS_BIA,2031,99999.0
RE1,DEMTRAELCBUS_BIA,2032,99999.0
RE1,DEMTRAELCBUS_BIA,2033,99999.0
RE1,DEMTRAELCBUS_BIA,2034,99999.0
RE1,DEMTRAELCBUS_BIA,2035,99999.0
RE1,DEMTRAELCBUS_BIA,2036,99999.0
RE1,DEMTRAELCBUS_BIA,2037,99999.0
RE1,DEMTRAELCBUS_BIA,2038,99999.0
RE1,DEMTRAELCBUS_BIA,2039,99999.0
RE1,DEMTRAELCBUS_BIA,2040,99999.0
RE1,DEMTRAELCBUS_BIA,2041,99999.0
RE1,DEMTRAELCBUS_BIA,2042,99999.0
RE1,DEMTRAELCBUS_BIA,2043,99999.0
RE1,DEMTRAELCBUS_BIA,2044,99999.0
RE1,DEMTRAELCBUS_BIA,2045,99999.0
RE1,DEMTRAELCBUS_BIA,2046,99999.0
RE1,DEMTRAELCBUS_BIA,2047,99999.0
RE1,DEMTRAELCBUS_BIA,2048,99999.0
RE1,DEMTRAELCBUS_BIA,2049,99999.0
RE1,DEMTRAELCBUS_BIA,2050,99999.0
RE1,DEMTRAELCBUS_BIA,2051,99999.0
RE1,DEMTRAELCBUS_BIA,2052,99999.0
RE1,DEMTRAELCBUS_BIA,2053,99999.0
RE1,DEMTRAELCBUS_BIA,2054,99999.0
RE1,DEMTRAELCBUS_BIA,2055,99999.0
RE1,DEMTRAELCBUS_IMU,2022,99999.0
RE1,DEMTRAELCBUS_IMU,2023,99999.0
RE1,DEMTRAELCBUS_IMU,2024,99999.0
RE1,DEMTRAELCBUS_IMU,2025,99999.0
RE1,DEMTRAELCBUS_IMU,2026,99999.0
RE1,DEMTRAELCBUS_IMU,2027,99999.0
RE1,DEMTRAELCBUS_IMU,2028,99999.0
RE1,DEMTRAELCBUS_IMU,2029,99999.0
RE1,DEMTRAELCBUS_IMU,2030,99999.0
RE1,DEMTRAELCBUS_IMU,2031,99999.0
RE1,DEMTRAELCBUS_IMU,2032,99999.0
RE1,DEMTRAELCBUS_IMU,2033,99999.0
RE1,DEMTRAELCBUS_IMU,2034,99999.0
RE1,DEMTRAELCBUS_IMU,2035,99999.0
RE1,DEMTRAELCBUS_IMU,2036,99999.0
RE1,DEMTRAELCBUS_IMU,2037,99999.0
RE1,DEMTRAELCBUS_IMU,2038,99999.0
RE1,DEMTRAELCBUS_IMU,2039,99999.0
RE1,DEMTRAELCBUS_IMU,2040,99999.0
RE1,DEMTRAELCBUS_IMU,2041,99999.0
RE1,DEMTRAELCBUS_IMU,2042,99999.0
RE1,DEMTRAELCBUS_IMU,2043,99999.0
RE1,DEMTRAELCBUS_IMU,2044,99999.0
RE1,DEMTRAELCBUS_IMU,2045,99999.0
RE1,DEMTRAELCBUS_IMU,2046,99999.0
RE1,DEMTRAELCBUS_IMU,2047,99999.0
RE1,DEMTRAELCBUS_IMU,2048,99999.0
RE1,DEMTRAELCBUS_IMU,2049,99999.0
RE1,DEMTRAELCBUS_IMU,2050,99999.0
RE1,DEMTRAELCBUS_IMU,2051,99999.0
RE1,DEMTRAELCBUS_IMU,2052,99999.0
RE1,DEMTRAELCBUS_IMU,2053,99999.0
RE1,DEMTRAELCBUS_IMU,2054,99999.0
RE1,DEMTRAELCBUS_IMU,2055,99999.0
RE1,DEMTRAELCBUS_URB,2022,99999.0
RE1,DEMTRAELCBUS_URB,2023,99999.0
RE1,DEMTRAELCBUS_URB,2024,99999.0
RE1,DEMTRAELCBUS_URB,2025,99999.0
RE1,DEMTRAELCBUS_URB,2026,99999.0
RE1,DEMTRAELCBUS_URB,2027,99999.0
RE1,DEMTRAELCBUS_URB,2028,99999.0
RE1,DEMTRAELCBUS_URB,2029,99999.0
RE1,DEMTRAELCBUS_URB,2030,99999.0
RE1,DEMTRAELCBUS_URB,2031,99999.0
RE1,DEMTRAELCBUS_URB,2032,99999.0
RE1,DEMTRAELCBUS_URB,2033,99999.0
RE1,DEMTRAELCBUS_URB,2034,99999.0
RE1,DEMTRAELCBUS_URB,2035,99999.0
RE1,DEMTRAELCBUS_URB,2036,99999.0
RE1,DEMTRAELCBUS_URB,2037,99999.0
RE1,DEMTRAELCBUS_URB,2038,99999.0
RE1,DEMTRAELCBUS_URB,2039,99999.0
RE1,DEMTRAELCBUS_URB,2040,99999.0
RE1,DEMTRAELCBUS_URB,2041,99999.0
RE1,DEMTRAELCBUS_URB,2042,99999.0
RE1,DEMTRAELCBUS_URB,2043,99999.0
RE1,DEMTRAELCBUS_URB,2044,99999.0
RE1,DEMTRAELCBUS_URB,2045,99999.0
RE1,DEMTRAELCBUS_URB,2046,99999.0
RE1,DEMTRAELCBUS_URB,2047,99999.0
RE1,DEMTRAELCBUS_URB,2048,99999.0
RE1,DEMTRAELCBUS_URB,2049,99999.0
RE1,DEMTRAELCBUS_URB,2050,99999.0
RE1,DEMTRAELCBUS_URB,2051,99999.0
RE1,DEMTRAELCBUS_URB,2052,99999.0
RE1,DEMTRAELCBUS_URB,2053,99999.0
RE1,DEMTRAELCBUS_URB,2054,99999.0
RE1,DEMTRAELCBUS_URB,2055,99999.0
RE1,DEMTRAELCFWD,2022,99999.0
RE1,DEMTRAELCFWD,2023,99999.0
RE1,DEMTRAELCFWD,2024,99999.0
RE1,DEMTRAELCFWD,2025,99999.0
RE1,DEMTRAELCFWD,2026,99999.0
RE1,DEMTRAELCFWD,2027,99999.0
RE1,DEMTRAELCFWD,2028,99999.0
RE1,DEMTRAELCFWD,2029,99999.0
RE1,DEMTRAELCFWD,2030,99999.0
RE1,DEMTRAELCFWD,2031,99999.0
RE1,DEMTRAELCFWD,2032,99999.0
RE1,DEMTRAELCFWD,2033,99999.0
RE1,DEMTRAELCFWD,2034,99999.0
RE1,DEMTRAELCFWD,2035,99999.0
RE1,DEMTRAELCFWD,2036,99999.0
RE1,DEMTRAELCFWD,2037,99999.0
RE1,DEMTRAELCFWD,2038,99999.0
RE1,DEMTRAELCFWD,2039,99999.0
RE1,DEMTRAELCFWD,2040,99999.0
RE1,DEMTRAELCFWD,2041,99999.0
RE1,DEMTRAELCFWD,2042,99999.0
RE1,DEMTRAELCFWD,2043,99999.0
RE1,DEMTRAELCFWD,2044,99999.0
RE1,DEMTRAELCFWD,2045,99999.0
RE1,DEMTRAELCFWD,2046,99999.0
RE1,DEMTRAELCFWD,2047,99999.0
RE1,DEMTRAELCFWD,2048,99999.0
RE1,DEMTRAELCFWD,2049,99999.0
RE1,DEMTRAELCFWD,2050,99999.0
RE1,DEMTRAELCFWD,2051,99999.0
RE1,DEMTRAELCFWD,2052,99999.0
RE1,DEMTRAELCFWD,2053,99999.0
RE1,DEMTRAELCFWD,2054,99999.0
RE1,DEMTRAELCFWD,2055,99999.0
RE1,DEMTRAELCLDV,2022,99999.0
RE1,DEMTRAELCLDV,2023,99999.0
RE1,DEMTRAELCLDV,2024,99999.0
RE1,DEMTRAELCLDV,2025,99999.0
RE1,DEMTRAELCLDV,2026,99999.0
RE1,DEMTRAELCLDV,2027,99999.0
RE1,DEMTRAELCLDV,2028,99999.0
RE1,DEMTRAELCLDV,2029,99999.0
RE1,DEMTRAELCLDV,2030,99999.0
RE1,DEMTRAELCLDV,2031,99999.0
RE1,DEMTRAELCLDV,2032,99999.0
RE1,DEMTRAELCLDV,2033,99999.0
RE1,DEMTRAELCLDV,2034,99999.0
RE1,DEMTRAELCLDV,2035,99999.0
RE1,DEMTRAELCLDV,2036,99999.0
RE1,DEMTRAELCLDV,2037,99999.0
RE1,DEMTRAELCLDV,2038,99999.0
RE1,DEMTRAELCLDV,2039,99999.0
RE1,DEMTRAELCLDV,2040,99999.0
RE1,DEMTRAELCLDV,2041,99999.0
RE1,DEMTRAELCLDV,2042,99999.0
RE1,DEMTRAELCLDV,2043,99999.0
RE1,DEMTRAELCLDV,2044,99999.0
RE1,DEMTRAELCLDV,2045,99999.0
RE1,DEMTRAELCLDV,2046,99999.0
RE1,DEMTRAELCLDV,2047,99999.0
RE1,DEMTRAELCLDV,2048,99999.0
RE1,DEMTRAELCLDV,2049,99999.0
RE1,DEMTRAELCLDV,2050,99999.0
RE1,DEMTRAELCLDV,2051,99999.0
RE1,DEMTRAELCLDV,2052,99999.0
RE1,DEMTRAELCLDV,2053,99999.0
RE1,DEMTRAELCLDV,2054,99999.0
RE1,DEMTRAELCLDV,2055,99999.0
RE1,DEMTRAELCMET,2022,99999.0
RE1,DEMTRAELCMET,2023,99999.0
RE1,DEMTRAELCMET,2024,99999.0
RE1,DEMTRAELCMET,2025,99999.0
RE1,DEMTRAELCMET,2026,99999.0
RE1,DEMTRAELCMET,2027,99999.0
RE1,DEMTRAELCMET,2028,99999.0
RE1,DEMTRAELCMET,2029,99999.0
RE1,DEMTRAELCMET,2030,99999.0
RE1,DEMTRAELCMET,2031,99999.0
RE1,DEMTRAELCMET,2032,99999.0
RE1,DEMTRAELCMET,2033,99999.0
RE1,DEMTRAELCMET,2034,99999.0
RE1,DEMTRAELCMET,2035,99999.0
RE1,DEMTRAELCMET,2036,99999.0
RE1,DEMTRAELCMET,2037,99999.0
RE1,DEMTRAELCMET,2038,99999.0
RE1,DEMTRAELCMET,2039,99999.0
RE1,DEMTRAELCMET,2040,99999.0
RE1,DEMTRAELCMET,2041,99999.0
RE1,DEMTRAELCMET,2042,99999.0
RE1,DEMTRAELCMET,2043,99999.0
RE1,DEMTRAELCMET,2044,99999.0
RE1,DEMTRAELCMET,2045,99999.0
RE1,DEMTRAELCMET,2046,99999.0
RE1,DEMTRAELCMET,2047,99999.0
RE1,DEMTRAELCMET,2048,99999.0
RE1,DEMTRAELCMET,2049,99999.0
RE1,DEMTRAELCMET,2050,99999.0
RE1,DEMTRAELCMET,2051,99999.0
RE1,DEMTRAELCMET,2052,99999.0
RE1,DEMTRAELCMET,2053,99999.0
RE1,DEMTRAELCMET,2054,99999.0
RE1,DEMTRAELCMET,2055,99999.0
RE1,DEMTRAELCMIC,2022,99999.0
RE1,DEMTRAELCMIC,2023,99999.0
RE1,DEMTRAELCMIC,2024,99999.0
RE1,DEMTRAELCMIC,2025,99999.0
RE1,DEMTRAELCMIC,2026,99999.0
RE1,DEMTRAELCMIC,2027,99999.0
RE1,DEMTRAELCMIC,2028,99999.0
RE1,DEMTRAELCMIC,2029,99999.0
RE1,DEMTRAELCMIC,2030,99999.0
RE1,DEMTRAELCMIC,2031,99999.0
RE1,DEMTRAELCMIC,2032,99999.0
RE1,DEMTRAELCMIC,2033,99999.0
RE1,DEMTRAELCMIC,2034,99999.0
RE1,DEMTRAELCMIC,2035,99999.0
RE1,DEMTRAELCMIC,2036,99999.0
RE1,DEMTRAELCMIC,2037,99999.0
RE1,DEMTRAELCMIC,2038,99999.0
RE1,DEMTRAELCMIC,2039,99999.0
RE1,DEMTRAELCMIC,2040,99999.0
RE1,DEMTRAELCMIC,2041,99999.0
RE1,DEMTRAELCMIC,2042,99999.0
RE1,DEMTRAELCMIC,2043,99999.0
RE1,DEMTRAELCMIC,2044,99999.0
RE1,DEMTRAELCMIC,2045,99999.0
RE1,DEMTRAELCMIC,2046,99999.0
RE1,DEMTRAELCMIC,2047,99999.0
RE1,DEMTRAELCMIC,2048,99999.0
RE1,DEMTRAELCMIC,2049,99999.0
RE1,DEMTRAELCMIC,2050,99999.0
RE1,DEMTRAELCMIC,2051,99999.0
RE1,DEMTRAELCMIC,2052,99999.0
RE1,DEMTRAELCMIC,2053,99999.0
RE1,DEMTRAELCMIC,2054,99999.0
RE1,DEMTRAELCMIC,2055,99999.0
RE1,DEMTRAELCMOT,2022,99999.0
RE1,DEMTRAELCMOT,2023,99999.0
RE1,DEMTRAELCMOT,2024,99999.0
RE1,DEMTRAELCMOT,2025,99999.0
RE1,DEMTRAELCMOT,2026,99999.0
RE1,DEMTRAELCMOT,2027,99999.0
RE1,DEMTRAELCMOT,2028,99999.0
RE1,DEMTRAELCMOT,2029,99999.0
RE1,DEMTRAELCMOT,2030,99999.0
RE1,DEMTRAELCMOT,2031,99999.0
RE1,DEMTRAELCMOT,2032,99999.0
RE1,DEMTRAELCMOT,2033,99999.0
RE1,DEMTRAELCMOT,2034,99999.0
RE1,DEMTRAELCMOT,2035,99999.0
RE1,DEMTRAELCMOT,2036,99999.0
RE1,DEMTRAELCMOT,2037,99999.0
RE1,DEMTRAELCMOT,2038,99999.0
RE1,DEMTRAELCMOT,2039,99999.0
RE1,DEMTRAELCMOT,2040,99999.0
RE1,DEMTRAELCMOT,2041,99999.0
RE1,DEMTRAELCMOT,2042,99999.0
RE1,DEMTRAELCMOT,2043,99999.0
RE1,DEMTRAELCMOT,2044,99999.0
RE1,DEMTRAELCMOT,2045,99999.0
RE1,DEMTRAELCMOT,2046,99999.0
RE1,DEMTRAELCMOT,2047,99999.0
RE1,DEMTRAELCMOT,2048,99999.0
RE1,DEMTRAELCMOT,2049,99999.0
RE1,DEMTRAELCMOT,2050,99999.0
RE1,DEMTRAELCMOT,2051,99999.0
RE1,DEMTRAELCMOT,2052,99999.0
RE1,DEMTRAELCMOT,2053,99999.0
RE1,DEMTRAELCMOT,2054,99999.0
RE1,DEMTRAELCMOT,2055,99999.0
RE1,DEMTRAELCSTT,2022,99999.0
RE1,DEMTRAELCSTT,2023,99999.0
RE1,DEMTRAELCSTT,2024,99999.0
RE1,DEMTRAELCSTT,2025,99999.0
RE1,DEMTRAELCSTT,2026,99999.0
RE1,DEMTRAELCSTT,2027,99999.0
RE1,DEMTRAELCSTT,2028,99999.0
RE1,DEMTRAELCSTT,2029,99999.0
RE1,DEMTRAELCSTT,2030,99999.0
RE1,DEMTRAELCSTT,2031,99999.0
RE1,DEMTRAELCSTT,2032,99999.0
RE1,DEMTRAELCSTT,2033,99999.0
RE1,DEMTRAELCSTT,2034,99999.0
RE1,DEMTRAELCSTT,2035,99999.0
RE1,DEMTRAELCSTT,2036,99999.0
RE1,DEMTRAELCSTT,2037,99999.0
RE1,DEMTRAELCSTT,2038,99999.0
RE1,DEMTRAELCSTT,2039,99999.0
RE1,DEMTRAELCSTT,2040,99999.0
RE1,DEMTRAELCSTT,2041,99999.0
RE1,DEMTRAELCSTT,2042,99999.0
RE1,DEMTRAELCSTT,2043,99999.0
RE1,DEMTRAELCSTT,2044,99999.0
RE1,DEMTRAELCSTT,2045,99999.0
RE1,DEMTRAELCSTT,2046,99999.0
RE1,DEMTRAELCSTT,2047,99999.0
RE1,DEMTRAELCSTT,2048,99999.0
RE1,DEMTRAELCSTT,2049,99999.0
RE1,DEMTRAELCSTT,2050,99999.0
RE1,DEMTRAELCSTT,2051,99999.0
RE1,DEMTRAELCSTT,2052,99999.0
RE1,DEMTRAELCSTT,2053,99999.0
RE1,DEMTRAELCSTT,2054,99999.0
RE1,DEMTRAELCSTT,2055,99999.0
RE1,DEMTRAELCTAX,2022,99999.0
RE1,DEMTRAELCTAX,2023,99999.0
RE1,DEMTRAELCTAX,2024,99999.0
RE1,DEMTRAELCTAX,2025,99999.0
RE1,DEMTRAELCTAX,2026,99999.0
RE1,DEMTRAELCTAX,2027,99999.0
RE1,DEMTRAELCTAX,2028,99999.0
RE1,DEMTRAELCTAX,2029,99999.0
RE1,DEMTRAELCTAX,2030,99999.0
RE1,DEMTRAELCTAX,2031,99999.0
RE1,DEMTRAELCTAX,2032,99999.0
RE1,DEMTRAELCTAX,2033,99999.0
RE1,DEMTRAELCTAX,2034,99999.0
RE1,DEMTRAELCTAX,2035,99999.0
RE1,DEMTRAELCTAX,2036,99999.0
RE1,DEMTRAELCTAX,2037,99999.0
RE1,DEMTRAELCTAX,2038,99999.0
RE1,DEMTRAELCTAX,2039,99999.0
RE1,DEMTRAELCTAX,2040,99999.0
RE1,DEMTRAELCTAX,2041,99999.0
RE1,DEMTRAELCTAX,2042,99999.0
RE1,DEMTRAELCTAX,2043,99999.0
RE1,DEMTRAELCTAX,2044,99999.0
RE1,DEMTRAELCTAX,2045,99999.0
RE1,DEMTRAELCTAX,2046,99999.0
RE1,DEMTRAELCTAX,2047,99999.0
RE1,DEMTRAELCTAX,2048,99999.0
RE1,DEMTRAELCTAX,2049,99999.0
RE1,DEMTRAELCTAX,2050,99999.0
RE1,DEMTRAELCTAX,2051,99999.0
RE1,DEMTRAELCTAX,2052,99999.0
RE1,DEMTRAELCTAX,2053,99999.0
RE1,DEMTRAELCTAX,2054,99999.0
RE1,DEMTRAELCTAX,2055,99999.0
RE1,DEMTRAELCTCK_C2P,2022,99999.0
RE1,DEMTRAELCTCK_C2P,2023,99999.0
RE1,DEMTRAELCTCK_C2P,2024,99999.0
RE1,DEMTRAELCTCK_C2P,2025,99999.0
RE1,DEMTRAELCTCK_C2P,2026,99999.0
RE1,DEMTRAELCTCK_C2P,2027,99999.0
RE1,DEMTRAELCTCK_C2P,2028,99999.0
RE1,DEMTRAELCTCK_C2P,2029,99999.0
RE1,DEMTRAELCTCK_C2P,2030,99999.0
RE1,DEMTRAELCTCK_C2P,2031,99999.0
RE1,DEMTRAELCTCK_C2P,2032,99999.0
RE1,DEMTRAELCTCK_C2P,2033,99999.0
RE1,DEMTRAELCTCK_C2P,2034,99999.0
RE1,DEMTRAELCTCK_C2P,2035,99999.0
RE1,DEMTRAELCTCK_C2P,2036,99999.0
RE1,DEMTRAELCTCK_C2P,2037,99999.0
RE1,DEMTRAELCTCK_C2P,2038,99999.0
RE1,DEMTRAELCTCK_C2P,2039,99999.0
RE1,DEMTRAELCTCK_C2P,2040,99999.0
RE1,DEMTRAELCTCK_C2P,2041,99999.0
RE1,DEMTRAELCTCK_C2P,2042,99999.0
RE1,DEMTRAELCTCK_C2P,2043,99999.0
RE1,DEMTRAELCTCK_C2P,2044,99999.0
RE1,DEMTRAELCTCK_C2P,2045,99999.0
RE1,DEMTRAELCTCK_C2P,2046,99999.0
RE1,DEMTRAELCTCK_C2P,2047,99999.0
RE1,DEMTRAELCTCK_C2P,2048,99999.0
RE1,DEMTRAELCTCK_C2P,2049,99999.0
RE1,DEMTRAELCTCK_C2P,2050,99999.0
RE1,DEMTRAELCTCK_C2P,2051,99999.0
RE1,DEMTRAELCTCK_C2P,2052,99999.0
RE1,DEMTRAELCTCK_C2P,2053,99999.0
RE1,DEMTRAELCTCK_C2P,2054,99999.0
RE1,DEMTRAELCTCK_C2P,2055,99999.0
RE1,DEMTRAELCTCK_CSG,2022,99999.0
RE1,DEMTRAELCTCK_CSG,2023,99999.0
RE1,DEMTRAELCTCK_CSG,2024,99999.0
RE1,DEMTRAELCTCK_CSG,2025,99999.0
RE1,DEMTRAELCTCK_CSG,2026,99999.0
RE1,DEMTRAELCTCK_CSG,2027,99999.0
RE1,DEMTRAELCTCK_CSG,2028,99999.0
RE1,DEMTRAELCTCK_CSG,2029,99999.0
RE1,DEMTRAELCTCK_CSG,2030,99999.0
RE1,DEMTRAELCTCK_CSG,2031,99999.0
RE1,DEMTRAELCTCK_CSG,2032,99999.0
RE1,DEMTRAELCTCK_CSG,2033,99999.0
RE1,DEMTRAELCTCK_CSG,2034,99999.0
RE1,DEMTRAELCTCK_CSG,2035,99999.0
RE1,DEMTRAELCTCK_CSG,2036,99999.0
RE1,DEMTRAELCTCK_CSG,2037,99999.0
RE1,DEMTRAELCTCK_CSG,2038,99999.0
RE1,DEMTRAELCTCK_CSG,2039,99999.0
RE1,DEMTRAELCTCK_CSG,2040,99999.0
RE1,DEMTRAELCTCK_CSG,2041,99999.0
RE1,DEMTRAELCTCK_CSG,2042,99999.0
RE1,DEMTRAELCTCK_CSG,2043,99999.0
RE1,DEMTRAELCTCK_CSG,2044,99999.0
RE1,DEMTRAELCTCK_CSG,2045,99999.0
RE1,DEMTRAELCTCK_CSG,2046,99999.0
RE1,DEMTRAELCTCK_CSG,2047,99999.0
RE1,DEMTRAELCTCK_CSG,2048,99999.0
RE1,DEMTRAELCTCK_CSG,2049,99999.0
RE1,DEMTRAELCTCK_CSG,2050,99999.0
RE1,DEMTRAELCTCK_CSG,2051,99999.0
RE1,DEMTRAELCTCK_CSG,2052,99999.0
RE1,DEMTRAELCTCK_CSG,2053,99999.0
RE1,DEMTRAELCTCK_CSG,2054,99999.0
RE1,DEMTRAELCTCK_CSG,2055,99999.0
RE1,DEMTRAFOLSHP,2022,99999.0
RE1,DEMTRAFOLSHP,2023,99999.0
RE1,DEMTRAFOLSHP,2024,99999.0
RE1,DEMTRAFOLSHP,2025,99999.0
RE1,DEMTRAFOLSHP,2026,99999.0
RE1,DEMTRAFOLSHP,2027,99999.0
RE1,DEMTRAFOLSHP,2028,99999.0
RE1,DEMTRAFOLSHP,2029,99999.0
RE1,DEMTRAFOLSHP,2030,99999.0
RE1,DEMTRAFOLSHP,2031,99999.0
RE1,DEMTRAFOLSHP,2032,99999.0
RE1,DEMTRAFOLSHP,2033,99999.0
RE1,DEMTRAFOLSHP,2034,99999.0
RE1,DEMTRAFOLSHP,2035,99999.0
RE1,DEMTRAFOLSHP,2036,99999.0
RE1,DEMTRAFOLSHP,2037,99999.0
RE1,DEMTRAFOLSHP,2038,99999.0
RE1,DEMTRAFOLSHP,2039,99999.0
RE1,DEMTRAFOLSHP,2040,99999.0
RE1,DEMTRAFOLSHP,2041,99999.0
RE1,DEMTRAFOLSHP,2042,99999.0
RE1,DEMTRAFOLSHP,2043,99999.0
RE1,DEMTRAFOLSHP,2044,99999.0
RE1,DEMTRAFOLSHP,2045,99999.0
RE1,DEMTRAFOLSHP,2046,99999.0
RE1,DEMTRAFOLSHP,2047,99999.0
RE1,DEMTRAFOLSHP,2048,99999.0
RE1,DEMTRAFOLSHP,2049,99999.0
RE1,DEMTRAFOLSHP,2050,99999.0
RE1,DEMTRAFOLSHP,2051,99999.0
RE1,DEMTRAFOLSHP,2052,99999.0
RE1,DEMTRAFOLSHP,2053,99999.0
RE1,DEMTRAFOLSHP,2054,99999.0
RE1,DEMTRAFOLSHP,2055,99999.0
RE1,DEMTRAGSLBOT,2022,99999.0
RE1,DEMTRAGSLBOT,2023,99999.0
RE1,DEMTRAGSLBOT,2024,99999.0
RE1,DEMTRAGSLBOT,2025,99999.0
RE1,DEMTRAGSLBOT,2026,99999.0
RE1,DEMTRAGSLBOT,2027,99999.0
RE1,DEMTRAGSLBOT,2028,99999.0
RE1,DEMTRAGSLBOT,2029,99999.0
RE1,DEMTRAGSLBOT,2030,99999.0
RE1,DEMTRAGSLBOT,2031,99999.0
RE1,DEMTRAGSLBOT,2032,99999.0
RE1,DEMTRAGSLBOT,2033,99999.0
RE1,DEMTRAGSLBOT,2034,99999.0
RE1,DEMTRAGSLBOT,2035,99999.0
RE1,DEMTRAGSLBOT,2036,99999.0
RE1,DEMTRAGSLBOT,2037,99999.0
RE1,DEMTRAGSLBOT,2038,99999.0
RE1,DEMTRAGSLBOT,2039,99999.0
RE1,DEMTRAGSLBOT,2040,99999.0
RE1,DEMTRAGSLBOT,2041,99999.0
RE1,DEMTRAGSLBOT,2042,99999.0
RE1,DEMTRAGSLBOT,2043,99999.0
RE1,DEMTRAGSLBOT,2044,99999.0
RE1,DEMTRAGSLBOT,2045,99999.0
RE1,DEMTRAGSLBOT,2046,99999.0
RE1,DEMTRAGSLBOT,2047,99999.0
RE1,DEMTRAGSLBOT,2048,99999.0
RE1,DEMTRAGSLBOT,2049,99999.0
RE1,DEMTRAGSLBOT,2050,99999.0
RE1,DEMTRAGSLBOT,2051,99999.0
RE1,DEMTRAGSLBOT,2052,99999.0
RE1,DEMTRAGSLBOT,2053,99999.0
RE1,DEMTRAGSLBOT,2054,99999.0
RE1,DEMTRAGSLBOT,2055,99999.0
RE1,DEMTRAGSLBUS_IMU,2022,99999.0
RE1,DEMTRAGSLBUS_IMU,2023,99999.0
RE1,DEMTRAGSLBUS_IMU,2024,99999.0
RE1,DEMTRAGSLBUS_IMU,2025,99999.0
RE1,DEMTRAGSLBUS_IMU,2026,99999.0
RE1,DEMTRAGSLBUS_IMU,2027,99999.0
RE1,DEMTRAGSLBUS_IMU,2028,99999.0
RE1,DEMTRAGSLBUS_IMU,2029,99999.0
RE1,DEMTRAGSLBUS_IMU,2030,99999.0
RE1,DEMTRAGSLBUS_IMU,2031,99999.0
RE1,DEMTRAGSLBUS_IMU,2032,99999.0
RE1,DEMTRAGSLBUS_IMU,2033,99999.0
RE1,DEMTRAGSLBUS_IMU,2034,99999.0
RE1,DEMTRAGSLBUS_IMU,2035,99999.0
RE1,DEMTRAGSLBUS_IMU,2036,99999.0
RE1,DEMTRAGSLBUS_IMU,2037,99999.0
RE1,DEMTRAGSLBUS_IMU,2038,99999.0
RE1,DEMTRAGSLBUS_IMU,2039,99999.0
RE1,DEMTRAGSLBUS_IMU,2040,99999.0
RE1,DEMTRAGSLBUS_IMU,2041,99999.0
RE1,DEMTRAGSLBUS_IMU,2042,99999.0
RE1,DEMTRAGSLBUS_IMU,2043,99999.0
RE1,DEMTRAGSLBUS_IMU,2044,99999.0
RE1,DEMTRAGSLBUS_IMU,2045,99999.0
RE1,DEMTRAGSLBUS_IMU,2046,99999.0
RE1,DEMTRAGSLBUS_IMU,2047,99999.0
RE1,DEMTRAGSLBUS_IMU,2048,99999.0
RE1,DEMTRAGSLBUS_IMU,2049,99999.0
RE1,DEMTRAGSLBUS_IMU,2050,99999.0
RE1,DEMTRAGSLBUS_IMU,2051,99999.0
RE1,DEMTRAGSLBUS_IMU,2052,99999.0
RE1,DEMTRAGSLBUS_IMU,2053,99999.0
RE1,DEMTRAGSLBUS_IMU,2054,99999.0
RE1,DEMTRAGSLBUS_IMU,2055,99999.0
RE1,DEMTRAGSLFWD,2022,99999.0
RE1,DEMTRAGSLFWD,2023,99999.0
RE1,DEMTRAGSLFWD,2024,99999.0
RE1,DEMTRAGSLFWD,2025,99999.0
RE1,DEMTRAGSLFWD,2026,99999.0
RE1,DEMTRAGSLFWD,2027,99999.0
RE1,DEMTRAGSLFWD,2028,99999.0
RE1,DEMTRAGSLFWD,2029,99999.0
RE1,DEMTRAGSLFWD,2030,99999.0
RE1,DEMTRAGSLFWD,2031,99999.0
RE1,DEMTRAGSLFWD,2032,99999.0
RE1,DEMTRAGSLFWD,2033,99999.0
RE1,DEMTRAGSLFWD,2034,99999.0
RE1,DEMTRAGSLFWD,2035,99999.0
RE1,DEMTRAGSLFWD,2036,99999.0
RE1,DEMTRAGSLFWD,2037,99999.0
RE1,DEMTRAGSLFWD,2038,99999.0
RE1,DEMTRAGSLFWD,2039,99999.0
RE1,DEMTRAGSLFWD,2040,99999.0
RE1,DEMTRAGSLFWD,2041,99999.0
RE1,DEMTRAGSLFWD,2042,99999.0
RE1,DEMTRAGSLFWD,2043,99999.0
RE1,DEMTRAGSLFWD,2044,99999.0
RE1,DEMTRAGSLFWD,2045,99999.0
RE1,DEMTRAGSLFWD,2046,99999.0
RE1,DEMTRAGSLFWD,2047,99999.0
RE1,DEMTRAGSLFWD,2048,99999.0
RE1,DEMTRAGSLFWD,2049,99999.0
RE1,DEMTRAGSLFWD,2050,99999.0
RE1,DEMTRAGSLFWD,2051,99999.0
RE1,DEMTRAGSLFWD,2052,99999.0
RE1,DEMTRAGSLFWD,2053,99999.0
RE1,DEMTRAGSLFWD,2054,99999.0
RE1,DEMTRAGSLFWD,2055,99999.0
RE1,DEMTRAGSLLDV,2022,99999.0
RE1,DEMTRAGSLLDV,2023,99999.0
RE1,DEMTRAGSLLDV,2024,99999.0
RE1,DEMTRAGSLLDV,2025,99999.0
RE1,DEMTRAGSLLDV,2026,99999.0
RE1,DEMTRAGSLLDV,2027,99999.0
RE1,DEMTRAGSLLDV,2028,99999.0
RE1,DEMTRAGSLLDV,2029,99999.0
RE1,DEMTRAGSLLDV,2030,99999.0
RE1,DEMTRAGSLLDV,2031,99999.0
RE1,DEMTRAGSLLDV,2032,99999.0
RE1,DEMTRAGSLLDV,2033,99999.0
RE1,DEMTRAGSLLDV,2034,99999.0
RE1,DEMTRAGSLLDV,2035,99999.0
RE1,DEMTRAGSLLDV,2036,99999.0
RE1,DEMTRAGSLLDV,2037,99999.0
RE1,DEMTRAGSLLDV,2038,99999.0
RE1,DEMTRAGSLLDV,2039,99999.0
RE1,DEMTRAGSLLDV,2040,99999.0
RE1,DEMTRAGSLLDV,2041,99999.0
RE1,DEMTRAGSLLDV,2042,99999.0
RE1,DEMTRAGSLLDV,2043,99999.0
RE1,DEMTRAGSLLDV,2044,99999.0
RE1,DEMTRAGSLLDV,2045,99999.0
RE1,DEMTRAGSLLDV,2046,99999.0
RE1,DEMTRAGSLLDV,2047,99999.0
RE1,DEMTRAGSLLDV,2048,99999.0
RE1,DEMTRAGSLLDV,2049,99999.0
RE1,DEMTRAGSLLDV,2050,99999.0
RE1,DEMTRAGSLLDV,2051,99999.0
RE1,DEMTRAGSLLDV,2052,99999.0
RE1,DEMTRAGSLLDV,2053,99999.0
RE1,DEMTRAGSLLDV,2054,99999.0
RE1,DEMTRAGSLLDV,2055,99999.0
RE1,DEMTRAGSLMIC,2022,99999.0
RE1,DEMTRAGSLMIC,2023,99999.0
RE1,DEMTRAGSLMIC,2024,99999.0
RE1,DEMTRAGSLMIC,2025,99999.0
RE1,DEMTRAGSLMIC,2026,99999.0
RE1,DEMTRAGSLMIC,2027,99999.0
RE1,DEMTRAGSLMIC,2028,99999.0
RE1,DEMTRAGSLMIC,2029,99999.0
RE1,DEMTRAGSLMIC,2030,99999.0
RE1,DEMTRAGSLMIC,2031,99999.0
RE1,DEMTRAGSLMIC,2032,99999.0
RE1,DEMTRAGSLMIC,2033,99999.0
RE1,DEMTRAGSLMIC,2034,99999.0
RE1,DEMTRAGSLMIC,2035,99999.0
RE1,DEMTRAGSLMIC,2036,99999.0
RE1,DEMTRAGSLMIC,2037,99999.0
RE1,DEMTRAGSLMIC,2038,99999.0
RE1,DEMTRAGSLMIC,2039,99999.0
RE1,DEMTRAGSLMIC,2040,99999.0
RE1,DEMTRAGSLMIC,2041,99999.0
RE1,DEMTRAGSLMIC,2042,99999.0
RE1,DEMTRAGSLMIC,2043,99999.0
RE1,DEMTRAGSLMIC,2044,99999.0
RE1,DEMTRAGSLMIC,2045,99999.0
RE1,DEMTRAGSLMIC,2046,99999.0
RE1,DEMTRAGSLMIC,2047,99999.0
RE1,DEMTRAGSLMIC,2048,99999.0
RE1,DEMTRAGSLMIC,2049,99999.0
RE1,DEMTRAGSLMIC,2050,99999.0
RE1,DEMTRAGSLMIC,2051,99999.0
RE1,DEMTRAGSLMIC,2052,99999.0
RE1,DEMTRAGSLMIC,2053,99999.0
RE1,DEMTRAGSLMIC,2054,99999.0
RE1,DEMTRAGSLMIC,2055,99999.0
RE1,DEMTRAGSLMOT,2022,99999.0
RE1,DEMTRAGSLMOT,2023,99999.0
RE1,DEMTRAGSLMOT,2024,99999.0
RE1,DEMTRAGSLMOT,2025,99999.0
RE1,DEMTRAGSLMOT,2026,99999.0
RE1,DEMTRAGSLMOT,2027,99999.0
RE1,DEMTRAGSLMOT,2028,99999.0
RE1,DEMTRAGSLMOT,2029,99999.0
RE1,DEMTRAGSLMOT,2030,99999.0
RE1,DEMTRAGSLMOT,2031,99999.0
RE1,DEMTRAGSLMOT,2032,99999.0
RE1,DEMTRAGSLMOT,2033,99999.0
RE1,DEMTRAGSLMOT,2034,99999.0
RE1,DEMTRAGSLMOT,2035,99999.0
RE1,DEMTRAGSLMOT,2036,99999.0
RE1,DEMTRAGSLMOT,2037,99999.0
RE1,DEMTRAGSLMOT,2038,99999.0
RE1,DEMTRAGSLMOT,2039,99999.0
RE1,DEMTRAGSLMOT,2040,99999.0
RE1,DEMTRAGSLMOT,2041,99999.0
RE1,DEMTRAGSLMOT,2042,99999.0
RE1,DEMTRAGSLMOT,2043,99999.0
RE1,DEMTRAGSLMOT,2044,99999.0
RE1,DEMTRAGSLMOT,2045,99999.0
RE1,DEMTRAGSLMOT,2046,99999.0
RE1,DEMTRAGSLMOT,2047,99999.0
RE1,DEMTRAGSLMOT,2048,99999.0
RE1,DEMTRAGSLMOT,2049,99999.0
RE1,DEMTRAGSLMOT,2050,99999.0
RE1,DEMTRAGSLMOT,2051,99999.0
RE1,DEMTRAGSLMOT,2052,99999.0
RE1,DEMTRAGSLMOT,2053,99999.0
RE1,DEMTRAGSLMOT,2054,99999.0
RE1,DEMTRAGSLMOT,2055,99999.0
RE1,DEMTRAGSLSTT,2022,99999.0
RE1,DEMTRAGSLSTT,2023,99999.0
RE1,DEMTRAGSLSTT,2024,99999.0
RE1,DEMTRAGSLSTT,2025,99999.0
RE1,DEMTRAGSLSTT,2026,99999.0
RE1,DEMTRAGSLSTT,2027,99999.0
RE1,DEMTRAGSLSTT,2028,99999.0
RE1,DEMTRAGSLSTT,2029,99999.0
RE1,DEMTRAGSLSTT,2030,99999.0
RE1,DEMTRAGSLSTT,2031,99999.0
RE1,DEMTRAGSLSTT,2032,99999.0
RE1,DEMTRAGSLSTT,2033,99999.0
RE1,DEMTRAGSLSTT,2034,99999.0
RE1,DEMTRAGSLSTT,2035,99999.0
RE1,DEMTRAGSLSTT,2036,99999.0
RE1,DEMTRAGSLSTT,2037,99999.0
RE1,DEMTRAGSLSTT,2038,99999.0
RE1,DEMTRAGSLSTT,2039,99999.0
RE1,DEMTRAGSLSTT,2040,99999.0
RE1,DEMTRAGSLSTT,2041,99999.0
RE1,DEMTRAGSLSTT,2042,99999.0
RE1,DEMTRAGSLSTT,2043,99999.0
RE1,DEMTRAGSLSTT,2044,99999.0
RE1,DEMTRAGSLSTT,2045,99999.0
RE1,DEMTRAGSLSTT,2046,99999.0
RE1,DEMTRAGSLSTT,2047,99999.0
RE1,DEMTRAGSLSTT,2048,99999.0
RE1,DEMTRAGSLSTT,2049,99999.0
RE1,DEMTRAGSLSTT,2050,99999.0
RE1,DEMTRAGSLSTT,2051,99999.0
RE1,DEMTRAGSLSTT,2052,99999.0
RE1,DEMTRAGSLSTT,2053,99999.0
RE1,DEMTRAGSLSTT,2054,99999.0
RE1,DEMTRAGSLSTT,2055,99999.0
RE1,DEMTRAGSLTAX,2022,99999.0
RE1,DEMTRAGSLTAX,2023,99999.0
RE1,DEMTRAGSLTAX,2024,99999.0
RE1,DEMTRAGSLTAX,2025,99999.0
RE1,DEMTRAGSLTAX,2026,99999.0
RE1,DEMTRAGSLTAX,2027,99999.0
RE1,DEMTRAGSLTAX,2028,99999.0
RE1,DEMTRAGSLTAX,2029,99999.0
RE1,DEMTRAGSLTAX,2030,99999.0
RE1,DEMTRAGSLTAX,2031,99999.0
RE1,DEMTRAGSLTAX,2032,99999.0
RE1,DEMTRAGSLTAX,2033,99999.0
RE1,DEMTRAGSLTAX,2034,99999.0
RE1,DEMTRAGSLTAX,2035,99999.0
RE1,DEMTRAGSLTAX,2036,99999.0
RE1,DEMTRAGSLTAX,2037,99999.0
RE1,DEMTRAGSLTAX,2038,99999.0
RE1,DEMTRAGSLTAX,2039,99999.0
RE1,DEMTRAGSLTAX,2040,99999.0
RE1,DEMTRAGSLTAX,2041,99999.0
RE1,DEMTRAGSLTAX,2042,99999.0
RE1,DEMTRAGSLTAX,2043,99999.0
RE1,DEMTRAGSLTAX,2044,99999.0
RE1,DEMTRAGSLTAX,2045,99999.0
RE1,DEMTRAGSLTAX,2046,99999.0
RE1,DEMTRAGSLTAX,2047,99999.0
RE1,DEMTRAGSLTAX,2048,99999.0
RE1,DEMTRAGSLTAX,2049,99999.0
RE1,DEMTRAGSLTAX,2050,99999.0
RE1,DEMTRAGSLTAX,2051,99999.0
RE1,DEMTRAGSLTAX,2052,99999.0
RE1,DEMTRAGSLTAX,2053,99999.0
RE1,DEMTRAGSLTAX,2054,99999.0
RE1,DEMTRAGSLTAX,2055,99999.0
RE1,DEMTRAGSLTCK_C2P,2022,99999.0
RE1,DEMTRAGSLTCK_C2P,2023,99999.0
RE1,DEMTRAGSLTCK_C2P,2024,99999.0
RE1,DEMTRAGSLTCK_C2P,2025,99999.0
RE1,DEMTRAGSLTCK_C2P,2026,99999.0
RE1,DEMTRAGSLTCK_C2P,2027,99999.0
RE1,DEMTRAGSLTCK_C2P,2028,99999.0
RE1,DEMTRAGSLTCK_C2P,2029,99999.0
RE1,DEMTRAGSLTCK_C2P,2030,99999.0
RE1,DEMTRAGSLTCK_C2P,2031,99999.0
RE1,DEMTRAGSLTCK_C2P,2032,99999.0
RE1,DEMTRAGSLTCK_C2P,2033,99999.0
RE1,DEMTRAGSLTCK_C2P,2034,99999.0
RE1,DEMTRAGSLTCK_C2P,2035,99999.0
RE1,DEMTRAGSLTCK_C2P,2036,99999.0
RE1,DEMTRAGSLTCK_C2P,2037,99999.0
RE1,DEMTRAGSLTCK_C2P,2038,99999.0
RE1,DEMTRAGSLTCK_C2P,2039,99999.0
RE1,DEMTRAGSLTCK_C2P,2040,99999.0
RE1,DEMTRAGSLTCK_C2P,2041,99999.0
RE1,DEMTRAGSLTCK_C2P,2042,99999.0
RE1,DEMTRAGSLTCK_C2P,2043,99999.0
RE1,DEMTRAGSLTCK_C2P,2044,99999.0
RE1,DEMTRAGSLTCK_C2P,2045,99999.0
RE1,DEMTRAGSLTCK_C2P,2046,99999.0
RE1,DEMTRAGSLTCK_C2P,2047,99999.0
RE1,DEMTRAGSLTCK_C2P,2048,99999.0
RE1,DEMTRAGSLTCK_C2P,2049,99999.0
RE1,DEMTRAGSLTCK_C2P,2050,99999.0
RE1,DEMTRAGSLTCK_C2P,2051,99999.0
RE1,DEMTRAGSLTCK_C2P,2052,99999.0
RE1,DEMTRAGSLTCK_C2P,2053,99999.0
RE1,DEMTRAGSLTCK_C2P,2054,99999.0
RE1,DEMTRAGSLTCK_C2P,2055,99999.0
RE1,DEMTRAHDGBUS_IMU,2022,99999.0
RE1,DEMTRAHDGBUS_IMU,2023,99999.0
RE1,DEMTRAHDGBUS_IMU,2024,99999.0
RE1,DEMTRAHDGBUS_IMU,2025,99999.0
RE1,DEMTRAHDGBUS_IMU,2026,99999.0
RE1,DEMTRAHDGBUS_IMU,2027,99999.0
RE1,DEMTRAHDGBUS_IMU,2028,99999.0
RE1,DEMTRAHDGBUS_IMU,2029,99999.0
RE1,DEMTRAHDGBUS_IMU,2030,99999.0
RE1,DEMTRAHDGBUS_IMU,2031,99999.0
RE1,DEMTRAHDGBUS_IMU,2032,99999.0
RE1,DEMTRAHDGBUS_IMU,2033,99999.0
RE1,DEMTRAHDGBUS_IMU,2034,99999.0
RE1,DEMTRAHDGBUS_IMU,2035,99999.0
RE1,DEMTRAHDGBUS_IMU,2036,99999.0
RE1,DEMTRAHDGBUS_IMU,2037,99999.0
RE1,DEMTRAHDGBUS_IMU,2038,99999.0
RE1,DEMTRAHDGBUS_IMU,2039,99999.0
RE1,DEMTRAHDGBUS_IMU,2040,99999.0
RE1,DEMTRAHDGBUS_IMU,2041,99999.0
RE1,DEMTRAHDGBUS_IMU,2042,99999.0
RE1,DEMTRAHDGBUS_IMU,2043,99999.0
RE1,DEMTRAHDGBUS_IMU,2044,99999.0
RE1,DEMTRAHDGBUS_IMU,2045,99999.0
RE1,DEMTRAHDGBUS_IMU,2046,99999.0
RE1,DEMTRAHDGBUS_IMU,2047,99999.0
RE1,DEMTRAHDGBUS_IMU,2048,99999.0
RE1,DEMTRAHDGBUS_IMU,2049,99999.0
RE1,DEMTRAHDGBUS_IMU,2050,99999.0
RE1,DEMTRAHDGBUS_IMU,2051,99999.0
RE1,DEMTRAHDGBUS_IMU,2052,99999.0
RE1,DEMTRAHDGBUS_IMU,2053,99999.0
RE1,DEMTRAHDGBUS_IMU,2054,99999.0
RE1,DEMTRAHDGBUS_IMU,2055,99999.0
RE1,DEMTRAHDGBUS_URB,2022,99999.0
RE1,DEMTRAHDGBUS_URB,2023,99999.0
RE1,DEMTRAHDGBUS_URB,2024,99999.0
RE1,DEMTRAHDGBUS_URB,2025,99999.0
RE1,DEMTRAHDGBUS_URB,2026,99999.0
RE1,DEMTRAHDGBUS_URB,2027,99999.0
RE1,DEMTRAHDGBUS_URB,2028,99999.0
RE1,DEMTRAHDGBUS_URB,2029,99999.0
RE1,DEMTRAHDGBUS_URB,2030,99999.0
RE1,DEMTRAHDGBUS_URB,2031,99999.0
RE1,DEMTRAHDGBUS_URB,2032,99999.0
RE1,DEMTRAHDGBUS_URB,2033,99999.0
RE1,DEMTRAHDGBUS_URB,2034,99999.0
RE1,DEMTRAHDGBUS_URB,2035,99999.0
RE1,DEMTRAHDGBUS_URB,2036,99999.0
RE1,DEMTRAHDGBUS_URB,2037,99999.0
RE1,DEMTRAHDGBUS_URB,2038,99999.0
RE1,DEMTRAHDGBUS_URB,2039,99999.0
RE1,DEMTRAHDGBUS_URB,2040,99999.0
RE1,DEMTRAHDGBUS_URB,2041,99999.0
RE1,DEMTRAHDGBUS_URB,2042,99999.0
RE1,DEMTRAHDGBUS_URB,2043,99999.0
RE1,DEMTRAHDGBUS_URB,2044,99999.0
RE1,DEMTRAHDGBUS_URB,2045,99999.0
RE1,DEMTRAHDGBUS_URB,2046,99999.0
RE1,DEMTRAHDGBUS_URB,2047,99999.0
RE1,DEMTRAHDGBUS_URB,2048,99999.0
RE1,DEMTRAHDGBUS_URB,2049,99999.0
RE1,DEMTRAHDGBUS_URB,2050,99999.0
RE1,DEMTRAHDGBUS_URB,2051,99999.0
RE1,DEMTRAHDGBUS_URB,2052,99999.0
RE1,DEMTRAHDGBUS_URB,2053,99999.0
RE1,DEMTRAHDGBUS_URB,2054,99999.0
RE1,DEMTRAHDGBUS_URB,2055,99999.0
RE1,DEMTRAHDGFWD,2022,99999.0
RE1,DEMTRAHDGFWD,2023,99999.0
RE1,DEMTRAHDGFWD,2024,99999.0
RE1,DEMTRAHDGFWD,2025,99999.0
RE1,DEMTRAHDGFWD,2026,99999.0
RE1,DEMTRAHDGFWD,2027,99999.0
RE1,DEMTRAHDGFWD,2028,99999.0
RE1,DEMTRAHDGFWD,2029,99999.0
RE1,DEMTRAHDGFWD,2030,99999.0
RE1,DEMTRAHDGFWD,2031,99999.0
RE1,DEMTRAHDGFWD,2032,99999.0
RE1,DEMTRAHDGFWD,2033,99999.0
RE1,DEMTRAHDGFWD,2034,99999.0
RE1,DEMTRAHDGFWD,2035,99999.0
RE1,DEMTRAHDGFWD,2036,99999.0
RE1,DEMTRAHDGFWD,2037,99999.0
RE1,DEMTRAHDGFWD,2038,99999.0
RE1,DEMTRAHDGFWD,2039,99999.0
RE1,DEMTRAHDGFWD,2040,99999.0
RE1,DEMTRAHDGFWD,2041,99999.0
RE1,DEMTRAHDGFWD,2042,99999.0
RE1,DEMTRAHDGFWD,2043,99999.0
RE1,DEMTRAHDGFWD,2044,99999.0
RE1,DEMTRAHDGFWD,2045,99999.0
RE1,DEMTRAHDGFWD,2046,99999.0
RE1,DEMTRAHDGFWD,2047,99999.0
RE1,DEMTRAHDGFWD,2048,99999.0
RE1,DEMTRAHDGFWD,2049,99999.0
RE1,DEMTRAHDGFWD,2050,99999.0
RE1,DEMTRAHDGFWD,2051,99999.0
RE1,DEMTRAHDGFWD,2052,99999.0
RE1,DEMTRAHDGFWD,2053,99999.0
RE1,DEMTRAHDGFWD,2054,99999.0
RE1,DEMTRAHDGFWD,2055,99999.0
RE1,DEMTRAHDGLDV,2022,99999.0
RE1,DEMTRAHDGLDV,2023,99999.0
RE1,DEMTRAHDGLDV,2024,99999.0
RE1,DEMTRAHDGLDV,2025,99999.0
RE1,DEMTRAHDGLDV,2026,99999.0
RE1,DEMTRAHDGLDV,2027,99999.0
RE1,DEMTRAHDGLDV,2028,99999.0
RE1,DEMTRAHDGLDV,2029,99999.0
RE1,DEMTRAHDGLDV,2030,99999.0
RE1,DEMTRAHDGLDV,2031,99999.0
RE1,DEMTRAHDGLDV,2032,99999.0
RE1,DEMTRAHDGLDV,2033,99999.0
RE1,DEMTRAHDGLDV,2034,99999.0
RE1,DEMTRAHDGLDV,2035,99999.0
RE1,DEMTRAHDGLDV,2036,99999.0
RE1,DEMTRAHDGLDV,2037,99999.0
RE1,DEMTRAHDGLDV,2038,99999.0
RE1,DEMTRAHDGLDV,2039,99999.0
RE1,DEMTRAHDGLDV,2040,99999.0
RE1,DEMTRAHDGLDV,2041,99999.0
RE1,DEMTRAHDGLDV,2042,99999.0
RE1,DEMTRAHDGLDV,2043,99999.0
RE1,DEMTRAHDGLDV,2044,99999.0
RE1,DEMTRAHDGLDV,2045,99999.0
RE1,DEMTRAHDGLDV,2046,99999.0
RE1,DEMTRAHDGLDV,2047,99999.0
RE1,DEMTRAHDGLDV,2048,99999.0
RE1,DEMTRAHDGLDV,2049,99999.0
RE1,DEMTRAHDGLDV,2050,99999.0
RE1,DEMTRAHDGLDV,2051,99999.0
RE1,DEMTRAHDGLDV,2052,99999.0
RE1,DEMTRAHDGLDV,2053,99999.0
RE1,DEMTRAHDGLDV,2054,99999.0
RE1,DEMTRAHDGLDV,2055,99999.0
RE1,DEMTRAHDGMIC,2022,99999.0
RE1,DEMTRAHDGMIC,2023,99999.0
RE1,DEMTRAHDGMIC,2024,99999.0
RE1,DEMTRAHDGMIC,2025,99999.0
RE1,DEMTRAHDGMIC,2026,99999.0
RE1,DEMTRAHDGMIC,2027,99999.0
RE1,DEMTRAHDGMIC,2028,99999.0
RE1,DEMTRAHDGMIC,2029,99999.0
RE1,DEMTRAHDGMIC,2030,99999.0
RE1,DEMTRAHDGMIC,2031,99999.0
RE1,DEMTRAHDGMIC,2032,99999.0
RE1,DEMTRAHDGMIC,2033,99999.0
RE1,DEMTRAHDGMIC,2034,99999.0
RE1,DEMTRAHDGMIC,2035,99999.0
RE1,DEMTRAHDGMIC,2036,99999.0
RE1,DEMTRAHDGMIC,2037,99999.0
RE1,DEMTRAHDGMIC,2038,99999.0
RE1,DEMTRAHDGMIC,2039,99999.0
RE1,DEMTRAHDGMIC,2040,99999.0
RE1,DEMTRAHDGMIC,2041,99999.0
RE1,DEMTRAHDGMIC,2042,99999.0
RE1,DEMTRAHDGMIC,2043,99999.0
RE1,DEMTRAHDGMIC,2044,99999.0
RE1,DEMTRAHDGMIC,2045,99999.0
RE1,DEMTRAHDGMIC,2046,99999.0
RE1,DEMTRAHDGMIC,2047,99999.0
RE1,DEMTRAHDGMIC,2048,99999.0
RE1,DEMTRAHDGMIC,2049,99999.0
RE1,DEMTRAHDGMIC,2050,99999.0
RE1,DEMTRAHDGMIC,2051,99999.0
RE1,DEMTRAHDGMIC,2052,99999.0
RE1,DEMTRAHDGMIC,2053,99999.0
RE1,DEMTRAHDGMIC,2054,99999.0
RE1,DEMTRAHDGMIC,2055,99999.0
RE1,DEMTRAHDGSTT,2022,99999.0
RE1,DEMTRAHDGSTT,2023,99999.0
RE1,DEMTRAHDGSTT,2024,99999.0
RE1,DEMTRAHDGSTT,2025,99999.0
RE1,DEMTRAHDGSTT,2026,99999.0
RE1,DEMTRAHDGSTT,2027,99999.0
RE1,DEMTRAHDGSTT,2028,99999.0
RE1,DEMTRAHDGSTT,2029,99999.0
RE1,DEMTRAHDGSTT,2030,99999.0
RE1,DEMTRAHDGSTT,2031,99999.0
RE1,DEMTRAHDGSTT,2032,99999.0
RE1,DEMTRAHDGSTT,2033,99999.0
RE1,DEMTRAHDGSTT,2034,99999.0
RE1,DEMTRAHDGSTT,2035,99999.0
RE1,DEMTRAHDGSTT,2036,99999.0
RE1,DEMTRAHDGSTT,2037,99999.0
RE1,DEMTRAHDGSTT,2038,99999.0
RE1,DEMTRAHDGSTT,2039,99999.0
RE1,DEMTRAHDGSTT,2040,99999.0
RE1,DEMTRAHDGSTT,2041,99999.0
RE1,DEMTRAHDGSTT,2042,99999.0
RE1,DEMTRAHDGSTT,2043,99999.0
RE1,DEMTRAHDGSTT,2044,99999.0
RE1,DEMTRAHDGSTT,2045,99999.0
RE1,DEMTRAHDGSTT,2046,99999.0
RE1,DEMTRAHDGSTT,2047,99999.0
RE1,DEMTRAHDGSTT,2048,99999.0
RE1,DEMTRAHDGSTT,2049,99999.0
RE1,DEMTRAHDGSTT,2050,99999.0
RE1,DEMTRAHDGSTT,2051,99999.0
RE1,DEMTRAHDGSTT,2052,99999.0
RE1,DEMTRAHDGSTT,2053,99999.0
RE1,DEMTRAHDGSTT,2054,99999.0
RE1,DEMTRAHDGSTT,2055,99999.0
RE1,DEMTRAHDGTAX,2022,99999.0
RE1,DEMTRAHDGTAX,2023,99999.0
RE1,DEMTRAHDGTAX,2024,99999.0
RE1,DEMTRAHDGTAX,2025,99999.0
RE1,DEMTRAHDGTAX,2026,99999.0
RE1,DEMTRAHDGTAX,2027,99999.0
RE1,DEMTRAHDGTAX,2028,99999.0
RE1,DEMTRAHDGTAX,2029,99999.0
RE1,DEMTRAHDGTAX,2030,99999.0
RE1,DEMTRAHDGTAX,2031,99999.0
RE1,DEMTRAHDGTAX,2032,99999.0
RE1,DEMTRAHDGTAX,2033,99999.0
RE1,DEMTRAHDGTAX,2034,99999.0
RE1,DEMTRAHDGTAX,2035,99999.0
RE1,DEMTRAHDGTAX,2036,99999.0
RE1,DEMTRAHDGTAX,2037,99999.0
RE1,DEMTRAHDGTAX,2038,99999.0
RE1,DEMTRAHDGTAX,2039,99999.0
RE1,DEMTRAHDGTAX,2040,99999.0
RE1,DEMTRAHDGTAX,2041,99999.0
RE1,DEMTRAHDGTAX,2042,99999.0
RE1,DEMTRAHDGTAX,2043,99999.0
RE1,DEMTRAHDGTAX,2044,99999.0
RE1,DEMTRAHDGTAX,2045,99999.0
RE1,DEMTRAHDGTAX,2046,99999.0
RE1,DEMTRAHDGTAX,2047,99999.0
RE1,DEMTRAHDGTAX,2048,99999.0
RE1,DEMTRAHDGTAX,2049,99999.0
RE1,DEMTRAHDGTAX,2050,99999.0
RE1,DEMTRAHDGTAX,2051,99999.0
RE1,DEMTRAHDGTAX,2052,99999.0
RE1,DEMTRAHDGTAX,2053,99999.0
RE1,DEMTRAHDGTAX,2054,99999.0
RE1,DEMTRAHDGTAX,2055,99999.0
RE1,DEMTRAHDGTCK_CSG,2022,99999.0
RE1,DEMTRAHDGTCK_CSG,2023,99999.0
RE1,DEMTRAHDGTCK_CSG,2024,99999.0
RE1,DEMTRAHDGTCK_CSG,2025,99999.0
RE1,DEMTRAHDGTCK_CSG,2026,99999.0
RE1,DEMTRAHDGTCK_CSG,2027,99999.0
RE1,DEMTRAHDGTCK_CSG,2028,99999.0
RE1,DEMTRAHDGTCK_CSG,2029,99999.0
RE1,DEMTRAHDGTCK_CSG,2030,99999.0
RE1,DEMTRAHDGTCK_CSG,2031,99999.0
RE1,DEMTRAHDGTCK_CSG,2032,99999.0
RE1,DEMTRAHDGTCK_CSG,2033,99999.0
RE1,DEMTRAHDGTCK_CSG,2034,99999.0
RE1,DEMTRAHDGTCK_CSG,2035,99999.0
RE1,DEMTRAHDGTCK_CSG,2036,99999.0
RE1,DEMTRAHDGTCK_CSG,2037,99999.0
RE1,DEMTRAHDGTCK_CSG,2038,99999.0
RE1,DEMTRAHDGTCK_CSG,2039,99999.0
RE1,DEMTRAHDGTCK_CSG,2040,99999.0
RE1,DEMTRAHDGTCK_CSG,2041,99999.0
RE1,DEMTRAHDGTCK_CSG,2042,99999.0
RE1,DEMTRAHDGTCK_CSG,2043,99999.0
RE1,DEMTRAHDGTCK_CSG,2044,99999.0
RE1,DEMTRAHDGTCK_CSG,2045,99999.0
RE1,DEMTRAHDGTCK_CSG,2046,99999.0
RE1,DEMTRAHDGTCK_CSG,2047,99999.0
RE1,DEMTRAHDGTCK_CSG,2048,99999.0
RE1,DEMTRAHDGTCK_CSG,2049,99999.0
RE1,DEMTRAHDGTCK_CSG,2050,99999.0
RE1,DEMTRAHDGTCK_CSG,2051,99999.0
RE1,DEMTRAHDGTCK_CSG,2052,99999.0
RE1,DEMTRAHDGTCK_CSG,2053,99999.0
RE1,DEMTRAHDGTCK_CSG,2054,99999.0
RE1,DEMTRAHDGTCK_CSG,2055,99999.0
RE1,DEMTRAHEVFWD,2022,99999.0
RE1,DEMTRAHEVFWD,2023,99999.0
RE1,DEMTRAHEVFWD,2024,99999.0
RE1,DEMTRAHEVFWD,2025,99999.0
RE1,DEMTRAHEVFWD,2026,99999.0
RE1,DEMTRAHEVFWD,2027,99999.0
RE1,DEMTRAHEVFWD,2028,99999.0
RE1,DEMTRAHEVFWD,2029,99999.0
RE1,DEMTRAHEVFWD,2030,99999.0
RE1,DEMTRAHEVFWD,2031,99999.0
RE1,DEMTRAHEVFWD,2032,99999.0
RE1,DEMTRAHEVFWD,2033,99999.0
RE1,DEMTRAHEVFWD,2034,99999.0
RE1,DEMTRAHEVFWD,2035,99999.0
RE1,DEMTRAHEVFWD,2036,99999.0
RE1,DEMTRAHEVFWD,2037,99999.0
RE1,DEMTRAHEVFWD,2038,99999.0
RE1,DEMTRAHEVFWD,2039,99999.0
RE1,DEMTRAHEVFWD,2040,99999.0
RE1,DEMTRAHEVFWD,2041,99999.0
RE1,DEMTRAHEVFWD,2042,99999.0
RE1,DEMTRAHEVFWD,2043,99999.0
RE1,DEMTRAHEVFWD,2044,99999.0
RE1,DEMTRAHEVFWD,2045,99999.0
RE1,DEMTRAHEVFWD,2046,99999.0
RE1,DEMTRAHEVFWD,2047,99999.0
RE1,DEMTRAHEVFWD,2048,99999.0
RE1,DEMTRAHEVFWD,2049,99999.0
RE1,DEMTRAHEVFWD,2050,99999.0
RE1,DEMTRAHEVFWD,2051,99999.0
RE1,DEMTRAHEVFWD,2052,99999.0
RE1,DEMTRAHEVFWD,2053,99999.0
RE1,DEMTRAHEVFWD,2054,99999.0
RE1,DEMTRAHEVFWD,2055,99999.0
RE1,DEMTRAHEVLDV,2022,99999.0
RE1,DEMTRAHEVLDV,2023,99999.0
RE1,DEMTRAHEVLDV,2024,99999.0
RE1,DEMTRAHEVLDV,2025,99999.0
RE1,DEMTRAHEVLDV,2026,99999.0
RE1,DEMTRAHEVLDV,2027,99999.0
RE1,DEMTRAHEVLDV,2028,99999.0
RE1,DEMTRAHEVLDV,2029,99999.0
RE1,DEMTRAHEVLDV,2030,99999.0
RE1,DEMTRAHEVLDV,2031,99999.0
RE1,DEMTRAHEVLDV,2032,99999.0
RE1,DEMTRAHEVLDV,2033,99999.0
RE1,DEMTRAHEVLDV,2034,99999.0
RE1,DEMTRAHEVLDV,2035,99999.0
RE1,DEMTRAHEVLDV,2036,99999.0
RE1,DEMTRAHEVLDV,2037,99999.0
RE1,DEMTRAHEVLDV,2038,99999.0
RE1,DEMTRAHEVLDV,2039,99999.0
RE1,DEMTRAHEVLDV,2040,99999.0
RE1,DEMTRAHEVLDV,2041,99999.0
RE1,DEMTRAHEVLDV,2042,99999.0
RE1,DEMTRAHEVLDV,2043,99999.0
RE1,DEMTRAHEVLDV,2044,99999.0
RE1,DEMTRAHEVLDV,2045,99999.0
RE1,DEMTRAHEVLDV,2046,99999.0
RE1,DEMTRAHEVLDV,2047,99999.0
RE1,DEMTRAHEVLDV,2048,99999.0
RE1,DEMTRAHEVLDV,2049,99999.0
RE1,DEMTRAHEVLDV,2050,99999.0
RE1,DEMTRAHEVLDV,2051,99999.0
RE1,DEMTRAHEVLDV,2052,99999.0
RE1,DEMTRAHEVLDV,2053,99999.0
RE1,DEMTRAHEVLDV,2054,99999.0
RE1,DEMTRAHEVLDV,2055,99999.0
RE1,DEMTRAJETAVI,2022,99999.0
RE1,DEMTRAJETAVI,2023,99999.0
RE1,DEMTRAJETAVI,2024,99999.0
RE1,DEMTRAJETAVI,2025,99999.0
RE1,DEMTRAJETAVI,2026,99999.0
RE1,DEMTRAJETAVI,2027,99999.0
RE1,DEMTRAJETAVI,2028,99999.0
RE1,DEMTRAJETAVI,2029,99999.0
RE1,DEMTRAJETAVI,2030,99999.0
RE1,DEMTRAJETAVI,2031,99999.0
RE1,DEMTRAJETAVI,2032,99999.0
RE1,DEMTRAJETAVI,2033,99999.0
RE1,DEMTRAJETAVI,2034,99999.0
RE1,DEMTRAJETAVI,2035,99999.0
RE1,DEMTRAJETAVI,2036,99999.0
RE1,DEMTRAJETAVI,2037,99999.0
RE1,DEMTRAJETAVI,2038,99999.0
RE1,DEMTRAJETAVI,2039,99999.0
RE1,DEMTRAJETAVI,2040,99999.0
RE1,DEMTRAJETAVI,2041,99999.0
RE1,DEMTRAJETAVI,2042,99999.0
RE1,DEMTRAJETAVI,2043,99999.0
RE1,DEMTRAJETAVI,2044,99999.0
RE1,DEMTRAJETAVI,2045,99999.0
RE1,DEMTRAJETAVI,2046,99999.0
RE1,DEMTRAJETAVI,2047,99999.0
RE1,DEMTRAJETAVI,2048,99999.0
RE1,DEMTRAJETAVI,2049,99999.0
RE1,DEMTRAJETAVI,2050,99999.0
RE1,DEMTRAJETAVI,2051,99999.0
RE1,DEMTRAJETAVI,2052,99999.0
RE1,DEMTRAJETAVI,2053,99999.0
RE1,DEMTRAJETAVI,2054,99999.0
RE1,DEMTRAJETAVI,2055,99999.0
RE1,DEMTRAJETSAFAVI,2022,99999.0
RE1,DEMTRAJETSAFAVI,2023,99999.0
RE1,DEMTRAJETSAFAVI,2024,99999.0
RE1,DEMTRAJETSAFAVI,2025,99999.0
RE1,DEMTRAJETSAFAVI,2026,99999.0
RE1,DEMTRAJETSAFAVI,2027,99999.0
RE1,DEMTRAJETSAFAVI,2028,99999.0
RE1,DEMTRAJETSAFAVI,2029,99999.0
RE1,DEMTRAJETSAFAVI,2030,99999.0
RE1,DEMTRAJETSAFAVI,2031,99999.0
RE1,DEMTRAJETSAFAVI,2032,99999.0
RE1,DEMTRAJETSAFAVI,2033,99999.0
RE1,DEMTRAJETSAFAVI,2034,99999.0
RE1,DEMTRAJETSAFAVI,2035,99999.0
RE1,DEMTRAJETSAFAVI,2036,99999.0
RE1,DEMTRAJETSAFAVI,2037,99999.0
RE1,DEMTRAJETSAFAVI,2038,99999.0
RE1,DEMTRAJETSAFAVI,2039,99999.0
RE1,DEMTRAJETSAFAVI,2040,99999.0
RE1,DEMTRAJETSAFAVI,2041,99999.0
RE1,DEMTRAJETSAFAVI,2042,99999.0
RE1,DEMTRAJETSAFAVI,2043,99999.0
RE1,DEMTRAJETSAFAVI,2044,99999.0
RE1,DEMTRAJETSAFAVI,2045,99999.0
RE1,DEMTRAJETSAFAVI,2046,99999.0
RE1,DEMTRAJETSAFAVI,2047,99999.0
RE1,DEMTRAJETSAFAVI,2048,99999.0
RE1,DEMTRAJETSAFAVI,2049,99999.0
RE1,DEMTRAJETSAFAVI,2050,99999.0
RE1,DEMTRAJETSAFAVI,2051,99999.0
RE1,DEMTRAJETSAFAVI,2052,99999.0
RE1,DEMTRAJETSAFAVI,2053,99999.0
RE1,DEMTRAJETSAFAVI,2054,99999.0
RE1,DEMTRAJETSAFAVI,2055,99999.0
RE1,DEMTRANGSBUS_ART,2022,99999.0
RE1,DEMTRANGSBUS_ART,2023,99999.0
RE1,DEMTRANGSBUS_ART,2024,99999.0
RE1,DEMTRANGSBUS_ART,2025,99999.0
RE1,DEMTRANGSBUS_ART,2026,99999.0
RE1,DEMTRANGSBUS_ART,2027,99999.0
RE1,DEMTRANGSBUS_ART,2028,99999.0
RE1,DEMTRANGSBUS_ART,2029,99999.0
RE1,DEMTRANGSBUS_ART,2030,99999.0
RE1,DEMTRANGSBUS_ART,2031,99999.0
RE1,DEMTRANGSBUS_ART,2032,99999.0
RE1,DEMTRANGSBUS_ART,2033,99999.0
RE1,DEMTRANGSBUS_ART,2034,99999.0
RE1,DEMTRANGSBUS_ART,2035,99999.0
RE1,DEMTRANGSBUS_ART,2036,99999.0
RE1,DEMTRANGSBUS_ART,2037,99999.0
RE1,DEMTRANGSBUS_ART,2038,99999.0
RE1,DEMTRANGSBUS_ART,2039,99999.0
RE1,DEMTRANGSBUS_ART,2040,99999.0
RE1,DEMTRANGSBUS_ART,2041,99999.0
RE1,DEMTRANGSBUS_ART,2042,99999.0
RE1,DEMTRANGSBUS_ART,2043,99999.0
RE1,DEMTRANGSBUS_ART,2044,99999.0
RE1,DEMTRANGSBUS_ART,2045,99999.0
RE1,DEMTRANGSBUS_ART,2046,99999.0
RE1,DEMTRANGSBUS_ART,2047,99999.0
RE1,DEMTRANGSBUS_ART,2048,99999.0
RE1,DEMTRANGSBUS_ART,2049,99999.0
RE1,DEMTRANGSBUS_ART,2050,99999.0
RE1,DEMTRANGSBUS_ART,2051,99999.0
RE1,DEMTRANGSBUS_ART,2052,99999.0
RE1,DEMTRANGSBUS_ART,2053,99999.0
RE1,DEMTRANGSBUS_ART,2054,99999.0
RE1,DEMTRANGSBUS_ART,2055,99999.0
RE1,DEMTRANGSBUS_BIA,2022,99999.0
RE1,DEMTRANGSBUS_BIA,2023,99999.0
RE1,DEMTRANGSBUS_BIA,2024,99999.0
RE1,DEMTRANGSBUS_BIA,2025,99999.0
RE1,DEMTRANGSBUS_BIA,2026,99999.0
RE1,DEMTRANGSBUS_BIA,2027,99999.0
RE1,DEMTRANGSBUS_BIA,2028,99999.0
RE1,DEMTRANGSBUS_BIA,2029,99999.0
RE1,DEMTRANGSBUS_BIA,2030,99999.0
RE1,DEMTRANGSBUS_BIA,2031,99999.0
RE1,DEMTRANGSBUS_BIA,2032,99999.0
RE1,DEMTRANGSBUS_BIA,2033,99999.0
RE1,DEMTRANGSBUS_BIA,2034,99999.0
RE1,DEMTRANGSBUS_BIA,2035,99999.0
RE1,DEMTRANGSBUS_BIA,2036,99999.0
RE1,DEMTRANGSBUS_BIA,2037,99999.0
RE1,DEMTRANGSBUS_BIA,2038,99999.0
RE1,DEMTRANGSBUS_BIA,2039,99999.0
RE1,DEMTRANGSBUS_BIA,2040,99999.0
RE1,DEMTRANGSBUS_BIA,2041,99999.0
RE1,DEMTRANGSBUS_BIA,2042,99999.0
RE1,DEMTRANGSBUS_BIA,2043,99999.0
RE1,DEMTRANGSBUS_BIA,2044,99999.0
RE1,DEMTRANGSBUS_BIA,2045,99999.0
RE1,DEMTRANGSBUS_BIA,2046,99999.0
RE1,DEMTRANGSBUS_BIA,2047,99999.0
RE1,DEMTRANGSBUS_BIA,2048,99999.0
RE1,DEMTRANGSBUS_BIA,2049,99999.0
RE1,DEMTRANGSBUS_BIA,2050,99999.0
RE1,DEMTRANGSBUS_BIA,2051,99999.0
RE1,DEMTRANGSBUS_BIA,2052,99999.0
RE1,DEMTRANGSBUS_BIA,2053,99999.0
RE1,DEMTRANGSBUS_BIA,2054,99999.0
RE1,DEMTRANGSBUS_BIA,2055,99999.0
RE1,DEMTRANGSBUS_IMU,2022,99999.0
RE1,DEMTRANGSBUS_IMU,2023,99999.0
RE1,DEMTRANGSBUS_IMU,2024,99999.0
RE1,DEMTRANGSBUS_IMU,2025,99999.0
RE1,DEMTRANGSBUS_IMU,2026,99999.0
RE1,DEMTRANGSBUS_IMU,2027,99999.0
RE1,DEMTRANGSBUS_IMU,2028,99999.0
RE1,DEMTRANGSBUS_IMU,2029,99999.0
RE1,DEMTRANGSBUS_IMU,2030,99999.0
RE1,DEMTRANGSBUS_IMU,2031,99999.0
RE1,DEMTRANGSBUS_IMU,2032,99999.0
RE1,DEMTRANGSBUS_IMU,2033,99999.0
RE1,DEMTRANGSBUS_IMU,2034,99999.0
RE1,DEMTRANGSBUS_IMU,2035,99999.0
RE1,DEMTRANGSBUS_IMU,2036,99999.0
RE1,DEMTRANGSBUS_IMU,2037,99999.0
RE1,DEMTRANGSBUS_IMU,2038,99999.0
RE1,DEMTRANGSBUS_IMU,2039,99999.0
RE1,DEMTRANGSBUS_IMU,2040,99999.0
RE1,DEMTRANGSBUS_IMU,2041,99999.0
RE1,DEMTRANGSBUS_IMU,2042,99999.0
RE1,DEMTRANGSBUS_IMU,2043,99999.0
RE1,DEMTRANGSBUS_IMU,2044,99999.0
RE1,DEMTRANGSBUS_IMU,2045,99999.0
RE1,DEMTRANGSBUS_IMU,2046,99999.0
RE1,DEMTRANGSBUS_IMU,2047,99999.0
RE1,DEMTRANGSBUS_IMU,2048,99999.0
RE1,DEMTRANGSBUS_IMU,2049,99999.0
RE1,DEMTRANGSBUS_IMU,2050,99999.0
RE1,DEMTRANGSBUS_IMU,2051,99999.0
RE1,DEMTRANGSBUS_IMU,2052,99999.0
RE1,DEMTRANGSBUS_IMU,2053,99999.0
RE1,DEMTRANGSBUS_IMU,2054,99999.0
RE1,DEMTRANGSBUS_IMU,2055,99999.0
RE1,DEMTRANGSBUS_URB,2022,99999.0
RE1,DEMTRANGSBUS_URB,2023,99999.0
RE1,DEMTRANGSBUS_URB,2024,99999.0
RE1,DEMTRANGSBUS_URB,2025,99999.0
RE1,DEMTRANGSBUS_URB,2026,99999.0
RE1,DEMTRANGSBUS_URB,2027,99999.0
RE1,DEMTRANGSBUS_URB,2028,99999.0
RE1,DEMTRANGSBUS_URB,2029,99999.0
RE1,DEMTRANGSBUS_URB,2030,99999.0
RE1,DEMTRANGSBUS_URB,2031,99999.0
RE1,DEMTRANGSBUS_URB,2032,99999.0
RE1,DEMTRANGSBUS_URB,2033,99999.0
RE1,DEMTRANGSBUS_URB,2034,99999.0
RE1,DEMTRANGSBUS_URB,2035,99999.0
RE1,DEMTRANGSBUS_URB,2036,99999.0
RE1,DEMTRANGSBUS_URB,2037,99999.0
RE1,DEMTRANGSBUS_URB,2038,99999.0
RE1,DEMTRANGSBUS_URB,2039,99999.0
RE1,DEMTRANGSBUS_URB,2040,99999.0
RE1,DEMTRANGSBUS_URB,2041,99999.0
RE1,DEMTRANGSBUS_URB,2042,99999.0
RE1,DEMTRANGSBUS_URB,2043,99999.0
RE1,DEMTRANGSBUS_URB,2044,99999.0
RE1,DEMTRANGSBUS_URB,2045,99999.0
RE1,DEMTRANGSBUS_URB,2046,99999.0
RE1,DEMTRANGSBUS_URB,2047,99999.0
RE1,DEMTRANGSBUS_URB,2048,99999.0
RE1,DEMTRANGSBUS_URB,2049,99999.0
RE1,DEMTRANGSBUS_URB,2050,99999.0
RE1,DEMTRANGSBUS_URB,2051,99999.0
RE1,DEMTRANGSBUS_URB,2052,99999.0
RE1,DEMTRANGSBUS_URB,2053,99999.0
RE1,DEMTRANGSBUS_URB,2054,99999.0
RE1,DEMTRANGSBUS_URB,2055,99999.0
RE1,DEMTRANGSFWD,2022,99999.0
RE1,DEMTRANGSFWD,2023,99999.0
RE1,DEMTRANGSFWD,2024,99999.0
RE1,DEMTRANGSFWD,2025,99999.0
RE1,DEMTRANGSFWD,2026,99999.0
RE1,DEMTRANGSFWD,2027,99999.0
RE1,DEMTRANGSFWD,2028,99999.0
RE1,DEMTRANGSFWD,2029,99999.0
RE1,DEMTRANGSFWD,2030,99999.0
RE1,DEMTRANGSFWD,2031,99999.0
RE1,DEMTRANGSFWD,2032,99999.0
RE1,DEMTRANGSFWD,2033,99999.0
RE1,DEMTRANGSFWD,2034,99999.0
RE1,DEMTRANGSFWD,2035,99999.0
RE1,DEMTRANGSFWD,2036,99999.0
RE1,DEMTRANGSFWD,2037,99999.0
RE1,DEMTRANGSFWD,2038,99999.0
RE1,DEMTRANGSFWD,2039,99999.0
RE1,DEMTRANGSFWD,2040,99999.0
RE1,DEMTRANGSFWD,2041,99999.0
RE1,DEMTRANGSFWD,2042,99999.0
RE1,DEMTRANGSFWD,2043,99999.0
RE1,DEMTRANGSFWD,2044,99999.0
RE1,DEMTRANGSFWD,2045,99999.0
RE1,DEMTRANGSFWD,2046,99999.0
RE1,DEMTRANGSFWD,2047,99999.0
RE1,DEMTRANGSFWD,2048,99999.0
RE1,DEMTRANGSFWD,2049,99999.0
RE1,DEMTRANGSFWD,2050,99999.0
RE1,DEMTRANGSFWD,2051,99999.0
RE1,DEMTRANGSFWD,2052,99999.0
RE1,DEMTRANGSFWD,2053,99999.0
RE1,DEMTRANGSFWD,2054,99999.0
RE1,DEMTRANGSFWD,2055,99999.0
RE1,DEMTRANGSLDV,2022,99999.0
RE1,DEMTRANGSLDV,2023,99999.0
RE1,DEMTRANGSLDV,2024,99999.0
RE1,DEMTRANGSLDV,2025,99999.0
RE1,DEMTRANGSLDV,2026,99999.0
RE1,DEMTRANGSLDV,2027,99999.0
RE1,DEMTRANGSLDV,2028,99999.0
RE1,DEMTRANGSLDV,2029,99999.0
RE1,DEMTRANGSLDV,2030,99999.0
RE1,DEMTRANGSLDV,2031,99999.0
RE1,DEMTRANGSLDV,2032,99999.0
RE1,DEMTRANGSLDV,2033,99999.0
RE1,DEMTRANGSLDV,2034,99999.0
RE1,DEMTRANGSLDV,2035,99999.0
RE1,DEMTRANGSLDV,2036,99999.0
RE1,DEMTRANGSLDV,2037,99999.0
RE1,DEMTRANGSLDV,2038,99999.0
RE1,DEMTRANGSLDV,2039,99999.0
RE1,DEMTRANGSLDV,2040,99999.0
RE1,DEMTRANGSLDV,2041,99999.0
RE1,DEMTRANGSLDV,2042,99999.0
RE1,DEMTRANGSLDV,2043,99999.0
RE1,DEMTRANGSLDV,2044,99999.0
RE1,DEMTRANGSLDV,2045,99999.0
RE1,DEMTRANGSLDV,2046,99999.0
RE1,DEMTRANGSLDV,2047,99999.0
RE1,DEMTRANGSLDV,2048,99999.0
RE1,DEMTRANGSLDV,2049,99999.0
RE1,DEMTRANGSLDV,2050,99999.0
RE1,DEMTRANGSLDV,2051,99999.0
RE1,DEMTRANGSLDV,2052,99999.0
RE1,DEMTRANGSLDV,2053,99999.0
RE1,DEMTRANGSLDV,2054,99999.0
RE1,DEMTRANGSLDV,2055,99999.0
RE1,DEMTRANGSMIC,2022,99999.0
RE1,DEMTRANGSMIC,2023,99999.0
RE1,DEMTRANGSMIC,2024,99999.0
RE1,DEMTRANGSMIC,2025,99999.0
RE1,DEMTRANGSMIC,2026,99999.0
RE1,DEMTRANGSMIC,2027,99999.0
RE1,DEMTRANGSMIC,2028,99999.0
RE1,DEMTRANGSMIC,2029,99999.0
RE1,DEMTRANGSMIC,2030,99999.0
RE1,DEMTRANGSMIC,2031,99999.0
RE1,DEMTRANGSMIC,2032,99999.0
RE1,DEMTRANGSMIC,2033,99999.0
RE1,DEMTRANGSMIC,2034,99999.0
RE1,DEMTRANGSMIC,2035,99999.0
RE1,DEMTRANGSMIC,2036,99999.0
RE1,DEMTRANGSMIC,2037,99999.0
RE1,DEMTRANGSMIC,2038,99999.0
RE1,DEMTRANGSMIC,2039,99999.0
RE1,DEMTRANGSMIC,2040,99999.0
RE1,DEMTRANGSMIC,2041,99999.0
RE1,DEMTRANGSMIC,2042,99999.0
RE1,DEMTRANGSMIC,2043,99999.0
RE1,DEMTRANGSMIC,2044,99999.0
RE1,DEMTRANGSMIC,2045,99999.0
RE1,DEMTRANGSMIC,2046,99999.0
RE1,DEMTRANGSMIC,2047,99999.0
RE1,DEMTRANGSMIC,2048,99999.0
RE1,DEMTRANGSMIC,2049,99999.0
RE1,DEMTRANGSMIC,2050,99999.0
RE1,DEMTRANGSMIC,2051,99999.0
RE1,DEMTRANGSMIC,2052,99999.0
RE1,DEMTRANGSMIC,2053,99999.0
RE1,DEMTRANGSMIC,2054,99999.0
RE1,DEMTRANGSMIC,2055,99999.0
RE1,DEMTRANGSSTT,2022,99999.0
RE1,DEMTRANGSSTT,2023,99999.0
RE1,DEMTRANGSSTT,2024,99999.0
RE1,DEMTRANGSSTT,2025,99999.0
RE1,DEMTRANGSSTT,2026,99999.0
RE1,DEMTRANGSSTT,2027,99999.0
RE1,DEMTRANGSSTT,2028,99999.0
RE1,DEMTRANGSSTT,2029,99999.0
RE1,DEMTRANGSSTT,2030,99999.0
RE1,DEMTRANGSSTT,2031,99999.0
RE1,DEMTRANGSSTT,2032,99999.0
RE1,DEMTRANGSSTT,2033,99999.0
RE1,DEMTRANGSSTT,2034,99999.0
RE1,DEMTRANGSSTT,2035,99999.0
RE1,DEMTRANGSSTT,2036,99999.0
RE1,DEMTRANGSSTT,2037,99999.0
RE1,DEMTRANGSSTT,2038,99999.0
RE1,DEMTRANGSSTT,2039,99999.0
RE1,DEMTRANGSSTT,2040,99999.0
RE1,DEMTRANGSSTT,2041,99999.0
RE1,DEMTRANGSSTT,2042,99999.0
RE1,DEMTRANGSSTT,2043,99999.0
RE1,DEMTRANGSSTT,2044,99999.0
RE1,DEMTRANGSSTT,2045,99999.0
RE1,DEMTRANGSSTT,2046,99999.0
RE1,DEMTRANGSSTT,2047,99999.0
RE1,DEMTRANGSSTT,2048,99999.0
RE1,DEMTRANGSSTT,2049,99999.0
RE1,DEMTRANGSSTT,2050,99999.0
RE1,DEMTRANGSSTT,2051,99999.0
RE1,DEMTRANGSSTT,2052,99999.0
RE1,DEMTRANGSSTT,2053,99999.0
RE1,DEMTRANGSSTT,2054,99999.0
RE1,DEMTRANGSSTT,2055,99999.0
RE1,DEMTRANGSTAX,2022,99999.0
RE1,DEMTRANGSTAX,2023,99999.0
RE1,DEMTRANGSTAX,2024,99999.0
RE1,DEMTRANGSTAX,2025,99999.0
RE1,DEMTRANGSTAX,2026,99999.0
RE1,DEMTRANGSTAX,2027,99999.0
RE1,DEMTRANGSTAX,2028,99999.0
RE1,DEMTRANGSTAX,2029,99999.0
RE1,DEMTRANGSTAX,2030,99999.0
RE1,DEMTRANGSTAX,2031,99999.0
RE1,DEMTRANGSTAX,2032,99999.0
RE1,DEMTRANGSTAX,2033,99999.0
RE1,DEMTRANGSTAX,2034,99999.0
RE1,DEMTRANGSTAX,2035,99999.0
RE1,DEMTRANGSTAX,2036,99999.0
RE1,DEMTRANGSTAX,2037,99999.0
RE1,DEMTRANGSTAX,2038,99999.0
RE1,DEMTRANGSTAX,2039,99999.0
RE1,DEMTRANGSTAX,2040,99999.0
RE1,DEMTRANGSTAX,2041,99999.0
RE1,DEMTRANGSTAX,2042,99999.0
RE1,DEMTRANGSTAX,2043,99999.0
RE1,DEMTRANGSTAX,2044,99999.0
RE1,DEMTRANGSTAX,2045,99999.0
RE1,DEMTRANGSTAX,2046,99999.0
RE1,DEMTRANGSTAX,2047,99999.0
RE1,DEMTRANGSTAX,2048,99999.0
RE1,DEMTRANGSTAX,2049,99999.0
RE1,DEMTRANGSTAX,2050,99999.0
RE1,DEMTRANGSTAX,2051,99999.0
RE1,DEMTRANGSTAX,2052,99999.0
RE1,DEMTRANGSTAX,2053,99999.0
RE1,DEMTRANGSTAX,2054,99999.0
RE1,DEMTRANGSTAX,2055,99999.0
RE1,DEMTRANGSTCK_C2P,2022,99999.0
RE1,DEMTRANGSTCK_C2P,2023,99999.0
RE1,DEMTRANGSTCK_C2P,2024,99999.0
RE1,DEMTRANGSTCK_C2P,2025,99999.0
RE1,DEMTRANGSTCK_C2P,2026,99999.0
RE1,DEMTRANGSTCK_C2P,2027,99999.0
RE1,DEMTRANGSTCK_C2P,2028,99999.0
RE1,DEMTRANGSTCK_C2P,2029,99999.0
RE1,DEMTRANGSTCK_C2P,2030,99999.0
RE1,DEMTRANGSTCK_C2P,2031,99999.0
RE1,DEMTRANGSTCK_C2P,2032,99999.0
RE1,DEMTRANGSTCK_C2P,2033,99999.0
RE1,DEMTRANGSTCK_C2P,2034,99999.0
RE1,DEMTRANGSTCK_C2P,2035,99999.0
RE1,DEMTRANGSTCK_C2P,2036,99999.0
RE1,DEMTRANGSTCK_C2P,2037,99999.0
RE1,DEMTRANGSTCK_C2P,2038,99999.0
RE1,DEMTRANGSTCK_C2P,2039,99999.0
RE1,DEMTRANGSTCK_C2P,2040,99999.0
RE1,DEMTRANGSTCK_C2P,2041,99999.0
RE1,DEMTRANGSTCK_C2P,2042,99999.0
RE1,DEMTRANGSTCK_C2P,2043,99999.0
RE1,DEMTRANGSTCK_C2P,2044,99999.0
RE1,DEMTRANGSTCK_C2P,2045,99999.0
RE1,DEMTRANGSTCK_C2P,2046,99999.0
RE1,DEMTRANGSTCK_C2P,2047,99999.0
RE1,DEMTRANGSTCK_C2P,2048,99999.0
RE1,DEMTRANGSTCK_C2P,2049,99999.0
RE1,DEMTRANGSTCK_C2P,2050,99999.0
RE1,DEMTRANGSTCK_C2P,2051,99999.0
RE1,DEMTRANGSTCK_C2P,2052,99999.0
RE1,DEMTRANGSTCK_C2P,2053,99999.0
RE1,DEMTRANGSTCK_C2P,2054,99999.0
RE1,DEMTRANGSTCK_C2P,2055,99999.0
RE1,DEMTRANGSTCK_CSG,2022,99999.0
RE1,DEMTRANGSTCK_CSG,2023,99999.0
RE1,DEMTRANGSTCK_CSG,2024,99999.0
RE1,DEMTRANGSTCK_CSG,2025,99999.0
RE1,DEMTRANGSTCK_CSG,2026,99999.0
RE1,DEMTRANGSTCK_CSG,2027,99999.0
RE1,DEMTRANGSTCK_CSG,2028,99999.0
RE1,DEMTRANGSTCK_CSG,2029,99999.0
RE1,DEMTRANGSTCK_CSG,2030,99999.0
RE1,DEMTRANGSTCK_CSG,2031,99999.0
RE1,DEMTRANGSTCK_CSG,2032,99999.0
RE1,DEMTRANGSTCK_CSG,2033,99999.0
RE1,DEMTRANGSTCK_CSG,2034,99999.0
RE1,DEMTRANGSTCK_CSG,2035,99999.0
RE1,DEMTRANGSTCK_CSG,2036,99999.0
RE1,DEMTRANGSTCK_CSG,2037,99999.0
RE1,DEMTRANGSTCK_CSG,2038,99999.0
RE1,DEMTRANGSTCK_CSG,2039,99999.0
RE1,DEMTRANGSTCK_CSG,2040,99999.0
RE1,DEMTRANGSTCK_CSG,2041,99999.0
RE1,DEMTRANGSTCK_CSG,2042,99999.0
RE1,DEMTRANGSTCK_CSG,2043,99999.0
RE1,DEMTRANGSTCK_CSG,2044,99999.0
RE1,DEMTRANGSTCK_CSG,2045,99999.0
RE1,DEMTRANGSTCK_CSG,2046,99999.0
RE1,DEMTRANGSTCK_CSG,2047,99999.0
RE1,DEMTRANGSTCK_CSG,2048,99999.0
RE1,DEMTRANGSTCK_CSG,2049,99999.0
RE1,DEMTRANGSTCK_CSG,2050,99999.0
RE1,DEMTRANGSTCK_CSG,2051,99999.0
RE1,DEMTRANGSTCK_CSG,2052,99999.0
RE1,DEMTRANGSTCK_CSG,2053,99999.0
RE1,DEMTRANGSTCK_CSG,2054,99999.0
RE1,DEMTRANGSTCK_CSG,2055,99999.0
RE1,DEMTRAPHEVFWD,2022,99999.0
RE1,DEMTRAPHEVFWD,2023,99999.0
RE1,DEMTRAPHEVFWD,2024,99999.0
RE1,DEMTRAPHEVFWD,2025,99999.0
RE1,DEMTRAPHEVFWD,2026,99999.0
RE1,DEMTRAPHEVFWD,2027,99999.0
RE1,DEMTRAPHEVFWD,2028,99999.0
RE1,DEMTRAPHEVFWD,2029,99999.0
RE1,DEMTRAPHEVFWD,2030,99999.0
RE1,DEMTRAPHEVFWD,2031,99999.0
RE1,DEMTRAPHEVFWD,2032,99999.0
RE1,DEMTRAPHEVFWD,2033,99999.0
RE1,DEMTRAPHEVFWD,2034,99999.0
RE1,DEMTRAPHEVFWD,2035,99999.0
RE1,DEMTRAPHEVFWD,2036,99999.0
RE1,DEMTRAPHEVFWD,2037,99999.0
RE1,DEMTRAPHEVFWD,2038,99999.0
RE1,DEMTRAPHEVFWD,2039,99999.0
RE1,DEMTRAPHEVFWD,2040,99999.0
RE1,DEMTRAPHEVFWD,2041,99999.0
RE1,DEMTRAPHEVFWD,2042,99999.0
RE1,DEMTRAPHEVFWD,2043,99999.0
RE1,DEMTRAPHEVFWD,2044,99999.0
RE1,DEMTRAPHEVFWD,2045,99999.0
RE1,DEMTRAPHEVFWD,2046,99999.0
RE1,DEMTRAPHEVFWD,2047,99999.0
RE1,DEMTRAPHEVFWD,2048,99999.0
RE1,DEMTRAPHEVFWD,2049,99999.0
RE1,DEMTRAPHEVFWD,2050,99999.0
RE1,DEMTRAPHEVFWD,2051,99999.0
RE1,DEMTRAPHEVFWD,2052,99999.0
RE1,DEMTRAPHEVFWD,2053,99999.0
RE1,DEMTRAPHEVFWD,2054,99999.0
RE1,DEMTRAPHEVFWD,2055,99999.0
RE1,DEMTRAPHEVLDV,2022,99999.0
RE1,DEMTRAPHEVLDV,2023,99999.0
RE1,DEMTRAPHEVLDV,2024,99999.0
RE1,DEMTRAPHEVLDV,2025,99999.0
RE1,DEMTRAPHEVLDV,2026,99999.0
RE1,DEMTRAPHEVLDV,2027,99999.0
RE1,DEMTRAPHEVLDV,2028,99999.0
RE1,DEMTRAPHEVLDV,2029,99999.0
RE1,DEMTRAPHEVLDV,2030,99999.0
RE1,DEMTRAPHEVLDV,2031,99999.0
RE1,DEMTRAPHEVLDV,2032,99999.0
RE1,DEMTRAPHEVLDV,2033,99999.0
RE1,DEMTRAPHEVLDV,2034,99999.0
RE1,DEMTRAPHEVLDV,2035,99999.0
RE1,DEMTRAPHEVLDV,2036,99999.0
RE1,DEMTRAPHEVLDV,2037,99999.0
RE1,DEMTRAPHEVLDV,2038,99999.0
RE1,DEMTRAPHEVLDV,2039,99999.0
RE1,DEMTRAPHEVLDV,2040,99999.0
RE1,DEMTRAPHEVLDV,2041,99999.0
RE1,DEMTRAPHEVLDV,2042,99999.0
RE1,DEMTRAPHEVLDV,2043,99999.0
RE1,DEMTRAPHEVLDV,2044,99999.0
RE1,DEMTRAPHEVLDV,2045,99999.0
RE1,DEMTRAPHEVLDV,2046,99999.0
RE1,DEMTRAPHEVLDV,2047,99999.0
RE1,DEMTRAPHEVLDV,2048,99999.0
RE1,DEMTRAPHEVLDV,2049,99999.0
RE1,DEMTRAPHEVLDV,2050,99999.0
RE1,DEMTRAPHEVLDV,2051,99999.0
RE1,DEMTRAPHEVLDV,2052,99999.0
RE1,DEMTRAPHEVLDV,2053,99999.0
RE1,DEMTRAPHEVLDV,2054,99999.0
RE1,DEMTRAPHEVLDV,2055,99999.0
RE1,DEMTRAPHEVTAX,2022,99999.0
RE1,DEMTRAPHEVTAX,2023,99999.0
RE1,DEMTRAPHEVTAX,2024,99999.0
RE1,DEMTRAPHEVTAX,2025,99999.0
RE1,DEMTRAPHEVTAX,2026,99999.0
RE1,DEMTRAPHEVTAX,2027,99999.0
RE1,DEMTRAPHEVTAX,2028,99999.0
RE1,DEMTRAPHEVTAX,2029,99999.0
RE1,DEMTRAPHEVTAX,2030,99999.0
RE1,DEMTRAPHEVTAX,2031,99999.0
RE1,DEMTRAPHEVTAX,2032,99999.0
RE1,DEMTRAPHEVTAX,2033,99999.0
RE1,DEMTRAPHEVTAX,2034,99999.0
RE1,DEMTRAPHEVTAX,2035,99999.0
RE1,DEMTRAPHEVTAX,2036,99999.0
RE1,DEMTRAPHEVTAX,2037,99999.0
RE1,DEMTRAPHEVTAX,2038,99999.0
RE1,DEMTRAPHEVTAX,2039,99999.0
RE1,DEMTRAPHEVTAX,2040,99999.0
RE1,DEMTRAPHEVTAX,2041,99999.0
RE1,DEMTRAPHEVTAX,2042,99999.0
RE1,DEMTRAPHEVTAX,2043,99999.0
RE1,DEMTRAPHEVTAX,2044,99999.0
RE1,DEMTRAPHEVTAX,2045,99999.0
RE1,DEMTRAPHEVTAX,2046,99999.0
RE1,DEMTRAPHEVTAX,2047,99999.0
RE1,DEMTRAPHEVTAX,2048,99999.0
RE1,DEMTRAPHEVTAX,2049,99999.0
RE1,DEMTRAPHEVTAX,2050,99999.0
RE1,DEMTRAPHEVTAX,2051,99999.0
RE1,DEMTRAPHEVTAX,2052,99999.0
RE1,DEMTRAPHEVTAX,2053,99999.0
RE1,DEMTRAPHEVTAX,2054,99999.0
RE1,DEMTRAPHEVTAX,2055,99999.0
RE1,EXPCOA,2022,502.0
RE1,EXPCOA,2023,502.0
RE1,EXPCOA,2024,502.0
RE1,EXPCOA,2025,502.0
RE1,EXPCOA,2026,502.0
RE1,EXPCOA,2027,502.0
RE1,EXPCOA,2028,502.0
RE1,EXPCOA,2029,502.0
RE1,EXPCOA,2030,315.0
RE1,EXPCOA,2031,315.0
RE1,EXPCOA,2032,315.0
RE1,EXPCOA,2033,315.0
RE1,EXPCOA,2034,315.0
RE1,EXPCOA,2035,315.0
RE1,EXPCOA,2036,315.0
RE1,EXPCOA,2037,315.0
RE1,EXPCOA,2038,315.0
RE1,EXPCOA,2039,315.0
RE1,EXPCOA,2040,226.2459310714699
RE1,EXPCOA,2041,226.2459310714699
RE1,EXPCOA,2042,226.2459310714699
RE1,EXPCOA,2043,226.2459310714699
RE1,EXPCOA,2044,226.2459310714699
RE1,EXPCOA,2045,226.2459310714699
RE1,EXPCOA,2046,226.2459310714699
RE1,EXPCOA,2047,226.2459310714699
RE1,EXPCOA,2048,226.2459310714699
RE1,EXPCOA,2049,226.2459310714699
RE1,EXPCOA,2050,53.1869521138019
RE1,EXPCOA,2051,53.1869521138019
RE1,EXPCOA,2052,53.1869521138019
RE1,EXPCOA,2053,53.1869521138019
RE1,EXPCOA,2054,53.1869521138019
RE1,EXPCOA,2055,53.1869521138019
RE1,EXPDSL,2022,0.0
RE1,EXPDSL,2023,0.0
RE1,EXPDSL,2024,0.0
RE1,EXPDSL,2025,0.0
RE1,EXPDSL,2026,0.0
RE1,EXPDSL,2027,0.0
RE1,EXPDSL,2028,0.0
RE1,EXPDSL,2029,0.0
RE1,EXPDSL,2030,0.0
RE1,EXPDSL,2031,11.13369438390635
RE1,EXPDSL,2032,11.42221256731079
RE1,EXPDSL,2033,5.084654245036063
RE1,EXPDSL,2034,0.1516735498001935
RE1,EXPDSL,2035,0.0
RE1,EXPDSL,2036,0.0
RE1,EXPDSL,2037,0.0
RE1,EXPDSL,2038,0.975259872307447
RE1,EXPDSL,2039,10.29274523197068
RE1,EXPDSL,2040,18.50682877642464
RE1,EXPDSL,2041,24.97787776106838
RE1,EXPDSL,2042,27.20584491091824
RE1,EXPDSL,2043,29.3931494396042
RE1,EXPDSL,2044,31.50736280494584
RE1,EXPDSL,2045,33.23276493909646
RE1,EXPDSL,2046,34.92495782915967
RE1,EXPDSL,2047,36.73370214657945
RE1,EXPDSL,2048,39.1396102930691
RE1,EXPDSL,2049,41.14510430811276
RE1,EXPDSL,2050,44.46074496738669
RE1,EXPDSL,2051,46.67970525511976
RE1,EXPDSL,2052,48.96941230986158
RE1,EXPDSL,2053,51.33193052806939
RE1,EXPDSL,2054,53.78891347353738
RE1,EXPDSL,2055,53.78891347353738
RE1,EXPECU,2022,4.667880941388
RE1,EXPECU,2023,4.667880941388
RE1,EXPECU,2024,4.667880941388
RE1,EXPECU,2025,4.667880941388
RE1,EXPECU,2026,4.667880941388
RE1,EXPECU,2027,4.667880941388
RE1,EXPECU,2028,4.667880941388
RE1,EXPECU,2029,4.667880941388
RE1,EXPECU,2030,4.667880941388
RE1,EXPECU,2031,4.667880941388
RE1,EXPECU,2032,4.667880941388
RE1,EXPECU,2033,4.667880941388
RE1,EXPECU,2034,4.667880941388
RE1,EXPECU,2035,4.667880941388
RE1,EXPECU,2036,4.667880941388
RE1,EXPECU,2037,4.667880941388
RE1,EXPECU,2038,4.667880941388
RE1,EXPECU,2039,4.667880941388
RE1,EXPECU,2040,4.667880941388
RE1,EXPECU,2041,4.667880941388
RE1,EXPECU,2042,4.667880941388
RE1,EXPECU,2043,4.667880941388
RE1,EXPECU,2044,4.667880941388
RE1,EXPECU,2045,4.667880941388
RE1,EXPECU,2046,4.667880941388
RE1,EXPECU,2047,4.667880941388
RE1,EXPECU,2048,4.667880941388
RE1,EXPECU,2049,4.667880941388
RE1,EXPECU,2050,4.667880941388
RE1,EXPECU,2051,4.667880941388
RE1,EXPECU,2052,4.667880941388
RE1,EXPECU,2053,4.667880941388
RE1,EXPECU,2054,4.667880941388
RE1,EXPECU,2055,4.667880941388
RE1,EXPGSL,2022,0.0
RE1,EXPGSL,2023,0.0
RE1,EXPGSL,2024,0.0
RE1,EXPGSL,2025,0.0
RE1,EXPGSL,2026,0.0
RE1,EXPGSL,2027,0.0
RE1,EXPGSL,2028,0.0
RE1,EXPGSL,2029,0.0
RE1,EXPGSL,2030,0.0
RE1,EXPGSL,2031,0.0
RE1,EXPGSL,2032,0.0
RE1,EXPGSL,2033,0.0
RE1,EXPGSL,2034,0.0
RE1,EXPGSL,2035,0.0
RE1,EXPGSL,2036,0.0
RE1,EXPGSL,2037,0.0
RE1,EXPGSL,2038,0.0
RE1,EXPGSL,2039,0.0
RE1,EXPGSL,2040,0.0
RE1,EXPGSL,2041,0.0
RE1,EXPGSL,2042,0.0
RE1,EXPGSL,2043,0.0
RE1,EXPGSL,2044,0.0
RE1,EXPGSL,2045,0.0
RE1,EXPGSL,2046,0.0
RE1,EXPGSL,2047,0.0
RE1,EXPGSL,2048,0.0
RE1,EXPGSL,2049,0.0
RE1,EXPGSL,2050,0.0
RE1,EXPGSL,2051,0.0
RE1,EXPGSL,2052,0.0
RE1,EXPGSL,2053,0.0
RE1,EXPGSL,2054,0.0
RE1,EXPGSL,2055,0.0
RE1,EXPJET,2022,0.0
RE1,EXPJET,2023,0.0
RE1,EXPJET,2024,0.0
RE1,EXPJET,2025,0.0
RE1,EXPJET,2026,0.0
RE1,EXPJET,2027,0.0
RE1,EXPJET,2028,0.0
RE1,EXPJET,2029,0.0
RE1,EXPJET,2030,0.0
RE1,EXPJET,2031,0.0
RE1,EXPJET,2032,0.0
RE1,EXPJET,2033,0.0
RE1,EXPJET,2034,0.0
RE1,EXPJET,2035,0.0
RE1,EXPJET,2036,0.0
RE1,EXPJET,2037,0.0
RE1,EXPJET,2038,0.0
RE1,EXPJET,2039,0.0
RE1,EXPJET,2040,0.0
RE1,EXPJET,2041,0.0
RE1,EXPJET,2042,0.0
RE1,EXPJET,2043,0.0
RE1,EXPJET,2044,0.0
RE1,EXPJET,2045,0.0
RE1,EXPJET,2046,0.0
RE1,EXPJET,2047,0.0
RE1,EXPJET,2048,0.0
RE1,EXPJET,2049,0.0
RE1,EXPJET,2050,0.0
RE1,EXPJET,2051,0.0
RE1,EXPJET,2052,0.0
RE1,EXPJET,2053,0.0
RE1,EXPJET,2054,0.0
RE1,EXPJET,2055,0.0
RE1,EXPLPG,2022,0.0
RE1,EXPLPG,2023,0.0
RE1,EXPLPG,2024,0.0
RE1,EXPLPG,2025,0.0
RE1,EXPLPG,2026,0.0
RE1,EXPLPG,2027,0.0
RE1,EXPLPG,2028,0.0
RE1,EXPLPG,2029,0.0
RE1,EXPLPG,2030,0.0
RE1,EXPLPG,2031,0.0
RE1,EXPLPG,2032,0.0
RE1,EXPLPG,2033,0.0
RE1,EXPLPG,2034,0.0
RE1,EXPLPG,2035,0.0
RE1,EXPLPG,2036,0.0
RE1,EXPLPG,2037,0.0
RE1,EXPLPG,2038,0.0
RE1,EXPLPG,2039,0.0
RE1,EXPLPG,2040,0.0
RE1,EXPLPG,2041,0.0
RE1,EXPLPG,2042,0.0
RE1,EXPLPG,2043,0.0
RE1,EXPLPG,2044,0.0
RE1,EXPLPG,2045,0.0
RE1,EXPLPG,2046,0.0
RE1,EXPLPG,2047,0.0
RE1,EXPLPG,2048,0.0
RE1,EXPLPG,2049,0.0
RE1,EXPLPG,2050,0.0
RE1,EXPLPG,2051,0.0
RE1,EXPLPG,2052,0.0
RE1,EXPLPG,2053,0.0
RE1,EXPLPG,2054,0.0
RE1,EXPLPG,2055,0.0
RE1,EXPOIL_1LIV,2022,0.0
RE1,EXPOIL_1LIV,2023,0.0
RE1,EXPOIL_1LIV,2024,0.0
RE1,EXPOIL_1LIV,2025,0.0
RE1,EXPOIL_1LIV,2026,0.0
RE1,EXPOIL_1LIV,2027,0.0
RE1,EXPOIL_1LIV,2028,0.0
RE1,EXPOIL_1LIV,2029,0.0
RE1,EXPOIL_1LIV,2030,0.0
RE1,EXPOIL_1LIV,2031,0.0
RE1,EXPOIL_1LIV,2032,0.0
RE1,EXPOIL_1LIV,2033,0.0
RE1,EXPOIL_1LIV,2034,0.0
RE1,EXPOIL_1LIV,2035,0.0
RE1,EXPOIL_1LIV,2036,0.0
RE1,EXPOIL_1LIV,2037,0.0
RE1,EXPOIL_1LIV,2038,0.0
RE1,EXPOIL_1LIV,2039,0.0
RE1,EXPOIL_1LIV,2040,0.0
RE1,EXPOIL_1LIV,2041,0.0
RE1,EXPOIL_1LIV,2042,0.0
RE1,EXPOIL_1LIV,2043,0.0
RE1,EXPOIL_1LIV,2044,0.0
RE1,EXPOIL_1LIV,2045,0.0
RE1,EXPOIL_1LIV,2046,0.0
RE1,EXPOIL_1LIV,2047,0.0
RE1,EXPOIL_1LIV,2048,0.0
RE1,EXPOIL_1LIV,2049,0.0
RE1,EXPOIL_1LIV,2050,0.0
RE1,EXPOIL_1LIV,2051,0.0
RE1,EXPOIL_1LIV,2052,0.0
RE1,EXPOIL_1LIV,2053,0.0
RE1,EXPOIL_1LIV,2054,0.0
RE1,EXPOIL_1LIV,2055,0.0
RE1,EXPOIL_2MID,2022,0.0
RE1,EXPOIL_2MID,2023,0.0
RE1,EXPOIL_2MID,2024,0.0
RE1,EXPOIL_2MID,2025,0.0
RE1,EXPOIL_2MID,2026,0.0
RE1,EXPOIL_2MID,2027,0.0
RE1,EXPOIL_2MID,2028,0.0
RE1,EXPOIL_2MID,2029,0.0
RE1,EXPOIL_2MID,2030,0.0
RE1,EXPOIL_2MID,2031,0.0
RE1,EXPOIL_2MID,2032,0.0
RE1,EXPOIL_2MID,2033,0.0
RE1,EXPOIL_2MID,2034,0.0
RE1,EXPOIL_2MID,2035,0.0
RE1,EXPOIL_2MID,2036,0.0
RE1,EXPOIL_2MID,2037,0.0
RE1,EXPOIL_2MID,2038,0.0
RE1,EXPOIL_2MID,2039,0.0
RE1,EXPOIL_2MID,2040,0.0
RE1,EXPOIL_2MID,2041,0.0
RE1,EXPOIL_2MID,2042,0.0
RE1,EXPOIL_2MID,2043,0.0
RE1,EXPOIL_2MID,2044,0.0
RE1,EXPOIL_2MID,2045,0.0
RE1,EXPOIL_2MID,2046,0.0
RE1,EXPOIL_2MID,2047,0.0
RE1,EXPOIL_2MID,2048,0.0
RE1,EXPOIL_2MID,2049,0.0
RE1,EXPOIL_2MID,2050,0.0
RE1,EXPOIL_2MID,2051,0.0
RE1,EXPOIL_2MID,2052,0.0
RE1,EXPOIL_2MID,2053,0.0
RE1,EXPOIL_2MID,2054,0.0
RE1,EXPOIL_2MID,2055,0.0
RE1,EXPOIL_3PES,2022,1076.0
RE1,EXPOIL_3PES,2023,1095.0
RE1,EXPOIL_3PES,2024,1100.0
RE1,EXPOIL_3PES,2025,1100.0
RE1,EXPOIL_3PES,2026,1100.0
RE1,EXPOIL_3PES,2027,1100.0
RE1,EXPOIL_3PES,2028,1100.0
RE1,EXPOIL_3PES,2029,1100.0
RE1,EXPOIL_3PES,2030,1100.0
RE1,EXPOIL_3PES,2031,1100.0
RE1,EXPOIL_3PES,2032,1100.0
RE1,EXPOIL_3PES,2033,1100.0
RE1,EXPOIL_3PES,2034,1100.0
RE1,EXPOIL_3PES,2035,1100.0
RE1,EXPOIL_3PES,2036,1100.0
RE1,EXPOIL_3PES,2037,1100.0
RE1,EXPOIL_3PES,2038,1100.0
RE1,EXPOIL_3PES,2039,1100.0
RE1,EXPOIL_3PES,2040,1100.0
RE1,EXPOIL_3PES,2041,0.0
RE1,EXPOIL_3PES,2042,0.0
RE1,EXPOIL_3PES,2043,0.0
RE1,EXPOIL_3PES,2044,0.0
RE1,EXPOIL_3PES,2045,0.0
RE1,EXPOIL_3PES,2046,0.0
RE1,EXPOIL_3PES,2047,0.0
RE1,EXPOIL_3PES,2048,0.0
RE1,EXPOIL_3PES,2049,0.0
RE1,EXPOIL_3PES,2050,0.0
RE1,EXPOIL_3PES,2051,0.0
RE1,EXPOIL_3PES,2052,0.0
RE1,EXPOIL_3PES,2053,0.0
RE1,EXPOIL_3PES,2054,0.0
RE1,EXPOIL_3PES,2055,0.0
RE1,GRDCOADST,2022,99999.0
RE1,GRDCOADST,2023,99999.0
RE1,GRDCOADST,2024,99999.0
RE1,GRDCOADST,2025,99999.0
RE1,GRDCOADST,2026,99999.0
RE1,GRDCOADST,2027,99999.0
RE1,GRDCOADST,2028,99999.0
RE1,GRDCOADST,2029,99999.0
RE1,GRDCOADST,2030,99999.0
RE1,GRDCOADST,2031,99999.0
RE1,GRDCOADST,2032,99999.0
RE1,GRDCOADST,2033,99999.0
RE1,GRDCOADST,2034,99999.0
RE1,GRDCOADST,2035,99999.0
RE1,GRDCOADST,2036,99999.0
RE1,GRDCOADST,2037,99999.0
RE1,GRDCOADST,2038,99999.0
RE1,GRDCOADST,2039,99999.0
RE1,GRDCOADST,2040,99999.0
RE1,GRDCOADST,2041,99999.0
RE1,GRDCOADST,2042,99999.0
RE1,GRDCOADST,2043,99999.0
RE1,GRDCOADST,2044,99999.0
RE1,GRDCOADST,2045,99999.0
RE1,GRDCOADST,2046,99999.0
RE1,GRDCOADST,2047,99999.0
RE1,GRDCOADST,2048,99999.0
RE1,GRDCOADST,2049,99999.0
RE1,GRDCOADST,2050,99999.0
RE1,GRDCOADST,2051,99999.0
RE1,GRDCOADST,2052,99999.0
RE1,GRDCOADST,2053,99999.0
RE1,GRDCOADST,2054,99999.0
RE1,GRDCOADST,2055,99999.0
RE1,GRDLPGDST,2022,99999.0
RE1,GRDLPGDST,2023,99999.0
RE1,GRDLPGDST,2024,99999.0
RE1,GRDLPGDST,2025,99999.0
RE1,GRDLPGDST,2026,99999.0
RE1,GRDLPGDST,2027,99999.0
RE1,GRDLPGDST,2028,99999.0
RE1,GRDLPGDST,2029,99999.0
RE1,GRDLPGDST,2030,99999.0
RE1,GRDLPGDST,2031,99999.0
RE1,GRDLPGDST,2032,99999.0
RE1,GRDLPGDST,2033,99999.0
RE1,GRDLPGDST,2034,99999.0
RE1,GRDLPGDST,2035,99999.0
RE1,GRDLPGDST,2036,99999.0
RE1,GRDLPGDST,2037,99999.0
RE1,GRDLPGDST,2038,99999.0
RE1,GRDLPGDST,2039,99999.0
RE1,GRDLPGDST,2040,99999.0
RE1,GRDLPGDST,2041,99999.0
RE1,GRDLPGDST,2042,99999.0
RE1,GRDLPGDST,2043,99999.0
RE1,GRDLPGDST,2044,99999.0
RE1,GRDLPGDST,2045,99999.0
RE1,GRDLPGDST,2046,99999.0
RE1,GRDLPGDST,2047,99999.0
RE1,GRDLPGDST,2048,99999.0
RE1,GRDLPGDST,2049,99999.0
RE1,GRDLPGDST,2050,99999.0
RE1,GRDLPGDST,2051,99999.0
RE1,GRDLPGDST,2052,99999.0
RE1,GRDLPGDST,2053,99999.0
RE1,GRDLPGDST,2054,99999.0
RE1,GRDLPGDST,2055,99999.0
RE1,GRDNGSDST,2022,99999.0
RE1,GRDNGSDST,2023,99999.0
RE1,GRDNGSDST,2024,99999.0
RE1,GRDNGSDST,2025,99999.0
RE1,GRDNGSDST,2026,99999.0
RE1,GRDNGSDST,2027,99999.0
RE1,GRDNGSDST,2028,99999.0
RE1,GRDNGSDST,2029,99999.0
RE1,GRDNGSDST,2030,99999.0
RE1,GRDNGSDST,2031,99999.0
RE1,GRDNGSDST,2032,99999.0
RE1,GRDNGSDST,2033,99999.0
RE1,GRDNGSDST,2034,99999.0
RE1,GRDNGSDST,2035,99999.0
RE1,GRDNGSDST,2036,99999.0
RE1,GRDNGSDST,2037,99999.0
RE1,GRDNGSDST,2038,99999.0
RE1,GRDNGSDST,2039,99999.0
RE1,GRDNGSDST,2040,99999.0
RE1,GRDNGSDST,2041,99999.0
RE1,GRDNGSDST,2042,99999.0
RE1,GRDNGSDST,2043,99999.0
RE1,GRDNGSDST,2044,99999.0
RE1,GRDNGSDST,2045,99999.0
RE1,GRDNGSDST,2046,99999.0
RE1,GRDNGSDST,2047,99999.0
RE1,GRDNGSDST,2048,99999.0
RE1,GRDNGSDST,2049,99999.0
RE1,GRDNGSDST,2050,99999.0
RE1,GRDNGSDST,2051,99999.0
RE1,GRDNGSDST,2052,99999.0
RE1,GRDNGSDST,2053,99999.0
RE1,GRDNGSDST,2054,99999.0
RE1,GRDNGSDST,2055,99999.0
RE1,GRDTYDELC,2022,99999.0
RE1,GRDTYDELC,2023,99999.0
RE1,GRDTYDELC,2024,99999.0
RE1,GRDTYDELC,2025,99999.0
RE1,GRDTYDELC,2026,99999.0
RE1,GRDTYDELC,2027,99999.0
RE1,GRDTYDELC,2028,99999.0
RE1,GRDTYDELC,2029,99999.0
RE1,GRDTYDELC,2030,99999.0
RE1,GRDTYDELC,2031,99999.0
RE1,GRDTYDELC,2032,99999.0
RE1,GRDTYDELC,2033,99999.0
RE1,GRDTYDELC,2034,99999.0
RE1,GRDTYDELC,2035,99999.0
RE1,GRDTYDELC,2036,99999.0
RE1,GRDTYDELC,2037,99999.0
RE1,GRDTYDELC,2038,99999.0
RE1,GRDTYDELC,2039,99999.0
RE1,GRDTYDELC,2040,99999.0
RE1,GRDTYDELC,2041,99999.0
RE1,GRDTYDELC,2042,99999.0
RE1,GRDTYDELC,2043,99999.0
RE1,GRDTYDELC,2044,99999.0
RE1,GRDTYDELC,2045,99999.0
RE1,GRDTYDELC,2046,99999.0
RE1,GRDTYDELC,2047,99999.0
RE1,GRDTYDELC,2048,99999.0
RE1,GRDTYDELC,2049,99999.0
RE1,GRDTYDELC,2050,99999.0
RE1,GRDTYDELC,2051,99999.0
RE1,GRDTYDELC,2052,99999.0
RE1,GRDTYDELC,2053,99999.0
RE1,GRDTYDELC,2054,99999.0
RE1,GRDTYDELC,2055,99999.0
RE1,GRDZNIELC,2022,99999.0
RE1,GRDZNIELC,2023,99999.0
RE1,GRDZNIELC,2024,99999.0
RE1,GRDZNIELC,2025,99999.0
RE1,GRDZNIELC,2026,99999.0
RE1,GRDZNIELC,2027,99999.0
RE1,GRDZNIELC,2028,99999.0
RE1,GRDZNIELC,2029,99999.0
RE1,GRDZNIELC,2030,99999.0
RE1,GRDZNIELC,2031,99999.0
RE1,GRDZNIELC,2032,99999.0
RE1,GRDZNIELC,2033,99999.0
RE1,GRDZNIELC,2034,99999.0
RE1,GRDZNIELC,2035,99999.0
RE1,GRDZNIELC,2036,99999.0
RE1,GRDZNIELC,2037,99999.0
RE1,GRDZNIELC,2038,99999.0
RE1,GRDZNIELC,2039,99999.0
RE1,GRDZNIELC,2040,99999.0
RE1,GRDZNIELC,2041,99999.0
RE1,GRDZNIELC,2042,99999.0
RE1,GRDZNIELC,2043,99999.0
RE1,GRDZNIELC,2044,99999.0
RE1,GRDZNIELC,2045,99999.0
RE1,GRDZNIELC,2046,99999.0
RE1,GRDZNIELC,2047,99999.0
RE1,GRDZNIELC,2048,99999.0
RE1,GRDZNIELC,2049,99999.0
RE1,GRDZNIELC,2050,99999.0
RE1,GRDZNIELC,2051,99999.0
RE1,GRDZNIELC,2052,99999.0
RE1,GRDZNIELC,2053,99999.0
RE1,GRDZNIELC,2054,99999.0
RE1,GRDZNIELC,2055,99999.0
RE1,IMPDSL,2022,99999.0
RE1,IMPDSL,2023,99999.0
RE1,IMPDSL,2024,99999.0
RE1,IMPDSL,2025,99999.0
RE1,IMPDSL,2026,99999.0
RE1,IMPDSL,2027,99999.0
RE1,IMPDSL,2028,99999.0
RE1,IMPDSL,2029,99999.0
RE1,IMPDSL,2030,99999.0
RE1,IMPDSL,2031,99999.0
RE1,IMPDSL,2032,99999.0
RE1,IMPDSL,2033,99999.0
RE1,IMPDSL,2034,99999.0
RE1,IMPDSL,2035,99999.0
RE1,IMPDSL,2036,99999.0
RE1,IMPDSL,2037,99999.0
RE1,IMPDSL,2038,99999.0
RE1,IMPDSL,2039,99999.0
RE1,IMPDSL,2040,99999.0
RE1,IMPDSL,2041,99999.0
RE1,IMPDSL,2042,99999.0
RE1,IMPDSL,2043,99999.0
RE1,IMPDSL,2044,99999.0
RE1,IMPDSL,2045,99999.0
RE1,IMPDSL,2046,99999.0
RE1,IMPDSL,2047,99999.0
RE1,IMPDSL,2048,99999.0
RE1,IMPDSL,2049,99999.0
RE1,IMPDSL,2050,99999.0
RE1,IMPDSL,2051,99999.0
RE1,IMPDSL,2052,99999.0
RE1,IMPDSL,2053,99999.0
RE1,IMPDSL,2054,99999.0
RE1,IMPDSL,2055,99999.0
RE1,IMPFOL,2022,99999.0
RE1,IMPFOL,2023,99999.0
RE1,IMPFOL,2024,99999.0
RE1,IMPFOL,2025,99999.0
RE1,IMPFOL,2026,99999.0
RE1,IMPFOL,2027,99999.0
RE1,IMPFOL,2028,99999.0
RE1,IMPFOL,2029,99999.0
RE1,IMPFOL,2030,99999.0
RE1,IMPFOL,2031,99999.0
RE1,IMPFOL,2032,99999.0
RE1,IMPFOL,2033,99999.0
RE1,IMPFOL,2034,99999.0
RE1,IMPFOL,2035,99999.0
RE1,IMPFOL,2036,99999.0
RE1,IMPFOL,2037,99999.0
RE1,IMPFOL,2038,99999.0
RE1,IMPFOL,2039,99999.0
RE1,IMPFOL,2040,99999.0
RE1,IMPFOL,2041,99999.0
RE1,IMPFOL,2042,99999.0
RE1,IMPFOL,2043,99999.0
RE1,IMPFOL,2044,99999.0
RE1,IMPFOL,2045,99999.0
RE1,IMPFOL,2046,99999.0
RE1,IMPFOL,2047,99999.0
RE1,IMPFOL,2048,99999.0
RE1,IMPFOL,2049,99999.0
RE1,IMPFOL,2050,99999.0
RE1,IMPFOL,2051,99999.0
RE1,IMPFOL,2052,99999.0
RE1,IMPFOL,2053,99999.0
RE1,IMPFOL,2054,99999.0
RE1,IMPFOL,2055,99999.0
RE1,IMPGSL,2022,99999.0
RE1,IMPGSL,2023,99999.0
RE1,IMPGSL,2024,99999.0
RE1,IMPGSL,2025,99999.0
RE1,IMPGSL,2026,99999.0
RE1,IMPGSL,2027,99999.0
RE1,IMPGSL,2028,99999.0
RE1,IMPGSL,2029,99999.0
RE1,IMPGSL,2030,99999.0
RE1,IMPGSL,2031,99999.0
RE1,IMPGSL,2032,99999.0
RE1,IMPGSL,2033,99999.0
RE1,IMPGSL,2034,99999.0
RE1,IMPGSL,2035,99999.0
RE1,IMPGSL,2036,99999.0
RE1,IMPGSL,2037,99999.0
RE1,IMPGSL,2038,99999.0
RE1,IMPGSL,2039,99999.0
RE1,IMPGSL,2040,99999.0
RE1,IMPGSL,2041,99999.0
RE1,IMPGSL,2042,99999.0
RE1,IMPGSL,2043,99999.0
RE1,IMPGSL,2044,99999.0
RE1,IMPGSL,2045,99999.0
RE1,IMPGSL,2046,99999.0
RE1,IMPGSL,2047,99999.0
RE1,IMPGSL,2048,99999.0
RE1,IMPGSL,2049,99999.0
RE1,IMPGSL,2050,99999.0
RE1,IMPGSL,2051,99999.0
RE1,IMPGSL,2052,99999.0
RE1,IMPGSL,2053,99999.0
RE1,IMPGSL,2054,99999.0
RE1,IMPGSL,2055,99999.0
RE1,IMPJET,2022,99999.0
RE1,IMPJET,2023,99999.0
RE1,IMPJET,2024,99999.0
RE1,IMPJET,2025,99999.0
RE1,IMPJET,2026,99999.0
RE1,IMPJET,2027,99999.0
RE1,IMPJET,2028,99999.0
RE1,IMPJET,2029,99999.0
RE1,IMPJET,2030,99999.0
RE1,IMPJET,2031,99999.0
RE1,IMPJET,2032,99999.0
RE1,IMPJET,2033,99999.0
RE1,IMPJET,2034,99999.0
RE1,IMPJET,2035,99999.0
RE1,IMPJET,2036,99999.0
RE1,IMPJET,2037,99999.0
RE1,IMPJET,2038,99999.0
RE1,IMPJET,2039,99999.0
RE1,IMPJET,2040,99999.0
RE1,IMPJET,2041,99999.0
RE1,IMPJET,2042,99999.0
RE1,IMPJET,2043,99999.0
RE1,IMPJET,2044,99999.0
RE1,IMPJET,2045,99999.0
RE1,IMPJET,2046,99999.0
RE1,IMPJET,2047,99999.0
RE1,IMPJET,2048,99999.0
RE1,IMPJET,2049,99999.0
RE1,IMPJET,2050,99999.0
RE1,IMPJET,2051,99999.0
RE1,IMPJET,2052,99999.0
RE1,IMPJET,2053,99999.0
RE1,IMPJET,2054,99999.0
RE1,IMPJET,2055,99999.0
RE1,IMPLNG,2022,99999.0
RE1,IMPLNG,2023,99999.0
RE1,IMPLNG,2024,99999.0
RE1,IMPLNG,2025,99999.0
RE1,IMPLNG,2026,99999.0
RE1,IMPLNG,2027,99999.0
RE1,IMPLNG,2028,99999.0
RE1,IMPLNG,2029,99999.0
RE1,IMPLNG,2030,99999.0
RE1,IMPLNG,2031,99999.0
RE1,IMPLNG,2032,99999.0
RE1,IMPLNG,2033,99999.0
RE1,IMPLNG,2034,99999.0
RE1,IMPLNG,2035,99999.0
RE1,IMPLNG,2036,99999.0
RE1,IMPLNG,2037,99999.0
RE1,IMPLNG,2038,99999.0
RE1,IMPLNG,2039,99999.0
RE1,IMPLNG,2040,99999.0
RE1,IMPLNG,2041,99999.0
RE1,IMPLNG,2042,99999.0
RE1,IMPLNG,2043,99999.0
RE1,IMPLNG,2044,99999.0
RE1,IMPLNG,2045,99999.0
RE1,IMPLNG,2046,99999.0
RE1,IMPLNG,2047,99999.0
RE1,IMPLNG,2048,99999.0
RE1,IMPLNG,2049,99999.0
RE1,IMPLNG,2050,99999.0
RE1,IMPLNG,2051,99999.0
RE1,IMPLNG,2052,99999.0
RE1,IMPLNG,2053,99999.0
RE1,IMPLNG,2054,99999.0
RE1,IMPLNG,2055,99999.0
RE1,IMPLPG,2022,99999.0
RE1,IMPLPG,2023,99999.0
RE1,IMPLPG,2024,99999.0
RE1,IMPLPG,2025,99999.0
RE1,IMPLPG,2026,99999.0
RE1,IMPLPG,2027,99999.0
RE1,IMPLPG,2028,99999.0
RE1,IMPLPG,2029,99999.0
RE1,IMPLPG,2030,99999.0
RE1,IMPLPG,2031,99999.0
RE1,IMPLPG,2032,99999.0
RE1,IMPLPG,2033,99999.0
RE1,IMPLPG,2034,99999.0
RE1,IMPLPG,2035,99999.0
RE1,IMPLPG,2036,99999.0
RE1,IMPLPG,2037,99999.0
RE1,IMPLPG,2038,99999.0
RE1,IMPLPG,2039,99999.0
RE1,IMPLPG,2040,99999.0
RE1,IMPLPG,2041,99999.0
RE1,IMPLPG,2042,99999.0
RE1,IMPLPG,2043,99999.0
RE1,IMPLPG,2044,99999.0
RE1,IMPLPG,2045,99999.0
RE1,IMPLPG,2046,99999.0
RE1,IMPLPG,2047,99999.0
RE1,IMPLPG,2048,99999.0
RE1,IMPLPG,2049,99999.0
RE1,IMPLPG,2050,99999.0
RE1,IMPLPG,2051,99999.0
RE1,IMPLPG,2052,99999.0
RE1,IMPLPG,2053,99999.0
RE1,IMPLPG,2054,99999.0
RE1,IMPLPG,2055,99999.0
RE1,IMPOIL_1LIV,2022,99999.0
RE1,IMPOIL_1LIV,2023,99999.0
RE1,IMPOIL_1LIV,2024,99999.0
RE1,IMPOIL_1LIV,2025,99999.0
RE1,IMPOIL_1LIV,2026,99999.0
RE1,IMPOIL_1LIV,2027,99999.0
RE1,IMPOIL_1LIV,2028,99999.0
RE1,IMPOIL_1LIV,2029,99999.0
RE1,IMPOIL_1LIV,2030,99999.0
RE1,IMPOIL_1LIV,2031,99999.0
RE1,IMPOIL_1LIV,2032,99999.0
RE1,IMPOIL_1LIV,2033,99999.0
RE1,IMPOIL_1LIV,2034,99999.0
RE1,IMPOIL_1LIV,2035,99999.0
RE1,IMPOIL_1LIV,2036,99999.0
RE1,IMPOIL_1LIV,2037,99999.0
RE1,IMPOIL_1LIV,2038,99999.0
RE1,IMPOIL_1LIV,2039,99999.0
RE1,IMPOIL_1LIV,2040,99999.0
RE1,IMPOIL_1LIV,2041,99999.0
RE1,IMPOIL_1LIV,2042,99999.0
RE1,IMPOIL_1LIV,2043,99999.0
RE1,IMPOIL_1LIV,2044,99999.0
RE1,IMPOIL_1LIV,2045,99999.0
RE1,IMPOIL_1LIV,2046,99999.0
RE1,IMPOIL_1LIV,2047,99999.0
RE1,IMPOIL_1LIV,2048,99999.0
RE1,IMPOIL_1LIV,2049,99999.0
RE1,IMPOIL_1LIV,2050,99999.0
RE1,IMPOIL_1LIV,2051,99999.0
RE1,IMPOIL_1LIV,2052,99999.0
RE1,IMPOIL_1LIV,2053,99999.0
RE1,IMPOIL_1LIV,2054,99999.0
RE1,IMPOIL_1LIV,2055,99999.0
RE1,IMPOIL_2MID,2022,99999.0
RE1,IMPOIL_2MID,2023,99999.0
RE1,IMPOIL_2MID,2024,99999.0
RE1,IMPOIL_2MID,2025,99999.0
RE1,IMPOIL_2MID,2026,99999.0
RE1,IMPOIL_2MID,2027,99999.0
RE1,IMPOIL_2MID,2028,99999.0
RE1,IMPOIL_2MID,2029,99999.0
RE1,IMPOIL_2MID,2030,99999.0
RE1,IMPOIL_2MID,2031,99999.0
RE1,IMPOIL_2MID,2032,99999.0
RE1,IMPOIL_2MID,2033,99999.0
RE1,IMPOIL_2MID,2034,99999.0
RE1,IMPOIL_2MID,2035,99999.0
RE1,IMPOIL_2MID,2036,99999.0
RE1,IMPOIL_2MID,2037,99999.0
RE1,IMPOIL_2MID,2038,99999.0
RE1,IMPOIL_2MID,2039,99999.0
RE1,IMPOIL_2MID,2040,99999.0
RE1,IMPOIL_2MID,2041,99999.0
RE1,IMPOIL_2MID,2042,99999.0
RE1,IMPOIL_2MID,2043,99999.0
RE1,IMPOIL_2MID,2044,99999.0
RE1,IMPOIL_2MID,2045,99999.0
RE1,IMPOIL_2MID,2046,99999.0
RE1,IMPOIL_2MID,2047,99999.0
RE1,IMPOIL_2MID,2048,99999.0
RE1,IMPOIL_2MID,2049,99999.0
RE1,IMPOIL_2MID,2050,99999.0
RE1,IMPOIL_2MID,2051,99999.0
RE1,IMPOIL_2MID,2052,99999.0
RE1,IMPOIL_2MID,2053,99999.0
RE1,IMPOIL_2MID,2054,99999.0
RE1,IMPOIL_2MID,2055,99999.0
RE1,IMPOIL_3PES,2022,99999.0
RE1,IMPOIL_3PES,2023,99999.0
RE1,IMPOIL_3PES,2024,99999.0
RE1,IMPOIL_3PES,2025,99999.0
RE1,IMPOIL_3PES,2026,99999.0
RE1,IMPOIL_3PES,2027,99999.0
RE1,IMPOIL_3PES,2028,99999.0
RE1,IMPOIL_3PES,2029,99999.0
RE1,IMPOIL_3PES,2030,99999.0
RE1,IMPOIL_3PES,2031,99999.0
RE1,IMPOIL_3PES,2032,99999.0
RE1,IMPOIL_3PES,2033,99999.0
RE1,IMPOIL_3PES,2034,99999.0
RE1,IMPOIL_3PES,2035,99999.0
RE1,IMPOIL_3PES,2036,99999.0
RE1,IMPOIL_3PES,2037,99999.0
RE1,IMPOIL_3PES,2038,99999.0
RE1,IMPOIL_3PES,2039,99999.0
RE1,IMPOIL_3PES,2040,99999.0
RE1,IMPOIL_3PES,2041,99999.0
RE1,IMPOIL_3PES,2042,99999.0
RE1,IMPOIL_3PES,2043,99999.0
RE1,IMPOIL_3PES,2044,99999.0
RE1,IMPOIL_3PES,2045,99999.0
RE1,IMPOIL_3PES,2046,99999.0
RE1,IMPOIL_3PES,2047,99999.0
RE1,IMPOIL_3PES,2048,99999.0
RE1,IMPOIL_3PES,2049,99999.0
RE1,IMPOIL_3PES,2050,99999.0
RE1,IMPOIL_3PES,2051,99999.0
RE1,IMPOIL_3PES,2052,99999.0
RE1,IMPOIL_3PES,2053,99999.0
RE1,IMPOIL_3PES,2054,99999.0
RE1,IMPOIL_3PES,2055,99999.0
RE1,IMPURN,2022,99999.0
RE1,IMPURN,2023,99999.0
RE1,IMPURN,2024,99999.0
RE1,IMPURN,2025,99999.0
RE1,IMPURN,2026,99999.0
RE1,IMPURN,2027,99999.0
RE1,IMPURN,2028,99999.0
RE1,IMPURN,2029,99999.0
RE1,IMPURN,2030,99999.0
RE1,IMPURN,2031,99999.0
RE1,IMPURN,2032,99999.0
RE1,IMPURN,2033,99999.0
RE1,IMPURN,2034,99999.0
RE1,IMPURN,2035,99999.0
RE1,IMPURN,2036,99999.0
RE1,IMPURN,2037,99999.0
RE1,IMPURN,2038,99999.0
RE1,IMPURN,2039,99999.0
RE1,IMPURN,2040,99999.0
RE1,IMPURN,2041,99999.0
RE1,IMPURN,2042,99999.0
RE1,IMPURN,2043,99999.0
RE1,IMPURN,2044,99999.0
RE1,IMPURN,2045,99999.0
RE1,IMPURN,2046,99999.0
RE1,IMPURN,2047,99999.0
RE1,IMPURN,2048,99999.0
RE1,IMPURN,2049,99999.0
RE1,IMPURN,2050,99999.0
RE1,IMPURN,2051,99999.0
RE1,IMPURN,2052,99999.0
RE1,IMPURN,2053,99999.0
RE1,IMPURN,2054,99999.0
RE1,IMPURN,2055,99999.0
RE1,MINAFR,2022,999999.0
RE1,MINAFR,2023,115.88
RE1,MINAFR,2024,115.88
RE1,MINAFR,2025,115.88
RE1,MINAFR,2026,115.88
RE1,MINAFR,2027,115.88
RE1,MINAFR,2028,115.88
RE1,MINAFR,2029,115.88
RE1,MINAFR,2030,115.88
RE1,MINAFR,2031,115.88
RE1,MINAFR,2032,115.88
RE1,MINAFR,2033,115.88
RE1,MINAFR,2034,115.88
RE1,MINAFR,2035,115.88
RE1,MINAFR,2036,115.88
RE1,MINAFR,2037,115.88
RE1,MINAFR,2038,115.88
RE1,MINAFR,2039,115.88
RE1,MINAFR,2040,115.88
RE1,MINAFR,2041,115.88
RE1,MINAFR,2042,115.88
RE1,MINAFR,2043,115.88
RE1,MINAFR,2044,115.88
RE1,MINAFR,2045,115.88
RE1,MINAFR,2046,115.88
RE1,MINAFR,2047,115.88
RE1,MINAFR,2048,115.88
RE1,MINAFR,2049,115.88
RE1,MINAFR,2050,115.88
RE1,MINAFR,2051,115.88
RE1,MINAFR,2052,115.88
RE1,MINAFR,2053,115.88
RE1,MINAFR,2054,115.88
RE1,MINAFR,2055,115.88
RE1,MINBAG,2022,999999.0
RE1,MINBAG,2023,92.161
RE1,MINBAG,2024,92.965
RE1,MINBAG,2025,93.789
RE1,MINBAG,2026,94.634
RE1,MINBAG,2027,95.501
RE1,MINBAG,2028,96.39
RE1,MINBAG,2029,97.302
RE1,MINBAG,2030,98.237
RE1,MINBAG,2031,99.196
RE1,MINBAG,2032,100.18
RE1,MINBAG,2033,101.189
RE1,MINBAG,2034,102.223
RE1,MINBAG,2035,103.284
RE1,MINBAG,2036,104.373
RE1,MINBAG,2037,105.489
RE1,MINBAG,2038,106.633
RE1,MINBAG,2039,107.808
RE1,MINBAG,2040,109.012
RE1,MINBAG,2041,110.247
RE1,MINBAG,2042,111.513
RE1,MINBAG,2043,112.812
RE1,MINBAG,2044,114.144
RE1,MINBAG,2045,115.51
RE1,MINBAG,2046,116.912
RE1,MINBAG,2047,118.349
RE1,MINBAG,2048,119.823
RE1,MINBAG,2049,121.335
RE1,MINBAG,2050,122.885
RE1,MINBAG,2051,124.475
RE1,MINBAG,2052,126.106
RE1,MINBAG,2053,127.778
RE1,MINBAG,2054,129.494
RE1,MINBAG,2055,129.494
RE1,MINCOA,2022,1873.035791352596
RE1,MINCOA,2023,1844.863051633043
RE1,MINCOA,2024,1447.864092
RE1,MINCOA,2025,1266.222186
RE1,MINCOA,2026,1055.269458
RE1,MINCOA,2027,942.55191
RE1,MINCOA,2028,961.932726
RE1,MINCOA,2029,640.39221
RE1,MINCOA,2030,504.0077039999999
RE1,MINCOA,2031,483.774984
RE1,MINCOA,2032,505.392048
RE1,MINCOA,2033,493.864722
RE1,MINCOA,2034,467.588808
RE1,MINCOA,2035,470.384118
RE1,MINCOA,2036,491.362254
RE1,MINCOA,2037,517.0791059999999
RE1,MINCOA,2038,486.9696240000001
RE1,MINCOA,2039,476.613666
RE1,MINCOA,2040,477.545436
RE1,MINCOA,2041,477.545436
RE1,MINCOA,2042,477.545436
RE1,MINCOA,2043,477.545436
RE1,MINCOA,2044,477.545436
RE1,MINCOA,2045,477.545436
RE1,MINCOA,2046,477.545436
RE1,MINCOA,2047,477.545436
RE1,MINCOA,2048,477.545436
RE1,MINCOA,2049,477.545436
RE1,MINCOA,2050,477.545436
RE1,MINCOA,2051,477.545436
RE1,MINCOA,2052,477.545436
RE1,MINCOA,2053,477.545436
RE1,MINCOA,2054,477.545436
RE1,MINCOA,2055,477.545436
RE1,MINCSP,2022,999999.0
RE1,MINCSP,2023,999999.0
RE1,MINCSP,2024,999999.0
RE1,MINCSP,2025,999999.0
RE1,MINCSP,2026,999999.0
RE1,MINCSP,2027,999999.0
RE1,MINCSP,2028,999999.0
RE1,MINCSP,2029,999999.0
RE1,MINCSP,2030,999999.0
RE1,MINCSP,2031,999999.0
RE1,MINCSP,2032,999999.0
RE1,MINCSP,2033,999999.0
RE1,MINCSP,2034,999999.0
RE1,MINCSP,2035,999999.0
RE1,MINCSP,2036,999999.0
RE1,MINCSP,2037,999999.0
RE1,MINCSP,2038,999999.0
RE1,MINCSP,2039,999999.0
RE1,MINCSP,2040,999999.0
RE1,MINCSP,2041,999999.0
RE1,MINCSP,2042,999999.0
RE1,MINCSP,2043,999999.0
RE1,MINCSP,2044,999999.0
RE1,MINCSP,2045,999999.0
RE1,MINCSP,2046,999999.0
RE1,MINCSP,2047,999999.0
RE1,MINCSP,2048,999999.0
RE1,MINCSP,2049,999999.0
RE1,MINCSP,2050,999999.0
RE1,MINCSP,2051,999999.0
RE1,MINCSP,2052,999999.0
RE1,MINCSP,2053,999999.0
RE1,MINCSP,2054,999999.0
RE1,MINCSP,2055,999999.0
RE1,MINDAM,2022,999999.0
RE1,MINDAM,2023,999999.0
RE1,MINDAM,2024,999999.0
RE1,MINDAM,2025,999999.0
RE1,MINDAM,2026,999999.0
RE1,MINDAM,2027,999999.0
RE1,MINDAM,2028,999999.0
RE1,MINDAM,2029,999999.0
RE1,MINDAM,2030,999999.0
RE1,MINDAM,2031,999999.0
RE1,MINDAM,2032,999999.0
RE1,MINDAM,2033,999999.0
RE1,MINDAM,2034,999999.0
RE1,MINDAM,2035,999999.0
RE1,MINDAM,2036,999999.0
RE1,MINDAM,2037,999999.0
RE1,MINDAM,2038,999999.0
RE1,MINDAM,2039,999999.0
RE1,MINDAM,2040,999999.0
RE1,MINDAM,2041,999999.0
RE1,MINDAM,2042,999999.0
RE1,MINDAM,2043,999999.0
RE1,MINDAM,2044,999999.0
RE1,MINDAM,2045,999999.0
RE1,MINDAM,2046,999999.0
RE1,MINDAM,2047,999999.0
RE1,MINDAM,2048,999999.0
RE1,MINDAM,2049,999999.0
RE1,MINDAM,2050,999999.0
RE1,MINDAM,2051,999999.0
RE1,MINDAM,2052,999999.0
RE1,MINDAM,2053,999999.0
RE1,MINDAM,2054,999999.0
RE1,MINDAM,2055,999999.0
RE1,MINGEO,2022,999999.0
RE1,MINGEO,2023,999999.0
RE1,MINGEO,2024,999999.0
RE1,MINGEO,2025,999999.0
RE1,MINGEO,2026,999999.0
RE1,MINGEO,2027,999999.0
RE1,MINGEO,2028,999999.0
RE1,MINGEO,2029,999999.0
RE1,MINGEO,2030,999999.0
RE1,MINGEO,2031,999999.0
RE1,MINGEO,2032,999999.0
RE1,MINGEO,2033,999999.0
RE1,MINGEO,2034,999999.0
RE1,MINGEO,2035,999999.0
RE1,MINGEO,2036,999999.0
RE1,MINGEO,2037,999999.0
RE1,MINGEO,2038,999999.0
RE1,MINGEO,2039,999999.0
RE1,MINGEO,2040,999999.0
RE1,MINGEO,2041,999999.0
RE1,MINGEO,2042,999999.0
RE1,MINGEO,2043,999999.0
RE1,MINGEO,2044,999999.0
RE1,MINGEO,2045,999999.0
RE1,MINGEO,2046,999999.0
RE1,MINGEO,2047,999999.0
RE1,MINGEO,2048,999999.0
RE1,MINGEO,2049,999999.0
RE1,MINGEO,2050,999999.0
RE1,MINGEO,2051,999999.0
RE1,MINGEO,2052,999999.0
RE1,MINGEO,2053,999999.0
RE1,MINGEO,2054,999999.0
RE1,MINGEO,2055,999999.0
RE1,MINNGS,2022,395.7464789274427
RE1,MINNGS,2023,389.6891348622268
RE1,MINNGS,2024,354.3546278151337
RE1,MINNGS,2025,320.6723082590813
RE1,MINNGS,2026,314.0123810443059
RE1,MINNGS,2027,303.4072771682233
RE1,MINNGS,2028,255.7120189015876
RE1,MINNGS,2029,212.567141336737
RE1,MINNGS,2030,177.893765181341
RE1,MINNGS,2031,149.1413522123566
RE1,MINNGS,2032,124.3923382520504
RE1,MINNGS,2033,97.67275264354592
RE1,MINNGS,2034,67.53271743834603
RE1,MINNGS,2035,83.28190429154814
RE1,MINNGS,2036,48.94802551600095
RE1,MINNGS,2037,38.18408366188853
RE1,MINNGS,2038,23.26929966619457
RE1,MINNGS,2039,20.46211896820132
RE1,MINNGS,2040,18.30927508140833
RE1,MINNGS,2041,15.52389343014618
RE1,MINNGS,2042,14.08732667451457
RE1,MINNGS,2043,12.86062230737169
RE1,MINNGS,2044,9.62522645257051
RE1,MINNGS,2045,8.781568488069412
RE1,MINNGS,2046,8.1043509416814
RE1,MINNGS,2047,7.47244944025034
RE1,MINNGS,2048,6.984652980241274
RE1,MINNGS,2049,6.377175079642825
RE1,MINNGS,2050,5.815779411744651
RE1,MINNGS,2051,0.0
RE1,MINNGS,2052,0.0
RE1,MINNGS,2053,0.0
RE1,MINNGS,2054,0.0
RE1,MINNGS,2055,0.0
RE1,MINOFW_FIX,2022,999999.0
RE1,MINOFW_FIX,2023,999999.0
RE1,MINOFW_FIX,2024,999999.0
RE1,MINOFW_FIX,2025,999999.0
RE1,MINOFW_FIX,2026,999999.0
RE1,MINOFW_FIX,2027,999999.0
RE1,MINOFW_FIX,2028,999999.0
RE1,MINOFW_FIX,2029,999999.0
RE1,MINOFW_FIX,2030,999999.0
RE1,MINOFW_FIX,2031,999999.0
RE1,MINOFW_FIX,2032,999999.0
RE1,MINOFW_FIX,2033,999999.0
RE1,MINOFW_FIX,2034,999999.0
RE1,MINOFW_FIX,2035,999999.0
RE1,MINOFW_FIX,2036,999999.0
RE1,MINOFW_FIX,2037,999999.0
RE1,MINOFW_FIX,2038,999999.0
RE1,MINOFW_FIX,2039,999999.0
RE1,MINOFW_FIX,2040,999999.0
RE1,MINOFW_FIX,2041,999999.0
RE1,MINOFW_FIX,2042,999999.0
RE1,MINOFW_FIX,2043,999999.0
RE1,MINOFW_FIX,2044,999999.0
RE1,MINOFW_FIX,2045,999999.0
RE1,MINOFW_FIX,2046,999999.0
RE1,MINOFW_FIX,2047,999999.0
RE1,MINOFW_FIX,2048,999999.0
RE1,MINOFW_FIX,2049,999999.0
RE1,MINOFW_FIX,2050,999999.0
RE1,MINOFW_FIX,2051,999999.0
RE1,MINOFW_FIX,2052,999999.0
RE1,MINOFW_FIX,2053,999999.0
RE1,MINOFW_FIX,2054,999999.0
RE1,MINOFW_FIX,2055,999999.0
RE1,MINOFW_FLO,2022,0.0
RE1,MINOFW_FLO,2023,0.0
RE1,MINOFW_FLO,2024,0.0
RE1,MINOFW_FLO,2025,0.0
RE1,MINOFW_FLO,2026,0.0
RE1,MINOFW_FLO,2027,0.0
RE1,MINOFW_FLO,2028,0.0
RE1,MINOFW_FLO,2029,0.0
RE1,MINOFW_FLO,2030,999999.0
RE1,MINOFW_FLO,2031,999999.0
RE1,MINOFW_FLO,2032,999999.0
RE1,MINOFW_FLO,2033,999999.0
RE1,MINOFW_FLO,2034,999999.0
RE1,MINOFW_FLO,2035,999999.0
RE1,MINOFW_FLO,2036,999999.0
RE1,MINOFW_FLO,2037,999999.0
RE1,MINOFW_FLO,2038,999999.0
RE1,MINOFW_FLO,2039,999999.0
RE1,MINOFW_FLO,2040,999999.0
RE1,MINOFW_FLO,2041,999999.0
RE1,MINOFW_FLO,2042,999999.0
RE1,MINOFW_FLO,2043,999999.0
RE1,MINOFW_FLO,2044,999999.0
RE1,MINOFW_FLO,2045,999999.0
RE1,MINOFW_FLO,2046,999999.0
RE1,MINOFW_FLO,2047,999999.0
RE1,MINOFW_FLO,2048,999999.0
RE1,MINOFW_FLO,2049,999999.0
RE1,MINOFW_FLO,2050,999999.0
RE1,MINOFW_FLO,2051,999999.0
RE1,MINOFW_FLO,2052,999999.0
RE1,MINOFW_FLO,2053,999999.0
RE1,MINOFW_FLO,2054,999999.0
RE1,MINOFW_FLO,2055,999999.0
RE1,MINOIL_1LIV,2022,142.7297920579955
RE1,MINOIL_1LIV,2023,142.7297920579955
RE1,MINOIL_1LIV,2024,142.7297920579955
RE1,MINOIL_1LIV,2025,142.7297920579955
RE1,MINOIL_1LIV,2026,138.0414991907784
RE1,MINOIL_1LIV,2027,121.796603786223
RE1,MINOIL_1LIV,2028,108.9988521551475
RE1,MINOIL_1LIV,2029,93.6735515172268
RE1,MINOIL_1LIV,2030,73.71815387435122
RE1,MINOIL_1LIV,2031,57.74059119622068
RE1,MINOIL_1LIV,2032,41.80145425478151
RE1,MINOIL_1LIV,2033,32.69236388939468
RE1,MINOIL_1LIV,2034,26.0039053491707
RE1,MINOIL_1LIV,2035,20.21148753119779
RE1,MINOIL_1LIV,2036,15.10709965247595
RE1,MINOIL_1LIV,2037,8.669055355966263
RE1,MINOIL_1LIV,2038,7.535826624229289
RE1,MINOIL_1LIV,2039,3.667520779746048
RE1,MINOIL_1LIV,2040,3.224756437442517
RE1,MINOIL_1LIV,2041,1.86802108913416
RE1,MINOIL_1LIV,2042,1.69509161383959
RE1,MINOIL_1LIV,2043,1.549327798769484
RE1,MINOIL_1LIV,2044,1.359394913613176
RE1,MINOIL_1LIV,2045,0.9792297679571168
RE1,MINOIL_1LIV,2046,0.9048097886202998
RE1,MINOIL_1LIV,2047,0.817757291457132
RE1,MINOIL_1LIV,2048,0.7643485522230851
RE1,MINOIL_1LIV,2049,0.7218379676495041
RE1,MINOIL_1LIV,2050,0.7218379676495041
RE1,MINOIL_1LIV,2051,0.7218379676495041
RE1,MINOIL_1LIV,2052,0.7218379676495041
RE1,MINOIL_1LIV,2053,0.7218379676495041
RE1,MINOIL_1LIV,2054,0.7218379676495041
RE1,MINOIL_1LIV,2055,0.7218379676495041
RE1,MINOIL_2MID,2022,558.9079422713703
RE1,MINOIL_2MID,2023,558.9079422713703
RE1,MINOIL_2MID,2024,558.9079422713703
RE1,MINOIL_2MID,2025,558.9079422713703
RE1,MINOIL_2MID,2026,520.2970523611025
RE1,MINOIL_2MID,2027,449.6272760894349
RE1,MINOIL_2MID,2028,376.4939055832446
RE1,MINOIL_2MID,2029,310.5412315610539
RE1,MINOIL_2MID,2030,259.4985731243123
RE1,MINOIL_2MID,2031,208.9372535221164
RE1,MINOIL_2MID,2032,166.6677775280964
RE1,MINOIL_2MID,2033,132.617611359418
RE1,MINOIL_2MID,2034,110.4023027220232
RE1,MINOIL_2MID,2035,94.53349347206432
RE1,MINOIL_2MID,2036,75.62608458684977
RE1,MINOIL_2MID,2037,50.96682510029203
RE1,MINOIL_2MID,2038,35.75182281165628
RE1,MINOIL_2MID,2039,27.59440079678444
RE1,MINOIL_2MID,2040,18.33969404092167
RE1,MINOIL_2MID,2041,15.45673605197549
RE1,MINOIL_2MID,2042,9.60765625506679
RE1,MINOIL_2MID,2043,8.024343735940892
RE1,MINOIL_2MID,2044,7.205573201457509
RE1,MINOIL_2MID,2045,6.132840098334188
RE1,MINOIL_2MID,2046,4.902285520455497
RE1,MINOIL_2MID,2047,4.305855882257624
RE1,MINOIL_2MID,2048,3.806939573668547
RE1,MINOIL_2MID,2049,3.38802335304726
RE1,MINOIL_2MID,2050,3.38802335304726
RE1,MINOIL_2MID,2051,3.38802335304726
RE1,MINOIL_2MID,2052,3.38802335304726
RE1,MINOIL_2MID,2053,3.38802335304726
RE1,MINOIL_2MID,2054,3.38802335304726
RE1,MINOIL_2MID,2055,3.38802335304726
RE1,MINOIL_3PES,2022,1121.03882507546
RE1,MINOIL_3PES,2023,1121.03882507546
RE1,MINOIL_3PES,2024,1121.03882507546
RE1,MINOIL_3PES,2025,1121.03882507546
RE1,MINOIL_3PES,2026,1073.449372860887
RE1,MINOIL_3PES,2027,993.0512515026104
RE1,MINOIL_3PES,2028,907.072724673609
RE1,MINOIL_3PES,2029,806.3239635905571
RE1,MINOIL_3PES,2030,694.9749081493718
RE1,MINOIL_3PES,2031,593.2191046382472
RE1,MINOIL_3PES,2032,480.6367341281247
RE1,MINOIL_3PES,2033,396.644928920148
RE1,MINOIL_3PES,2034,372.1649632677054
RE1,MINOIL_3PES,2035,338.6020041286573
RE1,MINOIL_3PES,2036,296.4234811258433
RE1,MINOIL_3PES,2037,264.5633286045405
RE1,MINOIL_3PES,2038,229.8196808740246
RE1,MINOIL_3PES,2039,194.1920014182311
RE1,MINOIL_3PES,2040,142.9865908752453
RE1,MINOIL_3PES,2041,81.56349944004585
RE1,MINOIL_3PES,2042,52.3685191697446
RE1,MINOIL_3PES,2043,45.86677906177747
RE1,MINOIL_3PES,2044,39.85301157725053
RE1,MINOIL_3PES,2045,34.71326733999502
RE1,MINOIL_3PES,2046,30.5459901284374
RE1,MINOIL_3PES,2047,28.00036578530997
RE1,MINOIL_3PES,2048,24.60945851746171
RE1,MINOIL_3PES,2049,20.23180208336168
RE1,MINOIL_3PES,2050,20.23180208336168
RE1,MINOIL_3PES,2051,20.23180208336168
RE1,MINOIL_3PES,2052,20.23180208336168
RE1,MINOIL_3PES,2053,20.23180208336168
RE1,MINOIL_3PES,2054,20.23180208336168
RE1,MINOIL_3PES,2055,20.23180208336168
RE1,MINONW,2022,999999.0
RE1,MINONW,2023,999999.0
RE1,MINONW,2024,999999.0
RE1,MINONW,2025,999999.0
RE1,MINONW,2026,999999.0
RE1,MINONW,2027,999999.0
RE1,MINONW,2028,999999.0
RE1,MINONW,2029,999999.0
RE1,MINONW,2030,999999.0
RE1,MINONW,2031,999999.0
RE1,MINONW,2032,999999.0
RE1,MINONW,2033,999999.0
RE1,MINONW,2034,999999.0
RE1,MINONW,2035,999999.0
RE1,MINONW,2036,999999.0
RE1,MINONW,2037,999999.0
RE1,MINONW,2038,999999.0
RE1,MINONW,2039,999999.0
RE1,MINONW,2040,999999.0
RE1,MINONW,2041,999999.0
RE1,MINONW,2042,999999.0
RE1,MINONW,2043,999999.0
RE1,MINONW,2044,999999.0
RE1,MINONW,2045,999999.0
RE1,MINONW,2046,999999.0
RE1,MINONW,2047,999999.0
RE1,MINONW,2048,999999.0
RE1,MINONW,2049,999999.0
RE1,MINONW,2050,999999.0
RE1,MINONW,2051,999999.0
RE1,MINONW,2052,999999.0
RE1,MINONW,2053,999999.0
RE1,MINONW,2054,999999.0
RE1,MINONW,2055,999999.0
RE1,MINOPL,2022,999999.0
RE1,MINOPL,2023,73.09
RE1,MINOPL,2024,73.09
RE1,MINOPL,2025,73.09
RE1,MINOPL,2026,73.09
RE1,MINOPL,2027,73.09
RE1,MINOPL,2028,73.09
RE1,MINOPL,2029,73.09
RE1,MINOPL,2030,73.09
RE1,MINOPL,2031,73.09
RE1,MINOPL,2032,73.09
RE1,MINOPL,2033,73.09
RE1,MINOPL,2034,73.09
RE1,MINOPL,2035,73.09
RE1,MINOPL,2036,73.09
RE1,MINOPL,2037,73.09
RE1,MINOPL,2038,73.09
RE1,MINOPL,2039,73.09
RE1,MINOPL,2040,73.09
RE1,MINOPL,2041,73.09
RE1,MINOPL,2042,73.09
RE1,MINOPL,2043,73.09
RE1,MINOPL,2044,73.09
RE1,MINOPL,2045,73.09
RE1,MINOPL,2046,73.09
RE1,MINOPL,2047,73.09
RE1,MINOPL,2048,73.09
RE1,MINOPL,2049,73.09
RE1,MINOPL,2050,73.09
RE1,MINOPL,2051,73.09
RE1,MINOPL,2052,73.09
RE1,MINOPL,2053,73.09
RE1,MINOPL,2054,73.09
RE1,MINOPL,2055,73.09
RE1,MINROR,2022,999999.0
RE1,MINROR,2023,999999.0
RE1,MINROR,2024,999999.0
RE1,MINROR,2025,999999.0
RE1,MINROR,2026,999999.0
RE1,MINROR,2027,999999.0
RE1,MINROR,2028,999999.0
RE1,MINROR,2029,999999.0
RE1,MINROR,2030,999999.0
RE1,MINROR,2031,999999.0
RE1,MINROR,2032,999999.0
RE1,MINROR,2033,999999.0
RE1,MINROR,2034,999999.0
RE1,MINROR,2035,999999.0
RE1,MINROR,2036,999999.0
RE1,MINROR,2037,999999.0
RE1,MINROR,2038,999999.0
RE1,MINROR,2039,999999.0
RE1,MINROR,2040,999999.0
RE1,MINROR,2041,999999.0
RE1,MINROR,2042,999999.0
RE1,MINROR,2043,999999.0
RE1,MINROR,2044,999999.0
RE1,MINROR,2045,999999.0
RE1,MINROR,2046,999999.0
RE1,MINROR,2047,999999.0
RE1,MINROR,2048,999999.0
RE1,MINROR,2049,999999.0
RE1,MINROR,2050,999999.0
RE1,MINROR,2051,999999.0
RE1,MINROR,2052,999999.0
RE1,MINROR,2053,999999.0
RE1,MINROR,2054,999999.0
RE1,MINROR,2055,999999.0
RE1,MINSGC,2022,999999.0
RE1,MINSGC,2023,309.49
RE1,MINSGC,2024,309.49
RE1,MINSGC,2025,309.49
RE1,MINSGC,2026,309.49
RE1,MINSGC,2027,309.49
RE1,MINSGC,2028,309.49
RE1,MINSGC,2029,309.49
RE1,MINSGC,2030,309.49
RE1,MINSGC,2031,309.49
RE1,MINSGC,2032,309.49
RE1,MINSGC,2033,309.49
RE1,MINSGC,2034,309.49
RE1,MINSGC,2035,309.49
RE1,MINSGC,2036,309.49
RE1,MINSGC,2037,309.49
RE1,MINSGC,2038,309.49
RE1,MINSGC,2039,309.49
RE1,MINSGC,2040,309.49
RE1,MINSGC,2041,309.49
RE1,MINSGC,2042,309.49
RE1,MINSGC,2043,309.49
RE1,MINSGC,2044,309.49
RE1,MINSGC,2045,309.49
RE1,MINSGC,2046,309.49
RE1,MINSGC,2047,309.49
RE1,MINSGC,2048,309.49
RE1,MINSGC,2049,309.49
RE1,MINSGC,2050,309.49
RE1,MINSGC,2051,309.49
RE1,MINSGC,2052,309.49
RE1,MINSGC,2053,309.49
RE1,MINSGC,2054,309.49
RE1,MINSGC,2055,309.49
RE1,MINSOL,2022,999999.0
RE1,MINSOL,2023,999999.0
RE1,MINSOL,2024,999999.0
RE1,MINSOL,2025,999999.0
RE1,MINSOL,2026,999999.0
RE1,MINSOL,2027,999999.0
RE1,MINSOL,2028,999999.0
RE1,MINSOL,2029,999999.0
RE1,MINSOL,2030,999999.0
RE1,MINSOL,2031,999999.0
RE1,MINSOL,2032,999999.0
RE1,MINSOL,2033,999999.0
RE1,MINSOL,2034,999999.0
RE1,MINSOL,2035,999999.0
RE1,MINSOL,2036,999999.0
RE1,MINSOL,2037,999999.0
RE1,MINSOL,2038,999999.0
RE1,MINSOL,2039,999999.0
RE1,MINSOL,2040,999999.0
RE1,MINSOL,2041,999999.0
RE1,MINSOL,2042,999999.0
RE1,MINSOL,2043,999999.0
RE1,MINSOL,2044,999999.0
RE1,MINSOL,2045,999999.0
RE1,MINSOL,2046,999999.0
RE1,MINSOL,2047,999999.0
RE1,MINSOL,2048,999999.0
RE1,MINSOL,2049,999999.0
RE1,MINSOL,2050,999999.0
RE1,MINSOL,2051,999999.0
RE1,MINSOL,2052,999999.0
RE1,MINSOL,2053,999999.0
RE1,MINSOL,2054,999999.0
RE1,MINSOL,2055,999999.0
RE1,MINSOL_RTP,2022,999999.0
RE1,MINSOL_RTP,2023,999999.0
RE1,MINSOL_RTP,2024,999999.0
RE1,MINSOL_RTP,2025,999999.0
RE1,MINSOL_RTP,2026,999999.0
RE1,MINSOL_RTP,2027,999999.0
RE1,MINSOL_RTP,2028,999999.0
RE1,MINSOL_RTP,2029,999999.0
RE1,MINSOL_RTP,2030,999999.0
RE1,MINSOL_RTP,2031,999999.0
RE1,MINSOL_RTP,2032,999999.0
RE1,MINSOL_RTP,2033,999999.0
RE1,MINSOL_RTP,2034,999999.0
RE1,MINSOL_RTP,2035,999999.0
RE1,MINSOL_RTP,2036,999999.0
RE1,MINSOL_RTP,2037,999999.0
RE1,MINSOL_RTP,2038,999999.0
RE1,MINSOL_RTP,2039,999999.0
RE1,MINSOL_RTP,2040,999999.0
RE1,MINSOL_RTP,2041,999999.0
RE1,MINSOL_RTP,2042,999999.0
RE1,MINSOL_RTP,2043,999999.0
RE1,MINSOL_RTP,2044,999999.0
RE1,MINSOL_RTP,2045,999999.0
RE1,MINSOL_RTP,2046,999999.0
RE1,MINSOL_RTP,2047,999999.0
RE1,MINSOL_RTP,2048,999999.0
RE1,MINSOL_RTP,2049,999999.0
RE1,MINSOL_RTP,2050,999999.0
RE1,MINSOL_RTP,2051,999999.0
RE1,MINSOL_RTP,2052,999999.0
RE1,MINSOL_RTP,2053,999999.0
RE1,MINSOL_RTP,2054,999999.0
RE1,MINSOL_RTP,2055,999999.0
RE1,MINWAS,2022,11.73777503702947
RE1,MINWAS,2023,11.73777503702947
RE1,MINWAS,2024,11.73777503702947
RE1,MINWAS,2025,11.73777503702947
RE1,MINWAS,2026,11.73777503702947
RE1,MINWAS,2027,11.73777503702947
RE1,MINWAS,2028,11.73777503702947
RE1,MINWAS,2029,11.73777503702947
RE1,MINWAS,2030,17.19562722249237
RE1,MINWAS,2031,23.5
RE1,MINWAS,2032,29.80437277750763
RE1,MINWAS,2033,35.26222496297053
RE1,MINWAS,2034,39.4278793699005
RE1,MINWAS,2035,42.3117270113748
RE1,MINWAS,2036,44.17592744182164
RE1,MINWAS,2037,45.3281541041861
RE1,MINWAS,2038,46.02069180762201
RE1,MINWAS,2039,46.42996355573911
RE1,MINWAS,2040,46.66942140371523
RE1,MINWAS,2041,46.80870352735288
RE1,MINWAS,2042,46.88944116816403
RE1,MINWAS,2043,46.93614956232985
RE1,MINWAS,2044,47.36
RE1,MINWAS,2045,47.36
RE1,MINWAS,2046,47.36
RE1,MINWAS,2047,47.36
RE1,MINWAS,2048,47.36
RE1,MINWAS,2049,47.36
RE1,MINWAS,2050,47.36
RE1,MINWAS,2051,47.36
RE1,MINWAS,2052,47.36
RE1,MINWAS,2053,47.36
RE1,MINWAS,2054,47.36
RE1,MINWAS,2055,47.36
RE1,MINWAS_ORG,2022,0.5700364442608891
RE1,MINWAS_ORG,2023,0.5700364442608891
RE1,MINWAS_ORG,2024,0.5700364442608891
RE1,MINWAS_ORG,2025,0.5700364442608891
RE1,MINWAS_ORG,2026,0.9793081923779796
RE1,MINWAS_ORG,2027,1.6718458958139
RE1,MINWAS_ORG,2028,2.824072558178359
RE1,MINWAS_ORG,2029,4.688272988625202
RE1,MINWAS_ORG,2030,7.572120630099505
RE1,MINWAS_ORG,2031,11.73777503702947
RE1,MINWAS_ORG,2032,17.19562722249237
RE1,MINWAS_ORG,2033,23.5
RE1,MINWAS_ORG,2034,29.80437277750763
RE1,MINWAS_ORG,2035,35.26222496297053
RE1,MINWAS_ORG,2036,39.4278793699005
RE1,MINWAS_ORG,2037,42.3117270113748
RE1,MINWAS_ORG,2038,44.17592744182164
RE1,MINWAS_ORG,2039,45.3281541041861
RE1,MINWAS_ORG,2040,46.02069180762201
RE1,MINWAS_ORG,2041,46.42996355573911
RE1,MINWAS_ORG,2042,46.66942140371523
RE1,MINWAS_ORG,2043,46.80870352735288
RE1,MINWAS_ORG,2044,46.88944116816403
RE1,MINWAS_ORG,2045,46.93614956232985
RE1,MINWAS_ORG,2046,47.8
RE1,MINWAS_ORG,2047,47.8
RE1,MINWAS_ORG,2048,47.8
RE1,MINWAS_ORG,2049,47.8
RE1,MINWAS_ORG,2050,47.8
RE1,MINWAS_ORG,2051,47.8
RE1,MINWAS_ORG,2052,47.8
RE1,MINWAS_ORG,2053,47.8
RE1,MINWAS_ORG,2054,47.8
RE1,MINWAS_ORG,2055,47.8
RE1,MINWOO,2022,999999.0
RE1,MINWOO,2023,999999.0
RE1,MINWOO,2024,999999.0
RE1,MINWOO,2025,999999.0
RE1,MINWOO,2026,999999.0
RE1,MINWOO,2027,999999.0
RE1,MINWOO,2028,999999.0
RE1,MINWOO,2029,999999.0
RE1,MINWOO,2030,999999.0
RE1,MINWOO,2031,999999.0
RE1,MINWOO,2032,999999.0
RE1,MINWOO,2033,999999.0
RE1,MINWOO,2034,999999.0
RE1,MINWOO,2035,999999.0
RE1,MINWOO,2036,999999.0
RE1,MINWOO,2037,999999.0
RE1,MINWOO,2038,999999.0
RE1,MINWOO,2039,999999.0
RE1,MINWOO,2040,999999.0
RE1,MINWOO,2041,999999.0
RE1,MINWOO,2042,999999.0
RE1,MINWOO,2043,999999.0
RE1,MINWOO,2044,999999.0
RE1,MINWOO,2045,999999.0
RE1,MINWOO,2046,999999.0
RE1,MINWOO,2047,999999.0
RE1,MINWOO,2048,999999.0
RE1,MINWOO,2049,999999.0
RE1,MINWOO,2050,999999.0
RE1,MINWOO,2051,999999.0
RE1,MINWOO,2052,999999.0
RE1,MINWOO,2053,999999.0
RE1,MINWOO,2054,999999.0
RE1,MINWOO,2055,999999.0
RE1,PWRAFR,2022,99999.0
RE1,PWRAFR,2023,99999.0
RE1,PWRAFR,2024,99999.0
RE1,PWRAFR,2025,99999.0
RE1,PWRAFR,2026,99999.0
RE1,PWRAFR,2027,99999.0
RE1,PWRAFR,2028,99999.0
RE1,PWRAFR,2029,99999.0
RE1,PWRAFR,2030,99999.0
RE1,PWRAFR,2031,99999.0
RE1,PWRAFR,2032,99999.0
RE1,PWRAFR,2033,99999.0
RE1,PWRAFR,2034,99999.0
RE1,PWRAFR,2035,99999.0
RE1,PWRAFR,2036,99999.0
RE1,PWRAFR,2037,99999.0
RE1,PWRAFR,2038,99999.0
RE1,PWRAFR,2039,99999.0
RE1,PWRAFR,2040,99999.0
RE1,PWRAFR,2041,99999.0
RE1,PWRAFR,2042,99999.0
RE1,PWRAFR,2043,99999.0
RE1,PWRAFR,2044,99999.0
RE1,PWRAFR,2045,99999.0
RE1,PWRAFR,2046,99999.0
RE1,PWRAFR,2047,99999.0
RE1,PWRAFR,2048,99999.0
RE1,PWRAFR,2049,99999.0
RE1,PWRAFR,2050,99999.0
RE1,PWRAFR,2051,99999.0
RE1,PWRAFR,2052,99999.0
RE1,PWRAFR,2053,99999.0
RE1,PWRAFR,2054,99999.0
RE1,PWRAFR,2055,99999.0
RE1,PWRBGS,2022,99999.0
RE1,PWRBGS,2023,99999.0
RE1,PWRBGS,2024,99999.0
RE1,PWRBGS,2025,99999.0
RE1,PWRBGS,2026,99999.0
RE1,PWRBGS,2027,99999.0
RE1,PWRBGS,2028,99999.0
RE1,PWRBGS,2029,99999.0
RE1,PWRBGS,2030,99999.0
RE1,PWRBGS,2031,99999.0
RE1,PWRBGS,2032,99999.0
RE1,PWRBGS,2033,99999.0
RE1,PWRBGS,2034,99999.0
RE1,PWRBGS,2035,99999.0
RE1,PWRBGS,2036,99999.0
RE1,PWRBGS,2037,99999.0
RE1,PWRBGS,2038,99999.0
RE1,PWRBGS,2039,99999.0
RE1,PWRBGS,2040,99999.0
RE1,PWRBGS,2041,99999.0
RE1,PWRBGS,2042,99999.0
RE1,PWRBGS,2043,99999.0
RE1,PWRBGS,2044,99999.0
RE1,PWRBGS,2045,99999.0
RE1,PWRBGS,2046,99999.0
RE1,PWRBGS,2047,99999.0
RE1,PWRBGS,2048,99999.0
RE1,PWRBGS,2049,99999.0
RE1,PWRBGS,2050,99999.0
RE1,PWRBGS,2051,99999.0
RE1,PWRBGS,2052,99999.0
RE1,PWRBGS,2053,99999.0
RE1,PWRBGS,2054,99999.0
RE1,PWRBGS,2055,99999.0
RE1,PWRCOA,2022,99999.0
RE1,PWRCOA,2023,99999.0
RE1,PWRCOA,2024,99999.0
RE1,PWRCOA,2025,99999.0
RE1,PWRCOA,2026,99999.0
RE1,PWRCOA,2027,99999.0
RE1,PWRCOA,2028,99999.0
RE1,PWRCOA,2029,99999.0
RE1,PWRCOA,2030,99999.0
RE1,PWRCOA,2031,99999.0
RE1,PWRCOA,2032,99999.0
RE1,PWRCOA,2033,99999.0
RE1,PWRCOA,2034,99999.0
RE1,PWRCOA,2035,99999.0
RE1,PWRCOA,2036,99999.0
RE1,PWRCOA,2037,99999.0
RE1,PWRCOA,2038,99999.0
RE1,PWRCOA,2039,99999.0
RE1,PWRCOA,2040,99999.0
RE1,PWRCOA,2041,99999.0
RE1,PWRCOA,2042,99999.0
RE1,PWRCOA,2043,99999.0
RE1,PWRCOA,2044,99999.0
RE1,PWRCOA,2045,99999.0
RE1,PWRCOA,2046,99999.0
RE1,PWRCOA,2047,99999.0
RE1,PWRCOA,2048,99999.0
RE1,PWRCOA,2049,99999.0
RE1,PWRCOA,2050,99999.0
RE1,PWRCOA,2051,99999.0
RE1,PWRCOA,2052,99999.0
RE1,PWRCOA,2053,99999.0
RE1,PWRCOA,2054,99999.0
RE1,PWRCOA,2055,99999.0
RE1,PWRCOACCS,2022,99999.0
RE1,PWRCOACCS,2023,99999.0
RE1,PWRCOACCS,2024,99999.0
RE1,PWRCOACCS,2025,99999.0
RE1,PWRCOACCS,2026,99999.0
RE1,PWRCOACCS,2027,99999.0
RE1,PWRCOACCS,2028,99999.0
RE1,PWRCOACCS,2029,99999.0
RE1,PWRCOACCS,2030,99999.0
RE1,PWRCOACCS,2031,99999.0
RE1,PWRCOACCS,2032,99999.0
RE1,PWRCOACCS,2033,99999.0
RE1,PWRCOACCS,2034,99999.0
RE1,PWRCOACCS,2035,99999.0
RE1,PWRCOACCS,2036,99999.0
RE1,PWRCOACCS,2037,99999.0
RE1,PWRCOACCS,2038,99999.0
RE1,PWRCOACCS,2039,99999.0
RE1,PWRCOACCS,2040,99999.0
RE1,PWRCOACCS,2041,99999.0
RE1,PWRCOACCS,2042,99999.0
RE1,PWRCOACCS,2043,99999.0
RE1,PWRCOACCS,2044,99999.0
RE1,PWRCOACCS,2045,99999.0
RE1,PWRCOACCS,2046,99999.0
RE1,PWRCOACCS,2047,99999.0
RE1,PWRCOACCS,2048,99999.0
RE1,PWRCOACCS,2049,99999.0
RE1,PWRCOACCS,2050,99999.0
RE1,PWRCOACCS,2051,99999.0
RE1,PWRCOACCS,2052,99999.0
RE1,PWRCOACCS,2053,99999.0
RE1,PWRCOACCS,2054,99999.0
RE1,PWRCOACCS,2055,99999.0
RE1,PWRCSP,2022,99999.0
RE1,PWRCSP,2023,99999.0
RE1,PWRCSP,2024,99999.0
RE1,PWRCSP,2025,99999.0
RE1,PWRCSP,2026,99999.0
RE1,PWRCSP,2027,99999.0
RE1,PWRCSP,2028,99999.0
RE1,PWRCSP,2029,99999.0
RE1,PWRCSP,2030,99999.0
RE1,PWRCSP,2031,99999.0
RE1,PWRCSP,2032,99999.0
RE1,PWRCSP,2033,99999.0
RE1,PWRCSP,2034,99999.0
RE1,PWRCSP,2035,99999.0
RE1,PWRCSP,2036,99999.0
RE1,PWRCSP,2037,99999.0
RE1,PWRCSP,2038,99999.0
RE1,PWRCSP,2039,99999.0
RE1,PWRCSP,2040,99999.0
RE1,PWRCSP,2041,99999.0
RE1,PWRCSP,2042,99999.0
RE1,PWRCSP,2043,99999.0
RE1,PWRCSP,2044,99999.0
RE1,PWRCSP,2045,99999.0
RE1,PWRCSP,2046,99999.0
RE1,PWRCSP,2047,99999.0
RE1,PWRCSP,2048,99999.0
RE1,PWRCSP,2049,99999.0
RE1,PWRCSP,2050,99999.0
RE1,PWRCSP,2051,99999.0
RE1,PWRCSP,2052,99999.0
RE1,PWRCSP,2053,99999.0
RE1,PWRCSP,2054,99999.0
RE1,PWRCSP,2055,99999.0
RE1,PWRDSL,2022,99999.0
RE1,PWRDSL,2023,99999.0
RE1,PWRDSL,2024,99999.0
RE1,PWRDSL,2025,99999.0
RE1,PWRDSL,2026,99999.0
RE1,PWRDSL,2027,99999.0
RE1,PWRDSL,2028,99999.0
RE1,PWRDSL,2029,99999.0
RE1,PWRDSL,2030,99999.0
RE1,PWRDSL,2031,99999.0
RE1,PWRDSL,2032,99999.0
RE1,PWRDSL,2033,99999.0
RE1,PWRDSL,2034,99999.0
RE1,PWRDSL,2035,99999.0
RE1,PWRDSL,2036,99999.0
RE1,PWRDSL,2037,99999.0
RE1,PWRDSL,2038,99999.0
RE1,PWRDSL,2039,99999.0
RE1,PWRDSL,2040,99999.0
RE1,PWRDSL,2041,99999.0
RE1,PWRDSL,2042,99999.0
RE1,PWRDSL,2043,99999.0
RE1,PWRDSL,2044,99999.0
RE1,PWRDSL,2045,99999.0
RE1,PWRDSL,2046,99999.0
RE1,PWRDSL,2047,99999.0
RE1,PWRDSL,2048,99999.0
RE1,PWRDSL,2049,99999.0
RE1,PWRDSL,2050,99999.0
RE1,PWRDSL,2051,99999.0
RE1,PWRDSL,2052,99999.0
RE1,PWRDSL,2053,99999.0
RE1,PWRDSL,2054,99999.0
RE1,PWRDSL,2055,99999.0
RE1,PWRFOL,2022,99999.0
RE1,PWRFOL,2023,99999.0
RE1,PWRFOL,2024,99999.0
RE1,PWRFOL,2025,99999.0
RE1,PWRFOL,2026,99999.0
RE1,PWRFOL,2027,99999.0
RE1,PWRFOL,2028,99999.0
RE1,PWRFOL,2029,99999.0
RE1,PWRFOL,2030,99999.0
RE1,PWRFOL,2031,99999.0
RE1,PWRFOL,2032,99999.0
RE1,PWRFOL,2033,99999.0
RE1,PWRFOL,2034,99999.0
RE1,PWRFOL,2035,99999.0
RE1,PWRFOL,2036,99999.0
RE1,PWRFOL,2037,99999.0
RE1,PWRFOL,2038,99999.0
RE1,PWRFOL,2039,99999.0
RE1,PWRFOL,2040,99999.0
RE1,PWRFOL,2041,99999.0
RE1,PWRFOL,2042,99999.0
RE1,PWRFOL,2043,99999.0
RE1,PWRFOL,2044,99999.0
RE1,PWRFOL,2045,99999.0
RE1,PWRFOL,2046,99999.0
RE1,PWRFOL,2047,99999.0
RE1,PWRFOL,2048,99999.0
RE1,PWRFOL,2049,99999.0
RE1,PWRFOL,2050,99999.0
RE1,PWRFOL,2051,99999.0
RE1,PWRFOL,2052,99999.0
RE1,PWRFOL,2053,99999.0
RE1,PWRFOL,2054,99999.0
RE1,PWRFOL,2055,99999.0
RE1,PWRGEO,2022,99999.0
RE1,PWRGEO,2023,99999.0
RE1,PWRGEO,2024,99999.0
RE1,PWRGEO,2025,99999.0
RE1,PWRGEO,2026,99999.0
RE1,PWRGEO,2027,99999.0
RE1,PWRGEO,2028,99999.0
RE1,PWRGEO,2029,99999.0
RE1,PWRGEO,2030,99999.0
RE1,PWRGEO,2031,99999.0
RE1,PWRGEO,2032,99999.0
RE1,PWRGEO,2033,99999.0
RE1,PWRGEO,2034,99999.0
RE1,PWRGEO,2035,99999.0
RE1,PWRGEO,2036,99999.0
RE1,PWRGEO,2037,99999.0
RE1,PWRGEO,2038,99999.0
RE1,PWRGEO,2039,99999.0
RE1,PWRGEO,2040,99999.0
RE1,PWRGEO,2041,99999.0
RE1,PWRGEO,2042,99999.0
RE1,PWRGEO,2043,99999.0
RE1,PWRGEO,2044,99999.0
RE1,PWRGEO,2045,99999.0
RE1,PWRGEO,2046,99999.0
RE1,PWRGEO,2047,99999.0
RE1,PWRGEO,2048,99999.0
RE1,PWRGEO,2049,99999.0
RE1,PWRGEO,2050,99999.0
RE1,PWRGEO,2051,99999.0
RE1,PWRGEO,2052,99999.0
RE1,PWRGEO,2053,99999.0
RE1,PWRGEO,2054,99999.0
RE1,PWRGEO,2055,99999.0
RE1,PWRHYDDAM,2022,99999.0
RE1,PWRHYDDAM,2023,99999.0
RE1,PWRHYDDAM,2024,99999.0
RE1,PWRHYDDAM,2025,99999.0
RE1,PWRHYDDAM,2026,99999.0
RE1,PWRHYDDAM,2027,99999.0
RE1,PWRHYDDAM,2028,99999.0
RE1,PWRHYDDAM,2029,99999.0
RE1,PWRHYDDAM,2030,99999.0
RE1,PWRHYDDAM,2031,99999.0
RE1,PWRHYDDAM,2032,99999.0
RE1,PWRHYDDAM,2033,99999.0
RE1,PWRHYDDAM,2034,99999.0
RE1,PWRHYDDAM,2035,99999.0
RE1,PWRHYDDAM,2036,99999.0
RE1,PWRHYDDAM,2037,99999.0
RE1,PWRHYDDAM,2038,99999.0
RE1,PWRHYDDAM,2039,99999.0
RE1,PWRHYDDAM,2040,99999.0
RE1,PWRHYDDAM,2041,99999.0
RE1,PWRHYDDAM,2042,99999.0
RE1,PWRHYDDAM,2043,99999.0
RE1,PWRHYDDAM,2044,99999.0
RE1,PWRHYDDAM,2045,99999.0
RE1,PWRHYDDAM,2046,99999.0
RE1,PWRHYDDAM,2047,99999.0
RE1,PWRHYDDAM,2048,99999.0
RE1,PWRHYDDAM,2049,99999.0
RE1,PWRHYDDAM,2050,99999.0
RE1,PWRHYDDAM,2051,99999.0
RE1,PWRHYDDAM,2052,99999.0
RE1,PWRHYDDAM,2053,99999.0
RE1,PWRHYDDAM,2054,99999.0
RE1,PWRHYDDAM,2055,99999.0
RE1,PWRHYDROR,2022,99999.0
RE1,PWRHYDROR,2023,99999.0
RE1,PWRHYDROR,2024,99999.0
RE1,PWRHYDROR,2025,99999.0
RE1,PWRHYDROR,2026,99999.0
RE1,PWRHYDROR,2027,99999.0
RE1,PWRHYDROR,2028,99999.0
RE1,PWRHYDROR,2029,99999.0
RE1,PWRHYDROR,2030,99999.0
RE1,PWRHYDROR,2031,99999.0
RE1,PWRHYDROR,2032,99999.0
RE1,PWRHYDROR,2033,99999.0
RE1,PWRHYDROR,2034,99999.0
RE1,PWRHYDROR,2035,99999.0
RE1,PWRHYDROR,2036,99999.0
RE1,PWRHYDROR,2037,99999.0
RE1,PWRHYDROR,2038,99999.0
RE1,PWRHYDROR,2039,99999.0
RE1,PWRHYDROR,2040,99999.0
RE1,PWRHYDROR,2041,99999.0
RE1,PWRHYDROR,2042,99999.0
RE1,PWRHYDROR,2043,99999.0
RE1,PWRHYDROR,2044,99999.0
RE1,PWRHYDROR,2045,99999.0
RE1,PWRHYDROR,2046,99999.0
RE1,PWRHYDROR,2047,99999.0
RE1,PWRHYDROR,2048,99999.0
RE1,PWRHYDROR,2049,99999.0
RE1,PWRHYDROR,2050,99999.0
RE1,PWRHYDROR,2051,99999.0
RE1,PWRHYDROR,2052,99999.0
RE1,PWRHYDROR,2053,99999.0
RE1,PWRHYDROR,2054,99999.0
RE1,PWRHYDROR,2055,99999.0
RE1,PWRHYDROR_NDC,2022,99999.0
RE1,PWRHYDROR_NDC,2023,99999.0
RE1,PWRHYDROR_NDC,2024,99999.0
RE1,PWRHYDROR_NDC,2025,99999.0
RE1,PWRHYDROR_NDC,2026,99999.0
RE1,PWRHYDROR_NDC,2027,99999.0
RE1,PWRHYDROR_NDC,2028,99999.0
RE1,PWRHYDROR_NDC,2029,99999.0
RE1,PWRHYDROR_NDC,2030,99999.0
RE1,PWRHYDROR_NDC,2031,99999.0
RE1,PWRHYDROR_NDC,2032,99999.0
RE1,PWRHYDROR_NDC,2033,99999.0
RE1,PWRHYDROR_NDC,2034,99999.0
RE1,PWRHYDROR_NDC,2035,99999.0
RE1,PWRHYDROR_NDC,2036,99999.0
RE1,PWRHYDROR_NDC,2037,99999.0
RE1,PWRHYDROR_NDC,2038,99999.0
RE1,PWRHYDROR_NDC,2039,99999.0
RE1,PWRHYDROR_NDC,2040,99999.0
RE1,PWRHYDROR_NDC,2041,99999.0
RE1,PWRHYDROR_NDC,2042,99999.0
RE1,PWRHYDROR_NDC,2043,99999.0
RE1,PWRHYDROR_NDC,2044,99999.0
RE1,PWRHYDROR_NDC,2045,99999.0
RE1,PWRHYDROR_NDC,2046,99999.0
RE1,PWRHYDROR_NDC,2047,99999.0
RE1,PWRHYDROR_NDC,2048,99999.0
RE1,PWRHYDROR_NDC,2049,99999.0
RE1,PWRHYDROR_NDC,2050,99999.0
RE1,PWRHYDROR_NDC,2051,99999.0
RE1,PWRHYDROR_NDC,2052,99999.0
RE1,PWRHYDROR_NDC,2053,99999.0
RE1,PWRHYDROR_NDC,2054,99999.0
RE1,PWRHYDROR_NDC,2055,99999.0
RE1,PWRJET,2022,99999.0
RE1,PWRJET,2023,99999.0
RE1,PWRJET,2024,99999.0
RE1,PWRJET,2025,99999.0
RE1,PWRJET,2026,99999.0
RE1,PWRJET,2027,99999.0
RE1,PWRJET,2028,99999.0
RE1,PWRJET,2029,99999.0
RE1,PWRJET,2030,99999.0
RE1,PWRJET,2031,99999.0
RE1,PWRJET,2032,99999.0
RE1,PWRJET,2033,99999.0
RE1,PWRJET,2034,99999.0
RE1,PWRJET,2035,99999.0
RE1,PWRJET,2036,99999.0
RE1,PWRJET,2037,99999.0
RE1,PWRJET,2038,99999.0
RE1,PWRJET,2039,99999.0
RE1,PWRJET,2040,99999.0
RE1,PWRJET,2041,99999.0
RE1,PWRJET,2042,99999.0
RE1,PWRJET,2043,99999.0
RE1,PWRJET,2044,99999.0
RE1,PWRJET,2045,99999.0
RE1,PWRJET,2046,99999.0
RE1,PWRJET,2047,99999.0
RE1,PWRJET,2048,99999.0
RE1,PWRJET,2049,99999.0
RE1,PWRJET,2050,99999.0
RE1,PWRJET,2051,99999.0
RE1,PWRJET,2052,99999.0
RE1,PWRJET,2053,99999.0
RE1,PWRJET,2054,99999.0
RE1,PWRJET,2055,99999.0
RE1,PWRLPG,2022,99999.0
RE1,PWRLPG,2023,99999.0
RE1,PWRLPG,2024,99999.0
RE1,PWRLPG,2025,99999.0
RE1,PWRLPG,2026,99999.0
RE1,PWRLPG,2027,99999.0
RE1,PWRLPG,2028,99999.0
RE1,PWRLPG,2029,99999.0
RE1,PWRLPG,2030,99999.0
RE1,PWRLPG,2031,99999.0
RE1,PWRLPG,2032,99999.0
RE1,PWRLPG,2033,99999.0
RE1,PWRLPG,2034,99999.0
RE1,PWRLPG,2035,99999.0
RE1,PWRLPG,2036,99999.0
RE1,PWRLPG,2037,99999.0
RE1,PWRLPG,2038,99999.0
RE1,PWRLPG,2039,99999.0
RE1,PWRLPG,2040,99999.0
RE1,PWRLPG,2041,99999.0
RE1,PWRLPG,2042,99999.0
RE1,PWRLPG,2043,99999.0
RE1,PWRLPG,2044,99999.0
RE1,PWRLPG,2045,99999.0
RE1,PWRLPG,2046,99999.0
RE1,PWRLPG,2047,99999.0
RE1,PWRLPG,2048,99999.0
RE1,PWRLPG,2049,99999.0
RE1,PWRLPG,2050,99999.0
RE1,PWRLPG,2051,99999.0
RE1,PWRLPG,2052,99999.0
RE1,PWRLPG,2053,99999.0
RE1,PWRLPG,2054,99999.0
RE1,PWRLPG,2055,99999.0
RE1,PWRNGSCCS,2022,99999.0
RE1,PWRNGSCCS,2023,99999.0
RE1,PWRNGSCCS,2024,99999.0
RE1,PWRNGSCCS,2025,99999.0
RE1,PWRNGSCCS,2026,99999.0
RE1,PWRNGSCCS,2027,99999.0
RE1,PWRNGSCCS,2028,99999.0
RE1,PWRNGSCCS,2029,99999.0
RE1,PWRNGSCCS,2030,99999.0
RE1,PWRNGSCCS,2031,99999.0
RE1,PWRNGSCCS,2032,99999.0
RE1,PWRNGSCCS,2033,99999.0
RE1,PWRNGSCCS,2034,99999.0
RE1,PWRNGSCCS,2035,99999.0
RE1,PWRNGSCCS,2036,99999.0
RE1,PWRNGSCCS,2037,99999.0
RE1,PWRNGSCCS,2038,99999.0
RE1,PWRNGSCCS,2039,99999.0
RE1,PWRNGSCCS,2040,99999.0
RE1,PWRNGSCCS,2041,99999.0
RE1,PWRNGSCCS,2042,99999.0
RE1,PWRNGSCCS,2043,99999.0
RE1,PWRNGSCCS,2044,99999.0
RE1,PWRNGSCCS,2045,99999.0
RE1,PWRNGSCCS,2046,99999.0
RE1,PWRNGSCCS,2047,99999.0
RE1,PWRNGSCCS,2048,99999.0
RE1,PWRNGSCCS,2049,99999.0
RE1,PWRNGSCCS,2050,99999.0
RE1,PWRNGSCCS,2051,99999.0
RE1,PWRNGSCCS,2052,99999.0
RE1,PWRNGSCCS,2053,99999.0
RE1,PWRNGSCCS,2054,99999.0
RE1,PWRNGSCCS,2055,99999.0
RE1,PWRNGS_CC,2022,99999.0
RE1,PWRNGS_CC,2023,99999.0
RE1,PWRNGS_CC,2024,99999.0
RE1,PWRNGS_CC,2025,99999.0
RE1,PWRNGS_CC,2026,99999.0
RE1,PWRNGS_CC,2027,99999.0
RE1,PWRNGS_CC,2028,99999.0
RE1,PWRNGS_CC,2029,99999.0
RE1,PWRNGS_CC,2030,99999.0
RE1,PWRNGS_CC,2031,99999.0
RE1,PWRNGS_CC,2032,99999.0
RE1,PWRNGS_CC,2033,99999.0
RE1,PWRNGS_CC,2034,99999.0
RE1,PWRNGS_CC,2035,99999.0
RE1,PWRNGS_CC,2036,99999.0
RE1,PWRNGS_CC,2037,99999.0
RE1,PWRNGS_CC,2038,99999.0
RE1,PWRNGS_CC,2039,99999.0
RE1,PWRNGS_CC,2040,99999.0
RE1,PWRNGS_CC,2041,99999.0
RE1,PWRNGS_CC,2042,99999.0
RE1,PWRNGS_CC,2043,99999.0
RE1,PWRNGS_CC,2044,99999.0
RE1,PWRNGS_CC,2045,99999.0
RE1,PWRNGS_CC,2046,99999.0
RE1,PWRNGS_CC,2047,99999.0
RE1,PWRNGS_CC,2048,99999.0
RE1,PWRNGS_CC,2049,99999.0
RE1,PWRNGS_CC,2050,99999.0
RE1,PWRNGS_CC,2051,99999.0
RE1,PWRNGS_CC,2052,99999.0
RE1,PWRNGS_CC,2053,99999.0
RE1,PWRNGS_CC,2054,99999.0
RE1,PWRNGS_CC,2055,99999.0
RE1,PWRNGS_CS,2022,99999.0
RE1,PWRNGS_CS,2023,99999.0
RE1,PWRNGS_CS,2024,99999.0
RE1,PWRNGS_CS,2025,99999.0
RE1,PWRNGS_CS,2026,99999.0
RE1,PWRNGS_CS,2027,99999.0
RE1,PWRNGS_CS,2028,99999.0
RE1,PWRNGS_CS,2029,99999.0
RE1,PWRNGS_CS,2030,99999.0
RE1,PWRNGS_CS,2031,99999.0
RE1,PWRNGS_CS,2032,99999.0
RE1,PWRNGS_CS,2033,99999.0
RE1,PWRNGS_CS,2034,99999.0
RE1,PWRNGS_CS,2035,99999.0
RE1,PWRNGS_CS,2036,99999.0
RE1,PWRNGS_CS,2037,99999.0
RE1,PWRNGS_CS,2038,99999.0
RE1,PWRNGS_CS,2039,99999.0
RE1,PWRNGS_CS,2040,99999.0
RE1,PWRNGS_CS,2041,99999.0
RE1,PWRNGS_CS,2042,99999.0
RE1,PWRNGS_CS,2043,99999.0
RE1,PWRNGS_CS,2044,99999.0
RE1,PWRNGS_CS,2045,99999.0
RE1,PWRNGS_CS,2046,99999.0
RE1,PWRNGS_CS,2047,99999.0
RE1,PWRNGS_CS,2048,99999.0
RE1,PWRNGS_CS,2049,99999.0
RE1,PWRNGS_CS,2050,99999.0
RE1,PWRNGS_CS,2051,99999.0
RE1,PWRNGS_CS,2052,99999.0
RE1,PWRNGS_CS,2053,99999.0
RE1,PWRNGS_CS,2054,99999.0
RE1,PWRNGS_CS,2055,99999.0
RE1,PWRNUC,2022,99999.0
RE1,PWRNUC,2023,99999.0
RE1,PWRNUC,2024,99999.0
RE1,PWRNUC,2025,99999.0
RE1,PWRNUC,2026,99999.0
RE1,PWRNUC,2027,99999.0
RE1,PWRNUC,2028,99999.0
RE1,PWRNUC,2029,99999.0
RE1,PWRNUC,2030,99999.0
RE1,PWRNUC,2031,99999.0
RE1,PWRNUC,2032,99999.0
RE1,PWRNUC,2033,99999.0
RE1,PWRNUC,2034,99999.0
RE1,PWRNUC,2035,99999.0
RE1,PWRNUC,2036,99999.0
RE1,PWRNUC,2037,99999.0
RE1,PWRNUC,2038,99999.0
RE1,PWRNUC,2039,99999.0
RE1,PWRNUC,2040,99999.0
RE1,PWRNUC,2041,99999.0
RE1,PWRNUC,2042,99999.0
RE1,PWRNUC,2043,99999.0
RE1,PWRNUC,2044,99999.0
RE1,PWRNUC,2045,99999.0
RE1,PWRNUC,2046,99999.0
RE1,PWRNUC,2047,99999.0
RE1,PWRNUC,2048,99999.0
RE1,PWRNUC,2049,99999.0
RE1,PWRNUC,2050,99999.0
RE1,PWRNUC,2051,99999.0
RE1,PWRNUC,2052,99999.0
RE1,PWRNUC,2053,99999.0
RE1,PWRNUC,2054,99999.0
RE1,PWRNUC,2055,99999.0
RE1,PWRSOLRTP,2022,99999.0
RE1,PWRSOLRTP,2023,99999.0
RE1,PWRSOLRTP,2024,99999.0
RE1,PWRSOLRTP,2025,99999.0
RE1,PWRSOLRTP,2026,99999.0
RE1,PWRSOLRTP,2027,99999.0
RE1,PWRSOLRTP,2028,99999.0
RE1,PWRSOLRTP,2029,99999.0
RE1,PWRSOLRTP,2030,99999.0
RE1,PWRSOLRTP,2031,99999.0
RE1,PWRSOLRTP,2032,99999.0
RE1,PWRSOLRTP,2033,99999.0
RE1,PWRSOLRTP,2034,99999.0
RE1,PWRSOLRTP,2035,99999.0
RE1,PWRSOLRTP,2036,99999.0
RE1,PWRSOLRTP,2037,99999.0
RE1,PWRSOLRTP,2038,99999.0
RE1,PWRSOLRTP,2039,99999.0
RE1,PWRSOLRTP,2040,99999.0
RE1,PWRSOLRTP,2041,99999.0
RE1,PWRSOLRTP,2042,99999.0
RE1,PWRSOLRTP,2043,99999.0
RE1,PWRSOLRTP,2044,99999.0
RE1,PWRSOLRTP,2045,99999.0
RE1,PWRSOLRTP,2046,99999.0
RE1,PWRSOLRTP,2047,99999.0
RE1,PWRSOLRTP,2048,99999.0
RE1,PWRSOLRTP,2049,99999.0
RE1,PWRSOLRTP,2050,99999.0
RE1,PWRSOLRTP,2051,99999.0
RE1,PWRSOLRTP,2052,99999.0
RE1,PWRSOLRTP,2053,99999.0
RE1,PWRSOLRTP,2054,99999.0
RE1,PWRSOLRTP,2055,99999.0
RE1,PWRSOLRTP_ZNI,2022,99999.0
RE1,PWRSOLRTP_ZNI,2023,99999.0
RE1,PWRSOLRTP_ZNI,2024,99999.0
RE1,PWRSOLRTP_ZNI,2025,99999.0
RE1,PWRSOLRTP_ZNI,2026,99999.0
RE1,PWRSOLRTP_ZNI,2027,99999.0
RE1,PWRSOLRTP_ZNI,2028,99999.0
RE1,PWRSOLRTP_ZNI,2029,99999.0
RE1,PWRSOLRTP_ZNI,2030,99999.0
RE1,PWRSOLRTP_ZNI,2031,99999.0
RE1,PWRSOLRTP_ZNI,2032,99999.0
RE1,PWRSOLRTP_ZNI,2033,99999.0
RE1,PWRSOLRTP_ZNI,2034,99999.0
RE1,PWRSOLRTP_ZNI,2035,99999.0
RE1,PWRSOLRTP_ZNI,2036,99999.0
RE1,PWRSOLRTP_ZNI,2037,99999.0
RE1,PWRSOLRTP_ZNI,2038,99999.0
RE1,PWRSOLRTP_ZNI,2039,99999.0
RE1,PWRSOLRTP_ZNI,2040,99999.0
RE1,PWRSOLRTP_ZNI,2041,99999.0
RE1,PWRSOLRTP_ZNI,2042,99999.0
RE1,PWRSOLRTP_ZNI,2043,99999.0
RE1,PWRSOLRTP_ZNI,2044,99999.0
RE1,PWRSOLRTP_ZNI,2045,99999.0
RE1,PWRSOLRTP_ZNI,2046,99999.0
RE1,PWRSOLRTP_ZNI,2047,99999.0
RE1,PWRSOLRTP_ZNI,2048,99999.0
RE1,PWRSOLRTP_ZNI,2049,99999.0
RE1,PWRSOLRTP_ZNI,2050,99999.0
RE1,PWRSOLRTP_ZNI,2051,99999.0
RE1,PWRSOLRTP_ZNI,2052,99999.0
RE1,PWRSOLRTP_ZNI,2053,99999.0
RE1,PWRSOLRTP_ZNI,2054,99999.0
RE1,PWRSOLRTP_ZNI,2055,99999.0
RE1,PWRSOLUGE,2022,99999.0
RE1,PWRSOLUGE,2023,99999.0
RE1,PWRSOLUGE,2024,99999.0
RE1,PWRSOLUGE,2025,99999.0
RE1,PWRSOLUGE,2026,99999.0
RE1,PWRSOLUGE,2027,99999.0
RE1,PWRSOLUGE,2028,99999.0
RE1,PWRSOLUGE,2029,99999.0
RE1,PWRSOLUGE,2030,99999.0
RE1,PWRSOLUGE,2031,99999.0
RE1,PWRSOLUGE,2032,99999.0
RE1,PWRSOLUGE,2033,99999.0
RE1,PWRSOLUGE,2034,99999.0
RE1,PWRSOLUGE,2035,99999.0
RE1,PWRSOLUGE,2036,99999.0
RE1,PWRSOLUGE,2037,99999.0
RE1,PWRSOLUGE,2038,99999.0
RE1,PWRSOLUGE,2039,99999.0
RE1,PWRSOLUGE,2040,99999.0
RE1,PWRSOLUGE,2041,99999.0
RE1,PWRSOLUGE,2042,99999.0
RE1,PWRSOLUGE,2043,99999.0
RE1,PWRSOLUGE,2044,99999.0
RE1,PWRSOLUGE,2045,99999.0
RE1,PWRSOLUGE,2046,99999.0
RE1,PWRSOLUGE,2047,99999.0
RE1,PWRSOLUGE,2048,99999.0
RE1,PWRSOLUGE,2049,99999.0
RE1,PWRSOLUGE,2050,99999.0
RE1,PWRSOLUGE,2051,99999.0
RE1,PWRSOLUGE,2052,99999.0
RE1,PWRSOLUGE,2053,99999.0
RE1,PWRSOLUGE,2054,99999.0
RE1,PWRSOLUGE,2055,99999.0
RE1,PWRSOLUGE_BAT,2022,99999.0
RE1,PWRSOLUGE_BAT,2023,99999.0
RE1,PWRSOLUGE_BAT,2024,99999.0
RE1,PWRSOLUGE_BAT,2025,99999.0
RE1,PWRSOLUGE_BAT,2026,99999.0
RE1,PWRSOLUGE_BAT,2027,99999.0
RE1,PWRSOLUGE_BAT,2028,99999.0
RE1,PWRSOLUGE_BAT,2029,99999.0
RE1,PWRSOLUGE_BAT,2030,99999.0
RE1,PWRSOLUGE_BAT,2031,99999.0
RE1,PWRSOLUGE_BAT,2032,99999.0
RE1,PWRSOLUGE_BAT,2033,99999.0
RE1,PWRSOLUGE_BAT,2034,99999.0
RE1,PWRSOLUGE_BAT,2035,99999.0
RE1,PWRSOLUGE_BAT,2036,99999.0
RE1,PWRSOLUGE_BAT,2037,99999.0
RE1,PWRSOLUGE_BAT,2038,99999.0
RE1,PWRSOLUGE_BAT,2039,99999.0
RE1,PWRSOLUGE_BAT,2040,99999.0
RE1,PWRSOLUGE_BAT,2041,99999.0
RE1,PWRSOLUGE_BAT,2042,99999.0
RE1,PWRSOLUGE_BAT,2043,99999.0
RE1,PWRSOLUGE_BAT,2044,99999.0
RE1,PWRSOLUGE_BAT,2045,99999.0
RE1,PWRSOLUGE_BAT,2046,99999.0
RE1,PWRSOLUGE_BAT,2047,99999.0
RE1,PWRSOLUGE_BAT,2048,99999.0
RE1,PWRSOLUGE_BAT,2049,99999.0
RE1,PWRSOLUGE_BAT,2050,99999.0
RE1,PWRSOLUGE_BAT,2051,99999.0
RE1,PWRSOLUGE_BAT,2052,99999.0
RE1,PWRSOLUGE_BAT,2053,99999.0
RE1,PWRSOLUGE_BAT,2054,99999.0
RE1,PWRSOLUGE_BAT,2055,99999.0
RE1,PWRSOLUPE,2022,99999.0
RE1,PWRSOLUPE,2023,99999.0
RE1,PWRSOLUPE,2024,99999.0
RE1,PWRSOLUPE,2025,99999.0
RE1,PWRSOLUPE,2026,99999.0
RE1,PWRSOLUPE,2027,99999.0
RE1,PWRSOLUPE,2028,99999.0
RE1,PWRSOLUPE,2029,99999.0
RE1,PWRSOLUPE,2030,99999.0
RE1,PWRSOLUPE,2031,99999.0
RE1,PWRSOLUPE,2032,99999.0
RE1,PWRSOLUPE,2033,99999.0
RE1,PWRSOLUPE,2034,99999.0
RE1,PWRSOLUPE,2035,99999.0
RE1,PWRSOLUPE,2036,99999.0
RE1,PWRSOLUPE,2037,99999.0
RE1,PWRSOLUPE,2038,99999.0
RE1,PWRSOLUPE,2039,99999.0
RE1,PWRSOLUPE,2040,99999.0
RE1,PWRSOLUPE,2041,99999.0
RE1,PWRSOLUPE,2042,99999.0
RE1,PWRSOLUPE,2043,99999.0
RE1,PWRSOLUPE,2044,99999.0
RE1,PWRSOLUPE,2045,99999.0
RE1,PWRSOLUPE,2046,99999.0
RE1,PWRSOLUPE,2047,99999.0
RE1,PWRSOLUPE,2048,99999.0
RE1,PWRSOLUPE,2049,99999.0
RE1,PWRSOLUPE,2050,99999.0
RE1,PWRSOLUPE,2051,99999.0
RE1,PWRSOLUPE,2052,99999.0
RE1,PWRSOLUPE,2053,99999.0
RE1,PWRSOLUPE,2054,99999.0
RE1,PWRSOLUPE,2055,99999.0
RE1,PWRSTD,2022,99999.0
RE1,PWRSTD,2023,99999.0
RE1,PWRSTD,2024,99999.0
RE1,PWRSTD,2025,99999.0
RE1,PWRSTD,2026,99999.0
RE1,PWRSTD,2027,99999.0
RE1,PWRSTD,2028,99999.0
RE1,PWRSTD,2029,99999.0
RE1,PWRSTD,2030,99999.0
RE1,PWRSTD,2031,99999.0
RE1,PWRSTD,2032,99999.0
RE1,PWRSTD,2033,99999.0
RE1,PWRSTD,2034,99999.0
RE1,PWRSTD,2035,99999.0
RE1,PWRSTD,2036,99999.0
RE1,PWRSTD,2037,99999.0
RE1,PWRSTD,2038,99999.0
RE1,PWRSTD,2039,99999.0
RE1,PWRSTD,2040,99999.0
RE1,PWRSTD,2041,99999.0
RE1,PWRSTD,2042,99999.0
RE1,PWRSTD,2043,99999.0
RE1,PWRSTD,2044,99999.0
RE1,PWRSTD,2045,99999.0
RE1,PWRSTD,2046,99999.0
RE1,PWRSTD,2047,99999.0
RE1,PWRSTD,2048,99999.0
RE1,PWRSTD,2049,99999.0
RE1,PWRSTD,2050,99999.0
RE1,PWRSTD,2051,99999.0
RE1,PWRSTD,2052,99999.0
RE1,PWRSTD,2053,99999.0
RE1,PWRSTD,2054,99999.0
RE1,PWRSTD,2055,99999.0
RE1,PWRWNDOFS_FIX,2022,99999.0
RE1,PWRWNDOFS_FIX,2023,99999.0
RE1,PWRWNDOFS_FIX,2024,99999.0
RE1,PWRWNDOFS_FIX,2025,99999.0
RE1,PWRWNDOFS_FIX,2026,99999.0
RE1,PWRWNDOFS_FIX,2027,99999.0
RE1,PWRWNDOFS_FIX,2028,99999.0
RE1,PWRWNDOFS_FIX,2029,99999.0
RE1,PWRWNDOFS_FIX,2030,99999.0
RE1,PWRWNDOFS_FIX,2031,99999.0
RE1,PWRWNDOFS_FIX,2032,99999.0
RE1,PWRWNDOFS_FIX,2033,99999.0
RE1,PWRWNDOFS_FIX,2034,99999.0
RE1,PWRWNDOFS_FIX,2035,99999.0
RE1,PWRWNDOFS_FIX,2036,99999.0
RE1,PWRWNDOFS_FIX,2037,99999.0
RE1,PWRWNDOFS_FIX,2038,99999.0
RE1,PWRWNDOFS_FIX,2039,99999.0
RE1,PWRWNDOFS_FIX,2040,99999.0
RE1,PWRWNDOFS_FIX,2041,99999.0
RE1,PWRWNDOFS_FIX,2042,99999.0
RE1,PWRWNDOFS_FIX,2043,99999.0
RE1,PWRWNDOFS_FIX,2044,99999.0
RE1,PWRWNDOFS_FIX,2045,99999.0
RE1,PWRWNDOFS_FIX,2046,99999.0
RE1,PWRWNDOFS_FIX,2047,99999.0
RE1,PWRWNDOFS_FIX,2048,99999.0
RE1,PWRWNDOFS_FIX,2049,99999.0
RE1,PWRWNDOFS_FIX,2050,99999.0
RE1,PWRWNDOFS_FIX,2051,99999.0
RE1,PWRWNDOFS_FIX,2052,99999.0
RE1,PWRWNDOFS_FIX,2053,99999.0
RE1,PWRWNDOFS_FIX,2054,99999.0
RE1,PWRWNDOFS_FIX,2055,99999.0
RE1,PWRWNDOFS_FLO,2022,99999.0
RE1,PWRWNDOFS_FLO,2023,99999.0
RE1,PWRWNDOFS_FLO,2024,99999.0
RE1,PWRWNDOFS_FLO,2025,99999.0
RE1,PWRWNDOFS_FLO,2026,99999.0
RE1,PWRWNDOFS_FLO,2027,99999.0
RE1,PWRWNDOFS_FLO,2028,99999.0
RE1,PWRWNDOFS_FLO,2029,99999.0
RE1,PWRWNDOFS_FLO,2030,99999.0
RE1,PWRWNDOFS_FLO,2031,99999.0
RE1,PWRWNDOFS_FLO,2032,99999.0
RE1,PWRWNDOFS_FLO,2033,99999.0
RE1,PWRWNDOFS_FLO,2034,99999.0
RE1,PWRWNDOFS_FLO,2035,99999.0
RE1,PWRWNDOFS_FLO,2036,99999.0
RE1,PWRWNDOFS_FLO,2037,99999.0
RE1,PWRWNDOFS_FLO,2038,99999.0
RE1,PWRWNDOFS_FLO,2039,99999.0
RE1,PWRWNDOFS_FLO,2040,99999.0
RE1,PWRWNDOFS_FLO,2041,99999.0
RE1,PWRWNDOFS_FLO,2042,99999.0
RE1,PWRWNDOFS_FLO,2043,99999.0
RE1,PWRWNDOFS_FLO,2044,99999.0
RE1,PWRWNDOFS_FLO,2045,99999.0
RE1,PWRWNDOFS_FLO,2046,99999.0
RE1,PWRWNDOFS_FLO,2047,99999.0
RE1,PWRWNDOFS_FLO,2048,99999.0
RE1,PWRWNDOFS_FLO,2049,99999.0
RE1,PWRWNDOFS_FLO,2050,99999.0
RE1,PWRWNDOFS_FLO,2051,99999.0
RE1,PWRWNDOFS_FLO,2052,99999.0
RE1,PWRWNDOFS_FLO,2053,99999.0
RE1,PWRWNDOFS_FLO,2054,99999.0
RE1,PWRWNDOFS_FLO,2055,99999.0
RE1,PWRWNDONS,2022,99999.0
RE1,PWRWNDONS,2023,99999.0
RE1,PWRWNDONS,2024,99999.0
RE1,PWRWNDONS,2025,99999.0
RE1,PWRWNDONS,2026,99999.0
RE1,PWRWNDONS,2027,99999.0
RE1,PWRWNDONS,2028,99999.0
RE1,PWRWNDONS,2029,99999.0
RE1,PWRWNDONS,2030,99999.0
RE1,PWRWNDONS,2031,99999.0
RE1,PWRWNDONS,2032,99999.0
RE1,PWRWNDONS,2033,99999.0
RE1,PWRWNDONS,2034,99999.0
RE1,PWRWNDONS,2035,99999.0
RE1,PWRWNDONS,2036,99999.0
RE1,PWRWNDONS,2037,99999.0
RE1,PWRWNDONS,2038,99999.0
RE1,PWRWNDONS,2039,99999.0
RE1,PWRWNDONS,2040,99999.0
RE1,PWRWNDONS,2041,99999.0
RE1,PWRWNDONS,2042,99999.0
RE1,PWRWNDONS,2043,99999.0
RE1,PWRWNDONS,2044,99999.0
RE1,PWRWNDONS,2045,99999.0
RE1,PWRWNDONS,2046,99999.0
RE1,PWRWNDONS,2047,99999.0
RE1,PWRWNDONS,2048,99999.0
RE1,PWRWNDONS,2049,99999.0
RE1,PWRWNDONS,2050,99999.0
RE1,PWRWNDONS,2051,99999.0
RE1,PWRWNDONS,2052,99999.0
RE1,PWRWNDONS,2053,99999.0
RE1,PWRWNDONS,2054,99999.0
RE1,PWRWNDONS,2055,99999.0
RE1,UPSALK,2022,99999.0
RE1,UPSALK,2023,99999.0
RE1,UPSALK,2024,99999.0
RE1,UPSALK,2025,99999.0
RE1,UPSALK,2026,99999.0
RE1,UPSALK,2027,99999.0
RE1,UPSALK,2028,99999.0
RE1,UPSALK,2029,99999.0
RE1,UPSALK,2030,99999.0
RE1,UPSALK,2031,99999.0
RE1,UPSALK,2032,99999.0
RE1,UPSALK,2033,99999.0
RE1,UPSALK,2034,99999.0
RE1,UPSALK,2035,99999.0
RE1,UPSALK,2036,99999.0
RE1,UPSALK,2037,99999.0
RE1,UPSALK,2038,99999.0
RE1,UPSALK,2039,99999.0
RE1,UPSALK,2040,99999.0
RE1,UPSALK,2041,99999.0
RE1,UPSALK,2042,99999.0
RE1,UPSALK,2043,99999.0
RE1,UPSALK,2044,99999.0
RE1,UPSALK,2045,99999.0
RE1,UPSALK,2046,99999.0
RE1,UPSALK,2047,99999.0
RE1,UPSALK,2048,99999.0
RE1,UPSALK,2049,99999.0
RE1,UPSALK,2050,99999.0
RE1,UPSALK,2051,99999.0
RE1,UPSALK,2052,99999.0
RE1,UPSALK,2053,99999.0
RE1,UPSALK,2054,3.120101473591988
RE1,UPSALK,2055,3.120101473591988
RE1,UPSBDB,2022,99999.0
RE1,UPSBDB,2023,99999.0
RE1,UPSBDB,2024,99999.0
RE1,UPSBDB,2025,99999.0
RE1,UPSBDB,2026,99999.0
RE1,UPSBDB,2027,99999.0
RE1,UPSBDB,2028,99999.0
RE1,UPSBDB,2029,99999.0
RE1,UPSBDB,2030,99999.0
RE1,UPSBDB,2031,99999.0
RE1,UPSBDB,2032,99999.0
RE1,UPSBDB,2033,99999.0
RE1,UPSBDB,2034,99999.0
RE1,UPSBDB,2035,99999.0
RE1,UPSBDB,2036,99999.0
RE1,UPSBDB,2037,99999.0
RE1,UPSBDB,2038,99999.0
RE1,UPSBDB,2039,99999.0
RE1,UPSBDB,2040,99999.0
RE1,UPSBDB,2041,99999.0
RE1,UPSBDB,2042,99999.0
RE1,UPSBDB,2043,99999.0
RE1,UPSBDB,2044,99999.0
RE1,UPSBDB,2045,99999.0
RE1,UPSBDB,2046,99999.0
RE1,UPSBDB,2047,99999.0
RE1,UPSBDB,2048,99999.0
RE1,UPSBDB,2049,99999.0
RE1,UPSBDB,2050,99999.0
RE1,UPSBDB,2051,99999.0
RE1,UPSBDB,2052,99999.0
RE1,UPSBDB,2053,99999.0
RE1,UPSBDB,2054,99999.0
RE1,UPSBDB,2055,99999.0
RE1,UPSBDL,2022,99999.0
RE1,UPSBDL,2023,99999.0
RE1,UPSBDL,2024,99999.0
RE1,UPSBDL,2025,99999.0
RE1,UPSBDL,2026,99999.0
RE1,UPSBDL,2027,99999.0
RE1,UPSBDL,2028,99999.0
RE1,UPSBDL,2029,99999.0
RE1,UPSBDL,2030,99999.0
RE1,UPSBDL,2031,99999.0
RE1,UPSBDL,2032,99999.0
RE1,UPSBDL,2033,99999.0
RE1,UPSBDL,2034,99999.0
RE1,UPSBDL,2035,99999.0
RE1,UPSBDL,2036,99999.0
RE1,UPSBDL,2037,99999.0
RE1,UPSBDL,2038,99999.0
RE1,UPSBDL,2039,99999.0
RE1,UPSBDL,2040,99999.0
RE1,UPSBDL,2041,99999.0
RE1,UPSBDL,2042,99999.0
RE1,UPSBDL,2043,99999.0
RE1,UPSBDL,2044,99999.0
RE1,UPSBDL,2045,99999.0
RE1,UPSBDL,2046,99999.0
RE1,UPSBDL,2047,99999.0
RE1,UPSBDL,2048,99999.0
RE1,UPSBDL,2049,99999.0
RE1,UPSBDL,2050,99999.0
RE1,UPSBDL,2051,99999.0
RE1,UPSBDL,2052,99999.0
RE1,UPSBDL,2053,99999.0
RE1,UPSBDL,2054,99999.0
RE1,UPSBDL,2055,99999.0
RE1,UPSBET,2022,99999.0
RE1,UPSBET,2023,99999.0
RE1,UPSBET,2024,99999.0
RE1,UPSBET,2025,99999.0
RE1,UPSBET,2026,99999.0
RE1,UPSBET,2027,99999.0
RE1,UPSBET,2028,99999.0
RE1,UPSBET,2029,99999.0
RE1,UPSBET,2030,99999.0
RE1,UPSBET,2031,99999.0
RE1,UPSBET,2032,99999.0
RE1,UPSBET,2033,99999.0
RE1,UPSBET,2034,99999.0
RE1,UPSBET,2035,99999.0
RE1,UPSBET,2036,99999.0
RE1,UPSBET,2037,99999.0
RE1,UPSBET,2038,99999.0
RE1,UPSBET,2039,99999.0
RE1,UPSBET,2040,99999.0
RE1,UPSBET,2041,99999.0
RE1,UPSBET,2042,99999.0
RE1,UPSBET,2043,99999.0
RE1,UPSBET,2044,99999.0
RE1,UPSBET,2045,99999.0
RE1,UPSBET,2046,99999.0
RE1,UPSBET,2047,99999.0
RE1,UPSBET,2048,99999.0
RE1,UPSBET,2049,99999.0
RE1,UPSBET,2050,99999.0
RE1,UPSBET,2051,99999.0
RE1,UPSBET,2052,99999.0
RE1,UPSBET,2053,99999.0
RE1,UPSBET,2054,99999.0
RE1,UPSBET,2055,99999.0
RE1,UPSBGB,2022,99999.0
RE1,UPSBGB,2023,99999.0
RE1,UPSBGB,2024,99999.0
RE1,UPSBGB,2025,99999.0
RE1,UPSBGB,2026,99999.0
RE1,UPSBGB,2027,99999.0
RE1,UPSBGB,2028,99999.0
RE1,UPSBGB,2029,99999.0
RE1,UPSBGB,2030,99999.0
RE1,UPSBGB,2031,99999.0
RE1,UPSBGB,2032,99999.0
RE1,UPSBGB,2033,99999.0
RE1,UPSBGB,2034,99999.0
RE1,UPSBGB,2035,99999.0
RE1,UPSBGB,2036,99999.0
RE1,UPSBGB,2037,99999.0
RE1,UPSBGB,2038,99999.0
RE1,UPSBGB,2039,99999.0
RE1,UPSBGB,2040,99999.0
RE1,UPSBGB,2041,99999.0
RE1,UPSBGB,2042,99999.0
RE1,UPSBGB,2043,99999.0
RE1,UPSBGB,2044,99999.0
RE1,UPSBGB,2045,99999.0
RE1,UPSBGB,2046,99999.0
RE1,UPSBGB,2047,99999.0
RE1,UPSBGB,2048,99999.0
RE1,UPSBGB,2049,99999.0
RE1,UPSBGB,2050,99999.0
RE1,UPSBGB,2051,99999.0
RE1,UPSBGB,2052,99999.0
RE1,UPSBGB,2053,99999.0
RE1,UPSBGB,2054,99999.0
RE1,UPSBGB,2055,99999.0
RE1,UPSBGS,2022,99999.0
RE1,UPSBGS,2023,99999.0
RE1,UPSBGS,2024,99999.0
RE1,UPSBGS,2025,99999.0
RE1,UPSBGS,2026,99999.0
RE1,UPSBGS,2027,99999.0
RE1,UPSBGS,2028,99999.0
RE1,UPSBGS,2029,99999.0
RE1,UPSBGS,2030,99999.0
RE1,UPSBGS,2031,99999.0
RE1,UPSBGS,2032,99999.0
RE1,UPSBGS,2033,99999.0
RE1,UPSBGS,2034,99999.0
RE1,UPSBGS,2035,99999.0
RE1,UPSBGS,2036,99999.0
RE1,UPSBGS,2037,99999.0
RE1,UPSBGS,2038,99999.0
RE1,UPSBGS,2039,99999.0
RE1,UPSBGS,2040,99999.0
RE1,UPSBGS,2041,99999.0
RE1,UPSBGS,2042,99999.0
RE1,UPSBGS,2043,99999.0
RE1,UPSBGS,2044,99999.0
RE1,UPSBGS,2045,99999.0
RE1,UPSBGS,2046,99999.0
RE1,UPSBGS,2047,99999.0
RE1,UPSBGS,2048,99999.0
RE1,UPSBGS,2049,99999.0
RE1,UPSBGS,2050,99999.0
RE1,UPSBGS,2051,99999.0
RE1,UPSBGS,2052,99999.0
RE1,UPSBGS,2053,99999.0
RE1,UPSBGS,2054,99999.0
RE1,UPSBGS,2055,99999.0
RE1,UPSBJS,2022,99999.0
RE1,UPSBJS,2023,99999.0
RE1,UPSBJS,2024,99999.0
RE1,UPSBJS,2025,99999.0
RE1,UPSBJS,2026,99999.0
RE1,UPSBJS,2027,99999.0
RE1,UPSBJS,2028,99999.0
RE1,UPSBJS,2029,99999.0
RE1,UPSBJS,2030,99999.0
RE1,UPSBJS,2031,99999.0
RE1,UPSBJS,2032,99999.0
RE1,UPSBJS,2033,99999.0
RE1,UPSBJS,2034,99999.0
RE1,UPSBJS,2035,99999.0
RE1,UPSBJS,2036,99999.0
RE1,UPSBJS,2037,99999.0
RE1,UPSBJS,2038,99999.0
RE1,UPSBJS,2039,99999.0
RE1,UPSBJS,2040,99999.0
RE1,UPSBJS,2041,99999.0
RE1,UPSBJS,2042,99999.0
RE1,UPSBJS,2043,99999.0
RE1,UPSBJS,2044,99999.0
RE1,UPSBJS,2045,99999.0
RE1,UPSBJS,2046,99999.0
RE1,UPSBJS,2047,99999.0
RE1,UPSBJS,2048,99999.0
RE1,UPSBJS,2049,99999.0
RE1,UPSBJS,2050,99999.0
RE1,UPSBJS,2051,99999.0
RE1,UPSBJS,2052,99999.0
RE1,UPSBJS,2053,99999.0
RE1,UPSBJS,2054,99999.0
RE1,UPSBJS,2055,99999.0
RE1,UPSBMET,2022,99999.0
RE1,UPSBMET,2023,99999.0
RE1,UPSBMET,2024,99999.0
RE1,UPSBMET,2025,99999.0
RE1,UPSBMET,2026,99999.0
RE1,UPSBMET,2027,99999.0
RE1,UPSBMET,2028,99999.0
RE1,UPSBMET,2029,99999.0
RE1,UPSBMET,2030,99999.0
RE1,UPSBMET,2031,99999.0
RE1,UPSBMET,2032,99999.0
RE1,UPSBMET,2033,99999.0
RE1,UPSBMET,2034,99999.0
RE1,UPSBMET,2035,99999.0
RE1,UPSBMET,2036,99999.0
RE1,UPSBMET,2037,99999.0
RE1,UPSBMET,2038,99999.0
RE1,UPSBMET,2039,99999.0
RE1,UPSBMET,2040,99999.0
RE1,UPSBMET,2041,99999.0
RE1,UPSBMET,2042,99999.0
RE1,UPSBMET,2043,99999.0
RE1,UPSBMET,2044,99999.0
RE1,UPSBMET,2045,99999.0
RE1,UPSBMET,2046,99999.0
RE1,UPSBMET,2047,99999.0
RE1,UPSBMET,2048,99999.0
RE1,UPSBMET,2049,99999.0
RE1,UPSBMET,2050,99999.0
RE1,UPSBMET,2051,99999.0
RE1,UPSBMET,2052,99999.0
RE1,UPSBMET,2053,99999.0
RE1,UPSBMET,2054,99999.0
RE1,UPSBMET,2055,99999.0
RE1,UPSBMETL,2022,99999.0
RE1,UPSBMETL,2023,99999.0
RE1,UPSBMETL,2024,99999.0
RE1,UPSBMETL,2025,99999.0
RE1,UPSBMETL,2026,99999.0
RE1,UPSBMETL,2027,99999.0
RE1,UPSBMETL,2028,99999.0
RE1,UPSBMETL,2029,99999.0
RE1,UPSBMETL,2030,99999.0
RE1,UPSBMETL,2031,99999.0
RE1,UPSBMETL,2032,99999.0
RE1,UPSBMETL,2033,99999.0
RE1,UPSBMETL,2034,99999.0
RE1,UPSBMETL,2035,99999.0
RE1,UPSBMETL,2036,99999.0
RE1,UPSBMETL,2037,99999.0
RE1,UPSBMETL,2038,99999.0
RE1,UPSBMETL,2039,99999.0
RE1,UPSBMETL,2040,99999.0
RE1,UPSBMETL,2041,99999.0
RE1,UPSBMETL,2042,99999.0
RE1,UPSBMETL,2043,99999.0
RE1,UPSBMETL,2044,99999.0
RE1,UPSBMETL,2045,99999.0
RE1,UPSBMETL,2046,99999.0
RE1,UPSBMETL,2047,99999.0
RE1,UPSBMETL,2048,99999.0
RE1,UPSBMETL,2049,99999.0
RE1,UPSBMETL,2050,99999.0
RE1,UPSBMETL,2051,99999.0
RE1,UPSBMETL,2052,99999.0
RE1,UPSBMETL,2053,99999.0
RE1,UPSBMETL,2054,99999.0
RE1,UPSBMETL,2055,99999.0
RE1,UPSEVC,2022,99999.0
RE1,UPSEVC,2023,99999.0
RE1,UPSEVC,2024,99999.0
RE1,UPSEVC,2025,99999.0
RE1,UPSEVC,2026,99999.0
RE1,UPSEVC,2027,99999.0
RE1,UPSEVC,2028,99999.0
RE1,UPSEVC,2029,99999.0
RE1,UPSEVC,2030,99999.0
RE1,UPSEVC,2031,99999.0
RE1,UPSEVC,2032,99999.0
RE1,UPSEVC,2033,99999.0
RE1,UPSEVC,2034,99999.0
RE1,UPSEVC,2035,99999.0
RE1,UPSEVC,2036,99999.0
RE1,UPSEVC,2037,99999.0
RE1,UPSEVC,2038,99999.0
RE1,UPSEVC,2039,99999.0
RE1,UPSEVC,2040,99999.0
RE1,UPSEVC,2041,99999.0
RE1,UPSEVC,2042,99999.0
RE1,UPSEVC,2043,99999.0
RE1,UPSEVC,2044,99999.0
RE1,UPSEVC,2045,99999.0
RE1,UPSEVC,2046,99999.0
RE1,UPSEVC,2047,99999.0
RE1,UPSEVC,2048,99999.0
RE1,UPSEVC,2049,99999.0
RE1,UPSEVC,2050,99999.0
RE1,UPSEVC,2051,99999.0
RE1,UPSEVC,2052,99999.0
RE1,UPSEVC,2053,99999.0
RE1,UPSEVC,2054,99999.0
RE1,UPSEVC,2055,99999.0
RE1,UPSEV_FC,2022,99999.0
RE1,UPSEV_FC,2023,99999.0
RE1,UPSEV_FC,2024,99999.0
RE1,UPSEV_FC,2025,99999.0
RE1,UPSEV_FC,2026,99999.0
RE1,UPSEV_FC,2027,99999.0
RE1,UPSEV_FC,2028,99999.0
RE1,UPSEV_FC,2029,99999.0
RE1,UPSEV_FC,2030,99999.0
RE1,UPSEV_FC,2031,99999.0
RE1,UPSEV_FC,2032,99999.0
RE1,UPSEV_FC,2033,99999.0
RE1,UPSEV_FC,2034,99999.0
RE1,UPSEV_FC,2035,99999.0
RE1,UPSEV_FC,2036,99999.0
RE1,UPSEV_FC,2037,99999.0
RE1,UPSEV_FC,2038,99999.0
RE1,UPSEV_FC,2039,99999.0
RE1,UPSEV_FC,2040,99999.0
RE1,UPSEV_FC,2041,99999.0
RE1,UPSEV_FC,2042,99999.0
RE1,UPSEV_FC,2043,99999.0
RE1,UPSEV_FC,2044,99999.0
RE1,UPSEV_FC,2045,99999.0
RE1,UPSEV_FC,2046,99999.0
RE1,UPSEV_FC,2047,99999.0
RE1,UPSEV_FC,2048,99999.0
RE1,UPSEV_FC,2049,99999.0
RE1,UPSEV_FC,2050,99999.0
RE1,UPSEV_FC,2051,99999.0
RE1,UPSEV_FC,2052,99999.0
RE1,UPSEV_FC,2053,99999.0
RE1,UPSEV_FC,2054,99999.0
RE1,UPSEV_FC,2055,99999.0
RE1,UPSHDGRST,2022,99999.0
RE1,UPSHDGRST,2023,99999.0
RE1,UPSHDGRST,2024,99999.0
RE1,UPSHDGRST,2025,99999.0
RE1,UPSHDGRST,2026,99999.0
RE1,UPSHDGRST,2027,99999.0
RE1,UPSHDGRST,2028,99999.0
RE1,UPSHDGRST,2029,99999.0
RE1,UPSHDGRST,2030,99999.0
RE1,UPSHDGRST,2031,99999.0
RE1,UPSHDGRST,2032,99999.0
RE1,UPSHDGRST,2033,99999.0
RE1,UPSHDGRST,2034,99999.0
RE1,UPSHDGRST,2035,99999.0
RE1,UPSHDGRST,2036,99999.0
RE1,UPSHDGRST,2037,99999.0
RE1,UPSHDGRST,2038,99999.0
RE1,UPSHDGRST,2039,99999.0
RE1,UPSHDGRST,2040,99999.0
RE1,UPSHDGRST,2041,99999.0
RE1,UPSHDGRST,2042,99999.0
RE1,UPSHDGRST,2043,99999.0
RE1,UPSHDGRST,2044,99999.0
RE1,UPSHDGRST,2045,99999.0
RE1,UPSHDGRST,2046,99999.0
RE1,UPSHDGRST,2047,99999.0
RE1,UPSHDGRST,2048,99999.0
RE1,UPSHDGRST,2049,99999.0
RE1,UPSHDGRST,2050,99999.0
RE1,UPSHDGRST,2051,99999.0
RE1,UPSHDGRST,2052,99999.0
RE1,UPSHDGRST,2053,99999.0
RE1,UPSHDGRST,2054,99999.0
RE1,UPSHDGRST,2055,99999.0
RE1,UPSPEM,2022,99999.0
RE1,UPSPEM,2023,99999.0
RE1,UPSPEM,2024,99999.0
RE1,UPSPEM,2025,99999.0
RE1,UPSPEM,2026,99999.0
RE1,UPSPEM,2027,99999.0
RE1,UPSPEM,2028,99999.0
RE1,UPSPEM,2029,99999.0
RE1,UPSPEM,2030,99999.0
RE1,UPSPEM,2031,99999.0
RE1,UPSPEM,2032,99999.0
RE1,UPSPEM,2033,99999.0
RE1,UPSPEM,2034,99999.0
RE1,UPSPEM,2035,99999.0
RE1,UPSPEM,2036,99999.0
RE1,UPSPEM,2037,99999.0
RE1,UPSPEM,2038,99999.0
RE1,UPSPEM,2039,99999.0
RE1,UPSPEM,2040,99999.0
RE1,UPSPEM,2041,99999.0
RE1,UPSPEM,2042,99999.0
RE1,UPSPEM,2043,99999.0
RE1,UPSPEM,2044,99999.0
RE1,UPSPEM,2045,99999.0
RE1,UPSPEM,2046,99999.0
RE1,UPSPEM,2047,99999.0
RE1,UPSPEM,2048,99999.0
RE1,UPSPEM,2049,99999.0
RE1,UPSPEM,2050,99999.0
RE1,UPSPEM,2051,99999.0
RE1,UPSPEM,2052,99999.0
RE1,UPSPEM,2053,99999.0
RE1,UPSPEM,2054,4.680152210387981
RE1,UPSPEM,2055,4.680152210387981
RE1,UPSREF_BAR,2022,99999.0
RE1,UPSREF_BAR,2023,99999.0
RE1,UPSREF_BAR,2024,99999.0
RE1,UPSREF_BAR,2025,99999.0
RE1,UPSREF_BAR,2026,99999.0
RE1,UPSREF_BAR,2027,99999.0
RE1,UPSREF_BAR,2028,99999.0
RE1,UPSREF_BAR,2029,99999.0
RE1,UPSREF_BAR,2030,99999.0
RE1,UPSREF_BAR,2031,99999.0
RE1,UPSREF_BAR,2032,99999.0
RE1,UPSREF_BAR,2033,99999.0
RE1,UPSREF_BAR,2034,99999.0
RE1,UPSREF_BAR,2035,99999.0
RE1,UPSREF_BAR,2036,99999.0
RE1,UPSREF_BAR,2037,99999.0
RE1,UPSREF_BAR,2038,99999.0
RE1,UPSREF_BAR,2039,99999.0
RE1,UPSREF_BAR,2040,99999.0
RE1,UPSREF_BAR,2041,99999.0
RE1,UPSREF_BAR,2042,99999.0
RE1,UPSREF_BAR,2043,99999.0
RE1,UPSREF_BAR,2044,99999.0
RE1,UPSREF_BAR,2045,99999.0
RE1,UPSREF_BAR,2046,99999.0
RE1,UPSREF_BAR,2047,99999.0
RE1,UPSREF_BAR,2048,99999.0
RE1,UPSREF_BAR,2049,99999.0
RE1,UPSREF_BAR,2050,99999.0
RE1,UPSREF_BAR,2051,99999.0
RE1,UPSREF_BAR,2052,99999.0
RE1,UPSREF_BAR,2053,99999.0
RE1,UPSREF_BAR,2054,99999.0
RE1,UPSREF_BAR,2055,99999.0
RE1,UPSREF_CAR,2022,99999.0
RE1,UPSREF_CAR,2023,99999.0
RE1,UPSREF_CAR,2024,99999.0
RE1,UPSREF_CAR,2025,99999.0
RE1,UPSREF_CAR,2026,99999.0
RE1,UPSREF_CAR,2027,99999.0
RE1,UPSREF_CAR,2028,99999.0
RE1,UPSREF_CAR,2029,99999.0
RE1,UPSREF_CAR,2030,99999.0
RE1,UPSREF_CAR,2031,99999.0
RE1,UPSREF_CAR,2032,99999.0
RE1,UPSREF_CAR,2033,99999.0
RE1,UPSREF_CAR,2034,99999.0
RE1,UPSREF_CAR,2035,99999.0
RE1,UPSREF_CAR,2036,99999.0
RE1,UPSREF_CAR,2037,99999.0
RE1,UPSREF_CAR,2038,99999.0
RE1,UPSREF_CAR,2039,99999.0
RE1,UPSREF_CAR,2040,99999.0
RE1,UPSREF_CAR,2041,99999.0
RE1,UPSREF_CAR,2042,99999.0
RE1,UPSREF_CAR,2043,99999.0
RE1,UPSREF_CAR,2044,99999.0
RE1,UPSREF_CAR,2045,99999.0
RE1,UPSREF_CAR,2046,99999.0
RE1,UPSREF_CAR,2047,99999.0
RE1,UPSREF_CAR,2048,99999.0
RE1,UPSREF_CAR,2049,99999.0
RE1,UPSREF_CAR,2050,99999.0
RE1,UPSREF_CAR,2051,99999.0
RE1,UPSREF_CAR,2052,99999.0
RE1,UPSREF_CAR,2053,99999.0
RE1,UPSREF_CAR,2054,99999.0
RE1,UPSREF_CAR,2055,99999.0
RE1,UPSREG,2022,1.237
RE1,UPSREG,2023,32.75
RE1,UPSREG,2024,87.04
RE1,UPSREG,2025,99999.0
RE1,UPSREG,2026,99999.0
RE1,UPSREG,2027,99999.0
RE1,UPSREG,2028,99999.0
RE1,UPSREG,2029,99999.0
RE1,UPSREG,2030,99999.0
RE1,UPSREG,2031,99999.0
RE1,UPSREG,2032,99999.0
RE1,UPSREG,2033,99999.0
RE1,UPSREG,2034,99999.0
RE1,UPSREG,2035,99999.0
RE1,UPSREG,2036,99999.0
RE1,UPSREG,2037,99999.0
RE1,UPSREG,2038,99999.0
RE1,UPSREG,2039,99999.0
RE1,UPSREG,2040,99999.0
RE1,UPSREG,2041,99999.0
RE1,UPSREG,2042,99999.0
RE1,UPSREG,2043,99999.0
RE1,UPSREG,2044,99999.0
RE1,UPSREG,2045,99999.0
RE1,UPSREG,2046,99999.0
RE1,UPSREG,2047,99999.0
RE1,UPSREG,2048,99999.0
RE1,UPSREG,2049,99999.0
RE1,UPSREG,2050,99999.0
RE1,UPSREG,2051,99999.0
RE1,UPSREG,2052,99999.0
RE1,UPSREG,2053,99999.0
RE1,UPSREG,2054,99999.0
RE1,UPSREG,2055,99999.0
RE1,UPSSAF,2022,99999.0
RE1,UPSSAF,2023,99999.0
RE1,UPSSAF,2024,99999.0
RE1,UPSSAF,2025,99999.0
RE1,UPSSAF,2026,99999.0
RE1,UPSSAF,2027,99999.0
RE1,UPSSAF,2028,99999.0
RE1,UPSSAF,2029,99999.0
RE1,UPSSAF,2030,99999.0
RE1,UPSSAF,2031,99999.0
RE1,UPSSAF,2032,99999.0
RE1,UPSSAF,2033,99999.0
RE1,UPSSAF,2034,99999.0
RE1,UPSSAF,2035,99999.0
RE1,UPSSAF,2036,99999.0
RE1,UPSSAF,2037,99999.0
RE1,UPSSAF,2038,99999.0
RE1,UPSSAF,2039,99999.0
RE1,UPSSAF,2040,99999.0
RE1,UPSSAF,2041,99999.0
RE1,UPSSAF,2042,99999.0
RE1,UPSSAF,2043,99999.0
RE1,UPSSAF,2044,99999.0
RE1,UPSSAF,2045,99999.0
RE1,UPSSAF,2046,99999.0
RE1,UPSSAF,2047,99999.0
RE1,UPSSAF,2048,99999.0
RE1,UPSSAF,2049,99999.0
RE1,UPSSAF,2050,99999.0
RE1,UPSSAF,2051,99999.0
RE1,UPSSAF,2052,99999.0
RE1,UPSSAF,2053,99999.0
RE1,UPSSAF,2054,99999.0
RE1,UPSSAF,2055,99999.0
RE1,UPSSMR,2022,99999.0
RE1,UPSSMR,2023,99999.0
RE1,UPSSMR,2024,99999.0
RE1,UPSSMR,2025,99999.0
RE1,UPSSMR,2026,99999.0
RE1,UPSSMR,2027,99999.0
RE1,UPSSMR,2028,99999.0
RE1,UPSSMR,2029,99999.0
RE1,UPSSMR,2030,99999.0
RE1,UPSSMR,2031,99999.0
RE1,UPSSMR,2032,99999.0
RE1,UPSSMR,2033,99999.0
RE1,UPSSMR,2034,99999.0
RE1,UPSSMR,2035,99999.0
RE1,UPSSMR,2036,99999.0
RE1,UPSSMR,2037,99999.0
RE1,UPSSMR,2038,99999.0
RE1,UPSSMR,2039,99999.0
RE1,UPSSMR,2040,99999.0
RE1,UPSSMR,2041,99999.0
RE1,UPSSMR,2042,99999.0
RE1,UPSSMR,2043,99999.0
RE1,UPSSMR,2044,99999.0
RE1,UPSSMR,2045,99999.0
RE1,UPSSMR,2046,99999.0
RE1,UPSSMR,2047,99999.0
RE1,UPSSMR,2048,99999.0
RE1,UPSSMR,2049,99999.0
RE1,UPSSMR,2050,99999.0
RE1,UPSSMR,2051,99999.0
RE1,UPSSMR,2052,99999.0
RE1,UPSSMR,2053,99999.0
RE1,UPSSMR,2054,99999.0
RE1,UPSSMR,2055,99999.0
RE1,UPSSMRCCS,2022,1.5612
RE1,UPSSMRCCS,2023,1.584
RE1,UPSSMRCCS,2024,1.584
RE1,UPSSMRCCS,2025,1.584
RE1,UPSSMRCCS,2026,1.584
RE1,UPSSMRCCS,2027,1.584
RE1,UPSSMRCCS,2028,1.584
RE1,UPSSMRCCS,2029,1.584
RE1,UPSSMRCCS,2030,1.584
RE1,UPSSMRCCS,2031,1.584
RE1,UPSSMRCCS,2032,1.584
RE1,UPSSMRCCS,2033,1.584
RE1,UPSSMRCCS,2034,1.584
RE1,UPSSMRCCS,2035,1.584
RE1,UPSSMRCCS,2036,1.584
RE1,UPSSMRCCS,2037,1.584
RE1,UPSSMRCCS,2038,1.584
RE1,UPSSMRCCS,2039,1.584
RE1,UPSSMRCCS,2040,1.584
RE1,UPSSMRCCS,2041,1.584
RE1,UPSSMRCCS,2042,1.584
RE1,UPSSMRCCS,2043,1.584
RE1,UPSSMRCCS,2044,1.584
RE1,UPSSMRCCS,2045,1.584
RE1,UPSSMRCCS,2046,1.584
RE1,UPSSMRCCS,2047,1.584
RE1,UPSSMRCCS,2048,1.584
RE1,UPSSMRCCS,2049,1.584
RE1,UPSSMRCCS,2050,1.584
RE1,UPSSMRCCS,2051,1.584
RE1,UPSSMRCCS,2052,1.584
RE1,UPSSMRCCS,2053,1.584
RE1,UPSSMRCCS,2054,1.584
RE1,UPSSMRCCS,2055,1.584
